solid ASCII
  facet normal 1.000000e+00 1.440467e-14 8.971218e-16
    outer loop
      vertex   7.532979e+01 7.178800e+00 -1.170057e+01
      vertex   7.532979e+01 9.094507e+01 6.894769e+01
      vertex   7.532979e+01 8.890486e+01 7.002549e+01
    endloop
  endfacet
  facet normal 1.000000e+00 9.911845e-15 -7.607610e-15
    outer loop
      vertex   7.532979e+01 8.890486e+01 7.002549e+01
      vertex   7.532979e+01 9.094507e+01 6.894769e+01
      vertex   7.532979e+01 9.118337e+01 6.925817e+01
    endloop
  endfacet
  facet normal 1.000000e+00 1.094607e-14 -4.536534e-15
    outer loop
      vertex   7.532979e+01 8.890486e+01 7.002549e+01
      vertex   7.532979e+01 9.118337e+01 6.925817e+01
      vertex   7.532979e+01 9.133315e+01 6.961958e+01
    endloop
  endfacet
  facet normal 1.000000e+00 5.206147e-15 1.045128e-14
    outer loop
      vertex   7.532979e+01 9.094507e+01 6.894769e+01
      vertex   7.532979e+01 7.178800e+00 -1.170057e+01
      vertex   7.532979e+01 9.260059e+00 -1.273732e+01
    endloop
  endfacet
  facet normal 1.000000e+00 3.847935e-15 7.724685e-15
    outer loop
      vertex   7.532979e+01 9.260059e+00 -1.273732e+01
      vertex   7.532979e+01 7.178800e+00 -1.170057e+01
      vertex   7.532979e+01 7.084840e+00 -1.349344e+01
    endloop
  endfacet
  facet normal 1.000000e+00 6.654292e-15 -3.487367e-16
    outer loop
      vertex   7.532979e+01 9.260059e+00 -1.273732e+01
      vertex   7.532979e+01 7.084840e+00 -1.349344e+01
      vertex   7.532979e+01 9.177873e+00 -1.430552e+01
    endloop
  endfacet
  facet normal 1.000000e+00 -7.032404e-15 -3.562440e-14
    outer loop
      vertex   7.532979e+01 9.177873e+00 -1.430552e+01
      vertex   7.532979e+01 7.084840e+00 -1.349344e+01
      vertex   7.532979e+01 9.106597e+00 -1.469036e+01
    endloop
  endfacet
  facet normal 1.000000e+00 1.096360e-14 -5.226721e-15
    outer loop
      vertex   7.532979e+01 9.106597e+00 -1.469036e+01
      vertex   7.532979e+01 7.084840e+00 -1.349344e+01
      vertex   7.532979e+01 8.938244e+00 -1.504349e+01
    endloop
  endfacet
  facet normal 1.000000e+00 1.241841e-14 -3.487204e-15
    outer loop
      vertex   7.532979e+01 8.938244e+00 -1.504349e+01
      vertex   7.532979e+01 7.084840e+00 -1.349344e+01
      vertex   7.532979e+01 7.602925e+00 -1.572361e+01
    endloop
  endfacet
  facet normal 1.000000e+00 1.883352e-14 -1.608250e-14
    outer loop
      vertex   7.532979e+01 8.938244e+00 -1.504349e+01
      vertex   7.532979e+01 7.602925e+00 -1.572361e+01
      vertex   7.532979e+01 8.684258e+00 -1.534093e+01
    endloop
  endfacet
  facet normal 1.000000e+00 2.709799e-14 -3.943522e-14
    outer loop
      vertex   7.532979e+01 8.684258e+00 -1.534093e+01
      vertex   7.532979e+01 7.602925e+00 -1.572361e+01
      vertex   7.532979e+01 8.361907e+00 -1.556243e+01
    endloop
  endfacet
  facet normal 1.000000e+00 -1.099698e-14 1.399544e-13
    outer loop
      vertex   7.532979e+01 8.361907e+00 -1.556243e+01
      vertex   7.532979e+01 7.602925e+00 -1.572361e+01
      vertex   7.532979e+01 7.993105e+00 -1.569295e+01
    endloop
  endfacet
  facet normal 1.000000e+00 1.107434e-14 -3.799442e-15
    outer loop
      vertex   7.532979e+01 7.602925e+00 -1.572361e+01
      vertex   7.532979e+01 7.084840e+00 -1.349344e+01
      vertex   7.532979e+01 -1.587908e+02 -7.003282e+00
    endloop
  endfacet
  facet normal 1.000000e+00 1.132040e-14 2.489450e-15
    outer loop
      vertex   7.532979e+01 -1.587908e+02 -7.003282e+00
      vertex   7.532979e+01 7.084840e+00 -1.349344e+01
      vertex   7.532979e+01 -1.580109e+02 -4.841134e+00
    endloop
  endfacet
  facet normal 1.000000e+00 1.467693e-14 1.278798e-15
    outer loop
      vertex   7.532979e+01 -1.587908e+02 -7.003282e+00
      vertex   7.532979e+01 -1.580109e+02 -4.841134e+00
      vertex   7.532979e+01 -1.597995e+02 -6.538453e+00
    endloop
  endfacet
  facet normal 1.000000e+00 9.371041e-15 6.870039e-15
    outer loop
      vertex   7.532979e+01 -1.597995e+02 -6.538453e+00
      vertex   7.532979e+01 -1.580109e+02 -4.841134e+00
      vertex   7.532979e+01 -1.600231e+02 -6.233471e+00
    endloop
  endfacet
  facet normal 1.000000e+00 1.107023e-14 4.414385e-15
    outer loop
      vertex   7.532979e+01 -1.600231e+02 -6.233471e+00
      vertex   7.532979e+01 -1.580109e+02 -4.841134e+00
      vertex   7.532979e+01 -1.601632e+02 -5.882132e+00
    endloop
  endfacet
  facet normal 1.000000e+00 1.244054e-14 1.581250e-15
    outer loop
      vertex   7.532979e+01 -1.601632e+02 -5.882132e+00
      vertex   7.532979e+01 -1.580109e+02 -4.841134e+00
      vertex   7.532979e+01 -1.602109e+02 -5.506764e+00
    endloop
  endfacet
  facet normal 1.000000e+00 1.173029e-14 3.928708e-15
    outer loop
      vertex   7.532979e+01 -1.602109e+02 -5.506764e+00
      vertex   7.532979e+01 -1.580109e+02 -4.841134e+00
      vertex   7.532979e+01 -1.580109e+02 4.941661e+01
    endloop
  endfacet
  facet normal 1.000000e+00 2.299415e-14 3.477525e-15
    outer loop
      vertex   7.532979e+01 -1.602109e+02 -5.506764e+00
      vertex   7.532979e+01 -1.580109e+02 4.941661e+01
      vertex   7.532979e+01 -1.602109e+02 5.170403e+01
    endloop
  endfacet
  facet normal 1.000000e+00 1.076150e-14 -8.287611e-15
    outer loop
      vertex   7.532979e+01 -1.602109e+02 5.170403e+01
      vertex   7.532979e+01 -1.580109e+02 4.941661e+01
      vertex   7.532979e+01 -1.170309e+01 4.392106e+01
    endloop
  endfacet
  facet normal 1.000000e+00 1.075413e-14 -8.483946e-15
    outer loop
      vertex   7.532979e+01 -1.170309e+01 4.392106e+01
      vertex   7.532979e+01 -1.580109e+02 4.941661e+01
      vertex   7.532979e+01 -1.081071e+01 4.170217e+01
    endloop
  endfacet
  facet normal 1.000000e+00 2.009194e-14 -4.728531e-15
    outer loop
      vertex   7.532979e+01 -1.170309e+01 4.392106e+01
      vertex   7.532979e+01 -1.081071e+01 4.170217e+01
      vertex   7.532979e+01 6.873764e+01 1.212505e+02
    endloop
  endfacet
  facet normal 1.000000e+00 7.398727e-15 -9.280995e-16
    outer loop
      vertex   7.532979e+01 8.921726e+01 1.007709e+02
      vertex   7.532979e+01 9.127119e+01 1.018329e+02
      vertex   7.532979e+01 6.873764e+01 1.212505e+02
    endloop
  endfacet
  facet normal 1.000000e+00 1.392055e-14 6.640263e-15
    outer loop
      vertex   7.532979e+01 6.873764e+01 1.212505e+02
      vertex   7.532979e+01 9.127119e+01 1.018329e+02
      vertex   7.532979e+01 6.979960e+01 1.233045e+02
    endloop
  endfacet
  facet normal 1.000000e+00 2.682177e-14 -3.016490e-17
    outer loop
      vertex   7.532979e+01 6.873764e+01 1.212505e+02
      vertex   7.532979e+01 6.979960e+01 1.233045e+02
      vertex   7.532979e+01 6.768030e+01 1.233045e+02
    endloop
  endfacet
  facet normal 1.000000e+00 2.682177e-14 8.432405e-14
    outer loop
      vertex   7.532979e+01 6.768030e+01 1.233045e+02
      vertex   7.532979e+01 6.979960e+01 1.233045e+02
      vertex   7.532979e+01 6.799078e+01 1.235427e+02
    endloop
  endfacet
  facet normal 1.000000e+00 9.484324e-15 -4.727789e-14
    outer loop
      vertex   7.532979e+01 6.799078e+01 1.235427e+02
      vertex   7.532979e+01 6.979960e+01 1.233045e+02
      vertex   7.532979e+01 6.948913e+01 1.235427e+02
    endloop
  endfacet
  facet normal 1.000000e+00 9.484324e-15 7.199186e-14
    outer loop
      vertex   7.532979e+01 6.799078e+01 1.235427e+02
      vertex   7.532979e+01 6.948913e+01 1.235427e+02
      vertex   7.532979e+01 6.835218e+01 1.236925e+02
    endloop
  endfacet
  facet normal 1.000000e+00 0.000000e+00 0.000000e+00
    outer loop
      vertex   7.532979e+01 6.835218e+01 1.236925e+02
      vertex   7.532979e+01 6.948913e+01 1.235427e+02
      vertex   7.532979e+01 6.912772e+01 1.236925e+02
    endloop
  endfacet
  facet normal 1.000000e+00 -0.000000e+00 0.000000e+00
    outer loop
      vertex   7.532979e+01 6.835218e+01 1.236925e+02
      vertex   7.532979e+01 6.912772e+01 1.236925e+02
      vertex   7.532979e+01 6.873995e+01 1.237436e+02
    endloop
  endfacet
  facet normal 1.000000e+00 1.378084e-14 2.691365e-15
    outer loop
      vertex   7.532979e+01 7.368835e+01 8.524199e+01
      vertex   7.532979e+01 7.678485e+01 8.522722e+01
      vertex   7.532979e+01 8.921726e+01 1.007709e+02
    endloop
  endfacet
  facet normal 1.000000e+00 5.000691e-15 9.714052e-15
    outer loop
      vertex   7.532979e+01 8.921726e+01 1.007709e+02
      vertex   7.532979e+01 7.678485e+01 8.522722e+01
      vertex   7.532979e+01 9.127119e+01 9.971356e+01
    endloop
  endfacet
  facet normal 1.000000e+00 1.688938e-14 3.280833e-14
    outer loop
      vertex   7.532979e+01 8.921726e+01 1.007709e+02
      vertex   7.532979e+01 9.127119e+01 9.971356e+01
      vertex   7.532979e+01 9.150949e+01 1.000240e+02
    endloop
  endfacet
  facet normal 1.000000e+00 1.379818e-14 6.326898e-15
    outer loop
      vertex   7.532979e+01 7.368835e+01 8.524199e+01
      vertex   7.532979e+01 8.890486e+01 7.002549e+01
      vertex   7.532979e+01 7.678485e+01 8.522722e+01
    endloop
  endfacet
  facet normal 1.000000e+00 6.646363e-15 6.249088e-16
    outer loop
      vertex   7.532979e+01 7.678485e+01 8.522722e+01
      vertex   7.532979e+01 8.890486e+01 7.002549e+01
      vertex   7.532979e+01 9.094507e+01 7.106699e+01
    endloop
  endfacet
  facet normal 1.000000e+00 2.179256e-14 -2.904500e-14
    outer loop
      vertex   7.532979e+01 9.094507e+01 7.106699e+01
      vertex   7.532979e+01 8.890486e+01 7.002549e+01
      vertex   7.532979e+01 9.118337e+01 7.075652e+01
    endloop
  endfacet
  facet normal 1.000000e+00 1.100983e-14 4.562959e-15
    outer loop
      vertex   7.532979e+01 9.118337e+01 7.075652e+01
      vertex   7.532979e+01 8.890486e+01 7.002549e+01
      vertex   7.532979e+01 9.133315e+01 7.039511e+01
    endloop
  endfacet
  facet normal 1.000000e+00 1.147429e-14 1.511642e-15
    outer loop
      vertex   7.532979e+01 9.133315e+01 7.039511e+01
      vertex   7.532979e+01 8.890486e+01 7.002549e+01
      vertex   7.532979e+01 9.138424e+01 7.000734e+01
    endloop
  endfacet
  facet normal 1.000000e+00 1.145219e-14 -1.508730e-15
    outer loop
      vertex   7.532979e+01 9.138424e+01 7.000734e+01
      vertex   7.532979e+01 8.890486e+01 7.002549e+01
      vertex   7.532979e+01 9.133315e+01 6.961958e+01
    endloop
  endfacet
  facet normal 1.000000e+00 1.929843e-14 -3.903101e-15
    outer loop
      vertex   7.532979e+01 6.768030e+01 1.233045e+02
      vertex   7.532979e+01 -1.170309e+01 4.392106e+01
      vertex   7.532979e+01 6.873764e+01 1.212505e+02
    endloop
  endfacet
  facet normal 1.000000e+00 3.231691e-14 3.956004e-14
    outer loop
      vertex   7.532979e+01 -1.597995e+02 -6.538453e+00
      vertex   7.532979e+01 -1.595067e+02 -6.777695e+00
      vertex   7.532979e+01 -1.587908e+02 -7.003282e+00
    endloop
  endfacet
  facet normal 1.000000e+00 6.278945e-14 1.362620e-13
    outer loop
      vertex   7.532979e+01 -1.587908e+02 -7.003282e+00
      vertex   7.532979e+01 -1.595067e+02 -6.777695e+00
      vertex   7.532979e+01 -1.591631e+02 -6.935991e+00
    endloop
  endfacet
  facet normal 1.000000e+00 5.462014e-15 -2.263700e-15
    outer loop
      vertex   7.532979e+01 9.150949e+01 1.000240e+02
      vertex   7.532979e+01 9.165927e+01 1.003854e+02
      vertex   7.532979e+01 8.921726e+01 1.007709e+02
    endloop
  endfacet
  facet normal 1.000000e+00 5.700781e-15 -7.510301e-16
    outer loop
      vertex   7.532979e+01 8.921726e+01 1.007709e+02
      vertex   7.532979e+01 9.165927e+01 1.003854e+02
      vertex   7.532979e+01 9.171036e+01 1.007732e+02
    endloop
  endfacet
  facet normal 1.000000e+00 5.699390e-15 7.508468e-16
    outer loop
      vertex   7.532979e+01 8.921726e+01 1.007709e+02
      vertex   7.532979e+01 9.171036e+01 1.007732e+02
      vertex   7.532979e+01 9.165927e+01 1.011610e+02
    endloop
  endfacet
  facet normal 1.000000e+00 5.457997e-15 2.262035e-15
    outer loop
      vertex   7.532979e+01 9.165927e+01 1.011610e+02
      vertex   7.532979e+01 9.150949e+01 1.015224e+02
      vertex   7.532979e+01 8.921726e+01 1.007709e+02
    endloop
  endfacet
  facet normal 1.000000e+00 4.953222e-15 3.801731e-15
    outer loop
      vertex   7.532979e+01 8.921726e+01 1.007709e+02
      vertex   7.532979e+01 9.150949e+01 1.015224e+02
      vertex   7.532979e+01 9.127119e+01 1.018329e+02
    endloop
  endfacet
  facet normal 1.736482e-01 -5.154086e-02 -9.834581e-01
    outer loop
      vertex   -3.228842e+00 -1.577898e+01 3.418832e+01
      vertex   3.032979e+01 -1.014864e+01 3.981866e+01
      vertex   2.333495e+01 -2.072872e+01 3.913807e+01
    endloop
  endfacet
  facet normal 1.736482e-01 -5.154086e-02 -9.834581e-01
    outer loop
      vertex   2.333495e+01 -2.072872e+01 3.913807e+01
      vertex   3.032979e+01 -1.014864e+01 3.981866e+01
      vertex   3.032979e+01 -1.562109e+02 4.747346e+01
    endloop
  endfacet
  facet normal 1.736482e-01 -5.154086e-02 -9.834581e-01
    outer loop
      vertex   2.333495e+01 -2.072872e+01 3.913807e+01
      vertex   3.032979e+01 -1.562109e+02 4.747346e+01
      vertex   -4.414230e+01 -1.562109e+02 3.432400e+01
    endloop
  endfacet
  facet normal 1.736482e-01 -5.154086e-02 -9.834581e-01
    outer loop
      vertex   2.333495e+01 -2.072872e+01 3.913807e+01
      vertex   -4.414230e+01 -1.562109e+02 3.432400e+01
      vertex   -5.674214e+01 -3.416375e+01 2.570304e+01
    endloop
  endfacet
  facet normal 1.736482e-01 -5.154086e-02 -9.834581e-01
    outer loop
      vertex   -5.674214e+01 -3.416375e+01 2.570304e+01
      vertex   -4.414230e+01 -1.562109e+02 3.432400e+01
      vertex   -1.222096e+02 -1.089394e+02 1.806234e+01
    endloop
  endfacet
  facet normal 1.736482e-01 -5.154086e-02 -9.834581e-01
    outer loop
      vertex   -5.674214e+01 -3.416375e+01 2.570304e+01
      vertex   -1.222096e+02 -1.089394e+02 1.806234e+01
      vertex   -8.330593e+01 -2.921401e+01 2.075329e+01
    endloop
  endfacet
  facet normal 1.736482e-01 -5.154086e-02 -9.834581e-01
    outer loop
      vertex   -8.330593e+01 -2.921401e+01 2.075329e+01
      vertex   -1.222096e+02 -1.089394e+02 1.806234e+01
      vertex   -1.088459e+02 -3.349900e+01 1.646829e+01
    endloop
  endfacet
  facet normal -2.441638e-11 7.071068e-01 7.071068e-01
    outer loop
      vertex   -8.824619e+01 -2.072872e+01 2.923857e+01
      vertex   -8.824619e+01 -2.214294e+01 3.065279e+01
      vertex   -8.824567e+01 -2.072872e+01 2.923857e+01
    endloop
  endfacet
  facet normal -1.467524e-11 7.071068e-01 7.071068e-01
    outer loop
      vertex   -8.824567e+01 -2.072872e+01 2.923857e+01
      vertex   -8.824619e+01 -2.214294e+01 3.065279e+01
      vertex   -8.824567e+01 -2.214294e+01 3.065279e+01
    endloop
  endfacet
  facet normal 4.883277e-12 -7.071068e-01 7.071068e-01
    outer loop
      vertex   -8.824567e+01 -2.214294e+01 3.065279e+01
      vertex   -8.824619e+01 -2.214294e+01 3.065279e+01
      vertex   -8.824567e+01 -3.062822e+01 2.216751e+01
    endloop
  endfacet
  facet normal -6.114088e-12 -7.071068e-01 7.071068e-01
    outer loop
      vertex   -8.824567e+01 -3.062822e+01 2.216751e+01
      vertex   -8.824619e+01 -2.214294e+01 3.065279e+01
      vertex   -8.824707e+01 -3.079822e+01 2.199751e+01
    endloop
  endfacet
  facet normal 9.930875e-15 -7.071068e-01 7.071068e-01
    outer loop
      vertex   -8.824567e+01 -3.062822e+01 2.216751e+01
      vertex   -8.824707e+01 -3.079822e+01 2.199751e+01
      vertex   -8.723382e+01 -3.062822e+01 2.216751e+01
    endloop
  endfacet
  facet normal 2.835494e-15 7.071068e-01 -7.071068e-01
    outer loop
      vertex   2.333495e+01 -2.072872e+01 3.913807e+01
      vertex   -5.674214e+01 -3.416375e+01 2.570304e+01
      vertex   1.181741e+01 -2.072872e+01 3.913807e+01
    endloop
  endfacet
  facet normal 3.246959e-15 7.071068e-01 -7.071068e-01
    outer loop
      vertex   1.181741e+01 -2.072872e+01 3.913807e+01
      vertex   -5.674214e+01 -3.416375e+01 2.570304e+01
      vertex   -6.825968e+01 -3.416375e+01 2.570304e+01
    endloop
  endfacet
  facet normal 1.781105e-11 -7.071068e-01 -7.071068e-01
    outer loop
      vertex   2.333495e+01 -2.072872e+01 3.913807e+01
      vertex   1.181741e+01 -2.072872e+01 3.913807e+01
      vertex   -3.228842e+00 -1.577898e+01 3.418832e+01
    endloop
  endfacet
  facet normal 6.981172e-10 -7.071068e-01 -7.071068e-01
    outer loop
      vertex   -3.228842e+00 -1.577898e+01 3.418832e+01
      vertex   1.181741e+01 -2.072872e+01 3.913807e+01
      vertex   -8.824568e+01 -2.214294e+01 4.055228e+01
    endloop
  endfacet
  facet normal 1.781115e-11 -7.071068e-01 -7.071068e-01
    outer loop
      vertex   -3.228842e+00 -1.577898e+01 3.418832e+01
      vertex   -8.824568e+01 -2.214294e+01 4.055228e+01
      vertex   -8.824568e+01 -1.577898e+01 3.418832e+01
    endloop
  endfacet
  facet normal 6.773216e-10 -7.071068e-01 -7.071068e-01
    outer loop
      vertex   1.181741e+01 -2.072872e+01 3.913807e+01
      vertex   1.940707e+01 -2.214294e+01 4.055228e+01
      vertex   -8.824568e+01 -2.214294e+01 4.055228e+01
    endloop
  endfacet
  facet normal -4.361939e-02 5.228614e-02 9.976791e-01
    outer loop
      vertex   7.532979e+01 -1.602109e+02 5.170403e+01
      vertex   7.532979e+01 -1.170309e+01 4.392106e+01
      vertex   3.041727e+01 -1.582500e+02 4.963765e+01
    endloop
  endfacet
  facet normal -4.361939e-02 5.228614e-02 9.976791e-01
    outer loop
      vertex   3.041727e+01 -1.582500e+02 4.963765e+01
      vertex   7.532979e+01 -1.170309e+01 4.392106e+01
      vertex   3.041727e+01 -1.093385e+01 4.191713e+01
    endloop
  endfacet
  facet normal -1.037024e-15 -7.071068e-01 7.071068e-01
    outer loop
      vertex   -9.186029e+01 -4.081095e+01 2.188427e+01
      vertex   -8.824753e+01 -4.020482e+01 2.249040e+01
      vertex   -9.185837e+01 -2.203583e+01 4.065939e+01
    endloop
  endfacet
  facet normal 1.900893e-16 -7.071068e-01 7.071068e-01
    outer loop
      vertex   -9.185837e+01 -2.203583e+01 4.065939e+01
      vertex   -8.824753e+01 -4.020482e+01 2.249040e+01
      vertex   -8.824568e+01 -2.214294e+01 4.055228e+01
    endloop
  endfacet
  facet normal 1.121007e-15 -7.071068e-01 7.071068e-01
    outer loop
      vertex   -9.185837e+01 -2.203583e+01 4.065939e+01
      vertex   -8.824568e+01 -2.214294e+01 4.055228e+01
      vertex   -9.183710e+01 -2.190349e+01 4.079172e+01
    endloop
  endfacet
  facet normal 1.372026e-15 -7.071068e-01 7.071068e-01
    outer loop
      vertex   -9.183710e+01 -2.190349e+01 4.079172e+01
      vertex   -8.824568e+01 -2.214294e+01 4.055228e+01
      vertex   -9.177365e+01 -2.178475e+01 4.091047e+01
    endloop
  endfacet
  facet normal -2.583959e-15 -7.071068e-01 7.071068e-01
    outer loop
      vertex   -9.177365e+01 -2.178475e+01 4.091047e+01
      vertex   -8.824568e+01 -2.214294e+01 4.055228e+01
      vertex   -9.166890e+01 -2.168128e+01 4.101394e+01
    endloop
  endfacet
  facet normal -7.927702e-15 -7.071068e-01 7.071068e-01
    outer loop
      vertex   -9.166890e+01 -2.168128e+01 4.101394e+01
      vertex   -8.824568e+01 -2.214294e+01 4.055228e+01
      vertex   -9.059675e+01 -2.143571e+01 4.125951e+01
    endloop
  endfacet
  facet normal -1.578993e-14 -7.071068e-01 7.071068e-01
    outer loop
      vertex   -9.166890e+01 -2.168128e+01 4.101394e+01
      vertex   -9.059675e+01 -2.143571e+01 4.125951e+01
      vertex   -9.152434e+01 -2.159455e+01 4.110067e+01
    endloop
  endfacet
  facet normal -4.121549e-14 -7.071068e-01 7.071068e-01
    outer loop
      vertex   -9.152434e+01 -2.159455e+01 4.110067e+01
      vertex   -9.059675e+01 -2.143571e+01 4.125951e+01
      vertex   -9.134202e+01 -2.152579e+01 4.116943e+01
    endloop
  endfacet
  facet normal -6.288938e-14 -7.071068e-01 7.071068e-01
    outer loop
      vertex   -9.134202e+01 -2.152579e+01 4.116943e+01
      vertex   -9.059675e+01 -2.143571e+01 4.125951e+01
      vertex   -9.112452e+01 -2.147597e+01 4.121925e+01
    endloop
  endfacet
  facet normal 3.780377e-15 -7.071068e-01 7.071068e-01
    outer loop
      vertex   -8.824568e+01 -2.214294e+01 4.055228e+01
      vertex   1.940707e+01 -2.214294e+01 4.055228e+01
      vertex   -9.059675e+01 -2.143571e+01 4.125951e+01
    endloop
  endfacet
  facet normal 3.806454e-15 -7.071068e-01 7.071068e-01
    outer loop
      vertex   -9.059675e+01 -2.143571e+01 4.125951e+01
      vertex   1.940707e+01 -2.214294e+01 4.055228e+01
      vertex   2.358744e+01 -2.144157e+01 4.125365e+01
    endloop
  endfacet
  facet normal -5.000000e-01 -6.123467e-01 6.123981e-01
    outer loop
      vertex   -9.186029e+01 -4.081095e+01 2.188427e+01
      vertex   -9.185837e+01 -2.203583e+01 4.065939e+01
      vertex   -1.039844e+02 -3.343857e+01 1.935716e+01
    endloop
  endfacet
  facet normal -5.000000e-01 -6.123467e-01 6.123981e-01
    outer loop
      vertex   -1.039844e+02 -3.343857e+01 1.935716e+01
      vertex   -9.185837e+01 -2.203583e+01 4.065939e+01
      vertex   -1.039823e+02 -1.262869e+01 4.016704e+01
    endloop
  endfacet
  facet normal 3.516391e-16 -7.071068e-01 7.071068e-01
    outer loop
      vertex   -1.039844e+02 -3.343857e+01 1.935716e+01
      vertex   -1.039823e+02 -1.262869e+01 4.016704e+01
      vertex   -1.077608e+02 -3.407216e+01 1.872357e+01
    endloop
  endfacet
  facet normal 8.231672e-16 -7.071068e-01 7.071068e-01
    outer loop
      vertex   -1.077608e+02 -3.407216e+01 1.872357e+01
      vertex   -1.039823e+02 -1.262869e+01 4.016704e+01
      vertex   -1.109745e+02 -3.404898e+01 1.874674e+01
    endloop
  endfacet
  facet normal 3.421559e-13 -7.071068e-01 7.071068e-01
    outer loop
      vertex   -1.109745e+02 -3.404898e+01 1.874674e+01
      vertex   -1.039823e+02 -1.262869e+01 4.016704e+01
      vertex   -1.039610e+02 -1.249635e+01 4.029937e+01
    endloop
  endfacet
  facet normal -9.890990e-16 -7.071068e-01 7.071068e-01
    outer loop
      vertex   -1.109745e+02 -3.404898e+01 1.874674e+01
      vertex   -1.039610e+02 -1.249635e+01 4.029937e+01
      vertex   -9.295288e+01 6.768562e+01 1.204813e+02
    endloop
  endfacet
  facet normal -1.701016e-13 -7.071068e-01 7.071068e-01
    outer loop
      vertex   -9.295288e+01 6.768562e+01 1.204813e+02
      vertex   -1.039610e+02 -1.249635e+01 4.029937e+01
      vertex   -1.038975e+02 -1.237761e+01 4.041812e+01
    endloop
  endfacet
  facet normal 2.659658e-13 -7.071068e-01 7.071068e-01
    outer loop
      vertex   -9.295288e+01 6.768562e+01 1.204813e+02
      vertex   -1.038975e+02 -1.237761e+01 4.041812e+01
      vertex   -1.037928e+02 -1.227414e+01 4.052158e+01
    endloop
  endfacet
  facet normal -1.324831e-14 -7.071068e-01 7.071068e-01
    outer loop
      vertex   -1.037928e+02 -1.227414e+01 4.052158e+01
      vertex   -1.036482e+02 -1.218741e+01 4.060831e+01
      vertex   -9.295288e+01 6.768562e+01 1.204813e+02
    endloop
  endfacet
  facet normal 0.000000e+00 -7.071068e-01 7.071068e-01
    outer loop
      vertex   -9.295288e+01 6.768562e+01 1.204813e+02
      vertex   -1.036482e+02 -1.218741e+01 4.060831e+01
      vertex   -1.034659e+02 -1.211865e+01 4.067707e+01
    endloop
  endfacet
  facet normal -3.820350e-14 -7.071068e-01 7.071068e-01
    outer loop
      vertex   -9.295288e+01 6.768562e+01 1.204813e+02
      vertex   -1.034659e+02 -1.211865e+01 4.067707e+01
      vertex   -1.032484e+02 -1.206883e+01 4.072689e+01
    endloop
  endfacet
  facet normal -7.655125e-15 -7.071068e-01 7.071068e-01
    outer loop
      vertex   -1.032484e+02 -1.206883e+01 4.072689e+01
      vertex   -1.027207e+02 -1.202857e+01 4.076716e+01
      vertex   -9.295288e+01 6.768562e+01 1.204813e+02
    endloop
  endfacet
  facet normal 0.000000e+00 -7.071068e-01 7.071068e-01
    outer loop
      vertex   -9.295288e+01 6.768562e+01 1.204813e+02
      vertex   -1.027207e+02 -1.202857e+01 4.076716e+01
      vertex   2.358744e+01 -1.203505e+01 4.076067e+01
    endloop
  endfacet
  facet normal -1.626145e-16 -7.071068e-01 7.071068e-01
    outer loop
      vertex   -9.295288e+01 6.768562e+01 1.204813e+02
      vertex   2.358744e+01 -1.203505e+01 4.076067e+01
      vertex   3.041727e+01 6.767929e+01 1.204750e+02
    endloop
  endfacet
  facet normal -2.396940e-15 -7.071068e-01 7.071068e-01
    outer loop
      vertex   3.041727e+01 6.767929e+01 1.204750e+02
      vertex   2.358744e+01 -1.203505e+01 4.076067e+01
      vertex   3.041727e+01 -1.088917e+01 4.190656e+01
    endloop
  endfacet
  facet normal -9.846700e-01 1.744275e-01 -1.493860e-15
    outer loop
      vertex   -9.295288e+01 6.768562e+01 1.204813e+02
      vertex   -9.184915e+01 7.391631e+01 8.518711e+01
      vertex   -1.109745e+02 -3.404898e+01 1.874674e+01
    endloop
  endfacet
  facet normal -9.846700e-01 1.744275e-01 1.659749e-16
    outer loop
      vertex   -1.109745e+02 -3.404898e+01 1.874674e+01
      vertex   -9.184915e+01 7.391631e+01 8.518711e+01
      vertex   -8.934140e+01 8.807298e+01 6.891077e+01
    endloop
  endfacet
  facet normal -9.846700e-01 1.744275e-01 1.709725e-15
    outer loop
      vertex   -1.109745e+02 -3.404898e+01 1.874674e+01
      vertex   -8.934140e+01 8.807298e+01 6.891077e+01
      vertex   -1.036867e+02 7.091443e+00 -1.207077e+01
    endloop
  endfacet
  facet normal -9.846700e-01 1.744275e-01 1.936779e-13
    outer loop
      vertex   -9.289785e+01 6.799628e+01 1.207197e+02
      vertex   -9.257710e+01 6.980692e+01 1.204813e+02
      vertex   -9.295288e+01 6.768562e+01 1.204813e+02
    endloop
  endfacet
  facet normal -9.846700e-01 1.744275e-01 9.532203e-15
    outer loop
      vertex   -9.295288e+01 6.768562e+01 1.204813e+02
      vertex   -9.257710e+01 6.980692e+01 1.204813e+02
      vertex   -8.927498e+01 8.844790e+01 1.018400e+02
    endloop
  endfacet
  facet normal -9.846700e-01 1.744275e-01 -1.741636e-15
    outer loop
      vertex   -9.295288e+01 6.768562e+01 1.204813e+02
      vertex   -8.927498e+01 8.844790e+01 1.018400e+02
      vertex   -9.184915e+01 7.391631e+01 8.518711e+01
    endloop
  endfacet
  facet normal -9.846700e-01 1.744275e-01 1.202922e-14
    outer loop
      vertex   -9.184915e+01 7.391631e+01 8.518711e+01
      vertex   -8.927498e+01 8.844790e+01 1.018400e+02
      vertex   -8.927498e+01 8.844790e+01 9.971869e+01
    endloop
  endfacet
  facet normal -9.846700e-01 1.744275e-01 1.189782e-14
    outer loop
      vertex   -8.927498e+01 8.844790e+01 9.971869e+01
      vertex   -8.927498e+01 8.844790e+01 1.018400e+02
      vertex   -8.923276e+01 8.868627e+01 1.015293e+02
    endloop
  endfacet
  facet normal -9.846700e-01 1.744275e-01 3.465334e-14
    outer loop
      vertex   -8.927498e+01 8.844790e+01 9.971869e+01
      vertex   -8.923276e+01 8.868627e+01 1.015293e+02
      vertex   -8.920621e+01 8.883612e+01 1.011676e+02
    endloop
  endfacet
  facet normal -9.846700e-01 1.744275e-01 8.740248e-14
    outer loop
      vertex   -9.257710e+01 6.980692e+01 1.204813e+02
      vertex   -9.289785e+01 6.799628e+01 1.207197e+02
      vertex   -9.263214e+01 6.949626e+01 1.207197e+02
    endloop
  endfacet
  facet normal -9.846700e-01 1.744275e-01 -2.699281e-14
    outer loop
      vertex   -9.263214e+01 6.949626e+01 1.207197e+02
      vertex   -9.289785e+01 6.799628e+01 1.207197e+02
      vertex   -9.283376e+01 6.835804e+01 1.208696e+02
    endloop
  endfacet
  facet normal -9.846700e-01 1.744275e-01 -4.967973e-14
    outer loop
      vertex   -9.263214e+01 6.949626e+01 1.207197e+02
      vertex   -9.283376e+01 6.835804e+01 1.208696e+02
      vertex   -9.269622e+01 6.913449e+01 1.208696e+02
    endloop
  endfacet
  facet normal -9.846700e-01 1.744275e-01 -2.685811e-13
    outer loop
      vertex   -9.269622e+01 6.913449e+01 1.208696e+02
      vertex   -9.283376e+01 6.835804e+01 1.208696e+02
      vertex   -9.276499e+01 6.874627e+01 1.209207e+02
    endloop
  endfacet
  facet normal -9.846700e-01 1.744275e-01 -1.412525e-14
    outer loop
      vertex   -8.920621e+01 8.883612e+01 1.011676e+02
      vertex   -8.919716e+01 8.888723e+01 1.007793e+02
      vertex   -8.927498e+01 8.844790e+01 9.971869e+01
    endloop
  endfacet
  facet normal -9.846700e-01 1.744275e-01 -1.609012e-14
    outer loop
      vertex   -8.927498e+01 8.844790e+01 9.971869e+01
      vertex   -8.919716e+01 8.888723e+01 1.007793e+02
      vertex   -8.920621e+01 8.883612e+01 1.003911e+02
    endloop
  endfacet
  facet normal -9.846700e-01 1.744275e-01 -2.739183e-13
    outer loop
      vertex   -8.927498e+01 8.844790e+01 9.971869e+01
      vertex   -8.920621e+01 8.883612e+01 1.003911e+02
      vertex   -8.923276e+01 8.868627e+01 1.000293e+02
    endloop
  endfacet
  facet normal -9.846700e-01 1.744275e-01 -3.448064e-14
    outer loop
      vertex   -9.184915e+01 7.391631e+01 8.518711e+01
      vertex   -8.934140e+01 8.807298e+01 7.103209e+01
      vertex   -8.934140e+01 8.807298e+01 6.891077e+01
    endloop
  endfacet
  facet normal -9.846700e-01 1.744275e-01 -3.457792e-14
    outer loop
      vertex   -8.934140e+01 8.807298e+01 6.891077e+01
      vertex   -8.934140e+01 8.807298e+01 7.103209e+01
      vertex   -8.929917e+01 8.831137e+01 7.072144e+01
    endloop
  endfacet
  facet normal -9.846700e-01 1.744275e-01 1.216177e-14
    outer loop
      vertex   -8.934140e+01 8.807298e+01 6.891077e+01
      vertex   -8.929917e+01 8.831137e+01 7.072144e+01
      vertex   -8.927262e+01 8.846123e+01 7.035968e+01
    endloop
  endfacet
  facet normal -9.846700e-01 1.744275e-01 1.006843e-15
    outer loop
      vertex   -8.927262e+01 8.846123e+01 7.035968e+01
      vertex   -8.926357e+01 8.851234e+01 6.997145e+01
      vertex   -8.934140e+01 8.807298e+01 6.891077e+01
    endloop
  endfacet
  facet normal -9.846700e-01 1.744275e-01 3.628842e-14
    outer loop
      vertex   -8.934140e+01 8.807298e+01 6.891077e+01
      vertex   -8.926357e+01 8.851234e+01 6.997145e+01
      vertex   -8.927262e+01 8.846123e+01 6.958322e+01
    endloop
  endfacet
  facet normal -9.846700e-01 1.744275e-01 -8.022459e-14
    outer loop
      vertex   -8.934140e+01 8.807298e+01 6.891077e+01
      vertex   -8.927262e+01 8.846123e+01 6.958322e+01
      vertex   -8.929917e+01 8.831137e+01 6.922144e+01
    endloop
  endfacet
  facet normal -9.846700e-01 1.744275e-01 -8.137916e-14
    outer loop
      vertex   -1.036878e+02 7.085106e+00 -1.219167e+01
      vertex   -1.039672e+02 5.508238e+00 -1.361108e+01
      vertex   -1.036867e+02 7.091443e+00 -1.207077e+01
    endloop
  endfacet
  facet normal -9.846700e-01 1.744275e-01 -1.998110e-14
    outer loop
      vertex   -1.036867e+02 7.091443e+00 -1.207077e+01
      vertex   -1.039672e+02 5.508238e+00 -1.361108e+01
      vertex   -1.109789e+02 -3.407408e+01 1.815545e+01
    endloop
  endfacet
  facet normal -9.846700e-01 1.744275e-01 -4.014043e-14
    outer loop
      vertex   -1.036867e+02 7.091443e+00 -1.207077e+01
      vertex   -1.109789e+02 -3.407408e+01 1.815545e+01
      vertex   -1.109745e+02 -3.404898e+01 1.874674e+01
    endloop
  endfacet
  facet normal -9.846700e-01 1.744275e-01 -1.963668e-13
    outer loop
      vertex   -1.036878e+02 7.085106e+00 -1.219167e+01
      vertex   -1.037005e+02 7.013727e+00 -1.257669e+01
      vertex   -1.039672e+02 5.508238e+00 -1.361108e+01
    endloop
  endfacet
  facet normal -9.846700e-01 1.744275e-01 -1.245535e-13
    outer loop
      vertex   -1.039672e+02 5.508238e+00 -1.361108e+01
      vertex   -1.037005e+02 7.013727e+00 -1.257669e+01
      vertex   -1.037304e+02 6.845103e+00 -1.293012e+01
    endloop
  endfacet
  facet normal -9.846700e-01 1.744275e-01 6.175034e-14
    outer loop
      vertex   -1.039672e+02 5.508238e+00 -1.361108e+01
      vertex   -1.037304e+02 6.845103e+00 -1.293012e+01
      vertex   -1.037754e+02 6.590726e+00 -1.322787e+01
    endloop
  endfacet
  facet normal -9.846700e-01 1.744275e-01 -6.657367e-14
    outer loop
      vertex   -1.037754e+02 6.590726e+00 -1.322787e+01
      vertex   -1.038326e+02 6.267930e+00 -1.344966e+01
      vertex   -1.039672e+02 5.508238e+00 -1.361108e+01
    endloop
  endfacet
  facet normal -9.846700e-01 1.744275e-01 -2.111913e-13
    outer loop
      vertex   -1.039672e+02 5.508238e+00 -1.361108e+01
      vertex   -1.038326e+02 6.267930e+00 -1.344966e+01
      vertex   -1.038980e+02 5.898714e+00 -1.358037e+01
    endloop
  endfacet
  facet normal -9.846700e-01 1.744275e-01 1.323361e-15
    outer loop
      vertex   -1.039672e+02 5.508238e+00 -1.361108e+01
      vertex   -1.241539e+02 -1.084489e+02 -7.638845e+00
      vertex   -1.109789e+02 -3.407408e+01 1.815545e+01
    endloop
  endfacet
  facet normal -9.846700e-01 1.744275e-01 2.691798e-16
    outer loop
      vertex   -1.109789e+02 -3.407408e+01 1.815545e+01
      vertex   -1.241539e+02 -1.084489e+02 -7.638845e+00
      vertex   -1.244389e+02 -1.100577e+02 1.976097e+01
    endloop
  endfacet
  facet normal 3.418294e-11 7.071068e-01 -7.071068e-01
    outer loop
      vertex   -8.824567e+01 -2.072872e+01 2.923857e+01
      vertex   -8.824567e+01 -2.921401e+01 2.075329e+01
      vertex   -8.824619e+01 -2.072872e+01 2.923857e+01
    endloop
  endfacet
  facet normal 1.092233e-15 7.071068e-01 -7.071068e-01
    outer loop
      vertex   -8.824619e+01 -2.072872e+01 2.923857e+01
      vertex   -8.824567e+01 -2.921401e+01 2.075329e+01
      vertex   -1.088459e+02 -3.349900e+01 1.646829e+01
    endloop
  endfacet
  facet normal 1.818202e-15 7.071068e-01 -7.071068e-01
    outer loop
      vertex   -8.824619e+01 -2.072872e+01 2.923857e+01
      vertex   -1.088459e+02 -3.349900e+01 1.646829e+01
      vertex   -8.824574e+01 -1.643584e+01 3.353146e+01
    endloop
  endfacet
  facet normal -5.198290e-15 7.071068e-01 -7.071068e-01
    outer loop
      vertex   -8.824574e+01 -1.643584e+01 3.353146e+01
      vertex   -1.088459e+02 -3.349900e+01 1.646829e+01
      vertex   -8.824574e+01 -1.577898e+01 3.418832e+01
    endloop
  endfacet
  facet normal 1.525409e-15 7.071068e-01 -7.071068e-01
    outer loop
      vertex   -8.824574e+01 -1.577898e+01 3.418832e+01
      vertex   -1.088459e+02 -3.349900e+01 1.646829e+01
      vertex   -9.066821e+01 6.911685e+01 1.190841e+02
    endloop
  endfacet
  facet normal -2.035563e-15 7.071068e-01 -7.071068e-01
    outer loop
      vertex   -8.824574e+01 -1.577898e+01 3.418832e+01
      vertex   -9.066821e+01 6.911685e+01 1.190841e+02
      vertex   -8.693616e+01 6.874597e+01 1.187133e+02
    endloop
  endfacet
  facet normal 1.017118e-15 7.071068e-01 -7.071068e-01
    outer loop
      vertex   -8.824567e+01 -2.921401e+01 2.075329e+01
      vertex   -8.330593e+01 -2.921401e+01 2.075329e+01
      vertex   -1.088459e+02 -3.349900e+01 1.646829e+01
    endloop
  endfacet
  facet normal 1.710780e-16 7.071068e-01 -7.071068e-01
    outer loop
      vertex   3.032979e+01 6.873995e+01 1.187072e+02
      vertex   -3.228842e+00 -1.577898e+01 3.418832e+01
      vertex   -8.693616e+01 6.874597e+01 1.187133e+02
    endloop
  endfacet
  facet normal 2.684829e-16 7.071068e-01 -7.071068e-01
    outer loop
      vertex   -8.693616e+01 6.874597e+01 1.187133e+02
      vertex   -3.228842e+00 -1.577898e+01 3.418832e+01
      vertex   -8.824568e+01 -1.577898e+01 3.418832e+01
    endloop
  endfacet
  facet normal -1.128261e-10 7.071068e-01 -7.071068e-01
    outer loop
      vertex   -8.693616e+01 6.874597e+01 1.187133e+02
      vertex   -8.824568e+01 -1.577898e+01 3.418832e+01
      vertex   -8.824574e+01 -1.577898e+01 3.418832e+01
    endloop
  endfacet
  facet normal -5.694202e-15 7.071068e-01 -7.071068e-01
    outer loop
      vertex   9.032979e+01 6.873995e+01 1.187072e+02
      vertex   9.032979e+01 -1.014864e+01 3.981866e+01
      vertex   3.032979e+01 6.873995e+01 1.187072e+02
    endloop
  endfacet
  facet normal -5.163014e-15 7.071068e-01 -7.071068e-01
    outer loop
      vertex   3.032979e+01 6.873995e+01 1.187072e+02
      vertex   9.032979e+01 -1.014864e+01 3.981866e+01
      vertex   3.032979e+01 -1.014864e+01 3.981866e+01
    endloop
  endfacet
  facet normal -1.214610e-15 7.071068e-01 -7.071068e-01
    outer loop
      vertex   3.032979e+01 6.873995e+01 1.187072e+02
      vertex   3.032979e+01 -1.014864e+01 3.981866e+01
      vertex   -3.228842e+00 -1.577898e+01 3.418832e+01
    endloop
  endfacet
  facet normal -1.000000e+00 6.135303e-14 -7.668196e-14
    outer loop
      vertex   3.041727e+01 6.767929e+01 1.204750e+02
      vertex   3.041727e+01 -1.088917e+01 4.190656e+01
      vertex   3.041727e+01 -1.093385e+01 4.191713e+01
    endloop
  endfacet
  facet normal -1.000000e+00 -3.700651e-14 -4.921575e-13
    outer loop
      vertex   3.041727e+01 -1.093385e+01 4.191713e+01
      vertex   3.041727e+01 -1.088917e+01 4.190656e+01
      vertex   3.041727e+01 -1.582109e+02 4.962736e+01
    endloop
  endfacet
  facet normal -1.000000e+00 7.626603e-14 1.671520e-12
    outer loop
      vertex   3.041727e+01 -1.093385e+01 4.191713e+01
      vertex   3.041727e+01 -1.582109e+02 4.962736e+01
      vertex   3.041727e+01 -1.582500e+02 4.963765e+01
    endloop
  endfacet
  facet normal -1.000000e+00 -3.647001e-13 -3.937461e-15
    outer loop
      vertex   3.041727e+01 -1.582500e+02 4.963765e+01
      vertex   3.041727e+01 -1.582109e+02 4.962736e+01
      vertex   3.041727e+01 -1.582109e+02 -3.607480e+00
    endloop
  endfacet
  facet normal -1.000000e+00 3.607131e-15 -3.667158e-15
    outer loop
      vertex   3.041727e+01 -1.582500e+02 4.963765e+01
      vertex   3.041727e+01 -1.582109e+02 -3.607480e+00
      vertex   3.041727e+01 -1.582500e+02 -3.645917e+00
    endloop
  endfacet
  facet normal -1.000000e+00 -6.946671e-13 7.062272e-13
    outer loop
      vertex   3.041727e+01 -1.582500e+02 -3.645917e+00
      vertex   3.041727e+01 -1.582109e+02 -3.607480e+00
      vertex   3.041727e+01 -1.581632e+02 -3.983050e+00
    endloop
  endfacet
  facet normal -1.000000e+00 -6.854297e-12 -8.806770e-13
    outer loop
      vertex   3.041727e+01 -1.582500e+02 -3.645917e+00
      vertex   3.041727e+01 -1.581632e+02 -3.983050e+00
      vertex   3.041727e+01 -1.582023e+02 -4.021285e+00
    endloop
  endfacet
  facet normal -1.000000e+00 -5.551238e-12 -2.214719e-12
    outer loop
      vertex   3.041727e+01 -1.582023e+02 -4.021285e+00
      vertex   3.041727e+01 -1.581632e+02 -3.983050e+00
      vertex   3.041727e+01 -1.580229e+02 -4.334694e+00
    endloop
  endfacet
  facet normal -1.000000e+00 -5.544916e-12 -2.211100e-12
    outer loop
      vertex   3.041727e+01 -1.582023e+02 -4.021285e+00
      vertex   3.041727e+01 -1.580229e+02 -4.334694e+00
      vertex   3.041727e+01 -1.580622e+02 -4.372625e+00
    endloop
  endfacet
  facet normal -1.000000e+00 -4.497282e-12 -3.297543e-12
    outer loop
      vertex   3.041727e+01 -1.580622e+02 -4.372625e+00
      vertex   3.041727e+01 -1.580229e+02 -4.334694e+00
      vertex   3.041727e+01 -1.577990e+02 -4.640012e+00
    endloop
  endfacet
  facet normal -1.000000e+00 -4.495195e-12 -3.295489e-12
    outer loop
      vertex   3.041727e+01 -1.580622e+02 -4.372625e+00
      vertex   3.041727e+01 -1.577990e+02 -4.640012e+00
      vertex   3.041727e+01 -1.578386e+02 -4.677607e+00
    endloop
  endfacet
  facet normal -1.000000e+00 -3.526528e-12 -4.316255e-12
    outer loop
      vertex   3.041727e+01 -1.578386e+02 -4.677607e+00
      vertex   3.041727e+01 -1.577990e+02 -4.640012e+00
      vertex   3.041727e+01 -1.575058e+02 -4.879552e+00
    endloop
  endfacet
  facet normal -1.000000e+00 -3.528104e-12 -4.318852e-12
    outer loop
      vertex   3.041727e+01 -1.578386e+02 -4.677607e+00
      vertex   3.041727e+01 -1.575058e+02 -4.879552e+00
      vertex   3.041727e+01 -1.575457e+02 -4.916848e+00
    endloop
  endfacet
  facet normal -1.000000e+00 -2.519777e-12 -5.398577e-12
    outer loop
      vertex   3.041727e+01 -1.575457e+02 -4.916848e+00
      vertex   3.041727e+01 -1.575058e+02 -4.879552e+00
      vertex   3.041727e+01 -1.571620e+02 -5.038055e+00
    endloop
  endfacet
  facet normal -1.000000e+00 -2.544688e-12 -5.477448e-12
    outer loop
      vertex   3.041727e+01 -1.575457e+02 -4.916848e+00
      vertex   3.041727e+01 -1.571620e+02 -5.038055e+00
      vertex   3.041727e+01 -1.572022e+02 -5.075145e+00
    endloop
  endfacet
  facet normal -1.000000e+00 -1.244696e-12 -6.887573e-12
    outer loop
      vertex   3.041727e+01 -1.572022e+02 -5.075145e+00
      vertex   3.041727e+01 -1.571620e+02 -5.038055e+00
      vertex   3.041727e+01 -1.568299e+02 -5.142436e+00
    endloop
  endfacet
  facet normal -1.000000e+00 9.543211e-13 1.094118e-13
    outer loop
      vertex   3.041727e+01 -1.568299e+02 -5.142436e+00
      vertex   3.041727e+01 -1.571620e+02 -5.038055e+00
      vertex   3.041727e+01 -1.567894e+02 -5.105424e+00
    endloop
  endfacet
  facet normal -1.000000e+00 4.644849e-14 1.101134e-12
    outer loop
      vertex   3.041727e+01 -1.568299e+02 -5.142436e+00
      vertex   3.041727e+01 -1.567894e+02 -5.105424e+00
      vertex   3.041727e+01 5.709042e+00 -1.362161e+01
    endloop
  endfacet
  facet normal -1.000000e+00 5.000259e-14 1.169263e-12
    outer loop
      vertex   3.041727e+01 -1.568299e+02 -5.142436e+00
      vertex   3.041727e+01 5.709042e+00 -1.362161e+01
      vertex   3.041727e+01 5.747316e+00 -1.366274e+01
    endloop
  endfacet
  facet normal -1.000000e+00 -2.010512e-13 9.356788e-13
    outer loop
      vertex   3.041727e+01 5.747316e+00 -1.366274e+01
      vertex   3.041727e+01 5.709042e+00 -1.362161e+01
      vertex   3.041727e+01 6.099414e+00 -1.359089e+01
    endloop
  endfacet
  facet normal -1.000000e+00 3.592773e-14 -2.254802e-13
    outer loop
      vertex   3.041727e+01 5.747316e+00 -1.366274e+01
      vertex   3.041727e+01 6.099414e+00 -1.359089e+01
      vertex   3.041727e+01 6.137496e+00 -1.363209e+01
    endloop
  endfacet
  facet normal -1.000000e+00 4.720767e-14 -2.150541e-13
    outer loop
      vertex   3.041727e+01 6.137496e+00 -1.363209e+01
      vertex   3.041727e+01 6.099414e+00 -1.359089e+01
      vertex   3.041727e+01 6.506298e+00 -1.350157e+01
    endloop
  endfacet
  facet normal -1.000000e+00 1.569657e-14 -7.150560e-14
    outer loop
      vertex   3.041727e+01 6.506298e+00 -1.350157e+01
      vertex   3.041727e+01 6.099414e+00 -1.359089e+01
      vertex   3.041727e+01 6.468533e+00 -1.346017e+01
    endloop
  endfacet
  facet normal -1.000000e+00 2.947571e-14 -5.893450e-14
    outer loop
      vertex   3.041727e+01 6.506298e+00 -1.350157e+01
      vertex   3.041727e+01 6.468533e+00 -1.346017e+01
      vertex   3.041727e+01 6.828649e+00 -1.328006e+01
    endloop
  endfacet
  facet normal -1.000000e+00 2.942274e-14 -5.882859e-14
    outer loop
      vertex   3.041727e+01 6.828649e+00 -1.328006e+01
      vertex   3.041727e+01 6.468533e+00 -1.346017e+01
      vertex   3.041727e+01 6.791243e+00 -1.323838e+01
    endloop
  endfacet
  facet normal -1.000000e+00 4.184700e-14 -4.767900e-14
    outer loop
      vertex   3.041727e+01 6.828649e+00 -1.328006e+01
      vertex   3.041727e+01 6.791243e+00 -1.323838e+01
      vertex   3.041727e+01 7.082635e+00 -1.298263e+01
    endloop
  endfacet
  facet normal -1.000000e+00 -0.000000e+00 0.000000e+00
    outer loop
      vertex   3.041727e+01 7.082635e+00 -1.298263e+01
      vertex   3.041727e+01 6.791243e+00 -1.323838e+01
      vertex   3.041727e+01 7.045554e+00 -1.294062e+01
    endloop
  endfacet
  facet normal -1.000000e+00 0.000000e+00 0.000000e+00
    outer loop
      vertex   3.041727e+01 7.082635e+00 -1.298263e+01
      vertex   3.041727e+01 7.045554e+00 -1.294062e+01
      vertex   3.041727e+01 7.250989e+00 -1.262949e+01
    endloop
  endfacet
  facet normal -1.000000e+00 1.645071e-13 -1.086220e-13
    outer loop
      vertex   3.041727e+01 7.250989e+00 -1.262949e+01
      vertex   3.041727e+01 7.045554e+00 -1.294062e+01
      vertex   3.041727e+01 7.214133e+00 -1.258719e+01
    endloop
  endfacet
  facet normal -1.000000e+00 2.122703e-13 -6.700946e-14
    outer loop
      vertex   3.041727e+01 7.250989e+00 -1.262949e+01
      vertex   3.041727e+01 7.214133e+00 -1.258719e+01
      vertex   3.041727e+01 7.322264e+00 -1.224466e+01
    endloop
  endfacet
  facet normal -1.000000e+00 7.079379e-13 -2.234817e-13
    outer loop
      vertex   3.041727e+01 7.322264e+00 -1.224466e+01
      vertex   3.041727e+01 7.214133e+00 -1.258719e+01
      vertex   3.041727e+01 7.285492e+00 -1.220217e+01
    endloop
  endfacet
  facet normal -1.000000e+00 9.002897e-13 -5.700561e-14
    outer loop
      vertex   3.041727e+01 7.322264e+00 -1.224466e+01
      vertex   3.041727e+01 7.285492e+00 -1.220217e+01
      vertex   3.041727e+01 7.341218e+00 -1.188300e+01
    endloop
  endfacet
  facet normal -1.000000e+00 9.045533e-13 -5.775002e-14
    outer loop
      vertex   3.041727e+01 7.341218e+00 -1.188300e+01
      vertex   3.041727e+01 7.285492e+00 -1.220217e+01
      vertex   3.041727e+01 7.303491e+00 -1.185872e+01
    endloop
  endfacet
  facet normal -1.000000e+00 5.672377e-13 -5.820098e-13
    outer loop
      vertex   3.041727e+01 7.341218e+00 -1.188300e+01
      vertex   3.041727e+01 7.303491e+00 -1.185872e+01
      vertex   3.041727e+01 8.811229e+01 6.895008e+01
    endloop
  endfacet
  facet normal -1.000000e+00 -5.788939e-14 4.263786e-14
    outer loop
      vertex   3.041727e+01 7.341218e+00 -1.188300e+01
      vertex   3.041727e+01 8.811229e+01 6.895008e+01
      vertex   3.041727e+01 8.817191e+01 6.894769e+01
    endloop
  endfacet
  facet normal -1.000000e+00 -6.222304e-14 -6.557258e-14
    outer loop
      vertex   3.041727e+01 8.817191e+01 6.894769e+01
      vertex   3.041727e+01 8.811229e+01 6.895008e+01
      vertex   3.041727e+01 8.813972e+01 6.897824e+01
    endloop
  endfacet
  facet normal -1.000000e+00 -1.731902e-14 -1.825132e-14
    outer loop
      vertex   3.041727e+01 8.817191e+01 6.894769e+01
      vertex   3.041727e+01 8.813972e+01 6.897824e+01
      vertex   3.041727e+01 8.831465e+01 6.920155e+01
    endloop
  endfacet
  facet normal -1.000000e+00 2.478998e-13 -1.673841e-13
    outer loop
      vertex   3.041727e+01 8.817191e+01 6.894769e+01
      vertex   3.041727e+01 8.831465e+01 6.920155e+01
      vertex   3.041727e+01 8.841020e+01 6.925817e+01
    endloop
  endfacet
  facet normal -1.000000e+00 2.139227e-13 -1.100406e-13
    outer loop
      vertex   3.041727e+01 8.841020e+01 6.925817e+01
      vertex   3.041727e+01 8.831465e+01 6.920155e+01
      vertex   3.041727e+01 8.844441e+01 6.945381e+01
    endloop
  endfacet
  facet normal -1.000000e+00 2.211057e-13 -1.112965e-13
    outer loop
      vertex   3.041727e+01 8.841020e+01 6.925817e+01
      vertex   3.041727e+01 8.844441e+01 6.945381e+01
      vertex   3.041727e+01 8.855999e+01 6.961957e+01
    endloop
  endfacet
  facet normal -1.000000e+00 1.385828e-13 -5.375951e-14
    outer loop
      vertex   3.041727e+01 8.855999e+01 6.961957e+01
      vertex   3.041727e+01 8.844441e+01 6.945381e+01
      vertex   3.041727e+01 8.852436e+01 6.972598e+01
    endloop
  endfacet
  facet normal -1.000000e+00 2.146712e-13 -2.828113e-14
    outer loop
      vertex   3.041727e+01 8.855999e+01 6.961957e+01
      vertex   3.041727e+01 8.852436e+01 6.972598e+01
      vertex   3.041727e+01 8.861107e+01 7.000734e+01
    endloop
  endfacet
  facet normal -1.000000e+00 1.790182e-13 -1.729287e-14
    outer loop
      vertex   3.041727e+01 8.861107e+01 7.000734e+01
      vertex   3.041727e+01 8.852436e+01 6.972598e+01
      vertex   3.041727e+01 8.855163e+01 7.000834e+01
    endloop
  endfacet
  facet normal -1.000000e+00 1.795891e-13 1.676801e-14
    outer loop
      vertex   3.041727e+01 8.861107e+01 7.000734e+01
      vertex   3.041727e+01 8.855163e+01 7.000834e+01
      vertex   3.041727e+01 8.852526e+01 7.029079e+01
    endloop
  endfacet
  facet normal -1.000000e+00 2.198874e-13 2.896833e-14
    outer loop
      vertex   3.041727e+01 8.861107e+01 7.000734e+01
      vertex   3.041727e+01 8.852526e+01 7.029079e+01
      vertex   3.041727e+01 8.855999e+01 7.039511e+01
    endloop
  endfacet
  facet normal -1.000000e+00 1.639492e-13 4.758791e-14
    outer loop
      vertex   3.041727e+01 8.855999e+01 7.039511e+01
      vertex   3.041727e+01 8.852526e+01 7.029079e+01
      vertex   3.041727e+01 8.844619e+01 7.056321e+01
    endloop
  endfacet
  facet normal -1.000000e+00 2.414989e-13 1.000878e-13
    outer loop
      vertex   3.041727e+01 8.855999e+01 7.039511e+01
      vertex   3.041727e+01 8.844619e+01 7.056321e+01
      vertex   3.041727e+01 8.841020e+01 7.075652e+01
    endloop
  endfacet
  facet normal -1.000000e+00 1.700595e-13 8.679039e-14
    outer loop
      vertex   3.041727e+01 8.841020e+01 7.075652e+01
      vertex   3.041727e+01 8.844619e+01 7.056321e+01
      vertex   3.041727e+01 8.831724e+01 7.081588e+01
    endloop
  endfacet
  facet normal -1.000000e+00 1.388507e-13 3.791458e-14
    outer loop
      vertex   3.041727e+01 8.841020e+01 7.075652e+01
      vertex   3.041727e+01 8.831724e+01 7.081588e+01
      vertex   3.041727e+01 8.817191e+01 7.106699e+01
    endloop
  endfacet
  facet normal -1.000000e+00 -2.128170e-13 -1.656101e-13
    outer loop
      vertex   3.041727e+01 8.817191e+01 7.106699e+01
      vertex   3.041727e+01 8.831724e+01 7.081588e+01
      vertex   3.041727e+01 8.814302e+01 7.103976e+01
    endloop
  endfacet
  facet normal -1.000000e+00 3.047624e-13 -7.145596e-13
    outer loop
      vertex   3.041727e+01 8.817191e+01 7.106699e+01
      vertex   3.041727e+01 8.814302e+01 7.103976e+01
      vertex   3.041727e+01 8.811229e+01 7.107140e+01
    endloop
  endfacet
  facet normal -1.000000e+00 3.867255e-13 3.942524e-13
    outer loop
      vertex   3.041727e+01 8.817191e+01 7.106699e+01
      vertex   3.041727e+01 8.811229e+01 7.107140e+01
      vertex   3.041727e+01 7.401169e+01 8.522722e+01
    endloop
  endfacet
  facet normal -1.000000e+00 -5.148272e-13 -5.037845e-13
    outer loop
      vertex   3.041727e+01 7.401169e+01 8.522722e+01
      vertex   3.041727e+01 8.811229e+01 7.107140e+01
      vertex   3.041727e+01 7.395645e+01 8.522724e+01
    endloop
  endfacet
  facet normal -1.000000e+00 -5.143068e-13 4.971384e-13
    outer loop
      vertex   3.041727e+01 7.401169e+01 8.522722e+01
      vertex   3.041727e+01 7.395645e+01 8.522724e+01
      vertex   3.041727e+01 8.844175e+01 9.971255e+01
    endloop
  endfacet
  facet normal -1.000000e+00 3.859754e-13 -3.997092e-13
    outer loop
      vertex   3.041727e+01 7.401169e+01 8.522722e+01
      vertex   3.041727e+01 8.844175e+01 9.971255e+01
      vertex   3.041727e+01 8.849803e+01 9.971356e+01
    endloop
  endfacet
  facet normal -1.000000e+00 3.832480e-13 -2.483325e-13
    outer loop
      vertex   3.041727e+01 8.849803e+01 9.971356e+01
      vertex   3.041727e+01 8.844175e+01 9.971255e+01
      vertex   3.041727e+01 8.868013e+01 1.000232e+02
    endloop
  endfacet
  facet normal -1.000000e+00 -1.272026e-13 5.186007e-14
    outer loop
      vertex   3.041727e+01 8.849803e+01 9.971356e+01
      vertex   3.041727e+01 8.868013e+01 1.000232e+02
      vertex   3.041727e+01 8.873633e+01 1.000240e+02
    endloop
  endfacet
  facet normal -1.000000e+00 -1.269236e-13 3.293281e-14
    outer loop
      vertex   3.041727e+01 8.873633e+01 1.000240e+02
      vertex   3.041727e+01 8.868013e+01 1.000232e+02
      vertex   3.041727e+01 8.882998e+01 1.003850e+02
    endloop
  endfacet
  facet normal -1.000000e+00 -1.268625e-13 3.291697e-14
    outer loop
      vertex   3.041727e+01 8.873633e+01 1.000240e+02
      vertex   3.041727e+01 8.882998e+01 1.003850e+02
      vertex   3.041727e+01 8.888611e+01 1.003854e+02
    endloop
  endfacet
  facet normal -1.000000e+00 -1.267284e-13 1.668411e-14
    outer loop
      vertex   3.041727e+01 8.888611e+01 1.003854e+02
      vertex   3.041727e+01 8.882998e+01 1.003850e+02
      vertex   3.041727e+01 8.888109e+01 1.007732e+02
    endloop
  endfacet
  facet normal -1.000000e+00 -1.266503e-13 1.668512e-14
    outer loop
      vertex   3.041727e+01 8.888611e+01 1.003854e+02
      vertex   3.041727e+01 8.888109e+01 1.007732e+02
      vertex   3.041727e+01 8.893720e+01 1.007732e+02
    endloop
  endfacet
  facet normal -1.000000e+00 -1.266477e-13 -1.668477e-14
    outer loop
      vertex   3.041727e+01 8.893720e+01 1.007732e+02
      vertex   3.041727e+01 8.888109e+01 1.007732e+02
      vertex   3.041727e+01 8.888611e+01 1.011610e+02
    endloop
  endfacet
  facet normal -1.000000e+00 -1.267257e-13 -1.668376e-14
    outer loop
      vertex   3.041727e+01 8.888611e+01 1.011610e+02
      vertex   3.041727e+01 8.888109e+01 1.007732e+02
      vertex   3.041727e+01 8.882998e+01 1.011614e+02
    endloop
  endfacet
  facet normal -1.000000e+00 -1.270172e-13 -5.264155e-14
    outer loop
      vertex   3.041727e+01 8.888611e+01 1.011610e+02
      vertex   3.041727e+01 8.882998e+01 1.011614e+02
      vertex   3.041727e+01 8.873633e+01 1.015224e+02
    endloop
  endfacet
  facet normal -1.000000e+00 -1.272065e-13 -5.269067e-14
    outer loop
      vertex   3.041727e+01 8.873633e+01 1.015224e+02
      vertex   3.041727e+01 8.882998e+01 1.011614e+02
      vertex   3.041727e+01 8.868013e+01 1.015232e+02
    endloop
  endfacet
  facet normal -1.000000e+00 -1.278694e-13 -9.814325e-14
    outer loop
      vertex   3.041727e+01 8.873633e+01 1.015224e+02
      vertex   3.041727e+01 8.868013e+01 1.015232e+02
      vertex   3.041727e+01 8.849803e+01 1.018329e+02
    endloop
  endfacet
  facet normal -1.000000e+00 -4.141568e-16 -2.318982e-14
    outer loop
      vertex   3.041727e+01 8.849803e+01 1.018329e+02
      vertex   3.041727e+01 8.868013e+01 1.015232e+02
      vertex   3.041727e+01 8.844175e+01 1.018339e+02
    endloop
  endfacet
  facet normal -1.000000e+00 1.386249e-16 7.762006e-15
    outer loop
      vertex   3.041727e+01 8.849803e+01 1.018329e+02
      vertex   3.041727e+01 8.844175e+01 1.018339e+02
      vertex   3.041727e+01 6.980061e+01 1.204750e+02
    endloop
  endfacet
  facet normal -1.000000e+00 -7.738221e-15 -1.381944e-16
    outer loop
      vertex   3.041727e+01 8.849803e+01 1.018329e+02
      vertex   3.041727e+01 6.980061e+01 1.204750e+02
      vertex   3.041727e+01 6.979960e+01 1.205313e+02
    endloop
  endfacet
  facet normal -1.000000e+00 -2.318981e-14 -4.141393e-16
    outer loop
      vertex   3.041727e+01 6.979960e+01 1.205313e+02
      vertex   3.041727e+01 6.980061e+01 1.204750e+02
      vertex   3.041727e+01 6.948995e+01 1.207134e+02
    endloop
  endfacet
  facet normal -1.000000e+00 -6.064401e-14 -6.410349e-14
    outer loop
      vertex   3.041727e+01 6.979960e+01 1.205313e+02
      vertex   3.041727e+01 6.948995e+01 1.207134e+02
      vertex   3.041727e+01 6.948913e+01 1.207696e+02
    endloop
  endfacet
  facet normal -1.000000e+00 -5.598537e-14 -6.403555e-14
    outer loop
      vertex   3.041727e+01 6.948913e+01 1.207696e+02
      vertex   3.041727e+01 6.948995e+01 1.207134e+02
      vertex   3.041727e+01 6.912818e+01 1.208632e+02
    endloop
  endfacet
  facet normal -1.000000e+00 -8.882574e-14 -1.906059e-13
    outer loop
      vertex   3.041727e+01 6.948913e+01 1.207696e+02
      vertex   3.041727e+01 6.912818e+01 1.208632e+02
      vertex   3.041727e+01 6.912772e+01 1.209194e+02
    endloop
  endfacet
  facet normal -1.000000e+00 -2.502565e-14 -1.900887e-13
    outer loop
      vertex   3.041727e+01 6.912772e+01 1.209194e+02
      vertex   3.041727e+01 6.912818e+01 1.208632e+02
      vertex   3.041727e+01 6.873995e+01 1.209144e+02
    endloop
  endfacet
  facet normal -1.000000e+00 -2.666606e-14 -6.332241e-14
    outer loop
      vertex   3.041727e+01 6.912772e+01 1.209194e+02
      vertex   3.041727e+01 6.873995e+01 1.209144e+02
      vertex   3.041727e+01 6.873995e+01 1.209705e+02
    endloop
  endfacet
  facet normal -1.000000e+00 -8.194623e-16 -6.332447e-14
    outer loop
      vertex   3.041727e+01 6.873995e+01 1.209705e+02
      vertex   3.041727e+01 6.873995e+01 1.209144e+02
      vertex   3.041727e+01 6.835218e+01 1.209194e+02
    endloop
  endfacet
  facet normal -1.000000e+00 -2.456991e-15 -1.898655e-13
    outer loop
      vertex   3.041727e+01 6.835218e+01 1.209194e+02
      vertex   3.041727e+01 6.873995e+01 1.209144e+02
      vertex   3.041727e+01 6.835172e+01 1.208632e+02
    endloop
  endfacet
  facet normal -1.000000e+00 6.910358e-14 -1.904570e-13
    outer loop
      vertex   3.041727e+01 6.835218e+01 1.209194e+02
      vertex   3.041727e+01 6.835172e+01 1.208632e+02
      vertex   3.041727e+01 6.799078e+01 1.207696e+02
    endloop
  endfacet
  facet normal -1.000000e+00 6.916063e-14 -1.906769e-13
    outer loop
      vertex   3.041727e+01 6.799078e+01 1.207696e+02
      vertex   3.041727e+01 6.835172e+01 1.208632e+02
      vertex   3.041727e+01 6.798995e+01 1.207134e+02
    endloop
  endfacet
  facet normal -1.000000e+00 1.240855e-13 -1.914866e-13
    outer loop
      vertex   3.041727e+01 6.799078e+01 1.207696e+02
      vertex   3.041727e+01 6.798995e+01 1.207134e+02
      vertex   3.041727e+01 6.768030e+01 1.205313e+02
    endloop
  endfacet
  facet normal -1.000000e+00 -6.345039e-14 1.274013e-13
    outer loop
      vertex   3.041727e+01 6.768030e+01 1.205313e+02
      vertex   3.041727e+01 6.798995e+01 1.207134e+02
      vertex   3.041727e+01 6.767929e+01 1.204750e+02
    endloop
  endfacet
  facet normal -1.000000e+00 -1.440377e-13 1.288533e-13
    outer loop
      vertex   3.041727e+01 6.768030e+01 1.205313e+02
      vertex   3.041727e+01 6.767929e+01 1.204750e+02
      vertex   3.041727e+01 -1.093385e+01 4.191713e+01
    endloop
  endfacet
  facet normal 9.846700e-01 -1.744275e-01 1.399949e-15
    outer loop
      vertex   -1.222096e+02 -1.089394e+02 1.806234e+01
      vertex   -1.219627e+02 -1.075451e+02 -5.683464e+00
      vertex   -1.088459e+02 -3.349900e+01 1.646829e+01
    endloop
  endfacet
  facet normal 9.846700e-01 -1.744275e-01 -2.099298e-16
    outer loop
      vertex   -1.088459e+02 -3.349900e+01 1.646829e+01
      vertex   -1.219627e+02 -1.075451e+02 -5.683464e+00
      vertex   -1.020054e+02 5.116526e+00 -1.158781e+01
    endloop
  endfacet
  facet normal 9.846700e-01 -1.744275e-01 4.998882e-14
    outer loop
      vertex   -1.088459e+02 -3.349900e+01 1.646829e+01
      vertex   -1.020054e+02 5.116526e+00 -1.158781e+01
      vertex   -1.020018e+02 5.137026e+00 -1.119676e+01
    endloop
  endfacet
  facet normal 9.846700e-01 -1.744275e-01 -7.072457e-16
    outer loop
      vertex   -1.020018e+02 5.137026e+00 -1.119676e+01
      vertex   -8.762331e+01 8.630578e+01 6.997199e+01
      vertex   -1.088459e+02 -3.349900e+01 1.646829e+01
    endloop
  endfacet
  facet normal 9.846700e-01 -1.744275e-01 -3.800423e-15
    outer loop
      vertex   -1.088459e+02 -3.349900e+01 1.646829e+01
      vertex   -8.762331e+01 8.630578e+01 6.997199e+01
      vertex   -8.906858e+01 7.814699e+01 7.812982e+01
    endloop
  endfacet
  facet normal 9.846700e-01 -1.744275e-01 2.362064e-15
    outer loop
      vertex   -1.088459e+02 -3.349900e+01 1.646829e+01
      vertex   -8.906858e+01 7.814699e+01 7.812982e+01
      vertex   -9.001865e+01 7.278369e+01 8.365747e+01
    endloop
  endfacet
  facet normal 9.846700e-01 -1.744275e-01 1.183305e-15
    outer loop
      vertex   -9.001865e+01 7.278369e+01 8.365747e+01
      vertex   -9.029939e+01 7.119887e+01 8.529809e+01
      vertex   -1.088459e+02 -3.349900e+01 1.646829e+01
    endloop
  endfacet
  facet normal 9.846700e-01 -1.744275e-01 -3.041434e-16
    outer loop
      vertex   -1.088459e+02 -3.349900e+01 1.646829e+01
      vertex   -9.029939e+01 7.119887e+01 8.529809e+01
      vertex   -9.066821e+01 6.911685e+01 1.190841e+02
    endloop
  endfacet
  facet normal 9.846700e-01 -1.744275e-01 -3.310280e-16
    outer loop
      vertex   -9.066821e+01 6.911685e+01 1.190841e+02
      vertex   -9.029939e+01 7.119887e+01 8.529809e+01
      vertex   -8.754628e+01 8.674064e+01 1.008399e+02
    endloop
  endfacet
  facet normal 1.017118e-15 7.071068e-01 7.071068e-01
    outer loop
      vertex   -8.824567e+01 -2.921401e+01 2.075329e+01
      vertex   -8.723382e+01 -3.062822e+01 2.216751e+01
      vertex   -8.330593e+01 -2.921401e+01 2.075329e+01
    endloop
  endfacet
  facet normal -5.552302e-16 7.071068e-01 7.071068e-01
    outer loop
      vertex   -8.330593e+01 -2.921401e+01 2.075329e+01
      vertex   -8.723382e+01 -3.062822e+01 2.216751e+01
      vertex   -6.825968e+01 -3.416375e+01 2.570304e+01
    endloop
  endfacet
  facet normal 2.203294e-16 7.071068e-01 7.071068e-01
    outer loop
      vertex   -8.330593e+01 -2.921401e+01 2.075329e+01
      vertex   -6.825968e+01 -3.416375e+01 2.570304e+01
      vertex   -5.674214e+01 -3.416375e+01 2.570304e+01
    endloop
  endfacet
  facet normal 4.937477e-15 7.071068e-01 7.071068e-01
    outer loop
      vertex   -8.824567e+01 -2.921401e+01 2.075329e+01
      vertex   -8.824567e+01 -3.062822e+01 2.216751e+01
      vertex   -8.723382e+01 -3.062822e+01 2.216751e+01
    endloop
  endfacet
  facet normal -1.000000e+00 5.315588e-05 -5.315590e-05
    outer loop
      vertex   -8.824568e+01 -1.514466e+01 3.355400e+01
      vertex   -8.824574e+01 -1.643584e+01 3.353146e+01
      vertex   -8.824574e+01 -1.577898e+01 3.418832e+01
    endloop
  endfacet
  facet normal 1.303027e-10 7.071068e-01 7.071068e-01
    outer loop
      vertex   -8.824568e+01 -1.514466e+01 3.355400e+01
      vertex   -8.824574e+01 -1.577898e+01 3.418832e+01
      vertex   -8.824568e+01 -1.577898e+01 3.418832e+01
    endloop
  endfacet
  facet normal -4.892293e-02 7.923267e-01 -6.081323e-01
    outer loop
      vertex   3.041727e+01 8.841020e+01 6.925817e+01
      vertex   3.789253e+01 8.887177e+01 6.925817e+01
      vertex   3.041727e+01 8.817191e+01 6.894769e+01
    endloop
  endfacet
  facet normal -4.892293e-02 7.923267e-01 -6.081323e-01
    outer loop
      vertex   3.041727e+01 8.817191e+01 6.894769e+01
      vertex   3.789253e+01 8.887177e+01 6.925817e+01
      vertex   4.538245e+01 8.933424e+01 6.925817e+01
    endloop
  endfacet
  facet normal -4.892293e-02 7.923267e-01 -6.081323e-01
    outer loop
      vertex   3.041727e+01 8.817191e+01 6.894769e+01
      vertex   4.538245e+01 8.933424e+01 6.925817e+01
      vertex   5.287238e+01 8.979672e+01 6.925817e+01
    endloop
  endfacet
  facet normal -5.694855e-02 9.223050e-01 -3.822439e-01
    outer loop
      vertex   5.287238e+01 8.979672e+01 6.925817e+01
      vertex   4.538245e+01 8.933424e+01 6.925817e+01
      vertex   5.286316e+01 8.994593e+01 6.961957e+01
    endloop
  endfacet
  facet normal -5.694855e-02 9.223050e-01 -3.822439e-01
    outer loop
      vertex   5.287238e+01 8.979672e+01 6.925817e+01
      vertex   5.286316e+01 8.994593e+01 6.961957e+01
      vertex   6.035309e+01 9.040840e+01 6.961957e+01
    endloop
  endfacet
  facet normal -6.110256e-02 9.895809e-01 -1.303690e-01
    outer loop
      vertex   6.035309e+01 9.040840e+01 6.961957e+01
      vertex   5.286316e+01 8.994593e+01 6.961957e+01
      vertex   6.034994e+01 9.045929e+01 7.000734e+01
    endloop
  endfacet
  facet normal -6.110256e-02 9.895809e-01 -1.303690e-01
    outer loop
      vertex   6.035309e+01 9.040840e+01 6.961957e+01
      vertex   6.034994e+01 9.045929e+01 7.000734e+01
      vertex   6.783987e+01 9.092177e+01 7.000734e+01
    endloop
  endfacet
  facet normal -6.110256e-02 9.895809e-01 1.303690e-01
    outer loop
      vertex   6.783987e+01 9.092177e+01 7.000734e+01
      vertex   6.034994e+01 9.045929e+01 7.000734e+01
      vertex   6.784301e+01 9.087087e+01 7.039511e+01
    endloop
  endfacet
  facet normal -6.110256e-02 9.895809e-01 1.303690e-01
    outer loop
      vertex   6.783987e+01 9.092177e+01 7.000734e+01
      vertex   6.784301e+01 9.087087e+01 7.039511e+01
      vertex   7.532979e+01 9.133315e+01 7.039511e+01
    endloop
  endfacet
  facet normal -5.694855e-02 9.223050e-01 3.822439e-01
    outer loop
      vertex   7.532979e+01 9.133315e+01 7.039511e+01
      vertex   6.784301e+01 9.087087e+01 7.039511e+01
      vertex   7.532979e+01 9.118337e+01 7.075652e+01
    endloop
  endfacet
  facet normal -5.694855e-02 9.223050e-01 3.822439e-01
    outer loop
      vertex   7.532979e+01 9.118337e+01 7.075652e+01
      vertex   6.784301e+01 9.087087e+01 7.039511e+01
      vertex   6.785222e+01 9.072166e+01 7.075652e+01
    endloop
  endfacet
  facet normal -4.892292e-02 7.923266e-01 6.081325e-01
    outer loop
      vertex   7.532979e+01 9.118337e+01 7.075652e+01
      vertex   6.785222e+01 9.072166e+01 7.075652e+01
      vertex   7.532979e+01 9.094507e+01 7.106699e+01
    endloop
  endfacet
  facet normal -4.892292e-02 7.923266e-01 6.081325e-01
    outer loop
      vertex   7.532979e+01 9.094507e+01 7.106699e+01
      vertex   6.785222e+01 9.072166e+01 7.075652e+01
      vertex   6.036230e+01 9.025919e+01 7.075652e+01
    endloop
  endfacet
  facet normal -4.892292e-02 7.923266e-01 6.081325e-01
    outer loop
      vertex   7.532979e+01 9.094507e+01 7.106699e+01
      vertex   6.036230e+01 9.025919e+01 7.075652e+01
      vertex   5.287238e+01 8.979672e+01 7.075652e+01
    endloop
  endfacet
  facet normal -5.694855e-02 9.223050e-01 3.822439e-01
    outer loop
      vertex   5.287238e+01 8.979672e+01 7.075652e+01
      vertex   6.036230e+01 9.025919e+01 7.075652e+01
      vertex   5.286316e+01 8.994593e+01 7.039511e+01
    endloop
  endfacet
  facet normal -5.694855e-02 9.223050e-01 3.822439e-01
    outer loop
      vertex   5.287238e+01 8.979672e+01 7.075652e+01
      vertex   5.286316e+01 8.994593e+01 7.039511e+01
      vertex   4.537324e+01 8.948346e+01 7.039511e+01
    endloop
  endfacet
  facet normal -6.110256e-02 9.895809e-01 1.303690e-01
    outer loop
      vertex   4.537324e+01 8.948346e+01 7.039511e+01
      vertex   5.286316e+01 8.994593e+01 7.039511e+01
      vertex   4.537010e+01 8.953435e+01 7.000734e+01
    endloop
  endfacet
  facet normal -6.110256e-02 9.895809e-01 1.303690e-01
    outer loop
      vertex   4.537324e+01 8.948346e+01 7.039511e+01
      vertex   4.537010e+01 8.953435e+01 7.000734e+01
      vertex   3.788018e+01 8.907188e+01 7.000734e+01
    endloop
  endfacet
  facet normal -6.110256e-02 9.895809e-01 -1.303690e-01
    outer loop
      vertex   3.788018e+01 8.907188e+01 7.000734e+01
      vertex   4.537010e+01 8.953435e+01 7.000734e+01
      vertex   3.788332e+01 8.902099e+01 6.961957e+01
    endloop
  endfacet
  facet normal -6.110256e-02 9.895809e-01 -1.303690e-01
    outer loop
      vertex   3.788018e+01 8.907188e+01 7.000734e+01
      vertex   3.788332e+01 8.902099e+01 6.961957e+01
      vertex   3.041727e+01 8.861107e+01 7.000734e+01
    endloop
  endfacet
  facet normal -6.110256e-02 9.895809e-01 -1.303690e-01
    outer loop
      vertex   3.041727e+01 8.861107e+01 7.000734e+01
      vertex   3.788332e+01 8.902099e+01 6.961957e+01
      vertex   3.041727e+01 8.855999e+01 6.961957e+01
    endloop
  endfacet
  facet normal -5.694855e-02 9.223050e-01 -3.822439e-01
    outer loop
      vertex   3.041727e+01 8.855999e+01 6.961957e+01
      vertex   3.788332e+01 8.902099e+01 6.961957e+01
      vertex   3.789253e+01 8.887177e+01 6.925817e+01
    endloop
  endfacet
  facet normal -5.694855e-02 9.223050e-01 -3.822439e-01
    outer loop
      vertex   3.041727e+01 8.855999e+01 6.961957e+01
      vertex   3.789253e+01 8.887177e+01 6.925817e+01
      vertex   3.041727e+01 8.841020e+01 6.925817e+01
    endloop
  endfacet
  facet normal -6.110256e-02 9.895809e-01 1.303690e-01
    outer loop
      vertex   3.788018e+01 8.907188e+01 7.000734e+01
      vertex   3.041727e+01 8.861107e+01 7.000734e+01
      vertex   3.788332e+01 8.902099e+01 7.039511e+01
    endloop
  endfacet
  facet normal -6.110256e-02 9.895809e-01 1.303690e-01
    outer loop
      vertex   3.788332e+01 8.902099e+01 7.039511e+01
      vertex   3.041727e+01 8.861107e+01 7.000734e+01
      vertex   3.041727e+01 8.855999e+01 7.039511e+01
    endloop
  endfacet
  facet normal -5.694855e-02 9.223050e-01 3.822439e-01
    outer loop
      vertex   3.788332e+01 8.902099e+01 7.039511e+01
      vertex   3.041727e+01 8.855999e+01 7.039511e+01
      vertex   3.789253e+01 8.887177e+01 7.075652e+01
    endloop
  endfacet
  facet normal -5.694855e-02 9.223050e-01 3.822439e-01
    outer loop
      vertex   3.789253e+01 8.887177e+01 7.075652e+01
      vertex   3.041727e+01 8.855999e+01 7.039511e+01
      vertex   3.041727e+01 8.841020e+01 7.075652e+01
    endloop
  endfacet
  facet normal -4.892293e-02 7.923267e-01 6.081323e-01
    outer loop
      vertex   3.789253e+01 8.887177e+01 7.075652e+01
      vertex   3.041727e+01 8.841020e+01 7.075652e+01
      vertex   3.041727e+01 8.817191e+01 7.106699e+01
    endloop
  endfacet
  facet normal -4.892292e-02 7.923267e-01 6.081324e-01
    outer loop
      vertex   7.532979e+01 9.094507e+01 7.106699e+01
      vertex   5.287238e+01 8.979672e+01 7.075652e+01
      vertex   3.041727e+01 8.817191e+01 7.106699e+01
    endloop
  endfacet
  facet normal -4.892293e-02 7.923267e-01 6.081323e-01
    outer loop
      vertex   3.041727e+01 8.817191e+01 7.106699e+01
      vertex   5.287238e+01 8.979672e+01 7.075652e+01
      vertex   4.538245e+01 8.933424e+01 7.075652e+01
    endloop
  endfacet
  facet normal -4.892293e-02 7.923267e-01 6.081323e-01
    outer loop
      vertex   3.041727e+01 8.817191e+01 7.106699e+01
      vertex   4.538245e+01 8.933424e+01 7.075652e+01
      vertex   3.789253e+01 8.887177e+01 7.075652e+01
    endloop
  endfacet
  facet normal -5.694855e-02 9.223050e-01 3.822439e-01
    outer loop
      vertex   3.789253e+01 8.887177e+01 7.075652e+01
      vertex   4.538245e+01 8.933424e+01 7.075652e+01
      vertex   3.788332e+01 8.902099e+01 7.039511e+01
    endloop
  endfacet
  facet normal -6.110256e-02 9.895809e-01 1.303690e-01
    outer loop
      vertex   7.532979e+01 9.133315e+01 7.039511e+01
      vertex   7.532979e+01 9.138424e+01 7.000734e+01
      vertex   6.783987e+01 9.092177e+01 7.000734e+01
    endloop
  endfacet
  facet normal -6.110256e-02 9.895809e-01 -1.303690e-01
    outer loop
      vertex   6.783987e+01 9.092177e+01 7.000734e+01
      vertex   7.532979e+01 9.138424e+01 7.000734e+01
      vertex   7.532979e+01 9.133315e+01 6.961958e+01
    endloop
  endfacet
  facet normal -6.110256e-02 9.895809e-01 -1.303690e-01
    outer loop
      vertex   6.783987e+01 9.092177e+01 7.000734e+01
      vertex   7.532979e+01 9.133315e+01 6.961958e+01
      vertex   6.784301e+01 9.087087e+01 6.961958e+01
    endloop
  endfacet
  facet normal -5.694855e-02 9.223050e-01 -3.822439e-01
    outer loop
      vertex   6.784301e+01 9.087087e+01 6.961958e+01
      vertex   7.532979e+01 9.133315e+01 6.961958e+01
      vertex   7.532979e+01 9.118337e+01 6.925817e+01
    endloop
  endfacet
  facet normal -5.694855e-02 9.223050e-01 -3.822439e-01
    outer loop
      vertex   6.784301e+01 9.087087e+01 6.961958e+01
      vertex   7.532979e+01 9.118337e+01 6.925817e+01
      vertex   6.785222e+01 9.072166e+01 6.925817e+01
    endloop
  endfacet
  facet normal -4.892293e-02 7.923267e-01 -6.081323e-01
    outer loop
      vertex   6.785222e+01 9.072166e+01 6.925817e+01
      vertex   7.532979e+01 9.118337e+01 6.925817e+01
      vertex   7.532979e+01 9.094507e+01 6.894769e+01
    endloop
  endfacet
  facet normal -4.892293e-02 7.923267e-01 -6.081323e-01
    outer loop
      vertex   6.785222e+01 9.072166e+01 6.925817e+01
      vertex   7.532979e+01 9.094507e+01 6.894769e+01
      vertex   6.036230e+01 9.025919e+01 6.925817e+01
    endloop
  endfacet
  facet normal -4.892293e-02 7.923267e-01 -6.081323e-01
    outer loop
      vertex   6.036230e+01 9.025919e+01 6.925817e+01
      vertex   7.532979e+01 9.094507e+01 6.894769e+01
      vertex   5.287238e+01 8.979672e+01 6.925817e+01
    endloop
  endfacet
  facet normal -5.694855e-02 9.223050e-01 -3.822439e-01
    outer loop
      vertex   6.036230e+01 9.025919e+01 6.925817e+01
      vertex   5.287238e+01 8.979672e+01 6.925817e+01
      vertex   6.035309e+01 9.040840e+01 6.961957e+01
    endloop
  endfacet
  facet normal -4.892293e-02 7.923267e-01 -6.081323e-01
    outer loop
      vertex   7.532979e+01 9.094507e+01 6.894769e+01
      vertex   3.041727e+01 8.817191e+01 6.894769e+01
      vertex   5.287238e+01 8.979672e+01 6.925817e+01
    endloop
  endfacet
  facet normal -6.110256e-02 9.895809e-01 -1.303690e-01
    outer loop
      vertex   6.035309e+01 9.040840e+01 6.961957e+01
      vertex   6.783987e+01 9.092177e+01 7.000734e+01
      vertex   6.784301e+01 9.087087e+01 6.961958e+01
    endloop
  endfacet
  facet normal -5.694855e-02 9.223050e-01 -3.822439e-01
    outer loop
      vertex   4.538245e+01 8.933424e+01 6.925817e+01
      vertex   3.789253e+01 8.887177e+01 6.925817e+01
      vertex   4.537324e+01 8.948346e+01 6.961957e+01
    endloop
  endfacet
  facet normal -5.694855e-02 9.223050e-01 -3.822439e-01
    outer loop
      vertex   4.537324e+01 8.948346e+01 6.961957e+01
      vertex   3.789253e+01 8.887177e+01 6.925817e+01
      vertex   3.788332e+01 8.902099e+01 6.961957e+01
    endloop
  endfacet
  facet normal -6.110256e-02 9.895809e-01 -1.303690e-01
    outer loop
      vertex   4.537324e+01 8.948346e+01 6.961957e+01
      vertex   3.788332e+01 8.902099e+01 6.961957e+01
      vertex   4.537010e+01 8.953435e+01 7.000734e+01
    endloop
  endfacet
  facet normal -5.694855e-02 9.223050e-01 -3.822439e-01
    outer loop
      vertex   6.784301e+01 9.087087e+01 6.961958e+01
      vertex   6.785222e+01 9.072166e+01 6.925817e+01
      vertex   6.036230e+01 9.025919e+01 6.925817e+01
    endloop
  endfacet
  facet normal -5.694855e-02 9.223050e-01 -3.822439e-01
    outer loop
      vertex   6.784301e+01 9.087087e+01 6.961958e+01
      vertex   6.036230e+01 9.025919e+01 6.925817e+01
      vertex   6.035309e+01 9.040840e+01 6.961957e+01
    endloop
  endfacet
  facet normal -5.694855e-02 9.223050e-01 -3.822439e-01
    outer loop
      vertex   4.538245e+01 8.933424e+01 6.925817e+01
      vertex   4.537324e+01 8.948346e+01 6.961957e+01
      vertex   5.286316e+01 8.994593e+01 6.961957e+01
    endloop
  endfacet
  facet normal -6.110256e-02 9.895809e-01 -1.303690e-01
    outer loop
      vertex   5.286316e+01 8.994593e+01 6.961957e+01
      vertex   4.537324e+01 8.948346e+01 6.961957e+01
      vertex   5.286002e+01 8.999682e+01 7.000734e+01
    endloop
  endfacet
  facet normal -6.110256e-02 9.895809e-01 -1.303690e-01
    outer loop
      vertex   5.286316e+01 8.994593e+01 6.961957e+01
      vertex   5.286002e+01 8.999682e+01 7.000734e+01
      vertex   6.034994e+01 9.045929e+01 7.000734e+01
    endloop
  endfacet
  facet normal -6.110256e-02 9.895809e-01 1.303690e-01
    outer loop
      vertex   6.034994e+01 9.045929e+01 7.000734e+01
      vertex   5.286002e+01 8.999682e+01 7.000734e+01
      vertex   6.035309e+01 9.040840e+01 7.039511e+01
    endloop
  endfacet
  facet normal -6.110256e-02 9.895809e-01 1.303690e-01
    outer loop
      vertex   6.034994e+01 9.045929e+01 7.000734e+01
      vertex   6.035309e+01 9.040840e+01 7.039511e+01
      vertex   6.784301e+01 9.087087e+01 7.039511e+01
    endloop
  endfacet
  facet normal -5.694855e-02 9.223050e-01 3.822439e-01
    outer loop
      vertex   6.784301e+01 9.087087e+01 7.039511e+01
      vertex   6.035309e+01 9.040840e+01 7.039511e+01
      vertex   6.785222e+01 9.072166e+01 7.075652e+01
    endloop
  endfacet
  facet normal -6.110256e-02 9.895809e-01 -1.303690e-01
    outer loop
      vertex   5.286002e+01 8.999682e+01 7.000734e+01
      vertex   4.537324e+01 8.948346e+01 6.961957e+01
      vertex   4.537010e+01 8.953435e+01 7.000734e+01
    endloop
  endfacet
  facet normal -6.110256e-02 9.895809e-01 1.303690e-01
    outer loop
      vertex   4.537324e+01 8.948346e+01 7.039511e+01
      vertex   3.788018e+01 8.907188e+01 7.000734e+01
      vertex   3.788332e+01 8.902099e+01 7.039511e+01
    endloop
  endfacet
  facet normal -6.110256e-02 9.895809e-01 1.303690e-01
    outer loop
      vertex   6.035309e+01 9.040840e+01 7.039511e+01
      vertex   5.286002e+01 8.999682e+01 7.000734e+01
      vertex   5.286316e+01 8.994593e+01 7.039511e+01
    endloop
  endfacet
  facet normal -6.110256e-02 9.895809e-01 1.303690e-01
    outer loop
      vertex   5.286316e+01 8.994593e+01 7.039511e+01
      vertex   5.286002e+01 8.999682e+01 7.000734e+01
      vertex   4.537010e+01 8.953435e+01 7.000734e+01
    endloop
  endfacet
  facet normal -5.694855e-02 9.223050e-01 3.822439e-01
    outer loop
      vertex   5.287238e+01 8.979672e+01 7.075652e+01
      vertex   4.537324e+01 8.948346e+01 7.039511e+01
      vertex   4.538245e+01 8.933424e+01 7.075652e+01
    endloop
  endfacet
  facet normal -5.694855e-02 9.223050e-01 3.822439e-01
    outer loop
      vertex   4.538245e+01 8.933424e+01 7.075652e+01
      vertex   4.537324e+01 8.948346e+01 7.039511e+01
      vertex   3.788332e+01 8.902099e+01 7.039511e+01
    endloop
  endfacet
  facet normal -5.694855e-02 9.223050e-01 3.822439e-01
    outer loop
      vertex   6.785222e+01 9.072166e+01 7.075652e+01
      vertex   6.035309e+01 9.040840e+01 7.039511e+01
      vertex   6.036230e+01 9.025919e+01 7.075652e+01
    endloop
  endfacet
  facet normal -5.694855e-02 9.223050e-01 3.822439e-01
    outer loop
      vertex   6.036230e+01 9.025919e+01 7.075652e+01
      vertex   6.035309e+01 9.040840e+01 7.039511e+01
      vertex   5.286316e+01 8.994593e+01 7.039511e+01
    endloop
  endfacet
  facet normal -4.361939e-02 7.064338e-01 -7.064338e-01
    outer loop
      vertex   3.041727e+01 7.341218e+00 -1.188300e+01
      vertex   3.041727e+01 8.817191e+01 6.894769e+01
      vertex   7.532979e+01 9.260059e+00 -1.273732e+01
    endloop
  endfacet
  facet normal -4.361939e-02 7.064338e-01 -7.064338e-01
    outer loop
      vertex   7.532979e+01 9.260059e+00 -1.273732e+01
      vertex   3.041727e+01 8.817191e+01 6.894769e+01
      vertex   7.532979e+01 9.094507e+01 6.894769e+01
    endloop
  endfacet
  facet normal -6.059920e-05 7.933533e-01 -6.087614e-01
    outer loop
      vertex   -8.929917e+01 8.831137e+01 6.922144e+01
      vertex   -8.135762e+01 8.831398e+01 6.922405e+01
      vertex   -8.934140e+01 8.807298e+01 6.891077e+01
    endloop
  endfacet
  facet normal -6.059920e-05 7.933533e-01 -6.087614e-01
    outer loop
      vertex   -8.934140e+01 8.807298e+01 6.891077e+01
      vertex   -8.135762e+01 8.831398e+01 6.922405e+01
      vertex   -7.337366e+01 8.831660e+01 6.922667e+01
    endloop
  endfacet
  facet normal -6.059920e-05 7.933533e-01 -6.087614e-01
    outer loop
      vertex   -8.934140e+01 8.807298e+01 6.891077e+01
      vertex   -7.337366e+01 8.831660e+01 6.922667e+01
      vertex   -6.538971e+01 8.831922e+01 6.922929e+01
    endloop
  endfacet
  facet normal -1.776678e-04 9.238795e-01 -3.826835e-01
    outer loop
      vertex   -6.538971e+01 8.831922e+01 6.922929e+01
      vertex   -7.337366e+01 8.831660e+01 6.922667e+01
      vertex   -6.538987e+01 8.846907e+01 6.959106e+01
    endloop
  endfacet
  facet normal -1.776678e-04 9.238795e-01 -3.826835e-01
    outer loop
      vertex   -6.538971e+01 8.831922e+01 6.922929e+01
      vertex   -6.538987e+01 8.846907e+01 6.959106e+01
      vertex   -5.740592e+01 8.847169e+01 6.959368e+01
    endloop
  endfacet
  facet normal -2.825503e-04 9.914170e-01 -1.307374e-01
    outer loop
      vertex   -5.740592e+01 8.847169e+01 6.959368e+01
      vertex   -6.538987e+01 8.846907e+01 6.959106e+01
      vertex   -5.740606e+01 8.852280e+01 6.998127e+01
    endloop
  endfacet
  facet normal -2.851630e-04 9.914170e-01 -1.307374e-01
    outer loop
      vertex   -5.740592e+01 8.847169e+01 6.959368e+01
      vertex   -5.740606e+01 8.852280e+01 6.998127e+01
      vertex   -4.942210e+01 8.852542e+01 6.998373e+01
    endloop
  endfacet
  facet normal -3.656313e-04 9.914795e-01 1.302620e-01
    outer loop
      vertex   -4.942210e+01 8.852542e+01 6.998373e+01
      vertex   -5.740606e+01 8.852280e+01 6.998127e+01
      vertex   -4.942221e+01 8.847431e+01 7.037276e+01
    endloop
  endfacet
  facet normal -3.682536e-04 9.914795e-01 1.302620e-01
    outer loop
      vertex   -4.942210e+01 8.852542e+01 6.998373e+01
      vertex   -4.942221e+01 8.847431e+01 7.037276e+01
      vertex   -4.143826e+01 8.847693e+01 7.037538e+01
    endloop
  endfacet
  facet normal -4.289281e-04 9.238795e-01 3.826834e-01
    outer loop
      vertex   -4.143826e+01 8.847693e+01 7.037538e+01
      vertex   -4.942221e+01 8.847431e+01 7.037276e+01
      vertex   -4.143833e+01 8.832708e+01 7.073715e+01
    endloop
  endfacet
  facet normal -4.289281e-04 9.238795e-01 3.826834e-01
    outer loop
      vertex   -4.143826e+01 8.847693e+01 7.037538e+01
      vertex   -4.143833e+01 8.832708e+01 7.073715e+01
      vertex   -3.345437e+01 8.832970e+01 7.073977e+01
    endloop
  endfacet
  facet normal -4.593559e-04 8.022174e-01 5.970318e-01
    outer loop
      vertex   -3.345437e+01 8.832970e+01 7.073977e+01
      vertex   -4.143833e+01 8.832708e+01 7.073715e+01
      vertex   3.041727e+01 8.814302e+01 7.103976e+01
    endloop
  endfacet
  facet normal -4.593559e-04 8.022174e-01 5.970318e-01
    outer loop
      vertex   -3.345437e+01 8.832970e+01 7.073977e+01
      vertex   3.041727e+01 8.814302e+01 7.103976e+01
      vertex   -2.547041e+01 8.833233e+01 7.074239e+01
    endloop
  endfacet
  facet normal -4.593559e-04 8.022174e-01 5.970318e-01
    outer loop
      vertex   -2.547041e+01 8.833233e+01 7.074239e+01
      vertex   3.041727e+01 8.814302e+01 7.103976e+01
      vertex   -1.748645e+01 8.833495e+01 7.074501e+01
    endloop
  endfacet
  facet normal -4.289281e-04 9.238795e-01 3.826834e-01
    outer loop
      vertex   -2.547041e+01 8.833233e+01 7.074239e+01
      vertex   -1.748645e+01 8.833495e+01 7.074501e+01
      vertex   -2.547034e+01 8.848218e+01 7.038062e+01
    endloop
  endfacet
  facet normal -4.289281e-04 9.238795e-01 3.826834e-01
    outer loop
      vertex   -2.547034e+01 8.848218e+01 7.038062e+01
      vertex   -1.748645e+01 8.833495e+01 7.074501e+01
      vertex   -1.748638e+01 8.848480e+01 7.038324e+01
    endloop
  endfacet
  facet normal -3.682083e-04 9.915004e-01 1.301033e-01
    outer loop
      vertex   -2.547034e+01 8.848218e+01 7.038062e+01
      vertex   -1.748638e+01 8.848480e+01 7.038324e+01
      vertex   -2.547023e+01 8.853329e+01 6.999111e+01
    endloop
  endfacet
  facet normal -3.655667e-04 9.915073e-01 1.300503e-01
    outer loop
      vertex   -2.547023e+01 8.853329e+01 6.999111e+01
      vertex   -1.748638e+01 8.848480e+01 7.038324e+01
      vertex   -1.748627e+01 8.853591e+01 6.999358e+01
    endloop
  endfacet
  facet normal -2.850801e-04 9.913891e-01 -1.309491e-01
    outer loop
      vertex   -2.547023e+01 8.853329e+01 6.999111e+01
      vertex   -1.748627e+01 8.853591e+01 6.999358e+01
      vertex   -2.547009e+01 8.848218e+01 6.960417e+01
    endloop
  endfacet
  facet normal -2.824519e-04 9.913821e-01 -1.310020e-01
    outer loop
      vertex   -2.547009e+01 8.848218e+01 6.960417e+01
      vertex   -1.748627e+01 8.853591e+01 6.999358e+01
      vertex   -1.748613e+01 8.848480e+01 6.960679e+01
    endloop
  endfacet
  facet normal -1.776678e-04 9.238795e-01 -3.826835e-01
    outer loop
      vertex   -2.547009e+01 8.848218e+01 6.960417e+01
      vertex   -1.748613e+01 8.848480e+01 6.960679e+01
      vertex   -2.546992e+01 8.833233e+01 6.924239e+01
    endloop
  endfacet
  facet normal -1.776678e-04 9.238795e-01 -3.826835e-01
    outer loop
      vertex   -2.546992e+01 8.833233e+01 6.924239e+01
      vertex   -1.748613e+01 8.848480e+01 6.960679e+01
      vertex   -1.748596e+01 8.833495e+01 6.924501e+01
    endloop
  endfacet
  facet normal -6.662464e-05 8.012610e-01 -5.983149e-01
    outer loop
      vertex   -2.546992e+01 8.833233e+01 6.924239e+01
      vertex   -1.748596e+01 8.833495e+01 6.924501e+01
      vertex   3.041727e+01 8.813972e+01 6.897824e+01
    endloop
  endfacet
  facet normal -6.662464e-05 8.012610e-01 -5.983149e-01
    outer loop
      vertex   3.041727e+01 8.813972e+01 6.897824e+01
      vertex   -1.748596e+01 8.833495e+01 6.924501e+01
      vertex   -9.502005e+00 8.833757e+01 6.924764e+01
    endloop
  endfacet
  facet normal -6.662464e-05 8.012610e-01 -5.983149e-01
    outer loop
      vertex   3.041727e+01 8.813972e+01 6.897824e+01
      vertex   -9.502005e+00 8.833757e+01 6.924764e+01
      vertex   -1.518047e+00 8.834019e+01 6.925026e+01
    endloop
  endfacet
  facet normal -1.776678e-04 9.238795e-01 -3.826835e-01
    outer loop
      vertex   -1.518047e+00 8.834019e+01 6.925026e+01
      vertex   -9.502005e+00 8.833757e+01 6.924764e+01
      vertex   -1.518215e+00 8.849004e+01 6.961203e+01
    endloop
  endfacet
  facet normal -1.776678e-04 9.238795e-01 -3.826835e-01
    outer loop
      vertex   -1.518047e+00 8.834019e+01 6.925026e+01
      vertex   -1.518215e+00 8.849004e+01 6.961203e+01
      vertex   6.465742e+00 8.849266e+01 6.961465e+01
    endloop
  endfacet
  facet normal -2.823929e-04 9.913611e-01 -1.311608e-01
    outer loop
      vertex   6.465742e+00 8.849266e+01 6.961465e+01
      vertex   -1.518215e+00 8.849004e+01 6.961203e+01
      vertex   6.465599e+00 8.854377e+01 7.000096e+01
    endloop
  endfacet
  facet normal -2.849972e-04 9.913611e-01 -1.311608e-01
    outer loop
      vertex   6.465742e+00 8.849266e+01 6.961465e+01
      vertex   6.465599e+00 8.854377e+01 7.000096e+01
      vertex   1.444956e+01 8.854639e+01 7.000342e+01
    endloop
  endfacet
  facet normal -3.655020e-04 9.915351e-01 1.298386e-01
    outer loop
      vertex   1.444956e+01 8.854639e+01 7.000342e+01
      vertex   6.465599e+00 8.854377e+01 7.000096e+01
      vertex   1.444944e+01 8.849528e+01 7.039373e+01
    endloop
  endfacet
  facet normal -3.681328e-04 9.915351e-01 1.298386e-01
    outer loop
      vertex   1.444956e+01 8.854639e+01 7.000342e+01
      vertex   1.444944e+01 8.849528e+01 7.039373e+01
      vertex   2.243340e+01 8.849790e+01 7.039635e+01
    endloop
  endfacet
  facet normal -4.289281e-04 9.238795e-01 3.826834e-01
    outer loop
      vertex   2.243340e+01 8.849790e+01 7.039635e+01
      vertex   1.444944e+01 8.849528e+01 7.039373e+01
      vertex   2.243333e+01 8.834805e+01 7.075812e+01
    endloop
  endfacet
  facet normal -2.013673e-03 9.238778e-01 3.826824e-01
    outer loop
      vertex   2.243340e+01 8.849790e+01 7.039635e+01
      vertex   2.243333e+01 8.834805e+01 7.075812e+01
      vertex   3.041727e+01 8.844619e+01 7.056321e+01
    endloop
  endfacet
  facet normal 1.491060e-04 8.907081e-01 4.545756e-01
    outer loop
      vertex   3.041727e+01 8.844619e+01 7.056321e+01
      vertex   2.243333e+01 8.834805e+01 7.075812e+01
      vertex   3.041727e+01 8.831724e+01 7.081588e+01
    endloop
  endfacet
  facet normal -1.397156e-03 7.891973e-01 6.141381e-01
    outer loop
      vertex   3.041727e+01 8.831724e+01 7.081588e+01
      vertex   2.243333e+01 8.834805e+01 7.075812e+01
      vertex   3.041727e+01 8.814302e+01 7.103976e+01
    endloop
  endfacet
  facet normal -4.593559e-04 8.022174e-01 5.970318e-01
    outer loop
      vertex   3.041727e+01 8.814302e+01 7.103976e+01
      vertex   2.243333e+01 8.834805e+01 7.075812e+01
      vertex   1.444938e+01 8.834543e+01 7.075550e+01
    endloop
  endfacet
  facet normal -4.593559e-04 8.022174e-01 5.970318e-01
    outer loop
      vertex   3.041727e+01 8.814302e+01 7.103976e+01
      vertex   1.444938e+01 8.834543e+01 7.075550e+01
      vertex   6.465418e+00 8.834281e+01 7.075288e+01
    endloop
  endfacet
  facet normal -4.289281e-04 9.238795e-01 3.826834e-01
    outer loop
      vertex   6.465418e+00 8.834281e+01 7.075288e+01
      vertex   1.444938e+01 8.834543e+01 7.075550e+01
      vertex   6.465487e+00 8.849266e+01 7.039111e+01
    endloop
  endfacet
  facet normal -4.289281e-04 9.238795e-01 3.826834e-01
    outer loop
      vertex   6.465418e+00 8.834281e+01 7.075288e+01
      vertex   6.465487e+00 8.849266e+01 7.039111e+01
      vertex   -1.518470e+00 8.849004e+01 7.038849e+01
    endloop
  endfacet
  facet normal -3.681630e-04 9.915212e-01 1.299445e-01
    outer loop
      vertex   -1.518470e+00 8.849004e+01 7.038849e+01
      vertex   6.465487e+00 8.849266e+01 7.039111e+01
      vertex   -1.518359e+00 8.854115e+01 6.999850e+01
    endloop
  endfacet
  facet normal -3.655344e-04 9.915212e-01 1.299445e-01
    outer loop
      vertex   -1.518470e+00 8.849004e+01 7.038849e+01
      vertex   -1.518359e+00 8.854115e+01 6.999850e+01
      vertex   -9.502316e+00 8.853853e+01 6.999604e+01
    endloop
  endfacet
  facet normal -2.850387e-04 9.913751e-01 -1.310549e-01
    outer loop
      vertex   -9.502316e+00 8.853853e+01 6.999604e+01
      vertex   -1.518359e+00 8.854115e+01 6.999850e+01
      vertex   -9.502173e+00 8.848742e+01 6.960941e+01
    endloop
  endfacet
  facet normal -2.824323e-04 9.913751e-01 -1.310549e-01
    outer loop
      vertex   -9.502316e+00 8.853853e+01 6.999604e+01
      vertex   -9.502173e+00 8.848742e+01 6.960941e+01
      vertex   -1.748613e+01 8.848480e+01 6.960679e+01
    endloop
  endfacet
  facet normal -1.776678e-04 9.238795e-01 -3.826835e-01
    outer loop
      vertex   -1.748613e+01 8.848480e+01 6.960679e+01
      vertex   -9.502173e+00 8.848742e+01 6.960941e+01
      vertex   -1.748596e+01 8.833495e+01 6.924501e+01
    endloop
  endfacet
  facet normal -1.776678e-04 9.238795e-01 -3.826835e-01
    outer loop
      vertex   -8.929917e+01 8.831137e+01 6.922144e+01
      vertex   -8.927262e+01 8.846123e+01 6.958322e+01
      vertex   -8.135762e+01 8.831398e+01 6.922405e+01
    endloop
  endfacet
  facet normal -1.776678e-04 9.238795e-01 -3.826835e-01
    outer loop
      vertex   -8.135762e+01 8.831398e+01 6.922405e+01
      vertex   -8.927262e+01 8.846123e+01 6.958322e+01
      vertex   -8.135779e+01 8.846383e+01 6.958582e+01
    endloop
  endfacet
  facet normal -1.776678e-04 9.238795e-01 -3.826835e-01
    outer loop
      vertex   -8.135762e+01 8.831398e+01 6.922405e+01
      vertex   -8.135779e+01 8.846383e+01 6.958582e+01
      vertex   -7.337383e+01 8.846645e+01 6.958844e+01
    endloop
  endfacet
  facet normal -2.825896e-04 9.914309e-01 -1.306316e-01
    outer loop
      vertex   -7.337383e+01 8.846645e+01 6.958844e+01
      vertex   -8.135779e+01 8.846383e+01 6.958582e+01
      vertex   -7.337398e+01 8.851756e+01 6.997635e+01
    endloop
  endfacet
  facet normal -2.852045e-04 9.914309e-01 -1.306316e-01
    outer loop
      vertex   -7.337383e+01 8.846645e+01 6.958844e+01
      vertex   -7.337398e+01 8.851756e+01 6.997635e+01
      vertex   -6.539002e+01 8.852018e+01 6.997881e+01
    endloop
  endfacet
  facet normal -3.656636e-04 9.914656e-01 1.303679e-01
    outer loop
      vertex   -6.539002e+01 8.852018e+01 6.997881e+01
      vertex   -7.337398e+01 8.851756e+01 6.997635e+01
      vertex   -6.539013e+01 8.846907e+01 7.036752e+01
    endloop
  endfacet
  facet normal -3.682838e-04 9.914656e-01 1.303679e-01
    outer loop
      vertex   -6.539002e+01 8.852018e+01 6.997881e+01
      vertex   -6.539013e+01 8.846907e+01 7.036752e+01
      vertex   -5.740617e+01 8.847169e+01 7.037014e+01
    endloop
  endfacet
  facet normal -4.289281e-04 9.238795e-01 3.826834e-01
    outer loop
      vertex   -5.740617e+01 8.847169e+01 7.037014e+01
      vertex   -6.539013e+01 8.846907e+01 7.036752e+01
      vertex   -5.740624e+01 8.832184e+01 7.073191e+01
    endloop
  endfacet
  facet normal -4.289281e-04 9.238795e-01 3.826834e-01
    outer loop
      vertex   -5.740617e+01 8.847169e+01 7.037014e+01
      vertex   -5.740624e+01 8.832184e+01 7.073191e+01
      vertex   -4.942228e+01 8.832446e+01 7.073453e+01
    endloop
  endfacet
  facet normal -4.593559e-04 8.022174e-01 5.970318e-01
    outer loop
      vertex   -4.942228e+01 8.832446e+01 7.073453e+01
      vertex   -5.740624e+01 8.832184e+01 7.073191e+01
      vertex   3.041727e+01 8.814302e+01 7.103976e+01
    endloop
  endfacet
  facet normal -4.593559e-04 8.022174e-01 5.970318e-01
    outer loop
      vertex   -4.942228e+01 8.832446e+01 7.073453e+01
      vertex   3.041727e+01 8.814302e+01 7.103976e+01
      vertex   -4.143833e+01 8.832708e+01 7.073715e+01
    endloop
  endfacet
  facet normal -2.826093e-04 9.914379e-01 -1.305786e-01
    outer loop
      vertex   -8.135779e+01 8.846383e+01 6.958582e+01
      vertex   -8.927262e+01 8.846123e+01 6.958322e+01
      vertex   -8.135793e+01 8.851494e+01 6.997389e+01
    endloop
  endfacet
  facet normal -2.852458e-04 9.914448e-01 -1.305262e-01
    outer loop
      vertex   -8.135793e+01 8.851494e+01 6.997389e+01
      vertex   -8.927262e+01 8.846123e+01 6.958322e+01
      vertex   -8.926357e+01 8.851234e+01 6.997145e+01
    endloop
  endfacet
  facet normal -3.656959e-04 9.914517e-01 1.304737e-01
    outer loop
      vertex   -8.135793e+01 8.851494e+01 6.997389e+01
      vertex   -8.926357e+01 8.851234e+01 6.997145e+01
      vertex   -8.135804e+01 8.846383e+01 7.036228e+01
    endloop
  endfacet
  facet normal -3.683289e-04 9.914448e-01 1.305261e-01
    outer loop
      vertex   -8.135804e+01 8.846383e+01 7.036228e+01
      vertex   -8.926357e+01 8.851234e+01 6.997145e+01
      vertex   -8.927262e+01 8.846123e+01 7.035968e+01
    endloop
  endfacet
  facet normal -4.289281e-04 9.238795e-01 3.826834e-01
    outer loop
      vertex   -8.135804e+01 8.846383e+01 7.036228e+01
      vertex   -8.927262e+01 8.846123e+01 7.035968e+01
      vertex   -8.135811e+01 8.831398e+01 7.072405e+01
    endloop
  endfacet
  facet normal -4.289281e-04 9.238795e-01 3.826834e-01
    outer loop
      vertex   -8.135811e+01 8.831398e+01 7.072405e+01
      vertex   -8.927262e+01 8.846123e+01 7.035968e+01
      vertex   -8.929917e+01 8.831137e+01 7.072144e+01
    endloop
  endfacet
  facet normal -4.593559e-04 8.022174e-01 5.970318e-01
    outer loop
      vertex   -8.135811e+01 8.831398e+01 7.072405e+01
      vertex   -8.929917e+01 8.831137e+01 7.072144e+01
      vertex   3.041727e+01 8.814302e+01 7.103976e+01
    endloop
  endfacet
  facet normal -5.029957e-04 7.933560e-01 6.087577e-01
    outer loop
      vertex   3.041727e+01 8.814302e+01 7.103976e+01
      vertex   -8.929917e+01 8.831137e+01 7.072144e+01
      vertex   -8.934140e+01 8.807298e+01 7.103209e+01
    endloop
  endfacet
  facet normal -4.642183e-04 7.174261e-01 6.966345e-01
    outer loop
      vertex   3.041727e+01 8.814302e+01 7.103976e+01
      vertex   -8.934140e+01 8.807298e+01 7.103209e+01
      vertex   3.041727e+01 8.811229e+01 7.107140e+01
    endloop
  endfacet
  facet normal 3.947853e-04 9.603622e-01 2.787548e-01
    outer loop
      vertex   3.041727e+01 8.844619e+01 7.056321e+01
      vertex   3.041727e+01 8.852526e+01 7.029079e+01
      vertex   2.243340e+01 8.849790e+01 7.039635e+01
    endloop
  endfacet
  facet normal -1.681746e-03 9.915407e-01 1.297851e-01
    outer loop
      vertex   2.243340e+01 8.849790e+01 7.039635e+01
      vertex   3.041727e+01 8.852526e+01 7.029079e+01
      vertex   2.243351e+01 8.854901e+01 7.000588e+01
    endloop
  endfacet
  facet normal -3.654859e-04 9.915420e-01 1.297857e-01
    outer loop
      vertex   2.243340e+01 8.849790e+01 7.039635e+01
      vertex   2.243351e+01 8.854901e+01 7.000588e+01
      vertex   1.444956e+01 8.854639e+01 7.000342e+01
    endloop
  endfacet
  facet normal -2.849765e-04 9.913541e-01 -1.312137e-01
    outer loop
      vertex   1.444956e+01 8.854639e+01 7.000342e+01
      vertex   2.243351e+01 8.854901e+01 7.000588e+01
      vertex   1.444970e+01 8.849528e+01 6.961727e+01
    endloop
  endfacet
  facet normal -2.823732e-04 9.913541e-01 -1.312137e-01
    outer loop
      vertex   1.444956e+01 8.854639e+01 7.000342e+01
      vertex   1.444970e+01 8.849528e+01 6.961727e+01
      vertex   6.465742e+00 8.849266e+01 6.961465e+01
    endloop
  endfacet
  facet normal -1.776678e-04 9.238795e-01 -3.826835e-01
    outer loop
      vertex   6.465742e+00 8.849266e+01 6.961465e+01
      vertex   1.444970e+01 8.849528e+01 6.961727e+01
      vertex   6.465910e+00 8.834281e+01 6.925288e+01
    endloop
  endfacet
  facet normal -1.776678e-04 9.238795e-01 -3.826835e-01
    outer loop
      vertex   6.465742e+00 8.849266e+01 6.961465e+01
      vertex   6.465910e+00 8.834281e+01 6.925288e+01
      vertex   -1.518047e+00 8.834019e+01 6.925026e+01
    endloop
  endfacet
  facet normal -6.662464e-05 8.012610e-01 -5.983149e-01
    outer loop
      vertex   -1.518047e+00 8.834019e+01 6.925026e+01
      vertex   6.465910e+00 8.834281e+01 6.925288e+01
      vertex   3.041727e+01 8.813972e+01 6.897824e+01
    endloop
  endfacet
  facet normal -3.554892e-04 9.956694e-01 9.296438e-02
    outer loop
      vertex   3.041727e+01 8.852526e+01 7.029079e+01
      vertex   3.041727e+01 8.855163e+01 7.000834e+01
      vertex   2.243351e+01 8.854901e+01 7.000588e+01
    endloop
  endfacet
  facet normal -2.970989e-04 9.953667e-01 -9.615085e-02
    outer loop
      vertex   2.243351e+01 8.854901e+01 7.000588e+01
      vertex   3.041727e+01 8.855163e+01 7.000834e+01
      vertex   3.041727e+01 8.852436e+01 6.972598e+01
    endloop
  endfacet
  facet normal -1.540631e-03 9.913459e-01 -1.312669e-01
    outer loop
      vertex   2.243351e+01 8.854901e+01 7.000588e+01
      vertex   3.041727e+01 8.852436e+01 6.972598e+01
      vertex   2.243366e+01 8.849790e+01 6.961989e+01
    endloop
  endfacet
  facet normal 5.657290e-04 9.594650e-01 -2.818272e-01
    outer loop
      vertex   2.243366e+01 8.849790e+01 6.961989e+01
      vertex   3.041727e+01 8.852436e+01 6.972598e+01
      vertex   3.041727e+01 8.844441e+01 6.945381e+01
    endloop
  endfacet
  facet normal -1.770845e-03 9.238778e-01 -3.826835e-01
    outer loop
      vertex   2.243366e+01 8.849790e+01 6.961989e+01
      vertex   3.041727e+01 8.844441e+01 6.945381e+01
      vertex   2.243383e+01 8.834805e+01 6.925812e+01
    endloop
  endfacet
  facet normal 4.791377e-04 8.892485e-01 -4.574242e-01
    outer loop
      vertex   2.243383e+01 8.834805e+01 6.925812e+01
      vertex   3.041727e+01 8.844441e+01 6.945381e+01
      vertex   3.041727e+01 8.831465e+01 6.920155e+01
    endloop
  endfacet
  facet normal -1.076011e-03 7.872279e-01 -6.166612e-01
    outer loop
      vertex   2.243383e+01 8.834805e+01 6.925812e+01
      vertex   3.041727e+01 8.831465e+01 6.920155e+01
      vertex   3.041727e+01 8.813972e+01 6.897824e+01
    endloop
  endfacet
  facet normal -6.082694e-06 7.163104e-01 -6.977818e-01
    outer loop
      vertex   3.041727e+01 8.811229e+01 6.895008e+01
      vertex   -8.934140e+01 8.807298e+01 6.891077e+01
      vertex   3.041727e+01 8.813972e+01 6.897824e+01
    endloop
  endfacet
  facet normal -1.043932e-04 7.973809e-01 -6.034764e-01
    outer loop
      vertex   3.041727e+01 8.813972e+01 6.897824e+01
      vertex   -8.934140e+01 8.807298e+01 6.891077e+01
      vertex   -2.546992e+01 8.833233e+01 6.924239e+01
    endloop
  endfacet
  facet normal -1.776678e-04 9.238795e-01 -3.826835e-01
    outer loop
      vertex   -6.538987e+01 8.846907e+01 6.959106e+01
      vertex   -7.337366e+01 8.831660e+01 6.922667e+01
      vertex   -7.337383e+01 8.846645e+01 6.958844e+01
    endloop
  endfacet
  facet normal -1.776678e-04 9.238795e-01 -3.826835e-01
    outer loop
      vertex   -7.337383e+01 8.846645e+01 6.958844e+01
      vertex   -7.337366e+01 8.831660e+01 6.922667e+01
      vertex   -8.135762e+01 8.831398e+01 6.922405e+01
    endloop
  endfacet
  facet normal -6.059920e-05 7.933533e-01 -6.087614e-01
    outer loop
      vertex   -6.538971e+01 8.831922e+01 6.922929e+01
      vertex   -5.740575e+01 8.832184e+01 6.923191e+01
      vertex   -8.934140e+01 8.807298e+01 6.891077e+01
    endloop
  endfacet
  facet normal -6.059920e-05 7.933533e-01 -6.087614e-01
    outer loop
      vertex   -8.934140e+01 8.807298e+01 6.891077e+01
      vertex   -5.740575e+01 8.832184e+01 6.923191e+01
      vertex   -4.942179e+01 8.832446e+01 6.923453e+01
    endloop
  endfacet
  facet normal -6.059920e-05 7.933533e-01 -6.087614e-01
    outer loop
      vertex   -8.934140e+01 8.807298e+01 6.891077e+01
      vertex   -4.942179e+01 8.832446e+01 6.923453e+01
      vertex   -4.143783e+01 8.832708e+01 6.923715e+01
    endloop
  endfacet
  facet normal -1.776678e-04 9.238795e-01 -3.826835e-01
    outer loop
      vertex   -4.143783e+01 8.832708e+01 6.923715e+01
      vertex   -4.942179e+01 8.832446e+01 6.923453e+01
      vertex   -4.143800e+01 8.847693e+01 6.959892e+01
    endloop
  endfacet
  facet normal -1.776678e-04 9.238795e-01 -3.826835e-01
    outer loop
      vertex   -4.143783e+01 8.832708e+01 6.923715e+01
      vertex   -4.143800e+01 8.847693e+01 6.959892e+01
      vertex   -3.345404e+01 8.847956e+01 6.960154e+01
    endloop
  endfacet
  facet normal -2.824913e-04 9.913960e-01 -1.308962e-01
    outer loop
      vertex   -3.345404e+01 8.847956e+01 6.960154e+01
      vertex   -4.143800e+01 8.847693e+01 6.959892e+01
      vertex   -3.345419e+01 8.853067e+01 6.998865e+01
    endloop
  endfacet
  facet normal -2.851009e-04 9.913960e-01 -1.308962e-01
    outer loop
      vertex   -3.345404e+01 8.847956e+01 6.960154e+01
      vertex   -3.345419e+01 8.853067e+01 6.998865e+01
      vertex   -2.547023e+01 8.853329e+01 6.999111e+01
    endloop
  endfacet
  facet normal -3.655828e-04 9.915004e-01 1.301033e-01
    outer loop
      vertex   -2.547023e+01 8.853329e+01 6.999111e+01
      vertex   -3.345419e+01 8.853067e+01 6.998865e+01
      vertex   -2.547034e+01 8.848218e+01 7.038062e+01
    endloop
  endfacet
  facet normal -1.776678e-04 9.238795e-01 -3.826835e-01
    outer loop
      vertex   -6.538971e+01 8.831922e+01 6.922929e+01
      vertex   -5.740592e+01 8.847169e+01 6.959368e+01
      vertex   -5.740575e+01 8.832184e+01 6.923191e+01
    endloop
  endfacet
  facet normal -1.776678e-04 9.238795e-01 -3.826835e-01
    outer loop
      vertex   -5.740575e+01 8.832184e+01 6.923191e+01
      vertex   -5.740592e+01 8.847169e+01 6.959368e+01
      vertex   -4.942196e+01 8.847431e+01 6.959630e+01
    endloop
  endfacet
  facet normal -1.776678e-04 9.238795e-01 -3.826835e-01
    outer loop
      vertex   -5.740575e+01 8.832184e+01 6.923191e+01
      vertex   -4.942196e+01 8.847431e+01 6.959630e+01
      vertex   -4.942179e+01 8.832446e+01 6.923453e+01
    endloop
  endfacet
  facet normal -1.776678e-04 9.238795e-01 -3.826835e-01
    outer loop
      vertex   -4.942179e+01 8.832446e+01 6.923453e+01
      vertex   -4.942196e+01 8.847431e+01 6.959630e+01
      vertex   -4.143800e+01 8.847693e+01 6.959892e+01
    endloop
  endfacet
  facet normal -6.059920e-05 7.933533e-01 -6.087614e-01
    outer loop
      vertex   -2.546992e+01 8.833233e+01 6.924239e+01
      vertex   -8.934140e+01 8.807298e+01 6.891077e+01
      vertex   -3.345388e+01 8.832970e+01 6.923977e+01
    endloop
  endfacet
  facet normal -6.059920e-05 7.933533e-01 -6.087614e-01
    outer loop
      vertex   -3.345388e+01 8.832970e+01 6.923977e+01
      vertex   -8.934140e+01 8.807298e+01 6.891077e+01
      vertex   -4.143783e+01 8.832708e+01 6.923715e+01
    endloop
  endfacet
  facet normal -1.776678e-04 9.238795e-01 -3.826835e-01
    outer loop
      vertex   -3.345388e+01 8.832970e+01 6.923977e+01
      vertex   -4.143783e+01 8.832708e+01 6.923715e+01
      vertex   -3.345404e+01 8.847956e+01 6.960154e+01
    endloop
  endfacet
  facet normal -1.776678e-04 9.238795e-01 -3.826835e-01
    outer loop
      vertex   -2.547009e+01 8.848218e+01 6.960417e+01
      vertex   -2.546992e+01 8.833233e+01 6.924239e+01
      vertex   -3.345388e+01 8.832970e+01 6.923977e+01
    endloop
  endfacet
  facet normal -1.776678e-04 9.238795e-01 -3.826835e-01
    outer loop
      vertex   -2.547009e+01 8.848218e+01 6.960417e+01
      vertex   -3.345388e+01 8.832970e+01 6.923977e+01
      vertex   -3.345404e+01 8.847956e+01 6.960154e+01
    endloop
  endfacet
  facet normal -1.776678e-04 9.238795e-01 -3.826835e-01
    outer loop
      vertex   -1.518215e+00 8.849004e+01 6.961203e+01
      vertex   -9.502005e+00 8.833757e+01 6.924764e+01
      vertex   -9.502173e+00 8.848742e+01 6.960941e+01
    endloop
  endfacet
  facet normal -1.776678e-04 9.238795e-01 -3.826835e-01
    outer loop
      vertex   -9.502173e+00 8.848742e+01 6.960941e+01
      vertex   -9.502005e+00 8.833757e+01 6.924764e+01
      vertex   -1.748596e+01 8.833495e+01 6.924501e+01
    endloop
  endfacet
  facet normal -6.662464e-05 8.012610e-01 -5.983149e-01
    outer loop
      vertex   2.243383e+01 8.834805e+01 6.925812e+01
      vertex   3.041727e+01 8.813972e+01 6.897824e+01
      vertex   1.444987e+01 8.834543e+01 6.925550e+01
    endloop
  endfacet
  facet normal -6.662464e-05 8.012610e-01 -5.983149e-01
    outer loop
      vertex   1.444987e+01 8.834543e+01 6.925550e+01
      vertex   3.041727e+01 8.813972e+01 6.897824e+01
      vertex   6.465910e+00 8.834281e+01 6.925288e+01
    endloop
  endfacet
  facet normal -1.776678e-04 9.238795e-01 -3.826835e-01
    outer loop
      vertex   1.444987e+01 8.834543e+01 6.925550e+01
      vertex   6.465910e+00 8.834281e+01 6.925288e+01
      vertex   1.444970e+01 8.849528e+01 6.961727e+01
    endloop
  endfacet
  facet normal -1.776678e-04 9.238795e-01 -3.826835e-01
    outer loop
      vertex   2.243366e+01 8.849790e+01 6.961989e+01
      vertex   2.243383e+01 8.834805e+01 6.925812e+01
      vertex   1.444987e+01 8.834543e+01 6.925550e+01
    endloop
  endfacet
  facet normal -1.776678e-04 9.238795e-01 -3.826835e-01
    outer loop
      vertex   2.243366e+01 8.849790e+01 6.961989e+01
      vertex   1.444987e+01 8.834543e+01 6.925550e+01
      vertex   1.444970e+01 8.849528e+01 6.961727e+01
    endloop
  endfacet
  facet normal -2.852252e-04 9.914379e-01 -1.305786e-01
    outer loop
      vertex   -7.337398e+01 8.851756e+01 6.997635e+01
      vertex   -8.135779e+01 8.846383e+01 6.958582e+01
      vertex   -8.135793e+01 8.851494e+01 6.997389e+01
    endloop
  endfacet
  facet normal -2.851838e-04 9.914240e-01 -1.306845e-01
    outer loop
      vertex   -5.740606e+01 8.852280e+01 6.998127e+01
      vertex   -6.538987e+01 8.846907e+01 6.959106e+01
      vertex   -6.539002e+01 8.852018e+01 6.997881e+01
    endloop
  endfacet
  facet normal -2.825699e-04 9.914240e-01 -1.306845e-01
    outer loop
      vertex   -6.539002e+01 8.852018e+01 6.997881e+01
      vertex   -6.538987e+01 8.846907e+01 6.959106e+01
      vertex   -7.337383e+01 8.846645e+01 6.958844e+01
    endloop
  endfacet
  facet normal -2.825306e-04 9.914100e-01 -1.307903e-01
    outer loop
      vertex   -5.740592e+01 8.847169e+01 6.959368e+01
      vertex   -4.942210e+01 8.852542e+01 6.998373e+01
      vertex   -4.942196e+01 8.847431e+01 6.959630e+01
    endloop
  endfacet
  facet normal -2.851423e-04 9.914100e-01 -1.307903e-01
    outer loop
      vertex   -4.942196e+01 8.847431e+01 6.959630e+01
      vertex   -4.942210e+01 8.852542e+01 6.998373e+01
      vertex   -4.143815e+01 8.852805e+01 6.998619e+01
    endloop
  endfacet
  facet normal -2.825109e-04 9.914030e-01 -1.308432e-01
    outer loop
      vertex   -4.942196e+01 8.847431e+01 6.959630e+01
      vertex   -4.143815e+01 8.852805e+01 6.998619e+01
      vertex   -4.143800e+01 8.847693e+01 6.959892e+01
    endloop
  endfacet
  facet normal -2.851216e-04 9.914030e-01 -1.308432e-01
    outer loop
      vertex   -4.143800e+01 8.847693e+01 6.959892e+01
      vertex   -4.143815e+01 8.852805e+01 6.998619e+01
      vertex   -3.345419e+01 8.853067e+01 6.998865e+01
    endloop
  endfacet
  facet normal -2.824716e-04 9.913891e-01 -1.309491e-01
    outer loop
      vertex   -2.547023e+01 8.853329e+01 6.999111e+01
      vertex   -2.547009e+01 8.848218e+01 6.960417e+01
      vertex   -3.345404e+01 8.847956e+01 6.960154e+01
    endloop
  endfacet
  facet normal -2.850594e-04 9.913821e-01 -1.310020e-01
    outer loop
      vertex   -9.502316e+00 8.853853e+01 6.999604e+01
      vertex   -1.748613e+01 8.848480e+01 6.960679e+01
      vertex   -1.748627e+01 8.853591e+01 6.999358e+01
    endloop
  endfacet
  facet normal -2.850179e-04 9.913681e-01 -1.311078e-01
    outer loop
      vertex   6.465599e+00 8.854377e+01 7.000096e+01
      vertex   -1.518215e+00 8.849004e+01 6.961203e+01
      vertex   -1.518359e+00 8.854115e+01 6.999850e+01
    endloop
  endfacet
  facet normal -2.824126e-04 9.913681e-01 -1.311078e-01
    outer loop
      vertex   -1.518359e+00 8.854115e+01 6.999850e+01
      vertex   -1.518215e+00 8.849004e+01 6.961203e+01
      vertex   -9.502173e+00 8.848742e+01 6.960941e+01
    endloop
  endfacet
  facet normal -2.823536e-04 9.913471e-01 -1.312666e-01
    outer loop
      vertex   2.243351e+01 8.854901e+01 7.000588e+01
      vertex   2.243366e+01 8.849790e+01 6.961989e+01
      vertex   1.444970e+01 8.849528e+01 6.961727e+01
    endloop
  endfacet
  facet normal -3.656798e-04 9.914587e-01 1.304208e-01
    outer loop
      vertex   -7.337398e+01 8.851756e+01 6.997635e+01
      vertex   -8.135793e+01 8.851494e+01 6.997389e+01
      vertex   -7.337409e+01 8.846645e+01 7.036490e+01
    endloop
  endfacet
  facet normal -3.683140e-04 9.914517e-01 1.304737e-01
    outer loop
      vertex   -7.337409e+01 8.846645e+01 7.036490e+01
      vertex   -8.135793e+01 8.851494e+01 6.997389e+01
      vertex   -8.135804e+01 8.846383e+01 7.036228e+01
    endloop
  endfacet
  facet normal -4.289281e-04 9.238795e-01 3.826834e-01
    outer loop
      vertex   -7.337409e+01 8.846645e+01 7.036490e+01
      vertex   -8.135804e+01 8.846383e+01 7.036228e+01
      vertex   -7.337416e+01 8.831660e+01 7.072667e+01
    endloop
  endfacet
  facet normal -4.289281e-04 9.238795e-01 3.826834e-01
    outer loop
      vertex   -7.337416e+01 8.831660e+01 7.072667e+01
      vertex   -8.135804e+01 8.846383e+01 7.036228e+01
      vertex   -8.135811e+01 8.831398e+01 7.072405e+01
    endloop
  endfacet
  facet normal -4.593559e-04 8.022174e-01 5.970318e-01
    outer loop
      vertex   -7.337416e+01 8.831660e+01 7.072667e+01
      vertex   -8.135811e+01 8.831398e+01 7.072405e+01
      vertex   3.041727e+01 8.814302e+01 7.103976e+01
    endloop
  endfacet
  facet normal -3.682687e-04 9.914726e-01 1.303150e-01
    outer loop
      vertex   -4.942221e+01 8.847431e+01 7.037276e+01
      vertex   -5.740606e+01 8.852280e+01 6.998127e+01
      vertex   -5.740617e+01 8.847169e+01 7.037014e+01
    endloop
  endfacet
  facet normal -3.656475e-04 9.914726e-01 1.303150e-01
    outer loop
      vertex   -5.740617e+01 8.847169e+01 7.037014e+01
      vertex   -5.740606e+01 8.852280e+01 6.998127e+01
      vertex   -6.539002e+01 8.852018e+01 6.997881e+01
    endloop
  endfacet
  facet normal -3.656151e-04 9.914865e-01 1.302091e-01
    outer loop
      vertex   -4.942210e+01 8.852542e+01 6.998373e+01
      vertex   -4.143826e+01 8.847693e+01 7.037538e+01
      vertex   -4.143815e+01 8.852805e+01 6.998619e+01
    endloop
  endfacet
  facet normal -3.682385e-04 9.914865e-01 1.302091e-01
    outer loop
      vertex   -4.143815e+01 8.852805e+01 6.998619e+01
      vertex   -4.143826e+01 8.847693e+01 7.037538e+01
      vertex   -3.345430e+01 8.847956e+01 7.037800e+01
    endloop
  endfacet
  facet normal -3.655990e-04 9.914934e-01 1.301562e-01
    outer loop
      vertex   -4.143815e+01 8.852805e+01 6.998619e+01
      vertex   -3.345430e+01 8.847956e+01 7.037800e+01
      vertex   -3.345419e+01 8.853067e+01 6.998865e+01
    endloop
  endfacet
  facet normal -3.682234e-04 9.914934e-01 1.301562e-01
    outer loop
      vertex   -3.345419e+01 8.853067e+01 6.998865e+01
      vertex   -3.345430e+01 8.847956e+01 7.037800e+01
      vertex   -2.547034e+01 8.848218e+01 7.038062e+01
    endloop
  endfacet
  facet normal -3.655505e-04 9.915143e-01 1.299974e-01
    outer loop
      vertex   -9.502316e+00 8.853853e+01 6.999604e+01
      vertex   -1.748627e+01 8.853591e+01 6.999358e+01
      vertex   -9.502427e+00 8.848742e+01 7.038586e+01
    endloop
  endfacet
  facet normal -3.681932e-04 9.915073e-01 1.300503e-01
    outer loop
      vertex   -9.502427e+00 8.848742e+01 7.038586e+01
      vertex   -1.748627e+01 8.853591e+01 6.999358e+01
      vertex   -1.748638e+01 8.848480e+01 7.038324e+01
    endloop
  endfacet
  facet normal -4.289281e-04 9.238795e-01 3.826834e-01
    outer loop
      vertex   -9.502427e+00 8.848742e+01 7.038586e+01
      vertex   -1.748638e+01 8.848480e+01 7.038324e+01
      vertex   -9.502497e+00 8.833757e+01 7.074764e+01
    endloop
  endfacet
  facet normal -4.289281e-04 9.238795e-01 3.826834e-01
    outer loop
      vertex   -9.502497e+00 8.833757e+01 7.074764e+01
      vertex   -1.748638e+01 8.848480e+01 7.038324e+01
      vertex   -1.748645e+01 8.833495e+01 7.074501e+01
    endloop
  endfacet
  facet normal -4.593559e-04 8.022174e-01 5.970318e-01
    outer loop
      vertex   -9.502497e+00 8.833757e+01 7.074764e+01
      vertex   -1.748645e+01 8.833495e+01 7.074501e+01
      vertex   3.041727e+01 8.814302e+01 7.103976e+01
    endloop
  endfacet
  facet normal -3.681479e-04 9.915281e-01 1.298915e-01
    outer loop
      vertex   1.444944e+01 8.849528e+01 7.039373e+01
      vertex   6.465599e+00 8.854377e+01 7.000096e+01
      vertex   6.465487e+00 8.849266e+01 7.039111e+01
    endloop
  endfacet
  facet normal -3.655182e-04 9.915281e-01 1.298916e-01
    outer loop
      vertex   6.465487e+00 8.849266e+01 7.039111e+01
      vertex   6.465599e+00 8.854377e+01 7.000096e+01
      vertex   -1.518359e+00 8.854115e+01 6.999850e+01
    endloop
  endfacet
  facet normal -3.682989e-04 9.914587e-01 1.304208e-01
    outer loop
      vertex   -7.337398e+01 8.851756e+01 6.997635e+01
      vertex   -7.337409e+01 8.846645e+01 7.036490e+01
      vertex   -6.539013e+01 8.846907e+01 7.036752e+01
    endloop
  endfacet
  facet normal -4.289281e-04 9.238795e-01 3.826834e-01
    outer loop
      vertex   -6.539013e+01 8.846907e+01 7.036752e+01
      vertex   -7.337409e+01 8.846645e+01 7.036490e+01
      vertex   -6.539020e+01 8.831922e+01 7.072929e+01
    endloop
  endfacet
  facet normal -4.289281e-04 9.238795e-01 3.826834e-01
    outer loop
      vertex   -6.539013e+01 8.846907e+01 7.036752e+01
      vertex   -6.539020e+01 8.831922e+01 7.072929e+01
      vertex   -5.740624e+01 8.832184e+01 7.073191e+01
    endloop
  endfacet
  facet normal -4.593559e-04 8.022174e-01 5.970318e-01
    outer loop
      vertex   -5.740624e+01 8.832184e+01 7.073191e+01
      vertex   -6.539020e+01 8.831922e+01 7.072929e+01
      vertex   3.041727e+01 8.814302e+01 7.103976e+01
    endloop
  endfacet
  facet normal -4.289281e-04 9.238795e-01 3.826834e-01
    outer loop
      vertex   -6.539020e+01 8.831922e+01 7.072929e+01
      vertex   -7.337409e+01 8.846645e+01 7.036490e+01
      vertex   -7.337416e+01 8.831660e+01 7.072667e+01
    endloop
  endfacet
  facet normal -4.289281e-04 9.238795e-01 3.826834e-01
    outer loop
      vertex   -4.143833e+01 8.832708e+01 7.073715e+01
      vertex   -4.942221e+01 8.847431e+01 7.037276e+01
      vertex   -4.942228e+01 8.832446e+01 7.073453e+01
    endloop
  endfacet
  facet normal -4.289281e-04 9.238795e-01 3.826834e-01
    outer loop
      vertex   -4.942228e+01 8.832446e+01 7.073453e+01
      vertex   -4.942221e+01 8.847431e+01 7.037276e+01
      vertex   -5.740617e+01 8.847169e+01 7.037014e+01
    endloop
  endfacet
  facet normal -4.289281e-04 9.238795e-01 3.826834e-01
    outer loop
      vertex   -2.547041e+01 8.833233e+01 7.074239e+01
      vertex   -2.547034e+01 8.848218e+01 7.038062e+01
      vertex   -3.345430e+01 8.847956e+01 7.037800e+01
    endloop
  endfacet
  facet normal -4.289281e-04 9.238795e-01 3.826834e-01
    outer loop
      vertex   -2.547041e+01 8.833233e+01 7.074239e+01
      vertex   -3.345430e+01 8.847956e+01 7.037800e+01
      vertex   -3.345437e+01 8.832970e+01 7.073977e+01
    endloop
  endfacet
  facet normal -4.289281e-04 9.238795e-01 3.826834e-01
    outer loop
      vertex   -3.345437e+01 8.832970e+01 7.073977e+01
      vertex   -3.345430e+01 8.847956e+01 7.037800e+01
      vertex   -4.143826e+01 8.847693e+01 7.037538e+01
    endloop
  endfacet
  facet normal -3.681781e-04 9.915143e-01 1.299974e-01
    outer loop
      vertex   -9.502316e+00 8.853853e+01 6.999604e+01
      vertex   -9.502427e+00 8.848742e+01 7.038586e+01
      vertex   -1.518470e+00 8.849004e+01 7.038849e+01
    endloop
  endfacet
  facet normal -4.289281e-04 9.238795e-01 3.826834e-01
    outer loop
      vertex   -1.518470e+00 8.849004e+01 7.038849e+01
      vertex   -9.502427e+00 8.848742e+01 7.038586e+01
      vertex   -1.518540e+00 8.834019e+01 7.075026e+01
    endloop
  endfacet
  facet normal -4.289281e-04 9.238795e-01 3.826834e-01
    outer loop
      vertex   -1.518470e+00 8.849004e+01 7.038849e+01
      vertex   -1.518540e+00 8.834019e+01 7.075026e+01
      vertex   6.465418e+00 8.834281e+01 7.075288e+01
    endloop
  endfacet
  facet normal -4.593559e-04 8.022174e-01 5.970318e-01
    outer loop
      vertex   6.465418e+00 8.834281e+01 7.075288e+01
      vertex   -1.518540e+00 8.834019e+01 7.075026e+01
      vertex   3.041727e+01 8.814302e+01 7.103976e+01
    endloop
  endfacet
  facet normal -4.289281e-04 9.238795e-01 3.826834e-01
    outer loop
      vertex   -1.518540e+00 8.834019e+01 7.075026e+01
      vertex   -9.502427e+00 8.848742e+01 7.038586e+01
      vertex   -9.502497e+00 8.833757e+01 7.074764e+01
    endloop
  endfacet
  facet normal -4.289281e-04 9.238795e-01 3.826834e-01
    outer loop
      vertex   2.243333e+01 8.834805e+01 7.075812e+01
      vertex   1.444944e+01 8.849528e+01 7.039373e+01
      vertex   1.444938e+01 8.834543e+01 7.075550e+01
    endloop
  endfacet
  facet normal -4.289281e-04 9.238795e-01 3.826834e-01
    outer loop
      vertex   1.444938e+01 8.834543e+01 7.075550e+01
      vertex   1.444944e+01 8.849528e+01 7.039373e+01
      vertex   6.465487e+00 8.849266e+01 7.039111e+01
    endloop
  endfacet
  facet normal -4.593559e-04 8.022174e-01 5.970318e-01
    outer loop
      vertex   3.041727e+01 8.814302e+01 7.103976e+01
      vertex   -6.539020e+01 8.831922e+01 7.072929e+01
      vertex   -7.337416e+01 8.831660e+01 7.072667e+01
    endloop
  endfacet
  facet normal -4.593559e-04 8.022174e-01 5.970318e-01
    outer loop
      vertex   3.041727e+01 8.814302e+01 7.103976e+01
      vertex   -1.518540e+00 8.834019e+01 7.075026e+01
      vertex   -9.502497e+00 8.833757e+01 7.074764e+01
    endloop
  endfacet
  facet normal -1.024738e-11 7.071068e-01 -7.071068e-01
    outer loop
      vertex   -1.036867e+02 7.091443e+00 -1.207077e+01
      vertex   -8.934140e+01 8.807298e+01 6.891077e+01
      vertex   3.041727e+01 7.303491e+00 -1.185872e+01
    endloop
  endfacet
  facet normal -1.024737e-11 7.071068e-01 -7.071068e-01
    outer loop
      vertex   3.041727e+01 7.303491e+00 -1.185872e+01
      vertex   -8.934140e+01 8.807298e+01 6.891077e+01
      vertex   3.041727e+01 8.811229e+01 6.895008e+01
    endloop
  endfacet
  facet normal -4.361939e-02 7.064338e-01 7.064338e-01
    outer loop
      vertex   7.532979e+01 9.094507e+01 7.106699e+01
      vertex   3.041727e+01 8.817191e+01 7.106699e+01
      vertex   7.532979e+01 7.678485e+01 8.522722e+01
    endloop
  endfacet
  facet normal -4.361939e-02 7.064338e-01 7.064338e-01
    outer loop
      vertex   7.532979e+01 7.678485e+01 8.522722e+01
      vertex   3.041727e+01 8.817191e+01 7.106699e+01
      vertex   3.041727e+01 7.401169e+01 8.522722e+01
    endloop
  endfacet
  facet normal -4.642684e-04 7.071067e-01 7.071067e-01
    outer loop
      vertex   3.041727e+01 8.811229e+01 7.107140e+01
      vertex   -8.934140e+01 8.807298e+01 7.103209e+01
      vertex   3.041727e+01 7.395645e+01 8.522724e+01
    endloop
  endfacet
  facet normal -4.642684e-04 7.071067e-01 7.071067e-01
    outer loop
      vertex   3.041727e+01 7.395645e+01 8.522724e+01
      vertex   -8.934140e+01 8.807298e+01 7.103209e+01
      vertex   -9.184915e+01 7.391631e+01 8.518711e+01
    endloop
  endfacet
  facet normal -4.806297e-01 -5.802628e-01 6.574878e-01
    outer loop
      vertex   -9.183710e+01 -2.190349e+01 4.079172e+01
      vertex   -9.754869e+01 -1.730380e+01 4.067594e+01
      vertex   -9.185837e+01 -2.203583e+01 4.065939e+01
    endloop
  endfacet
  facet normal -4.456610e-01 -5.384143e-01 7.151897e-01
    outer loop
      vertex   -9.185837e+01 -2.203583e+01 4.065939e+01
      vertex   -9.754869e+01 -1.730380e+01 4.067594e+01
      vertex   -1.039610e+02 -1.249635e+01 4.029937e+01
    endloop
  endfacet
  facet normal -4.779536e-01 -5.815299e-01 6.583186e-01
    outer loop
      vertex   -9.185837e+01 -2.203583e+01 4.065939e+01
      vertex   -1.039610e+02 -1.249635e+01 4.029937e+01
      vertex   -1.039823e+02 -1.262869e+01 4.016704e+01
    endloop
  endfacet
  facet normal -4.288624e-01 -5.138291e-01 7.430052e-01
    outer loop
      vertex   -9.183710e+01 -2.190349e+01 4.079172e+01
      vertex   -9.177365e+01 -2.178475e+01 4.091047e+01
      vertex   -9.754869e+01 -1.730380e+01 4.067594e+01
    endloop
  endfacet
  facet normal -3.736965e-01 -4.388499e-01 8.171669e-01
    outer loop
      vertex   -9.754869e+01 -1.730380e+01 4.067594e+01
      vertex   -9.177365e+01 -2.178475e+01 4.091047e+01
      vertex   -9.166890e+01 -2.168128e+01 4.101394e+01
    endloop
  endfacet
  facet normal -3.452198e-01 -3.980716e-01 8.499190e-01
    outer loop
      vertex   -9.754869e+01 -1.730380e+01 4.067594e+01
      vertex   -9.166890e+01 -2.168128e+01 4.101394e+01
      vertex   -9.736763e+01 -1.706065e+01 4.086337e+01
    endloop
  endfacet
  facet normal -3.132371e-01 -3.576544e-01 8.797533e-01
    outer loop
      vertex   -9.736763e+01 -1.706065e+01 4.086337e+01
      vertex   -9.166890e+01 -2.168128e+01 4.101394e+01
      vertex   -9.152434e+01 -2.159455e+01 4.110067e+01
    endloop
  endfacet
  facet normal -2.483408e-01 -2.713928e-01 9.298779e-01
    outer loop
      vertex   -9.736763e+01 -1.706065e+01 4.086337e+01
      vertex   -9.152434e+01 -2.159455e+01 4.110067e+01
      vertex   -9.134202e+01 -2.152579e+01 4.116943e+01
    endloop
  endfacet
  facet normal -2.156317e-01 -2.258740e-01 9.499915e-01
    outer loop
      vertex   -9.736763e+01 -1.706065e+01 4.086337e+01
      vertex   -9.134202e+01 -2.152579e+01 4.116943e+01
      vertex   -9.716275e+01 -1.679081e+01 4.097403e+01
    endloop
  endfacet
  facet normal -1.799266e-01 -1.812868e-01 9.668307e-01
    outer loop
      vertex   -9.716275e+01 -1.679081e+01 4.097403e+01
      vertex   -9.134202e+01 -2.152579e+01 4.116943e+01
      vertex   -9.112452e+01 -2.147597e+01 4.121925e+01
    endloop
  endfacet
  facet normal -7.283970e-02 -4.172216e-02 9.964706e-01
    outer loop
      vertex   -9.716275e+01 -1.679081e+01 4.097403e+01
      vertex   -9.112452e+01 -2.147597e+01 4.121925e+01
      vertex   -9.059675e+01 -2.143571e+01 4.125951e+01
    endloop
  endfacet
  facet normal -7.283974e-02 -4.172221e-02 9.964706e-01
    outer loop
      vertex   -9.059675e+01 -2.143571e+01 4.125951e+01
      vertex   -1.027207e+02 -1.202857e+01 4.076716e+01
      vertex   -9.716275e+01 -1.679081e+01 4.097403e+01
    endloop
  endfacet
  facet normal -7.283977e-02 -4.172226e-02 9.964706e-01
    outer loop
      vertex   -9.716275e+01 -1.679081e+01 4.097403e+01
      vertex   -1.027207e+02 -1.202857e+01 4.076716e+01
      vertex   -1.032484e+02 -1.206883e+01 4.072689e+01
    endloop
  endfacet
  facet normal -1.799267e-01 -1.812869e-01 9.668306e-01
    outer loop
      vertex   -9.716275e+01 -1.679081e+01 4.097403e+01
      vertex   -1.032484e+02 -1.206883e+01 4.072689e+01
      vertex   -1.034659e+02 -1.211865e+01 4.067707e+01
    endloop
  endfacet
  facet normal -2.134450e-01 -2.275707e-01 9.500804e-01
    outer loop
      vertex   -9.716275e+01 -1.679081e+01 4.097403e+01
      vertex   -1.034659e+02 -1.211865e+01 4.067707e+01
      vertex   -9.736763e+01 -1.706065e+01 4.086337e+01
    endloop
  endfacet
  facet normal -2.483409e-01 -2.713929e-01 9.298778e-01
    outer loop
      vertex   -9.736763e+01 -1.706065e+01 4.086337e+01
      vertex   -1.034659e+02 -1.211865e+01 4.067707e+01
      vertex   -1.036482e+02 -1.218741e+01 4.060831e+01
    endloop
  endfacet
  facet normal -3.132372e-01 -3.576546e-01 8.797532e-01
    outer loop
      vertex   -9.736763e+01 -1.706065e+01 4.086337e+01
      vertex   -1.036482e+02 -1.218741e+01 4.060831e+01
      vertex   -1.037928e+02 -1.227414e+01 4.052158e+01
    endloop
  endfacet
  facet normal -3.430300e-01 -3.997709e-01 8.500081e-01
    outer loop
      vertex   -9.736763e+01 -1.706065e+01 4.086337e+01
      vertex   -1.037928e+02 -1.227414e+01 4.052158e+01
      vertex   -9.754869e+01 -1.730380e+01 4.067594e+01
    endloop
  endfacet
  facet normal -3.736966e-01 -4.388501e-01 8.171667e-01
    outer loop
      vertex   -9.754869e+01 -1.730380e+01 4.067594e+01
      vertex   -1.037928e+02 -1.227414e+01 4.052158e+01
      vertex   -1.038975e+02 -1.237761e+01 4.041812e+01
    endloop
  endfacet
  facet normal -4.288625e-01 -5.138292e-01 7.430050e-01
    outer loop
      vertex   -9.754869e+01 -1.730380e+01 4.067594e+01
      vertex   -1.038975e+02 -1.237761e+01 4.041812e+01
      vertex   -1.039610e+02 -1.249635e+01 4.029937e+01
    endloop
  endfacet
  facet normal -4.847966e-02 -9.908523e-01 -1.259419e-01
    outer loop
      vertex   3.041727e+01 -1.582023e+02 -4.021285e+00
      vertex   3.789338e+01 -1.585287e+02 -4.331041e+00
      vertex   3.041727e+01 -1.582500e+02 -3.645917e+00
    endloop
  endfacet
  facet normal -4.847966e-02 -9.908523e-01 -1.259419e-01
    outer loop
      vertex   3.041727e+01 -1.582500e+02 -3.645917e+00
      vertex   3.789338e+01 -1.585287e+02 -4.331041e+00
      vertex   4.538292e+01 -1.588557e+02 -4.641352e+00
    endloop
  endfacet
  facet normal -4.847966e-02 -9.908523e-01 -1.259419e-01
    outer loop
      vertex   3.041727e+01 -1.582500e+02 -3.645917e+00
      vertex   4.538292e+01 -1.588557e+02 -4.641352e+00
      vertex   5.287245e+01 -1.591827e+02 -4.951664e+00
    endloop
  endfacet
  facet normal -5.581494e-02 -9.274248e-01 -3.698214e-01
    outer loop
      vertex   5.287245e+01 -1.591827e+02 -4.951664e+00
      vertex   4.538292e+01 -1.588557e+02 -4.641352e+00
      vertex   5.286404e+01 -1.590422e+02 -5.302655e+00
    endloop
  endfacet
  facet normal -5.581494e-02 -9.274248e-01 -3.698214e-01
    outer loop
      vertex   5.287245e+01 -1.591827e+02 -4.951664e+00
      vertex   5.286404e+01 -1.590422e+02 -5.302655e+00
      vertex   6.035358e+01 -1.593692e+02 -5.612967e+00
    endloop
  endfacet
  facet normal -5.960295e-02 -8.050556e-01 -5.901973e-01
    outer loop
      vertex   6.035358e+01 -1.593692e+02 -5.612967e+00
      vertex   5.286404e+01 -1.590422e+02 -5.302655e+00
      vertex   6.035072e+01 -1.591455e+02 -5.917830e+00
    endloop
  endfacet
  facet normal -5.960295e-02 -8.050556e-01 -5.901973e-01
    outer loop
      vertex   6.035358e+01 -1.593692e+02 -5.612967e+00
      vertex   6.035072e+01 -1.591455e+02 -5.917830e+00
      vertex   6.784025e+01 -1.594725e+02 -6.228142e+00
    endloop
  endfacet
  facet normal -5.960295e-02 -6.315219e-01 -7.730638e-01
    outer loop
      vertex   6.784025e+01 -1.594725e+02 -6.228142e+00
      vertex   6.035072e+01 -1.591455e+02 -5.917830e+00
      vertex   6.784312e+01 -1.591798e+02 -6.467502e+00
    endloop
  endfacet
  facet normal -5.960295e-02 -6.315219e-01 -7.730638e-01
    outer loop
      vertex   6.784025e+01 -1.594725e+02 -6.228142e+00
      vertex   6.784312e+01 -1.591798e+02 -6.467502e+00
      vertex   7.532979e+01 -1.595067e+02 -6.777695e+00
    endloop
  endfacet
  facet normal -5.581494e-02 -4.178523e-01 -9.067989e-01
    outer loop
      vertex   7.532979e+01 -1.595067e+02 -6.777695e+00
      vertex   6.784312e+01 -1.591798e+02 -6.467502e+00
      vertex   7.532979e+01 -1.591631e+02 -6.935991e+00
    endloop
  endfacet
  facet normal -5.581494e-02 -4.178523e-01 -9.067989e-01
    outer loop
      vertex   7.532979e+01 -1.591631e+02 -6.935991e+00
      vertex   6.784312e+01 -1.591798e+02 -6.467502e+00
      vertex   6.785153e+01 -1.588366e+02 -6.626147e+00
    endloop
  endfacet
  facet normal -4.847967e-02 -1.776269e-01 -9.829030e-01
    outer loop
      vertex   7.532979e+01 -1.591631e+02 -6.935991e+00
      vertex   6.785153e+01 -1.588366e+02 -6.626147e+00
      vertex   7.532979e+01 -1.587908e+02 -7.003282e+00
    endloop
  endfacet
  facet normal -4.847967e-02 -1.776269e-01 -9.829030e-01
    outer loop
      vertex   7.532979e+01 -1.587908e+02 -7.003282e+00
      vertex   6.785153e+01 -1.588366e+02 -6.626147e+00
      vertex   6.036199e+01 -1.585096e+02 -6.315835e+00
    endloop
  endfacet
  facet normal -4.847967e-02 -1.776269e-01 -9.829030e-01
    outer loop
      vertex   7.532979e+01 -1.587908e+02 -7.003282e+00
      vertex   6.036199e+01 -1.585096e+02 -6.315835e+00
      vertex   5.287245e+01 -1.581826e+02 -6.005524e+00
    endloop
  endfacet
  facet normal -5.581494e-02 -4.178523e-01 -9.067989e-01
    outer loop
      vertex   5.287245e+01 -1.581826e+02 -6.005524e+00
      vertex   6.036199e+01 -1.585096e+02 -6.315835e+00
      vertex   5.286404e+01 -1.585258e+02 -5.846879e+00
    endloop
  endfacet
  facet normal -5.581494e-02 -4.178523e-01 -9.067989e-01
    outer loop
      vertex   5.287245e+01 -1.581826e+02 -6.005524e+00
      vertex   5.286404e+01 -1.585258e+02 -5.846879e+00
      vertex   4.537451e+01 -1.581988e+02 -5.536567e+00
    endloop
  endfacet
  facet normal -5.960295e-02 -6.315219e-01 -7.730638e-01
    outer loop
      vertex   4.537451e+01 -1.581988e+02 -5.536567e+00
      vertex   5.286404e+01 -1.585258e+02 -5.846879e+00
      vertex   4.537164e+01 -1.584915e+02 -5.297207e+00
    endloop
  endfacet
  facet normal -5.960295e-02 -6.315219e-01 -7.730638e-01
    outer loop
      vertex   4.537451e+01 -1.581988e+02 -5.536567e+00
      vertex   4.537164e+01 -1.584915e+02 -5.297207e+00
      vertex   3.788211e+01 -1.581645e+02 -4.986895e+00
    endloop
  endfacet
  facet normal -5.960295e-02 -8.050556e-01 -5.901973e-01
    outer loop
      vertex   3.788211e+01 -1.581645e+02 -4.986895e+00
      vertex   4.537164e+01 -1.584915e+02 -5.297207e+00
      vertex   3.788497e+01 -1.583882e+02 -4.682032e+00
    endloop
  endfacet
  facet normal -5.960295e-02 -8.050556e-01 -5.901973e-01
    outer loop
      vertex   3.788211e+01 -1.581645e+02 -4.986895e+00
      vertex   3.788497e+01 -1.583882e+02 -4.682032e+00
      vertex   3.041727e+01 -1.578386e+02 -4.677607e+00
    endloop
  endfacet
  facet normal -5.960295e-02 -8.050556e-01 -5.901973e-01
    outer loop
      vertex   3.041727e+01 -1.578386e+02 -4.677607e+00
      vertex   3.788497e+01 -1.583882e+02 -4.682032e+00
      vertex   3.041727e+01 -1.580622e+02 -4.372625e+00
    endloop
  endfacet
  facet normal -5.581494e-02 -9.274248e-01 -3.698214e-01
    outer loop
      vertex   3.041727e+01 -1.580622e+02 -4.372625e+00
      vertex   3.788497e+01 -1.583882e+02 -4.682032e+00
      vertex   3.789338e+01 -1.585287e+02 -4.331041e+00
    endloop
  endfacet
  facet normal -5.581494e-02 -9.274248e-01 -3.698214e-01
    outer loop
      vertex   3.041727e+01 -1.580622e+02 -4.372625e+00
      vertex   3.789338e+01 -1.585287e+02 -4.331041e+00
      vertex   3.041727e+01 -1.582023e+02 -4.021285e+00
    endloop
  endfacet
  facet normal -5.960295e-02 -6.315219e-01 -7.730638e-01
    outer loop
      vertex   3.788211e+01 -1.581645e+02 -4.986895e+00
      vertex   3.041727e+01 -1.578386e+02 -4.677607e+00
      vertex   3.788497e+01 -1.578718e+02 -5.226255e+00
    endloop
  endfacet
  facet normal -5.960295e-02 -6.315219e-01 -7.730638e-01
    outer loop
      vertex   3.788497e+01 -1.578718e+02 -5.226255e+00
      vertex   3.041727e+01 -1.578386e+02 -4.677607e+00
      vertex   3.041727e+01 -1.575457e+02 -4.916848e+00
    endloop
  endfacet
  facet normal -5.581494e-02 -4.178523e-01 -9.067989e-01
    outer loop
      vertex   3.788497e+01 -1.578718e+02 -5.226255e+00
      vertex   3.041727e+01 -1.575457e+02 -4.916848e+00
      vertex   3.789338e+01 -1.575286e+02 -5.384900e+00
    endloop
  endfacet
  facet normal -5.581494e-02 -4.178523e-01 -9.067989e-01
    outer loop
      vertex   3.789338e+01 -1.575286e+02 -5.384900e+00
      vertex   3.041727e+01 -1.575457e+02 -4.916848e+00
      vertex   3.041727e+01 -1.572022e+02 -5.075145e+00
    endloop
  endfacet
  facet normal -4.847966e-02 -1.776265e-01 -9.829031e-01
    outer loop
      vertex   3.789338e+01 -1.575286e+02 -5.384900e+00
      vertex   3.041727e+01 -1.572022e+02 -5.075145e+00
      vertex   3.041727e+01 -1.568299e+02 -5.142436e+00
    endloop
  endfacet
  facet normal -4.847967e-02 -1.776267e-01 -9.829031e-01
    outer loop
      vertex   7.532979e+01 -1.587908e+02 -7.003282e+00
      vertex   5.287245e+01 -1.581826e+02 -6.005524e+00
      vertex   3.041727e+01 -1.568299e+02 -5.142436e+00
    endloop
  endfacet
  facet normal -4.847966e-02 -1.776265e-01 -9.829031e-01
    outer loop
      vertex   3.041727e+01 -1.568299e+02 -5.142436e+00
      vertex   5.287245e+01 -1.581826e+02 -6.005524e+00
      vertex   4.538292e+01 -1.578556e+02 -5.695212e+00
    endloop
  endfacet
  facet normal -4.847966e-02 -1.776265e-01 -9.829031e-01
    outer loop
      vertex   3.041727e+01 -1.568299e+02 -5.142436e+00
      vertex   4.538292e+01 -1.578556e+02 -5.695212e+00
      vertex   3.789338e+01 -1.575286e+02 -5.384900e+00
    endloop
  endfacet
  facet normal -5.581494e-02 -4.178523e-01 -9.067989e-01
    outer loop
      vertex   3.789338e+01 -1.575286e+02 -5.384900e+00
      vertex   4.538292e+01 -1.578556e+02 -5.695212e+00
      vertex   3.788497e+01 -1.578718e+02 -5.226255e+00
    endloop
  endfacet
  facet normal -5.960295e-02 -6.315219e-01 -7.730638e-01
    outer loop
      vertex   7.532979e+01 -1.595067e+02 -6.777695e+00
      vertex   7.532979e+01 -1.597995e+02 -6.538453e+00
      vertex   6.784025e+01 -1.594725e+02 -6.228142e+00
    endloop
  endfacet
  facet normal -5.960295e-02 -8.050556e-01 -5.901973e-01
    outer loop
      vertex   6.784025e+01 -1.594725e+02 -6.228142e+00
      vertex   7.532979e+01 -1.597995e+02 -6.538453e+00
      vertex   7.532979e+01 -1.600231e+02 -6.233471e+00
    endloop
  endfacet
  facet normal -5.960295e-02 -8.050556e-01 -5.901973e-01
    outer loop
      vertex   6.784025e+01 -1.594725e+02 -6.228142e+00
      vertex   7.532979e+01 -1.600231e+02 -6.233471e+00
      vertex   6.784312e+01 -1.596962e+02 -5.923278e+00
    endloop
  endfacet
  facet normal -5.581494e-02 -9.274248e-01 -3.698214e-01
    outer loop
      vertex   6.784312e+01 -1.596962e+02 -5.923278e+00
      vertex   7.532979e+01 -1.600231e+02 -6.233471e+00
      vertex   7.532979e+01 -1.601632e+02 -5.882132e+00
    endloop
  endfacet
  facet normal -5.581494e-02 -9.274248e-01 -3.698214e-01
    outer loop
      vertex   6.784312e+01 -1.596962e+02 -5.923278e+00
      vertex   7.532979e+01 -1.601632e+02 -5.882132e+00
      vertex   6.785153e+01 -1.598367e+02 -5.572287e+00
    endloop
  endfacet
  facet normal -4.847966e-02 -9.908523e-01 -1.259419e-01
    outer loop
      vertex   6.785153e+01 -1.598367e+02 -5.572287e+00
      vertex   7.532979e+01 -1.601632e+02 -5.882132e+00
      vertex   7.532979e+01 -1.602109e+02 -5.506764e+00
    endloop
  endfacet
  facet normal -4.847966e-02 -9.908523e-01 -1.259419e-01
    outer loop
      vertex   6.785153e+01 -1.598367e+02 -5.572287e+00
      vertex   7.532979e+01 -1.602109e+02 -5.506764e+00
      vertex   6.036199e+01 -1.595097e+02 -5.261975e+00
    endloop
  endfacet
  facet normal -4.847966e-02 -9.908523e-01 -1.259419e-01
    outer loop
      vertex   6.036199e+01 -1.595097e+02 -5.261975e+00
      vertex   7.532979e+01 -1.602109e+02 -5.506764e+00
      vertex   5.287245e+01 -1.591827e+02 -4.951664e+00
    endloop
  endfacet
  facet normal -5.581494e-02 -9.274248e-01 -3.698214e-01
    outer loop
      vertex   6.036199e+01 -1.595097e+02 -5.261975e+00
      vertex   5.287245e+01 -1.591827e+02 -4.951664e+00
      vertex   6.035358e+01 -1.593692e+02 -5.612967e+00
    endloop
  endfacet
  facet normal -4.847966e-02 -9.908523e-01 -1.259419e-01
    outer loop
      vertex   7.532979e+01 -1.602109e+02 -5.506764e+00
      vertex   3.041727e+01 -1.582500e+02 -3.645917e+00
      vertex   5.287245e+01 -1.591827e+02 -4.951664e+00
    endloop
  endfacet
  facet normal -5.960295e-02 -8.050556e-01 -5.901973e-01
    outer loop
      vertex   6.035358e+01 -1.593692e+02 -5.612967e+00
      vertex   6.784025e+01 -1.594725e+02 -6.228142e+00
      vertex   6.784312e+01 -1.596962e+02 -5.923278e+00
    endloop
  endfacet
  facet normal -5.581494e-02 -9.274248e-01 -3.698214e-01
    outer loop
      vertex   4.538292e+01 -1.588557e+02 -4.641352e+00
      vertex   3.789338e+01 -1.585287e+02 -4.331041e+00
      vertex   4.537451e+01 -1.587152e+02 -4.992343e+00
    endloop
  endfacet
  facet normal -5.581494e-02 -9.274248e-01 -3.698214e-01
    outer loop
      vertex   4.537451e+01 -1.587152e+02 -4.992343e+00
      vertex   3.789338e+01 -1.585287e+02 -4.331041e+00
      vertex   3.788497e+01 -1.583882e+02 -4.682032e+00
    endloop
  endfacet
  facet normal -5.960295e-02 -8.050556e-01 -5.901973e-01
    outer loop
      vertex   4.537451e+01 -1.587152e+02 -4.992343e+00
      vertex   3.788497e+01 -1.583882e+02 -4.682032e+00
      vertex   4.537164e+01 -1.584915e+02 -5.297207e+00
    endloop
  endfacet
  facet normal -5.581494e-02 -9.274248e-01 -3.698214e-01
    outer loop
      vertex   6.784312e+01 -1.596962e+02 -5.923278e+00
      vertex   6.785153e+01 -1.598367e+02 -5.572287e+00
      vertex   6.036199e+01 -1.595097e+02 -5.261975e+00
    endloop
  endfacet
  facet normal -5.581494e-02 -9.274248e-01 -3.698214e-01
    outer loop
      vertex   6.784312e+01 -1.596962e+02 -5.923278e+00
      vertex   6.036199e+01 -1.595097e+02 -5.261975e+00
      vertex   6.035358e+01 -1.593692e+02 -5.612967e+00
    endloop
  endfacet
  facet normal -5.581494e-02 -9.274248e-01 -3.698214e-01
    outer loop
      vertex   4.538292e+01 -1.588557e+02 -4.641352e+00
      vertex   4.537451e+01 -1.587152e+02 -4.992343e+00
      vertex   5.286404e+01 -1.590422e+02 -5.302655e+00
    endloop
  endfacet
  facet normal -5.960295e-02 -8.050556e-01 -5.901973e-01
    outer loop
      vertex   5.286404e+01 -1.590422e+02 -5.302655e+00
      vertex   4.537451e+01 -1.587152e+02 -4.992343e+00
      vertex   5.286118e+01 -1.588185e+02 -5.607518e+00
    endloop
  endfacet
  facet normal -5.960295e-02 -8.050556e-01 -5.901973e-01
    outer loop
      vertex   5.286404e+01 -1.590422e+02 -5.302655e+00
      vertex   5.286118e+01 -1.588185e+02 -5.607518e+00
      vertex   6.035072e+01 -1.591455e+02 -5.917830e+00
    endloop
  endfacet
  facet normal -5.960295e-02 -6.315219e-01 -7.730638e-01
    outer loop
      vertex   6.035072e+01 -1.591455e+02 -5.917830e+00
      vertex   5.286118e+01 -1.588185e+02 -5.607518e+00
      vertex   6.035358e+01 -1.588528e+02 -6.157190e+00
    endloop
  endfacet
  facet normal -5.960295e-02 -6.315219e-01 -7.730638e-01
    outer loop
      vertex   6.035072e+01 -1.591455e+02 -5.917830e+00
      vertex   6.035358e+01 -1.588528e+02 -6.157190e+00
      vertex   6.784312e+01 -1.591798e+02 -6.467502e+00
    endloop
  endfacet
  facet normal -5.581494e-02 -4.178523e-01 -9.067989e-01
    outer loop
      vertex   6.784312e+01 -1.591798e+02 -6.467502e+00
      vertex   6.035358e+01 -1.588528e+02 -6.157190e+00
      vertex   6.785153e+01 -1.588366e+02 -6.626147e+00
    endloop
  endfacet
  facet normal -5.960295e-02 -8.050556e-01 -5.901973e-01
    outer loop
      vertex   5.286118e+01 -1.588185e+02 -5.607518e+00
      vertex   4.537451e+01 -1.587152e+02 -4.992343e+00
      vertex   4.537164e+01 -1.584915e+02 -5.297207e+00
    endloop
  endfacet
  facet normal -5.960295e-02 -6.315219e-01 -7.730638e-01
    outer loop
      vertex   4.537451e+01 -1.581988e+02 -5.536567e+00
      vertex   3.788211e+01 -1.581645e+02 -4.986895e+00
      vertex   3.788497e+01 -1.578718e+02 -5.226255e+00
    endloop
  endfacet
  facet normal -5.960295e-02 -6.315219e-01 -7.730638e-01
    outer loop
      vertex   6.035358e+01 -1.588528e+02 -6.157190e+00
      vertex   5.286118e+01 -1.588185e+02 -5.607518e+00
      vertex   5.286404e+01 -1.585258e+02 -5.846879e+00
    endloop
  endfacet
  facet normal -5.960295e-02 -6.315219e-01 -7.730638e-01
    outer loop
      vertex   5.286404e+01 -1.585258e+02 -5.846879e+00
      vertex   5.286118e+01 -1.588185e+02 -5.607518e+00
      vertex   4.537164e+01 -1.584915e+02 -5.297207e+00
    endloop
  endfacet
  facet normal -5.581494e-02 -4.178523e-01 -9.067989e-01
    outer loop
      vertex   5.287245e+01 -1.581826e+02 -6.005524e+00
      vertex   4.537451e+01 -1.581988e+02 -5.536567e+00
      vertex   4.538292e+01 -1.578556e+02 -5.695212e+00
    endloop
  endfacet
  facet normal -5.581494e-02 -4.178523e-01 -9.067989e-01
    outer loop
      vertex   4.538292e+01 -1.578556e+02 -5.695212e+00
      vertex   4.537451e+01 -1.581988e+02 -5.536567e+00
      vertex   3.788497e+01 -1.578718e+02 -5.226255e+00
    endloop
  endfacet
  facet normal -5.581494e-02 -4.178523e-01 -9.067989e-01
    outer loop
      vertex   6.785153e+01 -1.588366e+02 -6.626147e+00
      vertex   6.035358e+01 -1.588528e+02 -6.157190e+00
      vertex   6.036199e+01 -1.585096e+02 -6.315835e+00
    endloop
  endfacet
  facet normal -5.581494e-02 -4.178523e-01 -9.067989e-01
    outer loop
      vertex   6.036199e+01 -1.585096e+02 -6.315835e+00
      vertex   6.035358e+01 -1.588528e+02 -6.157190e+00
      vertex   5.286404e+01 -1.585258e+02 -5.846879e+00
    endloop
  endfacet
  facet normal -4.361939e-02 -5.228614e-02 -9.976791e-01
    outer loop
      vertex   3.041727e+01 -1.568299e+02 -5.142436e+00
      vertex   3.041727e+01 5.747316e+00 -1.366274e+01
      vertex   7.532979e+01 -1.587908e+02 -7.003282e+00
    endloop
  endfacet
  facet normal -4.361939e-02 -5.228614e-02 -9.976791e-01
    outer loop
      vertex   7.532979e+01 -1.587908e+02 -7.003282e+00
      vertex   3.041727e+01 5.747316e+00 -1.366274e+01
      vertex   7.532979e+01 7.602925e+00 -1.572361e+01
    endloop
  endfacet
  facet normal 9.980893e-15 -9.988744e-01 -4.743333e-02
    outer loop
      vertex   -4.053938e+01 -1.582109e+02 -3.607480e+00
      vertex   -4.053520e+01 -1.582042e+02 -3.749620e+00
      vertex   3.041727e+01 -1.582109e+02 -3.607480e+00
    endloop
  endfacet
  facet normal 1.584455e-04 -9.920049e-01 -1.261990e-01
    outer loop
      vertex   3.041727e+01 -1.582109e+02 -3.607480e+00
      vertex   -4.053520e+01 -1.582042e+02 -3.749620e+00
      vertex   3.041727e+01 -1.581632e+02 -3.983050e+00
    endloop
  endfacet
  facet normal 1.172507e-14 -9.849023e-01 -1.731110e-01
    outer loop
      vertex   3.041727e+01 -1.581632e+02 -3.983050e+00
      vertex   -4.053520e+01 -1.582042e+02 -3.749620e+00
      vertex   2.228464e+01 -1.581632e+02 -3.983050e+00
    endloop
  endfacet
  facet normal 1.273267e-14 -9.288096e-01 -3.705574e-01
    outer loop
      vertex   3.041727e+01 -1.581632e+02 -3.983050e+00
      vertex   2.228464e+01 -1.581632e+02 -3.983050e+00
      vertex   3.041727e+01 -1.580229e+02 -4.334694e+00
    endloop
  endfacet
  facet normal 1.297548e-14 -9.288096e-01 -3.705574e-01
    outer loop
      vertex   3.041727e+01 -1.580229e+02 -4.334694e+00
      vertex   2.228464e+01 -1.581632e+02 -3.983050e+00
      vertex   2.228464e+01 -1.580229e+02 -4.334694e+00
    endloop
  endfacet
  facet normal 1.362127e-14 -8.064446e-01 -5.913096e-01
    outer loop
      vertex   3.041727e+01 -1.580229e+02 -4.334694e+00
      vertex   2.228464e+01 -1.580229e+02 -4.334694e+00
      vertex   3.041727e+01 -1.577990e+02 -4.640012e+00
    endloop
  endfacet
  facet normal 1.073835e-14 -8.064446e-01 -5.913096e-01
    outer loop
      vertex   3.041727e+01 -1.577990e+02 -4.640012e+00
      vertex   2.228464e+01 -1.580229e+02 -4.334694e+00
      vertex   2.228464e+01 -1.577990e+02 -4.640012e+00
    endloop
  endfacet
  facet normal 1.110358e-14 -6.327053e-01 -7.743926e-01
    outer loop
      vertex   3.041727e+01 -1.577990e+02 -4.640012e+00
      vertex   2.228464e+01 -1.577990e+02 -4.640012e+00
      vertex   3.041727e+01 -1.575058e+02 -4.879552e+00
    endloop
  endfacet
  facet normal 1.297645e-14 -6.327053e-01 -7.743926e-01
    outer loop
      vertex   3.041727e+01 -1.575058e+02 -4.879552e+00
      vertex   2.228464e+01 -1.577990e+02 -4.640012e+00
      vertex   2.228464e+01 -1.575058e+02 -4.879552e+00
    endloop
  endfacet
  facet normal 1.182786e-14 -4.186597e-01 -9.081432e-01
    outer loop
      vertex   3.041727e+01 -1.575058e+02 -4.879552e+00
      vertex   2.228464e+01 -1.575058e+02 -4.879552e+00
      vertex   3.041727e+01 -1.571620e+02 -5.038055e+00
    endloop
  endfacet
  facet normal 1.212540e-14 -4.186597e-01 -9.081432e-01
    outer loop
      vertex   3.041727e+01 -1.571620e+02 -5.038055e+00
      vertex   2.228464e+01 -1.575058e+02 -4.879552e+00
      vertex   2.228464e+01 -1.571620e+02 -5.038055e+00
    endloop
  endfacet
  facet normal 1.024819e-14 -1.779435e-01 -9.840407e-01
    outer loop
      vertex   3.041727e+01 -1.571620e+02 -5.038055e+00
      vertex   2.228464e+01 -1.571620e+02 -5.038055e+00
      vertex   3.041727e+01 -1.567894e+02 -5.105424e+00
    endloop
  endfacet
  facet normal 9.710887e-15 -1.779435e-01 -9.840407e-01
    outer loop
      vertex   3.041727e+01 -1.567894e+02 -5.105424e+00
      vertex   2.228464e+01 -1.571620e+02 -5.038055e+00
      vertex   1.415201e+01 -1.571620e+02 -5.038055e+00
    endloop
  endfacet
  facet normal 8.981838e-15 -1.779435e-01 -9.840407e-01
    outer loop
      vertex   3.041727e+01 -1.567894e+02 -5.105424e+00
      vertex   1.415201e+01 -1.571620e+02 -5.038055e+00
      vertex   6.019389e+00 -1.571620e+02 -5.038055e+00
    endloop
  endfacet
  facet normal 1.006720e-14 -4.186597e-01 -9.081432e-01
    outer loop
      vertex   6.019389e+00 -1.571620e+02 -5.038055e+00
      vertex   1.415201e+01 -1.571620e+02 -5.038055e+00
      vertex   6.019389e+00 -1.575058e+02 -4.879552e+00
    endloop
  endfacet
  facet normal 1.016612e-14 -4.186597e-01 -9.081432e-01
    outer loop
      vertex   6.019389e+00 -1.571620e+02 -5.038055e+00
      vertex   6.019389e+00 -1.575058e+02 -4.879552e+00
      vertex   -2.113237e+00 -1.575058e+02 -4.879552e+00
    endloop
  endfacet
  facet normal 1.059614e-14 -6.327053e-01 -7.743926e-01
    outer loop
      vertex   -2.113237e+00 -1.575058e+02 -4.879552e+00
      vertex   6.019389e+00 -1.575058e+02 -4.879552e+00
      vertex   -2.113237e+00 -1.577990e+02 -4.640012e+00
    endloop
  endfacet
  facet normal 1.068220e-14 -6.327053e-01 -7.743926e-01
    outer loop
      vertex   -2.113237e+00 -1.575058e+02 -4.879552e+00
      vertex   -2.113237e+00 -1.577990e+02 -4.640012e+00
      vertex   -1.024586e+01 -1.577990e+02 -4.640012e+00
    endloop
  endfacet
  facet normal 1.041546e-14 -8.064446e-01 -5.913096e-01
    outer loop
      vertex   -1.024586e+01 -1.577990e+02 -4.640012e+00
      vertex   -2.113237e+00 -1.577990e+02 -4.640012e+00
      vertex   -1.024586e+01 -1.580229e+02 -4.334694e+00
    endloop
  endfacet
  facet normal 1.028556e-14 -8.064446e-01 -5.913096e-01
    outer loop
      vertex   -1.024586e+01 -1.577990e+02 -4.640012e+00
      vertex   -1.024586e+01 -1.580229e+02 -4.334694e+00
      vertex   -1.837849e+01 -1.580229e+02 -4.334694e+00
    endloop
  endfacet
  facet normal 9.405748e-15 -9.288096e-01 -3.705574e-01
    outer loop
      vertex   -1.837849e+01 -1.580229e+02 -4.334694e+00
      vertex   -1.024586e+01 -1.580229e+02 -4.334694e+00
      vertex   -1.837849e+01 -1.581632e+02 -3.983050e+00
    endloop
  endfacet
  facet normal 9.424676e-15 -9.288096e-01 -3.705574e-01
    outer loop
      vertex   -1.837849e+01 -1.580229e+02 -4.334694e+00
      vertex   -1.837849e+01 -1.581632e+02 -3.983050e+00
      vertex   -2.651111e+01 -1.581632e+02 -3.983050e+00
    endloop
  endfacet
  facet normal 8.254694e-15 -9.849023e-01 -1.731110e-01
    outer loop
      vertex   -2.651111e+01 -1.581632e+02 -3.983050e+00
      vertex   -1.837849e+01 -1.581632e+02 -3.983050e+00
      vertex   -4.053520e+01 -1.582042e+02 -3.749620e+00
    endloop
  endfacet
  facet normal 8.254694e-15 -9.849023e-01 -1.731110e-01
    outer loop
      vertex   -2.651111e+01 -1.581632e+02 -3.983050e+00
      vertex   -4.053520e+01 -1.582042e+02 -3.749620e+00
      vertex   -3.464374e+01 -1.581632e+02 -3.983050e+00
    endloop
  endfacet
  facet normal 1.265724e-03 -9.898605e-01 -1.420373e-01
    outer loop
      vertex   -3.464374e+01 -1.581632e+02 -3.983050e+00
      vertex   -4.053520e+01 -1.582042e+02 -3.749620e+00
      vertex   -4.055387e+01 -1.581840e+02 -3.890480e+00
    endloop
  endfacet
  facet normal -2.527517e-04 -9.720039e-01 -2.349647e-01
    outer loop
      vertex   -3.464374e+01 -1.581632e+02 -3.983050e+00
      vertex   -4.055387e+01 -1.581840e+02 -3.890480e+00
      vertex   -4.059521e+01 -1.581505e+02 -4.028794e+00
    endloop
  endfacet
  facet normal 5.058809e-04 -9.452669e-01 -3.262976e-01
    outer loop
      vertex   -4.059521e+01 -1.581505e+02 -4.028794e+00
      vertex   -4.065884e+01 -1.581041e+02 -4.163316e+00
      vertex   -3.464374e+01 -1.581632e+02 -3.983050e+00
    endloop
  endfacet
  facet normal 1.993740e-03 -9.288077e-01 -3.705567e-01
    outer loop
      vertex   -3.464374e+01 -1.581632e+02 -3.983050e+00
      vertex   -4.065884e+01 -1.581041e+02 -4.163316e+00
      vertex   -3.464374e+01 -1.580229e+02 -4.334694e+00
    endloop
  endfacet
  facet normal 1.265187e-14 -9.288096e-01 -3.705574e-01
    outer loop
      vertex   -3.464374e+01 -1.581632e+02 -3.983050e+00
      vertex   -3.464374e+01 -1.580229e+02 -4.334694e+00
      vertex   -2.651111e+01 -1.580229e+02 -4.334694e+00
    endloop
  endfacet
  facet normal 1.310464e-14 -8.064446e-01 -5.913096e-01
    outer loop
      vertex   -2.651111e+01 -1.580229e+02 -4.334694e+00
      vertex   -3.464374e+01 -1.580229e+02 -4.334694e+00
      vertex   -2.651111e+01 -1.577990e+02 -4.640012e+00
    endloop
  endfacet
  facet normal 1.035317e-14 -8.064446e-01 -5.913096e-01
    outer loop
      vertex   -2.651111e+01 -1.580229e+02 -4.334694e+00
      vertex   -2.651111e+01 -1.577990e+02 -4.640012e+00
      vertex   -1.837849e+01 -1.577990e+02 -4.640012e+00
    endloop
  endfacet
  facet normal 1.059614e-14 -6.327053e-01 -7.743926e-01
    outer loop
      vertex   -1.837849e+01 -1.577990e+02 -4.640012e+00
      vertex   -2.651111e+01 -1.577990e+02 -4.640012e+00
      vertex   -1.837849e+01 -1.575058e+02 -4.879552e+00
    endloop
  endfacet
  facet normal 1.280512e-14 -6.327053e-01 -7.743926e-01
    outer loop
      vertex   -1.837849e+01 -1.577990e+02 -4.640012e+00
      vertex   -1.837849e+01 -1.575058e+02 -4.879552e+00
      vertex   -1.024586e+01 -1.575058e+02 -4.879552e+00
    endloop
  endfacet
  facet normal 1.162950e-14 -4.186597e-01 -9.081432e-01
    outer loop
      vertex   -1.024586e+01 -1.575058e+02 -4.879552e+00
      vertex   -1.837849e+01 -1.575058e+02 -4.879552e+00
      vertex   -1.024586e+01 -1.571620e+02 -5.038055e+00
    endloop
  endfacet
  facet normal 1.173014e-14 -4.186597e-01 -9.081432e-01
    outer loop
      vertex   -1.024586e+01 -1.575058e+02 -4.879552e+00
      vertex   -1.024586e+01 -1.571620e+02 -5.038055e+00
      vertex   -2.113237e+00 -1.571620e+02 -5.038055e+00
    endloop
  endfacet
  facet normal 9.818311e-15 -1.779435e-01 -9.840407e-01
    outer loop
      vertex   -2.113237e+00 -1.571620e+02 -5.038055e+00
      vertex   -1.024586e+01 -1.571620e+02 -5.038055e+00
      vertex   3.041727e+01 -1.567894e+02 -5.105424e+00
    endloop
  endfacet
  facet normal 8.981501e-15 -1.779435e-01 -9.840407e-01
    outer loop
      vertex   -2.113237e+00 -1.571620e+02 -5.038055e+00
      vertex   3.041727e+01 -1.567894e+02 -5.105424e+00
      vertex   6.019389e+00 -1.571620e+02 -5.038055e+00
    endloop
  endfacet
  facet normal -9.766144e-04 -8.898163e-01 -4.563178e-01
    outer loop
      vertex   -4.065884e+01 -1.581041e+02 -4.163316e+00
      vertex   -4.085054e+01 -1.579743e+02 -4.416187e+00
      vertex   -3.464374e+01 -1.580229e+02 -4.334694e+00
    endloop
  endfacet
  facet normal 1.448641e-03 -8.064438e-01 -5.913090e-01
    outer loop
      vertex   -3.464374e+01 -1.580229e+02 -4.334694e+00
      vertex   -4.085054e+01 -1.579743e+02 -4.416187e+00
      vertex   -3.464374e+01 -1.577990e+02 -4.640012e+00
    endloop
  endfacet
  facet normal 1.329641e-14 -8.064446e-01 -5.913096e-01
    outer loop
      vertex   -3.464374e+01 -1.580229e+02 -4.334694e+00
      vertex   -3.464374e+01 -1.577990e+02 -4.640012e+00
      vertex   -2.651111e+01 -1.577990e+02 -4.640012e+00
    endloop
  endfacet
  facet normal 1.297645e-14 -6.327053e-01 -7.743926e-01
    outer loop
      vertex   -2.651111e+01 -1.577990e+02 -4.640012e+00
      vertex   -3.464374e+01 -1.577990e+02 -4.640012e+00
      vertex   -2.651111e+01 -1.575058e+02 -4.879552e+00
    endloop
  endfacet
  facet normal 1.059656e-14 -6.327053e-01 -7.743926e-01
    outer loop
      vertex   -2.651111e+01 -1.577990e+02 -4.640012e+00
      vertex   -2.651111e+01 -1.575058e+02 -4.879552e+00
      vertex   -1.837849e+01 -1.575058e+02 -4.879552e+00
    endloop
  endfacet
  facet normal 1.016638e-14 -4.186597e-01 -9.081432e-01
    outer loop
      vertex   -1.837849e+01 -1.575058e+02 -4.879552e+00
      vertex   -2.651111e+01 -1.575058e+02 -4.879552e+00
      vertex   -1.837849e+01 -1.571620e+02 -5.038055e+00
    endloop
  endfacet
  facet normal 1.153182e-14 -4.186597e-01 -9.081432e-01
    outer loop
      vertex   -1.837849e+01 -1.575058e+02 -4.879552e+00
      vertex   -1.837849e+01 -1.571620e+02 -5.038055e+00
      vertex   -1.024586e+01 -1.571620e+02 -5.038055e+00
    endloop
  endfacet
  facet normal 9.603374e-15 -1.779435e-01 -9.840407e-01
    outer loop
      vertex   -1.024586e+01 -1.571620e+02 -5.038055e+00
      vertex   -1.837849e+01 -1.571620e+02 -5.038055e+00
      vertex   -4.277637e+01 -1.567894e+02 -5.105424e+00
    endloop
  endfacet
  facet normal 9.341542e-15 -1.779435e-01 -9.840407e-01
    outer loop
      vertex   -1.024586e+01 -1.571620e+02 -5.038055e+00
      vertex   -4.277637e+01 -1.567894e+02 -5.105424e+00
      vertex   3.041727e+01 -1.567894e+02 -5.105424e+00
    endloop
  endfacet
  facet normal 1.172524e-14 -7.873387e-01 -6.165207e-01
    outer loop
      vertex   -4.085054e+01 -1.579743e+02 -4.416187e+00
      vertex   -4.112206e+01 -1.577990e+02 -4.640012e+00
      vertex   -3.464374e+01 -1.577990e+02 -4.640012e+00
    endloop
  endfacet
  facet normal 1.165599e-14 -6.568819e-01 -7.539935e-01
    outer loop
      vertex   -3.464374e+01 -1.577990e+02 -4.640012e+00
      vertex   -4.112206e+01 -1.577990e+02 -4.640012e+00
      vertex   -4.146366e+01 -1.575846e+02 -4.826750e+00
    endloop
  endfacet
  facet normal 1.318406e-03 -6.327048e-01 -7.743920e-01
    outer loop
      vertex   -3.464374e+01 -1.577990e+02 -4.640012e+00
      vertex   -4.146366e+01 -1.575846e+02 -4.826750e+00
      vertex   -3.464374e+01 -1.575058e+02 -4.879552e+00
    endloop
  endfacet
  facet normal -8.628378e-04 -5.038787e-01 -8.637740e-01
    outer loop
      vertex   -3.464374e+01 -1.575058e+02 -4.879552e+00
      vertex   -4.146366e+01 -1.575846e+02 -4.826750e+00
      vertex   -4.186307e+01 -1.573389e+02 -4.969695e+00
    endloop
  endfacet
  facet normal 1.661174e-03 -4.186592e-01 -9.081419e-01
    outer loop
      vertex   -3.464374e+01 -1.575058e+02 -4.879552e+00
      vertex   -4.186307e+01 -1.573389e+02 -4.969695e+00
      vertex   -3.464374e+01 -1.571620e+02 -5.038055e+00
    endloop
  endfacet
  facet normal -3.181829e-03 -2.447845e-01 -9.695723e-01
    outer loop
      vertex   -3.464374e+01 -1.571620e+02 -5.038055e+00
      vertex   -4.186307e+01 -1.573389e+02 -4.969695e+00
      vertex   -4.277637e+01 -1.567894e+02 -5.105424e+00
    endloop
  endfacet
  facet normal 9.088970e-15 -1.779435e-01 -9.840407e-01
    outer loop
      vertex   -3.464374e+01 -1.571620e+02 -5.038055e+00
      vertex   -4.277637e+01 -1.567894e+02 -5.105424e+00
      vertex   -2.651111e+01 -1.571620e+02 -5.038055e+00
    endloop
  endfacet
  facet normal 9.088970e-15 -1.779435e-01 -9.840407e-01
    outer loop
      vertex   -2.651111e+01 -1.571620e+02 -5.038055e+00
      vertex   -4.277637e+01 -1.567894e+02 -5.105424e+00
      vertex   -1.837849e+01 -1.571620e+02 -5.038055e+00
    endloop
  endfacet
  facet normal 1.016638e-14 -4.186597e-01 -9.081432e-01
    outer loop
      vertex   -2.651111e+01 -1.571620e+02 -5.038055e+00
      vertex   -1.837849e+01 -1.571620e+02 -5.038055e+00
      vertex   -2.651111e+01 -1.575058e+02 -4.879552e+00
    endloop
  endfacet
  facet normal 1.265173e-14 -9.288096e-01 -3.705574e-01
    outer loop
      vertex   -1.837849e+01 -1.580229e+02 -4.334694e+00
      vertex   -2.651111e+01 -1.581632e+02 -3.983050e+00
      vertex   -2.651111e+01 -1.580229e+02 -4.334694e+00
    endloop
  endfacet
  facet normal 9.424676e-15 -9.288096e-01 -3.705574e-01
    outer loop
      vertex   -2.651111e+01 -1.580229e+02 -4.334694e+00
      vertex   -2.651111e+01 -1.581632e+02 -3.983050e+00
      vertex   -3.464374e+01 -1.581632e+02 -3.983050e+00
    endloop
  endfacet
  facet normal 1.169671e-14 -9.849023e-01 -1.731110e-01
    outer loop
      vertex   -1.837849e+01 -1.581632e+02 -3.983050e+00
      vertex   -1.024586e+01 -1.581632e+02 -3.983050e+00
      vertex   -4.053520e+01 -1.582042e+02 -3.749620e+00
    endloop
  endfacet
  facet normal 1.170611e-14 -9.849023e-01 -1.731110e-01
    outer loop
      vertex   -4.053520e+01 -1.582042e+02 -3.749620e+00
      vertex   -1.024586e+01 -1.581632e+02 -3.983050e+00
      vertex   -2.113237e+00 -1.581632e+02 -3.983050e+00
    endloop
  endfacet
  facet normal 8.274469e-15 -9.849023e-01 -1.731110e-01
    outer loop
      vertex   -4.053520e+01 -1.582042e+02 -3.749620e+00
      vertex   -2.113237e+00 -1.581632e+02 -3.983050e+00
      vertex   6.019389e+00 -1.581632e+02 -3.983050e+00
    endloop
  endfacet
  facet normal 9.466452e-15 -9.288096e-01 -3.705574e-01
    outer loop
      vertex   6.019389e+00 -1.581632e+02 -3.983050e+00
      vertex   -2.113237e+00 -1.581632e+02 -3.983050e+00
      vertex   6.019389e+00 -1.580229e+02 -4.334694e+00
    endloop
  endfacet
  facet normal 1.265187e-14 -9.288096e-01 -3.705574e-01
    outer loop
      vertex   6.019389e+00 -1.581632e+02 -3.983050e+00
      vertex   6.019389e+00 -1.580229e+02 -4.334694e+00
      vertex   1.415201e+01 -1.580229e+02 -4.334694e+00
    endloop
  endfacet
  facet normal 1.310464e-14 -8.064446e-01 -5.913096e-01
    outer loop
      vertex   1.415201e+01 -1.580229e+02 -4.334694e+00
      vertex   6.019389e+00 -1.580229e+02 -4.334694e+00
      vertex   1.415201e+01 -1.577990e+02 -4.640012e+00
    endloop
  endfacet
  facet normal 1.317021e-14 -8.064446e-01 -5.913096e-01
    outer loop
      vertex   1.415201e+01 -1.580229e+02 -4.334694e+00
      vertex   1.415201e+01 -1.577990e+02 -4.640012e+00
      vertex   2.228464e+01 -1.577990e+02 -4.640012e+00
    endloop
  endfacet
  facet normal 1.280730e-14 -6.327053e-01 -7.743926e-01
    outer loop
      vertex   2.228464e+01 -1.577990e+02 -4.640012e+00
      vertex   1.415201e+01 -1.577990e+02 -4.640012e+00
      vertex   2.228464e+01 -1.575058e+02 -4.879552e+00
    endloop
  endfacet
  facet normal 1.267196e-14 -9.288096e-01 -3.705574e-01
    outer loop
      vertex   -1.837849e+01 -1.581632e+02 -3.983050e+00
      vertex   -1.024586e+01 -1.580229e+02 -4.334694e+00
      vertex   -1.024586e+01 -1.581632e+02 -3.983050e+00
    endloop
  endfacet
  facet normal 9.444958e-15 -9.288096e-01 -3.705574e-01
    outer loop
      vertex   -1.024586e+01 -1.581632e+02 -3.983050e+00
      vertex   -1.024586e+01 -1.580229e+02 -4.334694e+00
      vertex   -2.113237e+00 -1.580229e+02 -4.334694e+00
    endloop
  endfacet
  facet normal 1.269220e-14 -9.288096e-01 -3.705574e-01
    outer loop
      vertex   -1.024586e+01 -1.581632e+02 -3.983050e+00
      vertex   -2.113237e+00 -1.580229e+02 -4.334694e+00
      vertex   -2.113237e+00 -1.581632e+02 -3.983050e+00
    endloop
  endfacet
  facet normal 1.265187e-14 -9.288096e-01 -3.705574e-01
    outer loop
      vertex   -2.113237e+00 -1.581632e+02 -3.983050e+00
      vertex   -2.113237e+00 -1.580229e+02 -4.334694e+00
      vertex   6.019389e+00 -1.580229e+02 -4.334694e+00
    endloop
  endfacet
  facet normal 1.170616e-14 -9.849023e-01 -1.731110e-01
    outer loop
      vertex   2.228464e+01 -1.581632e+02 -3.983050e+00
      vertex   -4.053520e+01 -1.582042e+02 -3.749620e+00
      vertex   1.415201e+01 -1.581632e+02 -3.983050e+00
    endloop
  endfacet
  facet normal 8.245242e-15 -9.849023e-01 -1.731110e-01
    outer loop
      vertex   1.415201e+01 -1.581632e+02 -3.983050e+00
      vertex   -4.053520e+01 -1.582042e+02 -3.749620e+00
      vertex   6.019389e+00 -1.581632e+02 -3.983050e+00
    endloop
  endfacet
  facet normal 9.405748e-15 -9.288096e-01 -3.705574e-01
    outer loop
      vertex   1.415201e+01 -1.581632e+02 -3.983050e+00
      vertex   6.019389e+00 -1.581632e+02 -3.983050e+00
      vertex   1.415201e+01 -1.580229e+02 -4.334694e+00
    endloop
  endfacet
  facet normal 1.269244e-14 -9.288096e-01 -3.705574e-01
    outer loop
      vertex   2.228464e+01 -1.580229e+02 -4.334694e+00
      vertex   2.228464e+01 -1.581632e+02 -3.983050e+00
      vertex   1.415201e+01 -1.581632e+02 -3.983050e+00
    endloop
  endfacet
  facet normal 9.405748e-15 -9.288096e-01 -3.705574e-01
    outer loop
      vertex   2.228464e+01 -1.580229e+02 -4.334694e+00
      vertex   1.415201e+01 -1.581632e+02 -3.983050e+00
      vertex   1.415201e+01 -1.580229e+02 -4.334694e+00
    endloop
  endfacet
  facet normal 1.323380e-14 -8.064446e-01 -5.913096e-01
    outer loop
      vertex   -1.024586e+01 -1.577990e+02 -4.640012e+00
      vertex   -1.837849e+01 -1.580229e+02 -4.334694e+00
      vertex   -1.837849e+01 -1.577990e+02 -4.640012e+00
    endloop
  endfacet
  facet normal 1.310711e-14 -8.064446e-01 -5.913096e-01
    outer loop
      vertex   -1.837849e+01 -1.577990e+02 -4.640012e+00
      vertex   -1.837849e+01 -1.580229e+02 -4.334694e+00
      vertex   -2.651111e+01 -1.580229e+02 -4.334694e+00
    endloop
  endfacet
  facet normal 1.035088e-14 -8.064446e-01 -5.913096e-01
    outer loop
      vertex   -1.024586e+01 -1.580229e+02 -4.334694e+00
      vertex   -2.113237e+00 -1.577990e+02 -4.640012e+00
      vertex   -2.113237e+00 -1.580229e+02 -4.334694e+00
    endloop
  endfacet
  facet normal 1.323331e-14 -8.064446e-01 -5.913096e-01
    outer loop
      vertex   -2.113237e+00 -1.580229e+02 -4.334694e+00
      vertex   -2.113237e+00 -1.577990e+02 -4.640012e+00
      vertex   6.019389e+00 -1.577990e+02 -4.640012e+00
    endloop
  endfacet
  facet normal 1.310464e-14 -8.064446e-01 -5.913096e-01
    outer loop
      vertex   -2.113237e+00 -1.580229e+02 -4.334694e+00
      vertex   6.019389e+00 -1.577990e+02 -4.640012e+00
      vertex   6.019389e+00 -1.580229e+02 -4.334694e+00
    endloop
  endfacet
  facet normal 1.041627e-14 -8.064446e-01 -5.913096e-01
    outer loop
      vertex   6.019389e+00 -1.580229e+02 -4.334694e+00
      vertex   6.019389e+00 -1.577990e+02 -4.640012e+00
      vertex   1.415201e+01 -1.577990e+02 -4.640012e+00
    endloop
  endfacet
  facet normal 1.028556e-14 -8.064446e-01 -5.913096e-01
    outer loop
      vertex   2.228464e+01 -1.577990e+02 -4.640012e+00
      vertex   2.228464e+01 -1.580229e+02 -4.334694e+00
      vertex   1.415201e+01 -1.580229e+02 -4.334694e+00
    endloop
  endfacet
  facet normal 1.280730e-14 -6.327053e-01 -7.743926e-01
    outer loop
      vertex   -2.113237e+00 -1.575058e+02 -4.879552e+00
      vertex   -1.024586e+01 -1.577990e+02 -4.640012e+00
      vertex   -1.024586e+01 -1.575058e+02 -4.879552e+00
    endloop
  endfacet
  facet normal 1.289076e-14 -6.327053e-01 -7.743926e-01
    outer loop
      vertex   -1.024586e+01 -1.575058e+02 -4.879552e+00
      vertex   -1.024586e+01 -1.577990e+02 -4.640012e+00
      vertex   -1.837849e+01 -1.577990e+02 -4.640012e+00
    endloop
  endfacet
  facet normal 1.289188e-14 -6.327053e-01 -7.743926e-01
    outer loop
      vertex   -2.113237e+00 -1.577990e+02 -4.640012e+00
      vertex   6.019389e+00 -1.575058e+02 -4.879552e+00
      vertex   6.019389e+00 -1.577990e+02 -4.640012e+00
    endloop
  endfacet
  facet normal 1.059656e-14 -6.327053e-01 -7.743926e-01
    outer loop
      vertex   6.019389e+00 -1.577990e+02 -4.640012e+00
      vertex   6.019389e+00 -1.575058e+02 -4.879552e+00
      vertex   1.415201e+01 -1.575058e+02 -4.879552e+00
    endloop
  endfacet
  facet normal 1.068071e-14 -6.327053e-01 -7.743926e-01
    outer loop
      vertex   6.019389e+00 -1.577990e+02 -4.640012e+00
      vertex   1.415201e+01 -1.575058e+02 -4.879552e+00
      vertex   1.415201e+01 -1.577990e+02 -4.640012e+00
    endloop
  endfacet
  facet normal 1.280512e-14 -6.327053e-01 -7.743926e-01
    outer loop
      vertex   1.415201e+01 -1.577990e+02 -4.640012e+00
      vertex   1.415201e+01 -1.575058e+02 -4.879552e+00
      vertex   2.228464e+01 -1.575058e+02 -4.879552e+00
    endloop
  endfacet
  facet normal 1.016612e-14 -4.186597e-01 -9.081432e-01
    outer loop
      vertex   -2.651111e+01 -1.571620e+02 -5.038055e+00
      vertex   -2.651111e+01 -1.575058e+02 -4.879552e+00
      vertex   -3.464374e+01 -1.575058e+02 -4.879552e+00
    endloop
  endfacet
  facet normal 1.059614e-14 -6.327053e-01 -7.743926e-01
    outer loop
      vertex   -3.464374e+01 -1.575058e+02 -4.879552e+00
      vertex   -2.651111e+01 -1.575058e+02 -4.879552e+00
      vertex   -3.464374e+01 -1.577990e+02 -4.640012e+00
    endloop
  endfacet
  facet normal 1.016638e-14 -4.186597e-01 -9.081432e-01
    outer loop
      vertex   -3.464374e+01 -1.571620e+02 -5.038055e+00
      vertex   -2.651111e+01 -1.571620e+02 -5.038055e+00
      vertex   -3.464374e+01 -1.575058e+02 -4.879552e+00
    endloop
  endfacet
  facet normal 1.006720e-14 -4.186597e-01 -9.081432e-01
    outer loop
      vertex   6.019389e+00 -1.571620e+02 -5.038055e+00
      vertex   -2.113237e+00 -1.575058e+02 -4.879552e+00
      vertex   -2.113237e+00 -1.571620e+02 -5.038055e+00
    endloop
  endfacet
  facet normal 1.163098e-14 -4.186597e-01 -9.081432e-01
    outer loop
      vertex   -2.113237e+00 -1.571620e+02 -5.038055e+00
      vertex   -2.113237e+00 -1.575058e+02 -4.879552e+00
      vertex   -1.024586e+01 -1.575058e+02 -4.879552e+00
    endloop
  endfacet
  facet normal 1.163098e-14 -4.186597e-01 -9.081432e-01
    outer loop
      vertex   2.228464e+01 -1.571620e+02 -5.038055e+00
      vertex   2.228464e+01 -1.575058e+02 -4.879552e+00
      vertex   1.415201e+01 -1.575058e+02 -4.879552e+00
    endloop
  endfacet
  facet normal 1.162950e-14 -4.186597e-01 -9.081432e-01
    outer loop
      vertex   2.228464e+01 -1.571620e+02 -5.038055e+00
      vertex   1.415201e+01 -1.575058e+02 -4.879552e+00
      vertex   1.415201e+01 -1.571620e+02 -5.038055e+00
    endloop
  endfacet
  facet normal 1.016612e-14 -4.186597e-01 -9.081432e-01
    outer loop
      vertex   1.415201e+01 -1.571620e+02 -5.038055e+00
      vertex   1.415201e+01 -1.575058e+02 -4.879552e+00
      vertex   6.019389e+00 -1.575058e+02 -4.879552e+00
    endloop
  endfacet
  facet normal 9.613209e-15 -1.000000e+00 1.765177e-15
    outer loop
      vertex   -4.053938e+01 -1.582109e+02 -3.607480e+00
      vertex   3.041727e+01 -1.582109e+02 -3.607480e+00
      vertex   -4.491542e+01 -1.582109e+02 3.632595e+01
    endloop
  endfacet
  facet normal 8.677499e-15 -1.000000e+00 3.383999e-29
    outer loop
      vertex   -4.491542e+01 -1.582109e+02 3.632595e+01
      vertex   3.041727e+01 -1.582109e+02 -3.607480e+00
      vertex   3.041727e+01 -1.582109e+02 4.962736e+01
    endloop
  endfacet
  facet normal -4.892293e-02 7.823971e-02 -9.957334e-01
    outer loop
      vertex   3.041727e+01 6.137496e+00 -1.363209e+01
      vertex   3.789253e+01 6.446345e+00 -1.397510e+01
      vertex   3.041727e+01 5.747316e+00 -1.366274e+01
    endloop
  endfacet
  facet normal -4.892293e-02 7.823971e-02 -9.957334e-01
    outer loop
      vertex   3.041727e+01 5.747316e+00 -1.366274e+01
      vertex   3.789253e+01 6.446345e+00 -1.397510e+01
      vertex   4.538245e+01 6.755799e+00 -1.431878e+01
    endloop
  endfacet
  facet normal -4.892293e-02 7.823971e-02 -9.957334e-01
    outer loop
      vertex   3.041727e+01 5.747316e+00 -1.366274e+01
      vertex   4.538245e+01 6.755799e+00 -1.431878e+01
      vertex   5.287238e+01 7.065253e+00 -1.466246e+01
    endloop
  endfacet
  facet normal -5.694855e-02 3.330799e-01 -9.411773e-01
    outer loop
      vertex   5.287238e+01 7.065253e+00 -1.466246e+01
      vertex   4.538245e+01 6.755799e+00 -1.431878e+01
      vertex   5.286316e+01 7.433674e+00 -1.453152e+01
    endloop
  endfacet
  facet normal -5.694855e-02 3.330799e-01 -9.411773e-01
    outer loop
      vertex   5.287238e+01 7.065253e+00 -1.466246e+01
      vertex   5.286316e+01 7.433674e+00 -1.453152e+01
      vertex   6.035309e+01 7.743128e+00 -1.487521e+01
    endloop
  endfacet
  facet normal -6.110256e-02 5.652758e-01 -8.226358e-01
    outer loop
      vertex   6.035309e+01 7.743128e+00 -1.487521e+01
      vertex   5.286316e+01 7.433674e+00 -1.453152e+01
      vertex   6.034994e+01 8.065350e+00 -1.465356e+01
    endloop
  endfacet
  facet normal -6.110256e-02 5.652758e-01 -8.226358e-01
    outer loop
      vertex   6.035309e+01 7.743128e+00 -1.487521e+01
      vertex   6.034994e+01 8.065350e+00 -1.465356e+01
      vertex   6.783987e+01 8.374804e+00 -1.499724e+01
    endloop
  endfacet
  facet normal -6.110256e-02 7.590419e-01 -6.481681e-01
    outer loop
      vertex   6.783987e+01 8.374804e+00 -1.499724e+01
      vertex   6.034994e+01 8.065350e+00 -1.465356e+01
      vertex   6.784301e+01 8.628920e+00 -1.469995e+01
    endloop
  endfacet
  facet normal -6.110256e-02 7.590419e-01 -6.481681e-01
    outer loop
      vertex   6.783987e+01 8.374804e+00 -1.499724e+01
      vertex   6.784301e+01 8.628920e+00 -1.469995e+01
      vertex   7.532979e+01 8.938244e+00 -1.504349e+01
    endloop
  endfacet
  facet normal -5.694855e-02 9.012051e-01 -4.296350e-01
    outer loop
      vertex   7.532979e+01 8.938244e+00 -1.504349e+01
      vertex   6.784301e+01 8.628920e+00 -1.469995e+01
      vertex   7.532979e+01 9.106597e+00 -1.469036e+01
    endloop
  endfacet
  facet normal -5.694855e-02 9.012051e-01 -4.296350e-01
    outer loop
      vertex   7.532979e+01 9.106597e+00 -1.469036e+01
      vertex   6.784301e+01 8.628920e+00 -1.469995e+01
      vertex   6.785222e+01 8.797654e+00 -1.434724e+01
    endloop
  endfacet
  facet normal -4.892293e-02 9.821004e-01 -1.818938e-01
    outer loop
      vertex   7.532979e+01 9.106597e+00 -1.469036e+01
      vertex   6.785222e+01 8.797654e+00 -1.434724e+01
      vertex   7.532979e+01 9.177873e+00 -1.430552e+01
    endloop
  endfacet
  facet normal -4.892293e-02 9.821004e-01 -1.818938e-01
    outer loop
      vertex   7.532979e+01 9.177873e+00 -1.430552e+01
      vertex   6.785222e+01 8.797654e+00 -1.434724e+01
      vertex   6.036230e+01 8.488200e+00 -1.400356e+01
    endloop
  endfacet
  facet normal -4.892293e-02 9.821004e-01 -1.818938e-01
    outer loop
      vertex   7.532979e+01 9.177873e+00 -1.430552e+01
      vertex   6.036230e+01 8.488200e+00 -1.400356e+01
      vertex   5.287238e+01 8.178745e+00 -1.365987e+01
    endloop
  endfacet
  facet normal -5.694855e-02 9.012051e-01 -4.296350e-01
    outer loop
      vertex   5.287238e+01 8.178745e+00 -1.365987e+01
      vertex   6.036230e+01 8.488200e+00 -1.400356e+01
      vertex   5.286316e+01 8.010011e+00 -1.401259e+01
    endloop
  endfacet
  facet normal -5.694855e-02 9.012051e-01 -4.296350e-01
    outer loop
      vertex   5.287238e+01 8.178745e+00 -1.365987e+01
      vertex   5.286316e+01 8.010011e+00 -1.401259e+01
      vertex   4.537324e+01 7.700557e+00 -1.366890e+01
    endloop
  endfacet
  facet normal -6.110256e-02 7.590419e-01 -6.481681e-01
    outer loop
      vertex   4.537324e+01 7.700557e+00 -1.366890e+01
      vertex   5.286316e+01 8.010011e+00 -1.401259e+01
      vertex   4.537010e+01 7.446442e+00 -1.396619e+01
    endloop
  endfacet
  facet normal -6.110256e-02 7.590419e-01 -6.481681e-01
    outer loop
      vertex   4.537324e+01 7.700557e+00 -1.366890e+01
      vertex   4.537010e+01 7.446442e+00 -1.396619e+01
      vertex   3.788018e+01 7.136987e+00 -1.362251e+01
    endloop
  endfacet
  facet normal -6.110256e-02 5.652758e-01 -8.226358e-01
    outer loop
      vertex   3.788018e+01 7.136987e+00 -1.362251e+01
      vertex   4.537010e+01 7.446442e+00 -1.396619e+01
      vertex   3.788332e+01 6.814766e+00 -1.384416e+01
    endloop
  endfacet
  facet normal -6.110256e-02 5.652758e-01 -8.226358e-01
    outer loop
      vertex   3.788018e+01 7.136987e+00 -1.362251e+01
      vertex   3.788332e+01 6.814766e+00 -1.384416e+01
      vertex   3.041727e+01 6.828649e+00 -1.328006e+01
    endloop
  endfacet
  facet normal -6.110256e-02 5.652758e-01 -8.226358e-01
    outer loop
      vertex   3.041727e+01 6.828649e+00 -1.328006e+01
      vertex   3.788332e+01 6.814766e+00 -1.384416e+01
      vertex   3.041727e+01 6.506298e+00 -1.350157e+01
    endloop
  endfacet
  facet normal -5.694855e-02 3.330799e-01 -9.411773e-01
    outer loop
      vertex   3.041727e+01 6.506298e+00 -1.350157e+01
      vertex   3.788332e+01 6.814766e+00 -1.384416e+01
      vertex   3.789253e+01 6.446345e+00 -1.397510e+01
    endloop
  endfacet
  facet normal -5.694855e-02 3.330799e-01 -9.411773e-01
    outer loop
      vertex   3.041727e+01 6.506298e+00 -1.350157e+01
      vertex   3.789253e+01 6.446345e+00 -1.397510e+01
      vertex   3.041727e+01 6.137496e+00 -1.363209e+01
    endloop
  endfacet
  facet normal -6.110256e-02 7.590419e-01 -6.481681e-01
    outer loop
      vertex   3.788018e+01 7.136987e+00 -1.362251e+01
      vertex   3.041727e+01 6.828649e+00 -1.328006e+01
      vertex   3.788332e+01 7.391103e+00 -1.332522e+01
    endloop
  endfacet
  facet normal -6.110256e-02 7.590419e-01 -6.481681e-01
    outer loop
      vertex   3.788332e+01 7.391103e+00 -1.332522e+01
      vertex   3.041727e+01 6.828649e+00 -1.328006e+01
      vertex   3.041727e+01 7.082635e+00 -1.298263e+01
    endloop
  endfacet
  facet normal -5.694855e-02 9.012051e-01 -4.296350e-01
    outer loop
      vertex   3.788332e+01 7.391103e+00 -1.332522e+01
      vertex   3.041727e+01 7.082635e+00 -1.298263e+01
      vertex   3.789253e+01 7.559837e+00 -1.297250e+01
    endloop
  endfacet
  facet normal -5.694855e-02 9.012051e-01 -4.296350e-01
    outer loop
      vertex   3.789253e+01 7.559837e+00 -1.297250e+01
      vertex   3.041727e+01 7.082635e+00 -1.298263e+01
      vertex   3.041727e+01 7.250989e+00 -1.262949e+01
    endloop
  endfacet
  facet normal -4.892293e-02 9.821004e-01 -1.818936e-01
    outer loop
      vertex   3.789253e+01 7.559837e+00 -1.297250e+01
      vertex   3.041727e+01 7.250989e+00 -1.262949e+01
      vertex   3.041727e+01 7.322264e+00 -1.224466e+01
    endloop
  endfacet
  facet normal -4.892293e-02 9.821004e-01 -1.818937e-01
    outer loop
      vertex   7.532979e+01 9.177873e+00 -1.430552e+01
      vertex   5.287238e+01 8.178745e+00 -1.365987e+01
      vertex   3.041727e+01 7.322264e+00 -1.224466e+01
    endloop
  endfacet
  facet normal -4.892293e-02 9.821004e-01 -1.818936e-01
    outer loop
      vertex   3.041727e+01 7.322264e+00 -1.224466e+01
      vertex   5.287238e+01 8.178745e+00 -1.365987e+01
      vertex   4.538245e+01 7.869291e+00 -1.331619e+01
    endloop
  endfacet
  facet normal -4.892293e-02 9.821004e-01 -1.818936e-01
    outer loop
      vertex   3.041727e+01 7.322264e+00 -1.224466e+01
      vertex   4.538245e+01 7.869291e+00 -1.331619e+01
      vertex   3.789253e+01 7.559837e+00 -1.297250e+01
    endloop
  endfacet
  facet normal -5.694855e-02 9.012051e-01 -4.296350e-01
    outer loop
      vertex   3.789253e+01 7.559837e+00 -1.297250e+01
      vertex   4.538245e+01 7.869291e+00 -1.331619e+01
      vertex   3.788332e+01 7.391103e+00 -1.332522e+01
    endloop
  endfacet
  facet normal -6.110256e-02 7.590419e-01 -6.481681e-01
    outer loop
      vertex   7.532979e+01 8.938244e+00 -1.504349e+01
      vertex   7.532979e+01 8.684258e+00 -1.534093e+01
      vertex   6.783987e+01 8.374804e+00 -1.499724e+01
    endloop
  endfacet
  facet normal -6.110256e-02 5.652758e-01 -8.226358e-01
    outer loop
      vertex   6.783987e+01 8.374804e+00 -1.499724e+01
      vertex   7.532979e+01 8.684258e+00 -1.534093e+01
      vertex   7.532979e+01 8.361907e+00 -1.556243e+01
    endloop
  endfacet
  facet normal -6.110256e-02 5.652758e-01 -8.226358e-01
    outer loop
      vertex   6.783987e+01 8.374804e+00 -1.499724e+01
      vertex   7.532979e+01 8.361907e+00 -1.556243e+01
      vertex   6.784301e+01 8.052583e+00 -1.521889e+01
    endloop
  endfacet
  facet normal -5.694855e-02 3.330799e-01 -9.411773e-01
    outer loop
      vertex   6.784301e+01 8.052583e+00 -1.521889e+01
      vertex   7.532979e+01 8.361907e+00 -1.556243e+01
      vertex   7.532979e+01 7.993105e+00 -1.569295e+01
    endloop
  endfacet
  facet normal -5.694855e-02 3.330799e-01 -9.411773e-01
    outer loop
      vertex   6.784301e+01 8.052583e+00 -1.521889e+01
      vertex   7.532979e+01 7.993105e+00 -1.569295e+01
      vertex   6.785222e+01 7.684161e+00 -1.534983e+01
    endloop
  endfacet
  facet normal -4.892294e-02 7.824017e-02 -9.957334e-01
    outer loop
      vertex   6.785222e+01 7.684161e+00 -1.534983e+01
      vertex   7.532979e+01 7.993105e+00 -1.569295e+01
      vertex   7.532979e+01 7.602925e+00 -1.572361e+01
    endloop
  endfacet
  facet normal -4.892294e-02 7.824017e-02 -9.957334e-01
    outer loop
      vertex   6.785222e+01 7.684161e+00 -1.534983e+01
      vertex   7.532979e+01 7.602925e+00 -1.572361e+01
      vertex   6.036230e+01 7.374707e+00 -1.500615e+01
    endloop
  endfacet
  facet normal -4.892294e-02 7.824017e-02 -9.957334e-01
    outer loop
      vertex   6.036230e+01 7.374707e+00 -1.500615e+01
      vertex   7.532979e+01 7.602925e+00 -1.572361e+01
      vertex   5.287238e+01 7.065253e+00 -1.466246e+01
    endloop
  endfacet
  facet normal -5.694855e-02 3.330799e-01 -9.411773e-01
    outer loop
      vertex   6.036230e+01 7.374707e+00 -1.500615e+01
      vertex   5.287238e+01 7.065253e+00 -1.466246e+01
      vertex   6.035309e+01 7.743128e+00 -1.487521e+01
    endloop
  endfacet
  facet normal -4.892294e-02 7.823994e-02 -9.957334e-01
    outer loop
      vertex   7.532979e+01 7.602925e+00 -1.572361e+01
      vertex   3.041727e+01 5.747316e+00 -1.366274e+01
      vertex   5.287238e+01 7.065253e+00 -1.466246e+01
    endloop
  endfacet
  facet normal -6.110256e-02 5.652758e-01 -8.226358e-01
    outer loop
      vertex   6.035309e+01 7.743128e+00 -1.487521e+01
      vertex   6.783987e+01 8.374804e+00 -1.499724e+01
      vertex   6.784301e+01 8.052583e+00 -1.521889e+01
    endloop
  endfacet
  facet normal -5.694855e-02 3.330799e-01 -9.411773e-01
    outer loop
      vertex   4.538245e+01 6.755799e+00 -1.431878e+01
      vertex   3.789253e+01 6.446345e+00 -1.397510e+01
      vertex   4.537324e+01 7.124220e+00 -1.418784e+01
    endloop
  endfacet
  facet normal -5.694855e-02 3.330799e-01 -9.411773e-01
    outer loop
      vertex   4.537324e+01 7.124220e+00 -1.418784e+01
      vertex   3.789253e+01 6.446345e+00 -1.397510e+01
      vertex   3.788332e+01 6.814766e+00 -1.384416e+01
    endloop
  endfacet
  facet normal -6.110256e-02 5.652758e-01 -8.226358e-01
    outer loop
      vertex   4.537324e+01 7.124220e+00 -1.418784e+01
      vertex   3.788332e+01 6.814766e+00 -1.384416e+01
      vertex   4.537010e+01 7.446442e+00 -1.396619e+01
    endloop
  endfacet
  facet normal -5.694855e-02 3.330799e-01 -9.411773e-01
    outer loop
      vertex   6.784301e+01 8.052583e+00 -1.521889e+01
      vertex   6.785222e+01 7.684161e+00 -1.534983e+01
      vertex   6.036230e+01 7.374707e+00 -1.500615e+01
    endloop
  endfacet
  facet normal -5.694855e-02 3.330799e-01 -9.411773e-01
    outer loop
      vertex   6.784301e+01 8.052583e+00 -1.521889e+01
      vertex   6.036230e+01 7.374707e+00 -1.500615e+01
      vertex   6.035309e+01 7.743128e+00 -1.487521e+01
    endloop
  endfacet
  facet normal -5.694855e-02 3.330799e-01 -9.411773e-01
    outer loop
      vertex   4.538245e+01 6.755799e+00 -1.431878e+01
      vertex   4.537324e+01 7.124220e+00 -1.418784e+01
      vertex   5.286316e+01 7.433674e+00 -1.453152e+01
    endloop
  endfacet
  facet normal -6.110256e-02 5.652758e-01 -8.226358e-01
    outer loop
      vertex   5.286316e+01 7.433674e+00 -1.453152e+01
      vertex   4.537324e+01 7.124220e+00 -1.418784e+01
      vertex   5.286002e+01 7.755896e+00 -1.430988e+01
    endloop
  endfacet
  facet normal -6.110256e-02 5.652758e-01 -8.226358e-01
    outer loop
      vertex   5.286316e+01 7.433674e+00 -1.453152e+01
      vertex   5.286002e+01 7.755896e+00 -1.430988e+01
      vertex   6.034994e+01 8.065350e+00 -1.465356e+01
    endloop
  endfacet
  facet normal -6.110256e-02 7.590419e-01 -6.481681e-01
    outer loop
      vertex   6.034994e+01 8.065350e+00 -1.465356e+01
      vertex   5.286002e+01 7.755896e+00 -1.430988e+01
      vertex   6.035309e+01 8.319466e+00 -1.435627e+01
    endloop
  endfacet
  facet normal -6.110256e-02 7.590419e-01 -6.481681e-01
    outer loop
      vertex   6.034994e+01 8.065350e+00 -1.465356e+01
      vertex   6.035309e+01 8.319466e+00 -1.435627e+01
      vertex   6.784301e+01 8.628920e+00 -1.469995e+01
    endloop
  endfacet
  facet normal -5.694855e-02 9.012051e-01 -4.296350e-01
    outer loop
      vertex   6.784301e+01 8.628920e+00 -1.469995e+01
      vertex   6.035309e+01 8.319466e+00 -1.435627e+01
      vertex   6.785222e+01 8.797654e+00 -1.434724e+01
    endloop
  endfacet
  facet normal -6.110256e-02 5.652758e-01 -8.226358e-01
    outer loop
      vertex   5.286002e+01 7.755896e+00 -1.430988e+01
      vertex   4.537324e+01 7.124220e+00 -1.418784e+01
      vertex   4.537010e+01 7.446442e+00 -1.396619e+01
    endloop
  endfacet
  facet normal -6.110256e-02 7.590419e-01 -6.481681e-01
    outer loop
      vertex   4.537324e+01 7.700557e+00 -1.366890e+01
      vertex   3.788018e+01 7.136987e+00 -1.362251e+01
      vertex   3.788332e+01 7.391103e+00 -1.332522e+01
    endloop
  endfacet
  facet normal -6.110256e-02 7.590419e-01 -6.481681e-01
    outer loop
      vertex   6.035309e+01 8.319466e+00 -1.435627e+01
      vertex   5.286002e+01 7.755896e+00 -1.430988e+01
      vertex   5.286316e+01 8.010011e+00 -1.401259e+01
    endloop
  endfacet
  facet normal -6.110256e-02 7.590419e-01 -6.481681e-01
    outer loop
      vertex   5.286316e+01 8.010011e+00 -1.401259e+01
      vertex   5.286002e+01 7.755896e+00 -1.430988e+01
      vertex   4.537010e+01 7.446442e+00 -1.396619e+01
    endloop
  endfacet
  facet normal -5.694855e-02 9.012051e-01 -4.296350e-01
    outer loop
      vertex   5.287238e+01 8.178745e+00 -1.365987e+01
      vertex   4.537324e+01 7.700557e+00 -1.366890e+01
      vertex   4.538245e+01 7.869291e+00 -1.331619e+01
    endloop
  endfacet
  facet normal -5.694855e-02 9.012051e-01 -4.296350e-01
    outer loop
      vertex   4.538245e+01 7.869291e+00 -1.331619e+01
      vertex   4.537324e+01 7.700557e+00 -1.366890e+01
      vertex   3.788332e+01 7.391103e+00 -1.332522e+01
    endloop
  endfacet
  facet normal -5.694855e-02 9.012051e-01 -4.296350e-01
    outer loop
      vertex   6.785222e+01 8.797654e+00 -1.434724e+01
      vertex   6.035309e+01 8.319466e+00 -1.435627e+01
      vertex   6.036230e+01 8.488200e+00 -1.400356e+01
    endloop
  endfacet
  facet normal -5.694855e-02 9.012051e-01 -4.296350e-01
    outer loop
      vertex   6.036230e+01 8.488200e+00 -1.400356e+01
      vertex   6.035309e+01 8.319466e+00 -1.435627e+01
      vertex   5.286316e+01 8.010011e+00 -1.401259e+01
    endloop
  endfacet
  facet normal -1.953062e-04 7.845895e-02 -9.969173e-01
    outer loop
      vertex   -1.038980e+02 5.898714e+00 -1.358037e+01
      vertex   -9.556858e+01 5.911160e+00 -1.358102e+01
      vertex   -1.039672e+02 5.508238e+00 -1.361108e+01
    endloop
  endfacet
  facet normal -1.953062e-04 7.845895e-02 -9.969173e-01
    outer loop
      vertex   -1.039672e+02 5.508238e+00 -1.361108e+01
      vertex   -9.556858e+01 5.911160e+00 -1.358102e+01
      vertex   -8.716942e+01 5.923710e+00 -1.358168e+01
    endloop
  endfacet
  facet normal -1.953062e-04 7.845895e-02 -9.969173e-01
    outer loop
      vertex   -1.039672e+02 5.508238e+00 -1.361108e+01
      vertex   -8.716942e+01 5.923710e+00 -1.358168e+01
      vertex   -7.877025e+01 5.936261e+00 -1.358233e+01
    endloop
  endfacet
  facet normal -5.726088e-04 3.338064e-01 -9.426415e-01
    outer loop
      vertex   -7.877025e+01 5.936261e+00 -1.358233e+01
      vertex   -8.716942e+01 5.923710e+00 -1.358168e+01
      vertex   -7.877079e+01 6.305379e+00 -1.345162e+01
    endloop
  endfacet
  facet normal -5.726088e-04 3.338064e-01 -9.426415e-01
    outer loop
      vertex   -7.877025e+01 5.936261e+00 -1.358233e+01
      vertex   -7.877079e+01 6.305379e+00 -1.345162e+01
      vertex   -7.037162e+01 6.317929e+00 -1.345228e+01
    endloop
  endfacet
  facet normal -9.108891e-04 5.664056e-01 -8.241262e-01
    outer loop
      vertex   -7.037162e+01 6.317929e+00 -1.345228e+01
      vertex   -7.877079e+01 6.305379e+00 -1.345162e+01
      vertex   -7.037209e+01 6.640639e+00 -1.323049e+01
    endloop
  endfacet
  facet normal -9.108891e-04 5.664056e-01 -8.241262e-01
    outer loop
      vertex   -7.037162e+01 6.317929e+00 -1.345228e+01
      vertex   -7.037209e+01 6.640639e+00 -1.323049e+01
      vertex   -6.197292e+01 6.653189e+00 -1.323115e+01
    endloop
  endfacet
  facet normal -1.187094e-03 7.604051e-01 -6.494480e-01
    outer loop
      vertex   -6.197292e+01 6.653189e+00 -1.323115e+01
      vertex   -7.037209e+01 6.640639e+00 -1.323049e+01
      vertex   -6.197328e+01 6.907499e+00 -1.293339e+01
    endloop
  endfacet
  facet normal -1.187094e-03 7.604051e-01 -6.494480e-01
    outer loop
      vertex   -6.197292e+01 6.653189e+00 -1.323115e+01
      vertex   -6.197328e+01 6.907499e+00 -1.293339e+01
      vertex   -5.357411e+01 6.920049e+00 -1.293405e+01
    endloop
  endfacet
  facet normal -1.382400e-03 9.025843e-01 -4.305110e-01
    outer loop
      vertex   -5.357411e+01 6.920049e+00 -1.293405e+01
      vertex   -6.197328e+01 6.907499e+00 -1.293339e+01
      vertex   -5.357433e+01 7.088628e+00 -1.258061e+01
    endloop
  endfacet
  facet normal -1.382400e-03 9.025843e-01 -4.305110e-01
    outer loop
      vertex   -5.357411e+01 6.920049e+00 -1.293405e+01
      vertex   -5.357433e+01 7.088628e+00 -1.258061e+01
      vertex   -4.517517e+01 7.101179e+00 -1.258127e+01
    endloop
  endfacet
  facet normal -1.483498e-03 9.832538e-01 -1.822355e-01
    outer loop
      vertex   -4.517517e+01 7.101179e+00 -1.258127e+01
      vertex   -5.357433e+01 7.088628e+00 -1.258061e+01
      vertex   -1.036878e+02 7.085106e+00 -1.219167e+01
    endloop
  endfacet
  facet normal -1.483498e-03 9.832538e-01 -1.822355e-01
    outer loop
      vertex   -4.517517e+01 7.101179e+00 -1.258127e+01
      vertex   -1.036878e+02 7.085106e+00 -1.219167e+01
      vertex   -3.677600e+01 7.113729e+00 -1.258193e+01
    endloop
  endfacet
  facet normal -1.483498e-03 9.832538e-01 -1.822355e-01
    outer loop
      vertex   -3.677600e+01 7.113729e+00 -1.258193e+01
      vertex   -1.036878e+02 7.085106e+00 -1.219167e+01
      vertex   3.041727e+01 7.285492e+00 -1.220217e+01
    endloop
  endfacet
  facet normal -1.483498e-03 9.832538e-01 -1.822355e-01
    outer loop
      vertex   -3.677600e+01 7.113729e+00 -1.258193e+01
      vertex   3.041727e+01 7.285492e+00 -1.220217e+01
      vertex   -2.837683e+01 7.126280e+00 -1.258259e+01
    endloop
  endfacet
  facet normal -1.483498e-03 9.832538e-01 -1.822355e-01
    outer loop
      vertex   -2.837683e+01 7.126280e+00 -1.258259e+01
      vertex   3.041727e+01 7.285492e+00 -1.220217e+01
      vertex   -1.997766e+01 7.138830e+00 -1.258324e+01
    endloop
  endfacet
  facet normal -1.382400e-03 9.025843e-01 -4.305110e-01
    outer loop
      vertex   -2.837683e+01 7.126280e+00 -1.258259e+01
      vertex   -1.997766e+01 7.138830e+00 -1.258324e+01
      vertex   -2.837661e+01 6.957701e+00 -1.293602e+01
    endloop
  endfacet
  facet normal -1.382400e-03 9.025843e-01 -4.305110e-01
    outer loop
      vertex   -2.837661e+01 6.957701e+00 -1.293602e+01
      vertex   -1.997766e+01 7.138830e+00 -1.258324e+01
      vertex   -1.997744e+01 6.970251e+00 -1.293668e+01
    endloop
  endfacet
  facet normal -1.187094e-03 7.604051e-01 -6.494480e-01
    outer loop
      vertex   -2.837661e+01 6.957701e+00 -1.293602e+01
      vertex   -1.997744e+01 6.970251e+00 -1.293668e+01
      vertex   -2.837625e+01 6.703391e+00 -1.323378e+01
    endloop
  endfacet
  facet normal -1.187094e-03 7.604051e-01 -6.494480e-01
    outer loop
      vertex   -2.837625e+01 6.703391e+00 -1.323378e+01
      vertex   -1.997744e+01 6.970251e+00 -1.293668e+01
      vertex   -1.997708e+01 6.715942e+00 -1.323443e+01
    endloop
  endfacet
  facet normal -9.108891e-04 5.664056e-01 -8.241262e-01
    outer loop
      vertex   -2.837625e+01 6.703391e+00 -1.323378e+01
      vertex   -1.997708e+01 6.715942e+00 -1.323443e+01
      vertex   -2.837578e+01 6.380681e+00 -1.345557e+01
    endloop
  endfacet
  facet normal -9.108891e-04 5.664056e-01 -8.241262e-01
    outer loop
      vertex   -2.837578e+01 6.380681e+00 -1.345557e+01
      vertex   -1.997708e+01 6.715942e+00 -1.323443e+01
      vertex   -1.997662e+01 6.393232e+00 -1.345623e+01
    endloop
  endfacet
  facet normal -5.726088e-04 3.338064e-01 -9.426415e-01
    outer loop
      vertex   -2.837578e+01 6.380681e+00 -1.345557e+01
      vertex   -1.997662e+01 6.393232e+00 -1.345623e+01
      vertex   -2.837524e+01 6.011563e+00 -1.358628e+01
    endloop
  endfacet
  facet normal -5.726088e-04 3.338064e-01 -9.426415e-01
    outer loop
      vertex   -2.837524e+01 6.011563e+00 -1.358628e+01
      vertex   -1.997662e+01 6.393232e+00 -1.345623e+01
      vertex   -1.997608e+01 6.024114e+00 -1.358694e+01
    endloop
  endfacet
  facet normal -1.953062e-04 7.845895e-02 -9.969173e-01
    outer loop
      vertex   -2.837524e+01 6.011563e+00 -1.358628e+01
      vertex   -1.997608e+01 6.024114e+00 -1.358694e+01
      vertex   3.041727e+01 5.709042e+00 -1.362161e+01
    endloop
  endfacet
  facet normal -1.953062e-04 7.845895e-02 -9.969173e-01
    outer loop
      vertex   3.041727e+01 5.709042e+00 -1.362161e+01
      vertex   -1.997608e+01 6.024114e+00 -1.358694e+01
      vertex   -1.157691e+01 6.036664e+00 -1.358760e+01
    endloop
  endfacet
  facet normal -1.953062e-04 7.845895e-02 -9.969173e-01
    outer loop
      vertex   3.041727e+01 5.709042e+00 -1.362161e+01
      vertex   -1.157691e+01 6.036664e+00 -1.358760e+01
      vertex   -3.177740e+00 6.049215e+00 -1.358825e+01
    endloop
  endfacet
  facet normal -5.726088e-04 3.338064e-01 -9.426415e-01
    outer loop
      vertex   -3.177740e+00 6.049215e+00 -1.358825e+01
      vertex   -1.157691e+01 6.036664e+00 -1.358760e+01
      vertex   -3.178282e+00 6.418333e+00 -1.345754e+01
    endloop
  endfacet
  facet normal -5.726088e-04 3.338064e-01 -9.426415e-01
    outer loop
      vertex   -3.177740e+00 6.049215e+00 -1.358825e+01
      vertex   -3.178282e+00 6.418333e+00 -1.345754e+01
      vertex   5.220886e+00 6.430883e+00 -1.345820e+01
    endloop
  endfacet
  facet normal -9.108891e-04 5.664056e-01 -8.241262e-01
    outer loop
      vertex   5.220886e+00 6.430883e+00 -1.345820e+01
      vertex   -3.178282e+00 6.418333e+00 -1.345754e+01
      vertex   5.220421e+00 6.753593e+00 -1.323641e+01
    endloop
  endfacet
  facet normal -9.108891e-04 5.664056e-01 -8.241262e-01
    outer loop
      vertex   5.220886e+00 6.430883e+00 -1.345820e+01
      vertex   5.220421e+00 6.753593e+00 -1.323641e+01
      vertex   1.361959e+01 6.766143e+00 -1.323707e+01
    endloop
  endfacet
  facet normal -1.187094e-03 7.604051e-01 -6.494480e-01
    outer loop
      vertex   1.361959e+01 6.766143e+00 -1.323707e+01
      vertex   5.220421e+00 6.753593e+00 -1.323641e+01
      vertex   1.361923e+01 7.020453e+00 -1.293931e+01
    endloop
  endfacet
  facet normal -1.187094e-03 7.604051e-01 -6.494480e-01
    outer loop
      vertex   1.361959e+01 6.766143e+00 -1.323707e+01
      vertex   1.361923e+01 7.020453e+00 -1.293931e+01
      vertex   2.201840e+01 7.033004e+00 -1.293996e+01
    endloop
  endfacet
  facet normal -1.382400e-03 9.025843e-01 -4.305110e-01
    outer loop
      vertex   2.201840e+01 7.033004e+00 -1.293996e+01
      vertex   1.361923e+01 7.020453e+00 -1.293931e+01
      vertex   2.201818e+01 7.201582e+00 -1.258653e+01
    endloop
  endfacet
  facet normal -1.382400e-03 9.025843e-01 -4.305110e-01
    outer loop
      vertex   2.201840e+01 7.033004e+00 -1.293996e+01
      vertex   2.201818e+01 7.201582e+00 -1.258653e+01
      vertex   3.041727e+01 7.045554e+00 -1.294062e+01
    endloop
  endfacet
  facet normal -1.382400e-03 9.025843e-01 -4.305110e-01
    outer loop
      vertex   3.041727e+01 7.045554e+00 -1.294062e+01
      vertex   2.201818e+01 7.201582e+00 -1.258653e+01
      vertex   3.041727e+01 7.214133e+00 -1.258719e+01
    endloop
  endfacet
  facet normal -1.483498e-03 9.832538e-01 -1.822355e-01
    outer loop
      vertex   3.041727e+01 7.214133e+00 -1.258719e+01
      vertex   2.201818e+01 7.201582e+00 -1.258653e+01
      vertex   3.041727e+01 7.285492e+00 -1.220217e+01
    endloop
  endfacet
  facet normal -1.483498e-03 9.832538e-01 -1.822355e-01
    outer loop
      vertex   3.041727e+01 7.285492e+00 -1.220217e+01
      vertex   2.201818e+01 7.201582e+00 -1.258653e+01
      vertex   1.361901e+01 7.189032e+00 -1.258587e+01
    endloop
  endfacet
  facet normal -1.483498e-03 9.832538e-01 -1.822355e-01
    outer loop
      vertex   3.041727e+01 7.285492e+00 -1.220217e+01
      vertex   1.361901e+01 7.189032e+00 -1.258587e+01
      vertex   5.219840e+00 7.176481e+00 -1.258522e+01
    endloop
  endfacet
  facet normal -1.382400e-03 9.025843e-01 -4.305110e-01
    outer loop
      vertex   5.219840e+00 7.176481e+00 -1.258522e+01
      vertex   1.361901e+01 7.189032e+00 -1.258587e+01
      vertex   5.220064e+00 7.007903e+00 -1.293865e+01
    endloop
  endfacet
  facet normal -1.382400e-03 9.025843e-01 -4.305110e-01
    outer loop
      vertex   5.219840e+00 7.176481e+00 -1.258522e+01
      vertex   5.220064e+00 7.007903e+00 -1.293865e+01
      vertex   -3.179103e+00 6.995352e+00 -1.293799e+01
    endloop
  endfacet
  facet normal -1.187094e-03 7.604051e-01 -6.494480e-01
    outer loop
      vertex   -3.179103e+00 6.995352e+00 -1.293799e+01
      vertex   5.220064e+00 7.007903e+00 -1.293865e+01
      vertex   -3.178746e+00 6.741042e+00 -1.323575e+01
    endloop
  endfacet
  facet normal -1.187094e-03 7.604051e-01 -6.494480e-01
    outer loop
      vertex   -3.179103e+00 6.995352e+00 -1.293799e+01
      vertex   -3.178746e+00 6.741042e+00 -1.323575e+01
      vertex   -1.157791e+01 6.728492e+00 -1.323509e+01
    endloop
  endfacet
  facet normal -9.108891e-04 5.664056e-01 -8.241262e-01
    outer loop
      vertex   -1.157791e+01 6.728492e+00 -1.323509e+01
      vertex   -3.178746e+00 6.741042e+00 -1.323575e+01
      vertex   -1.157745e+01 6.405782e+00 -1.345689e+01
    endloop
  endfacet
  facet normal -9.108891e-04 5.664056e-01 -8.241262e-01
    outer loop
      vertex   -1.157791e+01 6.728492e+00 -1.323509e+01
      vertex   -1.157745e+01 6.405782e+00 -1.345689e+01
      vertex   -1.997662e+01 6.393232e+00 -1.345623e+01
    endloop
  endfacet
  facet normal -5.726088e-04 3.338064e-01 -9.426415e-01
    outer loop
      vertex   -1.997662e+01 6.393232e+00 -1.345623e+01
      vertex   -1.157745e+01 6.405782e+00 -1.345689e+01
      vertex   -1.997608e+01 6.024114e+00 -1.358694e+01
    endloop
  endfacet
  facet normal -5.726088e-04 3.338064e-01 -9.426415e-01
    outer loop
      vertex   -1.038980e+02 5.898714e+00 -1.358037e+01
      vertex   -1.038326e+02 6.267930e+00 -1.344966e+01
      vertex   -9.556858e+01 5.911160e+00 -1.358102e+01
    endloop
  endfacet
  facet normal -5.726088e-04 3.338064e-01 -9.426415e-01
    outer loop
      vertex   -9.556858e+01 5.911160e+00 -1.358102e+01
      vertex   -1.038326e+02 6.267930e+00 -1.344966e+01
      vertex   -9.556913e+01 6.280278e+00 -1.345031e+01
    endloop
  endfacet
  facet normal -5.726088e-04 3.338064e-01 -9.426415e-01
    outer loop
      vertex   -9.556858e+01 5.911160e+00 -1.358102e+01
      vertex   -9.556913e+01 6.280278e+00 -1.345031e+01
      vertex   -8.716996e+01 6.292828e+00 -1.345097e+01
    endloop
  endfacet
  facet normal -9.108891e-04 5.664056e-01 -8.241262e-01
    outer loop
      vertex   -8.716996e+01 6.292828e+00 -1.345097e+01
      vertex   -9.556913e+01 6.280278e+00 -1.345031e+01
      vertex   -8.717042e+01 6.615538e+00 -1.322917e+01
    endloop
  endfacet
  facet normal -9.108891e-04 5.664056e-01 -8.241262e-01
    outer loop
      vertex   -8.716996e+01 6.292828e+00 -1.345097e+01
      vertex   -8.717042e+01 6.615538e+00 -1.322917e+01
      vertex   -7.877125e+01 6.628088e+00 -1.322983e+01
    endloop
  endfacet
  facet normal -1.187094e-03 7.604051e-01 -6.494480e-01
    outer loop
      vertex   -7.877125e+01 6.628088e+00 -1.322983e+01
      vertex   -8.717042e+01 6.615538e+00 -1.322917e+01
      vertex   -7.877161e+01 6.882398e+00 -1.293207e+01
    endloop
  endfacet
  facet normal -1.187094e-03 7.604051e-01 -6.494480e-01
    outer loop
      vertex   -7.877125e+01 6.628088e+00 -1.322983e+01
      vertex   -7.877161e+01 6.882398e+00 -1.293207e+01
      vertex   -7.037244e+01 6.894948e+00 -1.293273e+01
    endloop
  endfacet
  facet normal -1.382400e-03 9.025843e-01 -4.305110e-01
    outer loop
      vertex   -7.037244e+01 6.894948e+00 -1.293273e+01
      vertex   -7.877161e+01 6.882398e+00 -1.293207e+01
      vertex   -7.037267e+01 7.063527e+00 -1.257930e+01
    endloop
  endfacet
  facet normal -1.382400e-03 9.025843e-01 -4.305110e-01
    outer loop
      vertex   -7.037244e+01 6.894948e+00 -1.293273e+01
      vertex   -7.037267e+01 7.063527e+00 -1.257930e+01
      vertex   -6.197350e+01 7.076078e+00 -1.257995e+01
    endloop
  endfacet
  facet normal -1.483498e-03 9.832538e-01 -1.822355e-01
    outer loop
      vertex   -6.197350e+01 7.076078e+00 -1.257995e+01
      vertex   -7.037267e+01 7.063527e+00 -1.257930e+01
      vertex   -1.036878e+02 7.085106e+00 -1.219167e+01
    endloop
  endfacet
  facet normal -1.483498e-03 9.832538e-01 -1.822355e-01
    outer loop
      vertex   -6.197350e+01 7.076078e+00 -1.257995e+01
      vertex   -1.036878e+02 7.085106e+00 -1.219167e+01
      vertex   -5.357433e+01 7.088628e+00 -1.258061e+01
    endloop
  endfacet
  facet normal -9.108891e-04 5.664056e-01 -8.241262e-01
    outer loop
      vertex   -1.038326e+02 6.267930e+00 -1.344966e+01
      vertex   -1.037754e+02 6.590726e+00 -1.322787e+01
      vertex   -9.556913e+01 6.280278e+00 -1.345031e+01
    endloop
  endfacet
  facet normal -9.108891e-04 5.664056e-01 -8.241262e-01
    outer loop
      vertex   -9.556913e+01 6.280278e+00 -1.345031e+01
      vertex   -1.037754e+02 6.590726e+00 -1.322787e+01
      vertex   -9.556959e+01 6.602987e+00 -1.322852e+01
    endloop
  endfacet
  facet normal -9.108891e-04 5.664056e-01 -8.241262e-01
    outer loop
      vertex   -9.556913e+01 6.280278e+00 -1.345031e+01
      vertex   -9.556959e+01 6.602987e+00 -1.322852e+01
      vertex   -8.717042e+01 6.615538e+00 -1.322917e+01
    endloop
  endfacet
  facet normal -1.187094e-03 7.604051e-01 -6.494480e-01
    outer loop
      vertex   -8.717042e+01 6.615538e+00 -1.322917e+01
      vertex   -9.556959e+01 6.602987e+00 -1.322852e+01
      vertex   -8.717078e+01 6.869848e+00 -1.293141e+01
    endloop
  endfacet
  facet normal -1.187094e-03 7.604051e-01 -6.494480e-01
    outer loop
      vertex   -8.717042e+01 6.615538e+00 -1.322917e+01
      vertex   -8.717078e+01 6.869848e+00 -1.293141e+01
      vertex   -7.877161e+01 6.882398e+00 -1.293207e+01
    endloop
  endfacet
  facet normal -1.382400e-03 9.025843e-01 -4.305110e-01
    outer loop
      vertex   -7.877161e+01 6.882398e+00 -1.293207e+01
      vertex   -8.717078e+01 6.869848e+00 -1.293141e+01
      vertex   -7.877184e+01 7.050977e+00 -1.257864e+01
    endloop
  endfacet
  facet normal -1.382400e-03 9.025843e-01 -4.305110e-01
    outer loop
      vertex   -7.877161e+01 6.882398e+00 -1.293207e+01
      vertex   -7.877184e+01 7.050977e+00 -1.257864e+01
      vertex   -7.037267e+01 7.063527e+00 -1.257930e+01
    endloop
  endfacet
  facet normal -1.483498e-03 9.832538e-01 -1.822355e-01
    outer loop
      vertex   -7.037267e+01 7.063527e+00 -1.257930e+01
      vertex   -7.877184e+01 7.050977e+00 -1.257864e+01
      vertex   -1.036878e+02 7.085106e+00 -1.219167e+01
    endloop
  endfacet
  facet normal -1.187094e-03 7.604051e-01 -6.494480e-01
    outer loop
      vertex   -1.037754e+02 6.590726e+00 -1.322787e+01
      vertex   -1.037304e+02 6.845103e+00 -1.293012e+01
      vertex   -9.556959e+01 6.602987e+00 -1.322852e+01
    endloop
  endfacet
  facet normal -1.187094e-03 7.604051e-01 -6.494480e-01
    outer loop
      vertex   -9.556959e+01 6.602987e+00 -1.322852e+01
      vertex   -1.037304e+02 6.845103e+00 -1.293012e+01
      vertex   -9.556995e+01 6.857297e+00 -1.293076e+01
    endloop
  endfacet
  facet normal -1.187094e-03 7.604051e-01 -6.494480e-01
    outer loop
      vertex   -9.556959e+01 6.602987e+00 -1.322852e+01
      vertex   -9.556995e+01 6.857297e+00 -1.293076e+01
      vertex   -8.717078e+01 6.869848e+00 -1.293141e+01
    endloop
  endfacet
  facet normal -1.382400e-03 9.025843e-01 -4.305110e-01
    outer loop
      vertex   -8.717078e+01 6.869848e+00 -1.293141e+01
      vertex   -9.556995e+01 6.857297e+00 -1.293076e+01
      vertex   -8.717100e+01 7.038426e+00 -1.257798e+01
    endloop
  endfacet
  facet normal -1.382400e-03 9.025843e-01 -4.305110e-01
    outer loop
      vertex   -8.717078e+01 6.869848e+00 -1.293141e+01
      vertex   -8.717100e+01 7.038426e+00 -1.257798e+01
      vertex   -7.877184e+01 7.050977e+00 -1.257864e+01
    endloop
  endfacet
  facet normal -1.483498e-03 9.832538e-01 -1.822355e-01
    outer loop
      vertex   -7.877184e+01 7.050977e+00 -1.257864e+01
      vertex   -8.717100e+01 7.038426e+00 -1.257798e+01
      vertex   -1.036878e+02 7.085106e+00 -1.219167e+01
    endloop
  endfacet
  facet normal -1.382400e-03 9.025843e-01 -4.305110e-01
    outer loop
      vertex   -1.037304e+02 6.845103e+00 -1.293012e+01
      vertex   -1.037005e+02 7.013727e+00 -1.257669e+01
      vertex   -9.556995e+01 6.857297e+00 -1.293076e+01
    endloop
  endfacet
  facet normal -1.382400e-03 9.025843e-01 -4.305110e-01
    outer loop
      vertex   -9.556995e+01 6.857297e+00 -1.293076e+01
      vertex   -1.037005e+02 7.013727e+00 -1.257669e+01
      vertex   -9.557017e+01 7.025876e+00 -1.257732e+01
    endloop
  endfacet
  facet normal -1.382400e-03 9.025843e-01 -4.305110e-01
    outer loop
      vertex   -9.556995e+01 6.857297e+00 -1.293076e+01
      vertex   -9.557017e+01 7.025876e+00 -1.257732e+01
      vertex   -8.717100e+01 7.038426e+00 -1.257798e+01
    endloop
  endfacet
  facet normal -1.483498e-03 9.832538e-01 -1.822355e-01
    outer loop
      vertex   -8.717100e+01 7.038426e+00 -1.257798e+01
      vertex   -9.557017e+01 7.025876e+00 -1.257732e+01
      vertex   -1.036878e+02 7.085106e+00 -1.219167e+01
    endloop
  endfacet
  facet normal -1.483498e-03 9.832538e-01 -1.822355e-01
    outer loop
      vertex   -1.037005e+02 7.013727e+00 -1.257669e+01
      vertex   -1.036878e+02 7.085106e+00 -1.219167e+01
      vertex   -9.557017e+01 7.025876e+00 -1.257732e+01
    endloop
  endfacet
  facet normal -1.187094e-03 7.604051e-01 -6.494480e-01
    outer loop
      vertex   3.041727e+01 7.045554e+00 -1.294062e+01
      vertex   3.041727e+01 6.791243e+00 -1.323838e+01
      vertex   2.201840e+01 7.033004e+00 -1.293996e+01
    endloop
  endfacet
  facet normal -1.187094e-03 7.604051e-01 -6.494480e-01
    outer loop
      vertex   2.201840e+01 7.033004e+00 -1.293996e+01
      vertex   3.041727e+01 6.791243e+00 -1.323838e+01
      vertex   2.201876e+01 6.778694e+00 -1.323772e+01
    endloop
  endfacet
  facet normal -1.187094e-03 7.604051e-01 -6.494480e-01
    outer loop
      vertex   2.201840e+01 7.033004e+00 -1.293996e+01
      vertex   2.201876e+01 6.778694e+00 -1.323772e+01
      vertex   1.361959e+01 6.766143e+00 -1.323707e+01
    endloop
  endfacet
  facet normal -9.108891e-04 5.664056e-01 -8.241262e-01
    outer loop
      vertex   1.361959e+01 6.766143e+00 -1.323707e+01
      vertex   2.201876e+01 6.778694e+00 -1.323772e+01
      vertex   1.362005e+01 6.443434e+00 -1.345886e+01
    endloop
  endfacet
  facet normal -9.108891e-04 5.664056e-01 -8.241262e-01
    outer loop
      vertex   1.361959e+01 6.766143e+00 -1.323707e+01
      vertex   1.362005e+01 6.443434e+00 -1.345886e+01
      vertex   5.220886e+00 6.430883e+00 -1.345820e+01
    endloop
  endfacet
  facet normal -5.726088e-04 3.338064e-01 -9.426415e-01
    outer loop
      vertex   5.220886e+00 6.430883e+00 -1.345820e+01
      vertex   1.362005e+01 6.443434e+00 -1.345886e+01
      vertex   5.221427e+00 6.061765e+00 -1.358891e+01
    endloop
  endfacet
  facet normal -5.726088e-04 3.338064e-01 -9.426415e-01
    outer loop
      vertex   5.220886e+00 6.430883e+00 -1.345820e+01
      vertex   5.221427e+00 6.061765e+00 -1.358891e+01
      vertex   -3.177740e+00 6.049215e+00 -1.358825e+01
    endloop
  endfacet
  facet normal -1.953062e-04 7.845895e-02 -9.969173e-01
    outer loop
      vertex   -3.177740e+00 6.049215e+00 -1.358825e+01
      vertex   5.221427e+00 6.061765e+00 -1.358891e+01
      vertex   3.041727e+01 5.709042e+00 -1.362161e+01
    endloop
  endfacet
  facet normal -9.108891e-04 5.664056e-01 -8.241262e-01
    outer loop
      vertex   3.041727e+01 6.791243e+00 -1.323838e+01
      vertex   3.041727e+01 6.468533e+00 -1.346017e+01
      vertex   2.201876e+01 6.778694e+00 -1.323772e+01
    endloop
  endfacet
  facet normal -9.108891e-04 5.664056e-01 -8.241262e-01
    outer loop
      vertex   2.201876e+01 6.778694e+00 -1.323772e+01
      vertex   3.041727e+01 6.468533e+00 -1.346017e+01
      vertex   2.201922e+01 6.455984e+00 -1.345952e+01
    endloop
  endfacet
  facet normal -9.108891e-04 5.664056e-01 -8.241262e-01
    outer loop
      vertex   2.201876e+01 6.778694e+00 -1.323772e+01
      vertex   2.201922e+01 6.455984e+00 -1.345952e+01
      vertex   1.362005e+01 6.443434e+00 -1.345886e+01
    endloop
  endfacet
  facet normal -5.726088e-04 3.338064e-01 -9.426415e-01
    outer loop
      vertex   1.362005e+01 6.443434e+00 -1.345886e+01
      vertex   2.201922e+01 6.455984e+00 -1.345952e+01
      vertex   1.362059e+01 6.074316e+00 -1.358957e+01
    endloop
  endfacet
  facet normal -5.726088e-04 3.338064e-01 -9.426415e-01
    outer loop
      vertex   1.362005e+01 6.443434e+00 -1.345886e+01
      vertex   1.362059e+01 6.074316e+00 -1.358957e+01
      vertex   5.221427e+00 6.061765e+00 -1.358891e+01
    endloop
  endfacet
  facet normal -1.953062e-04 7.845895e-02 -9.969173e-01
    outer loop
      vertex   5.221427e+00 6.061765e+00 -1.358891e+01
      vertex   1.362059e+01 6.074316e+00 -1.358957e+01
      vertex   3.041727e+01 5.709042e+00 -1.362161e+01
    endloop
  endfacet
  facet normal -5.726088e-04 3.338064e-01 -9.426415e-01
    outer loop
      vertex   3.041727e+01 6.468533e+00 -1.346017e+01
      vertex   3.041727e+01 6.099414e+00 -1.359089e+01
      vertex   2.201922e+01 6.455984e+00 -1.345952e+01
    endloop
  endfacet
  facet normal -5.726088e-04 3.338064e-01 -9.426415e-01
    outer loop
      vertex   2.201922e+01 6.455984e+00 -1.345952e+01
      vertex   3.041727e+01 6.099414e+00 -1.359089e+01
      vertex   2.201976e+01 6.086866e+00 -1.359023e+01
    endloop
  endfacet
  facet normal -5.726088e-04 3.338064e-01 -9.426415e-01
    outer loop
      vertex   2.201922e+01 6.455984e+00 -1.345952e+01
      vertex   2.201976e+01 6.086866e+00 -1.359023e+01
      vertex   1.362059e+01 6.074316e+00 -1.358957e+01
    endloop
  endfacet
  facet normal -1.953062e-04 7.845895e-02 -9.969173e-01
    outer loop
      vertex   1.362059e+01 6.074316e+00 -1.358957e+01
      vertex   2.201976e+01 6.086866e+00 -1.359023e+01
      vertex   3.041727e+01 5.709042e+00 -1.362161e+01
    endloop
  endfacet
  facet normal -1.953062e-04 7.845895e-02 -9.969173e-01
    outer loop
      vertex   3.041727e+01 6.099414e+00 -1.359089e+01
      vertex   3.041727e+01 5.709042e+00 -1.362161e+01
      vertex   2.201976e+01 6.086866e+00 -1.359023e+01
    endloop
  endfacet
  facet normal -1.953062e-04 7.845895e-02 -9.969173e-01
    outer loop
      vertex   -2.837524e+01 6.011563e+00 -1.358628e+01
      vertex   3.041727e+01 5.709042e+00 -1.362161e+01
      vertex   -3.677441e+01 5.999013e+00 -1.358562e+01
    endloop
  endfacet
  facet normal -1.953062e-04 7.845895e-02 -9.969173e-01
    outer loop
      vertex   -3.677441e+01 5.999013e+00 -1.358562e+01
      vertex   3.041727e+01 5.709042e+00 -1.362161e+01
      vertex   -1.039672e+02 5.508238e+00 -1.361108e+01
    endloop
  endfacet
  facet normal -1.953062e-04 7.845895e-02 -9.969173e-01
    outer loop
      vertex   -3.677441e+01 5.999013e+00 -1.358562e+01
      vertex   -1.039672e+02 5.508238e+00 -1.361108e+01
      vertex   -4.517358e+01 5.986463e+00 -1.358497e+01
    endloop
  endfacet
  facet normal -1.953062e-04 7.845895e-02 -9.969173e-01
    outer loop
      vertex   -4.517358e+01 5.986463e+00 -1.358497e+01
      vertex   -1.039672e+02 5.508238e+00 -1.361108e+01
      vertex   -5.357275e+01 5.973912e+00 -1.358431e+01
    endloop
  endfacet
  facet normal -5.726088e-04 3.338064e-01 -9.426415e-01
    outer loop
      vertex   -4.517358e+01 5.986463e+00 -1.358497e+01
      vertex   -5.357275e+01 5.973912e+00 -1.358431e+01
      vertex   -4.517412e+01 6.355580e+00 -1.345425e+01
    endloop
  endfacet
  facet normal -5.726088e-04 3.338064e-01 -9.426415e-01
    outer loop
      vertex   -4.517412e+01 6.355580e+00 -1.345425e+01
      vertex   -5.357275e+01 5.973912e+00 -1.358431e+01
      vertex   -5.357329e+01 6.343030e+00 -1.345360e+01
    endloop
  endfacet
  facet normal -9.108891e-04 5.664056e-01 -8.241262e-01
    outer loop
      vertex   -4.517412e+01 6.355580e+00 -1.345425e+01
      vertex   -5.357329e+01 6.343030e+00 -1.345360e+01
      vertex   -4.517458e+01 6.678290e+00 -1.323246e+01
    endloop
  endfacet
  facet normal -9.108891e-04 5.664056e-01 -8.241262e-01
    outer loop
      vertex   -4.517458e+01 6.678290e+00 -1.323246e+01
      vertex   -5.357329e+01 6.343030e+00 -1.345360e+01
      vertex   -5.357375e+01 6.665740e+00 -1.323180e+01
    endloop
  endfacet
  facet normal -1.187094e-03 7.604051e-01 -6.494480e-01
    outer loop
      vertex   -4.517458e+01 6.678290e+00 -1.323246e+01
      vertex   -5.357375e+01 6.665740e+00 -1.323180e+01
      vertex   -4.517494e+01 6.932600e+00 -1.293470e+01
    endloop
  endfacet
  facet normal -1.187094e-03 7.604051e-01 -6.494480e-01
    outer loop
      vertex   -4.517494e+01 6.932600e+00 -1.293470e+01
      vertex   -5.357375e+01 6.665740e+00 -1.323180e+01
      vertex   -5.357411e+01 6.920049e+00 -1.293405e+01
    endloop
  endfacet
  facet normal -1.382400e-03 9.025843e-01 -4.305110e-01
    outer loop
      vertex   -4.517494e+01 6.932600e+00 -1.293470e+01
      vertex   -5.357411e+01 6.920049e+00 -1.293405e+01
      vertex   -4.517517e+01 7.101179e+00 -1.258127e+01
    endloop
  endfacet
  facet normal -5.726088e-04 3.338064e-01 -9.426415e-01
    outer loop
      vertex   -7.877079e+01 6.305379e+00 -1.345162e+01
      vertex   -8.716942e+01 5.923710e+00 -1.358168e+01
      vertex   -8.716996e+01 6.292828e+00 -1.345097e+01
    endloop
  endfacet
  facet normal -5.726088e-04 3.338064e-01 -9.426415e-01
    outer loop
      vertex   -8.716996e+01 6.292828e+00 -1.345097e+01
      vertex   -8.716942e+01 5.923710e+00 -1.358168e+01
      vertex   -9.556858e+01 5.911160e+00 -1.358102e+01
    endloop
  endfacet
  facet normal -1.953062e-04 7.845895e-02 -9.969173e-01
    outer loop
      vertex   -7.877025e+01 5.936261e+00 -1.358233e+01
      vertex   -7.037108e+01 5.948811e+00 -1.358299e+01
      vertex   -1.039672e+02 5.508238e+00 -1.361108e+01
    endloop
  endfacet
  facet normal -1.953062e-04 7.845895e-02 -9.969173e-01
    outer loop
      vertex   -1.039672e+02 5.508238e+00 -1.361108e+01
      vertex   -7.037108e+01 5.948811e+00 -1.358299e+01
      vertex   -6.197191e+01 5.961362e+00 -1.358365e+01
    endloop
  endfacet
  facet normal -1.953062e-04 7.845895e-02 -9.969173e-01
    outer loop
      vertex   -1.039672e+02 5.508238e+00 -1.361108e+01
      vertex   -6.197191e+01 5.961362e+00 -1.358365e+01
      vertex   -5.357275e+01 5.973912e+00 -1.358431e+01
    endloop
  endfacet
  facet normal -5.726088e-04 3.338064e-01 -9.426415e-01
    outer loop
      vertex   -5.357275e+01 5.973912e+00 -1.358431e+01
      vertex   -6.197191e+01 5.961362e+00 -1.358365e+01
      vertex   -5.357329e+01 6.343030e+00 -1.345360e+01
    endloop
  endfacet
  facet normal -5.726088e-04 3.338064e-01 -9.426415e-01
    outer loop
      vertex   -7.877025e+01 5.936261e+00 -1.358233e+01
      vertex   -7.037162e+01 6.317929e+00 -1.345228e+01
      vertex   -7.037108e+01 5.948811e+00 -1.358299e+01
    endloop
  endfacet
  facet normal -5.726088e-04 3.338064e-01 -9.426415e-01
    outer loop
      vertex   -7.037108e+01 5.948811e+00 -1.358299e+01
      vertex   -7.037162e+01 6.317929e+00 -1.345228e+01
      vertex   -6.197245e+01 6.330479e+00 -1.345294e+01
    endloop
  endfacet
  facet normal -5.726088e-04 3.338064e-01 -9.426415e-01
    outer loop
      vertex   -7.037108e+01 5.948811e+00 -1.358299e+01
      vertex   -6.197245e+01 6.330479e+00 -1.345294e+01
      vertex   -6.197191e+01 5.961362e+00 -1.358365e+01
    endloop
  endfacet
  facet normal -5.726088e-04 3.338064e-01 -9.426415e-01
    outer loop
      vertex   -6.197191e+01 5.961362e+00 -1.358365e+01
      vertex   -6.197245e+01 6.330479e+00 -1.345294e+01
      vertex   -5.357329e+01 6.343030e+00 -1.345360e+01
    endloop
  endfacet
  facet normal -5.726088e-04 3.338064e-01 -9.426415e-01
    outer loop
      vertex   -2.837578e+01 6.380681e+00 -1.345557e+01
      vertex   -2.837524e+01 6.011563e+00 -1.358628e+01
      vertex   -3.677441e+01 5.999013e+00 -1.358562e+01
    endloop
  endfacet
  facet normal -5.726088e-04 3.338064e-01 -9.426415e-01
    outer loop
      vertex   -3.677441e+01 5.999013e+00 -1.358562e+01
      vertex   -4.517358e+01 5.986463e+00 -1.358497e+01
      vertex   -3.677495e+01 6.368131e+00 -1.345491e+01
    endloop
  endfacet
  facet normal -5.726088e-04 3.338064e-01 -9.426415e-01
    outer loop
      vertex   -3.677495e+01 6.368131e+00 -1.345491e+01
      vertex   -4.517358e+01 5.986463e+00 -1.358497e+01
      vertex   -4.517412e+01 6.355580e+00 -1.345425e+01
    endloop
  endfacet
  facet normal -9.108891e-04 5.664056e-01 -8.241262e-01
    outer loop
      vertex   -3.677495e+01 6.368131e+00 -1.345491e+01
      vertex   -4.517412e+01 6.355580e+00 -1.345425e+01
      vertex   -3.677542e+01 6.690841e+00 -1.323312e+01
    endloop
  endfacet
  facet normal -9.108891e-04 5.664056e-01 -8.241262e-01
    outer loop
      vertex   -3.677542e+01 6.690841e+00 -1.323312e+01
      vertex   -4.517412e+01 6.355580e+00 -1.345425e+01
      vertex   -4.517458e+01 6.678290e+00 -1.323246e+01
    endloop
  endfacet
  facet normal -1.187094e-03 7.604051e-01 -6.494480e-01
    outer loop
      vertex   -3.677542e+01 6.690841e+00 -1.323312e+01
      vertex   -4.517458e+01 6.678290e+00 -1.323246e+01
      vertex   -3.677577e+01 6.945150e+00 -1.293536e+01
    endloop
  endfacet
  facet normal -1.187094e-03 7.604051e-01 -6.494480e-01
    outer loop
      vertex   -3.677577e+01 6.945150e+00 -1.293536e+01
      vertex   -4.517458e+01 6.678290e+00 -1.323246e+01
      vertex   -4.517494e+01 6.932600e+00 -1.293470e+01
    endloop
  endfacet
  facet normal -1.382400e-03 9.025843e-01 -4.305110e-01
    outer loop
      vertex   -3.677577e+01 6.945150e+00 -1.293536e+01
      vertex   -4.517494e+01 6.932600e+00 -1.293470e+01
      vertex   -3.677600e+01 7.113729e+00 -1.258193e+01
    endloop
  endfacet
  facet normal -1.382400e-03 9.025843e-01 -4.305110e-01
    outer loop
      vertex   -3.677600e+01 7.113729e+00 -1.258193e+01
      vertex   -4.517494e+01 6.932600e+00 -1.293470e+01
      vertex   -4.517517e+01 7.101179e+00 -1.258127e+01
    endloop
  endfacet
  facet normal -5.726088e-04 3.338064e-01 -9.426415e-01
    outer loop
      vertex   -3.178282e+00 6.418333e+00 -1.345754e+01
      vertex   -1.157691e+01 6.036664e+00 -1.358760e+01
      vertex   -1.157745e+01 6.405782e+00 -1.345689e+01
    endloop
  endfacet
  facet normal -5.726088e-04 3.338064e-01 -9.426415e-01
    outer loop
      vertex   -1.157745e+01 6.405782e+00 -1.345689e+01
      vertex   -1.157691e+01 6.036664e+00 -1.358760e+01
      vertex   -1.997608e+01 6.024114e+00 -1.358694e+01
    endloop
  endfacet
  facet normal -9.108891e-04 5.664056e-01 -8.241262e-01
    outer loop
      vertex   -7.037209e+01 6.640639e+00 -1.323049e+01
      vertex   -7.877079e+01 6.305379e+00 -1.345162e+01
      vertex   -7.877125e+01 6.628088e+00 -1.322983e+01
    endloop
  endfacet
  facet normal -9.108891e-04 5.664056e-01 -8.241262e-01
    outer loop
      vertex   -7.877125e+01 6.628088e+00 -1.322983e+01
      vertex   -7.877079e+01 6.305379e+00 -1.345162e+01
      vertex   -8.716996e+01 6.292828e+00 -1.345097e+01
    endloop
  endfacet
  facet normal -9.108891e-04 5.664056e-01 -8.241262e-01
    outer loop
      vertex   -5.357375e+01 6.665740e+00 -1.323180e+01
      vertex   -5.357329e+01 6.343030e+00 -1.345360e+01
      vertex   -6.197245e+01 6.330479e+00 -1.345294e+01
    endloop
  endfacet
  facet normal -9.108891e-04 5.664056e-01 -8.241262e-01
    outer loop
      vertex   -5.357375e+01 6.665740e+00 -1.323180e+01
      vertex   -6.197245e+01 6.330479e+00 -1.345294e+01
      vertex   -6.197292e+01 6.653189e+00 -1.323115e+01
    endloop
  endfacet
  facet normal -9.108891e-04 5.664056e-01 -8.241262e-01
    outer loop
      vertex   -6.197292e+01 6.653189e+00 -1.323115e+01
      vertex   -6.197245e+01 6.330479e+00 -1.345294e+01
      vertex   -7.037162e+01 6.317929e+00 -1.345228e+01
    endloop
  endfacet
  facet normal -9.108891e-04 5.664056e-01 -8.241262e-01
    outer loop
      vertex   -2.837625e+01 6.703391e+00 -1.323378e+01
      vertex   -2.837578e+01 6.380681e+00 -1.345557e+01
      vertex   -3.677495e+01 6.368131e+00 -1.345491e+01
    endloop
  endfacet
  facet normal -5.726088e-04 3.338064e-01 -9.426415e-01
    outer loop
      vertex   -3.677495e+01 6.368131e+00 -1.345491e+01
      vertex   -2.837578e+01 6.380681e+00 -1.345557e+01
      vertex   -3.677441e+01 5.999013e+00 -1.358562e+01
    endloop
  endfacet
  facet normal -9.108891e-04 5.664056e-01 -8.241262e-01
    outer loop
      vertex   -2.837625e+01 6.703391e+00 -1.323378e+01
      vertex   -3.677495e+01 6.368131e+00 -1.345491e+01
      vertex   -3.677542e+01 6.690841e+00 -1.323312e+01
    endloop
  endfacet
  facet normal -9.108891e-04 5.664056e-01 -8.241262e-01
    outer loop
      vertex   -1.157791e+01 6.728492e+00 -1.323509e+01
      vertex   -1.997662e+01 6.393232e+00 -1.345623e+01
      vertex   -1.997708e+01 6.715942e+00 -1.323443e+01
    endloop
  endfacet
  facet normal -9.108891e-04 5.664056e-01 -8.241262e-01
    outer loop
      vertex   5.220421e+00 6.753593e+00 -1.323641e+01
      vertex   -3.178282e+00 6.418333e+00 -1.345754e+01
      vertex   -3.178746e+00 6.741042e+00 -1.323575e+01
    endloop
  endfacet
  facet normal -9.108891e-04 5.664056e-01 -8.241262e-01
    outer loop
      vertex   -3.178746e+00 6.741042e+00 -1.323575e+01
      vertex   -3.178282e+00 6.418333e+00 -1.345754e+01
      vertex   -1.157745e+01 6.405782e+00 -1.345689e+01
    endloop
  endfacet
  facet normal -1.187094e-03 7.604051e-01 -6.494480e-01
    outer loop
      vertex   -6.197328e+01 6.907499e+00 -1.293339e+01
      vertex   -7.037209e+01 6.640639e+00 -1.323049e+01
      vertex   -7.037244e+01 6.894948e+00 -1.293273e+01
    endloop
  endfacet
  facet normal -1.187094e-03 7.604051e-01 -6.494480e-01
    outer loop
      vertex   -7.037244e+01 6.894948e+00 -1.293273e+01
      vertex   -7.037209e+01 6.640639e+00 -1.323049e+01
      vertex   -7.877125e+01 6.628088e+00 -1.322983e+01
    endloop
  endfacet
  facet normal -1.187094e-03 7.604051e-01 -6.494480e-01
    outer loop
      vertex   -5.357411e+01 6.920049e+00 -1.293405e+01
      vertex   -5.357375e+01 6.665740e+00 -1.323180e+01
      vertex   -6.197292e+01 6.653189e+00 -1.323115e+01
    endloop
  endfacet
  facet normal -1.187094e-03 7.604051e-01 -6.494480e-01
    outer loop
      vertex   -2.837661e+01 6.957701e+00 -1.293602e+01
      vertex   -2.837625e+01 6.703391e+00 -1.323378e+01
      vertex   -3.677542e+01 6.690841e+00 -1.323312e+01
    endloop
  endfacet
  facet normal -1.187094e-03 7.604051e-01 -6.494480e-01
    outer loop
      vertex   -2.837661e+01 6.957701e+00 -1.293602e+01
      vertex   -3.677542e+01 6.690841e+00 -1.323312e+01
      vertex   -3.677577e+01 6.945150e+00 -1.293536e+01
    endloop
  endfacet
  facet normal -1.187094e-03 7.604051e-01 -6.494480e-01
    outer loop
      vertex   -1.157791e+01 6.728492e+00 -1.323509e+01
      vertex   -1.997708e+01 6.715942e+00 -1.323443e+01
      vertex   -1.157827e+01 6.982802e+00 -1.293733e+01
    endloop
  endfacet
  facet normal -1.187094e-03 7.604051e-01 -6.494480e-01
    outer loop
      vertex   -1.157827e+01 6.982802e+00 -1.293733e+01
      vertex   -1.997708e+01 6.715942e+00 -1.323443e+01
      vertex   -1.997744e+01 6.970251e+00 -1.293668e+01
    endloop
  endfacet
  facet normal -1.382400e-03 9.025843e-01 -4.305110e-01
    outer loop
      vertex   -1.157827e+01 6.982802e+00 -1.293733e+01
      vertex   -1.997744e+01 6.970251e+00 -1.293668e+01
      vertex   -1.157849e+01 7.151380e+00 -1.258390e+01
    endloop
  endfacet
  facet normal -1.382400e-03 9.025843e-01 -4.305110e-01
    outer loop
      vertex   -1.157849e+01 7.151380e+00 -1.258390e+01
      vertex   -1.997744e+01 6.970251e+00 -1.293668e+01
      vertex   -1.997766e+01 7.138830e+00 -1.258324e+01
    endloop
  endfacet
  facet normal -1.483498e-03 9.832538e-01 -1.822355e-01
    outer loop
      vertex   -1.157849e+01 7.151380e+00 -1.258390e+01
      vertex   -1.997766e+01 7.138830e+00 -1.258324e+01
      vertex   3.041727e+01 7.285492e+00 -1.220217e+01
    endloop
  endfacet
  facet normal -1.187094e-03 7.604051e-01 -6.494480e-01
    outer loop
      vertex   1.361923e+01 7.020453e+00 -1.293931e+01
      vertex   5.220421e+00 6.753593e+00 -1.323641e+01
      vertex   5.220064e+00 7.007903e+00 -1.293865e+01
    endloop
  endfacet
  facet normal -1.187094e-03 7.604051e-01 -6.494480e-01
    outer loop
      vertex   5.220064e+00 7.007903e+00 -1.293865e+01
      vertex   5.220421e+00 6.753593e+00 -1.323641e+01
      vertex   -3.178746e+00 6.741042e+00 -1.323575e+01
    endloop
  endfacet
  facet normal -1.382400e-03 9.025843e-01 -4.305110e-01
    outer loop
      vertex   -5.357433e+01 7.088628e+00 -1.258061e+01
      vertex   -6.197328e+01 6.907499e+00 -1.293339e+01
      vertex   -6.197350e+01 7.076078e+00 -1.257995e+01
    endloop
  endfacet
  facet normal -1.382400e-03 9.025843e-01 -4.305110e-01
    outer loop
      vertex   -6.197350e+01 7.076078e+00 -1.257995e+01
      vertex   -6.197328e+01 6.907499e+00 -1.293339e+01
      vertex   -7.037244e+01 6.894948e+00 -1.293273e+01
    endloop
  endfacet
  facet normal -1.382400e-03 9.025843e-01 -4.305110e-01
    outer loop
      vertex   -2.837683e+01 7.126280e+00 -1.258259e+01
      vertex   -2.837661e+01 6.957701e+00 -1.293602e+01
      vertex   -3.677577e+01 6.945150e+00 -1.293536e+01
    endloop
  endfacet
  facet normal -1.382400e-03 9.025843e-01 -4.305110e-01
    outer loop
      vertex   -2.837683e+01 7.126280e+00 -1.258259e+01
      vertex   -3.677577e+01 6.945150e+00 -1.293536e+01
      vertex   -3.677600e+01 7.113729e+00 -1.258193e+01
    endloop
  endfacet
  facet normal -1.187094e-03 7.604051e-01 -6.494480e-01
    outer loop
      vertex   -1.157791e+01 6.728492e+00 -1.323509e+01
      vertex   -1.157827e+01 6.982802e+00 -1.293733e+01
      vertex   -3.179103e+00 6.995352e+00 -1.293799e+01
    endloop
  endfacet
  facet normal -1.382400e-03 9.025843e-01 -4.305110e-01
    outer loop
      vertex   -3.179103e+00 6.995352e+00 -1.293799e+01
      vertex   -1.157827e+01 6.982802e+00 -1.293733e+01
      vertex   -3.179327e+00 7.163931e+00 -1.258456e+01
    endloop
  endfacet
  facet normal -1.382400e-03 9.025843e-01 -4.305110e-01
    outer loop
      vertex   -3.179103e+00 6.995352e+00 -1.293799e+01
      vertex   -3.179327e+00 7.163931e+00 -1.258456e+01
      vertex   5.219840e+00 7.176481e+00 -1.258522e+01
    endloop
  endfacet
  facet normal -1.483498e-03 9.832538e-01 -1.822355e-01
    outer loop
      vertex   5.219840e+00 7.176481e+00 -1.258522e+01
      vertex   -3.179327e+00 7.163931e+00 -1.258456e+01
      vertex   3.041727e+01 7.285492e+00 -1.220217e+01
    endloop
  endfacet
  facet normal -1.382400e-03 9.025843e-01 -4.305110e-01
    outer loop
      vertex   -3.179327e+00 7.163931e+00 -1.258456e+01
      vertex   -1.157827e+01 6.982802e+00 -1.293733e+01
      vertex   -1.157849e+01 7.151380e+00 -1.258390e+01
    endloop
  endfacet
  facet normal -1.382400e-03 9.025843e-01 -4.305110e-01
    outer loop
      vertex   2.201818e+01 7.201582e+00 -1.258653e+01
      vertex   1.361923e+01 7.020453e+00 -1.293931e+01
      vertex   1.361901e+01 7.189032e+00 -1.258587e+01
    endloop
  endfacet
  facet normal -1.382400e-03 9.025843e-01 -4.305110e-01
    outer loop
      vertex   1.361901e+01 7.189032e+00 -1.258587e+01
      vertex   1.361923e+01 7.020453e+00 -1.293931e+01
      vertex   5.220064e+00 7.007903e+00 -1.293865e+01
    endloop
  endfacet
  facet normal -1.483498e-03 9.832538e-01 -1.822355e-01
    outer loop
      vertex   3.041727e+01 7.285492e+00 -1.220217e+01
      vertex   -3.179327e+00 7.163931e+00 -1.258456e+01
      vertex   -1.157849e+01 7.151380e+00 -1.258390e+01
    endloop
  endfacet
  facet normal 8.384392e-15 -5.233596e-02 -9.986295e-01
    outer loop
      vertex   3.041727e+01 -1.567894e+02 -5.105424e+00
      vertex   -4.277637e+01 -1.567894e+02 -5.105424e+00
      vertex   3.041727e+01 5.709042e+00 -1.362161e+01
    endloop
  endfacet
  facet normal 8.446109e-15 -5.233596e-02 -9.986295e-01
    outer loop
      vertex   3.041727e+01 5.709042e+00 -1.362161e+01
      vertex   -4.277637e+01 -1.567894e+02 -5.105424e+00
      vertex   -1.241539e+02 -1.084489e+02 -7.638845e+00
    endloop
  endfacet
  facet normal 8.412744e-15 -5.233596e-02 -9.986295e-01
    outer loop
      vertex   3.041727e+01 5.709042e+00 -1.362161e+01
      vertex   -1.241539e+02 -1.084489e+02 -7.638845e+00
      vertex   -1.039672e+02 5.508238e+00 -1.361108e+01
    endloop
  endfacet
  facet normal -4.892293e-02 7.923267e-01 -6.081323e-01
    outer loop
      vertex   3.041727e+01 8.873633e+01 1.000240e+02
      vertex   3.789253e+01 8.919789e+01 1.000240e+02
      vertex   3.041727e+01 8.849803e+01 9.971356e+01
    endloop
  endfacet
  facet normal -4.892293e-02 7.923267e-01 -6.081323e-01
    outer loop
      vertex   3.041727e+01 8.849803e+01 9.971356e+01
      vertex   3.789253e+01 8.919789e+01 1.000240e+02
      vertex   4.538245e+01 8.966037e+01 1.000240e+02
    endloop
  endfacet
  facet normal -4.892293e-02 7.923267e-01 -6.081323e-01
    outer loop
      vertex   3.041727e+01 8.849803e+01 9.971356e+01
      vertex   4.538245e+01 8.966037e+01 1.000240e+02
      vertex   5.287238e+01 9.012284e+01 1.000240e+02
    endloop
  endfacet
  facet normal -5.694855e-02 9.223050e-01 -3.822439e-01
    outer loop
      vertex   5.287238e+01 9.012284e+01 1.000240e+02
      vertex   4.538245e+01 8.966037e+01 1.000240e+02
      vertex   5.286316e+01 9.027205e+01 1.003854e+02
    endloop
  endfacet
  facet normal -5.694855e-02 9.223050e-01 -3.822439e-01
    outer loop
      vertex   5.287238e+01 9.012284e+01 1.000240e+02
      vertex   5.286316e+01 9.027205e+01 1.003854e+02
      vertex   6.035309e+01 9.073452e+01 1.003854e+02
    endloop
  endfacet
  facet normal -6.110256e-02 9.895809e-01 -1.303690e-01
    outer loop
      vertex   6.035309e+01 9.073452e+01 1.003854e+02
      vertex   5.286316e+01 9.027205e+01 1.003854e+02
      vertex   6.034994e+01 9.078542e+01 1.007732e+02
    endloop
  endfacet
  facet normal -6.110256e-02 9.895809e-01 -1.303690e-01
    outer loop
      vertex   6.035309e+01 9.073452e+01 1.003854e+02
      vertex   6.034994e+01 9.078542e+01 1.007732e+02
      vertex   6.783987e+01 9.124789e+01 1.007732e+02
    endloop
  endfacet
  facet normal -6.110256e-02 9.895809e-01 1.303690e-01
    outer loop
      vertex   6.783987e+01 9.124789e+01 1.007732e+02
      vertex   6.034994e+01 9.078542e+01 1.007732e+02
      vertex   6.784301e+01 9.119700e+01 1.011610e+02
    endloop
  endfacet
  facet normal -6.110256e-02 9.895809e-01 1.303690e-01
    outer loop
      vertex   6.783987e+01 9.124789e+01 1.007732e+02
      vertex   6.784301e+01 9.119700e+01 1.011610e+02
      vertex   7.532979e+01 9.165927e+01 1.011610e+02
    endloop
  endfacet
  facet normal -5.694855e-02 9.223050e-01 3.822439e-01
    outer loop
      vertex   7.532979e+01 9.165927e+01 1.011610e+02
      vertex   6.784301e+01 9.119700e+01 1.011610e+02
      vertex   7.532979e+01 9.150949e+01 1.015224e+02
    endloop
  endfacet
  facet normal -5.694855e-02 9.223050e-01 3.822439e-01
    outer loop
      vertex   7.532979e+01 9.150949e+01 1.015224e+02
      vertex   6.784301e+01 9.119700e+01 1.011610e+02
      vertex   6.785222e+01 9.104778e+01 1.015224e+02
    endloop
  endfacet
  facet normal -4.892293e-02 7.923269e-01 6.081321e-01
    outer loop
      vertex   7.532979e+01 9.150949e+01 1.015224e+02
      vertex   6.785222e+01 9.104778e+01 1.015224e+02
      vertex   7.532979e+01 9.127119e+01 1.018329e+02
    endloop
  endfacet
  facet normal -4.892293e-02 7.923269e-01 6.081321e-01
    outer loop
      vertex   7.532979e+01 9.127119e+01 1.018329e+02
      vertex   6.785222e+01 9.104778e+01 1.015224e+02
      vertex   6.036230e+01 9.058531e+01 1.015224e+02
    endloop
  endfacet
  facet normal -4.892293e-02 7.923269e-01 6.081321e-01
    outer loop
      vertex   7.532979e+01 9.127119e+01 1.018329e+02
      vertex   6.036230e+01 9.058531e+01 1.015224e+02
      vertex   5.287238e+01 9.012284e+01 1.015224e+02
    endloop
  endfacet
  facet normal -5.694855e-02 9.223050e-01 3.822439e-01
    outer loop
      vertex   5.287238e+01 9.012284e+01 1.015224e+02
      vertex   6.036230e+01 9.058531e+01 1.015224e+02
      vertex   5.286316e+01 9.027205e+01 1.011610e+02
    endloop
  endfacet
  facet normal -5.694855e-02 9.223050e-01 3.822439e-01
    outer loop
      vertex   5.287238e+01 9.012284e+01 1.015224e+02
      vertex   5.286316e+01 9.027205e+01 1.011610e+02
      vertex   4.537324e+01 8.980958e+01 1.011610e+02
    endloop
  endfacet
  facet normal -6.110256e-02 9.895809e-01 1.303690e-01
    outer loop
      vertex   4.537324e+01 8.980958e+01 1.011610e+02
      vertex   5.286316e+01 9.027205e+01 1.011610e+02
      vertex   4.537010e+01 8.986047e+01 1.007732e+02
    endloop
  endfacet
  facet normal -6.110256e-02 9.895809e-01 1.303690e-01
    outer loop
      vertex   4.537324e+01 8.980958e+01 1.011610e+02
      vertex   4.537010e+01 8.986047e+01 1.007732e+02
      vertex   3.788018e+01 8.939800e+01 1.007732e+02
    endloop
  endfacet
  facet normal -6.110256e-02 9.895809e-01 -1.303690e-01
    outer loop
      vertex   3.788018e+01 8.939800e+01 1.007732e+02
      vertex   4.537010e+01 8.986047e+01 1.007732e+02
      vertex   3.788332e+01 8.934711e+01 1.003854e+02
    endloop
  endfacet
  facet normal -6.110256e-02 9.895809e-01 -1.303690e-01
    outer loop
      vertex   3.788018e+01 8.939800e+01 1.007732e+02
      vertex   3.788332e+01 8.934711e+01 1.003854e+02
      vertex   3.041727e+01 8.893720e+01 1.007732e+02
    endloop
  endfacet
  facet normal -6.110256e-02 9.895809e-01 -1.303690e-01
    outer loop
      vertex   3.041727e+01 8.893720e+01 1.007732e+02
      vertex   3.788332e+01 8.934711e+01 1.003854e+02
      vertex   3.041727e+01 8.888611e+01 1.003854e+02
    endloop
  endfacet
  facet normal -5.694855e-02 9.223050e-01 -3.822439e-01
    outer loop
      vertex   3.041727e+01 8.888611e+01 1.003854e+02
      vertex   3.788332e+01 8.934711e+01 1.003854e+02
      vertex   3.789253e+01 8.919789e+01 1.000240e+02
    endloop
  endfacet
  facet normal -5.694855e-02 9.223050e-01 -3.822439e-01
    outer loop
      vertex   3.041727e+01 8.888611e+01 1.003854e+02
      vertex   3.789253e+01 8.919789e+01 1.000240e+02
      vertex   3.041727e+01 8.873633e+01 1.000240e+02
    endloop
  endfacet
  facet normal -6.110256e-02 9.895809e-01 1.303690e-01
    outer loop
      vertex   3.788018e+01 8.939800e+01 1.007732e+02
      vertex   3.041727e+01 8.893720e+01 1.007732e+02
      vertex   3.788332e+01 8.934711e+01 1.011610e+02
    endloop
  endfacet
  facet normal -6.110256e-02 9.895809e-01 1.303690e-01
    outer loop
      vertex   3.788332e+01 8.934711e+01 1.011610e+02
      vertex   3.041727e+01 8.893720e+01 1.007732e+02
      vertex   3.041727e+01 8.888611e+01 1.011610e+02
    endloop
  endfacet
  facet normal -5.694855e-02 9.223050e-01 3.822439e-01
    outer loop
      vertex   3.788332e+01 8.934711e+01 1.011610e+02
      vertex   3.041727e+01 8.888611e+01 1.011610e+02
      vertex   3.789253e+01 8.919789e+01 1.015224e+02
    endloop
  endfacet
  facet normal -5.694855e-02 9.223050e-01 3.822439e-01
    outer loop
      vertex   3.789253e+01 8.919789e+01 1.015224e+02
      vertex   3.041727e+01 8.888611e+01 1.011610e+02
      vertex   3.041727e+01 8.873633e+01 1.015224e+02
    endloop
  endfacet
  facet normal -4.892293e-02 7.923267e-01 6.081323e-01
    outer loop
      vertex   3.789253e+01 8.919789e+01 1.015224e+02
      vertex   3.041727e+01 8.873633e+01 1.015224e+02
      vertex   3.041727e+01 8.849803e+01 1.018329e+02
    endloop
  endfacet
  facet normal -4.892293e-02 7.923268e-01 6.081322e-01
    outer loop
      vertex   7.532979e+01 9.127119e+01 1.018329e+02
      vertex   5.287238e+01 9.012284e+01 1.015224e+02
      vertex   3.041727e+01 8.849803e+01 1.018329e+02
    endloop
  endfacet
  facet normal -4.892293e-02 7.923267e-01 6.081323e-01
    outer loop
      vertex   3.041727e+01 8.849803e+01 1.018329e+02
      vertex   5.287238e+01 9.012284e+01 1.015224e+02
      vertex   4.538245e+01 8.966037e+01 1.015224e+02
    endloop
  endfacet
  facet normal -4.892293e-02 7.923267e-01 6.081323e-01
    outer loop
      vertex   3.041727e+01 8.849803e+01 1.018329e+02
      vertex   4.538245e+01 8.966037e+01 1.015224e+02
      vertex   3.789253e+01 8.919789e+01 1.015224e+02
    endloop
  endfacet
  facet normal -5.694855e-02 9.223050e-01 3.822439e-01
    outer loop
      vertex   3.789253e+01 8.919789e+01 1.015224e+02
      vertex   4.538245e+01 8.966037e+01 1.015224e+02
      vertex   3.788332e+01 8.934711e+01 1.011610e+02
    endloop
  endfacet
  facet normal -6.110256e-02 9.895809e-01 1.303690e-01
    outer loop
      vertex   7.532979e+01 9.165927e+01 1.011610e+02
      vertex   7.532979e+01 9.171036e+01 1.007732e+02
      vertex   6.783987e+01 9.124789e+01 1.007732e+02
    endloop
  endfacet
  facet normal -6.110256e-02 9.895809e-01 -1.303690e-01
    outer loop
      vertex   6.783987e+01 9.124789e+01 1.007732e+02
      vertex   7.532979e+01 9.171036e+01 1.007732e+02
      vertex   7.532979e+01 9.165927e+01 1.003854e+02
    endloop
  endfacet
  facet normal -6.110256e-02 9.895809e-01 -1.303690e-01
    outer loop
      vertex   6.783987e+01 9.124789e+01 1.007732e+02
      vertex   7.532979e+01 9.165927e+01 1.003854e+02
      vertex   6.784301e+01 9.119700e+01 1.003854e+02
    endloop
  endfacet
  facet normal -5.694855e-02 9.223050e-01 -3.822439e-01
    outer loop
      vertex   6.784301e+01 9.119700e+01 1.003854e+02
      vertex   7.532979e+01 9.165927e+01 1.003854e+02
      vertex   7.532979e+01 9.150949e+01 1.000240e+02
    endloop
  endfacet
  facet normal -5.694855e-02 9.223050e-01 -3.822439e-01
    outer loop
      vertex   6.784301e+01 9.119700e+01 1.003854e+02
      vertex   7.532979e+01 9.150949e+01 1.000240e+02
      vertex   6.785222e+01 9.104778e+01 1.000240e+02
    endloop
  endfacet
  facet normal -4.892293e-02 7.923268e-01 -6.081323e-01
    outer loop
      vertex   6.785222e+01 9.104778e+01 1.000240e+02
      vertex   7.532979e+01 9.150949e+01 1.000240e+02
      vertex   7.532979e+01 9.127119e+01 9.971356e+01
    endloop
  endfacet
  facet normal -4.892293e-02 7.923268e-01 -6.081323e-01
    outer loop
      vertex   6.785222e+01 9.104778e+01 1.000240e+02
      vertex   7.532979e+01 9.127119e+01 9.971356e+01
      vertex   6.036230e+01 9.058531e+01 1.000240e+02
    endloop
  endfacet
  facet normal -4.892293e-02 7.923268e-01 -6.081323e-01
    outer loop
      vertex   6.036230e+01 9.058531e+01 1.000240e+02
      vertex   7.532979e+01 9.127119e+01 9.971356e+01
      vertex   5.287238e+01 9.012284e+01 1.000240e+02
    endloop
  endfacet
  facet normal -5.694855e-02 9.223050e-01 -3.822439e-01
    outer loop
      vertex   6.036230e+01 9.058531e+01 1.000240e+02
      vertex   5.287238e+01 9.012284e+01 1.000240e+02
      vertex   6.035309e+01 9.073452e+01 1.003854e+02
    endloop
  endfacet
  facet normal -4.892293e-02 7.923267e-01 -6.081323e-01
    outer loop
      vertex   7.532979e+01 9.127119e+01 9.971356e+01
      vertex   3.041727e+01 8.849803e+01 9.971356e+01
      vertex   5.287238e+01 9.012284e+01 1.000240e+02
    endloop
  endfacet
  facet normal -6.110256e-02 9.895809e-01 -1.303690e-01
    outer loop
      vertex   6.035309e+01 9.073452e+01 1.003854e+02
      vertex   6.783987e+01 9.124789e+01 1.007732e+02
      vertex   6.784301e+01 9.119700e+01 1.003854e+02
    endloop
  endfacet
  facet normal -5.694855e-02 9.223050e-01 -3.822439e-01
    outer loop
      vertex   4.538245e+01 8.966037e+01 1.000240e+02
      vertex   3.789253e+01 8.919789e+01 1.000240e+02
      vertex   4.537324e+01 8.980958e+01 1.003854e+02
    endloop
  endfacet
  facet normal -5.694855e-02 9.223050e-01 -3.822439e-01
    outer loop
      vertex   4.537324e+01 8.980958e+01 1.003854e+02
      vertex   3.789253e+01 8.919789e+01 1.000240e+02
      vertex   3.788332e+01 8.934711e+01 1.003854e+02
    endloop
  endfacet
  facet normal -6.110256e-02 9.895809e-01 -1.303690e-01
    outer loop
      vertex   4.537324e+01 8.980958e+01 1.003854e+02
      vertex   3.788332e+01 8.934711e+01 1.003854e+02
      vertex   4.537010e+01 8.986047e+01 1.007732e+02
    endloop
  endfacet
  facet normal -5.694855e-02 9.223050e-01 -3.822439e-01
    outer loop
      vertex   6.784301e+01 9.119700e+01 1.003854e+02
      vertex   6.785222e+01 9.104778e+01 1.000240e+02
      vertex   6.036230e+01 9.058531e+01 1.000240e+02
    endloop
  endfacet
  facet normal -5.694855e-02 9.223050e-01 -3.822439e-01
    outer loop
      vertex   6.784301e+01 9.119700e+01 1.003854e+02
      vertex   6.036230e+01 9.058531e+01 1.000240e+02
      vertex   6.035309e+01 9.073452e+01 1.003854e+02
    endloop
  endfacet
  facet normal -5.694855e-02 9.223050e-01 -3.822439e-01
    outer loop
      vertex   4.538245e+01 8.966037e+01 1.000240e+02
      vertex   4.537324e+01 8.980958e+01 1.003854e+02
      vertex   5.286316e+01 9.027205e+01 1.003854e+02
    endloop
  endfacet
  facet normal -6.110256e-02 9.895809e-01 -1.303690e-01
    outer loop
      vertex   5.286316e+01 9.027205e+01 1.003854e+02
      vertex   4.537324e+01 8.980958e+01 1.003854e+02
      vertex   5.286002e+01 9.032294e+01 1.007732e+02
    endloop
  endfacet
  facet normal -6.110256e-02 9.895809e-01 -1.303690e-01
    outer loop
      vertex   5.286316e+01 9.027205e+01 1.003854e+02
      vertex   5.286002e+01 9.032294e+01 1.007732e+02
      vertex   6.034994e+01 9.078542e+01 1.007732e+02
    endloop
  endfacet
  facet normal -6.110256e-02 9.895809e-01 1.303690e-01
    outer loop
      vertex   6.034994e+01 9.078542e+01 1.007732e+02
      vertex   5.286002e+01 9.032294e+01 1.007732e+02
      vertex   6.035309e+01 9.073452e+01 1.011610e+02
    endloop
  endfacet
  facet normal -6.110256e-02 9.895809e-01 1.303690e-01
    outer loop
      vertex   6.034994e+01 9.078542e+01 1.007732e+02
      vertex   6.035309e+01 9.073452e+01 1.011610e+02
      vertex   6.784301e+01 9.119700e+01 1.011610e+02
    endloop
  endfacet
  facet normal -5.694855e-02 9.223050e-01 3.822439e-01
    outer loop
      vertex   6.784301e+01 9.119700e+01 1.011610e+02
      vertex   6.035309e+01 9.073452e+01 1.011610e+02
      vertex   6.785222e+01 9.104778e+01 1.015224e+02
    endloop
  endfacet
  facet normal -6.110256e-02 9.895809e-01 -1.303690e-01
    outer loop
      vertex   5.286002e+01 9.032294e+01 1.007732e+02
      vertex   4.537324e+01 8.980958e+01 1.003854e+02
      vertex   4.537010e+01 8.986047e+01 1.007732e+02
    endloop
  endfacet
  facet normal -6.110256e-02 9.895809e-01 1.303690e-01
    outer loop
      vertex   4.537324e+01 8.980958e+01 1.011610e+02
      vertex   3.788018e+01 8.939800e+01 1.007732e+02
      vertex   3.788332e+01 8.934711e+01 1.011610e+02
    endloop
  endfacet
  facet normal -6.110256e-02 9.895809e-01 1.303690e-01
    outer loop
      vertex   6.035309e+01 9.073452e+01 1.011610e+02
      vertex   5.286002e+01 9.032294e+01 1.007732e+02
      vertex   5.286316e+01 9.027205e+01 1.011610e+02
    endloop
  endfacet
  facet normal -6.110256e-02 9.895809e-01 1.303690e-01
    outer loop
      vertex   5.286316e+01 9.027205e+01 1.011610e+02
      vertex   5.286002e+01 9.032294e+01 1.007732e+02
      vertex   4.537010e+01 8.986047e+01 1.007732e+02
    endloop
  endfacet
  facet normal -5.694855e-02 9.223050e-01 3.822439e-01
    outer loop
      vertex   5.287238e+01 9.012284e+01 1.015224e+02
      vertex   4.537324e+01 8.980958e+01 1.011610e+02
      vertex   4.538245e+01 8.966037e+01 1.015224e+02
    endloop
  endfacet
  facet normal -5.694855e-02 9.223050e-01 3.822439e-01
    outer loop
      vertex   4.538245e+01 8.966037e+01 1.015224e+02
      vertex   4.537324e+01 8.980958e+01 1.011610e+02
      vertex   3.788332e+01 8.934711e+01 1.011610e+02
    endloop
  endfacet
  facet normal -5.694855e-02 9.223050e-01 3.822439e-01
    outer loop
      vertex   6.785222e+01 9.104778e+01 1.015224e+02
      vertex   6.035309e+01 9.073452e+01 1.011610e+02
      vertex   6.036230e+01 9.058531e+01 1.015224e+02
    endloop
  endfacet
  facet normal -5.694855e-02 9.223050e-01 3.822439e-01
    outer loop
      vertex   6.036230e+01 9.058531e+01 1.015224e+02
      vertex   6.035309e+01 9.073452e+01 1.011610e+02
      vertex   5.286316e+01 9.027205e+01 1.011610e+02
    endloop
  endfacet
  facet normal -4.361939e-02 7.064338e-01 7.064338e-01
    outer loop
      vertex   3.041727e+01 8.849803e+01 1.018329e+02
      vertex   3.041727e+01 6.979960e+01 1.205313e+02
      vertex   7.532979e+01 9.127119e+01 1.018329e+02
    endloop
  endfacet
  facet normal -4.361939e-02 7.064338e-01 7.064338e-01
    outer loop
      vertex   7.532979e+01 9.127119e+01 1.018329e+02
      vertex   3.041727e+01 6.979960e+01 1.205313e+02
      vertex   7.532979e+01 6.979960e+01 1.233045e+02
    endloop
  endfacet
  facet normal 9.475478e-06 7.933533e-01 -6.087614e-01
    outer loop
      vertex   -8.923276e+01 8.868627e+01 1.000293e+02
      vertex   -8.129557e+01 8.868586e+01 1.000289e+02
      vertex   -8.927498e+01 8.844790e+01 9.971869e+01
    endloop
  endfacet
  facet normal 9.475478e-06 7.933533e-01 -6.087614e-01
    outer loop
      vertex   -8.927498e+01 8.844790e+01 9.971869e+01
      vertex   -8.129557e+01 8.868586e+01 1.000289e+02
      vertex   -7.331608e+01 8.868545e+01 1.000285e+02
    endloop
  endfacet
  facet normal 9.475478e-06 7.933533e-01 -6.087614e-01
    outer loop
      vertex   -8.927498e+01 8.844790e+01 9.971869e+01
      vertex   -7.331608e+01 8.868545e+01 1.000285e+02
      vertex   -6.533659e+01 8.868505e+01 1.000281e+02
    endloop
  endfacet
  facet normal 2.778070e-05 9.238795e-01 -3.826834e-01
    outer loop
      vertex   -6.533659e+01 8.868505e+01 1.000281e+02
      vertex   -7.331608e+01 8.868545e+01 1.000285e+02
      vertex   -6.533657e+01 8.883490e+01 1.003899e+02
    endloop
  endfacet
  facet normal 2.778070e-05 9.238795e-01 -3.826834e-01
    outer loop
      vertex   -6.533659e+01 8.868505e+01 1.000281e+02
      vertex   -6.533657e+01 8.883490e+01 1.003899e+02
      vertex   -5.735708e+01 8.883449e+01 1.003895e+02
    endloop
  endfacet
  facet normal 4.419270e-05 9.914449e-01 -1.305262e-01
    outer loop
      vertex   -5.735708e+01 8.883449e+01 1.003895e+02
      vertex   -6.533657e+01 8.883490e+01 1.003899e+02
      vertex   -5.735705e+01 8.888560e+01 1.007777e+02
    endloop
  endfacet
  facet normal 4.419270e-05 9.914449e-01 -1.305262e-01
    outer loop
      vertex   -5.735708e+01 8.883449e+01 1.003895e+02
      vertex   -5.735705e+01 8.888560e+01 1.007777e+02
      vertex   -4.937756e+01 8.888519e+01 1.007773e+02
    endloop
  endfacet
  facet normal 5.759305e-05 9.914449e-01 1.305262e-01
    outer loop
      vertex   -4.937756e+01 8.888519e+01 1.007773e+02
      vertex   -5.735705e+01 8.888560e+01 1.007777e+02
      vertex   -4.937755e+01 8.883408e+01 1.011655e+02
    endloop
  endfacet
  facet normal 5.759305e-05 9.914449e-01 1.305262e-01
    outer loop
      vertex   -4.937756e+01 8.888519e+01 1.007773e+02
      vertex   -4.937755e+01 8.883408e+01 1.011655e+02
      vertex   -4.139806e+01 8.883367e+01 1.011651e+02
    endloop
  endfacet
  facet normal 6.706853e-05 9.238795e-01 3.826834e-01
    outer loop
      vertex   -4.139806e+01 8.883367e+01 1.011651e+02
      vertex   -4.937755e+01 8.883408e+01 1.011655e+02
      vertex   -4.139804e+01 8.868382e+01 1.015269e+02
    endloop
  endfacet
  facet normal 6.706853e-05 9.238795e-01 3.826834e-01
    outer loop
      vertex   -4.139806e+01 8.883367e+01 1.011651e+02
      vertex   -4.139804e+01 8.868382e+01 1.015269e+02
      vertex   -3.341855e+01 8.868341e+01 1.015265e+02
    endloop
  endfacet
  facet normal 7.197340e-05 7.933533e-01 6.087614e-01
    outer loop
      vertex   -3.341855e+01 8.868341e+01 1.015265e+02
      vertex   -4.139804e+01 8.868382e+01 1.015269e+02
      vertex   -8.927498e+01 8.844790e+01 1.018400e+02
    endloop
  endfacet
  facet normal 7.197340e-05 7.933533e-01 6.087614e-01
    outer loop
      vertex   -3.341855e+01 8.868341e+01 1.015265e+02
      vertex   -8.927498e+01 8.844790e+01 1.018400e+02
      vertex   3.041727e+01 8.844175e+01 1.018339e+02
    endloop
  endfacet
  facet normal 2.778070e-05 9.238795e-01 -3.826834e-01
    outer loop
      vertex   -8.923276e+01 8.868627e+01 1.000293e+02
      vertex   -8.920621e+01 8.883612e+01 1.003911e+02
      vertex   -8.129557e+01 8.868586e+01 1.000289e+02
    endloop
  endfacet
  facet normal 2.778070e-05 9.238795e-01 -3.826834e-01
    outer loop
      vertex   -8.129557e+01 8.868586e+01 1.000289e+02
      vertex   -8.920621e+01 8.883612e+01 1.003911e+02
      vertex   -8.129555e+01 8.883572e+01 1.003907e+02
    endloop
  endfacet
  facet normal 2.778070e-05 9.238795e-01 -3.826834e-01
    outer loop
      vertex   -8.129557e+01 8.868586e+01 1.000289e+02
      vertex   -8.129555e+01 8.883572e+01 1.003907e+02
      vertex   -7.331606e+01 8.883531e+01 1.003903e+02
    endloop
  endfacet
  facet normal 4.419270e-05 9.914449e-01 -1.305262e-01
    outer loop
      vertex   -7.331606e+01 8.883531e+01 1.003903e+02
      vertex   -8.129555e+01 8.883572e+01 1.003907e+02
      vertex   -7.331604e+01 8.888642e+01 1.007785e+02
    endloop
  endfacet
  facet normal 4.419270e-05 9.914449e-01 -1.305262e-01
    outer loop
      vertex   -7.331606e+01 8.883531e+01 1.003903e+02
      vertex   -7.331604e+01 8.888642e+01 1.007785e+02
      vertex   -6.533654e+01 8.888601e+01 1.007781e+02
    endloop
  endfacet
  facet normal 5.759305e-05 9.914449e-01 1.305262e-01
    outer loop
      vertex   -6.533654e+01 8.888601e+01 1.007781e+02
      vertex   -7.331604e+01 8.888642e+01 1.007785e+02
      vertex   -6.533653e+01 8.883490e+01 1.011663e+02
    endloop
  endfacet
  facet normal 5.759305e-05 9.914449e-01 1.305262e-01
    outer loop
      vertex   -6.533654e+01 8.888601e+01 1.007781e+02
      vertex   -6.533653e+01 8.883490e+01 1.011663e+02
      vertex   -5.735704e+01 8.883449e+01 1.011659e+02
    endloop
  endfacet
  facet normal 6.706853e-05 9.238795e-01 3.826834e-01
    outer loop
      vertex   -5.735704e+01 8.883449e+01 1.011659e+02
      vertex   -6.533653e+01 8.883490e+01 1.011663e+02
      vertex   -5.735703e+01 8.868464e+01 1.015277e+02
    endloop
  endfacet
  facet normal 6.706853e-05 9.238795e-01 3.826834e-01
    outer loop
      vertex   -5.735704e+01 8.883449e+01 1.011659e+02
      vertex   -5.735703e+01 8.868464e+01 1.015277e+02
      vertex   -4.937754e+01 8.868423e+01 1.015273e+02
    endloop
  endfacet
  facet normal 7.197340e-05 7.933533e-01 6.087614e-01
    outer loop
      vertex   -4.937754e+01 8.868423e+01 1.015273e+02
      vertex   -5.735703e+01 8.868464e+01 1.015277e+02
      vertex   -8.927498e+01 8.844790e+01 1.018400e+02
    endloop
  endfacet
  facet normal 7.197340e-05 7.933533e-01 6.087614e-01
    outer loop
      vertex   -4.937754e+01 8.868423e+01 1.015273e+02
      vertex   -8.927498e+01 8.844790e+01 1.018400e+02
      vertex   -4.139804e+01 8.868382e+01 1.015269e+02
    endloop
  endfacet
  facet normal 4.419270e-05 9.914449e-01 -1.305262e-01
    outer loop
      vertex   -8.920621e+01 8.883612e+01 1.003911e+02
      vertex   -8.919716e+01 8.888723e+01 1.007793e+02
      vertex   -8.129555e+01 8.883572e+01 1.003907e+02
    endloop
  endfacet
  facet normal 4.419270e-05 9.914449e-01 -1.305262e-01
    outer loop
      vertex   -8.129555e+01 8.883572e+01 1.003907e+02
      vertex   -8.919716e+01 8.888723e+01 1.007793e+02
      vertex   -8.129553e+01 8.888683e+01 1.007789e+02
    endloop
  endfacet
  facet normal 4.419270e-05 9.914449e-01 -1.305262e-01
    outer loop
      vertex   -8.129555e+01 8.883572e+01 1.003907e+02
      vertex   -8.129553e+01 8.888683e+01 1.007789e+02
      vertex   -7.331604e+01 8.888642e+01 1.007785e+02
    endloop
  endfacet
  facet normal 5.759305e-05 9.914449e-01 1.305262e-01
    outer loop
      vertex   -7.331604e+01 8.888642e+01 1.007785e+02
      vertex   -8.129553e+01 8.888683e+01 1.007789e+02
      vertex   -7.331602e+01 8.883531e+01 1.011668e+02
    endloop
  endfacet
  facet normal 5.759305e-05 9.914449e-01 1.305262e-01
    outer loop
      vertex   -7.331604e+01 8.888642e+01 1.007785e+02
      vertex   -7.331602e+01 8.883531e+01 1.011668e+02
      vertex   -6.533653e+01 8.883490e+01 1.011663e+02
    endloop
  endfacet
  facet normal 6.706853e-05 9.238795e-01 3.826834e-01
    outer loop
      vertex   -6.533653e+01 8.883490e+01 1.011663e+02
      vertex   -7.331602e+01 8.883531e+01 1.011668e+02
      vertex   -6.533652e+01 8.868505e+01 1.015281e+02
    endloop
  endfacet
  facet normal 6.706853e-05 9.238795e-01 3.826834e-01
    outer loop
      vertex   -6.533653e+01 8.883490e+01 1.011663e+02
      vertex   -6.533652e+01 8.868505e+01 1.015281e+02
      vertex   -5.735703e+01 8.868464e+01 1.015277e+02
    endloop
  endfacet
  facet normal 7.197340e-05 7.933533e-01 6.087614e-01
    outer loop
      vertex   -5.735703e+01 8.868464e+01 1.015277e+02
      vertex   -6.533652e+01 8.868505e+01 1.015281e+02
      vertex   -8.927498e+01 8.844790e+01 1.018400e+02
    endloop
  endfacet
  facet normal 5.759305e-05 9.914449e-01 1.305262e-01
    outer loop
      vertex   -8.129553e+01 8.888683e+01 1.007789e+02
      vertex   -8.919716e+01 8.888723e+01 1.007793e+02
      vertex   -8.129551e+01 8.883572e+01 1.011672e+02
    endloop
  endfacet
  facet normal 5.759305e-05 9.914449e-01 1.305262e-01
    outer loop
      vertex   -8.129551e+01 8.883572e+01 1.011672e+02
      vertex   -8.919716e+01 8.888723e+01 1.007793e+02
      vertex   -8.920621e+01 8.883612e+01 1.011676e+02
    endloop
  endfacet
  facet normal 6.706853e-05 9.238795e-01 3.826834e-01
    outer loop
      vertex   -8.129551e+01 8.883572e+01 1.011672e+02
      vertex   -8.920621e+01 8.883612e+01 1.011676e+02
      vertex   -8.129550e+01 8.868586e+01 1.015289e+02
    endloop
  endfacet
  facet normal 6.706853e-05 9.238795e-01 3.826834e-01
    outer loop
      vertex   -8.129550e+01 8.868586e+01 1.015289e+02
      vertex   -8.920621e+01 8.883612e+01 1.011676e+02
      vertex   -8.923276e+01 8.868627e+01 1.015293e+02
    endloop
  endfacet
  facet normal 7.197340e-05 7.933533e-01 6.087614e-01
    outer loop
      vertex   -8.129550e+01 8.868586e+01 1.015289e+02
      vertex   -8.923276e+01 8.868627e+01 1.015293e+02
      vertex   -8.927498e+01 8.844790e+01 1.018400e+02
    endloop
  endfacet
  facet normal 7.197340e-05 7.933533e-01 6.087614e-01
    outer loop
      vertex   3.041727e+01 8.868013e+01 1.015232e+02
      vertex   2.243788e+01 8.868054e+01 1.015236e+02
      vertex   3.041727e+01 8.844175e+01 1.018339e+02
    endloop
  endfacet
  facet normal 7.197340e-05 7.933533e-01 6.087614e-01
    outer loop
      vertex   3.041727e+01 8.844175e+01 1.018339e+02
      vertex   2.243788e+01 8.868054e+01 1.015236e+02
      vertex   1.445839e+01 8.868095e+01 1.015240e+02
    endloop
  endfacet
  facet normal 7.197340e-05 7.933533e-01 6.087614e-01
    outer loop
      vertex   3.041727e+01 8.844175e+01 1.018339e+02
      vertex   1.445839e+01 8.868095e+01 1.015240e+02
      vertex   6.478900e+00 8.868136e+01 1.015244e+02
    endloop
  endfacet
  facet normal 6.706853e-05 9.238795e-01 3.826834e-01
    outer loop
      vertex   6.478900e+00 8.868136e+01 1.015244e+02
      vertex   1.445839e+01 8.868095e+01 1.015240e+02
      vertex   6.478889e+00 8.883121e+01 1.011627e+02
    endloop
  endfacet
  facet normal 6.706853e-05 9.238795e-01 3.826834e-01
    outer loop
      vertex   6.478900e+00 8.868136e+01 1.015244e+02
      vertex   6.478889e+00 8.883121e+01 1.011627e+02
      vertex   -1.500602e+00 8.883162e+01 1.011631e+02
    endloop
  endfacet
  facet normal 5.759305e-05 9.914449e-01 1.305262e-01
    outer loop
      vertex   -1.500602e+00 8.883162e+01 1.011631e+02
      vertex   6.478889e+00 8.883121e+01 1.011627e+02
      vertex   -1.500619e+00 8.888273e+01 1.007748e+02
    endloop
  endfacet
  facet normal 5.759305e-05 9.914449e-01 1.305262e-01
    outer loop
      vertex   -1.500602e+00 8.883162e+01 1.011631e+02
      vertex   -1.500619e+00 8.888273e+01 1.007748e+02
      vertex   -9.480110e+00 8.888314e+01 1.007753e+02
    endloop
  endfacet
  facet normal 4.419270e-05 9.914449e-01 -1.305262e-01
    outer loop
      vertex   -9.480110e+00 8.888314e+01 1.007753e+02
      vertex   -1.500619e+00 8.888273e+01 1.007748e+02
      vertex   -9.480132e+00 8.883203e+01 1.003870e+02
    endloop
  endfacet
  facet normal 4.419270e-05 9.914449e-01 -1.305262e-01
    outer loop
      vertex   -9.480110e+00 8.888314e+01 1.007753e+02
      vertex   -9.480132e+00 8.883203e+01 1.003870e+02
      vertex   -1.745962e+01 8.883244e+01 1.003874e+02
    endloop
  endfacet
  facet normal 2.778070e-05 9.238795e-01 -3.826834e-01
    outer loop
      vertex   -1.745962e+01 8.883244e+01 1.003874e+02
      vertex   -9.480132e+00 8.883203e+01 1.003870e+02
      vertex   -1.745965e+01 8.868259e+01 1.000257e+02
    endloop
  endfacet
  facet normal 2.778070e-05 9.238795e-01 -3.826834e-01
    outer loop
      vertex   -1.745962e+01 8.883244e+01 1.003874e+02
      vertex   -1.745965e+01 8.868259e+01 1.000257e+02
      vertex   -2.543914e+01 8.868300e+01 1.000261e+02
    endloop
  endfacet
  facet normal 9.475478e-06 7.933533e-01 -6.087614e-01
    outer loop
      vertex   -2.543914e+01 8.868300e+01 1.000261e+02
      vertex   -1.745965e+01 8.868259e+01 1.000257e+02
      vertex   3.041727e+01 8.844175e+01 9.971255e+01
    endloop
  endfacet
  facet normal 9.475478e-06 7.933533e-01 -6.087614e-01
    outer loop
      vertex   -2.543914e+01 8.868300e+01 1.000261e+02
      vertex   3.041727e+01 8.844175e+01 9.971255e+01
      vertex   -8.927498e+01 8.844790e+01 9.971869e+01
    endloop
  endfacet
  facet normal 6.706853e-05 9.238795e-01 3.826834e-01
    outer loop
      vertex   2.243788e+01 8.868054e+01 1.015236e+02
      vertex   3.041727e+01 8.868013e+01 1.015232e+02
      vertex   2.243787e+01 8.883039e+01 1.011618e+02
    endloop
  endfacet
  facet normal 6.706853e-05 9.238795e-01 3.826834e-01
    outer loop
      vertex   2.243787e+01 8.883039e+01 1.011618e+02
      vertex   3.041727e+01 8.868013e+01 1.015232e+02
      vertex   3.041727e+01 8.882998e+01 1.011614e+02
    endloop
  endfacet
  facet normal 5.759305e-05 9.914449e-01 1.305262e-01
    outer loop
      vertex   2.243787e+01 8.883039e+01 1.011618e+02
      vertex   3.041727e+01 8.882998e+01 1.011614e+02
      vertex   2.243785e+01 8.888150e+01 1.007736e+02
    endloop
  endfacet
  facet normal 5.759305e-05 9.914449e-01 1.305262e-01
    outer loop
      vertex   2.243785e+01 8.888150e+01 1.007736e+02
      vertex   3.041727e+01 8.882998e+01 1.011614e+02
      vertex   3.041727e+01 8.888109e+01 1.007732e+02
    endloop
  endfacet
  facet normal 4.419270e-05 9.914449e-01 -1.305262e-01
    outer loop
      vertex   2.243785e+01 8.888150e+01 1.007736e+02
      vertex   3.041727e+01 8.888109e+01 1.007732e+02
      vertex   2.243783e+01 8.883039e+01 1.003854e+02
    endloop
  endfacet
  facet normal 4.419270e-05 9.914449e-01 -1.305262e-01
    outer loop
      vertex   2.243783e+01 8.883039e+01 1.003854e+02
      vertex   3.041727e+01 8.888109e+01 1.007732e+02
      vertex   3.041727e+01 8.882998e+01 1.003850e+02
    endloop
  endfacet
  facet normal 2.778070e-05 9.238795e-01 -3.826834e-01
    outer loop
      vertex   2.243783e+01 8.883039e+01 1.003854e+02
      vertex   3.041727e+01 8.882998e+01 1.003850e+02
      vertex   2.243780e+01 8.868054e+01 1.000236e+02
    endloop
  endfacet
  facet normal 2.778070e-05 9.238795e-01 -3.826834e-01
    outer loop
      vertex   2.243780e+01 8.868054e+01 1.000236e+02
      vertex   3.041727e+01 8.882998e+01 1.003850e+02
      vertex   3.041727e+01 8.868013e+01 1.000232e+02
    endloop
  endfacet
  facet normal 9.475478e-06 7.933533e-01 -6.087614e-01
    outer loop
      vertex   2.243780e+01 8.868054e+01 1.000236e+02
      vertex   3.041727e+01 8.868013e+01 1.000232e+02
      vertex   3.041727e+01 8.844175e+01 9.971255e+01
    endloop
  endfacet
  facet normal 2.778070e-05 9.238795e-01 -3.826834e-01
    outer loop
      vertex   -6.533657e+01 8.883490e+01 1.003899e+02
      vertex   -7.331608e+01 8.868545e+01 1.000285e+02
      vertex   -7.331606e+01 8.883531e+01 1.003903e+02
    endloop
  endfacet
  facet normal 2.778070e-05 9.238795e-01 -3.826834e-01
    outer loop
      vertex   -7.331606e+01 8.883531e+01 1.003903e+02
      vertex   -7.331608e+01 8.868545e+01 1.000285e+02
      vertex   -8.129557e+01 8.868586e+01 1.000289e+02
    endloop
  endfacet
  facet normal 9.475478e-06 7.933533e-01 -6.087614e-01
    outer loop
      vertex   -6.533659e+01 8.868505e+01 1.000281e+02
      vertex   -5.735710e+01 8.868464e+01 1.000277e+02
      vertex   -8.927498e+01 8.844790e+01 9.971869e+01
    endloop
  endfacet
  facet normal 9.475478e-06 7.933533e-01 -6.087614e-01
    outer loop
      vertex   -8.927498e+01 8.844790e+01 9.971869e+01
      vertex   -5.735710e+01 8.868464e+01 1.000277e+02
      vertex   -4.937761e+01 8.868423e+01 1.000273e+02
    endloop
  endfacet
  facet normal 9.475478e-06 7.933533e-01 -6.087614e-01
    outer loop
      vertex   -8.927498e+01 8.844790e+01 9.971869e+01
      vertex   -4.937761e+01 8.868423e+01 1.000273e+02
      vertex   -4.139812e+01 8.868382e+01 1.000269e+02
    endloop
  endfacet
  facet normal 2.778070e-05 9.238795e-01 -3.826834e-01
    outer loop
      vertex   -4.139812e+01 8.868382e+01 1.000269e+02
      vertex   -4.937761e+01 8.868423e+01 1.000273e+02
      vertex   -4.139810e+01 8.883367e+01 1.003887e+02
    endloop
  endfacet
  facet normal 2.778070e-05 9.238795e-01 -3.826834e-01
    outer loop
      vertex   -4.139812e+01 8.868382e+01 1.000269e+02
      vertex   -4.139810e+01 8.883367e+01 1.003887e+02
      vertex   -3.341860e+01 8.883326e+01 1.003883e+02
    endloop
  endfacet
  facet normal 4.419270e-05 9.914449e-01 -1.305262e-01
    outer loop
      vertex   -3.341860e+01 8.883326e+01 1.003883e+02
      vertex   -4.139810e+01 8.883367e+01 1.003887e+02
      vertex   -3.341858e+01 8.888437e+01 1.007765e+02
    endloop
  endfacet
  facet normal 4.419270e-05 9.914449e-01 -1.305262e-01
    outer loop
      vertex   -3.341860e+01 8.883326e+01 1.003883e+02
      vertex   -3.341858e+01 8.888437e+01 1.007765e+02
      vertex   -2.543909e+01 8.888396e+01 1.007761e+02
    endloop
  endfacet
  facet normal 5.759305e-05 9.914449e-01 1.305262e-01
    outer loop
      vertex   -2.543909e+01 8.888396e+01 1.007761e+02
      vertex   -3.341858e+01 8.888437e+01 1.007765e+02
      vertex   -2.543907e+01 8.883285e+01 1.011643e+02
    endloop
  endfacet
  facet normal 5.759305e-05 9.914449e-01 1.305262e-01
    outer loop
      vertex   -2.543909e+01 8.888396e+01 1.007761e+02
      vertex   -2.543907e+01 8.883285e+01 1.011643e+02
      vertex   -1.745958e+01 8.883244e+01 1.011639e+02
    endloop
  endfacet
  facet normal 6.706853e-05 9.238795e-01 3.826834e-01
    outer loop
      vertex   -1.745958e+01 8.883244e+01 1.011639e+02
      vertex   -2.543907e+01 8.883285e+01 1.011643e+02
      vertex   -1.745957e+01 8.868259e+01 1.015257e+02
    endloop
  endfacet
  facet normal 6.706853e-05 9.238795e-01 3.826834e-01
    outer loop
      vertex   -1.745958e+01 8.883244e+01 1.011639e+02
      vertex   -1.745957e+01 8.868259e+01 1.015257e+02
      vertex   -9.480082e+00 8.868218e+01 1.015253e+02
    endloop
  endfacet
  facet normal 7.197340e-05 7.933533e-01 6.087614e-01
    outer loop
      vertex   -9.480082e+00 8.868218e+01 1.015253e+02
      vertex   -1.745957e+01 8.868259e+01 1.015257e+02
      vertex   3.041727e+01 8.844175e+01 1.018339e+02
    endloop
  endfacet
  facet normal 7.197340e-05 7.933533e-01 6.087614e-01
    outer loop
      vertex   -9.480082e+00 8.868218e+01 1.015253e+02
      vertex   3.041727e+01 8.844175e+01 1.018339e+02
      vertex   -1.500591e+00 8.868177e+01 1.015248e+02
    endloop
  endfacet
  facet normal 7.197340e-05 7.933533e-01 6.087614e-01
    outer loop
      vertex   -1.500591e+00 8.868177e+01 1.015248e+02
      vertex   3.041727e+01 8.844175e+01 1.018339e+02
      vertex   6.478900e+00 8.868136e+01 1.015244e+02
    endloop
  endfacet
  facet normal 6.706853e-05 9.238795e-01 3.826834e-01
    outer loop
      vertex   -1.500591e+00 8.868177e+01 1.015248e+02
      vertex   6.478900e+00 8.868136e+01 1.015244e+02
      vertex   -1.500602e+00 8.883162e+01 1.011631e+02
    endloop
  endfacet
  facet normal 2.778070e-05 9.238795e-01 -3.826834e-01
    outer loop
      vertex   -6.533659e+01 8.868505e+01 1.000281e+02
      vertex   -5.735708e+01 8.883449e+01 1.003895e+02
      vertex   -5.735710e+01 8.868464e+01 1.000277e+02
    endloop
  endfacet
  facet normal 2.778070e-05 9.238795e-01 -3.826834e-01
    outer loop
      vertex   -5.735710e+01 8.868464e+01 1.000277e+02
      vertex   -5.735708e+01 8.883449e+01 1.003895e+02
      vertex   -4.937759e+01 8.883408e+01 1.003891e+02
    endloop
  endfacet
  facet normal 2.778070e-05 9.238795e-01 -3.826834e-01
    outer loop
      vertex   -5.735710e+01 8.868464e+01 1.000277e+02
      vertex   -4.937759e+01 8.883408e+01 1.003891e+02
      vertex   -4.937761e+01 8.868423e+01 1.000273e+02
    endloop
  endfacet
  facet normal 2.778070e-05 9.238795e-01 -3.826834e-01
    outer loop
      vertex   -4.937761e+01 8.868423e+01 1.000273e+02
      vertex   -4.937759e+01 8.883408e+01 1.003891e+02
      vertex   -4.139810e+01 8.883367e+01 1.003887e+02
    endloop
  endfacet
  facet normal 9.475478e-06 7.933533e-01 -6.087614e-01
    outer loop
      vertex   -2.543914e+01 8.868300e+01 1.000261e+02
      vertex   -8.927498e+01 8.844790e+01 9.971869e+01
      vertex   -3.341863e+01 8.868341e+01 1.000265e+02
    endloop
  endfacet
  facet normal 9.475478e-06 7.933533e-01 -6.087614e-01
    outer loop
      vertex   -3.341863e+01 8.868341e+01 1.000265e+02
      vertex   -8.927498e+01 8.844790e+01 9.971869e+01
      vertex   -4.139812e+01 8.868382e+01 1.000269e+02
    endloop
  endfacet
  facet normal 2.778070e-05 9.238795e-01 -3.826834e-01
    outer loop
      vertex   -3.341863e+01 8.868341e+01 1.000265e+02
      vertex   -4.139812e+01 8.868382e+01 1.000269e+02
      vertex   -3.341860e+01 8.883326e+01 1.003883e+02
    endloop
  endfacet
  facet normal 2.778070e-05 9.238795e-01 -3.826834e-01
    outer loop
      vertex   -2.543914e+01 8.868300e+01 1.000261e+02
      vertex   -3.341863e+01 8.868341e+01 1.000265e+02
      vertex   -2.543911e+01 8.883285e+01 1.003878e+02
    endloop
  endfacet
  facet normal 2.778070e-05 9.238795e-01 -3.826834e-01
    outer loop
      vertex   -2.543911e+01 8.883285e+01 1.003878e+02
      vertex   -3.341863e+01 8.868341e+01 1.000265e+02
      vertex   -3.341860e+01 8.883326e+01 1.003883e+02
    endloop
  endfacet
  facet normal 4.419270e-05 9.914449e-01 -1.305262e-01
    outer loop
      vertex   -2.543911e+01 8.883285e+01 1.003878e+02
      vertex   -3.341860e+01 8.883326e+01 1.003883e+02
      vertex   -2.543909e+01 8.888396e+01 1.007761e+02
    endloop
  endfacet
  facet normal 9.475478e-06 7.933533e-01 -6.087614e-01
    outer loop
      vertex   -1.745965e+01 8.868259e+01 1.000257e+02
      vertex   -9.480159e+00 8.868218e+01 1.000253e+02
      vertex   3.041727e+01 8.844175e+01 9.971255e+01
    endloop
  endfacet
  facet normal 9.475478e-06 7.933533e-01 -6.087614e-01
    outer loop
      vertex   3.041727e+01 8.844175e+01 9.971255e+01
      vertex   -9.480159e+00 8.868218e+01 1.000253e+02
      vertex   -1.500668e+00 8.868177e+01 1.000248e+02
    endloop
  endfacet
  facet normal 9.475478e-06 7.933533e-01 -6.087614e-01
    outer loop
      vertex   3.041727e+01 8.844175e+01 9.971255e+01
      vertex   -1.500668e+00 8.868177e+01 1.000248e+02
      vertex   6.478823e+00 8.868136e+01 1.000244e+02
    endloop
  endfacet
  facet normal 2.778070e-05 9.238795e-01 -3.826834e-01
    outer loop
      vertex   6.478823e+00 8.868136e+01 1.000244e+02
      vertex   -1.500668e+00 8.868177e+01 1.000248e+02
      vertex   6.478849e+00 8.883121e+01 1.003862e+02
    endloop
  endfacet
  facet normal 2.778070e-05 9.238795e-01 -3.826834e-01
    outer loop
      vertex   6.478823e+00 8.868136e+01 1.000244e+02
      vertex   6.478849e+00 8.883121e+01 1.003862e+02
      vertex   1.445834e+01 8.883080e+01 1.003858e+02
    endloop
  endfacet
  facet normal 4.419270e-05 9.914449e-01 -1.305262e-01
    outer loop
      vertex   1.445834e+01 8.883080e+01 1.003858e+02
      vertex   6.478849e+00 8.883121e+01 1.003862e+02
      vertex   1.445836e+01 8.888191e+01 1.007740e+02
    endloop
  endfacet
  facet normal 4.419270e-05 9.914449e-01 -1.305262e-01
    outer loop
      vertex   1.445834e+01 8.883080e+01 1.003858e+02
      vertex   1.445836e+01 8.888191e+01 1.007740e+02
      vertex   2.243785e+01 8.888150e+01 1.007736e+02
    endloop
  endfacet
  facet normal 5.759305e-05 9.914449e-01 1.305262e-01
    outer loop
      vertex   2.243785e+01 8.888150e+01 1.007736e+02
      vertex   1.445836e+01 8.888191e+01 1.007740e+02
      vertex   2.243787e+01 8.883039e+01 1.011618e+02
    endloop
  endfacet
  facet normal 2.778070e-05 9.238795e-01 -3.826834e-01
    outer loop
      vertex   -1.745965e+01 8.868259e+01 1.000257e+02
      vertex   -9.480132e+00 8.883203e+01 1.003870e+02
      vertex   -9.480159e+00 8.868218e+01 1.000253e+02
    endloop
  endfacet
  facet normal 2.778070e-05 9.238795e-01 -3.826834e-01
    outer loop
      vertex   -9.480159e+00 8.868218e+01 1.000253e+02
      vertex   -9.480132e+00 8.883203e+01 1.003870e+02
      vertex   -1.500642e+00 8.883162e+01 1.003866e+02
    endloop
  endfacet
  facet normal 2.778070e-05 9.238795e-01 -3.826834e-01
    outer loop
      vertex   -9.480159e+00 8.868218e+01 1.000253e+02
      vertex   -1.500642e+00 8.883162e+01 1.003866e+02
      vertex   -1.500668e+00 8.868177e+01 1.000248e+02
    endloop
  endfacet
  facet normal 2.778070e-05 9.238795e-01 -3.826834e-01
    outer loop
      vertex   -1.500668e+00 8.868177e+01 1.000248e+02
      vertex   -1.500642e+00 8.883162e+01 1.003866e+02
      vertex   6.478849e+00 8.883121e+01 1.003862e+02
    endloop
  endfacet
  facet normal 9.475478e-06 7.933533e-01 -6.087614e-01
    outer loop
      vertex   2.243780e+01 8.868054e+01 1.000236e+02
      vertex   3.041727e+01 8.844175e+01 9.971255e+01
      vertex   1.445831e+01 8.868095e+01 1.000240e+02
    endloop
  endfacet
  facet normal 9.475478e-06 7.933533e-01 -6.087614e-01
    outer loop
      vertex   1.445831e+01 8.868095e+01 1.000240e+02
      vertex   3.041727e+01 8.844175e+01 9.971255e+01
      vertex   6.478823e+00 8.868136e+01 1.000244e+02
    endloop
  endfacet
  facet normal 2.778070e-05 9.238795e-01 -3.826834e-01
    outer loop
      vertex   1.445831e+01 8.868095e+01 1.000240e+02
      vertex   6.478823e+00 8.868136e+01 1.000244e+02
      vertex   1.445834e+01 8.883080e+01 1.003858e+02
    endloop
  endfacet
  facet normal 2.778070e-05 9.238795e-01 -3.826834e-01
    outer loop
      vertex   2.243783e+01 8.883039e+01 1.003854e+02
      vertex   2.243780e+01 8.868054e+01 1.000236e+02
      vertex   1.445831e+01 8.868095e+01 1.000240e+02
    endloop
  endfacet
  facet normal 2.778070e-05 9.238795e-01 -3.826834e-01
    outer loop
      vertex   2.243783e+01 8.883039e+01 1.003854e+02
      vertex   1.445831e+01 8.868095e+01 1.000240e+02
      vertex   1.445834e+01 8.883080e+01 1.003858e+02
    endloop
  endfacet
  facet normal 4.419270e-05 9.914449e-01 -1.305262e-01
    outer loop
      vertex   -5.735705e+01 8.888560e+01 1.007777e+02
      vertex   -6.533657e+01 8.883490e+01 1.003899e+02
      vertex   -6.533654e+01 8.888601e+01 1.007781e+02
    endloop
  endfacet
  facet normal 4.419270e-05 9.914449e-01 -1.305262e-01
    outer loop
      vertex   -6.533654e+01 8.888601e+01 1.007781e+02
      vertex   -6.533657e+01 8.883490e+01 1.003899e+02
      vertex   -7.331606e+01 8.883531e+01 1.003903e+02
    endloop
  endfacet
  facet normal 4.419270e-05 9.914449e-01 -1.305262e-01
    outer loop
      vertex   -5.735708e+01 8.883449e+01 1.003895e+02
      vertex   -4.937756e+01 8.888519e+01 1.007773e+02
      vertex   -4.937759e+01 8.883408e+01 1.003891e+02
    endloop
  endfacet
  facet normal 4.419270e-05 9.914449e-01 -1.305262e-01
    outer loop
      vertex   -4.937759e+01 8.883408e+01 1.003891e+02
      vertex   -4.937756e+01 8.888519e+01 1.007773e+02
      vertex   -4.139807e+01 8.888478e+01 1.007769e+02
    endloop
  endfacet
  facet normal 4.419270e-05 9.914449e-01 -1.305262e-01
    outer loop
      vertex   -4.937759e+01 8.883408e+01 1.003891e+02
      vertex   -4.139807e+01 8.888478e+01 1.007769e+02
      vertex   -4.139810e+01 8.883367e+01 1.003887e+02
    endloop
  endfacet
  facet normal 4.419270e-05 9.914449e-01 -1.305262e-01
    outer loop
      vertex   -4.139810e+01 8.883367e+01 1.003887e+02
      vertex   -4.139807e+01 8.888478e+01 1.007769e+02
      vertex   -3.341858e+01 8.888437e+01 1.007765e+02
    endloop
  endfacet
  facet normal 2.778070e-05 9.238795e-01 -3.826834e-01
    outer loop
      vertex   -2.543914e+01 8.868300e+01 1.000261e+02
      vertex   -2.543911e+01 8.883285e+01 1.003878e+02
      vertex   -1.745962e+01 8.883244e+01 1.003874e+02
    endloop
  endfacet
  facet normal 4.419270e-05 9.914449e-01 -1.305262e-01
    outer loop
      vertex   -1.745962e+01 8.883244e+01 1.003874e+02
      vertex   -2.543911e+01 8.883285e+01 1.003878e+02
      vertex   -1.745960e+01 8.888355e+01 1.007757e+02
    endloop
  endfacet
  facet normal 4.419270e-05 9.914449e-01 -1.305262e-01
    outer loop
      vertex   -1.745962e+01 8.883244e+01 1.003874e+02
      vertex   -1.745960e+01 8.888355e+01 1.007757e+02
      vertex   -9.480110e+00 8.888314e+01 1.007753e+02
    endloop
  endfacet
  facet normal 5.759305e-05 9.914449e-01 1.305262e-01
    outer loop
      vertex   -9.480110e+00 8.888314e+01 1.007753e+02
      vertex   -1.745960e+01 8.888355e+01 1.007757e+02
      vertex   -9.480093e+00 8.883203e+01 1.011635e+02
    endloop
  endfacet
  facet normal 5.759305e-05 9.914449e-01 1.305262e-01
    outer loop
      vertex   -9.480110e+00 8.888314e+01 1.007753e+02
      vertex   -9.480093e+00 8.883203e+01 1.011635e+02
      vertex   -1.500602e+00 8.883162e+01 1.011631e+02
    endloop
  endfacet
  facet normal 6.706853e-05 9.238795e-01 3.826834e-01
    outer loop
      vertex   -1.500602e+00 8.883162e+01 1.011631e+02
      vertex   -9.480093e+00 8.883203e+01 1.011635e+02
      vertex   -1.500591e+00 8.868177e+01 1.015248e+02
    endloop
  endfacet
  facet normal 4.419270e-05 9.914449e-01 -1.305262e-01
    outer loop
      vertex   -1.745960e+01 8.888355e+01 1.007757e+02
      vertex   -2.543911e+01 8.883285e+01 1.003878e+02
      vertex   -2.543909e+01 8.888396e+01 1.007761e+02
    endloop
  endfacet
  facet normal 4.419270e-05 9.914449e-01 -1.305262e-01
    outer loop
      vertex   -9.480132e+00 8.883203e+01 1.003870e+02
      vertex   -1.500619e+00 8.888273e+01 1.007748e+02
      vertex   -1.500642e+00 8.883162e+01 1.003866e+02
    endloop
  endfacet
  facet normal 4.419270e-05 9.914449e-01 -1.305262e-01
    outer loop
      vertex   -1.500642e+00 8.883162e+01 1.003866e+02
      vertex   -1.500619e+00 8.888273e+01 1.007748e+02
      vertex   6.478871e+00 8.888232e+01 1.007744e+02
    endloop
  endfacet
  facet normal 4.419270e-05 9.914449e-01 -1.305262e-01
    outer loop
      vertex   -1.500642e+00 8.883162e+01 1.003866e+02
      vertex   6.478871e+00 8.888232e+01 1.007744e+02
      vertex   6.478849e+00 8.883121e+01 1.003862e+02
    endloop
  endfacet
  facet normal 4.419270e-05 9.914449e-01 -1.305262e-01
    outer loop
      vertex   6.478849e+00 8.883121e+01 1.003862e+02
      vertex   6.478871e+00 8.888232e+01 1.007744e+02
      vertex   1.445836e+01 8.888191e+01 1.007740e+02
    endloop
  endfacet
  facet normal 4.419270e-05 9.914449e-01 -1.305262e-01
    outer loop
      vertex   2.243785e+01 8.888150e+01 1.007736e+02
      vertex   2.243783e+01 8.883039e+01 1.003854e+02
      vertex   1.445834e+01 8.883080e+01 1.003858e+02
    endloop
  endfacet
  facet normal 5.759305e-05 9.914449e-01 1.305262e-01
    outer loop
      vertex   -7.331602e+01 8.883531e+01 1.011668e+02
      vertex   -8.129553e+01 8.888683e+01 1.007789e+02
      vertex   -8.129551e+01 8.883572e+01 1.011672e+02
    endloop
  endfacet
  facet normal 5.759305e-05 9.914449e-01 1.305262e-01
    outer loop
      vertex   -4.937755e+01 8.883408e+01 1.011655e+02
      vertex   -5.735705e+01 8.888560e+01 1.007777e+02
      vertex   -5.735704e+01 8.883449e+01 1.011659e+02
    endloop
  endfacet
  facet normal 5.759305e-05 9.914449e-01 1.305262e-01
    outer loop
      vertex   -5.735704e+01 8.883449e+01 1.011659e+02
      vertex   -5.735705e+01 8.888560e+01 1.007777e+02
      vertex   -6.533654e+01 8.888601e+01 1.007781e+02
    endloop
  endfacet
  facet normal 5.759305e-05 9.914449e-01 1.305262e-01
    outer loop
      vertex   -4.937756e+01 8.888519e+01 1.007773e+02
      vertex   -4.139806e+01 8.883367e+01 1.011651e+02
      vertex   -4.139807e+01 8.888478e+01 1.007769e+02
    endloop
  endfacet
  facet normal 5.759305e-05 9.914449e-01 1.305262e-01
    outer loop
      vertex   -4.139807e+01 8.888478e+01 1.007769e+02
      vertex   -4.139806e+01 8.883367e+01 1.011651e+02
      vertex   -3.341856e+01 8.883326e+01 1.011647e+02
    endloop
  endfacet
  facet normal 5.759305e-05 9.914449e-01 1.305262e-01
    outer loop
      vertex   -4.139807e+01 8.888478e+01 1.007769e+02
      vertex   -3.341856e+01 8.883326e+01 1.011647e+02
      vertex   -3.341858e+01 8.888437e+01 1.007765e+02
    endloop
  endfacet
  facet normal 5.759305e-05 9.914449e-01 1.305262e-01
    outer loop
      vertex   -3.341858e+01 8.888437e+01 1.007765e+02
      vertex   -3.341856e+01 8.883326e+01 1.011647e+02
      vertex   -2.543907e+01 8.883285e+01 1.011643e+02
    endloop
  endfacet
  facet normal 5.759305e-05 9.914449e-01 1.305262e-01
    outer loop
      vertex   -9.480093e+00 8.883203e+01 1.011635e+02
      vertex   -1.745960e+01 8.888355e+01 1.007757e+02
      vertex   -1.745958e+01 8.883244e+01 1.011639e+02
    endloop
  endfacet
  facet normal 5.759305e-05 9.914449e-01 1.305262e-01
    outer loop
      vertex   -1.745958e+01 8.883244e+01 1.011639e+02
      vertex   -1.745960e+01 8.888355e+01 1.007757e+02
      vertex   -2.543909e+01 8.888396e+01 1.007761e+02
    endloop
  endfacet
  facet normal 5.759305e-05 9.914449e-01 1.305262e-01
    outer loop
      vertex   -1.500619e+00 8.888273e+01 1.007748e+02
      vertex   6.478889e+00 8.883121e+01 1.011627e+02
      vertex   6.478871e+00 8.888232e+01 1.007744e+02
    endloop
  endfacet
  facet normal 5.759305e-05 9.914449e-01 1.305262e-01
    outer loop
      vertex   6.478871e+00 8.888232e+01 1.007744e+02
      vertex   6.478889e+00 8.883121e+01 1.011627e+02
      vertex   1.445838e+01 8.883080e+01 1.011623e+02
    endloop
  endfacet
  facet normal 5.759305e-05 9.914449e-01 1.305262e-01
    outer loop
      vertex   6.478871e+00 8.888232e+01 1.007744e+02
      vertex   1.445838e+01 8.883080e+01 1.011623e+02
      vertex   1.445836e+01 8.888191e+01 1.007740e+02
    endloop
  endfacet
  facet normal 5.759305e-05 9.914449e-01 1.305262e-01
    outer loop
      vertex   1.445836e+01 8.888191e+01 1.007740e+02
      vertex   1.445838e+01 8.883080e+01 1.011623e+02
      vertex   2.243787e+01 8.883039e+01 1.011618e+02
    endloop
  endfacet
  facet normal 6.706853e-05 9.238795e-01 3.826834e-01
    outer loop
      vertex   -7.331602e+01 8.883531e+01 1.011668e+02
      vertex   -8.129551e+01 8.883572e+01 1.011672e+02
      vertex   -7.331601e+01 8.868545e+01 1.015285e+02
    endloop
  endfacet
  facet normal 6.706853e-05 9.238795e-01 3.826834e-01
    outer loop
      vertex   -7.331601e+01 8.868545e+01 1.015285e+02
      vertex   -8.129551e+01 8.883572e+01 1.011672e+02
      vertex   -8.129550e+01 8.868586e+01 1.015289e+02
    endloop
  endfacet
  facet normal 7.197340e-05 7.933533e-01 6.087614e-01
    outer loop
      vertex   -7.331601e+01 8.868545e+01 1.015285e+02
      vertex   -8.129550e+01 8.868586e+01 1.015289e+02
      vertex   -8.927498e+01 8.844790e+01 1.018400e+02
    endloop
  endfacet
  facet normal 6.706853e-05 9.238795e-01 3.826834e-01
    outer loop
      vertex   -4.139804e+01 8.868382e+01 1.015269e+02
      vertex   -4.937755e+01 8.883408e+01 1.011655e+02
      vertex   -4.937754e+01 8.868423e+01 1.015273e+02
    endloop
  endfacet
  facet normal 6.706853e-05 9.238795e-01 3.826834e-01
    outer loop
      vertex   -4.937754e+01 8.868423e+01 1.015273e+02
      vertex   -4.937755e+01 8.883408e+01 1.011655e+02
      vertex   -5.735704e+01 8.883449e+01 1.011659e+02
    endloop
  endfacet
  facet normal 6.706853e-05 9.238795e-01 3.826834e-01
    outer loop
      vertex   -4.139806e+01 8.883367e+01 1.011651e+02
      vertex   -3.341855e+01 8.868341e+01 1.015265e+02
      vertex   -3.341856e+01 8.883326e+01 1.011647e+02
    endloop
  endfacet
  facet normal 6.706853e-05 9.238795e-01 3.826834e-01
    outer loop
      vertex   -3.341856e+01 8.883326e+01 1.011647e+02
      vertex   -3.341855e+01 8.868341e+01 1.015265e+02
      vertex   -2.543906e+01 8.868300e+01 1.015261e+02
    endloop
  endfacet
  facet normal 6.706853e-05 9.238795e-01 3.826834e-01
    outer loop
      vertex   -3.341856e+01 8.883326e+01 1.011647e+02
      vertex   -2.543906e+01 8.868300e+01 1.015261e+02
      vertex   -2.543907e+01 8.883285e+01 1.011643e+02
    endloop
  endfacet
  facet normal 6.706853e-05 9.238795e-01 3.826834e-01
    outer loop
      vertex   -2.543907e+01 8.883285e+01 1.011643e+02
      vertex   -2.543906e+01 8.868300e+01 1.015261e+02
      vertex   -1.745957e+01 8.868259e+01 1.015257e+02
    endloop
  endfacet
  facet normal 6.706853e-05 9.238795e-01 3.826834e-01
    outer loop
      vertex   -1.500591e+00 8.868177e+01 1.015248e+02
      vertex   -9.480093e+00 8.883203e+01 1.011635e+02
      vertex   -9.480082e+00 8.868218e+01 1.015253e+02
    endloop
  endfacet
  facet normal 6.706853e-05 9.238795e-01 3.826834e-01
    outer loop
      vertex   -9.480082e+00 8.868218e+01 1.015253e+02
      vertex   -9.480093e+00 8.883203e+01 1.011635e+02
      vertex   -1.745958e+01 8.883244e+01 1.011639e+02
    endloop
  endfacet
  facet normal 6.706853e-05 9.238795e-01 3.826834e-01
    outer loop
      vertex   2.243788e+01 8.868054e+01 1.015236e+02
      vertex   2.243787e+01 8.883039e+01 1.011618e+02
      vertex   1.445838e+01 8.883080e+01 1.011623e+02
    endloop
  endfacet
  facet normal 6.706853e-05 9.238795e-01 3.826834e-01
    outer loop
      vertex   2.243788e+01 8.868054e+01 1.015236e+02
      vertex   1.445838e+01 8.883080e+01 1.011623e+02
      vertex   1.445839e+01 8.868095e+01 1.015240e+02
    endloop
  endfacet
  facet normal 6.706853e-05 9.238795e-01 3.826834e-01
    outer loop
      vertex   1.445839e+01 8.868095e+01 1.015240e+02
      vertex   1.445838e+01 8.883080e+01 1.011623e+02
      vertex   6.478889e+00 8.883121e+01 1.011627e+02
    endloop
  endfacet
  facet normal 7.197340e-05 7.933533e-01 6.087614e-01
    outer loop
      vertex   -8.927498e+01 8.844790e+01 1.018400e+02
      vertex   -6.533652e+01 8.868505e+01 1.015281e+02
      vertex   -7.331601e+01 8.868545e+01 1.015285e+02
    endloop
  endfacet
  facet normal 6.706853e-05 9.238795e-01 3.826834e-01
    outer loop
      vertex   -7.331601e+01 8.868545e+01 1.015285e+02
      vertex   -6.533652e+01 8.868505e+01 1.015281e+02
      vertex   -7.331602e+01 8.883531e+01 1.011668e+02
    endloop
  endfacet
  facet normal 7.197340e-05 7.933533e-01 6.087614e-01
    outer loop
      vertex   3.041727e+01 8.844175e+01 1.018339e+02
      vertex   -1.745957e+01 8.868259e+01 1.015257e+02
      vertex   -2.543906e+01 8.868300e+01 1.015261e+02
    endloop
  endfacet
  facet normal 7.197340e-05 7.933533e-01 6.087614e-01
    outer loop
      vertex   -2.543906e+01 8.868300e+01 1.015261e+02
      vertex   -3.341855e+01 8.868341e+01 1.015265e+02
      vertex   3.041727e+01 8.844175e+01 1.018339e+02
    endloop
  endfacet
  facet normal 8.356333e-17 7.071068e-01 -7.071068e-01
    outer loop
      vertex   3.041727e+01 8.844175e+01 9.971255e+01
      vertex   3.041727e+01 7.395645e+01 8.522724e+01
      vertex   -8.927498e+01 8.844790e+01 9.971869e+01
    endloop
  endfacet
  facet normal 1.696804e-16 7.071068e-01 -7.071068e-01
    outer loop
      vertex   -8.927498e+01 8.844790e+01 9.971869e+01
      vertex   3.041727e+01 7.395645e+01 8.522724e+01
      vertex   -9.184915e+01 7.391631e+01 8.518711e+01
    endloop
  endfacet
  facet normal -4.892293e-02 6.081323e-01 7.923267e-01
    outer loop
      vertex   3.041727e+01 6.948913e+01 1.207696e+02
      vertex   3.789253e+01 6.948913e+01 1.212312e+02
      vertex   3.041727e+01 6.979960e+01 1.205313e+02
    endloop
  endfacet
  facet normal -4.892293e-02 6.081323e-01 7.923267e-01
    outer loop
      vertex   3.041727e+01 6.979960e+01 1.205313e+02
      vertex   3.789253e+01 6.948913e+01 1.212312e+02
      vertex   4.538245e+01 6.948913e+01 1.216936e+02
    endloop
  endfacet
  facet normal -4.892293e-02 6.081323e-01 7.923267e-01
    outer loop
      vertex   3.041727e+01 6.979960e+01 1.205313e+02
      vertex   4.538245e+01 6.948913e+01 1.216936e+02
      vertex   5.287238e+01 6.948913e+01 1.221561e+02
    endloop
  endfacet
  facet normal -5.694855e-02 3.822439e-01 9.223050e-01
    outer loop
      vertex   5.287238e+01 6.948913e+01 1.221561e+02
      vertex   4.538245e+01 6.948913e+01 1.216936e+02
      vertex   5.286316e+01 6.912772e+01 1.223053e+02
    endloop
  endfacet
  facet normal -5.694855e-02 3.822439e-01 9.223050e-01
    outer loop
      vertex   5.287238e+01 6.948913e+01 1.221561e+02
      vertex   5.286316e+01 6.912772e+01 1.223053e+02
      vertex   6.035309e+01 6.912772e+01 1.227678e+02
    endloop
  endfacet
  facet normal -6.110256e-02 1.303690e-01 9.895809e-01
    outer loop
      vertex   6.035309e+01 6.912772e+01 1.227678e+02
      vertex   5.286316e+01 6.912772e+01 1.223053e+02
      vertex   6.034994e+01 6.873995e+01 1.228187e+02
    endloop
  endfacet
  facet normal -6.110256e-02 1.303690e-01 9.895809e-01
    outer loop
      vertex   6.035309e+01 6.912772e+01 1.227678e+02
      vertex   6.034994e+01 6.873995e+01 1.228187e+02
      vertex   6.783987e+01 6.873995e+01 1.232811e+02
    endloop
  endfacet
  facet normal -6.110256e-02 -1.303690e-01 9.895809e-01
    outer loop
      vertex   6.783987e+01 6.873995e+01 1.232811e+02
      vertex   6.034994e+01 6.873995e+01 1.228187e+02
      vertex   6.784301e+01 6.835218e+01 1.232303e+02
    endloop
  endfacet
  facet normal -6.110256e-02 -1.303690e-01 9.895809e-01
    outer loop
      vertex   6.783987e+01 6.873995e+01 1.232811e+02
      vertex   6.784301e+01 6.835218e+01 1.232303e+02
      vertex   7.532979e+01 6.835218e+01 1.236925e+02
    endloop
  endfacet
  facet normal -5.694855e-02 -3.822439e-01 9.223050e-01
    outer loop
      vertex   7.532979e+01 6.835218e+01 1.236925e+02
      vertex   6.784301e+01 6.835218e+01 1.232303e+02
      vertex   7.532979e+01 6.799078e+01 1.235427e+02
    endloop
  endfacet
  facet normal -5.694855e-02 -3.822439e-01 9.223050e-01
    outer loop
      vertex   7.532979e+01 6.799078e+01 1.235427e+02
      vertex   6.784301e+01 6.835218e+01 1.232303e+02
      vertex   6.785222e+01 6.799078e+01 1.230810e+02
    endloop
  endfacet
  facet normal -4.892293e-02 -6.081321e-01 7.923268e-01
    outer loop
      vertex   7.532979e+01 6.799078e+01 1.235427e+02
      vertex   6.785222e+01 6.799078e+01 1.230810e+02
      vertex   7.532979e+01 6.768030e+01 1.233045e+02
    endloop
  endfacet
  facet normal -4.892293e-02 -6.081321e-01 7.923268e-01
    outer loop
      vertex   7.532979e+01 6.768030e+01 1.233045e+02
      vertex   6.785222e+01 6.799078e+01 1.230810e+02
      vertex   6.036230e+01 6.799078e+01 1.226186e+02
    endloop
  endfacet
  facet normal -4.892293e-02 -6.081321e-01 7.923268e-01
    outer loop
      vertex   7.532979e+01 6.768030e+01 1.233045e+02
      vertex   6.036230e+01 6.799078e+01 1.226186e+02
      vertex   5.287238e+01 6.799078e+01 1.221561e+02
    endloop
  endfacet
  facet normal -5.694855e-02 -3.822439e-01 9.223050e-01
    outer loop
      vertex   5.287238e+01 6.799078e+01 1.221561e+02
      vertex   6.036230e+01 6.799078e+01 1.226186e+02
      vertex   5.286316e+01 6.835218e+01 1.223053e+02
    endloop
  endfacet
  facet normal -5.694855e-02 -3.822439e-01 9.223050e-01
    outer loop
      vertex   5.287238e+01 6.799078e+01 1.221561e+02
      vertex   5.286316e+01 6.835218e+01 1.223053e+02
      vertex   4.537324e+01 6.835218e+01 1.218428e+02
    endloop
  endfacet
  facet normal -6.110256e-02 -1.303690e-01 9.895809e-01
    outer loop
      vertex   4.537324e+01 6.835218e+01 1.218428e+02
      vertex   5.286316e+01 6.835218e+01 1.223053e+02
      vertex   4.537010e+01 6.873995e+01 1.218937e+02
    endloop
  endfacet
  facet normal -6.110256e-02 -1.303690e-01 9.895809e-01
    outer loop
      vertex   4.537324e+01 6.835218e+01 1.218428e+02
      vertex   4.537010e+01 6.873995e+01 1.218937e+02
      vertex   3.788018e+01 6.873995e+01 1.214313e+02
    endloop
  endfacet
  facet normal -6.110256e-02 1.303690e-01 9.895809e-01
    outer loop
      vertex   3.788018e+01 6.873995e+01 1.214313e+02
      vertex   4.537010e+01 6.873995e+01 1.218937e+02
      vertex   3.788332e+01 6.912772e+01 1.213804e+02
    endloop
  endfacet
  facet normal -6.110256e-02 1.303690e-01 9.895809e-01
    outer loop
      vertex   3.788018e+01 6.873995e+01 1.214313e+02
      vertex   3.788332e+01 6.912772e+01 1.213804e+02
      vertex   3.041727e+01 6.873995e+01 1.209705e+02
    endloop
  endfacet
  facet normal -6.110256e-02 1.303690e-01 9.895809e-01
    outer loop
      vertex   3.041727e+01 6.873995e+01 1.209705e+02
      vertex   3.788332e+01 6.912772e+01 1.213804e+02
      vertex   3.041727e+01 6.912772e+01 1.209194e+02
    endloop
  endfacet
  facet normal -5.694855e-02 3.822439e-01 9.223050e-01
    outer loop
      vertex   3.041727e+01 6.912772e+01 1.209194e+02
      vertex   3.788332e+01 6.912772e+01 1.213804e+02
      vertex   3.789253e+01 6.948913e+01 1.212312e+02
    endloop
  endfacet
  facet normal -5.694855e-02 3.822439e-01 9.223050e-01
    outer loop
      vertex   3.041727e+01 6.912772e+01 1.209194e+02
      vertex   3.789253e+01 6.948913e+01 1.212312e+02
      vertex   3.041727e+01 6.948913e+01 1.207696e+02
    endloop
  endfacet
  facet normal -6.110256e-02 -1.303690e-01 9.895809e-01
    outer loop
      vertex   3.788018e+01 6.873995e+01 1.214313e+02
      vertex   3.041727e+01 6.873995e+01 1.209705e+02
      vertex   3.788332e+01 6.835218e+01 1.213804e+02
    endloop
  endfacet
  facet normal -6.110256e-02 -1.303690e-01 9.895809e-01
    outer loop
      vertex   3.788332e+01 6.835218e+01 1.213804e+02
      vertex   3.041727e+01 6.873995e+01 1.209705e+02
      vertex   3.041727e+01 6.835218e+01 1.209194e+02
    endloop
  endfacet
  facet normal -5.694855e-02 -3.822439e-01 9.223050e-01
    outer loop
      vertex   3.788332e+01 6.835218e+01 1.213804e+02
      vertex   3.041727e+01 6.835218e+01 1.209194e+02
      vertex   3.789253e+01 6.799078e+01 1.212312e+02
    endloop
  endfacet
  facet normal -5.694855e-02 -3.822439e-01 9.223050e-01
    outer loop
      vertex   3.789253e+01 6.799078e+01 1.212312e+02
      vertex   3.041727e+01 6.835218e+01 1.209194e+02
      vertex   3.041727e+01 6.799078e+01 1.207696e+02
    endloop
  endfacet
  facet normal -4.892293e-02 -6.081323e-01 7.923267e-01
    outer loop
      vertex   3.789253e+01 6.799078e+01 1.212312e+02
      vertex   3.041727e+01 6.799078e+01 1.207696e+02
      vertex   3.041727e+01 6.768030e+01 1.205313e+02
    endloop
  endfacet
  facet normal -4.892293e-02 -6.081322e-01 7.923268e-01
    outer loop
      vertex   7.532979e+01 6.768030e+01 1.233045e+02
      vertex   5.287238e+01 6.799078e+01 1.221561e+02
      vertex   3.041727e+01 6.768030e+01 1.205313e+02
    endloop
  endfacet
  facet normal -4.892293e-02 -6.081323e-01 7.923267e-01
    outer loop
      vertex   3.041727e+01 6.768030e+01 1.205313e+02
      vertex   5.287238e+01 6.799078e+01 1.221561e+02
      vertex   4.538245e+01 6.799078e+01 1.216936e+02
    endloop
  endfacet
  facet normal -4.892293e-02 -6.081323e-01 7.923267e-01
    outer loop
      vertex   3.041727e+01 6.768030e+01 1.205313e+02
      vertex   4.538245e+01 6.799078e+01 1.216936e+02
      vertex   3.789253e+01 6.799078e+01 1.212312e+02
    endloop
  endfacet
  facet normal -5.694855e-02 -3.822439e-01 9.223050e-01
    outer loop
      vertex   3.789253e+01 6.799078e+01 1.212312e+02
      vertex   4.538245e+01 6.799078e+01 1.216936e+02
      vertex   3.788332e+01 6.835218e+01 1.213804e+02
    endloop
  endfacet
  facet normal -6.110256e-02 -1.303690e-01 9.895809e-01
    outer loop
      vertex   7.532979e+01 6.835218e+01 1.236925e+02
      vertex   7.532979e+01 6.873995e+01 1.237436e+02
      vertex   6.783987e+01 6.873995e+01 1.232811e+02
    endloop
  endfacet
  facet normal -6.110256e-02 1.303690e-01 9.895809e-01
    outer loop
      vertex   6.783987e+01 6.873995e+01 1.232811e+02
      vertex   7.532979e+01 6.873995e+01 1.237436e+02
      vertex   7.532979e+01 6.912772e+01 1.236925e+02
    endloop
  endfacet
  facet normal -6.110256e-02 1.303690e-01 9.895809e-01
    outer loop
      vertex   6.783987e+01 6.873995e+01 1.232811e+02
      vertex   7.532979e+01 6.912772e+01 1.236925e+02
      vertex   6.784301e+01 6.912772e+01 1.232303e+02
    endloop
  endfacet
  facet normal -5.694855e-02 3.822439e-01 9.223050e-01
    outer loop
      vertex   6.784301e+01 6.912772e+01 1.232303e+02
      vertex   7.532979e+01 6.912772e+01 1.236925e+02
      vertex   7.532979e+01 6.948913e+01 1.235427e+02
    endloop
  endfacet
  facet normal -5.694855e-02 3.822439e-01 9.223050e-01
    outer loop
      vertex   6.784301e+01 6.912772e+01 1.232303e+02
      vertex   7.532979e+01 6.948913e+01 1.235427e+02
      vertex   6.785222e+01 6.948913e+01 1.230810e+02
    endloop
  endfacet
  facet normal -4.892293e-02 6.081321e-01 7.923269e-01
    outer loop
      vertex   6.785222e+01 6.948913e+01 1.230810e+02
      vertex   7.532979e+01 6.948913e+01 1.235427e+02
      vertex   7.532979e+01 6.979960e+01 1.233045e+02
    endloop
  endfacet
  facet normal -4.892293e-02 6.081321e-01 7.923269e-01
    outer loop
      vertex   6.785222e+01 6.948913e+01 1.230810e+02
      vertex   7.532979e+01 6.979960e+01 1.233045e+02
      vertex   6.036230e+01 6.948913e+01 1.226186e+02
    endloop
  endfacet
  facet normal -4.892293e-02 6.081321e-01 7.923269e-01
    outer loop
      vertex   6.036230e+01 6.948913e+01 1.226186e+02
      vertex   7.532979e+01 6.979960e+01 1.233045e+02
      vertex   5.287238e+01 6.948913e+01 1.221561e+02
    endloop
  endfacet
  facet normal -5.694855e-02 3.822439e-01 9.223050e-01
    outer loop
      vertex   6.036230e+01 6.948913e+01 1.226186e+02
      vertex   5.287238e+01 6.948913e+01 1.221561e+02
      vertex   6.035309e+01 6.912772e+01 1.227678e+02
    endloop
  endfacet
  facet normal -4.892293e-02 6.081322e-01 7.923268e-01
    outer loop
      vertex   7.532979e+01 6.979960e+01 1.233045e+02
      vertex   3.041727e+01 6.979960e+01 1.205313e+02
      vertex   5.287238e+01 6.948913e+01 1.221561e+02
    endloop
  endfacet
  facet normal -6.110256e-02 1.303690e-01 9.895809e-01
    outer loop
      vertex   6.035309e+01 6.912772e+01 1.227678e+02
      vertex   6.783987e+01 6.873995e+01 1.232811e+02
      vertex   6.784301e+01 6.912772e+01 1.232303e+02
    endloop
  endfacet
  facet normal -5.694855e-02 3.822439e-01 9.223050e-01
    outer loop
      vertex   4.538245e+01 6.948913e+01 1.216936e+02
      vertex   3.789253e+01 6.948913e+01 1.212312e+02
      vertex   4.537324e+01 6.912772e+01 1.218428e+02
    endloop
  endfacet
  facet normal -5.694855e-02 3.822439e-01 9.223050e-01
    outer loop
      vertex   4.537324e+01 6.912772e+01 1.218428e+02
      vertex   3.789253e+01 6.948913e+01 1.212312e+02
      vertex   3.788332e+01 6.912772e+01 1.213804e+02
    endloop
  endfacet
  facet normal -6.110256e-02 1.303690e-01 9.895809e-01
    outer loop
      vertex   4.537324e+01 6.912772e+01 1.218428e+02
      vertex   3.788332e+01 6.912772e+01 1.213804e+02
      vertex   4.537010e+01 6.873995e+01 1.218937e+02
    endloop
  endfacet
  facet normal -5.694855e-02 3.822439e-01 9.223050e-01
    outer loop
      vertex   6.784301e+01 6.912772e+01 1.232303e+02
      vertex   6.785222e+01 6.948913e+01 1.230810e+02
      vertex   6.036230e+01 6.948913e+01 1.226186e+02
    endloop
  endfacet
  facet normal -5.694855e-02 3.822439e-01 9.223050e-01
    outer loop
      vertex   6.784301e+01 6.912772e+01 1.232303e+02
      vertex   6.036230e+01 6.948913e+01 1.226186e+02
      vertex   6.035309e+01 6.912772e+01 1.227678e+02
    endloop
  endfacet
  facet normal -5.694855e-02 3.822439e-01 9.223050e-01
    outer loop
      vertex   4.538245e+01 6.948913e+01 1.216936e+02
      vertex   4.537324e+01 6.912772e+01 1.218428e+02
      vertex   5.286316e+01 6.912772e+01 1.223053e+02
    endloop
  endfacet
  facet normal -6.110256e-02 1.303690e-01 9.895809e-01
    outer loop
      vertex   5.286316e+01 6.912772e+01 1.223053e+02
      vertex   4.537324e+01 6.912772e+01 1.218428e+02
      vertex   5.286002e+01 6.873995e+01 1.223562e+02
    endloop
  endfacet
  facet normal -6.110256e-02 1.303690e-01 9.895809e-01
    outer loop
      vertex   5.286316e+01 6.912772e+01 1.223053e+02
      vertex   5.286002e+01 6.873995e+01 1.223562e+02
      vertex   6.034994e+01 6.873995e+01 1.228187e+02
    endloop
  endfacet
  facet normal -6.110256e-02 -1.303690e-01 9.895809e-01
    outer loop
      vertex   6.034994e+01 6.873995e+01 1.228187e+02
      vertex   5.286002e+01 6.873995e+01 1.223562e+02
      vertex   6.035309e+01 6.835218e+01 1.227678e+02
    endloop
  endfacet
  facet normal -6.110256e-02 -1.303690e-01 9.895809e-01
    outer loop
      vertex   6.034994e+01 6.873995e+01 1.228187e+02
      vertex   6.035309e+01 6.835218e+01 1.227678e+02
      vertex   6.784301e+01 6.835218e+01 1.232303e+02
    endloop
  endfacet
  facet normal -5.694855e-02 -3.822439e-01 9.223050e-01
    outer loop
      vertex   6.784301e+01 6.835218e+01 1.232303e+02
      vertex   6.035309e+01 6.835218e+01 1.227678e+02
      vertex   6.785222e+01 6.799078e+01 1.230810e+02
    endloop
  endfacet
  facet normal -6.110256e-02 1.303690e-01 9.895809e-01
    outer loop
      vertex   5.286002e+01 6.873995e+01 1.223562e+02
      vertex   4.537324e+01 6.912772e+01 1.218428e+02
      vertex   4.537010e+01 6.873995e+01 1.218937e+02
    endloop
  endfacet
  facet normal -6.110256e-02 -1.303690e-01 9.895809e-01
    outer loop
      vertex   4.537324e+01 6.835218e+01 1.218428e+02
      vertex   3.788018e+01 6.873995e+01 1.214313e+02
      vertex   3.788332e+01 6.835218e+01 1.213804e+02
    endloop
  endfacet
  facet normal -6.110256e-02 -1.303690e-01 9.895809e-01
    outer loop
      vertex   6.035309e+01 6.835218e+01 1.227678e+02
      vertex   5.286002e+01 6.873995e+01 1.223562e+02
      vertex   5.286316e+01 6.835218e+01 1.223053e+02
    endloop
  endfacet
  facet normal -6.110256e-02 -1.303690e-01 9.895809e-01
    outer loop
      vertex   5.286316e+01 6.835218e+01 1.223053e+02
      vertex   5.286002e+01 6.873995e+01 1.223562e+02
      vertex   4.537010e+01 6.873995e+01 1.218937e+02
    endloop
  endfacet
  facet normal -5.694855e-02 -3.822439e-01 9.223050e-01
    outer loop
      vertex   5.287238e+01 6.799078e+01 1.221561e+02
      vertex   4.537324e+01 6.835218e+01 1.218428e+02
      vertex   4.538245e+01 6.799078e+01 1.216936e+02
    endloop
  endfacet
  facet normal -5.694855e-02 -3.822439e-01 9.223050e-01
    outer loop
      vertex   4.538245e+01 6.799078e+01 1.216936e+02
      vertex   4.537324e+01 6.835218e+01 1.218428e+02
      vertex   3.788332e+01 6.835218e+01 1.213804e+02
    endloop
  endfacet
  facet normal -5.694855e-02 -3.822439e-01 9.223050e-01
    outer loop
      vertex   6.785222e+01 6.799078e+01 1.230810e+02
      vertex   6.035309e+01 6.835218e+01 1.227678e+02
      vertex   6.036230e+01 6.799078e+01 1.226186e+02
    endloop
  endfacet
  facet normal -5.694855e-02 -3.822439e-01 9.223050e-01
    outer loop
      vertex   6.036230e+01 6.799078e+01 1.226186e+02
      vertex   6.035309e+01 6.835218e+01 1.227678e+02
      vertex   5.286316e+01 6.835218e+01 1.223053e+02
    endloop
  endfacet
  facet normal 7.197340e-05 6.087614e-01 7.933533e-01
    outer loop
      vertex   -9.263214e+01 6.949626e+01 1.207197e+02
      vertex   -8.472810e+01 6.949586e+01 1.207193e+02
      vertex   -9.257710e+01 6.980692e+01 1.204813e+02
    endloop
  endfacet
  facet normal 7.197340e-05 6.087614e-01 7.933533e-01
    outer loop
      vertex   -9.257710e+01 6.980692e+01 1.204813e+02
      vertex   -8.472810e+01 6.949586e+01 1.207193e+02
      vertex   -7.650342e+01 6.949543e+01 1.207189e+02
    endloop
  endfacet
  facet normal 7.197340e-05 6.087614e-01 7.933533e-01
    outer loop
      vertex   -9.257710e+01 6.980692e+01 1.204813e+02
      vertex   -7.650342e+01 6.949543e+01 1.207189e+02
      vertex   -6.827874e+01 6.949501e+01 1.207185e+02
    endloop
  endfacet
  facet normal 6.706853e-05 3.826834e-01 9.238795e-01
    outer loop
      vertex   -6.827874e+01 6.949501e+01 1.207185e+02
      vertex   -7.650342e+01 6.949543e+01 1.207189e+02
      vertex   -6.827876e+01 6.913324e+01 1.208683e+02
    endloop
  endfacet
  facet normal 6.706853e-05 3.826834e-01 9.238795e-01
    outer loop
      vertex   -6.827874e+01 6.949501e+01 1.207185e+02
      vertex   -6.827876e+01 6.913324e+01 1.208683e+02
      vertex   -6.005408e+01 6.913282e+01 1.208679e+02
    endloop
  endfacet
  facet normal 5.759305e-05 1.305262e-01 9.914449e-01
    outer loop
      vertex   -6.005408e+01 6.913282e+01 1.208679e+02
      vertex   -6.827876e+01 6.913324e+01 1.208683e+02
      vertex   -6.005410e+01 6.874459e+01 1.209190e+02
    endloop
  endfacet
  facet normal 5.759305e-05 1.305262e-01 9.914449e-01
    outer loop
      vertex   -6.005408e+01 6.913282e+01 1.208679e+02
      vertex   -6.005410e+01 6.874459e+01 1.209190e+02
      vertex   -5.182942e+01 6.874417e+01 1.209186e+02
    endloop
  endfacet
  facet normal 4.419270e-05 -1.305262e-01 9.914449e-01
    outer loop
      vertex   -5.182942e+01 6.874417e+01 1.209186e+02
      vertex   -6.005410e+01 6.874459e+01 1.209190e+02
      vertex   -5.182944e+01 6.835594e+01 1.208675e+02
    endloop
  endfacet
  facet normal 4.419270e-05 -1.305262e-01 9.914449e-01
    outer loop
      vertex   -5.182942e+01 6.874417e+01 1.209186e+02
      vertex   -5.182944e+01 6.835594e+01 1.208675e+02
      vertex   -4.360477e+01 6.835552e+01 1.208670e+02
    endloop
  endfacet
  facet normal 2.778070e-05 -3.826834e-01 9.238795e-01
    outer loop
      vertex   -4.360477e+01 6.835552e+01 1.208670e+02
      vertex   -5.182944e+01 6.835594e+01 1.208675e+02
      vertex   -4.360479e+01 6.799375e+01 1.207172e+02
    endloop
  endfacet
  facet normal 2.778070e-05 -3.826834e-01 9.238795e-01
    outer loop
      vertex   -4.360477e+01 6.835552e+01 1.208670e+02
      vertex   -4.360479e+01 6.799375e+01 1.207172e+02
      vertex   -3.538012e+01 6.799332e+01 1.207168e+02
    endloop
  endfacet
  facet normal 9.475478e-06 -6.087614e-01 7.933533e-01
    outer loop
      vertex   -3.538012e+01 6.799332e+01 1.207168e+02
      vertex   -4.360479e+01 6.799375e+01 1.207172e+02
      vertex   -9.295288e+01 6.768562e+01 1.204813e+02
    endloop
  endfacet
  facet normal 9.475478e-06 -6.087614e-01 7.933533e-01
    outer loop
      vertex   -3.538012e+01 6.799332e+01 1.207168e+02
      vertex   -9.295288e+01 6.768562e+01 1.204813e+02
      vertex   3.041727e+01 6.767929e+01 1.204750e+02
    endloop
  endfacet
  facet normal 6.706853e-05 3.826834e-01 9.238795e-01
    outer loop
      vertex   -8.472810e+01 6.949586e+01 1.207193e+02
      vertex   -9.263214e+01 6.949626e+01 1.207197e+02
      vertex   -8.472811e+01 6.913409e+01 1.208692e+02
    endloop
  endfacet
  facet normal 6.706853e-05 3.826834e-01 9.238795e-01
    outer loop
      vertex   -8.472811e+01 6.913409e+01 1.208692e+02
      vertex   -9.263214e+01 6.949626e+01 1.207197e+02
      vertex   -9.269622e+01 6.913449e+01 1.208696e+02
    endloop
  endfacet
  facet normal 5.759305e-05 1.305262e-01 9.914449e-01
    outer loop
      vertex   -8.472811e+01 6.913409e+01 1.208692e+02
      vertex   -9.269622e+01 6.913449e+01 1.208696e+02
      vertex   -8.472812e+01 6.874586e+01 1.209203e+02
    endloop
  endfacet
  facet normal 5.759305e-05 1.305262e-01 9.914449e-01
    outer loop
      vertex   -8.472812e+01 6.874586e+01 1.209203e+02
      vertex   -9.269622e+01 6.913449e+01 1.208696e+02
      vertex   -9.276499e+01 6.874627e+01 1.209207e+02
    endloop
  endfacet
  facet normal 4.419270e-05 -1.305262e-01 9.914449e-01
    outer loop
      vertex   -8.472812e+01 6.874586e+01 1.209203e+02
      vertex   -9.276499e+01 6.874627e+01 1.209207e+02
      vertex   -8.472815e+01 6.835763e+01 1.208692e+02
    endloop
  endfacet
  facet normal 4.419270e-05 -1.305262e-01 9.914449e-01
    outer loop
      vertex   -8.472815e+01 6.835763e+01 1.208692e+02
      vertex   -9.276499e+01 6.874627e+01 1.209207e+02
      vertex   -9.283376e+01 6.835804e+01 1.208696e+02
    endloop
  endfacet
  facet normal 2.778070e-05 -3.826834e-01 9.238795e-01
    outer loop
      vertex   -8.472815e+01 6.835763e+01 1.208692e+02
      vertex   -9.283376e+01 6.835804e+01 1.208696e+02
      vertex   -8.472817e+01 6.799586e+01 1.207193e+02
    endloop
  endfacet
  facet normal 2.778070e-05 -3.826834e-01 9.238795e-01
    outer loop
      vertex   -8.472817e+01 6.799586e+01 1.207193e+02
      vertex   -9.283376e+01 6.835804e+01 1.208696e+02
      vertex   -9.289785e+01 6.799628e+01 1.207197e+02
    endloop
  endfacet
  facet normal 9.475478e-06 -6.087614e-01 7.933533e-01
    outer loop
      vertex   -8.472817e+01 6.799586e+01 1.207193e+02
      vertex   -9.289785e+01 6.799628e+01 1.207197e+02
      vertex   -9.295288e+01 6.768562e+01 1.204813e+02
    endloop
  endfacet
  facet normal 9.475478e-06 -6.087614e-01 7.933533e-01
    outer loop
      vertex   3.041727e+01 6.798995e+01 1.207134e+02
      vertex   2.219262e+01 6.799037e+01 1.207138e+02
      vertex   3.041727e+01 6.767929e+01 1.204750e+02
    endloop
  endfacet
  facet normal 9.475478e-06 -6.087614e-01 7.933533e-01
    outer loop
      vertex   3.041727e+01 6.767929e+01 1.204750e+02
      vertex   2.219262e+01 6.799037e+01 1.207138e+02
      vertex   1.396794e+01 6.799079e+01 1.207142e+02
    endloop
  endfacet
  facet normal 9.475478e-06 -6.087614e-01 7.933533e-01
    outer loop
      vertex   3.041727e+01 6.767929e+01 1.204750e+02
      vertex   1.396794e+01 6.799079e+01 1.207142e+02
      vertex   5.743266e+00 6.799121e+01 1.207147e+02
    endloop
  endfacet
  facet normal 2.778070e-05 -3.826834e-01 9.238795e-01
    outer loop
      vertex   5.743266e+00 6.799121e+01 1.207147e+02
      vertex   1.396794e+01 6.799079e+01 1.207142e+02
      vertex   5.743292e+00 6.835298e+01 1.208645e+02
    endloop
  endfacet
  facet normal 2.778070e-05 -3.826834e-01 9.238795e-01
    outer loop
      vertex   5.743266e+00 6.799121e+01 1.207147e+02
      vertex   5.743292e+00 6.835298e+01 1.208645e+02
      vertex   -2.481384e+00 6.835341e+01 1.208649e+02
    endloop
  endfacet
  facet normal 4.419270e-05 -1.305262e-01 9.914449e-01
    outer loop
      vertex   -2.481384e+00 6.835341e+01 1.208649e+02
      vertex   5.743292e+00 6.835298e+01 1.208645e+02
      vertex   -2.481362e+00 6.874164e+01 1.209160e+02
    endloop
  endfacet
  facet normal 4.419270e-05 -1.305262e-01 9.914449e-01
    outer loop
      vertex   -2.481384e+00 6.835341e+01 1.208649e+02
      vertex   -2.481362e+00 6.874164e+01 1.209160e+02
      vertex   -1.070604e+01 6.874206e+01 1.209165e+02
    endloop
  endfacet
  facet normal 5.759305e-05 1.305262e-01 9.914449e-01
    outer loop
      vertex   -1.070604e+01 6.874206e+01 1.209165e+02
      vertex   -2.481362e+00 6.874164e+01 1.209160e+02
      vertex   -1.070602e+01 6.913029e+01 1.208654e+02
    endloop
  endfacet
  facet normal 5.759305e-05 1.305262e-01 9.914449e-01
    outer loop
      vertex   -1.070604e+01 6.874206e+01 1.209165e+02
      vertex   -1.070602e+01 6.913029e+01 1.208654e+02
      vertex   -1.893070e+01 6.913071e+01 1.208658e+02
    endloop
  endfacet
  facet normal 6.706853e-05 3.826834e-01 9.238795e-01
    outer loop
      vertex   -1.893070e+01 6.913071e+01 1.208658e+02
      vertex   -1.070602e+01 6.913029e+01 1.208654e+02
      vertex   -1.893069e+01 6.949248e+01 1.207159e+02
    endloop
  endfacet
  facet normal 6.706853e-05 3.826834e-01 9.238795e-01
    outer loop
      vertex   -1.893070e+01 6.913071e+01 1.208658e+02
      vertex   -1.893069e+01 6.949248e+01 1.207159e+02
      vertex   -2.715536e+01 6.949290e+01 1.207163e+02
    endloop
  endfacet
  facet normal 7.197340e-05 6.087614e-01 7.933533e-01
    outer loop
      vertex   -2.715536e+01 6.949290e+01 1.207163e+02
      vertex   -1.893069e+01 6.949248e+01 1.207159e+02
      vertex   3.041727e+01 6.980061e+01 1.204750e+02
    endloop
  endfacet
  facet normal 7.197340e-05 6.087614e-01 7.933533e-01
    outer loop
      vertex   -2.715536e+01 6.949290e+01 1.207163e+02
      vertex   3.041727e+01 6.980061e+01 1.204750e+02
      vertex   -9.257710e+01 6.980692e+01 1.204813e+02
    endloop
  endfacet
  facet normal 2.778070e-05 -3.826834e-01 9.238795e-01
    outer loop
      vertex   3.041727e+01 6.798995e+01 1.207134e+02
      vertex   3.041727e+01 6.835172e+01 1.208632e+02
      vertex   2.219262e+01 6.799037e+01 1.207138e+02
    endloop
  endfacet
  facet normal 2.778070e-05 -3.826834e-01 9.238795e-01
    outer loop
      vertex   2.219262e+01 6.799037e+01 1.207138e+02
      vertex   3.041727e+01 6.835172e+01 1.208632e+02
      vertex   2.219264e+01 6.835214e+01 1.208637e+02
    endloop
  endfacet
  facet normal 2.778070e-05 -3.826834e-01 9.238795e-01
    outer loop
      vertex   2.219262e+01 6.799037e+01 1.207138e+02
      vertex   2.219264e+01 6.835214e+01 1.208637e+02
      vertex   1.396797e+01 6.835256e+01 1.208641e+02
    endloop
  endfacet
  facet normal 4.419270e-05 -1.305262e-01 9.914449e-01
    outer loop
      vertex   1.396797e+01 6.835256e+01 1.208641e+02
      vertex   2.219264e+01 6.835214e+01 1.208637e+02
      vertex   1.396799e+01 6.874079e+01 1.209152e+02
    endloop
  endfacet
  facet normal 4.419270e-05 -1.305262e-01 9.914449e-01
    outer loop
      vertex   1.396797e+01 6.835256e+01 1.208641e+02
      vertex   1.396799e+01 6.874079e+01 1.209152e+02
      vertex   5.743315e+00 6.874121e+01 1.209156e+02
    endloop
  endfacet
  facet normal 5.759305e-05 1.305262e-01 9.914449e-01
    outer loop
      vertex   5.743315e+00 6.874121e+01 1.209156e+02
      vertex   1.396799e+01 6.874079e+01 1.209152e+02
      vertex   5.743332e+00 6.912944e+01 1.208645e+02
    endloop
  endfacet
  facet normal 5.759305e-05 1.305262e-01 9.914449e-01
    outer loop
      vertex   5.743315e+00 6.874121e+01 1.209156e+02
      vertex   5.743332e+00 6.912944e+01 1.208645e+02
      vertex   -2.481345e+00 6.912986e+01 1.208649e+02
    endloop
  endfacet
  facet normal 6.706853e-05 3.826834e-01 9.238795e-01
    outer loop
      vertex   -2.481345e+00 6.912986e+01 1.208649e+02
      vertex   5.743332e+00 6.912944e+01 1.208645e+02
      vertex   -2.481334e+00 6.949164e+01 1.207151e+02
    endloop
  endfacet
  facet normal 6.706853e-05 3.826834e-01 9.238795e-01
    outer loop
      vertex   -2.481345e+00 6.912986e+01 1.208649e+02
      vertex   -2.481334e+00 6.949164e+01 1.207151e+02
      vertex   -1.070601e+01 6.949206e+01 1.207155e+02
    endloop
  endfacet
  facet normal 7.197340e-05 6.087614e-01 7.933533e-01
    outer loop
      vertex   -1.070601e+01 6.949206e+01 1.207155e+02
      vertex   -2.481334e+00 6.949164e+01 1.207151e+02
      vertex   3.041727e+01 6.980061e+01 1.204750e+02
    endloop
  endfacet
  facet normal 7.197340e-05 6.087614e-01 7.933533e-01
    outer loop
      vertex   -1.070601e+01 6.949206e+01 1.207155e+02
      vertex   3.041727e+01 6.980061e+01 1.204750e+02
      vertex   -1.893069e+01 6.949248e+01 1.207159e+02
    endloop
  endfacet
  facet normal 4.419270e-05 -1.305262e-01 9.914449e-01
    outer loop
      vertex   3.041727e+01 6.835172e+01 1.208632e+02
      vertex   3.041727e+01 6.873995e+01 1.209144e+02
      vertex   2.219264e+01 6.835214e+01 1.208637e+02
    endloop
  endfacet
  facet normal 4.419270e-05 -1.305262e-01 9.914449e-01
    outer loop
      vertex   2.219264e+01 6.835214e+01 1.208637e+02
      vertex   3.041727e+01 6.873995e+01 1.209144e+02
      vertex   2.219267e+01 6.874037e+01 1.209148e+02
    endloop
  endfacet
  facet normal 4.419270e-05 -1.305262e-01 9.914449e-01
    outer loop
      vertex   2.219264e+01 6.835214e+01 1.208637e+02
      vertex   2.219267e+01 6.874037e+01 1.209148e+02
      vertex   1.396799e+01 6.874079e+01 1.209152e+02
    endloop
  endfacet
  facet normal 5.759305e-05 1.305262e-01 9.914449e-01
    outer loop
      vertex   1.396799e+01 6.874079e+01 1.209152e+02
      vertex   2.219267e+01 6.874037e+01 1.209148e+02
      vertex   1.396801e+01 6.912902e+01 1.208641e+02
    endloop
  endfacet
  facet normal 5.759305e-05 1.305262e-01 9.914449e-01
    outer loop
      vertex   1.396799e+01 6.874079e+01 1.209152e+02
      vertex   1.396801e+01 6.912902e+01 1.208641e+02
      vertex   5.743332e+00 6.912944e+01 1.208645e+02
    endloop
  endfacet
  facet normal 6.706853e-05 3.826834e-01 9.238795e-01
    outer loop
      vertex   5.743332e+00 6.912944e+01 1.208645e+02
      vertex   1.396801e+01 6.912902e+01 1.208641e+02
      vertex   5.743343e+00 6.949121e+01 1.207147e+02
    endloop
  endfacet
  facet normal 6.706853e-05 3.826834e-01 9.238795e-01
    outer loop
      vertex   5.743332e+00 6.912944e+01 1.208645e+02
      vertex   5.743343e+00 6.949121e+01 1.207147e+02
      vertex   -2.481334e+00 6.949164e+01 1.207151e+02
    endloop
  endfacet
  facet normal 7.197340e-05 6.087614e-01 7.933533e-01
    outer loop
      vertex   -2.481334e+00 6.949164e+01 1.207151e+02
      vertex   5.743343e+00 6.949121e+01 1.207147e+02
      vertex   3.041727e+01 6.980061e+01 1.204750e+02
    endloop
  endfacet
  facet normal 5.759305e-05 1.305262e-01 9.914449e-01
    outer loop
      vertex   3.041727e+01 6.873995e+01 1.209144e+02
      vertex   3.041727e+01 6.912818e+01 1.208632e+02
      vertex   2.219267e+01 6.874037e+01 1.209148e+02
    endloop
  endfacet
  facet normal 5.759305e-05 1.305262e-01 9.914449e-01
    outer loop
      vertex   2.219267e+01 6.874037e+01 1.209148e+02
      vertex   3.041727e+01 6.912818e+01 1.208632e+02
      vertex   2.219268e+01 6.912860e+01 1.208637e+02
    endloop
  endfacet
  facet normal 5.759305e-05 1.305262e-01 9.914449e-01
    outer loop
      vertex   2.219267e+01 6.874037e+01 1.209148e+02
      vertex   2.219268e+01 6.912860e+01 1.208637e+02
      vertex   1.396801e+01 6.912902e+01 1.208641e+02
    endloop
  endfacet
  facet normal 6.706853e-05 3.826834e-01 9.238795e-01
    outer loop
      vertex   1.396801e+01 6.912902e+01 1.208641e+02
      vertex   2.219268e+01 6.912860e+01 1.208637e+02
      vertex   1.396802e+01 6.949079e+01 1.207142e+02
    endloop
  endfacet
  facet normal 6.706853e-05 3.826834e-01 9.238795e-01
    outer loop
      vertex   1.396801e+01 6.912902e+01 1.208641e+02
      vertex   1.396802e+01 6.949079e+01 1.207142e+02
      vertex   5.743343e+00 6.949121e+01 1.207147e+02
    endloop
  endfacet
  facet normal 7.197340e-05 6.087614e-01 7.933533e-01
    outer loop
      vertex   5.743343e+00 6.949121e+01 1.207147e+02
      vertex   1.396802e+01 6.949079e+01 1.207142e+02
      vertex   3.041727e+01 6.980061e+01 1.204750e+02
    endloop
  endfacet
  facet normal 6.706853e-05 3.826834e-01 9.238795e-01
    outer loop
      vertex   3.041727e+01 6.912818e+01 1.208632e+02
      vertex   3.041727e+01 6.948995e+01 1.207134e+02
      vertex   2.219268e+01 6.912860e+01 1.208637e+02
    endloop
  endfacet
  facet normal 6.706853e-05 3.826834e-01 9.238795e-01
    outer loop
      vertex   2.219268e+01 6.912860e+01 1.208637e+02
      vertex   3.041727e+01 6.948995e+01 1.207134e+02
      vertex   2.219270e+01 6.949037e+01 1.207138e+02
    endloop
  endfacet
  facet normal 6.706853e-05 3.826834e-01 9.238795e-01
    outer loop
      vertex   2.219268e+01 6.912860e+01 1.208637e+02
      vertex   2.219270e+01 6.949037e+01 1.207138e+02
      vertex   1.396802e+01 6.949079e+01 1.207142e+02
    endloop
  endfacet
  facet normal 7.197340e-05 6.087614e-01 7.933533e-01
    outer loop
      vertex   1.396802e+01 6.949079e+01 1.207142e+02
      vertex   2.219270e+01 6.949037e+01 1.207138e+02
      vertex   3.041727e+01 6.980061e+01 1.204750e+02
    endloop
  endfacet
  facet normal 7.197340e-05 6.087614e-01 7.933533e-01
    outer loop
      vertex   3.041727e+01 6.948995e+01 1.207134e+02
      vertex   3.041727e+01 6.980061e+01 1.204750e+02
      vertex   2.219270e+01 6.949037e+01 1.207138e+02
    endloop
  endfacet
  facet normal 6.706853e-05 3.826834e-01 9.238795e-01
    outer loop
      vertex   -7.650342e+01 6.949543e+01 1.207189e+02
      vertex   -8.472810e+01 6.949586e+01 1.207193e+02
      vertex   -7.650343e+01 6.913366e+01 1.208687e+02
    endloop
  endfacet
  facet normal 6.706853e-05 3.826834e-01 9.238795e-01
    outer loop
      vertex   -7.650343e+01 6.913366e+01 1.208687e+02
      vertex   -8.472810e+01 6.949586e+01 1.207193e+02
      vertex   -8.472811e+01 6.913409e+01 1.208692e+02
    endloop
  endfacet
  facet normal 5.759305e-05 1.305262e-01 9.914449e-01
    outer loop
      vertex   -7.650343e+01 6.913366e+01 1.208687e+02
      vertex   -8.472811e+01 6.913409e+01 1.208692e+02
      vertex   -7.650345e+01 6.874543e+01 1.209198e+02
    endloop
  endfacet
  facet normal 5.759305e-05 1.305262e-01 9.914449e-01
    outer loop
      vertex   -7.650345e+01 6.874543e+01 1.209198e+02
      vertex   -8.472811e+01 6.913409e+01 1.208692e+02
      vertex   -8.472812e+01 6.874586e+01 1.209203e+02
    endloop
  endfacet
  facet normal 4.419270e-05 -1.305262e-01 9.914449e-01
    outer loop
      vertex   -7.650345e+01 6.874543e+01 1.209198e+02
      vertex   -8.472812e+01 6.874586e+01 1.209203e+02
      vertex   -7.650347e+01 6.835721e+01 1.208687e+02
    endloop
  endfacet
  facet normal 4.419270e-05 -1.305262e-01 9.914449e-01
    outer loop
      vertex   -7.650347e+01 6.835721e+01 1.208687e+02
      vertex   -8.472812e+01 6.874586e+01 1.209203e+02
      vertex   -8.472815e+01 6.835763e+01 1.208692e+02
    endloop
  endfacet
  facet normal 2.778070e-05 -3.826834e-01 9.238795e-01
    outer loop
      vertex   -7.650347e+01 6.835721e+01 1.208687e+02
      vertex   -8.472815e+01 6.835763e+01 1.208692e+02
      vertex   -7.650350e+01 6.799543e+01 1.207189e+02
    endloop
  endfacet
  facet normal 2.778070e-05 -3.826834e-01 9.238795e-01
    outer loop
      vertex   -7.650350e+01 6.799543e+01 1.207189e+02
      vertex   -8.472815e+01 6.835763e+01 1.208692e+02
      vertex   -8.472817e+01 6.799586e+01 1.207193e+02
    endloop
  endfacet
  facet normal 9.475478e-06 -6.087614e-01 7.933533e-01
    outer loop
      vertex   -7.650350e+01 6.799543e+01 1.207189e+02
      vertex   -8.472817e+01 6.799586e+01 1.207193e+02
      vertex   -9.295288e+01 6.768562e+01 1.204813e+02
    endloop
  endfacet
  facet normal 7.197340e-05 6.087614e-01 7.933533e-01
    outer loop
      vertex   -6.827874e+01 6.949501e+01 1.207185e+02
      vertex   -6.005407e+01 6.949459e+01 1.207180e+02
      vertex   -9.257710e+01 6.980692e+01 1.204813e+02
    endloop
  endfacet
  facet normal 7.197340e-05 6.087614e-01 7.933533e-01
    outer loop
      vertex   -9.257710e+01 6.980692e+01 1.204813e+02
      vertex   -6.005407e+01 6.949459e+01 1.207180e+02
      vertex   -5.182939e+01 6.949417e+01 1.207176e+02
    endloop
  endfacet
  facet normal 7.197340e-05 6.087614e-01 7.933533e-01
    outer loop
      vertex   -9.257710e+01 6.980692e+01 1.204813e+02
      vertex   -5.182939e+01 6.949417e+01 1.207176e+02
      vertex   -4.360472e+01 6.949375e+01 1.207172e+02
    endloop
  endfacet
  facet normal 6.706853e-05 3.826834e-01 9.238795e-01
    outer loop
      vertex   -4.360472e+01 6.949375e+01 1.207172e+02
      vertex   -5.182939e+01 6.949417e+01 1.207176e+02
      vertex   -4.360473e+01 6.913197e+01 1.208670e+02
    endloop
  endfacet
  facet normal 6.706853e-05 3.826834e-01 9.238795e-01
    outer loop
      vertex   -4.360472e+01 6.949375e+01 1.207172e+02
      vertex   -4.360473e+01 6.913197e+01 1.208670e+02
      vertex   -3.538005e+01 6.913155e+01 1.208666e+02
    endloop
  endfacet
  facet normal 5.759305e-05 1.305262e-01 9.914449e-01
    outer loop
      vertex   -3.538005e+01 6.913155e+01 1.208666e+02
      vertex   -4.360473e+01 6.913197e+01 1.208670e+02
      vertex   -3.538007e+01 6.874332e+01 1.209177e+02
    endloop
  endfacet
  facet normal 5.759305e-05 1.305262e-01 9.914449e-01
    outer loop
      vertex   -3.538005e+01 6.913155e+01 1.208666e+02
      vertex   -3.538007e+01 6.874332e+01 1.209177e+02
      vertex   -2.715539e+01 6.874290e+01 1.209173e+02
    endloop
  endfacet
  facet normal 4.419270e-05 -1.305262e-01 9.914449e-01
    outer loop
      vertex   -2.715539e+01 6.874290e+01 1.209173e+02
      vertex   -3.538007e+01 6.874332e+01 1.209177e+02
      vertex   -2.715541e+01 6.835467e+01 1.208662e+02
    endloop
  endfacet
  facet normal 4.419270e-05 -1.305262e-01 9.914449e-01
    outer loop
      vertex   -2.715539e+01 6.874290e+01 1.209173e+02
      vertex   -2.715541e+01 6.835467e+01 1.208662e+02
      vertex   -1.893074e+01 6.835425e+01 1.208658e+02
    endloop
  endfacet
  facet normal 2.778070e-05 -3.826834e-01 9.238795e-01
    outer loop
      vertex   -1.893074e+01 6.835425e+01 1.208658e+02
      vertex   -2.715541e+01 6.835467e+01 1.208662e+02
      vertex   -1.893076e+01 6.799248e+01 1.207159e+02
    endloop
  endfacet
  facet normal 2.778070e-05 -3.826834e-01 9.238795e-01
    outer loop
      vertex   -1.893074e+01 6.835425e+01 1.208658e+02
      vertex   -1.893076e+01 6.799248e+01 1.207159e+02
      vertex   -1.070609e+01 6.799206e+01 1.207155e+02
    endloop
  endfacet
  facet normal 9.475478e-06 -6.087614e-01 7.933533e-01
    outer loop
      vertex   -1.070609e+01 6.799206e+01 1.207155e+02
      vertex   -1.893076e+01 6.799248e+01 1.207159e+02
      vertex   3.041727e+01 6.767929e+01 1.204750e+02
    endloop
  endfacet
  facet normal 9.475478e-06 -6.087614e-01 7.933533e-01
    outer loop
      vertex   -1.070609e+01 6.799206e+01 1.207155e+02
      vertex   3.041727e+01 6.767929e+01 1.204750e+02
      vertex   -2.481411e+00 6.799164e+01 1.207151e+02
    endloop
  endfacet
  facet normal 9.475478e-06 -6.087614e-01 7.933533e-01
    outer loop
      vertex   -2.481411e+00 6.799164e+01 1.207151e+02
      vertex   3.041727e+01 6.767929e+01 1.204750e+02
      vertex   5.743266e+00 6.799121e+01 1.207147e+02
    endloop
  endfacet
  facet normal 2.778070e-05 -3.826834e-01 9.238795e-01
    outer loop
      vertex   -2.481411e+00 6.799164e+01 1.207151e+02
      vertex   5.743266e+00 6.799121e+01 1.207147e+02
      vertex   -2.481384e+00 6.835341e+01 1.208649e+02
    endloop
  endfacet
  facet normal 6.706853e-05 3.826834e-01 9.238795e-01
    outer loop
      vertex   -6.827874e+01 6.949501e+01 1.207185e+02
      vertex   -6.005408e+01 6.913282e+01 1.208679e+02
      vertex   -6.005407e+01 6.949459e+01 1.207180e+02
    endloop
  endfacet
  facet normal 6.706853e-05 3.826834e-01 9.238795e-01
    outer loop
      vertex   -6.005407e+01 6.949459e+01 1.207180e+02
      vertex   -6.005408e+01 6.913282e+01 1.208679e+02
      vertex   -5.182940e+01 6.913240e+01 1.208675e+02
    endloop
  endfacet
  facet normal 6.706853e-05 3.826834e-01 9.238795e-01
    outer loop
      vertex   -6.005407e+01 6.949459e+01 1.207180e+02
      vertex   -5.182940e+01 6.913240e+01 1.208675e+02
      vertex   -5.182939e+01 6.949417e+01 1.207176e+02
    endloop
  endfacet
  facet normal 6.706853e-05 3.826834e-01 9.238795e-01
    outer loop
      vertex   -5.182939e+01 6.949417e+01 1.207176e+02
      vertex   -5.182940e+01 6.913240e+01 1.208675e+02
      vertex   -4.360473e+01 6.913197e+01 1.208670e+02
    endloop
  endfacet
  facet normal 7.197340e-05 6.087614e-01 7.933533e-01
    outer loop
      vertex   -2.715536e+01 6.949290e+01 1.207163e+02
      vertex   -9.257710e+01 6.980692e+01 1.204813e+02
      vertex   -3.538004e+01 6.949332e+01 1.207168e+02
    endloop
  endfacet
  facet normal 7.197340e-05 6.087614e-01 7.933533e-01
    outer loop
      vertex   -3.538004e+01 6.949332e+01 1.207168e+02
      vertex   -9.257710e+01 6.980692e+01 1.204813e+02
      vertex   -4.360472e+01 6.949375e+01 1.207172e+02
    endloop
  endfacet
  facet normal 6.706853e-05 3.826834e-01 9.238795e-01
    outer loop
      vertex   -3.538004e+01 6.949332e+01 1.207168e+02
      vertex   -4.360472e+01 6.949375e+01 1.207172e+02
      vertex   -3.538005e+01 6.913155e+01 1.208666e+02
    endloop
  endfacet
  facet normal 6.706853e-05 3.826834e-01 9.238795e-01
    outer loop
      vertex   -2.715536e+01 6.949290e+01 1.207163e+02
      vertex   -3.538004e+01 6.949332e+01 1.207168e+02
      vertex   -2.715537e+01 6.913113e+01 1.208662e+02
    endloop
  endfacet
  facet normal 6.706853e-05 3.826834e-01 9.238795e-01
    outer loop
      vertex   -2.715537e+01 6.913113e+01 1.208662e+02
      vertex   -3.538004e+01 6.949332e+01 1.207168e+02
      vertex   -3.538005e+01 6.913155e+01 1.208666e+02
    endloop
  endfacet
  facet normal 5.759305e-05 1.305262e-01 9.914449e-01
    outer loop
      vertex   -2.715537e+01 6.913113e+01 1.208662e+02
      vertex   -3.538005e+01 6.913155e+01 1.208666e+02
      vertex   -2.715539e+01 6.874290e+01 1.209173e+02
    endloop
  endfacet
  facet normal 6.706853e-05 3.826834e-01 9.238795e-01
    outer loop
      vertex   -2.481345e+00 6.912986e+01 1.208649e+02
      vertex   -1.070601e+01 6.949206e+01 1.207155e+02
      vertex   -1.070602e+01 6.913029e+01 1.208654e+02
    endloop
  endfacet
  facet normal 6.706853e-05 3.826834e-01 9.238795e-01
    outer loop
      vertex   -1.070602e+01 6.913029e+01 1.208654e+02
      vertex   -1.070601e+01 6.949206e+01 1.207155e+02
      vertex   -1.893069e+01 6.949248e+01 1.207159e+02
    endloop
  endfacet
  facet normal 6.706853e-05 3.826834e-01 9.238795e-01
    outer loop
      vertex   -7.650342e+01 6.949543e+01 1.207189e+02
      vertex   -7.650343e+01 6.913366e+01 1.208687e+02
      vertex   -6.827876e+01 6.913324e+01 1.208683e+02
    endloop
  endfacet
  facet normal 5.759305e-05 1.305262e-01 9.914449e-01
    outer loop
      vertex   -6.827876e+01 6.913324e+01 1.208683e+02
      vertex   -7.650343e+01 6.913366e+01 1.208687e+02
      vertex   -6.827877e+01 6.874501e+01 1.209194e+02
    endloop
  endfacet
  facet normal 5.759305e-05 1.305262e-01 9.914449e-01
    outer loop
      vertex   -6.827876e+01 6.913324e+01 1.208683e+02
      vertex   -6.827877e+01 6.874501e+01 1.209194e+02
      vertex   -6.005410e+01 6.874459e+01 1.209190e+02
    endloop
  endfacet
  facet normal 4.419270e-05 -1.305262e-01 9.914449e-01
    outer loop
      vertex   -6.005410e+01 6.874459e+01 1.209190e+02
      vertex   -6.827877e+01 6.874501e+01 1.209194e+02
      vertex   -6.005412e+01 6.835636e+01 1.208679e+02
    endloop
  endfacet
  facet normal 4.419270e-05 -1.305262e-01 9.914449e-01
    outer loop
      vertex   -6.005410e+01 6.874459e+01 1.209190e+02
      vertex   -6.005412e+01 6.835636e+01 1.208679e+02
      vertex   -5.182944e+01 6.835594e+01 1.208675e+02
    endloop
  endfacet
  facet normal 2.778070e-05 -3.826834e-01 9.238795e-01
    outer loop
      vertex   -5.182944e+01 6.835594e+01 1.208675e+02
      vertex   -6.005412e+01 6.835636e+01 1.208679e+02
      vertex   -5.182947e+01 6.799417e+01 1.207176e+02
    endloop
  endfacet
  facet normal 2.778070e-05 -3.826834e-01 9.238795e-01
    outer loop
      vertex   -5.182944e+01 6.835594e+01 1.208675e+02
      vertex   -5.182947e+01 6.799417e+01 1.207176e+02
      vertex   -4.360479e+01 6.799375e+01 1.207172e+02
    endloop
  endfacet
  facet normal 9.475478e-06 -6.087614e-01 7.933533e-01
    outer loop
      vertex   -4.360479e+01 6.799375e+01 1.207172e+02
      vertex   -5.182947e+01 6.799417e+01 1.207176e+02
      vertex   -9.295288e+01 6.768562e+01 1.204813e+02
    endloop
  endfacet
  facet normal 5.759305e-05 1.305262e-01 9.914449e-01
    outer loop
      vertex   -6.827877e+01 6.874501e+01 1.209194e+02
      vertex   -7.650343e+01 6.913366e+01 1.208687e+02
      vertex   -7.650345e+01 6.874543e+01 1.209198e+02
    endloop
  endfacet
  facet normal 5.759305e-05 1.305262e-01 9.914449e-01
    outer loop
      vertex   -6.005408e+01 6.913282e+01 1.208679e+02
      vertex   -5.182942e+01 6.874417e+01 1.209186e+02
      vertex   -5.182940e+01 6.913240e+01 1.208675e+02
    endloop
  endfacet
  facet normal 5.759305e-05 1.305262e-01 9.914449e-01
    outer loop
      vertex   -5.182940e+01 6.913240e+01 1.208675e+02
      vertex   -5.182942e+01 6.874417e+01 1.209186e+02
      vertex   -4.360474e+01 6.874375e+01 1.209182e+02
    endloop
  endfacet
  facet normal 5.759305e-05 1.305262e-01 9.914449e-01
    outer loop
      vertex   -5.182940e+01 6.913240e+01 1.208675e+02
      vertex   -4.360474e+01 6.874375e+01 1.209182e+02
      vertex   -4.360473e+01 6.913197e+01 1.208670e+02
    endloop
  endfacet
  facet normal 5.759305e-05 1.305262e-01 9.914449e-01
    outer loop
      vertex   -4.360473e+01 6.913197e+01 1.208670e+02
      vertex   -4.360474e+01 6.874375e+01 1.209182e+02
      vertex   -3.538007e+01 6.874332e+01 1.209177e+02
    endloop
  endfacet
  facet normal 6.706853e-05 3.826834e-01 9.238795e-01
    outer loop
      vertex   -2.715536e+01 6.949290e+01 1.207163e+02
      vertex   -2.715537e+01 6.913113e+01 1.208662e+02
      vertex   -1.893070e+01 6.913071e+01 1.208658e+02
    endloop
  endfacet
  facet normal 5.759305e-05 1.305262e-01 9.914449e-01
    outer loop
      vertex   -1.893070e+01 6.913071e+01 1.208658e+02
      vertex   -2.715537e+01 6.913113e+01 1.208662e+02
      vertex   -1.893071e+01 6.874248e+01 1.209169e+02
    endloop
  endfacet
  facet normal 5.759305e-05 1.305262e-01 9.914449e-01
    outer loop
      vertex   -1.893070e+01 6.913071e+01 1.208658e+02
      vertex   -1.893071e+01 6.874248e+01 1.209169e+02
      vertex   -1.070604e+01 6.874206e+01 1.209165e+02
    endloop
  endfacet
  facet normal 4.419270e-05 -1.305262e-01 9.914449e-01
    outer loop
      vertex   -1.070604e+01 6.874206e+01 1.209165e+02
      vertex   -1.893071e+01 6.874248e+01 1.209169e+02
      vertex   -1.070606e+01 6.835383e+01 1.208654e+02
    endloop
  endfacet
  facet normal 4.419270e-05 -1.305262e-01 9.914449e-01
    outer loop
      vertex   -1.070604e+01 6.874206e+01 1.209165e+02
      vertex   -1.070606e+01 6.835383e+01 1.208654e+02
      vertex   -2.481384e+00 6.835341e+01 1.208649e+02
    endloop
  endfacet
  facet normal 2.778070e-05 -3.826834e-01 9.238795e-01
    outer loop
      vertex   -2.481384e+00 6.835341e+01 1.208649e+02
      vertex   -1.070606e+01 6.835383e+01 1.208654e+02
      vertex   -2.481411e+00 6.799164e+01 1.207151e+02
    endloop
  endfacet
  facet normal 5.759305e-05 1.305262e-01 9.914449e-01
    outer loop
      vertex   -1.893071e+01 6.874248e+01 1.209169e+02
      vertex   -2.715537e+01 6.913113e+01 1.208662e+02
      vertex   -2.715539e+01 6.874290e+01 1.209173e+02
    endloop
  endfacet
  facet normal 5.759305e-05 1.305262e-01 9.914449e-01
    outer loop
      vertex   5.743315e+00 6.874121e+01 1.209156e+02
      vertex   -2.481345e+00 6.912986e+01 1.208649e+02
      vertex   -2.481362e+00 6.874164e+01 1.209160e+02
    endloop
  endfacet
  facet normal 5.759305e-05 1.305262e-01 9.914449e-01
    outer loop
      vertex   -2.481362e+00 6.874164e+01 1.209160e+02
      vertex   -2.481345e+00 6.912986e+01 1.208649e+02
      vertex   -1.070602e+01 6.913029e+01 1.208654e+02
    endloop
  endfacet
  facet normal 4.419270e-05 -1.305262e-01 9.914449e-01
    outer loop
      vertex   -6.827877e+01 6.874501e+01 1.209194e+02
      vertex   -7.650345e+01 6.874543e+01 1.209198e+02
      vertex   -6.827879e+01 6.835678e+01 1.208683e+02
    endloop
  endfacet
  facet normal 4.419270e-05 -1.305262e-01 9.914449e-01
    outer loop
      vertex   -6.827879e+01 6.835678e+01 1.208683e+02
      vertex   -7.650345e+01 6.874543e+01 1.209198e+02
      vertex   -7.650347e+01 6.835721e+01 1.208687e+02
    endloop
  endfacet
  facet normal 2.778070e-05 -3.826834e-01 9.238795e-01
    outer loop
      vertex   -6.827879e+01 6.835678e+01 1.208683e+02
      vertex   -7.650347e+01 6.835721e+01 1.208687e+02
      vertex   -6.827882e+01 6.799501e+01 1.207185e+02
    endloop
  endfacet
  facet normal 2.778070e-05 -3.826834e-01 9.238795e-01
    outer loop
      vertex   -6.827882e+01 6.799501e+01 1.207185e+02
      vertex   -7.650347e+01 6.835721e+01 1.208687e+02
      vertex   -7.650350e+01 6.799543e+01 1.207189e+02
    endloop
  endfacet
  facet normal 9.475478e-06 -6.087614e-01 7.933533e-01
    outer loop
      vertex   -6.827882e+01 6.799501e+01 1.207185e+02
      vertex   -7.650350e+01 6.799543e+01 1.207189e+02
      vertex   -9.295288e+01 6.768562e+01 1.204813e+02
    endloop
  endfacet
  facet normal 4.419270e-05 -1.305262e-01 9.914449e-01
    outer loop
      vertex   -5.182942e+01 6.874417e+01 1.209186e+02
      vertex   -4.360477e+01 6.835552e+01 1.208670e+02
      vertex   -4.360474e+01 6.874375e+01 1.209182e+02
    endloop
  endfacet
  facet normal 4.419270e-05 -1.305262e-01 9.914449e-01
    outer loop
      vertex   -4.360474e+01 6.874375e+01 1.209182e+02
      vertex   -4.360477e+01 6.835552e+01 1.208670e+02
      vertex   -3.538009e+01 6.835510e+01 1.208666e+02
    endloop
  endfacet
  facet normal 4.419270e-05 -1.305262e-01 9.914449e-01
    outer loop
      vertex   -4.360474e+01 6.874375e+01 1.209182e+02
      vertex   -3.538009e+01 6.835510e+01 1.208666e+02
      vertex   -3.538007e+01 6.874332e+01 1.209177e+02
    endloop
  endfacet
  facet normal 4.419270e-05 -1.305262e-01 9.914449e-01
    outer loop
      vertex   -3.538007e+01 6.874332e+01 1.209177e+02
      vertex   -3.538009e+01 6.835510e+01 1.208666e+02
      vertex   -2.715541e+01 6.835467e+01 1.208662e+02
    endloop
  endfacet
  facet normal 4.419270e-05 -1.305262e-01 9.914449e-01
    outer loop
      vertex   -1.070606e+01 6.835383e+01 1.208654e+02
      vertex   -1.893071e+01 6.874248e+01 1.209169e+02
      vertex   -1.893074e+01 6.835425e+01 1.208658e+02
    endloop
  endfacet
  facet normal 4.419270e-05 -1.305262e-01 9.914449e-01
    outer loop
      vertex   -1.893074e+01 6.835425e+01 1.208658e+02
      vertex   -1.893071e+01 6.874248e+01 1.209169e+02
      vertex   -2.715539e+01 6.874290e+01 1.209173e+02
    endloop
  endfacet
  facet normal 4.419270e-05 -1.305262e-01 9.914449e-01
    outer loop
      vertex   1.396797e+01 6.835256e+01 1.208641e+02
      vertex   5.743315e+00 6.874121e+01 1.209156e+02
      vertex   5.743292e+00 6.835298e+01 1.208645e+02
    endloop
  endfacet
  facet normal 4.419270e-05 -1.305262e-01 9.914449e-01
    outer loop
      vertex   5.743292e+00 6.835298e+01 1.208645e+02
      vertex   5.743315e+00 6.874121e+01 1.209156e+02
      vertex   -2.481362e+00 6.874164e+01 1.209160e+02
    endloop
  endfacet
  facet normal 4.419270e-05 -1.305262e-01 9.914449e-01
    outer loop
      vertex   -6.827877e+01 6.874501e+01 1.209194e+02
      vertex   -6.827879e+01 6.835678e+01 1.208683e+02
      vertex   -6.005412e+01 6.835636e+01 1.208679e+02
    endloop
  endfacet
  facet normal 2.778070e-05 -3.826834e-01 9.238795e-01
    outer loop
      vertex   -6.005412e+01 6.835636e+01 1.208679e+02
      vertex   -6.827879e+01 6.835678e+01 1.208683e+02
      vertex   -6.005414e+01 6.799459e+01 1.207180e+02
    endloop
  endfacet
  facet normal 2.778070e-05 -3.826834e-01 9.238795e-01
    outer loop
      vertex   -6.005412e+01 6.835636e+01 1.208679e+02
      vertex   -6.005414e+01 6.799459e+01 1.207180e+02
      vertex   -5.182947e+01 6.799417e+01 1.207176e+02
    endloop
  endfacet
  facet normal 9.475478e-06 -6.087614e-01 7.933533e-01
    outer loop
      vertex   -5.182947e+01 6.799417e+01 1.207176e+02
      vertex   -6.005414e+01 6.799459e+01 1.207180e+02
      vertex   -9.295288e+01 6.768562e+01 1.204813e+02
    endloop
  endfacet
  facet normal 2.778070e-05 -3.826834e-01 9.238795e-01
    outer loop
      vertex   -6.005414e+01 6.799459e+01 1.207180e+02
      vertex   -6.827879e+01 6.835678e+01 1.208683e+02
      vertex   -6.827882e+01 6.799501e+01 1.207185e+02
    endloop
  endfacet
  facet normal 2.778070e-05 -3.826834e-01 9.238795e-01
    outer loop
      vertex   -4.360477e+01 6.835552e+01 1.208670e+02
      vertex   -3.538012e+01 6.799332e+01 1.207168e+02
      vertex   -3.538009e+01 6.835510e+01 1.208666e+02
    endloop
  endfacet
  facet normal 2.778070e-05 -3.826834e-01 9.238795e-01
    outer loop
      vertex   -3.538009e+01 6.835510e+01 1.208666e+02
      vertex   -3.538012e+01 6.799332e+01 1.207168e+02
      vertex   -2.715544e+01 6.799290e+01 1.207163e+02
    endloop
  endfacet
  facet normal 2.778070e-05 -3.826834e-01 9.238795e-01
    outer loop
      vertex   -3.538009e+01 6.835510e+01 1.208666e+02
      vertex   -2.715544e+01 6.799290e+01 1.207163e+02
      vertex   -2.715541e+01 6.835467e+01 1.208662e+02
    endloop
  endfacet
  facet normal 2.778070e-05 -3.826834e-01 9.238795e-01
    outer loop
      vertex   -2.715541e+01 6.835467e+01 1.208662e+02
      vertex   -2.715544e+01 6.799290e+01 1.207163e+02
      vertex   -1.893076e+01 6.799248e+01 1.207159e+02
    endloop
  endfacet
  facet normal 2.778070e-05 -3.826834e-01 9.238795e-01
    outer loop
      vertex   -2.481411e+00 6.799164e+01 1.207151e+02
      vertex   -1.070606e+01 6.835383e+01 1.208654e+02
      vertex   -1.070609e+01 6.799206e+01 1.207155e+02
    endloop
  endfacet
  facet normal 2.778070e-05 -3.826834e-01 9.238795e-01
    outer loop
      vertex   -1.070609e+01 6.799206e+01 1.207155e+02
      vertex   -1.070606e+01 6.835383e+01 1.208654e+02
      vertex   -1.893074e+01 6.835425e+01 1.208658e+02
    endloop
  endfacet
  facet normal 2.778070e-05 -3.826834e-01 9.238795e-01
    outer loop
      vertex   2.219262e+01 6.799037e+01 1.207138e+02
      vertex   1.396797e+01 6.835256e+01 1.208641e+02
      vertex   1.396794e+01 6.799079e+01 1.207142e+02
    endloop
  endfacet
  facet normal 2.778070e-05 -3.826834e-01 9.238795e-01
    outer loop
      vertex   1.396794e+01 6.799079e+01 1.207142e+02
      vertex   1.396797e+01 6.835256e+01 1.208641e+02
      vertex   5.743292e+00 6.835298e+01 1.208645e+02
    endloop
  endfacet
  facet normal 9.475478e-06 -6.087614e-01 7.933533e-01
    outer loop
      vertex   -9.295288e+01 6.768562e+01 1.204813e+02
      vertex   -6.005414e+01 6.799459e+01 1.207180e+02
      vertex   -6.827882e+01 6.799501e+01 1.207185e+02
    endloop
  endfacet
  facet normal 9.475478e-06 -6.087614e-01 7.933533e-01
    outer loop
      vertex   3.041727e+01 6.767929e+01 1.204750e+02
      vertex   -1.893076e+01 6.799248e+01 1.207159e+02
      vertex   -2.715544e+01 6.799290e+01 1.207163e+02
    endloop
  endfacet
  facet normal 9.475478e-06 -6.087614e-01 7.933533e-01
    outer loop
      vertex   -2.715544e+01 6.799290e+01 1.207163e+02
      vertex   -3.538012e+01 6.799332e+01 1.207168e+02
      vertex   3.041727e+01 6.767929e+01 1.204750e+02
    endloop
  endfacet
  facet normal 7.259445e-05 7.071068e-01 7.071068e-01
    outer loop
      vertex   3.041727e+01 8.844175e+01 1.018339e+02
      vertex   -8.927498e+01 8.844790e+01 1.018400e+02
      vertex   3.041727e+01 6.980061e+01 1.204750e+02
    endloop
  endfacet
  facet normal 7.259445e-05 7.071068e-01 7.071068e-01
    outer loop
      vertex   3.041727e+01 6.980061e+01 1.204750e+02
      vertex   -8.927498e+01 8.844790e+01 1.018400e+02
      vertex   -9.257710e+01 6.980692e+01 1.204813e+02
    endloop
  endfacet
  facet normal -4.361939e-02 7.064338e-01 -7.064338e-01
    outer loop
      vertex   7.532979e+01 9.127119e+01 9.971356e+01
      vertex   7.532979e+01 7.678485e+01 8.522722e+01
      vertex   3.041727e+01 8.849803e+01 9.971356e+01
    endloop
  endfacet
  facet normal -4.361939e-02 7.064338e-01 -7.064338e-01
    outer loop
      vertex   3.041727e+01 8.849803e+01 9.971356e+01
      vertex   7.532979e+01 7.678485e+01 8.522722e+01
      vertex   3.041727e+01 7.401169e+01 8.522722e+01
    endloop
  endfacet
  facet normal -4.361939e-02 -7.064338e-01 7.064338e-01
    outer loop
      vertex   7.532979e+01 6.768030e+01 1.233045e+02
      vertex   3.041727e+01 6.768030e+01 1.205313e+02
      vertex   7.532979e+01 -1.170309e+01 4.392106e+01
    endloop
  endfacet
  facet normal -4.361939e-02 -7.064338e-01 7.064338e-01
    outer loop
      vertex   7.532979e+01 -1.170309e+01 4.392106e+01
      vertex   3.041727e+01 6.768030e+01 1.205313e+02
      vertex   3.041727e+01 -1.093385e+01 4.191713e+01
    endloop
  endfacet
  facet normal -4.361939e-02 -9.990482e-01 3.729379e-16
    outer loop
      vertex   3.041727e+01 -1.582500e+02 -3.645917e+00
      vertex   7.532979e+01 -1.602109e+02 -5.506764e+00
      vertex   3.041727e+01 -1.582500e+02 4.963765e+01
    endloop
  endfacet
  facet normal -4.361939e-02 -9.990482e-01 -1.547103e-16
    outer loop
      vertex   3.041727e+01 -1.582500e+02 4.963765e+01
      vertex   7.532979e+01 -1.602109e+02 -5.506764e+00
      vertex   7.532979e+01 -1.602109e+02 5.170403e+01
    endloop
  endfacet
  facet normal -4.361939e-02 9.976791e-01 -5.228614e-02
    outer loop
      vertex   7.532979e+01 9.177873e+00 -1.430552e+01
      vertex   3.041727e+01 7.322264e+00 -1.224466e+01
      vertex   7.532979e+01 9.260059e+00 -1.273732e+01
    endloop
  endfacet
  facet normal -4.361939e-02 9.976791e-01 -5.228614e-02
    outer loop
      vertex   7.532979e+01 9.260059e+00 -1.273732e+01
      vertex   3.041727e+01 7.322264e+00 -1.224466e+01
      vertex   3.041727e+01 7.341218e+00 -1.188300e+01
    endloop
  endfacet
  facet normal -1.736482e-01 5.154086e-02 9.834581e-01
    outer loop
      vertex   -8.723382e+01 -3.062822e+01 2.216751e+01
      vertex   -8.824753e+01 -4.020482e+01 2.249040e+01
      vertex   -6.825968e+01 -3.416375e+01 2.570304e+01
    endloop
  endfacet
  facet normal -1.736482e-01 5.154086e-02 9.834581e-01
    outer loop
      vertex   -6.825968e+01 -3.416375e+01 2.570304e+01
      vertex   -8.824753e+01 -4.020482e+01 2.249040e+01
      vertex   -4.491542e+01 -1.582109e+02 3.632595e+01
    endloop
  endfacet
  facet normal -1.736482e-01 5.154086e-02 9.834581e-01
    outer loop
      vertex   -6.825968e+01 -3.416375e+01 2.570304e+01
      vertex   -4.491542e+01 -1.582109e+02 3.632595e+01
      vertex   1.181741e+01 -2.072872e+01 3.913807e+01
    endloop
  endfacet
  facet normal -1.736482e-01 5.154086e-02 9.834581e-01
    outer loop
      vertex   1.181741e+01 -2.072872e+01 3.913807e+01
      vertex   -4.491542e+01 -1.582109e+02 3.632595e+01
      vertex   3.041727e+01 -1.582109e+02 4.962736e+01
    endloop
  endfacet
  facet normal -1.736482e-01 5.154086e-02 9.834581e-01
    outer loop
      vertex   1.181741e+01 -2.072872e+01 3.913807e+01
      vertex   3.041727e+01 -1.582109e+02 4.962736e+01
      vertex   1.940707e+01 -2.214294e+01 4.055228e+01
    endloop
  endfacet
  facet normal -1.736482e-01 5.154086e-02 9.834581e-01
    outer loop
      vertex   1.940707e+01 -2.214294e+01 4.055228e+01
      vertex   3.041727e+01 -1.582109e+02 4.962736e+01
      vertex   2.358744e+01 -2.144157e+01 4.125365e+01
    endloop
  endfacet
  facet normal -1.736482e-01 5.154086e-02 9.834581e-01
    outer loop
      vertex   2.358744e+01 -2.144157e+01 4.125365e+01
      vertex   3.041727e+01 -1.582109e+02 4.962736e+01
      vertex   3.041727e+01 -1.088917e+01 4.190656e+01
    endloop
  endfacet
  facet normal -1.736482e-01 5.154086e-02 9.834581e-01
    outer loop
      vertex   2.358744e+01 -2.144157e+01 4.125365e+01
      vertex   3.041727e+01 -1.088917e+01 4.190656e+01
      vertex   2.358744e+01 -1.203505e+01 4.076067e+01
    endloop
  endfacet
  facet normal -1.736482e-01 5.154086e-02 9.834581e-01
    outer loop
      vertex   -8.723382e+01 -3.062822e+01 2.216751e+01
      vertex   -8.824707e+01 -3.079822e+01 2.199751e+01
      vertex   -8.824753e+01 -4.020482e+01 2.249040e+01
    endloop
  endfacet
  facet normal -1.736482e-01 5.154086e-02 9.834581e-01
    outer loop
      vertex   -4.491542e+01 -1.582109e+02 3.632595e+01
      vertex   -8.824753e+01 -4.020482e+01 2.249040e+01
      vertex   -1.244389e+02 -1.100577e+02 1.976097e+01
    endloop
  endfacet
  facet normal -1.736482e-01 5.154086e-02 9.834581e-01
    outer loop
      vertex   -1.244389e+02 -1.100577e+02 1.976097e+01
      vertex   -8.824753e+01 -4.020482e+01 2.249040e+01
      vertex   -9.186029e+01 -4.081095e+01 2.188427e+01
    endloop
  endfacet
  facet normal -1.736482e-01 5.154086e-02 9.834581e-01
    outer loop
      vertex   -1.244389e+02 -1.100577e+02 1.976097e+01
      vertex   -9.186029e+01 -4.081095e+01 2.188427e+01
      vertex   -1.109789e+02 -3.407408e+01 1.815545e+01
    endloop
  endfacet
  facet normal -1.736482e-01 5.154086e-02 9.834581e-01
    outer loop
      vertex   -1.109789e+02 -3.407408e+01 1.815545e+01
      vertex   -9.186029e+01 -4.081095e+01 2.188427e+01
      vertex   -1.077608e+02 -3.407216e+01 1.872357e+01
    endloop
  endfacet
  facet normal -1.736482e-01 5.154086e-02 9.834581e-01
    outer loop
      vertex   -1.077608e+02 -3.407216e+01 1.872357e+01
      vertex   -9.186029e+01 -4.081095e+01 2.188427e+01
      vertex   -1.039844e+02 -3.343857e+01 1.935716e+01
    endloop
  endfacet
  facet normal 9.473903e-15 -1.000000e+00 3.722020e-29
    outer loop
      vertex   7.532979e+01 -1.580109e+02 4.941661e+01
      vertex   7.532979e+01 -1.580109e+02 -4.841134e+00
      vertex   9.032979e+01 -1.580109e+02 4.941661e+01
    endloop
  endfacet
  facet normal 9.473903e-15 -1.000000e+00 3.473885e-29
    outer loop
      vertex   9.032979e+01 -1.580109e+02 4.941661e+01
      vertex   7.532979e+01 -1.580109e+02 -4.841134e+00
      vertex   9.032979e+01 -1.580109e+02 -4.841134e+00
    endloop
  endfacet
  facet normal -5.024296e-16 -7.071068e-01 7.071068e-01
    outer loop
      vertex   9.032979e+01 -1.081071e+01 4.170217e+01
      vertex   9.032979e+01 6.873687e+01 1.212498e+02
      vertex   7.532979e+01 -1.081071e+01 4.170217e+01
    endloop
  endfacet
  facet normal -1.077935e-15 -7.071068e-01 7.071068e-01
    outer loop
      vertex   7.532979e+01 -1.081071e+01 4.170217e+01
      vertex   9.032979e+01 6.873687e+01 1.212498e+02
      vertex   7.532979e+01 6.873764e+01 1.212505e+02
    endloop
  endfacet
  facet normal 8.478477e-15 -5.233596e-02 -9.986295e-01
    outer loop
      vertex   7.532979e+01 -1.580109e+02 -4.841134e+00
      vertex   7.532979e+01 7.084840e+00 -1.349344e+01
      vertex   9.032979e+01 -1.580109e+02 -4.841134e+00
    endloop
  endfacet
  facet normal 7.975863e-15 -5.233596e-02 -9.986295e-01
    outer loop
      vertex   9.032979e+01 -1.580109e+02 -4.841134e+00
      vertex   7.532979e+01 7.084840e+00 -1.349344e+01
      vertex   9.032979e+01 7.107254e+00 -1.349461e+01
    endloop
  endfacet
  facet normal 7.259445e-05 7.071068e-01 7.071068e-01
    outer loop
      vertex   7.532979e+01 8.921726e+01 1.007709e+02
      vertex   7.532979e+01 6.873764e+01 1.212505e+02
      vertex   9.032979e+01 8.921649e+01 1.007701e+02
    endloop
  endfacet
  facet normal 7.259445e-05 7.071068e-01 7.071068e-01
    outer loop
      vertex   9.032979e+01 8.921649e+01 1.007701e+02
      vertex   7.532979e+01 6.873764e+01 1.212505e+02
      vertex   9.032979e+01 6.873687e+01 1.212498e+02
    endloop
  endfacet
  facet normal -1.496299e-03 9.986284e-01 -5.233590e-02
    outer loop
      vertex   7.532979e+01 7.084840e+00 -1.349344e+01
      vertex   7.532979e+01 7.178800e+00 -1.170057e+01
      vertex   9.032979e+01 7.107254e+00 -1.349461e+01
    endloop
  endfacet
  facet normal -1.496299e-03 9.986284e-01 -5.233590e-02
    outer loop
      vertex   9.032979e+01 7.107254e+00 -1.349461e+01
      vertex   7.532979e+01 7.178800e+00 -1.170057e+01
      vertex   9.032979e+01 7.202518e+00 -1.167685e+01
    endloop
  endfacet
  facet normal 1.937898e-18 7.071068e-01 -7.071068e-01
    outer loop
      vertex   7.532979e+01 7.368835e+01 8.524199e+01
      vertex   7.532979e+01 8.921726e+01 1.007709e+02
      vertex   9.032979e+01 7.369328e+01 8.524691e+01
    endloop
  endfacet
  facet normal 6.041715e-16 7.071068e-01 -7.071068e-01
    outer loop
      vertex   9.032979e+01 7.369328e+01 8.524691e+01
      vertex   7.532979e+01 8.921726e+01 1.007709e+02
      vertex   9.032979e+01 8.921649e+01 1.007701e+02
    endloop
  endfacet
  facet normal -1.024731e-11 7.071068e-01 -7.071068e-01
    outer loop
      vertex   7.532979e+01 8.890486e+01 7.002549e+01
      vertex   9.032979e+01 8.890978e+01 7.003041e+01
      vertex   7.532979e+01 7.178800e+00 -1.170057e+01
    endloop
  endfacet
  facet normal -1.024714e-11 7.071068e-01 -7.071068e-01
    outer loop
      vertex   7.532979e+01 7.178800e+00 -1.170057e+01
      vertex   9.032979e+01 8.890978e+01 7.003041e+01
      vertex   9.032979e+01 7.202518e+00 -1.167685e+01
    endloop
  endfacet
  facet normal -4.642684e-04 7.071067e-01 7.071067e-01
    outer loop
      vertex   7.532979e+01 7.368835e+01 8.524199e+01
      vertex   9.032979e+01 7.369328e+01 8.524691e+01
      vertex   7.532979e+01 8.890486e+01 7.002549e+01
    endloop
  endfacet
  facet normal -4.642684e-04 7.071067e-01 7.071067e-01
    outer loop
      vertex   7.532979e+01 8.890486e+01 7.002549e+01
      vertex   9.032979e+01 7.369328e+01 8.524691e+01
      vertex   9.032979e+01 8.890978e+01 7.003041e+01
    endloop
  endfacet
  facet normal 5.394819e-05 5.233595e-02 9.986295e-01
    outer loop
      vertex   -1.027207e+02 -1.202857e+01 4.076716e+01
      vertex   -9.059675e+01 -2.143571e+01 4.125951e+01
      vertex   2.358744e+01 -1.203505e+01 4.076067e+01
    endloop
  endfacet
  facet normal 5.394819e-05 5.233595e-02 9.986295e-01
    outer loop
      vertex   2.358744e+01 -1.203505e+01 4.076067e+01
      vertex   -9.059675e+01 -2.143571e+01 4.125951e+01
      vertex   2.358744e+01 -2.144157e+01 4.125365e+01
    endloop
  endfacet
  facet normal 1.000000e+00 -5.133203e-05 -5.133203e-05
    outer loop
      vertex   -8.824568e+01 -2.214294e+01 4.055228e+01
      vertex   -8.824619e+01 -2.214294e+01 3.065279e+01
      vertex   -8.824568e+01 -1.577898e+01 3.418832e+01
    endloop
  endfacet
  facet normal 1.000000e+00 -5.133203e-05 -5.133203e-05
    outer loop
      vertex   -8.824568e+01 -1.577898e+01 3.418832e+01
      vertex   -8.824619e+01 -2.214294e+01 3.065279e+01
      vertex   -8.824574e+01 -1.643584e+01 3.353146e+01
    endloop
  endfacet
  facet normal 1.000000e+00 -5.133203e-05 -5.133203e-05
    outer loop
      vertex   -8.824568e+01 -1.577898e+01 3.418832e+01
      vertex   -8.824574e+01 -1.643584e+01 3.353146e+01
      vertex   -8.824568e+01 -1.514466e+01 3.355400e+01
    endloop
  endfacet
  facet normal 1.000000e+00 -5.133203e-05 -5.133203e-05
    outer loop
      vertex   -8.824568e+01 -2.214294e+01 4.055228e+01
      vertex   -8.824753e+01 -4.020482e+01 2.249040e+01
      vertex   -8.824619e+01 -2.214294e+01 3.065279e+01
    endloop
  endfacet
  facet normal 1.000000e+00 -5.133203e-05 -5.133203e-05
    outer loop
      vertex   -8.824619e+01 -2.214294e+01 3.065279e+01
      vertex   -8.824753e+01 -4.020482e+01 2.249040e+01
      vertex   -8.824707e+01 -3.079822e+01 2.199751e+01
    endloop
  endfacet
  facet normal 1.000000e+00 -5.133203e-05 -5.133203e-05
    outer loop
      vertex   -8.824619e+01 -2.214294e+01 3.065279e+01
      vertex   -8.824619e+01 -2.072872e+01 2.923857e+01
      vertex   -8.824574e+01 -1.643584e+01 3.353146e+01
    endloop
  endfacet
  facet normal 1.000000e+00 -7.536444e-15 2.512148e-15
    outer loop
      vertex   -8.824567e+01 -2.072872e+01 2.923857e+01
      vertex   -8.824567e+01 -2.214294e+01 3.065279e+01
      vertex   -8.824567e+01 -2.921401e+01 2.075329e+01
    endloop
  endfacet
  facet normal 1.000000e+00 -1.674765e-15 -1.674765e-15
    outer loop
      vertex   -8.824567e+01 -2.921401e+01 2.075329e+01
      vertex   -8.824567e+01 -2.214294e+01 3.065279e+01
      vertex   -8.824567e+01 -3.062822e+01 2.216751e+01
    endloop
  endfacet
  facet normal 1.024739e-11 -7.071068e-01 7.071068e-01
    outer loop
      vertex   9.032979e+01 5.346271e+00 -1.098752e+01
      vertex   9.032979e+01 8.636420e+01 7.003041e+01
      vertex   3.032979e+01 5.346271e+00 -1.098752e+01
    endloop
  endfacet
  facet normal 1.024741e-11 -7.071068e-01 7.071068e-01
    outer loop
      vertex   3.032979e+01 5.346271e+00 -1.098752e+01
      vertex   9.032979e+01 8.636420e+01 7.003041e+01
      vertex   -8.762331e+01 8.630578e+01 6.997199e+01
    endloop
  endfacet
  facet normal 1.024739e-11 -7.071068e-01 7.071068e-01
    outer loop
      vertex   3.032979e+01 5.346271e+00 -1.098752e+01
      vertex   -8.762331e+01 8.630578e+01 6.997199e+01
      vertex   -1.020018e+02 5.137026e+00 -1.119676e+01
    endloop
  endfacet
  facet normal -1.391731e-01 -7.002253e-01 -7.002253e-01
    outer loop
      vertex   -9.029939e+01 7.119887e+01 8.529809e+01
      vertex   -9.001865e+01 7.278369e+01 8.365747e+01
      vertex   -9.001865e+01 7.117097e+01 8.527019e+01
    endloop
  endfacet
  facet normal -1.391731e-01 -7.002253e-01 -7.002253e-01
    outer loop
      vertex   -9.066821e+01 6.911685e+01 1.190841e+02
      vertex   -8.754628e+01 8.674064e+01 1.008399e+02
      vertex   -8.693616e+01 6.874597e+01 1.187133e+02
    endloop
  endfacet
  facet normal -1.391731e-01 -7.002253e-01 -7.002253e-01
    outer loop
      vertex   -8.693616e+01 6.874597e+01 1.187133e+02
      vertex   -8.754628e+01 8.674064e+01 1.008399e+02
      vertex   -8.693616e+01 8.668001e+01 1.007792e+02
    endloop
  endfacet
  facet normal -1.214086e-01 -7.018760e-01 -7.018761e-01
    outer loop
      vertex   -8.906858e+01 7.814699e+01 7.812982e+01
      vertex   -8.906858e+01 7.108880e+01 8.518802e+01
      vertex   -9.001865e+01 7.278369e+01 8.365747e+01
    endloop
  endfacet
  facet normal -1.214086e-01 -7.018760e-01 -7.018761e-01
    outer loop
      vertex   -9.001865e+01 7.278369e+01 8.365747e+01
      vertex   -8.906858e+01 7.108880e+01 8.518802e+01
      vertex   -9.001865e+01 7.117097e+01 8.527019e+01
    endloop
  endfacet
  facet normal 1.012201e-08 -7.071067e-01 7.071068e-01
    outer loop
      vertex   -9.001865e+01 7.117097e+01 8.527019e+01
      vertex   -8.906858e+01 7.108880e+01 8.518802e+01
      vertex   -9.029939e+01 7.119887e+01 8.529809e+01
    endloop
  endfacet
  facet normal 6.014067e-10 -7.071068e-01 7.071068e-01
    outer loop
      vertex   -9.029939e+01 7.119887e+01 8.529809e+01
      vertex   -8.906858e+01 7.108880e+01 8.518802e+01
      vertex   3.032979e+01 8.667399e+01 1.007732e+02
    endloop
  endfacet
  facet normal 4.051693e-15 -7.071068e-01 7.071068e-01
    outer loop
      vertex   -9.029939e+01 7.119887e+01 8.529809e+01
      vertex   3.032979e+01 8.667399e+01 1.007732e+02
      vertex   -8.693616e+01 8.668001e+01 1.007792e+02
    endloop
  endfacet
  facet normal 1.571035e-15 -7.071068e-01 7.071068e-01
    outer loop
      vertex   -8.906858e+01 7.108880e+01 8.518802e+01
      vertex   9.032979e+01 7.114769e+01 8.524691e+01
      vertex   3.032979e+01 8.667399e+01 1.007732e+02
    endloop
  endfacet
  facet normal 4.856819e-15 -7.071068e-01 7.071068e-01
    outer loop
      vertex   3.032979e+01 8.667399e+01 1.007732e+02
      vertex   9.032979e+01 7.114769e+01 8.524691e+01
      vertex   9.032979e+01 8.667399e+01 1.007732e+02
    endloop
  endfacet
  facet normal 7.886665e-12 -7.071068e-01 7.071068e-01
    outer loop
      vertex   -8.693616e+01 8.668001e+01 1.007792e+02
      vertex   -8.754628e+01 8.674064e+01 1.008399e+02
      vertex   -9.029939e+01 7.119887e+01 8.529809e+01
    endloop
  endfacet
  facet normal -5.086386e-01 -8.591740e-01 -5.573841e-02
    outer loop
      vertex   -4.186307e+01 -1.573389e+02 -4.969695e+00
      vertex   -4.146366e+01 -1.575846e+02 -4.826750e+00
      vertex   -4.277637e+01 -1.567894e+02 -5.105424e+00
    endloop
  endfacet
  facet normal -5.086386e-01 -8.591740e-01 -5.573841e-02
    outer loop
      vertex   -4.277637e+01 -1.567894e+02 -5.105424e+00
      vertex   -4.146366e+01 -1.575846e+02 -4.826750e+00
      vertex   -4.112206e+01 -1.577990e+02 -4.640012e+00
    endloop
  endfacet
  facet normal -5.086386e-01 -8.591740e-01 -5.573841e-02
    outer loop
      vertex   -4.277637e+01 -1.567894e+02 -5.105424e+00
      vertex   -4.112206e+01 -1.577990e+02 -4.640012e+00
      vertex   -4.085054e+01 -1.579743e+02 -4.416187e+00
    endloop
  endfacet
  facet normal -5.086386e-01 -8.591740e-01 -5.573841e-02
    outer loop
      vertex   -4.085054e+01 -1.579743e+02 -4.416187e+00
      vertex   -4.065884e+01 -1.581041e+02 -4.163316e+00
      vertex   -4.277637e+01 -1.567894e+02 -5.105424e+00
    endloop
  endfacet
  facet normal -5.086386e-01 -8.591740e-01 -5.573841e-02
    outer loop
      vertex   -4.277637e+01 -1.567894e+02 -5.105424e+00
      vertex   -4.065884e+01 -1.581041e+02 -4.163316e+00
      vertex   -4.059521e+01 -1.581505e+02 -4.028794e+00
    endloop
  endfacet
  facet normal -5.086386e-01 -8.591740e-01 -5.573841e-02
    outer loop
      vertex   -4.277637e+01 -1.567894e+02 -5.105424e+00
      vertex   -4.059521e+01 -1.581505e+02 -4.028794e+00
      vertex   -4.055387e+01 -1.581840e+02 -3.890480e+00
    endloop
  endfacet
  facet normal -5.086386e-01 -8.591740e-01 -5.573841e-02
    outer loop
      vertex   -4.055387e+01 -1.581840e+02 -3.890480e+00
      vertex   -4.053520e+01 -1.582042e+02 -3.749620e+00
      vertex   -4.277637e+01 -1.567894e+02 -5.105424e+00
    endloop
  endfacet
  facet normal -5.086386e-01 -8.591740e-01 -5.573841e-02
    outer loop
      vertex   -4.277637e+01 -1.567894e+02 -5.105424e+00
      vertex   -4.053520e+01 -1.582042e+02 -3.749620e+00
      vertex   -4.053938e+01 -1.582109e+02 -3.607480e+00
    endloop
  endfacet
  facet normal -5.086386e-01 -8.591740e-01 -5.573841e-02
    outer loop
      vertex   -4.277637e+01 -1.567894e+02 -5.105424e+00
      vertex   -4.053938e+01 -1.582109e+02 -3.607480e+00
      vertex   -1.241539e+02 -1.084489e+02 -7.638845e+00
    endloop
  endfacet
  facet normal -5.086386e-01 -8.591740e-01 -5.573841e-02
    outer loop
      vertex   -1.241539e+02 -1.084489e+02 -7.638845e+00
      vertex   -4.053938e+01 -1.582109e+02 -3.607480e+00
      vertex   -1.244389e+02 -1.100577e+02 1.976097e+01
    endloop
  endfacet
  facet normal -5.086386e-01 -8.591740e-01 -5.573841e-02
    outer loop
      vertex   -1.244389e+02 -1.100577e+02 1.976097e+01
      vertex   -4.053938e+01 -1.582109e+02 -3.607480e+00
      vertex   -4.491542e+01 -1.582109e+02 3.632595e+01
    endloop
  endfacet
  facet normal -6.898755e-03 -9.990747e-01 4.245066e-02
    outer loop
      vertex   -1.109789e+02 -3.407408e+01 1.815545e+01
      vertex   -1.077608e+02 -3.407216e+01 1.872357e+01
      vertex   -1.109745e+02 -3.404898e+01 1.874674e+01
    endloop
  endfacet
  facet normal -1.496299e-03 9.986284e-01 -5.233590e-02
    outer loop
      vertex   -1.036878e+02 7.085106e+00 -1.219167e+01
      vertex   -1.036867e+02 7.091443e+00 -1.207077e+01
      vertex   3.041727e+01 7.285492e+00 -1.220217e+01
    endloop
  endfacet
  facet normal -1.496299e-03 9.986284e-01 -5.233590e-02
    outer loop
      vertex   3.041727e+01 7.285492e+00 -1.220217e+01
      vertex   -1.036867e+02 7.091443e+00 -1.207077e+01
      vertex   3.041727e+01 7.303491e+00 -1.185872e+01
    endloop
  endfacet
  facet normal -4.443348e-15 5.233596e-02 9.986295e-01
    outer loop
      vertex   7.532979e+01 -1.081071e+01 4.170217e+01
      vertex   7.532979e+01 -1.580109e+02 4.941661e+01
      vertex   9.032979e+01 -1.081071e+01 4.170217e+01
    endloop
  endfacet
  facet normal -3.804929e-15 5.233596e-02 9.986295e-01
    outer loop
      vertex   9.032979e+01 -1.081071e+01 4.170217e+01
      vertex   7.532979e+01 -1.580109e+02 4.941661e+01
      vertex   9.032979e+01 -1.580109e+02 4.941661e+01
    endloop
  endfacet
  facet normal 1.115571e-14 -9.986295e-01 5.233596e-02
    outer loop
      vertex   3.032979e+01 5.346271e+00 -1.098752e+01
      vertex   3.032979e+01 5.314268e+00 -1.159817e+01
      vertex   9.032979e+01 5.346271e+00 -1.098752e+01
    endloop
  endfacet
  facet normal 1.116170e-14 -9.986295e-01 5.233596e-02
    outer loop
      vertex   9.032979e+01 5.346271e+00 -1.098752e+01
      vertex   3.032979e+01 5.314268e+00 -1.159817e+01
      vertex   9.032979e+01 5.314268e+00 -1.159817e+01
    endloop
  endfacet
  facet normal 1.038354e-14 -7.071068e-01 -7.071068e-01
    outer loop
      vertex   3.032979e+01 6.873995e+01 1.187072e+02
      vertex   3.032979e+01 8.667399e+01 1.007732e+02
      vertex   9.032979e+01 6.873995e+01 1.187072e+02
    endloop
  endfacet
  facet normal 9.898781e-15 -7.071068e-01 -7.071068e-01
    outer loop
      vertex   9.032979e+01 6.873995e+01 1.187072e+02
      vertex   3.032979e+01 8.667399e+01 1.007732e+02
      vertex   9.032979e+01 8.667399e+01 1.007732e+02
    endloop
  endfacet
  facet normal 1.000000e+00 1.210524e-14 1.934486e-14
    outer loop
      vertex   9.032979e+01 -1.562109e+02 4.747346e+01
      vertex   9.032979e+01 -1.014864e+01 3.981866e+01
      vertex   9.032979e+01 -1.081071e+01 4.170217e+01
    endloop
  endfacet
  facet normal 1.000000e+00 -1.023075e-16 1.505378e-14
    outer loop
      vertex   9.032979e+01 -1.081071e+01 4.170217e+01
      vertex   9.032979e+01 -1.014864e+01 3.981866e+01
      vertex   9.032979e+01 6.873995e+01 1.187072e+02
    endloop
  endfacet
  facet normal 1.000000e+00 -1.797191e-14 3.351411e-14
    outer loop
      vertex   9.032979e+01 -1.081071e+01 4.170217e+01
      vertex   9.032979e+01 6.873995e+01 1.187072e+02
      vertex   9.032979e+01 6.873687e+01 1.212498e+02
    endloop
  endfacet
  facet normal 1.000000e+00 4.052399e-14 3.358497e-14
    outer loop
      vertex   9.032979e+01 6.873687e+01 1.212498e+02
      vertex   9.032979e+01 6.873995e+01 1.187072e+02
      vertex   9.032979e+01 8.921649e+01 1.007701e+02
    endloop
  endfacet
  facet normal 1.000000e+00 2.237284e-14 1.286409e-14
    outer loop
      vertex   9.032979e+01 8.921649e+01 1.007701e+02
      vertex   9.032979e+01 6.873995e+01 1.187072e+02
      vertex   9.032979e+01 8.667399e+01 1.007732e+02
    endloop
  endfacet
  facet normal 1.000000e+00 2.234903e-14 -6.786246e-15
    outer loop
      vertex   9.032979e+01 8.921649e+01 1.007701e+02
      vertex   9.032979e+01 8.667399e+01 1.007732e+02
      vertex   9.032979e+01 7.369328e+01 8.524691e+01
    endloop
  endfacet
  facet normal 1.000000e+00 2.791275e-14 -1.143778e-14
    outer loop
      vertex   9.032979e+01 7.369328e+01 8.524691e+01
      vertex   9.032979e+01 8.667399e+01 1.007732e+02
      vertex   9.032979e+01 7.114769e+01 8.524691e+01
    endloop
  endfacet
  facet normal 1.000000e+00 2.791275e-14 1.857365e-14
    outer loop
      vertex   9.032979e+01 7.369328e+01 8.524691e+01
      vertex   9.032979e+01 7.114769e+01 8.524691e+01
      vertex   9.032979e+01 8.636420e+01 7.003041e+01
    endloop
  endfacet
  facet normal 1.000000e+00 2.092756e-14 -5.492018e-15
    outer loop
      vertex   9.032979e+01 5.346271e+00 -1.098752e+01
      vertex   9.032979e+01 7.202518e+00 -1.167685e+01
      vertex   9.032979e+01 8.636420e+01 7.003041e+01
    endloop
  endfacet
  facet normal 1.000000e+00 1.674765e-14 -1.442339e-15
    outer loop
      vertex   9.032979e+01 8.636420e+01 7.003041e+01
      vertex   9.032979e+01 7.202518e+00 -1.167685e+01
      vertex   9.032979e+01 8.890978e+01 7.003041e+01
    endloop
  endfacet
  facet normal 1.000000e+00 1.674765e-14 9.276366e-15
    outer loop
      vertex   9.032979e+01 8.636420e+01 7.003041e+01
      vertex   9.032979e+01 8.890978e+01 7.003041e+01
      vertex   9.032979e+01 7.369328e+01 8.524691e+01
    endloop
  endfacet
  facet normal 1.000000e+00 2.252862e-14 -1.180675e-15
    outer loop
      vertex   9.032979e+01 5.346271e+00 -1.098752e+01
      vertex   9.032979e+01 5.314268e+00 -1.159817e+01
      vertex   9.032979e+01 7.202518e+00 -1.167685e+01
    endloop
  endfacet
  facet normal 1.000000e+00 2.285367e-14 6.620090e-15
    outer loop
      vertex   9.032979e+01 7.202518e+00 -1.167685e+01
      vertex   9.032979e+01 5.314268e+00 -1.159817e+01
      vertex   9.032979e+01 7.107254e+00 -1.349461e+01
    endloop
  endfacet
  facet normal 1.000000e+00 1.085476e-14 -4.724268e-15
    outer loop
      vertex   9.032979e+01 7.107254e+00 -1.349461e+01
      vertex   9.032979e+01 5.314268e+00 -1.159817e+01
      vertex   9.032979e+01 -1.580109e+02 -4.841134e+00
    endloop
  endfacet
  facet normal 1.000000e+00 9.928961e-15 -2.710196e-14
    outer loop
      vertex   9.032979e+01 -1.580109e+02 -4.841134e+00
      vertex   9.032979e+01 5.314268e+00 -1.159817e+01
      vertex   9.032979e+01 -1.562109e+02 -3.132997e+00
    endloop
  endfacet
  facet normal 1.000000e+00 -2.005352e-14 4.492978e-15
    outer loop
      vertex   9.032979e+01 -1.580109e+02 -4.841134e+00
      vertex   9.032979e+01 -1.562109e+02 -3.132997e+00
      vertex   9.032979e+01 -1.562109e+02 4.747346e+01
    endloop
  endfacet
  facet normal 1.000000e+00 1.177016e-14 1.090308e-14
    outer loop
      vertex   9.032979e+01 -1.081071e+01 4.170217e+01
      vertex   9.032979e+01 -1.580109e+02 4.941661e+01
      vertex   9.032979e+01 -1.562109e+02 4.747346e+01
    endloop
  endfacet
  facet normal 1.000000e+00 3.958401e-15 3.666794e-15
    outer loop
      vertex   9.032979e+01 -1.562109e+02 4.747346e+01
      vertex   9.032979e+01 -1.580109e+02 4.941661e+01
      vertex   9.032979e+01 -1.580109e+02 -4.841134e+00
    endloop
  endfacet
  facet normal 4.642684e-04 -7.071067e-01 -7.071067e-01
    outer loop
      vertex   -8.762331e+01 8.630578e+01 6.997199e+01
      vertex   9.032979e+01 8.636420e+01 7.003041e+01
      vertex   -8.906858e+01 7.814699e+01 7.812982e+01
    endloop
  endfacet
  facet normal 4.642684e-04 -7.071067e-01 -7.071067e-01
    outer loop
      vertex   -8.906858e+01 7.814699e+01 7.812982e+01
      vertex   9.032979e+01 8.636420e+01 7.003041e+01
      vertex   9.032979e+01 7.114769e+01 8.524691e+01
    endloop
  endfacet
  facet normal 4.642684e-04 -7.071067e-01 -7.071067e-01
    outer loop
      vertex   -8.906858e+01 7.814699e+01 7.812982e+01
      vertex   9.032979e+01 7.114769e+01 8.524691e+01
      vertex   -8.906858e+01 7.108880e+01 8.518802e+01
    endloop
  endfacet
  facet normal -9.592544e-15 1.000000e+00 1.225162e-15
    outer loop
      vertex   -4.003763e+01 -1.562109e+02 -3.132997e+00
      vertex   -4.414230e+01 -1.562109e+02 3.432400e+01
      vertex   9.032979e+01 -1.562109e+02 -3.132997e+00
    endloop
  endfacet
  facet normal -9.459854e-15 1.000000e+00 1.701523e-15
    outer loop
      vertex   9.032979e+01 -1.562109e+02 -3.132997e+00
      vertex   -4.414230e+01 -1.562109e+02 3.432400e+01
      vertex   3.032979e+01 -1.562109e+02 4.747346e+01
    endloop
  endfacet
  facet normal -1.136868e-14 1.000000e+00 -5.616222e-16
    outer loop
      vertex   9.032979e+01 -1.562109e+02 -3.132997e+00
      vertex   3.032979e+01 -1.562109e+02 4.747346e+01
      vertex   9.032979e+01 -1.562109e+02 4.747346e+01
    endloop
  endfacet
  facet normal 4.852405e-15 -5.233596e-02 -9.986295e-01
    outer loop
      vertex   3.032979e+01 -1.562109e+02 4.747346e+01
      vertex   3.032979e+01 -1.014864e+01 3.981866e+01
      vertex   9.032979e+01 -1.562109e+02 4.747346e+01
    endloop
  endfacet
  facet normal 4.611851e-15 -5.233596e-02 -9.986295e-01
    outer loop
      vertex   9.032979e+01 -1.562109e+02 4.747346e+01
      vertex   3.032979e+01 -1.014864e+01 3.981866e+01
      vertex   9.032979e+01 -1.014864e+01 3.981866e+01
    endloop
  endfacet
  facet normal 1.496299e-03 -9.986284e-01 5.233590e-02
    outer loop
      vertex   3.032979e+01 5.346271e+00 -1.098752e+01
      vertex   -1.020018e+02 5.137026e+00 -1.119676e+01
      vertex   3.032979e+01 5.314268e+00 -1.159817e+01
    endloop
  endfacet
  facet normal 1.496299e-03 -9.986284e-01 5.233590e-02
    outer loop
      vertex   3.032979e+01 5.314268e+00 -1.159817e+01
      vertex   -1.020018e+02 5.137026e+00 -1.119676e+01
      vertex   -1.020054e+02 5.116526e+00 -1.158781e+01
    endloop
  endfacet
  facet normal -8.434581e-15 5.233596e-02 9.986295e-01
    outer loop
      vertex   -1.020054e+02 5.116526e+00 -1.158781e+01
      vertex   -1.219627e+02 -1.075451e+02 -5.683464e+00
      vertex   3.032979e+01 5.314268e+00 -1.159817e+01
    endloop
  endfacet
  facet normal -8.417309e-15 5.233596e-02 9.986295e-01
    outer loop
      vertex   3.032979e+01 5.314268e+00 -1.159817e+01
      vertex   -1.219627e+02 -1.075451e+02 -5.683464e+00
      vertex   -4.003763e+01 -1.562109e+02 -3.132997e+00
    endloop
  endfacet
  facet normal -6.523649e-15 5.233596e-02 9.986295e-01
    outer loop
      vertex   3.032979e+01 5.314268e+00 -1.159817e+01
      vertex   -4.003763e+01 -1.562109e+02 -3.132997e+00
      vertex   9.032979e+01 -1.562109e+02 -3.132997e+00
    endloop
  endfacet
  facet normal -3.936066e-15 5.233596e-02 9.986295e-01
    outer loop
      vertex   9.032979e+01 -1.562109e+02 -3.132997e+00
      vertex   9.032979e+01 5.314268e+00 -1.159817e+01
      vertex   3.032979e+01 5.314268e+00 -1.159817e+01
    endloop
  endfacet
  facet normal 5.086386e-01 8.591740e-01 5.573841e-02
    outer loop
      vertex   -4.003763e+01 -1.562109e+02 -3.132997e+00
      vertex   -1.219627e+02 -1.075451e+02 -5.683464e+00
      vertex   -4.414230e+01 -1.562109e+02 3.432400e+01
    endloop
  endfacet
  facet normal 5.086386e-01 8.591740e-01 5.573841e-02
    outer loop
      vertex   -4.414230e+01 -1.562109e+02 3.432400e+01
      vertex   -1.219627e+02 -1.075451e+02 -5.683464e+00
      vertex   -1.222096e+02 -1.089394e+02 1.806234e+01
    endloop
  endfacet
  facet normal -7.259445e-05 -7.071068e-01 -7.071068e-01
    outer loop
      vertex   -8.693616e+01 6.874597e+01 1.187133e+02
      vertex   -8.693616e+01 8.668001e+01 1.007792e+02
      vertex   3.032979e+01 6.873995e+01 1.187072e+02
    endloop
  endfacet
  facet normal -7.259445e-05 -7.071068e-01 -7.071068e-01
    outer loop
      vertex   3.032979e+01 6.873995e+01 1.187072e+02
      vertex   -8.693616e+01 8.668001e+01 1.007792e+02
      vertex   3.032979e+01 8.667399e+01 1.007732e+02
    endloop
  endfacet
endsolid
