solid ASCII
  facet normal 9.060840e-02 6.891113e-01 7.189685e-01
    outer loop
      vertex   3.005334e+01 7.815791e+01 9.877585e+01
      vertex   3.005506e+01 7.671393e+01 1.001597e+02
      vertex   3.037832e+01 7.813766e+01 9.875431e+01
    endloop
  endfacet
  facet normal 9.060840e-02 6.891113e-01 7.189685e-01
    outer loop
      vertex   3.037832e+01 7.813766e+01 9.875431e+01
      vertex   3.005506e+01 7.671393e+01 1.001597e+02
      vertex   3.038003e+01 7.669367e+01 1.001381e+02
    endloop
  endfacet
  facet normal -1.702912e-01 6.816901e-01 7.115473e-01
    outer loop
      vertex   3.037832e+01 7.813766e+01 9.875431e+01
      vertex   3.038003e+01 7.669367e+01 1.001381e+02
      vertex   3.069987e+01 7.817630e+01 9.879424e+01
    endloop
  endfacet
  facet normal -1.702912e-01 6.816901e-01 7.115473e-01
    outer loop
      vertex   3.069987e+01 7.817630e+01 9.879424e+01
      vertex   3.038003e+01 7.669367e+01 1.001381e+02
      vertex   3.070158e+01 7.673232e+01 1.001780e+02
    endloop
  endfacet
  facet normal -4.195734e-01 6.277944e-01 6.556161e-01
    outer loop
      vertex   3.069987e+01 7.817630e+01 9.879424e+01
      vertex   3.070158e+01 7.673232e+01 1.001780e+02
      vertex   3.099608e+01 7.827122e+01 9.889292e+01
    endloop
  endfacet
  facet normal -4.195734e-01 6.277944e-01 6.556161e-01
    outer loop
      vertex   3.099608e+01 7.827122e+01 9.889292e+01
      vertex   3.070158e+01 7.673232e+01 1.001780e+02
      vertex   3.099779e+01 7.682724e+01 1.002767e+02
    endloop
  endfacet
  facet normal -6.402348e-01 5.311085e-01 5.549983e-01
    outer loop
      vertex   3.099608e+01 7.827122e+01 9.889292e+01
      vertex   3.099779e+01 7.682724e+01 1.002767e+02
      vertex   3.124677e+01 7.841594e+01 9.904362e+01
    endloop
  endfacet
  facet normal -6.402348e-01 5.311085e-01 5.549983e-01
    outer loop
      vertex   3.124677e+01 7.841594e+01 9.904362e+01
      vertex   3.099779e+01 7.682724e+01 1.002767e+02
      vertex   3.124848e+01 7.697195e+01 1.004274e+02
    endloop
  endfacet
  facet normal -8.172386e-01 3.982371e-01 4.165673e-01
    outer loop
      vertex   3.124677e+01 7.841594e+01 9.904362e+01
      vertex   3.124848e+01 7.697195e+01 1.004274e+02
      vertex   3.143485e+01 7.860059e+01 9.923608e+01
    endloop
  endfacet
  facet normal -8.172386e-01 3.982371e-01 4.165673e-01
    outer loop
      vertex   3.143485e+01 7.860059e+01 9.923608e+01
      vertex   3.124848e+01 7.697195e+01 1.004274e+02
      vertex   3.143657e+01 7.715661e+01 1.006199e+02
    endloop
  endfacet
  facet normal -9.385389e-01 2.382454e-01 2.497677e-01
    outer loop
      vertex   3.143485e+01 7.860059e+01 9.923608e+01
      vertex   3.143657e+01 7.715661e+01 1.006199e+02
      vertex   3.154751e+01 7.881261e+01 9.945717e+01
    endloop
  endfacet
  facet normal -9.385389e-01 2.382454e-01 2.497677e-01
    outer loop
      vertex   3.154751e+01 7.881261e+01 9.945717e+01
      vertex   3.143657e+01 7.715661e+01 1.006199e+02
      vertex   3.154922e+01 7.736862e+01 1.008410e+02
    endloop
  endfacet
  facet normal -9.958915e-01 6.203622e-02 6.596614e-02
    outer loop
      vertex   3.154751e+01 7.881261e+01 9.945717e+01
      vertex   3.154922e+01 7.736862e+01 1.008410e+02
      vertex   3.157707e+01 7.903753e+01 9.969184e+01
    endloop
  endfacet
  facet normal -9.958915e-01 6.203622e-02 6.596614e-02
    outer loop
      vertex   3.157707e+01 7.903753e+01 9.969184e+01
      vertex   3.154922e+01 7.736862e+01 1.008410e+02
      vertex   3.157878e+01 7.759354e+01 1.010756e+02
    endloop
  endfacet
  facet normal -9.854034e-01 -1.183937e-01 -1.223236e-01
    outer loop
      vertex   3.157707e+01 7.903753e+01 9.969184e+01
      vertex   3.157878e+01 7.759354e+01 1.010756e+02
      vertex   3.152150e+01 7.926002e+01 9.992408e+01
    endloop
  endfacet
  facet normal -9.854034e-01 -1.183937e-01 -1.223236e-01
    outer loop
      vertex   3.152150e+01 7.926002e+01 9.992408e+01
      vertex   3.157878e+01 7.759354e+01 1.010756e+02
      vertex   3.152322e+01 7.781604e+01 1.013079e+02
    endloop
  endfacet
  facet normal -9.077883e-01 -2.907638e-01 -3.022860e-01
    outer loop
      vertex   3.152150e+01 7.926002e+01 9.992408e+01
      vertex   3.152322e+01 7.781604e+01 1.013079e+02
      vertex   3.138461e+01 7.946494e+01 1.001381e+02
    endloop
  endfacet
  facet normal -9.077883e-01 -2.907638e-01 -3.022860e-01
    outer loop
      vertex   3.138461e+01 7.946494e+01 1.001381e+02
      vertex   3.152322e+01 7.781604e+01 1.013079e+02
      vertex   3.138632e+01 7.802095e+01 1.015219e+02
    endloop
  endfacet
  facet normal -7.683190e-01 -4.433379e-01 -4.616681e-01
    outer loop
      vertex   3.138461e+01 7.946494e+01 1.001381e+02
      vertex   3.138632e+01 7.802095e+01 1.015219e+02
      vertex   3.117572e+01 7.963830e+01 1.003192e+02
    endloop
  endfacet
  facet normal -7.683190e-01 -4.433379e-01 -4.616681e-01
    outer loop
      vertex   3.117572e+01 7.963830e+01 1.003192e+02
      vertex   3.138632e+01 7.802095e+01 1.015219e+02
      vertex   3.117743e+01 7.819432e+01 1.017030e+02
    endloop
  endfacet
  facet normal -5.764778e-01 -5.657176e-01 -5.896074e-01
    outer loop
      vertex   3.117572e+01 7.963830e+01 1.003192e+02
      vertex   3.117743e+01 7.819432e+01 1.017030e+02
      vertex   3.090906e+01 7.976831e+01 1.004552e+02
    endloop
  endfacet
  facet normal -5.764778e-01 -5.657176e-01 -5.896074e-01
    outer loop
      vertex   3.090906e+01 7.976831e+01 1.004552e+02
      vertex   3.117743e+01 7.819432e+01 1.017030e+02
      vertex   3.091077e+01 7.832432e+01 1.018390e+02
    endloop
  endfacet
  facet normal -3.453230e-01 -6.495517e-01 -6.773733e-01
    outer loop
      vertex   3.090906e+01 7.976831e+01 1.004552e+02
      vertex   3.091077e+01 7.832432e+01 1.018390e+02
      vertex   3.060281e+01 7.984609e+01 1.005368e+02
    endloop
  endfacet
  facet normal -3.453230e-01 -6.495517e-01 -6.773733e-01
    outer loop
      vertex   3.060281e+01 7.984609e+01 1.005368e+02
      vertex   3.091077e+01 7.832432e+01 1.018390e+02
      vertex   3.060452e+01 7.840210e+01 1.019206e+02
    endloop
  endfacet
  facet normal -9.060840e-02 -6.891113e-01 -7.189685e-01
    outer loop
      vertex   3.060281e+01 7.984609e+01 1.005368e+02
      vertex   3.060452e+01 7.840210e+01 1.019206e+02
      vertex   3.027783e+01 7.986634e+01 1.005583e+02
    endloop
  endfacet
  facet normal -9.060840e-02 -6.891113e-01 -7.189685e-01
    outer loop
      vertex   3.027783e+01 7.986634e+01 1.005583e+02
      vertex   3.060452e+01 7.840210e+01 1.019206e+02
      vertex   3.027954e+01 7.842236e+01 1.019421e+02
    endloop
  endfacet
  facet normal 1.702912e-01 -6.816901e-01 -7.115473e-01
    outer loop
      vertex   3.027783e+01 7.986634e+01 1.005583e+02
      vertex   3.027954e+01 7.842236e+01 1.019421e+02
      vertex   2.995628e+01 7.982770e+01 1.005184e+02
    endloop
  endfacet
  facet normal 1.702912e-01 -6.816901e-01 -7.115473e-01
    outer loop
      vertex   2.995628e+01 7.982770e+01 1.005184e+02
      vertex   3.027954e+01 7.842236e+01 1.019421e+02
      vertex   2.995799e+01 7.838371e+01 1.019022e+02
    endloop
  endfacet
  facet normal 4.195734e-01 -6.277944e-01 -6.556161e-01
    outer loop
      vertex   2.995628e+01 7.982770e+01 1.005184e+02
      vertex   2.995799e+01 7.838371e+01 1.019022e+02
      vertex   2.966007e+01 7.973278e+01 1.004197e+02
    endloop
  endfacet
  facet normal 4.195734e-01 -6.277944e-01 -6.556161e-01
    outer loop
      vertex   2.966007e+01 7.973278e+01 1.004197e+02
      vertex   2.995799e+01 7.838371e+01 1.019022e+02
      vertex   2.966178e+01 7.828879e+01 1.018035e+02
    endloop
  endfacet
  facet normal 6.402348e-01 -5.311085e-01 -5.549983e-01
    outer loop
      vertex   2.966007e+01 7.973278e+01 1.004197e+02
      vertex   2.966178e+01 7.828879e+01 1.018035e+02
      vertex   2.940938e+01 7.958806e+01 1.002690e+02
    endloop
  endfacet
  facet normal 6.402348e-01 -5.311085e-01 -5.549983e-01
    outer loop
      vertex   2.940938e+01 7.958806e+01 1.002690e+02
      vertex   2.966178e+01 7.828879e+01 1.018035e+02
      vertex   2.941109e+01 7.814408e+01 1.016528e+02
    endloop
  endfacet
  facet normal 8.172386e-01 -3.982371e-01 -4.165673e-01
    outer loop
      vertex   2.940938e+01 7.958806e+01 1.002690e+02
      vertex   2.941109e+01 7.814408e+01 1.016528e+02
      vertex   2.922130e+01 7.940340e+01 1.000765e+02
    endloop
  endfacet
  facet normal 8.172386e-01 -3.982371e-01 -4.165673e-01
    outer loop
      vertex   2.922130e+01 7.940340e+01 1.000765e+02
      vertex   2.941109e+01 7.814408e+01 1.016528e+02
      vertex   2.922301e+01 7.795942e+01 1.014603e+02
    endloop
  endfacet
  facet normal 9.385389e-01 -2.382454e-01 -2.497677e-01
    outer loop
      vertex   2.922130e+01 7.940340e+01 1.000765e+02
      vertex   2.922301e+01 7.795942e+01 1.014603e+02
      vertex   2.910864e+01 7.919139e+01 9.985545e+01
    endloop
  endfacet
  facet normal 9.385389e-01 -2.382454e-01 -2.497677e-01
    outer loop
      vertex   2.910864e+01 7.919139e+01 9.985545e+01
      vertex   2.922301e+01 7.795942e+01 1.014603e+02
      vertex   2.911035e+01 7.774741e+01 1.012392e+02
    endloop
  endfacet
  facet normal 9.958915e-01 -6.203622e-02 -6.596614e-02
    outer loop
      vertex   2.910864e+01 7.919139e+01 9.985545e+01
      vertex   2.911035e+01 7.774741e+01 1.012392e+02
      vertex   2.907909e+01 7.896647e+01 9.962078e+01
    endloop
  endfacet
  facet normal 9.958915e-01 -6.203622e-02 -6.596614e-02
    outer loop
      vertex   2.907909e+01 7.896647e+01 9.962078e+01
      vertex   2.911035e+01 7.774741e+01 1.012392e+02
      vertex   2.908080e+01 7.752249e+01 1.010046e+02
    endloop
  endfacet
  facet normal 9.854034e-01 1.183937e-01 1.223236e-01
    outer loop
      vertex   2.907909e+01 7.896647e+01 9.962078e+01
      vertex   2.908080e+01 7.752249e+01 1.010046e+02
      vertex   2.913465e+01 7.874397e+01 9.938854e+01
    endloop
  endfacet
  facet normal 9.854034e-01 1.183937e-01 1.223236e-01
    outer loop
      vertex   2.913465e+01 7.874397e+01 9.938854e+01
      vertex   2.908080e+01 7.752249e+01 1.010046e+02
      vertex   2.913636e+01 7.729999e+01 1.007723e+02
    endloop
  endfacet
  facet normal 9.077883e-01 2.907638e-01 3.022860e-01
    outer loop
      vertex   2.913465e+01 7.874397e+01 9.938854e+01
      vertex   2.913636e+01 7.729999e+01 1.007723e+02
      vertex   2.927154e+01 7.853906e+01 9.917454e+01
    endloop
  endfacet
  facet normal 9.077883e-01 2.907638e-01 3.022860e-01
    outer loop
      vertex   2.927154e+01 7.853906e+01 9.917454e+01
      vertex   2.913636e+01 7.729999e+01 1.007723e+02
      vertex   2.927325e+01 7.709508e+01 1.005583e+02
    endloop
  endfacet
  facet normal 7.683190e-01 4.433379e-01 4.616681e-01
    outer loop
      vertex   2.927154e+01 7.853906e+01 9.917454e+01
      vertex   2.927325e+01 7.709508e+01 1.005583e+02
      vertex   2.948043e+01 7.836569e+01 9.899338e+01
    endloop
  endfacet
  facet normal 7.683190e-01 4.433379e-01 4.616681e-01
    outer loop
      vertex   2.948043e+01 7.836569e+01 9.899338e+01
      vertex   2.927325e+01 7.709508e+01 1.005583e+02
      vertex   2.948215e+01 7.692171e+01 1.003772e+02
    endloop
  endfacet
  facet normal 5.764778e-01 5.657176e-01 5.896074e-01
    outer loop
      vertex   2.948043e+01 7.836569e+01 9.899338e+01
      vertex   2.948215e+01 7.692171e+01 1.003772e+02
      vertex   2.974709e+01 7.823569e+01 9.885740e+01
    endloop
  endfacet
  facet normal 5.764778e-01 5.657176e-01 5.896074e-01
    outer loop
      vertex   2.974709e+01 7.823569e+01 9.885740e+01
      vertex   2.948215e+01 7.692171e+01 1.003772e+02
      vertex   2.974880e+01 7.679171e+01 1.002412e+02
    endloop
  endfacet
  facet normal 3.453230e-01 6.495517e-01 6.773733e-01
    outer loop
      vertex   2.974709e+01 7.823569e+01 9.885740e+01
      vertex   2.974880e+01 7.679171e+01 1.002412e+02
      vertex   3.005334e+01 7.815791e+01 9.877585e+01
    endloop
  endfacet
  facet normal 3.453230e-01 6.495517e-01 6.773733e-01
    outer loop
      vertex   3.005334e+01 7.815791e+01 9.877585e+01
      vertex   2.974880e+01 7.679171e+01 1.002412e+02
      vertex   3.005506e+01 7.671393e+01 1.001597e+02
    endloop
  endfacet
  facet normal -8.559195e-04 7.219918e-01 -6.919011e-01
    outer loop
      vertex   3.069987e+01 7.817630e+01 9.879424e+01
      vertex   3.084914e+01 7.760677e+01 9.819976e+01
      vertex   3.037832e+01 7.813766e+01 9.875431e+01
    endloop
  endfacet
  facet normal -8.559195e-04 7.219918e-01 -6.919011e-01
    outer loop
      vertex   3.037832e+01 7.813766e+01 9.875431e+01
      vertex   3.084914e+01 7.760677e+01 9.819976e+01
      vertex   3.033150e+01 7.755930e+01 9.815086e+01
    endloop
  endfacet
  facet normal -8.559195e-04 7.219918e-01 -6.919011e-01
    outer loop
      vertex   3.037832e+01 7.813766e+01 9.875431e+01
      vertex   3.033150e+01 7.755930e+01 9.815086e+01
      vertex   3.005334e+01 7.815791e+01 9.877585e+01
    endloop
  endfacet
  facet normal -8.559195e-04 7.219918e-01 -6.919011e-01
    outer loop
      vertex   3.005334e+01 7.815791e+01 9.877585e+01
      vertex   3.033150e+01 7.755930e+01 9.815086e+01
      vertex   2.981386e+01 7.760613e+01 9.820037e+01
    endloop
  endfacet
  facet normal -8.559195e-04 7.219918e-01 -6.919011e-01
    outer loop
      vertex   3.005334e+01 7.815791e+01 9.877585e+01
      vertex   2.981386e+01 7.760613e+01 9.820037e+01
      vertex   2.974709e+01 7.823569e+01 9.885740e+01
    endloop
  endfacet
  facet normal -8.559195e-04 7.219918e-01 -6.919011e-01
    outer loop
      vertex   2.974709e+01 7.823569e+01 9.885740e+01
      vertex   2.981386e+01 7.760613e+01 9.820037e+01
      vertex   2.933150e+01 7.774407e+01 9.834491e+01
    endloop
  endfacet
  facet normal -8.559195e-04 7.219918e-01 -6.919011e-01
    outer loop
      vertex   2.974709e+01 7.823569e+01 9.885740e+01
      vertex   2.933150e+01 7.774407e+01 9.834491e+01
      vertex   2.948043e+01 7.836569e+01 9.899338e+01
    endloop
  endfacet
  facet normal -8.559195e-04 7.219918e-01 -6.919011e-01
    outer loop
      vertex   2.948043e+01 7.836569e+01 9.899338e+01
      vertex   2.933150e+01 7.774407e+01 9.834491e+01
      vertex   2.891729e+01 7.796373e+01 9.857463e+01
    endloop
  endfacet
  facet normal -8.559195e-04 7.219918e-01 -6.919011e-01
    outer loop
      vertex   2.948043e+01 7.836569e+01 9.899338e+01
      vertex   2.891729e+01 7.796373e+01 9.857463e+01
      vertex   2.859945e+01 7.825013e+01 9.887388e+01
    endloop
  endfacet
  facet normal -8.559195e-04 7.219918e-01 -6.919011e-01
    outer loop
      vertex   3.084914e+01 7.760677e+01 9.819976e+01
      vertex   3.069987e+01 7.817630e+01 9.879424e+01
      vertex   3.133150e+01 7.774531e+01 9.834373e+01
    endloop
  endfacet
  facet normal -8.559195e-04 7.219918e-01 -6.919011e-01
    outer loop
      vertex   3.133150e+01 7.774531e+01 9.834373e+01
      vertex   3.069987e+01 7.817630e+01 9.879424e+01
      vertex   3.099608e+01 7.827122e+01 9.889292e+01
    endloop
  endfacet
  facet normal -8.559195e-04 7.219918e-01 -6.919011e-01
    outer loop
      vertex   3.133150e+01 7.774531e+01 9.834373e+01
      vertex   3.099608e+01 7.827122e+01 9.889292e+01
      vertex   3.174571e+01 7.796548e+01 9.857296e+01
    endloop
  endfacet
  facet normal -8.559195e-04 7.219918e-01 -6.919011e-01
    outer loop
      vertex   3.174571e+01 7.796548e+01 9.857296e+01
      vertex   3.099608e+01 7.827122e+01 9.889292e+01
      vertex   3.124677e+01 7.841594e+01 9.904362e+01
    endloop
  endfacet
  facet normal -8.559195e-04 7.219918e-01 -6.919011e-01
    outer loop
      vertex   3.174571e+01 7.796548e+01 9.857296e+01
      vertex   3.124677e+01 7.841594e+01 9.904362e+01
      vertex   3.206355e+01 7.825227e+01 9.887183e+01
    endloop
  endfacet
  facet normal -8.559195e-04 7.219918e-01 -6.919011e-01
    outer loop
      vertex   3.206355e+01 7.825227e+01 9.887183e+01
      vertex   3.124677e+01 7.841594e+01 9.904362e+01
      vertex   3.143485e+01 7.860059e+01 9.923608e+01
    endloop
  endfacet
  facet normal -8.559195e-04 7.219918e-01 -6.919011e-01
    outer loop
      vertex   3.206355e+01 7.825227e+01 9.887183e+01
      vertex   3.143485e+01 7.860059e+01 9.923608e+01
      vertex   3.226335e+01 7.858614e+01 9.921997e+01
    endloop
  endfacet
  facet normal -8.559195e-04 7.219918e-01 -6.919011e-01
    outer loop
      vertex   3.226335e+01 7.858614e+01 9.921997e+01
      vertex   3.143485e+01 7.860059e+01 9.923608e+01
      vertex   3.154751e+01 7.881261e+01 9.945717e+01
    endloop
  endfacet
  facet normal -8.559195e-04 7.219918e-01 -6.919011e-01
    outer loop
      vertex   3.226335e+01 7.858614e+01 9.921997e+01
      vertex   3.154751e+01 7.881261e+01 9.945717e+01
      vertex   3.233150e+01 7.894434e+01 9.959366e+01
    endloop
  endfacet
  facet normal -8.559195e-04 7.219918e-01 -6.919011e-01
    outer loop
      vertex   3.233150e+01 7.894434e+01 9.959366e+01
      vertex   3.154751e+01 7.881261e+01 9.945717e+01
      vertex   3.157707e+01 7.903753e+01 9.969184e+01
    endloop
  endfacet
  facet normal -8.559195e-04 7.219918e-01 -6.919011e-01
    outer loop
      vertex   3.233150e+01 7.894434e+01 9.959366e+01
      vertex   3.157707e+01 7.903753e+01 9.969184e+01
      vertex   3.226335e+01 7.930245e+01 9.996743e+01
    endloop
  endfacet
  facet normal -8.559195e-04 7.219918e-01 -6.919011e-01
    outer loop
      vertex   3.226335e+01 7.930245e+01 9.996743e+01
      vertex   3.157707e+01 7.903753e+01 9.969184e+01
      vertex   3.152150e+01 7.926002e+01 9.992408e+01
    endloop
  endfacet
  facet normal -8.559195e-04 7.219918e-01 -6.919011e-01
    outer loop
      vertex   3.226335e+01 7.930245e+01 9.996743e+01
      vertex   3.152150e+01 7.926002e+01 9.992408e+01
      vertex   3.206355e+01 7.963607e+01 1.003158e+02
    endloop
  endfacet
  facet normal -8.559195e-04 7.219918e-01 -6.919011e-01
    outer loop
      vertex   3.206355e+01 7.963607e+01 1.003158e+02
      vertex   3.152150e+01 7.926002e+01 9.992408e+01
      vertex   3.138461e+01 7.946494e+01 1.001381e+02
    endloop
  endfacet
  facet normal -8.559195e-04 7.219918e-01 -6.919011e-01
    outer loop
      vertex   3.206355e+01 7.963607e+01 1.003158e+02
      vertex   3.138461e+01 7.946494e+01 1.001381e+02
      vertex   3.174571e+01 7.992247e+01 1.006151e+02
    endloop
  endfacet
  facet normal -8.559195e-04 7.219918e-01 -6.919011e-01
    outer loop
      vertex   3.174571e+01 7.992247e+01 1.006151e+02
      vertex   3.138461e+01 7.946494e+01 1.001381e+02
      vertex   3.117572e+01 7.963830e+01 1.003192e+02
    endloop
  endfacet
  facet normal -8.559195e-04 7.219918e-01 -6.919011e-01
    outer loop
      vertex   3.174571e+01 7.992247e+01 1.006151e+02
      vertex   3.117572e+01 7.963830e+01 1.003192e+02
      vertex   3.133150e+01 8.014213e+01 1.008448e+02
    endloop
  endfacet
  facet normal -8.559195e-04 7.219918e-01 -6.919011e-01
    outer loop
      vertex   3.133150e+01 8.014213e+01 1.008448e+02
      vertex   3.117572e+01 7.963830e+01 1.003192e+02
      vertex   3.090906e+01 7.976831e+01 1.004552e+02
    endloop
  endfacet
  facet normal -8.559195e-04 7.219918e-01 -6.919011e-01
    outer loop
      vertex   3.133150e+01 8.014213e+01 1.008448e+02
      vertex   3.090906e+01 7.976831e+01 1.004552e+02
      vertex   3.084914e+01 8.028007e+01 1.009893e+02
    endloop
  endfacet
  facet normal -8.559195e-04 7.219918e-01 -6.919011e-01
    outer loop
      vertex   3.084914e+01 8.028007e+01 1.009893e+02
      vertex   3.090906e+01 7.976831e+01 1.004552e+02
      vertex   3.060281e+01 7.984609e+01 1.005368e+02
    endloop
  endfacet
  facet normal -8.559195e-04 7.219918e-01 -6.919011e-01
    outer loop
      vertex   3.084914e+01 8.028007e+01 1.009893e+02
      vertex   3.060281e+01 7.984609e+01 1.005368e+02
      vertex   3.033150e+01 8.032690e+01 1.010388e+02
    endloop
  endfacet
  facet normal -8.559195e-04 7.219918e-01 -6.919011e-01
    outer loop
      vertex   3.033150e+01 8.032690e+01 1.010388e+02
      vertex   3.060281e+01 7.984609e+01 1.005368e+02
      vertex   3.027783e+01 7.986634e+01 1.005583e+02
    endloop
  endfacet
  facet normal -8.559195e-04 7.219918e-01 -6.919011e-01
    outer loop
      vertex   3.033150e+01 8.032690e+01 1.010388e+02
      vertex   3.027783e+01 7.986634e+01 1.005583e+02
      vertex   2.981386e+01 8.027943e+01 1.009899e+02
    endloop
  endfacet
  facet normal -8.559195e-04 7.219918e-01 -6.919011e-01
    outer loop
      vertex   2.981386e+01 8.027943e+01 1.009899e+02
      vertex   3.027783e+01 7.986634e+01 1.005583e+02
      vertex   2.995628e+01 7.982770e+01 1.005184e+02
    endloop
  endfacet
  facet normal -8.559195e-04 7.219918e-01 -6.919011e-01
    outer loop
      vertex   2.981386e+01 8.027943e+01 1.009899e+02
      vertex   2.995628e+01 7.982770e+01 1.005184e+02
      vertex   2.933150e+01 8.014089e+01 1.008460e+02
    endloop
  endfacet
  facet normal -8.559195e-04 7.219918e-01 -6.919011e-01
    outer loop
      vertex   2.933150e+01 8.014089e+01 1.008460e+02
      vertex   2.995628e+01 7.982770e+01 1.005184e+02
      vertex   2.966007e+01 7.973278e+01 1.004197e+02
    endloop
  endfacet
  facet normal -8.559195e-04 7.219918e-01 -6.919011e-01
    outer loop
      vertex   2.933150e+01 8.014089e+01 1.008460e+02
      vertex   2.966007e+01 7.973278e+01 1.004197e+02
      vertex   2.891729e+01 7.992072e+01 1.006167e+02
    endloop
  endfacet
  facet normal -8.559195e-04 7.219918e-01 -6.919011e-01
    outer loop
      vertex   2.891729e+01 7.992072e+01 1.006167e+02
      vertex   2.966007e+01 7.973278e+01 1.004197e+02
      vertex   2.940938e+01 7.958806e+01 1.002690e+02
    endloop
  endfacet
  facet normal -8.559195e-04 7.219918e-01 -6.919011e-01
    outer loop
      vertex   2.891729e+01 7.992072e+01 1.006167e+02
      vertex   2.940938e+01 7.958806e+01 1.002690e+02
      vertex   2.859945e+01 7.963393e+01 1.003179e+02
    endloop
  endfacet
  facet normal -8.559195e-04 7.219918e-01 -6.919011e-01
    outer loop
      vertex   2.859945e+01 7.963393e+01 1.003179e+02
      vertex   2.940938e+01 7.958806e+01 1.002690e+02
      vertex   2.922130e+01 7.940340e+01 1.000765e+02
    endloop
  endfacet
  facet normal -8.559195e-04 7.219918e-01 -6.919011e-01
    outer loop
      vertex   2.859945e+01 7.963393e+01 1.003179e+02
      vertex   2.922130e+01 7.940340e+01 1.000765e+02
      vertex   2.910864e+01 7.919139e+01 9.985545e+01
    endloop
  endfacet
  facet normal -8.559195e-04 7.219918e-01 -6.919011e-01
    outer loop
      vertex   2.859945e+01 7.963393e+01 1.003179e+02
      vertex   2.910864e+01 7.919139e+01 9.985545e+01
      vertex   2.839965e+01 7.930006e+01 9.996972e+01
    endloop
  endfacet
  facet normal -8.559195e-04 7.219918e-01 -6.919011e-01
    outer loop
      vertex   2.839965e+01 7.930006e+01 9.996972e+01
      vertex   2.910864e+01 7.919139e+01 9.985545e+01
      vertex   2.907909e+01 7.896647e+01 9.962078e+01
    endloop
  endfacet
  facet normal -8.559195e-04 7.219918e-01 -6.919011e-01
    outer loop
      vertex   2.839965e+01 7.930006e+01 9.996972e+01
      vertex   2.907909e+01 7.896647e+01 9.962078e+01
      vertex   2.833150e+01 7.894186e+01 9.959603e+01
    endloop
  endfacet
  facet normal -8.559195e-04 7.219918e-01 -6.919011e-01
    outer loop
      vertex   2.833150e+01 7.894186e+01 9.959603e+01
      vertex   2.907909e+01 7.896647e+01 9.962078e+01
      vertex   2.913465e+01 7.874397e+01 9.938854e+01
    endloop
  endfacet
  facet normal -8.559195e-04 7.219918e-01 -6.919011e-01
    outer loop
      vertex   2.833150e+01 7.894186e+01 9.959603e+01
      vertex   2.913465e+01 7.874397e+01 9.938854e+01
      vertex   2.839965e+01 7.858375e+01 9.922226e+01
    endloop
  endfacet
  facet normal -8.559195e-04 7.219918e-01 -6.919011e-01
    outer loop
      vertex   2.839965e+01 7.858375e+01 9.922226e+01
      vertex   2.913465e+01 7.874397e+01 9.938854e+01
      vertex   2.927154e+01 7.853906e+01 9.917454e+01
    endloop
  endfacet
  facet normal -8.559195e-04 7.219918e-01 -6.919011e-01
    outer loop
      vertex   2.839965e+01 7.858375e+01 9.922226e+01
      vertex   2.927154e+01 7.853906e+01 9.917454e+01
      vertex   2.859945e+01 7.825013e+01 9.887388e+01
    endloop
  endfacet
  facet normal -8.559195e-04 7.219918e-01 -6.919011e-01
    outer loop
      vertex   2.859945e+01 7.825013e+01 9.887388e+01
      vertex   2.927154e+01 7.853906e+01 9.917454e+01
      vertex   2.948043e+01 7.836569e+01 9.899338e+01
    endloop
  endfacet
  facet normal -1.305281e-01 6.879728e-01 7.139018e-01
    outer loop
      vertex   3.084914e+01 7.760677e+01 9.819976e+01
      vertex   3.037827e+01 7.900372e+01 9.676746e+01
      vertex   3.033150e+01 7.755930e+01 9.815086e+01
    endloop
  endfacet
  facet normal 9.828872e-02 6.866781e-01 7.202864e-01
    outer loop
      vertex   3.033150e+01 7.755930e+01 9.815086e+01
      vertex   3.037827e+01 7.900372e+01 9.676746e+01
      vertex   2.989109e+01 7.903731e+01 9.680191e+01
    endloop
  endfacet
  facet normal 1.305210e-01 6.892931e-01 7.126284e-01
    outer loop
      vertex   3.033150e+01 7.755930e+01 9.815086e+01
      vertex   2.989109e+01 7.903731e+01 9.680191e+01
      vertex   2.981386e+01 7.760613e+01 9.820037e+01
    endloop
  endfacet
  facet normal 3.371003e-01 6.486086e-01 6.824004e-01
    outer loop
      vertex   2.981386e+01 7.760613e+01 9.820037e+01
      vertex   2.989109e+01 7.903731e+01 9.680191e+01
      vertex   2.943020e+01 7.915178e+01 9.692079e+01
    endloop
  endfacet
  facet normal 3.826718e-01 6.436652e-01 6.627650e-01
    outer loop
      vertex   2.981386e+01 7.760613e+01 9.820037e+01
      vertex   2.943020e+01 7.915178e+01 9.692079e+01
      vertex   2.933150e+01 7.774407e+01 9.834491e+01
    endloop
  endfacet
  facet normal 5.557130e-01 5.716928e-01 6.036144e-01
    outer loop
      vertex   2.933150e+01 7.774407e+01 9.834491e+01
      vertex   2.943020e+01 7.915178e+01 9.692079e+01
      vertex   2.902320e+01 7.934027e+01 9.711697e+01
    endloop
  endfacet
  facet normal 6.087408e-01 5.542660e-01 5.676477e-01
    outer loop
      vertex   2.933150e+01 7.774407e+01 9.834491e+01
      vertex   2.902320e+01 7.934027e+01 9.711697e+01
      vertex   2.891729e+01 7.796373e+01 9.857463e+01
    endloop
  endfacet
  facet normal 7.410292e-01 4.604870e-01 4.886998e-01
    outer loop
      vertex   2.891729e+01 7.796373e+01 9.857463e+01
      vertex   2.902320e+01 7.934027e+01 9.711697e+01
      vertex   2.869448e+01 7.959148e+01 9.737870e+01
    endloop
  endfacet
  facet normal 7.933229e-01 4.272418e-01 4.337086e-01
    outer loop
      vertex   2.891729e+01 7.796373e+01 9.857463e+01
      vertex   2.869448e+01 7.959148e+01 9.737870e+01
      vertex   2.859945e+01 7.825013e+01 9.887388e+01
    endloop
  endfacet
  facet normal 8.819461e-01 3.216133e-01 3.445807e-01
    outer loop
      vertex   2.859945e+01 7.825013e+01 9.887388e+01
      vertex   2.869448e+01 7.959148e+01 9.737870e+01
      vertex   2.846375e+01 7.989036e+01 9.769029e+01
    endloop
  endfacet
  facet normal 9.238408e-01 2.712892e-01 2.700377e-01
    outer loop
      vertex   2.859945e+01 7.825013e+01 9.887388e+01
      vertex   2.846375e+01 7.989036e+01 9.769029e+01
      vertex   2.839965e+01 7.858375e+01 9.922226e+01
    endloop
  endfacet
  facet normal 9.700213e-01 1.633630e-01 1.799201e-01
    outer loop
      vertex   2.839965e+01 7.858375e+01 9.922226e+01
      vertex   2.846375e+01 7.989036e+01 9.769029e+01
      vertex   2.834482e+01 8.021901e+01 9.803308e+01
    endloop
  endfacet
  facet normal 9.914013e-01 9.706217e-02 8.776277e-02
    outer loop
      vertex   2.839965e+01 7.858375e+01 9.922226e+01
      vertex   2.834482e+01 8.021901e+01 9.803308e+01
      vertex   2.833150e+01 7.894186e+01 9.959603e+01
    endloop
  endfacet
  facet normal 9.999779e-01 -4.800152e-03 4.600095e-03
    outer loop
      vertex   2.833150e+01 7.894186e+01 9.959603e+01
      vertex   2.834482e+01 8.021901e+01 9.803308e+01
      vertex   2.834482e+01 8.055773e+01 9.838654e+01
    endloop
  endfacet
  facet normal 9.914013e-01 -8.355380e-02 -1.007082e-01
    outer loop
      vertex   2.833150e+01 7.894186e+01 9.959603e+01
      vertex   2.834482e+01 8.055773e+01 9.838654e+01
      vertex   2.839965e+01 7.930006e+01 9.996972e+01
    endloop
  endfacet
  facet normal 9.700213e-01 -1.728069e-01 -1.708698e-01
    outer loop
      vertex   2.839965e+01 7.930006e+01 9.996972e+01
      vertex   2.834482e+01 8.055773e+01 9.838654e+01
      vertex   2.846375e+01 8.088623e+01 9.872947e+01
    endloop
  endfacet
  facet normal 9.238408e-01 -2.582512e-01 -2.825323e-01
    outer loop
      vertex   2.839965e+01 7.930006e+01 9.996972e+01
      vertex   2.846375e+01 8.088623e+01 9.872947e+01
      vertex   2.859945e+01 7.963393e+01 1.003179e+02
    endloop
  endfacet
  facet normal 8.819461e-01 -3.305857e-01 -3.359823e-01
    outer loop
      vertex   2.859945e+01 7.963393e+01 1.003179e+02
      vertex   2.846375e+01 8.088623e+01 9.872947e+01
      vertex   2.869448e+01 8.118483e+01 9.904134e+01
    endloop
  endfacet
  facet normal 7.933229e-01 -4.151389e-01 -4.453071e-01
    outer loop
      vertex   2.859945e+01 7.963393e+01 1.003179e+02
      vertex   2.869448e+01 8.118483e+01 9.904134e+01
      vertex   2.891729e+01 7.992072e+01 1.006167e+02
    endloop
  endfacet
  facet normal 7.410292e-01 -4.686659e-01 -4.808617e-01
    outer loop
      vertex   2.891729e+01 7.992072e+01 1.006167e+02
      vertex   2.869448e+01 8.118483e+01 9.904134e+01
      vertex   2.902320e+01 8.143563e+01 9.930346e+01
    endloop
  endfacet
  facet normal 6.087408e-01 -5.435525e-01 -5.779146e-01
    outer loop
      vertex   2.891729e+01 7.992072e+01 1.006167e+02
      vertex   2.902320e+01 8.143563e+01 9.930346e+01
      vertex   2.933150e+01 8.014089e+01 1.008460e+02
    endloop
  endfacet
  facet normal 5.557130e-01 -5.787453e-01 -5.968559e-01
    outer loop
      vertex   2.933150e+01 8.014089e+01 1.008460e+02
      vertex   2.902320e+01 8.143563e+01 9.930346e+01
      vertex   2.943020e+01 8.162362e+01 9.950012e+01
    endloop
  endfacet
  facet normal 3.826718e-01 -6.347802e-01 -6.712797e-01
    outer loop
      vertex   2.933150e+01 8.014089e+01 1.008460e+02
      vertex   2.943020e+01 8.162362e+01 9.950012e+01
      vertex   2.981386e+01 8.027943e+01 1.009899e+02
    endloop
  endfacet
  facet normal 3.371003e-01 -6.541875e-01 -6.770540e-01
    outer loop
      vertex   2.981386e+01 8.027943e+01 1.009899e+02
      vertex   2.943020e+01 8.162362e+01 9.950012e+01
      vertex   2.989109e+01 8.173752e+01 9.961954e+01
    endloop
  endfacet
  facet normal 1.305210e-01 -6.826572e-01 -7.189877e-01
    outer loop
      vertex   2.981386e+01 8.027943e+01 1.009899e+02
      vertex   2.989109e+01 8.173752e+01 9.961954e+01
      vertex   3.033150e+01 8.032690e+01 1.010388e+02
    endloop
  endfacet
  facet normal 9.828872e-02 -6.904196e-01 -7.167009e-01
    outer loop
      vertex   3.033150e+01 8.032690e+01 1.010388e+02
      vertex   2.989109e+01 8.173752e+01 9.961954e+01
      vertex   3.037827e+01 8.177051e+01 9.965457e+01
    endloop
  endfacet
  facet normal -1.305281e-01 -6.839857e-01 -7.177228e-01
    outer loop
      vertex   3.033150e+01 8.032690e+01 1.010388e+02
      vertex   3.037827e+01 8.177051e+01 9.965457e+01
      vertex   3.084914e+01 8.028007e+01 1.009893e+02
    endloop
  endfacet
  facet normal -1.525242e-01 -6.856265e-01 -7.117954e-01
    outer loop
      vertex   3.084914e+01 8.028007e+01 1.009893e+02
      vertex   3.037827e+01 8.177051e+01 9.965457e+01
      vertex   3.088635e+01 8.171657e+01 9.959766e+01
    endloop
  endfacet
  facet normal -3.826842e-01 -6.377103e-01 -6.684896e-01
    outer loop
      vertex   3.084914e+01 8.028007e+01 1.009893e+02
      vertex   3.088635e+01 8.171657e+01 9.959766e+01
      vertex   3.133150e+01 8.014213e+01 1.008448e+02
    endloop
  endfacet
  facet normal -3.994164e-01 -6.359653e-01 -6.603141e-01
    outer loop
      vertex   3.133150e+01 8.014213e+01 1.008448e+02
      vertex   3.088635e+01 8.171657e+01 9.959766e+01
      vertex   3.135765e+01 8.157479e+01 9.944913e+01
    endloop
  endfacet
  facet normal -6.087617e-01 -5.478677e-01 -5.738032e-01
    outer loop
      vertex   3.133150e+01 8.014213e+01 1.008448e+02
      vertex   3.135765e+01 8.157479e+01 9.944913e+01
      vertex   3.174571e+01 7.992247e+01 1.006151e+02
    endloop
  endfacet
  facet normal -6.199184e-01 -5.443652e-01 -5.651262e-01
    outer loop
      vertex   3.174571e+01 7.992247e+01 1.006151e+02
      vertex   3.135765e+01 8.157479e+01 9.944913e+01
      vertex   3.176104e+01 8.135453e+01 9.921879e+01
    endloop
  endfacet
  facet normal -7.933534e-01 -4.206029e-01 -4.400949e-01
    outer loop
      vertex   3.174571e+01 7.992247e+01 1.006151e+02
      vertex   3.176104e+01 8.135453e+01 9.921879e+01
      vertex   3.206355e+01 7.963607e+01 1.003158e+02
    endloop
  endfacet
  facet normal -7.994610e-01 -4.168565e-01 -4.325422e-01
    outer loop
      vertex   3.206355e+01 7.963607e+01 1.003158e+02
      vertex   3.176104e+01 8.135453e+01 9.921879e+01
      vertex   3.206986e+01 8.107035e+01 9.892188e+01
    endloop
  endfacet
  facet normal -9.238796e-01 -2.646118e-01 -2.764546e-01
    outer loop
      vertex   3.206355e+01 7.963607e+01 1.003158e+02
      vertex   3.206986e+01 8.107035e+01 9.892188e+01
      vertex   3.226335e+01 7.930245e+01 9.996743e+01
    endloop
  endfacet
  facet normal -9.261812e-01 -2.618412e-01 -2.713440e-01
    outer loop
      vertex   3.226335e+01 7.930245e+01 9.996743e+01
      vertex   3.206986e+01 8.107035e+01 9.892188e+01
      vertex   3.226371e+01 8.074103e+01 9.857799e+01
    endloop
  endfacet
  facet normal -9.914448e-01 -9.054896e-02 -9.401105e-02
    outer loop
      vertex   3.226335e+01 7.930245e+01 9.996743e+01
      vertex   3.226371e+01 8.074103e+01 9.857799e+01
      vertex   3.233150e+01 7.894434e+01 9.959366e+01
    endloop
  endfacet
  facet normal -9.917062e-01 -8.953793e-02 -9.220512e-02
    outer loop
      vertex   3.233150e+01 7.894434e+01 9.959366e+01
      vertex   3.226371e+01 8.074103e+01 9.857799e+01
      vertex   3.232979e+01 8.038832e+01 9.820986e+01
    endloop
  endfacet
  facet normal -9.917062e-01 8.831225e-02 9.337972e-02
    outer loop
      vertex   3.233150e+01 7.894434e+01 9.959366e+01
      vertex   3.232979e+01 8.038832e+01 9.820986e+01
      vertex   3.226371e+01 8.003553e+01 9.784181e+01
    endloop
  endfacet
  facet normal -1.525242e-01 6.819809e-01 7.152890e-01
    outer loop
      vertex   3.037827e+01 7.900372e+01 9.676746e+01
      vertex   3.084914e+01 7.760677e+01 9.819976e+01
      vertex   3.088635e+01 7.905829e+01 9.682377e+01
    endloop
  endfacet
  facet normal -3.826842e-01 6.407529e-01 6.655738e-01
    outer loop
      vertex   3.088635e+01 7.905829e+01 9.682377e+01
      vertex   3.084914e+01 7.760677e+01 9.819976e+01
      vertex   3.133150e+01 7.774531e+01 9.834373e+01
    endloop
  endfacet
  facet normal -3.994164e-01 6.326591e-01 6.634825e-01
    outer loop
      vertex   3.088635e+01 7.905829e+01 9.682377e+01
      vertex   3.133150e+01 7.774531e+01 9.834373e+01
      vertex   3.135765e+01 7.920065e+01 9.697174e+01
    endloop
  endfacet
  facet normal -6.087617e-01 5.499747e-01 5.717841e-01
    outer loop
      vertex   3.135765e+01 7.920065e+01 9.697174e+01
      vertex   3.133150e+01 7.774531e+01 9.834373e+01
      vertex   3.174571e+01 7.796548e+01 9.857296e+01
    endloop
  endfacet
  facet normal -6.199184e-01 5.414546e-01 5.679156e-01
    outer loop
      vertex   3.135765e+01 7.920065e+01 9.697174e+01
      vertex   3.174571e+01 7.796548e+01 9.857296e+01
      vertex   3.176104e+01 7.942141e+01 9.720160e+01
    endloop
  endfacet
  facet normal -7.933534e-01 4.218019e-01 4.389459e-01
    outer loop
      vertex   3.176104e+01 7.942141e+01 9.720160e+01
      vertex   3.174571e+01 7.796548e+01 9.857296e+01
      vertex   3.206355e+01 7.825227e+01 9.887183e+01
    endloop
  endfacet
  facet normal -7.994610e-01 4.144154e-01 4.348816e-01
    outer loop
      vertex   3.176104e+01 7.942141e+01 9.720160e+01
      vertex   3.206355e+01 7.825227e+01 9.887183e+01
      vertex   3.206986e+01 7.970597e+01 9.749815e+01
    endloop
  endfacet
  facet normal -9.238796e-01 2.649464e-01 2.761339e-01
    outer loop
      vertex   3.206986e+01 7.970597e+01 9.749815e+01
      vertex   3.206355e+01 7.825227e+01 9.887183e+01
      vertex   3.226335e+01 7.858614e+01 9.921997e+01
    endloop
  endfacet
  facet normal -9.261812e-01 2.599583e-01 2.731484e-01
    outer loop
      vertex   3.206986e+01 7.970597e+01 9.749815e+01
      vertex   3.226335e+01 7.858614e+01 9.921997e+01
      vertex   3.226371e+01 8.003553e+01 9.784181e+01
    endloop
  endfacet
  facet normal -9.914448e-01 9.007352e-02 9.446667e-02
    outer loop
      vertex   3.226371e+01 8.003553e+01 9.784181e+01
      vertex   3.226335e+01 7.858614e+01 9.921997e+01
      vertex   3.233150e+01 7.894434e+01 9.959366e+01
    endloop
  endfacet
  facet normal 8.559196e-04 7.219918e-01 -6.919011e-01
    outer loop
      vertex   3.037827e+01 8.177051e+01 9.965457e+01
      vertex   2.989109e+01 8.173752e+01 9.961954e+01
      vertex   3.037827e+01 8.332935e+01 1.012812e+02
    endloop
  endfacet
  facet normal 8.559196e-04 7.219918e-01 -6.919011e-01
    outer loop
      vertex   3.037827e+01 8.332935e+01 1.012812e+02
      vertex   2.989109e+01 8.173752e+01 9.961954e+01
      vertex   2.943020e+01 8.162362e+01 9.950012e+01
    endloop
  endfacet
  facet normal 8.559196e-04 7.219918e-01 -6.919011e-01
    outer loop
      vertex   3.037827e+01 8.332935e+01 1.012812e+02
      vertex   2.943020e+01 8.162362e+01 9.950012e+01
      vertex   2.902320e+01 8.143563e+01 9.930346e+01
    endloop
  endfacet
  facet normal 8.559196e-04 7.219918e-01 -6.919011e-01
    outer loop
      vertex   2.902320e+01 8.143563e+01 9.930346e+01
      vertex   2.869448e+01 8.118483e+01 9.904134e+01
      vertex   3.037827e+01 8.332935e+01 1.012812e+02
    endloop
  endfacet
  facet normal 8.559196e-04 7.219918e-01 -6.919011e-01
    outer loop
      vertex   3.037827e+01 8.332935e+01 1.012812e+02
      vertex   2.869448e+01 8.118483e+01 9.904134e+01
      vertex   -2.276182e+01 8.335885e+01 1.012463e+02
    endloop
  endfacet
  facet normal 8.559196e-04 7.219918e-01 -6.919011e-01
    outer loop
      vertex   -2.276182e+01 8.335885e+01 1.012463e+02
      vertex   2.869448e+01 8.118483e+01 9.904134e+01
      vertex   2.846375e+01 8.088623e+01 9.872947e+01
    endloop
  endfacet
  facet normal 8.559196e-04 7.219918e-01 -6.919011e-01
    outer loop
      vertex   -2.276182e+01 8.335885e+01 1.012463e+02
      vertex   2.846375e+01 8.088623e+01 9.872947e+01
      vertex   2.834482e+01 8.055773e+01 9.838654e+01
    endloop
  endfacet
  facet normal 8.559196e-04 7.219918e-01 -6.919011e-01
    outer loop
      vertex   2.834482e+01 8.055773e+01 9.838654e+01
      vertex   2.834482e+01 8.021901e+01 9.803308e+01
      vertex   -2.276182e+01 8.335885e+01 1.012463e+02
    endloop
  endfacet
  facet normal 8.559196e-04 7.219918e-01 -6.919011e-01
    outer loop
      vertex   -2.276182e+01 8.335885e+01 1.012463e+02
      vertex   2.834482e+01 8.021901e+01 9.803308e+01
      vertex   -9.765957e+00 6.812965e+01 8.537082e+01
    endloop
  endfacet
  facet normal 8.559196e-04 7.219918e-01 -6.919011e-01
    outer loop
      vertex   -2.276182e+01 8.335885e+01 1.012463e+02
      vertex   -9.765957e+00 6.812965e+01 8.537082e+01
      vertex   -2.275120e+01 6.813334e+01 8.535860e+01
    endloop
  endfacet
  facet normal 8.559196e-04 7.219918e-01 -6.919011e-01
    outer loop
      vertex   2.834482e+01 8.021901e+01 9.803308e+01
      vertex   2.846375e+01 7.989036e+01 9.769029e+01
      vertex   -9.765957e+00 6.812965e+01 8.537082e+01
    endloop
  endfacet
  facet normal 8.559196e-04 7.219918e-01 -6.919011e-01
    outer loop
      vertex   -9.765957e+00 6.812965e+01 8.537082e+01
      vertex   2.846375e+01 7.989036e+01 9.769029e+01
      vertex   2.869448e+01 7.959148e+01 9.737870e+01
    endloop
  endfacet
  facet normal 8.559196e-04 7.219918e-01 -6.919011e-01
    outer loop
      vertex   -9.765957e+00 6.812965e+01 8.537082e+01
      vertex   2.869448e+01 7.959148e+01 9.737870e+01
      vertex   2.902320e+01 7.934027e+01 9.711697e+01
    endloop
  endfacet
  facet normal 8.559196e-04 7.219918e-01 -6.919011e-01
    outer loop
      vertex   -9.765957e+00 6.812965e+01 8.537082e+01
      vertex   2.902320e+01 7.934027e+01 9.711697e+01
      vertex   3.037827e+01 6.466837e+01 8.180867e+01
    endloop
  endfacet
  facet normal 8.559196e-04 7.219918e-01 -6.919011e-01
    outer loop
      vertex   3.037827e+01 6.466837e+01 8.180867e+01
      vertex   2.902320e+01 7.934027e+01 9.711697e+01
      vertex   2.943020e+01 7.915178e+01 9.692079e+01
    endloop
  endfacet
  facet normal 8.559196e-04 7.219918e-01 -6.919011e-01
    outer loop
      vertex   3.037827e+01 6.466837e+01 8.180867e+01
      vertex   2.943020e+01 7.915178e+01 9.692079e+01
      vertex   2.989109e+01 7.903731e+01 9.680191e+01
    endloop
  endfacet
  facet normal 8.559196e-04 7.219918e-01 -6.919011e-01
    outer loop
      vertex   2.989109e+01 7.903731e+01 9.680191e+01
      vertex   3.037827e+01 7.900372e+01 9.676746e+01
      vertex   3.037827e+01 6.466837e+01 8.180867e+01
    endloop
  endfacet
  facet normal 8.559196e-04 7.219918e-01 -6.919011e-01
    outer loop
      vertex   -9.765957e+00 6.812965e+01 8.537082e+01
      vertex   3.037827e+01 6.466837e+01 8.180867e+01
      vertex   -9.767401e+00 6.674378e+01 8.392467e+01
    endloop
  endfacet
  facet normal 8.559196e-04 7.219918e-01 -6.919011e-01
    outer loop
      vertex   -9.767401e+00 6.674378e+01 8.392467e+01
      vertex   3.037827e+01 6.466837e+01 8.180867e+01
      vertex   -8.828990e+00 6.469070e+01 8.178346e+01
    endloop
  endfacet
  facet normal 8.559196e-04 7.219918e-01 -6.919011e-01
    outer loop
      vertex   -9.767401e+00 6.674378e+01 8.392467e+01
      vertex   -8.828990e+00 6.469070e+01 8.178346e+01
      vertex   -1.356969e+01 6.463822e+01 8.172284e+01
    endloop
  endfacet
  facet normal 8.559196e-04 7.219918e-01 -6.919011e-01
    outer loop
      vertex   -1.356969e+01 6.463822e+01 8.172284e+01
      vertex   -8.828990e+00 6.469070e+01 8.178346e+01
      vertex   -1.284745e+01 6.392913e+01 8.098381e+01
    endloop
  endfacet
  facet normal 8.559196e-04 7.219918e-01 -6.919011e-01
    outer loop
      vertex   -1.284745e+01 6.392913e+01 8.098381e+01
      vertex   -8.828990e+00 6.469070e+01 8.178346e+01
      vertex   -1.241485e+01 6.311501e+01 8.013481e+01
    endloop
  endfacet
  facet normal 8.559196e-04 7.219918e-01 -6.919011e-01
    outer loop
      vertex   -1.241485e+01 6.311501e+01 8.013481e+01
      vertex   -8.828990e+00 6.469070e+01 8.178346e+01
      vertex   -1.230136e+01 6.225132e+01 7.923370e+01
    endloop
  endfacet
  facet normal 8.559196e-04 7.219918e-01 -6.919011e-01
    outer loop
      vertex   -1.230136e+01 6.225132e+01 7.923370e+01
      vertex   -8.828990e+00 6.469070e+01 8.178346e+01
      vertex   -1.251472e+01 6.139692e+01 7.834189e+01
    endloop
  endfacet
  facet normal 8.559196e-04 7.219918e-01 -6.919011e-01
    outer loop
      vertex   -1.251472e+01 6.139692e+01 7.834189e+01
      vertex   -8.828990e+00 6.469070e+01 8.178346e+01
      vertex   -8.828285e+00 5.774641e+01 7.453718e+01
    endloop
  endfacet
  facet normal 8.559196e-04 7.219918e-01 -6.919011e-01
    outer loop
      vertex   -1.251472e+01 6.139692e+01 7.834189e+01
      vertex   -8.828285e+00 5.774641e+01 7.453718e+01
      vertex   -1.304039e+01 6.061006e+01 7.752015e+01
    endloop
  endfacet
  facet normal 8.559196e-04 7.219918e-01 -6.919011e-01
    outer loop
      vertex   -1.304039e+01 6.061006e+01 7.752015e+01
      vertex   -8.828285e+00 5.774641e+01 7.453718e+01
      vertex   -1.384254e+01 5.994433e+01 7.682448e+01
    endloop
  endfacet
  facet normal 8.559196e-04 7.219918e-01 -6.919011e-01
    outer loop
      vertex   -1.384254e+01 5.994433e+01 7.682448e+01
      vertex   -8.828285e+00 5.774641e+01 7.453718e+01
      vertex   -1.486651e+01 5.944512e+01 7.630229e+01
    endloop
  endfacet
  facet normal 8.559196e-04 7.219918e-01 -6.919011e-01
    outer loop
      vertex   -1.486651e+01 5.944512e+01 7.630229e+01
      vertex   -8.828285e+00 5.774641e+01 7.453718e+01
      vertex   -1.604252e+01 5.914645e+01 7.598917e+01
    endloop
  endfacet
  facet normal 8.559196e-04 7.219918e-01 -6.919011e-01
    outer loop
      vertex   -1.604252e+01 5.914645e+01 7.598917e+01
      vertex   -8.828285e+00 5.774641e+01 7.453718e+01
      vertex   -1.729042e+01 5.906866e+01 7.590646e+01
    endloop
  endfacet
  facet normal 8.559196e-04 7.219918e-01 -6.919011e-01
    outer loop
      vertex   -1.729042e+01 5.906866e+01 7.590646e+01
      vertex   -8.828285e+00 5.774641e+01 7.453718e+01
      vertex   -2.274396e+01 5.775554e+01 7.452948e+01
    endloop
  endfacet
  facet normal 8.559196e-04 7.219918e-01 -6.919011e-01
    outer loop
      vertex   -1.729042e+01 5.906866e+01 7.590646e+01
      vertex   -2.274396e+01 5.775554e+01 7.452948e+01
      vertex   -1.852517e+01 5.921707e+01 7.605979e+01
    endloop
  endfacet
  facet normal 8.559196e-04 7.219918e-01 -6.919011e-01
    outer loop
      vertex   -1.852517e+01 5.921707e+01 7.605979e+01
      vertex   -2.274396e+01 5.775554e+01 7.452948e+01
      vertex   -1.966263e+01 5.958155e+01 7.643872e+01
    endloop
  endfacet
  facet normal 8.559196e-04 7.219918e-01 -6.919011e-01
    outer loop
      vertex   -1.966263e+01 5.958155e+01 7.643872e+01
      vertex   -2.274396e+01 5.775554e+01 7.452948e+01
      vertex   -2.062528e+01 6.013727e+01 7.701741e+01
    endloop
  endfacet
  facet normal 8.559196e-04 7.219918e-01 -6.919011e-01
    outer loop
      vertex   -2.062528e+01 6.013727e+01 7.701741e+01
      vertex   -2.274396e+01 5.775554e+01 7.452948e+01
      vertex   -2.134751e+01 6.084635e+01 7.775644e+01
    endloop
  endfacet
  facet normal 8.559196e-04 7.219918e-01 -6.919011e-01
    outer loop
      vertex   -2.134751e+01 6.084635e+01 7.775644e+01
      vertex   -2.274396e+01 5.775554e+01 7.452948e+01
      vertex   -2.178012e+01 6.166048e+01 7.860544e+01
    endloop
  endfacet
  facet normal 8.559196e-04 7.219918e-01 -6.919011e-01
    outer loop
      vertex   -2.178012e+01 6.166048e+01 7.860544e+01
      vertex   -2.274396e+01 5.775554e+01 7.452948e+01
      vertex   -2.189360e+01 6.252417e+01 7.950655e+01
    endloop
  endfacet
  facet normal 8.559196e-04 7.219918e-01 -6.919011e-01
    outer loop
      vertex   -2.189360e+01 6.252417e+01 7.950655e+01
      vertex   -2.274396e+01 5.775554e+01 7.452948e+01
      vertex   -2.275023e+01 6.675229e+01 8.391749e+01
    endloop
  endfacet
  facet normal 8.559196e-04 7.219918e-01 -6.919011e-01
    outer loop
      vertex   -2.189360e+01 6.252417e+01 7.950655e+01
      vertex   -2.275023e+01 6.675229e+01 8.391749e+01
      vertex   -2.168025e+01 6.337856e+01 8.039836e+01
    endloop
  endfacet
  facet normal 8.559196e-04 7.219918e-01 -6.919011e-01
    outer loop
      vertex   -2.168025e+01 6.337856e+01 8.039836e+01
      vertex   -2.275023e+01 6.675229e+01 8.391749e+01
      vertex   -2.115458e+01 6.416543e+01 8.122010e+01
    endloop
  endfacet
  facet normal 8.559196e-04 7.219918e-01 -6.919011e-01
    outer loop
      vertex   -2.115458e+01 6.416543e+01 8.122010e+01
      vertex   -2.275023e+01 6.675229e+01 8.391749e+01
      vertex   -2.035243e+01 6.483115e+01 8.191577e+01
    endloop
  endfacet
  facet normal 8.559196e-04 7.219918e-01 -6.919011e-01
    outer loop
      vertex   -2.035243e+01 6.483115e+01 8.191577e+01
      vertex   -2.275023e+01 6.675229e+01 8.391749e+01
      vertex   -1.932846e+01 6.533036e+01 8.243795e+01
    endloop
  endfacet
  facet normal 8.559196e-04 7.219918e-01 -6.919011e-01
    outer loop
      vertex   -1.932846e+01 6.533036e+01 8.243795e+01
      vertex   -2.275023e+01 6.675229e+01 8.391749e+01
      vertex   -1.815245e+01 6.562903e+01 8.275107e+01
    endloop
  endfacet
  facet normal 8.559196e-04 7.219918e-01 -6.919011e-01
    outer loop
      vertex   -1.815245e+01 6.562903e+01 8.275107e+01
      vertex   -2.275023e+01 6.675229e+01 8.391749e+01
      vertex   -1.690455e+01 6.570682e+01 8.283379e+01
    endloop
  endfacet
  facet normal 8.559196e-04 7.219918e-01 -6.919011e-01
    outer loop
      vertex   -1.690455e+01 6.570682e+01 8.283379e+01
      vertex   -2.275023e+01 6.675229e+01 8.391749e+01
      vertex   -9.767401e+00 6.674378e+01 8.392467e+01
    endloop
  endfacet
  facet normal 8.559196e-04 7.219918e-01 -6.919011e-01
    outer loop
      vertex   -1.690455e+01 6.570682e+01 8.283379e+01
      vertex   -9.767401e+00 6.674378e+01 8.392467e+01
      vertex   -1.566980e+01 6.555841e+01 8.268045e+01
    endloop
  endfacet
  facet normal 8.559196e-04 7.219918e-01 -6.919011e-01
    outer loop
      vertex   -1.566980e+01 6.555841e+01 8.268045e+01
      vertex   -9.767401e+00 6.674378e+01 8.392467e+01
      vertex   -1.453234e+01 6.519393e+01 8.230153e+01
    endloop
  endfacet
  facet normal 8.559196e-04 7.219918e-01 -6.919011e-01
    outer loop
      vertex   -1.453234e+01 6.519393e+01 8.230153e+01
      vertex   -9.767401e+00 6.674378e+01 8.392467e+01
      vertex   -1.356969e+01 6.463822e+01 8.172284e+01
    endloop
  endfacet
  facet normal 4.909750e-02 7.047745e-01 7.077305e-01
    outer loop
      vertex   3.020736e+01 7.551862e+01 1.013202e+02
      vertex   3.032988e+01 7.551863e+01 1.013117e+02
      vertex   3.038003e+01 7.669367e+01 1.001381e+02
    endloop
  endfacet
  facet normal -4.909727e-02 7.068725e-01 7.056349e-01
    outer loop
      vertex   3.038003e+01 7.669367e+01 1.001381e+02
      vertex   3.032988e+01 7.551863e+01 1.013117e+02
      vertex   3.045240e+01 7.551864e+01 1.013202e+02
    endloop
  endfacet
  facet normal -1.472975e-01 6.969729e-01 7.018064e-01
    outer loop
      vertex   3.038003e+01 7.669367e+01 1.001381e+02
      vertex   3.045240e+01 7.551864e+01 1.013202e+02
      vertex   3.057374e+01 7.551864e+01 1.013457e+02
    endloop
  endfacet
  facet normal -1.702849e-01 6.924445e-01 7.010875e-01
    outer loop
      vertex   3.038003e+01 7.669367e+01 1.001381e+02
      vertex   3.057374e+01 7.551864e+01 1.013457e+02
      vertex   3.070158e+01 7.673232e+01 1.001780e+02
    endloop
  endfacet
  facet normal -2.893869e-01 6.793041e-01 6.743894e-01
    outer loop
      vertex   3.070158e+01 7.673232e+01 1.001780e+02
      vertex   3.057374e+01 7.551864e+01 1.013457e+02
      vertex   3.080823e+01 7.551865e+01 1.014463e+02
    endloop
  endfacet
  facet normal -4.195435e-01 6.379487e-01 6.457590e-01
    outer loop
      vertex   3.070158e+01 7.673232e+01 1.001780e+02
      vertex   3.080823e+01 7.551865e+01 1.014463e+02
      vertex   3.099779e+01 7.682724e+01 1.002767e+02
    endloop
  endfacet
  facet normal -4.708537e-01 6.248482e-01 6.227853e-01
    outer loop
      vertex   3.099779e+01 7.682724e+01 1.002767e+02
      vertex   3.080823e+01 7.551865e+01 1.014463e+02
      vertex   3.102433e+01 7.551867e+01 1.016097e+02
    endloop
  endfacet
  facet normal -6.353766e-01 5.446885e-01 5.473673e-01
    outer loop
      vertex   3.099779e+01 7.682724e+01 1.002767e+02
      vertex   3.102433e+01 7.551867e+01 1.016097e+02
      vertex   3.121374e+01 7.551868e+01 1.018295e+02
    endloop
  endfacet
  facet normal -6.401828e-01 5.412695e-01 5.451544e-01
    outer loop
      vertex   3.099779e+01 7.682724e+01 1.002767e+02
      vertex   3.121374e+01 7.551868e+01 1.018295e+02
      vertex   3.124848e+01 7.697195e+01 1.004274e+02
    endloop
  endfacet
  facet normal -7.721215e-01 4.506916e-01 4.480016e-01
    outer loop
      vertex   3.124848e+01 7.697195e+01 1.004274e+02
      vertex   3.121374e+01 7.551868e+01 1.018295e+02
      vertex   3.136918e+01 7.551868e+01 1.020974e+02
    endloop
  endfacet
  facet normal -8.172176e-01 4.042124e-01 4.108135e-01
    outer loop
      vertex   3.124848e+01 7.697195e+01 1.004274e+02
      vertex   3.136918e+01 7.551868e+01 1.020974e+02
      vertex   3.143657e+01 7.715661e+01 1.006199e+02
    endloop
  endfacet
  facet normal -8.808776e-01 3.365246e-01 3.328752e-01
    outer loop
      vertex   3.143657e+01 7.715661e+01 1.006199e+02
      vertex   3.136918e+01 7.551868e+01 1.020974e+02
      vertex   3.148467e+01 7.551869e+01 1.024031e+02
    endloop
  endfacet
  facet normal -9.385344e-01 2.412325e-01 2.469010e-01
    outer loop
      vertex   3.143657e+01 7.715661e+01 1.006199e+02
      vertex   3.148467e+01 7.551869e+01 1.024031e+02
      vertex   3.154922e+01 7.736862e+01 1.008410e+02
    endloop
  endfacet
  facet normal -9.566736e-01 2.066121e-01 2.051514e-01
    outer loop
      vertex   3.154922e+01 7.736862e+01 1.008410e+02
      vertex   3.148467e+01 7.551869e+01 1.024031e+02
      vertex   3.155579e+01 7.551869e+01 1.027347e+02
    endloop
  endfacet
  facet normal -9.953205e-01 6.737414e-02 6.926646e-02
    outer loop
      vertex   3.154922e+01 7.736862e+01 1.008410e+02
      vertex   3.155579e+01 7.551869e+01 1.027347e+02
      vertex   3.157979e+01 7.551869e+01 1.030796e+02
    endloop
  endfacet
  facet normal -9.958919e-01 6.265425e-02 6.537383e-02
    outer loop
      vertex   3.154922e+01 7.736862e+01 1.008410e+02
      vertex   3.157979e+01 7.551869e+01 1.030796e+02
      vertex   3.157878e+01 7.759354e+01 1.010756e+02
    endloop
  endfacet
  facet normal -9.953061e-01 -6.748190e-02 -6.936862e-02
    outer loop
      vertex   3.157878e+01 7.759354e+01 1.010756e+02
      vertex   3.157979e+01 7.551869e+01 1.030796e+02
      vertex   3.155575e+01 7.551869e+01 1.034244e+02
    endloop
  endfacet
  facet normal -9.853800e-01 -1.227778e-01 -1.181179e-01
    outer loop
      vertex   3.157878e+01 7.759354e+01 1.010756e+02
      vertex   3.155575e+01 7.551869e+01 1.034244e+02
      vertex   3.152322e+01 7.781604e+01 1.013079e+02
    endloop
  endfacet
  facet normal -9.574282e-01 -2.028141e-01 -2.054206e-01
    outer loop
      vertex   3.152322e+01 7.781604e+01 1.013079e+02
      vertex   3.155575e+01 7.551869e+01 1.034244e+02
      vertex   3.148460e+01 7.551869e+01 1.037561e+02
    endloop
  endfacet
  facet normal -9.077235e-01 -2.987156e-01 -2.946302e-01
    outer loop
      vertex   3.152322e+01 7.781604e+01 1.013079e+02
      vertex   3.148460e+01 7.551869e+01 1.037561e+02
      vertex   3.138632e+01 7.802095e+01 1.015219e+02
    endloop
  endfacet
  facet normal -8.822043e-01 -3.324124e-01 -3.334930e-01
    outer loop
      vertex   3.138632e+01 7.802095e+01 1.015219e+02
      vertex   3.148460e+01 7.551869e+01 1.037561e+02
      vertex   3.136907e+01 7.551868e+01 1.040617e+02
    endloop
  endfacet
  facet normal -7.724790e-01 -4.497397e-01 -4.483418e-01
    outer loop
      vertex   3.138632e+01 7.802095e+01 1.015219e+02
      vertex   3.136907e+01 7.551868e+01 1.040617e+02
      vertex   3.121361e+01 7.551868e+01 1.043295e+02
    endloop
  endfacet
  facet normal -7.682265e-01 -4.537192e-01 -4.516269e-01
    outer loop
      vertex   3.138632e+01 7.802095e+01 1.015219e+02
      vertex   3.121361e+01 7.551868e+01 1.043295e+02
      vertex   3.117743e+01 7.819432e+01 1.017030e+02
    endloop
  endfacet
  facet normal -6.348444e-01 -5.456065e-01 -5.470705e-01
    outer loop
      vertex   3.117743e+01 7.819432e+01 1.017030e+02
      vertex   3.121361e+01 7.551868e+01 1.043295e+02
      vertex   3.102418e+01 7.551867e+01 1.045494e+02
    endloop
  endfacet
  facet normal -5.763511e-01 -5.797114e-01 -5.759809e-01
    outer loop
      vertex   3.117743e+01 7.819432e+01 1.017030e+02
      vertex   3.102418e+01 7.551867e+01 1.045494e+02
      vertex   3.091077e+01 7.832432e+01 1.018390e+02
    endloop
  endfacet
  facet normal -4.719600e-01 -6.223306e-01 -6.244665e-01
    outer loop
      vertex   3.091077e+01 7.832432e+01 1.018390e+02
      vertex   3.102418e+01 7.551867e+01 1.045494e+02
      vertex   3.080806e+01 7.551865e+01 1.047127e+02
    endloop
  endfacet
  facet normal -3.452199e-01 -6.653390e-01 -6.619269e-01
    outer loop
      vertex   3.091077e+01 7.832432e+01 1.018390e+02
      vertex   3.080806e+01 7.551865e+01 1.047127e+02
      vertex   3.060452e+01 7.840210e+01 1.019206e+02
    endloop
  endfacet
  facet normal -2.903994e-01 -6.761652e-01 -6.771032e-01
    outer loop
      vertex   3.060452e+01 7.840210e+01 1.019206e+02
      vertex   3.080806e+01 7.551865e+01 1.047127e+02
      vertex   3.057356e+01 7.551864e+01 1.048133e+02
    endloop
  endfacet
  facet normal -1.465892e-01 -6.998066e-01 -6.991297e-01
    outer loop
      vertex   3.060452e+01 7.840210e+01 1.019206e+02
      vertex   3.057356e+01 7.551864e+01 1.048133e+02
      vertex   3.045222e+01 7.551864e+01 1.048388e+02
    endloop
  endfacet
  facet normal -9.056263e-02 -7.060362e-01 -7.023612e-01
    outer loop
      vertex   3.060452e+01 7.840210e+01 1.019206e+02
      vertex   3.045222e+01 7.551864e+01 1.048388e+02
      vertex   3.027954e+01 7.842236e+01 1.019421e+02
    endloop
  endfacet
  facet normal -4.895382e-02 -7.068551e-01 -7.056624e-01
    outer loop
      vertex   3.027954e+01 7.842236e+01 1.019421e+02
      vertex   3.045222e+01 7.551864e+01 1.048388e+02
      vertex   3.032970e+01 7.551863e+01 1.048473e+02
    endloop
  endfacet
  facet normal 4.915755e-02 -7.060011e-01 -7.065026e-01
    outer loop
      vertex   3.027954e+01 7.842236e+01 1.019421e+02
      vertex   3.032970e+01 7.551863e+01 1.048473e+02
      vertex   3.020718e+01 7.551862e+01 1.048387e+02
    endloop
  endfacet
  facet normal 1.466023e-01 -7.004395e-01 -6.984928e-01
    outer loop
      vertex   3.020718e+01 7.551862e+01 1.048387e+02
      vertex   3.008584e+01 7.551862e+01 1.048133e+02
      vertex   3.027954e+01 7.842236e+01 1.019421e+02
    endloop
  endfacet
  facet normal 1.702638e-01 -6.985619e-01 -6.949975e-01
    outer loop
      vertex   3.027954e+01 7.842236e+01 1.019421e+02
      vertex   3.008584e+01 7.551862e+01 1.048133e+02
      vertex   2.995799e+01 7.838371e+01 1.019022e+02
    endloop
  endfacet
  facet normal 2.907647e-01 -6.755092e-01 -6.776011e-01
    outer loop
      vertex   2.995799e+01 7.838371e+01 1.019022e+02
      vertex   3.008584e+01 7.551862e+01 1.048133e+02
      vertex   2.985135e+01 7.551861e+01 1.047127e+02
    endloop
  endfacet
  facet normal 4.194899e-01 -6.435874e-01 -6.401745e-01
    outer loop
      vertex   2.995799e+01 7.838371e+01 1.019022e+02
      vertex   2.985135e+01 7.551861e+01 1.047127e+02
      vertex   2.966178e+01 7.828879e+01 1.018035e+02
    endloop
  endfacet
  facet normal 4.717476e-01 -6.229915e-01 -6.239678e-01
    outer loop
      vertex   2.966178e+01 7.828879e+01 1.018035e+02
      vertex   2.985135e+01 7.551861e+01 1.047127e+02
      vertex   2.963525e+01 7.551859e+01 1.045493e+02
    endloop
  endfacet
  facet normal 6.340112e-01 -5.474535e-01 -5.461909e-01
    outer loop
      vertex   2.966178e+01 7.828879e+01 1.018035e+02
      vertex   2.963525e+01 7.551859e+01 1.045493e+02
      vertex   2.944584e+01 7.551858e+01 1.043295e+02
    endloop
  endfacet
  facet normal 6.401424e-01 -5.442848e-01 -5.421916e-01
    outer loop
      vertex   2.966178e+01 7.828879e+01 1.018035e+02
      vertex   2.944584e+01 7.551858e+01 1.043295e+02
      vertex   2.941109e+01 7.814408e+01 1.016528e+02
    endloop
  endfacet
  facet normal 7.735731e-01 -4.473521e-01 -4.488439e-01
    outer loop
      vertex   2.941109e+01 7.814408e+01 1.016528e+02
      vertex   2.944584e+01 7.551858e+01 1.043295e+02
      vertex   2.929040e+01 7.551858e+01 1.040616e+02
    endloop
  endfacet
  facet normal 8.171495e-01 -4.096322e-01 -4.055467e-01
    outer loop
      vertex   2.941109e+01 7.814408e+01 1.016528e+02
      vertex   2.929040e+01 7.551858e+01 1.040616e+02
      vertex   2.922301e+01 7.795942e+01 1.014603e+02
    endloop
  endfacet
  facet normal 8.826744e-01 -3.311003e-01 -3.335543e-01
    outer loop
      vertex   2.922301e+01 7.795942e+01 1.014603e+02
      vertex   2.929040e+01 7.551858e+01 1.040616e+02
      vertex   2.917490e+01 7.551857e+01 1.037559e+02
    endloop
  endfacet
  facet normal 9.384911e-01 -2.462017e-01 -2.421139e-01
    outer loop
      vertex   2.922301e+01 7.795942e+01 1.014603e+02
      vertex   2.917490e+01 7.551857e+01 1.037559e+02
      vertex   2.911035e+01 7.774741e+01 1.012392e+02
    endloop
  endfacet
  facet normal 9.571989e-01 -2.040511e-01 -2.052641e-01
    outer loop
      vertex   2.911035e+01 7.774741e+01 1.012392e+02
      vertex   2.917490e+01 7.551857e+01 1.037559e+02
      vertex   2.910379e+01 7.551857e+01 1.034243e+02
    endloop
  endfacet
  facet normal 9.950824e-01 -7.082012e-02 -6.924988e-02
    outer loop
      vertex   2.911035e+01 7.774741e+01 1.012392e+02
      vertex   2.910379e+01 7.551857e+01 1.034243e+02
      vertex   2.907979e+01 7.551857e+01 1.030794e+02
    endloop
  endfacet
  facet normal 9.958846e-01 -6.543203e-02 -6.271047e-02
    outer loop
      vertex   2.911035e+01 7.774741e+01 1.012392e+02
      vertex   2.907979e+01 7.551857e+01 1.030794e+02
      vertex   2.908080e+01 7.752249e+01 1.010046e+02
    endloop
  endfacet
  facet normal 9.950409e-01 7.130311e-02 6.935015e-02
    outer loop
      vertex   2.908080e+01 7.752249e+01 1.010046e+02
      vertex   2.907979e+01 7.551857e+01 1.030794e+02
      vertex   2.910382e+01 7.551857e+01 1.027346e+02
    endloop
  endfacet
  facet normal 9.854038e-01 1.175894e-01 1.230942e-01
    outer loop
      vertex   2.908080e+01 7.752249e+01 1.010046e+02
      vertex   2.910382e+01 7.551857e+01 1.027346e+02
      vertex   2.913636e+01 7.729999e+01 1.007723e+02
    endloop
  endfacet
  facet normal 9.562545e-01 2.085260e-01 2.051688e-01
    outer loop
      vertex   2.913636e+01 7.729999e+01 1.007723e+02
      vertex   2.910382e+01 7.551857e+01 1.027346e+02
      vertex   2.917497e+01 7.551857e+01 1.024029e+02
    endloop
  endfacet
  facet normal 9.077770e-01 2.937480e-01 2.994212e-01
    outer loop
      vertex   2.913636e+01 7.729999e+01 1.007723e+02
      vertex   2.917497e+01 7.551857e+01 1.024029e+02
      vertex   2.927325e+01 7.709508e+01 1.005583e+02
    endloop
  endfacet
  facet normal 8.813821e-01 3.348958e-01 3.331823e-01
    outer loop
      vertex   2.927325e+01 7.709508e+01 1.005583e+02
      vertex   2.917497e+01 7.551857e+01 1.024029e+02
      vertex   2.929050e+01 7.551858e+01 1.020973e+02
    endloop
  endfacet
  facet normal 7.737336e-01 4.468474e-01 4.490699e-01
    outer loop
      vertex   2.927325e+01 7.709508e+01 1.005583e+02
      vertex   2.929050e+01 7.551858e+01 1.020973e+02
      vertex   2.944597e+01 7.551858e+01 1.018295e+02
    endloop
  endfacet
  facet normal 7.682702e-01 4.506891e-01 4.545769e-01
    outer loop
      vertex   2.927325e+01 7.709508e+01 1.005583e+02
      vertex   2.944597e+01 7.551858e+01 1.018295e+02
      vertex   2.948215e+01 7.692171e+01 1.003772e+02
    endloop
  endfacet
  facet normal 6.333695e-01 5.485851e-01 5.457998e-01
    outer loop
      vertex   2.948215e+01 7.692171e+01 1.003772e+02
      vertex   2.944597e+01 7.551858e+01 1.018295e+02
      vertex   2.963540e+01 7.551859e+01 1.016096e+02
    endloop
  endfacet
  facet normal 5.764307e-01 5.738961e-01 5.816966e-01
    outer loop
      vertex   2.948215e+01 7.692171e+01 1.003772e+02
      vertex   2.963540e+01 7.551859e+01 1.016096e+02
      vertex   2.974880e+01 7.679171e+01 1.002412e+02
    endloop
  endfacet
  facet normal 4.699516e-01 6.264968e-01 6.218097e-01
    outer loop
      vertex   2.974880e+01 7.679171e+01 1.002412e+02
      vertex   2.963540e+01 7.551859e+01 1.016096e+02
      vertex   2.985152e+01 7.551861e+01 1.014463e+02
    endloop
  endfacet
  facet normal 3.452763e-01 6.597020e-01 6.675160e-01
    outer loop
      vertex   2.974880e+01 7.679171e+01 1.002412e+02
      vertex   2.985152e+01 7.551861e+01 1.014463e+02
      vertex   3.005506e+01 7.671393e+01 1.001597e+02
    endloop
  endfacet
  facet normal 2.897713e-01 6.778970e-01 6.756392e-01
    outer loop
      vertex   3.005506e+01 7.671393e+01 1.001597e+02
      vertex   2.985152e+01 7.551861e+01 1.014463e+02
      vertex   3.008601e+01 7.551862e+01 1.013457e+02
    endloop
  endfacet
  facet normal 1.468264e-01 6.986251e-01 7.002607e-01
    outer loop
      vertex   3.005506e+01 7.671393e+01 1.001597e+02
      vertex   3.008601e+01 7.551862e+01 1.013457e+02
      vertex   3.020736e+01 7.551862e+01 1.013202e+02
    endloop
  endfacet
  facet normal 9.058599e-02 6.996616e-01 7.087085e-01
    outer loop
      vertex   3.005506e+01 7.671393e+01 1.001597e+02
      vertex   3.020736e+01 7.551862e+01 1.013202e+02
      vertex   3.038003e+01 7.669367e+01 1.001381e+02
    endloop
  endfacet
  facet normal -8.559195e-04 7.219918e-01 -6.919011e-01
    outer loop
      vertex   3.037827e+01 7.900372e+01 9.676746e+01
      vertex   3.088635e+01 7.905829e+01 9.682377e+01
      vertex   3.037827e+01 6.466837e+01 8.180867e+01
    endloop
  endfacet
  facet normal -8.559195e-04 7.219918e-01 -6.919011e-01
    outer loop
      vertex   3.037827e+01 6.466837e+01 8.180867e+01
      vertex   3.088635e+01 7.905829e+01 9.682377e+01
      vertex   3.135765e+01 7.920065e+01 9.697174e+01
    endloop
  endfacet
  facet normal -8.559195e-04 7.219918e-01 -6.919011e-01
    outer loop
      vertex   3.037827e+01 6.466837e+01 8.180867e+01
      vertex   3.135765e+01 7.920065e+01 9.697174e+01
      vertex   3.176104e+01 7.942141e+01 9.720160e+01
    endloop
  endfacet
  facet normal -8.559195e-04 7.219918e-01 -6.919011e-01
    outer loop
      vertex   3.037827e+01 6.466837e+01 8.180867e+01
      vertex   3.176104e+01 7.942141e+01 9.720160e+01
      vertex   6.958554e+01 6.469070e+01 8.178346e+01
    endloop
  endfacet
  facet normal -8.559195e-04 7.219918e-01 -6.919011e-01
    outer loop
      vertex   6.958554e+01 6.469070e+01 8.178346e+01
      vertex   3.176104e+01 7.942141e+01 9.720160e+01
      vertex   3.206986e+01 7.970597e+01 9.749815e+01
    endloop
  endfacet
  facet normal -8.559195e-04 7.219918e-01 -6.919011e-01
    outer loop
      vertex   6.958554e+01 6.469070e+01 8.178346e+01
      vertex   3.206986e+01 7.970597e+01 9.749815e+01
      vertex   3.226371e+01 8.003553e+01 9.784181e+01
    endloop
  endfacet
  facet normal -8.559195e-04 7.219918e-01 -6.919011e-01
    outer loop
      vertex   6.958554e+01 6.469070e+01 8.178346e+01
      vertex   3.226371e+01 8.003553e+01 9.784181e+01
      vertex   8.351836e+01 8.335885e+01 1.012463e+02
    endloop
  endfacet
  facet normal -8.559195e-04 7.219918e-01 -6.919011e-01
    outer loop
      vertex   8.351836e+01 8.335885e+01 1.012463e+02
      vertex   3.226371e+01 8.003553e+01 9.784181e+01
      vertex   3.232979e+01 8.038832e+01 9.820986e+01
    endloop
  endfacet
  facet normal -8.559195e-04 7.219918e-01 -6.919011e-01
    outer loop
      vertex   8.351836e+01 8.335885e+01 1.012463e+02
      vertex   3.232979e+01 8.038832e+01 9.820986e+01
      vertex   3.226371e+01 8.074103e+01 9.857799e+01
    endloop
  endfacet
  facet normal -8.559195e-04 7.219918e-01 -6.919011e-01
    outer loop
      vertex   3.226371e+01 8.074103e+01 9.857799e+01
      vertex   3.206986e+01 8.107035e+01 9.892188e+01
      vertex   8.351836e+01 8.335885e+01 1.012463e+02
    endloop
  endfacet
  facet normal -8.559195e-04 7.219918e-01 -6.919011e-01
    outer loop
      vertex   8.351836e+01 8.335885e+01 1.012463e+02
      vertex   3.206986e+01 8.107035e+01 9.892188e+01
      vertex   3.037827e+01 8.332935e+01 1.012812e+02
    endloop
  endfacet
  facet normal -8.559195e-04 7.219918e-01 -6.919011e-01
    outer loop
      vertex   3.037827e+01 8.332935e+01 1.012812e+02
      vertex   3.206986e+01 8.107035e+01 9.892188e+01
      vertex   3.176104e+01 8.135453e+01 9.921879e+01
    endloop
  endfacet
  facet normal -8.559195e-04 7.219918e-01 -6.919011e-01
    outer loop
      vertex   3.037827e+01 8.332935e+01 1.012812e+02
      vertex   3.176104e+01 8.135453e+01 9.921879e+01
      vertex   3.135765e+01 8.157479e+01 9.944913e+01
    endloop
  endfacet
  facet normal -8.559195e-04 7.219918e-01 -6.919011e-01
    outer loop
      vertex   3.135765e+01 8.157479e+01 9.944913e+01
      vertex   3.088635e+01 8.171657e+01 9.959766e+01
      vertex   3.037827e+01 8.332935e+01 1.012812e+02
    endloop
  endfacet
  facet normal -8.559195e-04 7.219918e-01 -6.919011e-01
    outer loop
      vertex   3.037827e+01 8.332935e+01 1.012812e+02
      vertex   3.088635e+01 8.171657e+01 9.959766e+01
      vertex   3.037827e+01 8.177051e+01 9.965457e+01
    endloop
  endfacet
  facet normal -8.559195e-04 7.219918e-01 -6.919011e-01
    outer loop
      vertex   8.350051e+01 5.775554e+01 7.452948e+01
      vertex   8.265015e+01 6.252417e+01 7.950655e+01
      vertex   8.351836e+01 8.335885e+01 1.012463e+02
    endloop
  endfacet
  facet normal -8.559195e-04 7.219918e-01 -6.919011e-01
    outer loop
      vertex   8.351836e+01 8.335885e+01 1.012463e+02
      vertex   8.265015e+01 6.252417e+01 7.950655e+01
      vertex   8.243679e+01 6.337856e+01 8.039836e+01
    endloop
  endfacet
  facet normal -8.559195e-04 7.219918e-01 -6.919011e-01
    outer loop
      vertex   8.351836e+01 8.335885e+01 1.012463e+02
      vertex   8.243679e+01 6.337856e+01 8.039836e+01
      vertex   8.191113e+01 6.416543e+01 8.122010e+01
    endloop
  endfacet
  facet normal -8.559195e-04 7.219918e-01 -6.919011e-01
    outer loop
      vertex   6.958483e+01 5.774641e+01 7.453718e+01
      vertex   7.804696e+01 5.906866e+01 7.590646e+01
      vertex   8.350051e+01 5.775554e+01 7.452948e+01
    endloop
  endfacet
  facet normal -8.559195e-04 7.219918e-01 -6.919011e-01
    outer loop
      vertex   8.350051e+01 5.775554e+01 7.452948e+01
      vertex   7.804696e+01 5.906866e+01 7.590646e+01
      vertex   7.928172e+01 5.921707e+01 7.605979e+01
    endloop
  endfacet
  facet normal -8.559195e-04 7.219918e-01 -6.919011e-01
    outer loop
      vertex   8.350051e+01 5.775554e+01 7.452948e+01
      vertex   7.928172e+01 5.921707e+01 7.605979e+01
      vertex   8.041918e+01 5.958155e+01 7.643872e+01
    endloop
  endfacet
  facet normal -8.559195e-04 7.219918e-01 -6.919011e-01
    outer loop
      vertex   6.958554e+01 6.469070e+01 8.178346e+01
      vertex   7.327127e+01 6.139692e+01 7.834189e+01
      vertex   6.958483e+01 5.774641e+01 7.453718e+01
    endloop
  endfacet
  facet normal -8.559195e-04 7.219918e-01 -6.919011e-01
    outer loop
      vertex   6.958483e+01 5.774641e+01 7.453718e+01
      vertex   7.327127e+01 6.139692e+01 7.834189e+01
      vertex   7.379693e+01 6.061006e+01 7.752015e+01
    endloop
  endfacet
  facet normal -8.559195e-04 7.219918e-01 -6.919011e-01
    outer loop
      vertex   6.958483e+01 5.774641e+01 7.453718e+01
      vertex   7.379693e+01 6.061006e+01 7.752015e+01
      vertex   7.459909e+01 5.994433e+01 7.682448e+01
    endloop
  endfacet
  facet normal -8.559195e-04 7.219918e-01 -6.919011e-01
    outer loop
      vertex   7.890900e+01 6.562903e+01 8.275107e+01
      vertex   7.766110e+01 6.570682e+01 8.283379e+01
      vertex   8.351836e+01 8.335885e+01 1.012463e+02
    endloop
  endfacet
  facet normal -8.559195e-04 7.219918e-01 -6.919011e-01
    outer loop
      vertex   8.351836e+01 8.335885e+01 1.012463e+02
      vertex   7.766110e+01 6.570682e+01 8.283379e+01
      vertex   7.642634e+01 6.555841e+01 8.268045e+01
    endloop
  endfacet
  facet normal -8.559195e-04 7.219918e-01 -6.919011e-01
    outer loop
      vertex   8.351836e+01 8.335885e+01 1.012463e+02
      vertex   7.642634e+01 6.555841e+01 8.268045e+01
      vertex   6.958554e+01 6.469070e+01 8.178346e+01
    endloop
  endfacet
  facet normal -8.559195e-04 7.219918e-01 -6.919011e-01
    outer loop
      vertex   6.958554e+01 6.469070e+01 8.178346e+01
      vertex   7.642634e+01 6.555841e+01 8.268045e+01
      vertex   7.528889e+01 6.519393e+01 8.230153e+01
    endloop
  endfacet
  facet normal -8.559195e-04 7.219918e-01 -6.919011e-01
    outer loop
      vertex   6.958554e+01 6.469070e+01 8.178346e+01
      vertex   7.528889e+01 6.519393e+01 8.230153e+01
      vertex   7.432624e+01 6.463822e+01 8.172284e+01
    endloop
  endfacet
  facet normal -8.559195e-04 7.219918e-01 -6.919011e-01
    outer loop
      vertex   7.432624e+01 6.463822e+01 8.172284e+01
      vertex   7.360400e+01 6.392913e+01 8.098381e+01
      vertex   6.958554e+01 6.469070e+01 8.178346e+01
    endloop
  endfacet
  facet normal -8.559195e-04 7.219918e-01 -6.919011e-01
    outer loop
      vertex   6.958554e+01 6.469070e+01 8.178346e+01
      vertex   7.360400e+01 6.392913e+01 8.098381e+01
      vertex   7.317140e+01 6.311501e+01 8.013481e+01
    endloop
  endfacet
  facet normal -8.559195e-04 7.219918e-01 -6.919011e-01
    outer loop
      vertex   6.958554e+01 6.469070e+01 8.178346e+01
      vertex   7.317140e+01 6.311501e+01 8.013481e+01
      vertex   7.305791e+01 6.225132e+01 7.923370e+01
    endloop
  endfacet
  facet normal -8.559195e-04 7.219918e-01 -6.919011e-01
    outer loop
      vertex   7.305791e+01 6.225132e+01 7.923370e+01
      vertex   7.327127e+01 6.139692e+01 7.834189e+01
      vertex   6.958554e+01 6.469070e+01 8.178346e+01
    endloop
  endfacet
  facet normal -8.559195e-04 7.219918e-01 -6.919011e-01
    outer loop
      vertex   7.459909e+01 5.994433e+01 7.682448e+01
      vertex   7.562306e+01 5.944512e+01 7.630229e+01
      vertex   6.958483e+01 5.774641e+01 7.453718e+01
    endloop
  endfacet
  facet normal -8.559195e-04 7.219918e-01 -6.919011e-01
    outer loop
      vertex   6.958483e+01 5.774641e+01 7.453718e+01
      vertex   7.562306e+01 5.944512e+01 7.630229e+01
      vertex   7.679906e+01 5.914645e+01 7.598917e+01
    endloop
  endfacet
  facet normal -8.559195e-04 7.219918e-01 -6.919011e-01
    outer loop
      vertex   6.958483e+01 5.774641e+01 7.453718e+01
      vertex   7.679906e+01 5.914645e+01 7.598917e+01
      vertex   7.804696e+01 5.906866e+01 7.590646e+01
    endloop
  endfacet
  facet normal -8.559195e-04 7.219918e-01 -6.919011e-01
    outer loop
      vertex   8.041918e+01 5.958155e+01 7.643872e+01
      vertex   8.138182e+01 6.013727e+01 7.701741e+01
      vertex   8.350051e+01 5.775554e+01 7.452948e+01
    endloop
  endfacet
  facet normal -8.559195e-04 7.219918e-01 -6.919011e-01
    outer loop
      vertex   8.350051e+01 5.775554e+01 7.452948e+01
      vertex   8.138182e+01 6.013727e+01 7.701741e+01
      vertex   8.210406e+01 6.084635e+01 7.775644e+01
    endloop
  endfacet
  facet normal -8.559195e-04 7.219918e-01 -6.919011e-01
    outer loop
      vertex   8.350051e+01 5.775554e+01 7.452948e+01
      vertex   8.210406e+01 6.084635e+01 7.775644e+01
      vertex   8.253666e+01 6.166048e+01 7.860544e+01
    endloop
  endfacet
  facet normal -8.559195e-04 7.219918e-01 -6.919011e-01
    outer loop
      vertex   8.253666e+01 6.166048e+01 7.860544e+01
      vertex   8.265015e+01 6.252417e+01 7.950655e+01
      vertex   8.350051e+01 5.775554e+01 7.452948e+01
    endloop
  endfacet
  facet normal -8.559195e-04 7.219918e-01 -6.919011e-01
    outer loop
      vertex   8.191113e+01 6.416543e+01 8.122010e+01
      vertex   8.110898e+01 6.483115e+01 8.191577e+01
      vertex   8.351836e+01 8.335885e+01 1.012463e+02
    endloop
  endfacet
  facet normal -8.559195e-04 7.219918e-01 -6.919011e-01
    outer loop
      vertex   8.351836e+01 8.335885e+01 1.012463e+02
      vertex   8.110898e+01 6.483115e+01 8.191577e+01
      vertex   8.008501e+01 6.533036e+01 8.243795e+01
    endloop
  endfacet
  facet normal -8.559195e-04 7.219918e-01 -6.919011e-01
    outer loop
      vertex   8.351836e+01 8.335885e+01 1.012463e+02
      vertex   8.008501e+01 6.533036e+01 8.243795e+01
      vertex   7.890900e+01 6.562903e+01 8.275107e+01
    endloop
  endfacet
  facet normal -9.802724e-01 -2.602222e-02 1.959306e-01
    outer loop
      vertex   -5.186490e+01 1.053138e+01 3.938845e+01
      vertex   -5.188481e+01 1.062266e+01 3.930096e+01
      vertex   -5.484431e+01 -8.498518e+00 2.195453e+01
    endloop
  endfacet
  facet normal -9.802720e-01 -2.602409e-02 1.959326e-01
    outer loop
      vertex   -5.484431e+01 -8.498518e+00 2.195453e+01
      vertex   -5.188481e+01 1.062266e+01 3.930096e+01
      vertex   -5.600373e+01 -1.303970e+01 1.555066e+01
    endloop
  endfacet
  facet normal -9.802720e-01 -2.602415e-02 1.959326e-01
    outer loop
      vertex   -5.484431e+01 -8.498518e+00 2.195453e+01
      vertex   -5.600373e+01 -1.303970e+01 1.555066e+01
      vertex   -5.579283e+01 -1.397103e+01 1.648212e+01
    endloop
  endfacet
  facet normal -9.802720e-01 -2.602415e-02 1.959326e-01
    outer loop
      vertex   -5.325163e+01 -8.456429e+00 2.992846e+01
      vertex   -5.163517e+01 8.696202e-01 3.925451e+01
      vertex   -5.484431e+01 -8.498518e+00 2.195453e+01
    endloop
  endfacet
  facet normal -9.802720e-01 -2.602415e-02 1.959326e-01
    outer loop
      vertex   -5.484431e+01 -8.498518e+00 2.195453e+01
      vertex   -5.163517e+01 8.696202e-01 3.925451e+01
      vertex   -5.186490e+01 1.053138e+01 3.938845e+01
    endloop
  endfacet
  facet normal 1.591809e-01 -7.121452e-01 6.837475e-01
    outer loop
      vertex   -4.329563e+01 6.018191e+01 8.905295e+01
      vertex   -4.329517e+01 6.018455e+01 8.905560e+01
      vertex   -4.856250e+01 7.551458e+01 1.062486e+02
    endloop
  endfacet
  facet normal 1.555544e-01 -7.131512e-01 6.835336e-01
    outer loop
      vertex   -4.856250e+01 7.551458e+01 1.062486e+02
      vertex   -4.329517e+01 6.018455e+01 8.905560e+01
      vertex   -4.090002e+01 7.394423e+01 1.028664e+02
    endloop
  endfacet
  facet normal 1.555544e-01 -7.131512e-01 6.835336e-01
    outer loop
      vertex   -4.856250e+01 7.551458e+01 1.062486e+02
      vertex   -4.090002e+01 7.394423e+01 1.028664e+02
      vertex   -3.610268e+01 7.407159e+01 1.019075e+02
    endloop
  endfacet
  facet normal 1.555544e-01 -7.131512e-01 6.835336e-01
    outer loop
      vertex   -3.849830e+01 6.030927e+01 8.809408e+01
      vertex   -2.152671e+01 6.022750e+01 8.414647e+01
      vertex   -3.610268e+01 7.407159e+01 1.019075e+02
    endloop
  endfacet
  facet normal 1.555544e-01 -7.131512e-01 6.835336e-01
    outer loop
      vertex   -3.610268e+01 7.407159e+01 1.019075e+02
      vertex   -2.152671e+01 6.022750e+01 8.414647e+01
      vertex   -2.089700e+01 6.104742e+01 8.485861e+01
    endloop
  endfacet
  facet normal 1.555544e-01 -7.131512e-01 6.835336e-01
    outer loop
      vertex   -3.610268e+01 7.407159e+01 1.019075e+02
      vertex   -2.089700e+01 6.104742e+01 8.485861e+01
      vertex   -2.000837e+01 6.175783e+01 8.539758e+01
    endloop
  endfacet
  facet normal 1.555544e-01 -7.131512e-01 6.835336e-01
    outer loop
      vertex   -4.137303e+01 6.023296e+01 8.866867e+01
      vertex   -3.989841e+01 5.226593e+01 8.002085e+01
      vertex   -3.849830e+01 6.030927e+01 8.809408e+01
    endloop
  endfacet
  facet normal 1.555544e-01 -7.131512e-01 6.835336e-01
    outer loop
      vertex   -3.849830e+01 6.030927e+01 8.809408e+01
      vertex   -3.989841e+01 5.226593e+01 8.002085e+01
      vertex   -2.185456e+01 5.935394e+01 8.330967e+01
    endloop
  endfacet
  facet normal 1.555544e-01 -7.131512e-01 6.835336e-01
    outer loop
      vertex   -3.849830e+01 6.030927e+01 8.809408e+01
      vertex   -2.185456e+01 5.935394e+01 8.330967e+01
      vertex   -2.152671e+01 6.022750e+01 8.414647e+01
    endloop
  endfacet
  facet normal 1.555544e-01 -7.131512e-01 6.835336e-01
    outer loop
      vertex   -4.137303e+01 6.023296e+01 8.866867e+01
      vertex   -4.288499e+01 5.154708e+01 7.995051e+01
      vertex   -3.989841e+01 5.226593e+01 8.002085e+01
    endloop
  endfacet
  facet normal 1.555544e-01 -7.131512e-01 6.835336e-01
    outer loop
      vertex   -3.989841e+01 5.226593e+01 8.002085e+01
      vertex   -4.288499e+01 5.154708e+01 7.995051e+01
      vertex   -4.751286e+01 2.496089e+01 5.326552e+01
    endloop
  endfacet
  facet normal 1.555544e-01 -7.131512e-01 6.835336e-01
    outer loop
      vertex   -3.989841e+01 5.226593e+01 8.002085e+01
      vertex   -4.751286e+01 2.496089e+01 5.326552e+01
      vertex   -4.712642e+01 1.074249e+01 3.834310e+01
    endloop
  endfacet
  facet normal 1.555544e-01 -7.131512e-01 6.835336e-01
    outer loop
      vertex   -4.712642e+01 1.074249e+01 3.834310e+01
      vertex   -4.751286e+01 2.496089e+01 5.326552e+01
      vertex   -5.000047e+01 1.067012e+01 3.892164e+01
    endloop
  endfacet
  facet normal 1.555544e-01 -7.131512e-01 6.835336e-01
    outer loop
      vertex   -4.751286e+01 2.496089e+01 5.326552e+01
      vertex   -4.288499e+01 5.154708e+01 7.995051e+01
      vertex   -4.940810e+01 2.491316e+01 5.364703e+01
    endloop
  endfacet
  facet normal 1.555544e-01 -7.131512e-01 6.835336e-01
    outer loop
      vertex   -4.940810e+01 2.491316e+01 5.364703e+01
      vertex   -4.288499e+01 5.154708e+01 7.995051e+01
      vertex   -4.480051e+01 5.149884e+01 8.033611e+01
    endloop
  endfacet
  facet normal 1.555544e-01 -7.131512e-01 6.835336e-01
    outer loop
      vertex   -4.940810e+01 2.491316e+01 5.364703e+01
      vertex   -4.480051e+01 5.149884e+01 8.033611e+01
      vertex   -4.856250e+01 7.551458e+01 1.062486e+02
    endloop
  endfacet
  facet normal 1.555527e-01 -7.131515e-01 6.835336e-01
    outer loop
      vertex   -4.856250e+01 7.551458e+01 1.062486e+02
      vertex   -4.480051e+01 5.149884e+01 8.033611e+01
      vertex   -4.329563e+01 6.018191e+01 8.905295e+01
    endloop
  endfacet
  facet normal 1.555544e-01 -7.131512e-01 6.835336e-01
    outer loop
      vertex   -1.266826e+01 5.865348e+01 8.048829e+01
      vertex   -8.828293e+00 5.572478e+01 7.655881e+01
      vertex   -1.234040e+01 5.952703e+01 8.132508e+01
    endloop
  endfacet
  facet normal 1.555544e-01 -7.131512e-01 6.835336e-01
    outer loop
      vertex   -1.234040e+01 5.952703e+01 8.132508e+01
      vertex   -8.828293e+00 5.572478e+01 7.655881e+01
      vertex   -8.828993e+00 6.262761e+01 8.376091e+01
    endloop
  endfacet
  facet normal 1.555544e-01 -7.131512e-01 6.835336e-01
    outer loop
      vertex   -1.234040e+01 5.952703e+01 8.132508e+01
      vertex   -8.828993e+00 6.262761e+01 8.376091e+01
      vertex   -1.233673e+01 6.039469e+01 8.222950e+01
    endloop
  endfacet
  facet normal 1.555544e-01 -7.131512e-01 6.835336e-01
    outer loop
      vertex   -1.233673e+01 6.039469e+01 8.222950e+01
      vertex   -8.828993e+00 6.262761e+01 8.376091e+01
      vertex   -1.265750e+01 6.119732e+01 8.313991e+01
    endloop
  endfacet
  facet normal 1.555544e-01 -7.131512e-01 6.835336e-01
    outer loop
      vertex   -1.265750e+01 6.119732e+01 8.313991e+01
      vertex   -8.828993e+00 6.262761e+01 8.376091e+01
      vertex   -1.328085e+01 6.188022e+01 8.399426e+01
    endloop
  endfacet
  facet normal 1.555544e-01 -7.131512e-01 6.835336e-01
    outer loop
      vertex   -1.328085e+01 6.188022e+01 8.399426e+01
      vertex   -8.828993e+00 6.262761e+01 8.376091e+01
      vertex   -3.227039e+00 7.551691e+01 9.593384e+01
    endloop
  endfacet
  facet normal 1.555544e-01 -7.131512e-01 6.835336e-01
    outer loop
      vertex   -1.328085e+01 6.188022e+01 8.399426e+01
      vertex   -3.227039e+00 7.551691e+01 9.593384e+01
      vertex   -1.416429e+01 6.239686e+01 8.473434e+01
    endloop
  endfacet
  facet normal 1.555544e-01 -7.131512e-01 6.835336e-01
    outer loop
      vertex   -1.416429e+01 6.239686e+01 8.473434e+01
      vertex   -3.227039e+00 7.551691e+01 9.593384e+01
      vertex   -1.524762e+01 6.271203e+01 8.530970e+01
    endloop
  endfacet
  facet normal 1.555544e-01 -7.131512e-01 6.835336e-01
    outer loop
      vertex   -1.524762e+01 6.271203e+01 8.530970e+01
      vertex   -3.227039e+00 7.551691e+01 9.593384e+01
      vertex   -1.645702e+01 6.280425e+01 8.568114e+01
    endloop
  endfacet
  facet normal 1.555544e-01 -7.131512e-01 6.835336e-01
    outer loop
      vertex   -1.645702e+01 6.280425e+01 8.568114e+01
      vertex   -3.227039e+00 7.551691e+01 9.593384e+01
      vertex   -1.771007e+01 6.266723e+01 8.582335e+01
    endloop
  endfacet
  facet normal 1.555544e-01 -7.131512e-01 6.835336e-01
    outer loop
      vertex   -1.771007e+01 6.266723e+01 8.582335e+01
      vertex   -3.227039e+00 7.551691e+01 9.593384e+01
      vertex   -1.892137e+01 6.231032e+01 8.572663e+01
    endloop
  endfacet
  facet normal 1.555544e-01 -7.131512e-01 6.835336e-01
    outer loop
      vertex   -1.892137e+01 6.231032e+01 8.572663e+01
      vertex   -3.227039e+00 7.551691e+01 9.593384e+01
      vertex   -3.610268e+01 7.407159e+01 1.019075e+02
    endloop
  endfacet
  facet normal 1.555544e-01 -7.131512e-01 6.835336e-01
    outer loop
      vertex   -1.892137e+01 6.231032e+01 8.572663e+01
      vertex   -3.610268e+01 7.407159e+01 1.019075e+02
      vertex   -2.000837e+01 6.175783e+01 8.539758e+01
    endloop
  endfacet
  facet normal 1.555544e-01 -7.131512e-01 6.835336e-01
    outer loop
      vertex   -1.266826e+01 5.865348e+01 8.048829e+01
      vertex   -1.329796e+01 5.783355e+01 7.977615e+01
      vertex   -8.828293e+00 5.572478e+01 7.655881e+01
    endloop
  endfacet
  facet normal 1.555544e-01 -7.131512e-01 6.835336e-01
    outer loop
      vertex   -8.828293e+00 5.572478e+01 7.655881e+01
      vertex   -1.329796e+01 5.783355e+01 7.977615e+01
      vertex   -1.418659e+01 5.712314e+01 7.923718e+01
    endloop
  endfacet
  facet normal 1.555544e-01 -7.131512e-01 6.835336e-01
    outer loop
      vertex   -8.828293e+00 5.572478e+01 7.655881e+01
      vertex   -1.418659e+01 5.712314e+01 7.923718e+01
      vertex   -1.527360e+01 5.657065e+01 7.890813e+01
    endloop
  endfacet
  facet normal 1.555544e-01 -7.131512e-01 6.835336e-01
    outer loop
      vertex   -1.527360e+01 5.657065e+01 7.890813e+01
      vertex   -1.648490e+01 5.621374e+01 7.881141e+01
      vertex   -8.828293e+00 5.572478e+01 7.655881e+01
    endloop
  endfacet
  facet normal 1.555544e-01 -7.131512e-01 6.835336e-01
    outer loop
      vertex   -8.828293e+00 5.572478e+01 7.655881e+01
      vertex   -1.648490e+01 5.621374e+01 7.881141e+01
      vertex   -1.773795e+01 5.607672e+01 7.895361e+01
    endloop
  endfacet
  facet normal 1.555544e-01 -7.131512e-01 6.835336e-01
    outer loop
      vertex   -8.828293e+00 5.572478e+01 7.655881e+01
      vertex   -1.773795e+01 5.607672e+01 7.895361e+01
      vertex   -3.989841e+01 5.226593e+01 8.002085e+01
    endloop
  endfacet
  facet normal 1.555544e-01 -7.131512e-01 6.835336e-01
    outer loop
      vertex   -3.989841e+01 5.226593e+01 8.002085e+01
      vertex   -1.773795e+01 5.607672e+01 7.895361e+01
      vertex   -1.894734e+01 5.616894e+01 7.932506e+01
    endloop
  endfacet
  facet normal 1.555544e-01 -7.131512e-01 6.835336e-01
    outer loop
      vertex   -3.989841e+01 5.226593e+01 8.002085e+01
      vertex   -1.894734e+01 5.616894e+01 7.932506e+01
      vertex   -2.003068e+01 5.648411e+01 7.990042e+01
    endloop
  endfacet
  facet normal 1.555544e-01 -7.131512e-01 6.835336e-01
    outer loop
      vertex   -2.003068e+01 5.648411e+01 7.990042e+01
      vertex   -2.091412e+01 5.700075e+01 8.064050e+01
      vertex   -3.989841e+01 5.226593e+01 8.002085e+01
    endloop
  endfacet
  facet normal 1.555544e-01 -7.131512e-01 6.835336e-01
    outer loop
      vertex   -3.989841e+01 5.226593e+01 8.002085e+01
      vertex   -2.091412e+01 5.700075e+01 8.064050e+01
      vertex   -2.153747e+01 5.768366e+01 8.149485e+01
    endloop
  endfacet
  facet normal 1.555544e-01 -7.131512e-01 6.835336e-01
    outer loop
      vertex   -3.989841e+01 5.226593e+01 8.002085e+01
      vertex   -2.153747e+01 5.768366e+01 8.149485e+01
      vertex   -2.185823e+01 5.848629e+01 8.240525e+01
    endloop
  endfacet
  facet normal 1.555544e-01 -7.131512e-01 6.835336e-01
    outer loop
      vertex   -2.185823e+01 5.848629e+01 8.240525e+01
      vertex   -2.185456e+01 5.935394e+01 8.330967e+01
      vertex   -3.989841e+01 5.226593e+01 8.002085e+01
    endloop
  endfacet
  facet normal 1.555544e-01 -7.131512e-01 6.835336e-01
    outer loop
      vertex   -6.464315e+01 -1.400469e+01 1.650997e+01
      vertex   -5.600373e+01 -1.303970e+01 1.555066e+01
      vertex   -6.464315e+01 -1.399961e+01 1.651527e+01
    endloop
  endfacet
  facet normal 1.555544e-01 -7.131512e-01 6.835336e-01
    outer loop
      vertex   -6.464315e+01 -1.399961e+01 1.651527e+01
      vertex   -5.600373e+01 -1.303970e+01 1.555066e+01
      vertex   -5.188481e+01 1.062266e+01 3.930096e+01
    endloop
  endfacet
  facet normal 1.555544e-01 -7.131512e-01 6.835336e-01
    outer loop
      vertex   -6.464315e+01 -1.399961e+01 1.651527e+01
      vertex   -5.188481e+01 1.062266e+01 3.930096e+01
      vertex   -6.562694e+01 -1.410949e+01 1.662450e+01
    endloop
  endfacet
  facet normal 1.555544e-01 -7.131512e-01 6.835336e-01
    outer loop
      vertex   -6.562694e+01 -1.410949e+01 1.662450e+01
      vertex   -5.188481e+01 1.062266e+01 3.930096e+01
      vertex   -4.940810e+01 2.491316e+01 5.364703e+01
    endloop
  endfacet
  facet normal 1.555544e-01 -7.131512e-01 6.835336e-01
    outer loop
      vertex   -6.562694e+01 -1.410949e+01 1.662450e+01
      vertex   -4.940810e+01 2.491316e+01 5.364703e+01
      vertex   -4.856250e+01 7.551458e+01 1.062486e+02
    endloop
  endfacet
  facet normal 1.555544e-01 -7.131512e-01 6.835336e-01
    outer loop
      vertex   -8.828993e+00 6.262761e+01 8.376091e+01
      vertex   -3.228324e+00 6.326459e+01 8.315092e+01
      vertex   -3.227039e+00 7.551691e+01 9.593384e+01
    endloop
  endfacet
  facet normal 1.555544e-01 -7.131512e-01 6.835336e-01
    outer loop
      vertex   -3.227039e+00 7.551691e+01 9.593384e+01
      vertex   -4.856250e+01 7.551458e+01 1.062486e+02
      vertex   -3.610268e+01 7.407159e+01 1.019075e+02
    endloop
  endfacet
  facet normal 9.802720e-01 -2.602415e-02 1.959326e-01
    outer loop
      vertex   1.164637e+02 -1.396397e+01 1.647087e+01
      vertex   1.166747e+02 -1.303222e+01 1.553899e+01
      vertex   1.155147e+02 -8.488943e+00 2.194600e+01
    endloop
  endfacet
  facet normal 9.802720e-01 -2.602415e-02 1.959326e-01
    outer loop
      vertex   1.155147e+02 -8.488943e+00 2.194600e+01
      vertex   1.166747e+02 -1.303222e+01 1.553899e+01
      vertex   1.125553e+02 1.063304e+01 3.929220e+01
    endloop
  endfacet
  facet normal 9.802720e-01 -2.602415e-02 1.959326e-01
    outer loop
      vertex   1.155147e+02 -8.488943e+00 2.194600e+01
      vertex   1.125553e+02 1.063304e+01 3.929220e+01
      vertex   1.125354e+02 1.054176e+01 3.937969e+01
    endloop
  endfacet
  facet normal 9.802720e-01 -2.602415e-02 1.959326e-01
    outer loop
      vertex   1.125354e+02 1.054176e+01 3.937969e+01
      vertex   1.123052e+02 8.605946e-01 3.924548e+01
      vertex   1.155147e+02 -8.488943e+00 2.194600e+01
    endloop
  endfacet
  facet normal 9.802720e-01 -2.602415e-02 1.959326e-01
    outer loop
      vertex   1.155147e+02 -8.488943e+00 2.194600e+01
      vertex   1.123052e+02 8.605946e-01 3.924548e+01
      vertex   1.139184e+02 -8.446758e+00 2.993813e+01
    endloop
  endfacet
  facet normal -1.555544e-01 -7.131512e-01 6.835336e-01
    outer loop
      vertex   1.049261e+02 5.459042e+01 8.341806e+01
      vertex   1.040799e+02 5.945160e+01 8.829731e+01
      vertex   1.030083e+02 5.463872e+01 8.303200e+01
    endloop
  endfacet
  facet normal -1.555544e-01 -7.131512e-01 6.835336e-01
    outer loop
      vertex   1.030083e+02 5.463872e+01 8.303200e+01
      vertex   1.040799e+02 5.945160e+01 8.829731e+01
      vertex   9.938243e+01 5.957631e+01 8.735839e+01
    endloop
  endfacet
  facet normal -1.555544e-01 -7.131512e-01 6.835336e-01
    outer loop
      vertex   1.030083e+02 5.463872e+01 8.303200e+01
      vertex   9.938243e+01 5.957631e+01 8.735839e+01
      vertex   1.006550e+02 5.226593e+01 8.002085e+01
    endloop
  endfacet
  facet normal -1.555544e-01 -7.131512e-01 6.835336e-01
    outer loop
      vertex   1.006550e+02 5.226593e+01 8.002085e+01
      vertex   9.938243e+01 5.957631e+01 8.735839e+01
      vertex   8.261111e+01 5.935394e+01 8.330967e+01
    endloop
  endfacet
  facet normal -1.555544e-01 -7.131512e-01 6.835336e-01
    outer loop
      vertex   1.006550e+02 5.226593e+01 8.002085e+01
      vertex   8.261111e+01 5.935394e+01 8.330967e+01
      vertex   8.261478e+01 5.848629e+01 8.240525e+01
    endloop
  endfacet
  facet normal -1.555544e-01 -7.131512e-01 6.835336e-01
    outer loop
      vertex   1.040799e+02 5.945160e+01 8.829731e+01
      vertex   1.049261e+02 5.459042e+01 8.341806e+01
      vertex   1.093175e+02 7.552268e+01 1.062567e+02
    endloop
  endfacet
  facet normal -1.555544e-01 -7.131512e-01 6.835336e-01
    outer loop
      vertex   1.093175e+02 7.552268e+01 1.062567e+02
      vertex   1.049261e+02 5.459042e+01 8.341806e+01
      vertex   1.074028e+02 4.029993e+01 6.907199e+01
    endloop
  endfacet
  facet normal -1.555544e-01 -7.131512e-01 6.835336e-01
    outer loop
      vertex   1.093175e+02 7.552268e+01 1.062567e+02
      vertex   1.074028e+02 4.029993e+01 6.907199e+01
      vertex   1.263838e+02 -1.411091e+01 1.662309e+01
    endloop
  endfacet
  facet normal -1.555544e-01 -7.131512e-01 6.835336e-01
    outer loop
      vertex   1.263838e+02 -1.411091e+01 1.662309e+01
      vertex   1.074028e+02 4.029993e+01 6.907199e+01
      vertex   1.100677e+02 2.492381e+01 5.363608e+01
    endloop
  endfacet
  facet normal -1.555544e-01 -7.131512e-01 6.835336e-01
    outer loop
      vertex   1.263838e+02 -1.411091e+01 1.662309e+01
      vertex   1.100677e+02 2.492381e+01 5.363608e+01
      vertex   1.125553e+02 1.063304e+01 3.929220e+01
    endloop
  endfacet
  facet normal -1.555544e-01 -7.131512e-01 6.835336e-01
    outer loop
      vertex   1.125553e+02 1.063304e+01 3.929220e+01
      vertex   1.100677e+02 2.492381e+01 5.363608e+01
      vertex   1.125444e+02 1.063332e+01 3.929001e+01
    endloop
  endfacet
  facet normal -1.555544e-01 -7.131512e-01 6.835336e-01
    outer loop
      vertex   1.074028e+02 4.029993e+01 6.907199e+01
      vertex   1.054959e+02 4.034795e+01 6.868812e+01
      vertex   1.100677e+02 2.492381e+01 5.363608e+01
    endloop
  endfacet
  facet normal -1.555544e-01 -7.131512e-01 6.835336e-01
    outer loop
      vertex   1.100677e+02 2.492381e+01 5.363608e+01
      vertex   1.054959e+02 4.034795e+01 6.868812e+01
      vertex   1.081725e+02 2.497154e+01 5.325457e+01
    endloop
  endfacet
  facet normal -1.555544e-01 -7.131512e-01 6.835336e-01
    outer loop
      vertex   1.081725e+02 2.497154e+01 5.325457e+01
      vertex   1.054959e+02 4.034795e+01 6.868812e+01
      vertex   1.006550e+02 5.226593e+01 8.002085e+01
    endloop
  endfacet
  facet normal -1.555544e-01 -7.131512e-01 6.835336e-01
    outer loop
      vertex   1.081725e+02 2.497154e+01 5.325457e+01
      vertex   1.006550e+02 5.226593e+01 8.002085e+01
      vertex   1.078815e+02 1.075074e+01 3.835138e+01
    endloop
  endfacet
  facet normal -1.555544e-01 -7.131512e-01 6.835336e-01
    outer loop
      vertex   1.054959e+02 4.034795e+01 6.868812e+01
      vertex   1.030083e+02 5.463872e+01 8.303200e+01
      vertex   1.006550e+02 5.226593e+01 8.002085e+01
    endloop
  endfacet
  facet normal -1.555544e-01 -7.131512e-01 6.835336e-01
    outer loop
      vertex   7.309328e+01 6.039469e+01 8.222950e+01
      vertex   6.958554e+01 6.262761e+01 8.376091e+01
      vertex   7.309695e+01 5.952703e+01 8.132508e+01
    endloop
  endfacet
  facet normal -1.555544e-01 -7.131512e-01 6.835336e-01
    outer loop
      vertex   7.309695e+01 5.952703e+01 8.132508e+01
      vertex   6.958554e+01 6.262761e+01 8.376091e+01
      vertex   6.958484e+01 5.572478e+01 7.655881e+01
    endloop
  endfacet
  facet normal -1.555544e-01 -7.131512e-01 6.835336e-01
    outer loop
      vertex   7.309695e+01 5.952703e+01 8.132508e+01
      vertex   6.958484e+01 5.572478e+01 7.655881e+01
      vertex   7.342481e+01 5.865348e+01 8.048829e+01
    endloop
  endfacet
  facet normal -1.555544e-01 -7.131512e-01 6.835336e-01
    outer loop
      vertex   7.342481e+01 5.865348e+01 8.048829e+01
      vertex   6.958484e+01 5.572478e+01 7.655881e+01
      vertex   7.405451e+01 5.783355e+01 7.977615e+01
    endloop
  endfacet
  facet normal -1.555544e-01 -7.131512e-01 6.835336e-01
    outer loop
      vertex   7.405451e+01 5.783355e+01 7.977615e+01
      vertex   6.958484e+01 5.572478e+01 7.655881e+01
      vertex   7.494314e+01 5.712314e+01 7.923718e+01
    endloop
  endfacet
  facet normal -1.555544e-01 -7.131512e-01 6.835336e-01
    outer loop
      vertex   7.494314e+01 5.712314e+01 7.923718e+01
      vertex   6.958484e+01 5.572478e+01 7.655881e+01
      vertex   7.603015e+01 5.657065e+01 7.890813e+01
    endloop
  endfacet
  facet normal -1.555544e-01 -7.131512e-01 6.835336e-01
    outer loop
      vertex   7.603015e+01 5.657065e+01 7.890813e+01
      vertex   6.958484e+01 5.572478e+01 7.655881e+01
      vertex   7.724145e+01 5.621374e+01 7.881141e+01
    endloop
  endfacet
  facet normal -1.555544e-01 -7.131512e-01 6.835336e-01
    outer loop
      vertex   7.724145e+01 5.621374e+01 7.881141e+01
      vertex   6.958484e+01 5.572478e+01 7.655881e+01
      vertex   7.849449e+01 5.607672e+01 7.895361e+01
    endloop
  endfacet
  facet normal -1.555544e-01 -7.131512e-01 6.835336e-01
    outer loop
      vertex   7.849449e+01 5.607672e+01 7.895361e+01
      vertex   6.958484e+01 5.572478e+01 7.655881e+01
      vertex   1.006550e+02 5.226593e+01 8.002085e+01
    endloop
  endfacet
  facet normal -1.555544e-01 -7.131512e-01 6.835336e-01
    outer loop
      vertex   7.849449e+01 5.607672e+01 7.895361e+01
      vertex   1.006550e+02 5.226593e+01 8.002085e+01
      vertex   7.970389e+01 5.616894e+01 7.932506e+01
    endloop
  endfacet
  facet normal -1.555544e-01 -7.131512e-01 6.835336e-01
    outer loop
      vertex   7.970389e+01 5.616894e+01 7.932506e+01
      vertex   1.006550e+02 5.226593e+01 8.002085e+01
      vertex   8.078723e+01 5.648411e+01 7.990042e+01
    endloop
  endfacet
  facet normal -1.555544e-01 -7.131512e-01 6.835336e-01
    outer loop
      vertex   8.078723e+01 5.648411e+01 7.990042e+01
      vertex   1.006550e+02 5.226593e+01 8.002085e+01
      vertex   8.167067e+01 5.700075e+01 8.064050e+01
    endloop
  endfacet
  facet normal -1.555544e-01 -7.131512e-01 6.835336e-01
    outer loop
      vertex   8.167067e+01 5.700075e+01 8.064050e+01
      vertex   1.006550e+02 5.226593e+01 8.002085e+01
      vertex   8.229401e+01 5.768366e+01 8.149485e+01
    endloop
  endfacet
  facet normal -1.555544e-01 -7.131512e-01 6.835336e-01
    outer loop
      vertex   8.229401e+01 5.768366e+01 8.149485e+01
      vertex   1.006550e+02 5.226593e+01 8.002085e+01
      vertex   8.261478e+01 5.848629e+01 8.240525e+01
    endloop
  endfacet
  facet normal -1.555544e-01 -7.131512e-01 6.835336e-01
    outer loop
      vertex   7.309328e+01 6.039469e+01 8.222950e+01
      vertex   7.341405e+01 6.119732e+01 8.313991e+01
      vertex   6.958554e+01 6.262761e+01 8.376091e+01
    endloop
  endfacet
  facet normal -1.555544e-01 -7.131512e-01 6.835336e-01
    outer loop
      vertex   6.958554e+01 6.262761e+01 8.376091e+01
      vertex   7.341405e+01 6.119732e+01 8.313991e+01
      vertex   7.403739e+01 6.188022e+01 8.399426e+01
    endloop
  endfacet
  facet normal -1.555544e-01 -7.131512e-01 6.835336e-01
    outer loop
      vertex   6.958554e+01 6.262761e+01 8.376091e+01
      vertex   7.403739e+01 6.188022e+01 8.399426e+01
      vertex   6.398313e+01 7.552036e+01 9.593734e+01
    endloop
  endfacet
  facet normal -1.555544e-01 -7.131512e-01 6.835336e-01
    outer loop
      vertex   6.398313e+01 7.552036e+01 9.593734e+01
      vertex   7.403739e+01 6.188022e+01 8.399426e+01
      vertex   7.492083e+01 6.239686e+01 8.473434e+01
    endloop
  endfacet
  facet normal -1.555544e-01 -7.131512e-01 6.835336e-01
    outer loop
      vertex   6.398313e+01 7.552036e+01 9.593734e+01
      vertex   7.492083e+01 6.239686e+01 8.473434e+01
      vertex   7.600417e+01 6.271203e+01 8.530970e+01
    endloop
  endfacet
  facet normal -1.555544e-01 -7.131512e-01 6.835336e-01
    outer loop
      vertex   7.600417e+01 6.271203e+01 8.530970e+01
      vertex   7.721357e+01 6.280425e+01 8.568114e+01
      vertex   6.398313e+01 7.552036e+01 9.593734e+01
    endloop
  endfacet
  facet normal -1.555544e-01 -7.131512e-01 6.835336e-01
    outer loop
      vertex   6.398313e+01 7.552036e+01 9.593734e+01
      vertex   7.721357e+01 6.280425e+01 8.568114e+01
      vertex   7.846662e+01 6.266723e+01 8.582335e+01
    endloop
  endfacet
  facet normal -1.555544e-01 -7.131512e-01 6.835336e-01
    outer loop
      vertex   6.398313e+01 7.552036e+01 9.593734e+01
      vertex   7.846662e+01 6.266723e+01 8.582335e+01
      vertex   7.967791e+01 6.231032e+01 8.572663e+01
    endloop
  endfacet
  facet normal -1.555544e-01 -7.131512e-01 6.835336e-01
    outer loop
      vertex   6.398313e+01 7.552036e+01 9.593734e+01
      vertex   7.967791e+01 6.231032e+01 8.572663e+01
      vertex   9.685960e+01 7.406947e+01 1.019054e+02
    endloop
  endfacet
  facet normal -1.555544e-01 -7.131512e-01 6.835336e-01
    outer loop
      vertex   9.685960e+01 7.406947e+01 1.019054e+02
      vertex   7.967791e+01 6.231032e+01 8.572663e+01
      vertex   8.076492e+01 6.175783e+01 8.539758e+01
    endloop
  endfacet
  facet normal -1.555544e-01 -7.131512e-01 6.835336e-01
    outer loop
      vertex   9.685960e+01 7.406947e+01 1.019054e+02
      vertex   8.076492e+01 6.175783e+01 8.539758e+01
      vertex   8.165355e+01 6.104742e+01 8.485861e+01
    endloop
  endfacet
  facet normal -1.555544e-01 -7.131512e-01 6.835336e-01
    outer loop
      vertex   8.165355e+01 6.104742e+01 8.485861e+01
      vertex   8.228325e+01 6.022750e+01 8.414647e+01
      vertex   9.685960e+01 7.406947e+01 1.019054e+02
    endloop
  endfacet
  facet normal -1.555544e-01 -7.131512e-01 6.835336e-01
    outer loop
      vertex   9.685960e+01 7.406947e+01 1.019054e+02
      vertex   8.228325e+01 6.022750e+01 8.414647e+01
      vertex   9.938243e+01 5.957631e+01 8.735839e+01
    endloop
  endfacet
  facet normal -1.555544e-01 -7.131512e-01 6.835336e-01
    outer loop
      vertex   9.938243e+01 5.957631e+01 8.735839e+01
      vertex   8.228325e+01 6.022750e+01 8.414647e+01
      vertex   8.261111e+01 5.935394e+01 8.330967e+01
    endloop
  endfacet
  facet normal -1.555544e-01 -7.131512e-01 6.835336e-01
    outer loop
      vertex   6.398313e+01 7.552036e+01 9.593734e+01
      vertex   9.685960e+01 7.406947e+01 1.019054e+02
      vertex   1.093175e+02 7.552268e+01 1.062567e+02
    endloop
  endfacet
  facet normal -1.555544e-01 -7.131512e-01 6.835336e-01
    outer loop
      vertex   1.093175e+02 7.552268e+01 1.062567e+02
      vertex   9.685960e+01 7.406947e+01 1.019054e+02
      vertex   1.015571e+02 7.394476e+01 1.028443e+02
    endloop
  endfacet
  facet normal -1.555544e-01 -7.131512e-01 6.835336e-01
    outer loop
      vertex   1.093175e+02 7.552268e+01 1.062567e+02
      vertex   1.015571e+02 7.394476e+01 1.028443e+02
      vertex   1.040799e+02 5.945160e+01 8.829731e+01
    endloop
  endfacet
  facet normal -1.555544e-01 -7.131512e-01 6.835336e-01
    outer loop
      vertex   1.263838e+02 -1.411091e+01 1.662309e+01
      vertex   1.125553e+02 1.063304e+01 3.929220e+01
      vertex   1.253997e+02 -1.400099e+01 1.651382e+01
    endloop
  endfacet
  facet normal -1.555544e-01 -7.131512e-01 6.835336e-01
    outer loop
      vertex   1.253997e+02 -1.400099e+01 1.651382e+01
      vertex   1.125553e+02 1.063304e+01 3.929220e+01
      vertex   1.166747e+02 -1.303222e+01 1.553899e+01
    endloop
  endfacet
  facet normal -1.555544e-01 -7.131512e-01 6.835336e-01
    outer loop
      vertex   1.253997e+02 -1.400099e+01 1.651382e+01
      vertex   1.166747e+02 -1.303222e+01 1.553899e+01
      vertex   1.253997e+02 -1.400676e+01 1.650780e+01
    endloop
  endfacet
  facet normal -1.555544e-01 -7.131512e-01 6.835336e-01
    outer loop
      vertex   6.398313e+01 7.552036e+01 9.593734e+01
      vertex   6.398441e+01 6.326464e+01 8.315087e+01
      vertex   6.958554e+01 6.262761e+01 8.376091e+01
    endloop
  endfacet
  facet normal -1.555544e-01 -7.131512e-01 6.835336e-01
    outer loop
      vertex   1.078815e+02 1.075074e+01 3.835138e+01
      vertex   1.106601e+02 1.068077e+01 3.891069e+01
      vertex   1.081725e+02 2.497154e+01 5.325457e+01
    endloop
  endfacet
  facet normal -9.999994e-01 1.116765e-03 -7.172128e-05
    outer loop
      vertex   -9.765957e+00 6.812959e+01 8.537088e+01
      vertex   -9.765957e+00 6.812965e+01 8.537082e+01
      vertex   -9.767401e+00 6.674372e+01 8.392473e+01
    endloop
  endfacet
  facet normal -9.999994e-01 1.116765e-03 -7.172125e-05
    outer loop
      vertex   -9.767401e+00 6.674372e+01 8.392473e+01
      vertex   -9.765957e+00 6.812965e+01 8.537082e+01
      vertex   -9.767401e+00 6.674378e+01 8.392467e+01
    endloop
  endfacet
  facet normal -3.674217e-15 -7.071068e-01 7.071068e-01
    outer loop
      vertex   -3.700431e+01 6.360782e+01 1.019927e+02
      vertex   -4.067186e+01 6.434850e+01 1.027334e+02
      vertex   -3.761452e+01 6.009576e+01 9.848065e+01
    endloop
  endfacet
  facet normal -2.701657e-15 -7.071068e-01 7.071068e-01
    outer loop
      vertex   -3.761452e+01 6.009576e+01 9.848065e+01
      vertex   -4.067186e+01 6.434850e+01 1.027334e+02
      vertex   -4.142446e+01 6.000641e+01 9.839130e+01
    endloop
  endfacet
  facet normal 2.376815e-02 -9.996215e-01 -1.385699e-02
    outer loop
      vertex   -3.761452e+01 6.009576e+01 9.848065e+01
      vertex   -4.142446e+01 6.000641e+01 9.839130e+01
      vertex   -3.849833e+01 6.021746e+01 8.818556e+01
    endloop
  endfacet
  facet normal 2.376815e-02 -9.996215e-01 -1.385699e-02
    outer loop
      vertex   -3.849833e+01 6.021746e+01 8.818556e+01
      vertex   -4.142446e+01 6.000641e+01 9.839130e+01
      vertex   -4.327572e+01 6.009063e+01 8.914044e+01
    endloop
  endfacet
  facet normal 1.975485e-01 -8.892278e-03 9.802528e-01
    outer loop
      vertex   -4.803225e+01 1.368832e-01 3.852177e+01
      vertex   -4.712644e+01 1.065071e+01 3.843460e+01
      vertex   -5.163517e+01 8.696202e-01 3.925451e+01
    endloop
  endfacet
  facet normal 1.975485e-01 -8.892278e-03 9.802528e-01
    outer loop
      vertex   -5.163517e+01 8.696202e-01 3.925451e+01
      vertex   -4.712644e+01 1.065071e+01 3.843460e+01
      vertex   -5.186490e+01 1.053138e+01 3.938845e+01
    endloop
  endfacet
  facet normal -4.361234e-15 -7.071068e-01 7.071068e-01
    outer loop
      vertex   -4.803225e+01 1.368832e-01 3.852177e+01
      vertex   -5.163517e+01 8.696202e-01 3.925451e+01
      vertex   -4.945423e+01 -8.047307e+00 3.033758e+01
    endloop
  endfacet
  facet normal -4.472630e-15 -7.071068e-01 7.071068e-01
    outer loop
      vertex   -4.945423e+01 -8.047307e+00 3.033758e+01
      vertex   -5.163517e+01 8.696202e-01 3.925451e+01
      vertex   -5.325163e+01 -8.456429e+00 2.992846e+01
    endloop
  endfacet
  facet normal 1.088596e-01 -9.939202e-01 -1.649692e-02
    outer loop
      vertex   -5.484431e+01 -8.498518e+00 2.195453e+01
      vertex   -5.013356e+01 -7.990986e+00 2.246156e+01
      vertex   -5.325163e+01 -8.456429e+00 2.992846e+01
    endloop
  endfacet
  facet normal 1.088596e-01 -9.939202e-01 -1.649692e-02
    outer loop
      vertex   -5.325163e+01 -8.456429e+00 2.992846e+01
      vertex   -5.013356e+01 -7.990986e+00 2.246156e+01
      vertex   -4.945423e+01 -8.047307e+00 3.033758e+01
    endloop
  endfacet
  facet normal -1.214087e-01 -7.114859e-01 -6.921327e-01
    outer loop
      vertex   -4.329537e+01 6.035355e+01 8.888191e+01
      vertex   -4.329933e+01 6.371602e+01 8.542611e+01
      vertex   -4.137303e+01 6.023296e+01 8.866867e+01
    endloop
  endfacet
  facet normal -1.214087e-01 -7.114859e-01 -6.921327e-01
    outer loop
      vertex   -4.137303e+01 6.023296e+01 8.866867e+01
      vertex   -4.329933e+01 6.371602e+01 8.542611e+01
      vertex   -4.138148e+01 6.376432e+01 8.504004e+01
    endloop
  endfacet
  facet normal 1.214087e-01 7.114859e-01 6.921327e-01
    outer loop
      vertex   -5.188481e+01 1.062266e+01 3.930096e+01
      vertex   -5.000047e+01 1.067012e+01 3.892164e+01
      vertex   -5.188896e+01 1.415414e+01 3.567147e+01
    endloop
  endfacet
  facet normal 1.214087e-01 7.114859e-01 6.921327e-01
    outer loop
      vertex   -5.188896e+01 1.415414e+01 3.567147e+01
      vertex   -5.000047e+01 1.067012e+01 3.892164e+01
      vertex   -5.000892e+01 1.420148e+01 3.529302e+01
    endloop
  endfacet
  facet normal 7.259445e-05 7.071068e-01 7.071068e-01
    outer loop
      vertex   -9.767401e+00 6.674372e+01 8.392473e+01
      vertex   -9.767401e+00 6.674378e+01 8.392467e+01
      vertex   -2.275076e+01 6.675223e+01 8.391755e+01
    endloop
  endfacet
  facet normal 7.259445e-05 7.071068e-01 7.071068e-01
    outer loop
      vertex   -2.275076e+01 6.675223e+01 8.391755e+01
      vertex   -9.767401e+00 6.674378e+01 8.392467e+01
      vertex   -2.275023e+01 6.675229e+01 8.391749e+01
    endloop
  endfacet
  facet normal 8.559196e-04 7.219918e-01 -6.919011e-01
    outer loop
      vertex   -9.767401e+00 6.674372e+01 8.392473e+01
      vertex   -2.275076e+01 6.675223e+01 8.391755e+01
      vertex   -9.765957e+00 6.812959e+01 8.537088e+01
    endloop
  endfacet
  facet normal 8.559196e-04 7.219918e-01 -6.919011e-01
    outer loop
      vertex   -9.765957e+00 6.812959e+01 8.537088e+01
      vertex   -2.275076e+01 6.675223e+01 8.391755e+01
      vertex   -2.275172e+01 6.813328e+01 8.535866e+01
    endloop
  endfacet
  facet normal 4.642684e-04 -7.071070e-01 -7.071064e-01
    outer loop
      vertex   -9.765957e+00 6.812965e+01 8.537082e+01
      vertex   -9.765957e+00 6.812959e+01 8.537088e+01
      vertex   -2.275120e+01 6.813334e+01 8.535860e+01
    endloop
  endfacet
  facet normal 4.642684e-04 -7.071070e-01 -7.071064e-01
    outer loop
      vertex   -2.275120e+01 6.813334e+01 8.535860e+01
      vertex   -9.765957e+00 6.812959e+01 8.537088e+01
      vertex   -2.275172e+01 6.813328e+01 8.535866e+01
    endloop
  endfacet
  facet normal 9.926023e-01 -8.644763e-02 -8.524995e-02
    outer loop
      vertex   -4.329563e+01 6.018191e+01 8.905295e+01
      vertex   -4.480051e+01 5.149884e+01 8.033611e+01
      vertex   -4.329537e+01 6.035355e+01 8.888191e+01
    endloop
  endfacet
  facet normal 9.926023e-01 -8.644763e-02 -8.524995e-02
    outer loop
      vertex   -4.329537e+01 6.035355e+01 8.888191e+01
      vertex   -4.480051e+01 5.149884e+01 8.033611e+01
      vertex   -4.480466e+01 5.503032e+01 7.670662e+01
    endloop
  endfacet
  facet normal 9.926023e-01 -8.644763e-02 -8.524995e-02
    outer loop
      vertex   -4.329537e+01 6.035355e+01 8.888191e+01
      vertex   -4.480466e+01 5.503032e+01 7.670662e+01
      vertex   -4.329933e+01 6.371602e+01 8.542611e+01
    endloop
  endfacet
  facet normal 1.214087e-01 7.114859e-01 6.921327e-01
    outer loop
      vertex   -4.480051e+01 5.149884e+01 8.033611e+01
      vertex   -4.288499e+01 5.154708e+01 7.995051e+01
      vertex   -4.480466e+01 5.503032e+01 7.670662e+01
    endloop
  endfacet
  facet normal 1.214087e-01 7.114859e-01 6.921327e-01
    outer loop
      vertex   -4.480466e+01 5.503032e+01 7.670662e+01
      vertex   -4.288499e+01 5.154708e+01 7.995051e+01
      vertex   -4.289344e+01 5.507845e+01 7.632189e+01
    endloop
  endfacet
  facet normal -9.925373e-01 8.622563e-02 8.622555e-02
    outer loop
      vertex   -4.288499e+01 5.154708e+01 7.995051e+01
      vertex   -4.137303e+01 6.023296e+01 8.866867e+01
      vertex   -4.289344e+01 5.507845e+01 7.632189e+01
    endloop
  endfacet
  facet normal -9.925373e-01 8.622563e-02 8.622555e-02
    outer loop
      vertex   -4.289344e+01 5.507845e+01 7.632189e+01
      vertex   -4.137303e+01 6.023296e+01 8.866867e+01
      vertex   -4.138148e+01 6.376432e+01 8.504004e+01
    endloop
  endfacet
  facet normal -1.219412e-01 -7.005270e-01 -7.031303e-01
    outer loop
      vertex   -4.329537e+01 6.035355e+01 8.888191e+01
      vertex   -4.137303e+01 6.023296e+01 8.866867e+01
      vertex   -4.329563e+01 6.018191e+01 8.905295e+01
    endloop
  endfacet
  facet normal -1.219412e-01 -7.005270e-01 -7.031303e-01
    outer loop
      vertex   -4.329563e+01 6.018191e+01 8.905295e+01
      vertex   -4.137303e+01 6.023296e+01 8.866867e+01
      vertex   -4.327572e+01 6.009063e+01 8.914044e+01
    endloop
  endfacet
  facet normal -1.219412e-01 -7.005270e-01 -7.031303e-01
    outer loop
      vertex   -4.327572e+01 6.009063e+01 8.914044e+01
      vertex   -4.137303e+01 6.023296e+01 8.866867e+01
      vertex   -3.849833e+01 6.021746e+01 8.818556e+01
    endloop
  endfacet
  facet normal -1.219412e-01 -7.005270e-01 -7.031303e-01
    outer loop
      vertex   -3.849833e+01 6.021746e+01 8.818556e+01
      vertex   -4.137303e+01 6.023296e+01 8.866867e+01
      vertex   -3.849830e+01 6.030927e+01 8.809408e+01
    endloop
  endfacet
  facet normal 9.925373e-01 -8.622559e-02 -8.622559e-02
    outer loop
      vertex   -3.761452e+01 6.009576e+01 9.848065e+01
      vertex   -3.849833e+01 6.021746e+01 8.818556e+01
      vertex   -3.700431e+01 6.360782e+01 1.019927e+02
    endloop
  endfacet
  facet normal 9.925373e-01 -8.622559e-02 -8.622559e-02
    outer loop
      vertex   -3.700431e+01 6.360782e+01 1.019927e+02
      vertex   -3.849833e+01 6.021746e+01 8.818556e+01
      vertex   -3.610268e+01 7.407159e+01 1.019075e+02
    endloop
  endfacet
  facet normal 9.925373e-01 -8.622559e-02 -8.622559e-02
    outer loop
      vertex   -3.610268e+01 7.407159e+01 1.019075e+02
      vertex   -3.849833e+01 6.021746e+01 8.818556e+01
      vertex   -3.849830e+01 6.030927e+01 8.809408e+01
    endloop
  endfacet
  facet normal 1.962190e-01 -8.926666e-03 9.805195e-01
    outer loop
      vertex   -3.700431e+01 6.360782e+01 1.019927e+02
      vertex   -3.610268e+01 7.407159e+01 1.019075e+02
      vertex   -4.067186e+01 6.434850e+01 1.027334e+02
    endloop
  endfacet
  facet normal 1.962190e-01 -8.926666e-03 9.805195e-01
    outer loop
      vertex   -4.067186e+01 6.434850e+01 1.027334e+02
      vertex   -3.610268e+01 7.407159e+01 1.019075e+02
      vertex   -4.090002e+01 7.394423e+01 1.028664e+02
    endloop
  endfacet
  facet normal -9.802926e-01 -2.614253e-02 1.958138e-01
    outer loop
      vertex   -4.329563e+01 6.018191e+01 8.905295e+01
      vertex   -4.327572e+01 6.009063e+01 8.914044e+01
      vertex   -4.329517e+01 6.018455e+01 8.905560e+01
    endloop
  endfacet
  facet normal -9.802712e-01 -2.602767e-02 1.959360e-01
    outer loop
      vertex   -4.329517e+01 6.018455e+01 8.905560e+01
      vertex   -4.327572e+01 6.009063e+01 8.914044e+01
      vertex   -4.090002e+01 7.394423e+01 1.028664e+02
    endloop
  endfacet
  facet normal -9.802720e-01 -2.602415e-02 1.959326e-01
    outer loop
      vertex   -4.090002e+01 7.394423e+01 1.028664e+02
      vertex   -4.327572e+01 6.009063e+01 8.914044e+01
      vertex   -4.067186e+01 6.434850e+01 1.027334e+02
    endloop
  endfacet
  facet normal -9.802720e-01 -2.602415e-02 1.959326e-01
    outer loop
      vertex   -4.067186e+01 6.434850e+01 1.027334e+02
      vertex   -4.327572e+01 6.009063e+01 8.914044e+01
      vertex   -4.142446e+01 6.000641e+01 9.839130e+01
    endloop
  endfacet
  facet normal -9.999340e-01 1.004610e-02 -5.580077e-03
    outer loop
      vertex   -1.233673e+01 6.039469e+01 8.222950e+01
      vertex   -1.230136e+01 6.225132e+01 7.923370e+01
      vertex   -1.234040e+01 5.952703e+01 8.132508e+01
    endloop
  endfacet
  facet normal -9.853768e-01 1.124173e-01 1.280428e-01
    outer loop
      vertex   -1.234040e+01 5.952703e+01 8.132508e+01
      vertex   -1.230136e+01 6.225132e+01 7.923370e+01
      vertex   -1.251472e+01 6.139692e+01 7.834189e+01
    endloop
  endfacet
  facet normal -9.651652e-01 1.925828e-01 1.771101e-01
    outer loop
      vertex   -1.234040e+01 5.952703e+01 8.132508e+01
      vertex   -1.251472e+01 6.139692e+01 7.834189e+01
      vertex   -1.266826e+01 5.865348e+01 8.048829e+01
    endloop
  endfacet
  facet normal -9.077872e-01 2.887866e-01 3.041786e-01
    outer loop
      vertex   -1.266826e+01 5.865348e+01 8.048829e+01
      vertex   -1.251472e+01 6.139692e+01 7.834189e+01
      vertex   -1.304039e+01 6.061006e+01 7.752015e+01
    endloop
  endfacet
  facet normal -8.648342e-01 3.624825e-01 3.473732e-01
    outer loop
      vertex   -1.266826e+01 5.865348e+01 8.048829e+01
      vertex   -1.304039e+01 6.061006e+01 7.752015e+01
      vertex   -1.329796e+01 5.783355e+01 7.977615e+01
    endloop
  endfacet
  facet normal -7.683148e-01 4.450565e-01 4.600185e-01
    outer loop
      vertex   -1.329796e+01 5.783355e+01 7.977615e+01
      vertex   -1.304039e+01 6.061006e+01 7.752015e+01
      vertex   -1.384254e+01 5.994433e+01 7.682448e+01
    endloop
  endfacet
  facet normal -7.057026e-01 5.082316e-01 4.936441e-01
    outer loop
      vertex   -1.329796e+01 5.783355e+01 7.977615e+01
      vertex   -1.384254e+01 5.994433e+01 7.682448e+01
      vertex   -1.418659e+01 5.712314e+01 7.923718e+01
    endloop
  endfacet
  facet normal -5.764591e-01 5.705534e-01 5.849477e-01
    outer loop
      vertex   -1.418659e+01 5.712314e+01 7.923718e+01
      vertex   -1.384254e+01 5.994433e+01 7.682448e+01
      vertex   -1.486651e+01 5.944512e+01 7.630229e+01
    endloop
  endfacet
  facet normal -4.985173e-01 6.199228e-01 6.059507e-01
    outer loop
      vertex   -1.418659e+01 5.712314e+01 7.923718e+01
      vertex   -1.486651e+01 5.944512e+01 7.630229e+01
      vertex   -1.527360e+01 5.657065e+01 7.890813e+01
    endloop
  endfacet
  facet normal -3.452974e-01 6.567014e-01 6.704572e-01
    outer loop
      vertex   -1.527360e+01 5.657065e+01 7.890813e+01
      vertex   -1.486651e+01 5.944512e+01 7.630229e+01
      vertex   -1.604252e+01 5.914645e+01 7.598917e+01
    endloop
  endfacet
  facet normal -2.573148e-01 6.899278e-01 6.766009e-01
    outer loop
      vertex   -1.527360e+01 5.657065e+01 7.890813e+01
      vertex   -1.604252e+01 5.914645e+01 7.598917e+01
      vertex   -1.648490e+01 5.621374e+01 7.881141e+01
    endloop
  endfacet
  facet normal -9.059191e-02 6.976149e-01 7.107226e-01
    outer loop
      vertex   -1.648490e+01 5.621374e+01 7.881141e+01
      vertex   -1.604252e+01 5.914645e+01 7.598917e+01
      vertex   -1.729042e+01 5.906866e+01 7.590646e+01
    endloop
  endfacet
  facet normal 1.513292e-03 7.134297e-01 7.007251e-01
    outer loop
      vertex   -1.648490e+01 5.621374e+01 7.881141e+01
      vertex   -1.729042e+01 5.906866e+01 7.590646e+01
      vertex   -1.773795e+01 5.607672e+01 7.895361e+01
    endloop
  endfacet
  facet normal 1.702888e-01 6.905016e-01 7.030001e-01
    outer loop
      vertex   -1.773795e+01 5.607672e+01 7.895361e+01
      vertex   -1.729042e+01 5.906866e+01 7.590646e+01
      vertex   -1.852517e+01 5.921707e+01 7.605979e+01
    endloop
  endfacet
  facet normal 2.603313e-01 6.887702e-01 6.766264e-01
    outer loop
      vertex   -1.773795e+01 5.607672e+01 7.895361e+01
      vertex   -1.852517e+01 5.921707e+01 7.605979e+01
      vertex   -1.894734e+01 5.616894e+01 7.932506e+01
    endloop
  endfacet
  facet normal 4.195566e-01 6.358527e-01 6.478145e-01
    outer loop
      vertex   -1.894734e+01 5.616894e+01 7.932506e+01
      vertex   -1.852517e+01 5.921707e+01 7.605979e+01
      vertex   -1.966263e+01 5.958155e+01 7.643872e+01
    endloop
  endfacet
  facet normal 5.014694e-01 6.175783e-01 6.059088e-01
    outer loop
      vertex   -1.894734e+01 5.616894e+01 7.932506e+01
      vertex   -1.966263e+01 5.958155e+01 7.643872e+01
      vertex   -2.003068e+01 5.648411e+01 7.990042e+01
    endloop
  endfacet
  facet normal 6.402178e-01 5.374050e-01 5.489236e-01
    outer loop
      vertex   -2.003068e+01 5.648411e+01 7.990042e+01
      vertex   -1.966263e+01 5.958155e+01 7.643872e+01
      vertex   -2.062528e+01 6.013727e+01 7.701741e+01
    endloop
  endfacet
  facet normal 7.084418e-01 5.046705e-01 4.933741e-01
    outer loop
      vertex   -2.003068e+01 5.648411e+01 7.990042e+01
      vertex   -2.062528e+01 6.013727e+01 7.701741e+01
      vertex   -2.091412e+01 5.700075e+01 8.064050e+01
    endloop
  endfacet
  facet normal 8.172325e-01 4.018826e-01 4.130634e-01
    outer loop
      vertex   -2.091412e+01 5.700075e+01 8.064050e+01
      vertex   -2.062528e+01 6.013727e+01 7.701741e+01
      vertex   -2.134751e+01 6.084635e+01 7.775644e+01
    endloop
  endfacet
  facet normal 8.670841e-01 3.577265e-01 3.466944e-01
    outer loop
      vertex   -2.091412e+01 5.700075e+01 8.064050e+01
      vertex   -2.134751e+01 6.084635e+01 7.775644e+01
      vertex   -2.153747e+01 5.768366e+01 8.149485e+01
    endloop
  endfacet
  facet normal 9.385391e-01 2.385356e-01 2.494896e-01
    outer loop
      vertex   -2.153747e+01 5.768366e+01 8.149485e+01
      vertex   -2.134751e+01 6.084635e+01 7.775644e+01
      vertex   -2.178012e+01 6.166048e+01 7.860544e+01
    endloop
  endfacet
  facet normal 9.665313e-01 1.867659e-01 1.758859e-01
    outer loop
      vertex   -2.153747e+01 5.768366e+01 8.149485e+01
      vertex   -2.178012e+01 6.166048e+01 7.860544e+01
      vertex   -2.185823e+01 5.848629e+01 8.240525e+01
    endloop
  endfacet
  facet normal 9.958755e-01 5.850654e-02 6.934724e-02
    outer loop
      vertex   -2.185823e+01 5.848629e+01 8.240525e+01
      vertex   -2.178012e+01 6.166048e+01 7.860544e+01
      vertex   -2.189360e+01 6.252417e+01 7.950655e+01
    endloop
  endfacet
  facet normal 9.999668e-01 3.462122e-03 -7.379234e-03
    outer loop
      vertex   -2.185823e+01 5.848629e+01 8.240525e+01
      vertex   -2.189360e+01 6.252417e+01 7.950655e+01
      vertex   -2.185456e+01 5.935394e+01 8.330967e+01
    endloop
  endfacet
  facet normal 9.853407e-01 -1.259301e-01 -1.150884e-01
    outer loop
      vertex   -2.185456e+01 5.935394e+01 8.330967e+01
      vertex   -2.189360e+01 6.252417e+01 7.950655e+01
      vertex   -2.168025e+01 6.337856e+01 8.039836e+01
    endloop
  endfacet
  facet normal 9.650930e-01 -1.796579e-01 -1.905744e-01
    outer loop
      vertex   -2.185456e+01 5.935394e+01 8.330967e+01
      vertex   -2.168025e+01 6.337856e+01 8.039836e+01
      vertex   -2.152671e+01 6.022750e+01 8.414647e+01
    endloop
  endfacet
  facet normal 9.076600e-01 -3.022051e-01 -2.912481e-01
    outer loop
      vertex   -2.152671e+01 6.022750e+01 8.414647e+01
      vertex   -2.168025e+01 6.337856e+01 8.039836e+01
      vertex   -2.115458e+01 6.416543e+01 8.122010e+01
    endloop
  endfacet
  facet normal 8.642905e-01 -3.500740e-01 -3.611789e-01
    outer loop
      vertex   -2.152671e+01 6.022750e+01 8.414647e+01
      vertex   -2.115458e+01 6.416543e+01 8.122010e+01
      vertex   -2.089700e+01 6.104742e+01 8.485861e+01
    endloop
  endfacet
  facet normal 7.681338e-01 -4.583113e-01 -4.471255e-01
    outer loop
      vertex   -2.089700e+01 6.104742e+01 8.485861e+01
      vertex   -2.115458e+01 6.416543e+01 8.122010e+01
      vertex   -2.035243e+01 6.483115e+01 8.191577e+01
    endloop
  endfacet
  facet normal 7.044562e-01 -4.961325e-01 -5.075372e-01
    outer loop
      vertex   -2.089700e+01 6.104742e+01 8.485861e+01
      vertex   -2.035243e+01 6.483115e+01 8.191577e+01
      vertex   -2.000837e+01 6.175783e+01 8.539758e+01
    endloop
  endfacet
  facet normal 5.762756e-01 -5.836210e-01 -5.720953e-01
    outer loop
      vertex   -2.000837e+01 6.175783e+01 8.539758e+01
      vertex   -2.035243e+01 6.483115e+01 8.191577e+01
      vertex   -1.932846e+01 6.533036e+01 8.243795e+01
    endloop
  endfacet
  facet normal 4.965302e-01 -6.078483e-01 -6.196598e-01
    outer loop
      vertex   -2.000837e+01 6.175783e+01 8.539758e+01
      vertex   -1.932846e+01 6.533036e+01 8.243795e+01
      vertex   -1.892137e+01 6.231032e+01 8.572663e+01
    endloop
  endfacet
  facet normal 3.451622e-01 -6.696085e-01 -6.576378e-01
    outer loop
      vertex   -1.892137e+01 6.231032e+01 8.572663e+01
      vertex   -1.932846e+01 6.533036e+01 8.243795e+01
      vertex   -1.815245e+01 6.562903e+01 8.275107e+01
    endloop
  endfacet
  facet normal 2.547428e-01 -6.775930e-01 -6.899085e-01
    outer loop
      vertex   -1.892137e+01 6.231032e+01 8.572663e+01
      vertex   -1.815245e+01 6.562903e+01 8.275107e+01
      vertex   -1.771007e+01 6.266723e+01 8.582335e+01
    endloop
  endfacet
  facet normal 9.054211e-02 -7.104291e-01 -6.979202e-01
    outer loop
      vertex   -1.771007e+01 6.266723e+01 8.582335e+01
      vertex   -1.815245e+01 6.562903e+01 8.275107e+01
      vertex   -1.690455e+01 6.570682e+01 8.283379e+01
    endloop
  endfacet
  facet normal -4.366012e-03 -7.006209e-01 -7.135203e-01
    outer loop
      vertex   -1.771007e+01 6.266723e+01 8.582335e+01
      vertex   -1.690455e+01 6.570682e+01 8.283379e+01
      vertex   -1.645702e+01 6.280425e+01 8.568114e+01
    endloop
  endfacet
  facet normal -1.702385e-01 -7.033137e-01 -6.901946e-01
    outer loop
      vertex   -1.645702e+01 6.280425e+01 8.568114e+01
      vertex   -1.690455e+01 6.570682e+01 8.283379e+01
      vertex   -1.566980e+01 6.555841e+01 8.268045e+01
    endloop
  endfacet
  facet normal -2.630902e-01 -6.753957e-01 -6.889297e-01
    outer loop
      vertex   -1.645702e+01 6.280425e+01 8.568114e+01
      vertex   -1.566980e+01 6.555841e+01 8.268045e+01
      vertex   -1.524762e+01 6.271203e+01 8.530970e+01
    endloop
  endfacet
  facet normal -4.194171e-01 -6.487539e-01 -6.349864e-01
    outer loop
      vertex   -1.524762e+01 6.271203e+01 8.530970e+01
      vertex   -1.566980e+01 6.555841e+01 8.268045e+01
      vertex   -1.453234e+01 6.519393e+01 8.230153e+01
    endloop
  endfacet
  facet normal -5.037811e-01 -6.036919e-01 -6.178679e-01
    outer loop
      vertex   -1.524762e+01 6.271203e+01 8.530970e+01
      vertex   -1.453234e+01 6.519393e+01 8.230153e+01
      vertex   -1.416429e+01 6.239686e+01 8.473434e+01
    endloop
  endfacet
  facet normal -6.400232e-01 -5.504644e-01 -5.360590e-01
    outer loop
      vertex   -1.416429e+01 6.239686e+01 8.473434e+01
      vertex   -1.453234e+01 6.519393e+01 8.230153e+01
      vertex   -1.356969e+01 6.463822e+01 8.172284e+01
    endloop
  endfacet
  facet normal -7.100639e-01 -4.904612e-01 -5.052298e-01
    outer loop
      vertex   -1.416429e+01 6.239686e+01 8.473434e+01
      vertex   -1.356969e+01 6.463822e+01 8.172284e+01
      vertex   -1.328085e+01 6.188022e+01 8.399426e+01
    endloop
  endfacet
  facet normal -8.170321e-01 -4.151290e-01 -4.001579e-01
    outer loop
      vertex   -1.328085e+01 6.188022e+01 8.399426e+01
      vertex   -1.356969e+01 6.463822e+01 8.172284e+01
      vertex   -1.284745e+01 6.392913e+01 8.098381e+01
    endloop
  endfacet
  facet normal -8.679541e-01 -3.434747e-01 -3.587210e-01
    outer loop
      vertex   -1.328085e+01 6.188022e+01 8.399426e+01
      vertex   -1.284745e+01 6.392913e+01 8.098381e+01
      vertex   -1.265750e+01 6.119732e+01 8.313991e+01
    endloop
  endfacet
  facet normal -9.383850e-01 -2.519478e-01 -2.365498e-01
    outer loop
      vertex   -1.265750e+01 6.119732e+01 8.313991e+01
      vertex   -1.284745e+01 6.392913e+01 8.098381e+01
      vertex   -1.241485e+01 6.311501e+01 8.013481e+01
    endloop
  endfacet
  facet normal -9.667923e-01 -1.727701e-01 -1.883168e-01
    outer loop
      vertex   -1.265750e+01 6.119732e+01 8.313991e+01
      vertex   -1.241485e+01 6.311501e+01 8.013481e+01
      vertex   -1.233673e+01 6.039469e+01 8.222950e+01
    endloop
  endfacet
  facet normal -9.958081e-01 -7.201695e-02 -5.638940e-02
    outer loop
      vertex   -1.233673e+01 6.039469e+01 8.222950e+01
      vertex   -1.241485e+01 6.311501e+01 8.013481e+01
      vertex   -1.230136e+01 6.225132e+01 7.923370e+01
    endloop
  endfacet
  facet normal 7.517375e-05 -7.071068e-01 7.071068e-01
    outer loop
      vertex   -5.013356e+01 -7.990986e+00 2.246156e+01
      vertex   -5.484431e+01 -8.498518e+00 2.195453e+01
      vertex   -5.117226e+01 -1.396927e+01 1.648339e+01
    endloop
  endfacet
  facet normal 7.517375e-05 -7.071068e-01 7.071068e-01
    outer loop
      vertex   -5.117226e+01 -1.396927e+01 1.648339e+01
      vertex   -5.484431e+01 -8.498518e+00 2.195453e+01
      vertex   -5.579283e+01 -1.397103e+01 1.648212e+01
    endloop
  endfacet
  facet normal 4.642688e-04 -7.071067e-01 -7.071067e-01
    outer loop
      vertex   -5.579283e+01 -1.397103e+01 1.648212e+01
      vertex   -5.600373e+01 -1.303970e+01 1.555066e+01
      vertex   -5.117226e+01 -1.396927e+01 1.648339e+01
    endloop
  endfacet
  facet normal 4.642688e-04 -7.071067e-01 -7.071067e-01
    outer loop
      vertex   -5.117226e+01 -1.396927e+01 1.648339e+01
      vertex   -5.600373e+01 -1.303970e+01 1.555066e+01
      vertex   -5.117226e+01 -8.920146e+00 1.143427e+01
    endloop
  endfacet
  facet normal 4.642688e-04 -7.071067e-01 -7.071067e-01
    outer loop
      vertex   -5.117226e+01 -8.920146e+00 1.143427e+01
      vertex   -5.600373e+01 -1.303970e+01 1.555066e+01
      vertex   -6.463877e+01 -1.042429e+01 1.292957e+01
    endloop
  endfacet
  facet normal 4.642688e-04 -7.071067e-01 -7.071067e-01
    outer loop
      vertex   -6.463877e+01 -1.042429e+01 1.292957e+01
      vertex   -5.600373e+01 -1.303970e+01 1.555066e+01
      vertex   -6.464315e+01 -1.400469e+01 1.650997e+01
    endloop
  endfacet
  facet normal 1.000000e+00 4.777716e-05 5.139410e-05
    outer loop
      vertex   -8.828285e+00 5.774641e+01 7.453718e+01
      vertex   -8.828990e+00 6.469070e+01 8.178346e+01
      vertex   -8.828293e+00 5.572478e+01 7.655881e+01
    endloop
  endfacet
  facet normal 1.000000e+00 4.777716e-05 5.139410e-05
    outer loop
      vertex   -8.828293e+00 5.572478e+01 7.655881e+01
      vertex   -8.828990e+00 6.469070e+01 8.178346e+01
      vertex   -8.828993e+00 6.262761e+01 8.376091e+01
    endloop
  endfacet
  facet normal -7.259445e-05 -7.071068e-01 -7.071068e-01
    outer loop
      vertex   -8.828285e+00 5.774641e+01 7.453718e+01
      vertex   -8.828293e+00 5.572478e+01 7.655881e+01
      vertex   -2.274396e+01 5.775554e+01 7.452948e+01
    endloop
  endfacet
  facet normal -7.259445e-05 -7.071068e-01 -7.071068e-01
    outer loop
      vertex   -2.274396e+01 5.775554e+01 7.452948e+01
      vertex   -8.828293e+00 5.572478e+01 7.655881e+01
      vertex   -3.989841e+01 5.584584e+01 7.644094e+01
    endloop
  endfacet
  facet normal -7.259445e-05 -7.071068e-01 -7.071068e-01
    outer loop
      vertex   -3.989841e+01 5.584584e+01 7.644094e+01
      vertex   -8.828293e+00 5.572478e+01 7.655881e+01
      vertex   -3.989841e+01 5.226593e+01 8.002085e+01
    endloop
  endfacet
  facet normal 9.925373e-01 -8.622559e-02 -8.622559e-02
    outer loop
      vertex   -4.945423e+01 -8.047307e+00 3.033758e+01
      vertex   -5.013356e+01 -7.990986e+00 2.246156e+01
      vertex   -4.803225e+01 1.368832e-01 3.852177e+01
    endloop
  endfacet
  facet normal 9.925373e-01 -8.622559e-02 -8.622559e-02
    outer loop
      vertex   -4.803225e+01 1.368832e-01 3.852177e+01
      vertex   -5.013356e+01 -7.990986e+00 2.246156e+01
      vertex   -4.712644e+01 1.065071e+01 3.843460e+01
    endloop
  endfacet
  facet normal 9.925373e-01 -8.622559e-02 -8.622559e-02
    outer loop
      vertex   -4.712644e+01 1.065071e+01 3.843460e+01
      vertex   -5.013356e+01 -7.990986e+00 2.246156e+01
      vertex   -4.712642e+01 1.074249e+01 3.834310e+01
    endloop
  endfacet
  facet normal 9.925373e-01 -8.622559e-02 -8.622559e-02
    outer loop
      vertex   -4.712642e+01 1.074249e+01 3.834310e+01
      vertex   -5.013356e+01 -7.990986e+00 2.246156e+01
      vertex   -5.117226e+01 -8.920146e+00 1.143427e+01
    endloop
  endfacet
  facet normal 9.925373e-01 -8.622559e-02 -8.622559e-02
    outer loop
      vertex   -4.712642e+01 1.074249e+01 3.834310e+01
      vertex   -5.117226e+01 -8.920146e+00 1.143427e+01
      vertex   -3.989841e+01 5.584584e+01 7.644094e+01
    endloop
  endfacet
  facet normal 9.925373e-01 -8.622559e-02 -8.622559e-02
    outer loop
      vertex   -5.013356e+01 -7.990986e+00 2.246156e+01
      vertex   -5.117226e+01 -1.396927e+01 1.648339e+01
      vertex   -5.117226e+01 -8.920146e+00 1.143427e+01
    endloop
  endfacet
  facet normal 9.925373e-01 -8.622559e-02 -8.622559e-02
    outer loop
      vertex   -3.989841e+01 5.584584e+01 7.644094e+01
      vertex   -3.989841e+01 5.226593e+01 8.002085e+01
      vertex   -4.712642e+01 1.074249e+01 3.834310e+01
    endloop
  endfacet
  facet normal 1.238214e-01 7.005756e-01 7.027532e-01
    outer loop
      vertex   -5.188481e+01 1.062266e+01 3.930096e+01
      vertex   -5.186490e+01 1.053138e+01 3.938845e+01
      vertex   -5.000047e+01 1.067012e+01 3.892164e+01
    endloop
  endfacet
  facet normal 1.238214e-01 7.005756e-01 7.027532e-01
    outer loop
      vertex   -5.000047e+01 1.067012e+01 3.892164e+01
      vertex   -5.186490e+01 1.053138e+01 3.938845e+01
      vertex   -4.712644e+01 1.065071e+01 3.843460e+01
    endloop
  endfacet
  facet normal 1.238214e-01 7.005756e-01 7.027532e-01
    outer loop
      vertex   -5.000047e+01 1.067012e+01 3.892164e+01
      vertex   -4.712644e+01 1.065071e+01 3.843460e+01
      vertex   -4.712642e+01 1.074249e+01 3.834310e+01
    endloop
  endfacet
  facet normal -9.925373e-01 8.622563e-02 8.622555e-02
    outer loop
      vertex   -5.000047e+01 1.067012e+01 3.892164e+01
      vertex   -4.751286e+01 2.496089e+01 5.326552e+01
      vertex   -5.000892e+01 1.420148e+01 3.529302e+01
    endloop
  endfacet
  facet normal -9.925373e-01 8.622563e-02 8.622555e-02
    outer loop
      vertex   -5.000892e+01 1.420148e+01 3.529302e+01
      vertex   -4.751286e+01 2.496089e+01 5.326552e+01
      vertex   -4.752131e+01 2.849225e+01 4.963689e+01
    endloop
  endfacet
  facet normal -1.214087e-01 -7.114859e-01 -6.921327e-01
    outer loop
      vertex   -4.752131e+01 2.849225e+01 4.963689e+01
      vertex   -4.751286e+01 2.496089e+01 5.326552e+01
      vertex   -4.941226e+01 2.844463e+01 5.001754e+01
    endloop
  endfacet
  facet normal -1.214087e-01 -7.114859e-01 -6.921327e-01
    outer loop
      vertex   -4.941226e+01 2.844463e+01 5.001754e+01
      vertex   -4.751286e+01 2.496089e+01 5.326552e+01
      vertex   -4.940810e+01 2.491316e+01 5.364703e+01
    endloop
  endfacet
  facet normal 9.926023e-01 -8.644769e-02 -8.524991e-02
    outer loop
      vertex   -5.188481e+01 1.062266e+01 3.930096e+01
      vertex   -5.188896e+01 1.415414e+01 3.567147e+01
      vertex   -4.940810e+01 2.491316e+01 5.364703e+01
    endloop
  endfacet
  facet normal 9.926023e-01 -8.644763e-02 -8.524995e-02
    outer loop
      vertex   -4.940810e+01 2.491316e+01 5.364703e+01
      vertex   -5.188896e+01 1.415414e+01 3.567147e+01
      vertex   -4.941226e+01 2.844463e+01 5.001754e+01
    endloop
  endfacet
  facet normal -9.999996e-01 6.636821e-04 -5.610181e-04
    outer loop
      vertex   -6.464315e+01 -1.399961e+01 1.651527e+01
      vertex   -6.463877e+01 -1.041921e+01 1.293487e+01
      vertex   -6.464315e+01 -1.400469e+01 1.650997e+01
    endloop
  endfacet
  facet normal -9.999996e-01 6.636821e-04 -5.610181e-04
    outer loop
      vertex   -6.464315e+01 -1.400469e+01 1.650997e+01
      vertex   -6.463877e+01 -1.041921e+01 1.293487e+01
      vertex   -6.463877e+01 -1.042429e+01 1.292957e+01
    endloop
  endfacet
  facet normal -1.555544e-01 7.131512e-01 -6.835336e-01
    outer loop
      vertex   -6.624223e+01 7.524325e+01 1.026740e+02
      vertex   -6.615686e+01 7.547074e+01 1.028919e+02
      vertex   -4.329933e+01 6.371602e+01 8.542611e+01
    endloop
  endfacet
  facet normal -1.555544e-01 7.131512e-01 -6.835336e-01
    outer loop
      vertex   -4.329933e+01 6.371602e+01 8.542611e+01
      vertex   -6.615686e+01 7.547074e+01 1.028919e+02
      vertex   -6.615590e+01 7.569669e+01 1.031275e+02
    endloop
  endfacet
  facet normal -1.555544e-01 7.131512e-01 -6.835336e-01
    outer loop
      vertex   -4.329933e+01 6.371602e+01 8.542611e+01
      vertex   -6.615590e+01 7.569669e+01 1.031275e+02
      vertex   -6.623943e+01 7.590571e+01 1.033645e+02
    endloop
  endfacet
  facet normal -1.555544e-01 7.131512e-01 -6.835336e-01
    outer loop
      vertex   -4.329933e+01 6.371602e+01 8.542611e+01
      vertex   -6.623943e+01 7.590571e+01 1.033645e+02
      vertex   -2.276182e+01 8.335885e+01 1.012463e+02
    endloop
  endfacet
  facet normal -1.555544e-01 7.131512e-01 -6.835336e-01
    outer loop
      vertex   -2.276182e+01 8.335885e+01 1.012463e+02
      vertex   -6.623943e+01 7.590571e+01 1.033645e+02
      vertex   -6.640176e+01 7.608355e+01 1.035870e+02
    endloop
  endfacet
  facet normal -1.555544e-01 7.131512e-01 -6.835336e-01
    outer loop
      vertex   -2.276182e+01 8.335885e+01 1.012463e+02
      vertex   -6.640176e+01 7.608355e+01 1.035870e+02
      vertex   -6.848235e+01 7.826447e+01 1.063359e+02
    endloop
  endfacet
  facet normal -1.555544e-01 7.131512e-01 -6.835336e-01
    outer loop
      vertex   -6.848235e+01 7.826447e+01 1.063359e+02
      vertex   -6.640176e+01 7.608355e+01 1.035870e+02
      vertex   -6.663182e+01 7.621809e+01 1.037798e+02
    endloop
  endfacet
  facet normal -1.555544e-01 7.131512e-01 -6.835336e-01
    outer loop
      vertex   -6.848235e+01 7.826447e+01 1.063359e+02
      vertex   -6.663182e+01 7.621809e+01 1.037798e+02
      vertex   -6.691394e+01 7.630016e+01 1.039296e+02
    endloop
  endfacet
  facet normal -1.555544e-01 7.131512e-01 -6.835336e-01
    outer loop
      vertex   -6.691394e+01 7.630016e+01 1.039296e+02
      vertex   -6.722889e+01 7.632418e+01 1.040263e+02
      vertex   -6.848235e+01 7.826447e+01 1.063359e+02
    endloop
  endfacet
  facet normal -1.555544e-01 7.131512e-01 -6.835336e-01
    outer loop
      vertex   -6.848235e+01 7.826447e+01 1.063359e+02
      vertex   -6.722889e+01 7.632418e+01 1.040263e+02
      vertex   -6.755521e+01 7.628850e+01 1.040634e+02
    endloop
  endfacet
  facet normal -1.555544e-01 7.131512e-01 -6.835336e-01
    outer loop
      vertex   -6.848235e+01 7.826447e+01 1.063359e+02
      vertex   -6.755521e+01 7.628850e+01 1.040634e+02
      vertex   -6.787065e+01 7.619555e+01 1.040382e+02
    endloop
  endfacet
  facet normal -1.555544e-01 7.131512e-01 -6.835336e-01
    outer loop
      vertex   -6.787065e+01 7.619555e+01 1.040382e+02
      vertex   -6.815372e+01 7.605167e+01 1.039525e+02
      vertex   -6.848235e+01 7.826447e+01 1.063359e+02
    endloop
  endfacet
  facet normal -1.555544e-01 7.131512e-01 -6.835336e-01
    outer loop
      vertex   -6.848235e+01 7.826447e+01 1.063359e+02
      vertex   -6.815372e+01 7.605167e+01 1.039525e+02
      vertex   -6.838514e+01 7.586667e+01 1.038121e+02
    endloop
  endfacet
  facet normal -1.555544e-01 7.131512e-01 -6.835336e-01
    outer loop
      vertex   -6.848235e+01 7.826447e+01 1.063359e+02
      vertex   -6.838514e+01 7.586667e+01 1.038121e+02
      vertex   -6.919145e+01 7.812664e+01 1.063535e+02
    endloop
  endfacet
  facet normal -1.555544e-01 7.131512e-01 -6.835336e-01
    outer loop
      vertex   -6.919145e+01 7.812664e+01 1.063535e+02
      vertex   -6.838514e+01 7.586667e+01 1.038121e+02
      vertex   -6.854912e+01 7.565315e+01 1.036267e+02
    endloop
  endfacet
  facet normal -1.555544e-01 7.131512e-01 -6.835336e-01
    outer loop
      vertex   -6.919145e+01 7.812664e+01 1.063535e+02
      vertex   -6.854912e+01 7.565315e+01 1.036267e+02
      vertex   -6.986035e+01 7.787898e+01 1.062473e+02
    endloop
  endfacet
  facet normal -1.555544e-01 7.131512e-01 -6.835336e-01
    outer loop
      vertex   -6.986035e+01 7.787898e+01 1.062473e+02
      vertex   -6.854912e+01 7.565315e+01 1.036267e+02
      vertex   -6.863450e+01 7.542566e+01 1.034087e+02
    endloop
  endfacet
  facet normal -1.555544e-01 7.131512e-01 -6.835336e-01
    outer loop
      vertex   -6.986035e+01 7.787898e+01 1.062473e+02
      vertex   -6.863450e+01 7.542566e+01 1.034087e+02
      vertex   -7.045117e+01 7.753552e+01 1.060235e+02
    endloop
  endfacet
  facet normal -1.555544e-01 7.131512e-01 -6.835336e-01
    outer loop
      vertex   -7.045117e+01 7.753552e+01 1.060235e+02
      vertex   -6.863450e+01 7.542566e+01 1.034087e+02
      vertex   -7.093042e+01 7.711573e+01 1.056945e+02
    endloop
  endfacet
  facet normal -1.555544e-01 7.131512e-01 -6.835336e-01
    outer loop
      vertex   -7.093042e+01 7.711573e+01 1.056945e+02
      vertex   -6.863450e+01 7.542566e+01 1.034087e+02
      vertex   -7.127096e+01 7.664338e+01 1.052792e+02
    endloop
  endfacet
  facet normal -1.555544e-01 7.131512e-01 -6.835336e-01
    outer loop
      vertex   -7.127096e+01 7.664338e+01 1.052792e+02
      vertex   -6.863450e+01 7.542566e+01 1.034087e+02
      vertex   -7.145349e+01 7.614524e+01 1.048010e+02
    endloop
  endfacet
  facet normal -1.555544e-01 7.131512e-01 -6.835336e-01
    outer loop
      vertex   -7.145349e+01 7.614524e+01 1.048010e+02
      vertex   -6.863450e+01 7.542566e+01 1.034087e+02
      vertex   -6.863546e+01 7.519971e+01 1.031732e+02
    endloop
  endfacet
  facet normal -1.555544e-01 7.131512e-01 -6.835336e-01
    outer loop
      vertex   -7.145349e+01 7.614524e+01 1.048010e+02
      vertex   -6.863546e+01 7.519971e+01 1.031732e+02
      vertex   -6.855192e+01 7.499069e+01 1.029361e+02
    endloop
  endfacet
  facet normal -1.555544e-01 7.131512e-01 -6.835336e-01
    outer loop
      vertex   -6.855192e+01 7.499069e+01 1.029361e+02
      vertex   -6.838959e+01 7.481285e+01 1.027137e+02
      vertex   -7.145349e+01 7.614524e+01 1.048010e+02
    endloop
  endfacet
  facet normal -1.555544e-01 7.131512e-01 -6.835336e-01
    outer loop
      vertex   -7.145349e+01 7.614524e+01 1.048010e+02
      vertex   -6.838959e+01 7.481285e+01 1.027137e+02
      vertex   -6.815953e+01 7.467831e+01 1.025209e+02
    endloop
  endfacet
  facet normal -1.555544e-01 7.131512e-01 -6.835336e-01
    outer loop
      vertex   -7.145349e+01 7.614524e+01 1.048010e+02
      vertex   -6.815953e+01 7.467831e+01 1.025209e+02
      vertex   -7.609407e+01 4.086419e+00 3.067597e+01
    endloop
  endfacet
  facet normal -1.555544e-01 7.131512e-01 -6.835336e-01
    outer loop
      vertex   -7.609407e+01 4.086419e+00 3.067597e+01
      vertex   -6.815953e+01 7.467831e+01 1.025209e+02
      vertex   -7.577863e+01 4.179365e+00 3.070115e+01
    endloop
  endfacet
  facet normal -1.555544e-01 7.131512e-01 -6.835336e-01
    outer loop
      vertex   -7.577863e+01 4.179365e+00 3.070115e+01
      vertex   -6.815953e+01 7.467831e+01 1.025209e+02
      vertex   -6.787741e+01 7.459623e+01 1.023711e+02
    endloop
  endfacet
  facet normal -1.555544e-01 7.131512e-01 -6.835336e-01
    outer loop
      vertex   -7.577863e+01 4.179365e+00 3.070115e+01
      vertex   -6.787741e+01 7.459623e+01 1.023711e+02
      vertex   -7.545231e+01 4.215047e+00 3.066412e+01
    endloop
  endfacet
  facet normal -1.555544e-01 7.131512e-01 -6.835336e-01
    outer loop
      vertex   -7.545231e+01 4.215047e+00 3.066412e+01
      vertex   -6.787741e+01 7.459623e+01 1.023711e+02
      vertex   -4.941226e+01 2.844463e+01 5.001754e+01
    endloop
  endfacet
  facet normal -1.555544e-01 7.131512e-01 -6.835336e-01
    outer loop
      vertex   -7.545231e+01 4.215047e+00 3.066412e+01
      vertex   -4.941226e+01 2.844463e+01 5.001754e+01
      vertex   -7.513737e+01 4.191032e+00 3.056739e+01
    endloop
  endfacet
  facet normal -1.555544e-01 7.131512e-01 -6.835336e-01
    outer loop
      vertex   -7.513737e+01 4.191032e+00 3.056739e+01
      vertex   -4.941226e+01 2.844463e+01 5.001754e+01
      vertex   -7.485525e+01 4.108957e+00 3.041756e+01
    endloop
  endfacet
  facet normal -1.555544e-01 7.131512e-01 -6.835336e-01
    outer loop
      vertex   -7.485525e+01 4.108957e+00 3.041756e+01
      vertex   -4.941226e+01 2.844463e+01 5.001754e+01
      vertex   -7.462518e+01 3.974415e+00 3.022483e+01
    endloop
  endfacet
  facet normal -1.555544e-01 7.131512e-01 -6.835336e-01
    outer loop
      vertex   -7.462518e+01 3.974415e+00 3.022483e+01
      vertex   -4.941226e+01 2.844463e+01 5.001754e+01
      vertex   -5.188896e+01 1.415414e+01 3.567147e+01
    endloop
  endfacet
  facet normal -1.555544e-01 7.131512e-01 -6.835336e-01
    outer loop
      vertex   -7.462518e+01 3.974415e+00 3.022483e+01
      vertex   -5.188896e+01 1.415414e+01 3.567147e+01
      vertex   -7.446285e+01 3.796575e+00 3.000234e+01
    endloop
  endfacet
  facet normal -1.555544e-01 7.131512e-01 -6.835336e-01
    outer loop
      vertex   -7.446285e+01 3.796575e+00 3.000234e+01
      vertex   -5.188896e+01 1.415414e+01 3.567147e+01
      vertex   -7.437932e+01 3.587557e+00 2.976526e+01
    endloop
  endfacet
  facet normal -1.555544e-01 7.131512e-01 -6.835336e-01
    outer loop
      vertex   -7.437932e+01 3.587557e+00 2.976526e+01
      vertex   -5.188896e+01 1.415414e+01 3.567147e+01
      vertex   -6.463877e+01 -1.041921e+01 1.293487e+01
    endloop
  endfacet
  facet normal -1.555544e-01 7.131512e-01 -6.835336e-01
    outer loop
      vertex   -7.437932e+01 3.587557e+00 2.976526e+01
      vertex   -6.463877e+01 -1.041921e+01 1.293487e+01
      vertex   -7.438028e+01 3.361604e+00 2.952973e+01
    endloop
  endfacet
  facet normal -1.555544e-01 7.131512e-01 -6.835336e-01
    outer loop
      vertex   -7.438028e+01 3.361604e+00 2.952973e+01
      vertex   -6.463877e+01 -1.041921e+01 1.293487e+01
      vertex   -7.446566e+01 3.134116e+00 2.931181e+01
    endloop
  endfacet
  facet normal -1.555544e-01 7.131512e-01 -6.835336e-01
    outer loop
      vertex   -7.446566e+01 3.134116e+00 2.931181e+01
      vertex   -6.463877e+01 -1.041921e+01 1.293487e+01
      vertex   -7.462964e+01 2.920595e+00 2.912636e+01
    endloop
  endfacet
  facet normal -1.555544e-01 7.131512e-01 -6.835336e-01
    outer loop
      vertex   -7.462964e+01 2.920595e+00 2.912636e+01
      vertex   -6.463877e+01 -1.041921e+01 1.293487e+01
      vertex   -7.486106e+01 2.735592e+00 2.898600e+01
    endloop
  endfacet
  facet normal -1.555544e-01 7.131512e-01 -6.835336e-01
    outer loop
      vertex   -7.486106e+01 2.735592e+00 2.898600e+01
      vertex   -6.463877e+01 -1.041921e+01 1.293487e+01
      vertex   -7.514413e+01 2.591715e+00 2.890031e+01
    endloop
  endfacet
  facet normal -1.555544e-01 7.131512e-01 -6.835336e-01
    outer loop
      vertex   -7.514413e+01 2.591715e+00 2.890031e+01
      vertex   -6.463877e+01 -1.041921e+01 1.293487e+01
      vertex   -7.545957e+01 2.498768e+00 2.887513e+01
    endloop
  endfacet
  facet normal -1.555544e-01 7.131512e-01 -6.835336e-01
    outer loop
      vertex   -7.545957e+01 2.498768e+00 2.887513e+01
      vertex   -6.463877e+01 -1.041921e+01 1.293487e+01
      vertex   -7.578589e+01 2.463087e+00 2.891216e+01
    endloop
  endfacet
  facet normal -1.555544e-01 7.131512e-01 -6.835336e-01
    outer loop
      vertex   -7.578589e+01 2.463087e+00 2.891216e+01
      vertex   -6.463877e+01 -1.041921e+01 1.293487e+01
      vertex   -8.912742e+01 -1.315448e+01 1.565406e+01
    endloop
  endfacet
  facet normal -1.555544e-01 7.131512e-01 -6.835336e-01
    outer loop
      vertex   -7.578589e+01 2.463087e+00 2.891216e+01
      vertex   -8.912742e+01 -1.315448e+01 1.565406e+01
      vertex   -7.610083e+01 2.487102e+00 2.900889e+01
    endloop
  endfacet
  facet normal -1.555544e-01 7.131512e-01 -6.835336e-01
    outer loop
      vertex   -7.610083e+01 2.487102e+00 2.900889e+01
      vertex   -8.912742e+01 -1.315448e+01 1.565406e+01
      vertex   -7.638295e+01 2.569177e+00 2.915872e+01
    endloop
  endfacet
  facet normal -1.555544e-01 7.131512e-01 -6.835336e-01
    outer loop
      vertex   -7.638295e+01 2.569177e+00 2.915872e+01
      vertex   -8.912742e+01 -1.315448e+01 1.565406e+01
      vertex   -7.661302e+01 2.703719e+00 2.935145e+01
    endloop
  endfacet
  facet normal -1.555544e-01 7.131512e-01 -6.835336e-01
    outer loop
      vertex   -7.661302e+01 2.703719e+00 2.935145e+01
      vertex   -8.912742e+01 -1.315448e+01 1.565406e+01
      vertex   -7.677535e+01 2.881559e+00 2.957394e+01
    endloop
  endfacet
  facet normal -1.555544e-01 7.131512e-01 -6.835336e-01
    outer loop
      vertex   -7.677535e+01 2.881559e+00 2.957394e+01
      vertex   -8.912742e+01 -1.315448e+01 1.565406e+01
      vertex   -7.685888e+01 3.090577e+00 2.981102e+01
    endloop
  endfacet
  facet normal -1.555544e-01 7.131512e-01 -6.835336e-01
    outer loop
      vertex   -7.685888e+01 3.090577e+00 2.981102e+01
      vertex   -8.912742e+01 -1.315448e+01 1.565406e+01
      vertex   -7.685792e+01 3.316529e+00 3.004655e+01
    endloop
  endfacet
  facet normal -1.555544e-01 7.131512e-01 -6.835336e-01
    outer loop
      vertex   -7.685792e+01 3.316529e+00 3.004655e+01
      vertex   -8.912742e+01 -1.315448e+01 1.565406e+01
      vertex   -7.677254e+01 3.544018e+00 3.026446e+01
    endloop
  endfacet
  facet normal -1.555544e-01 7.131512e-01 -6.835336e-01
    outer loop
      vertex   -7.677254e+01 3.544018e+00 3.026446e+01
      vertex   -8.912742e+01 -1.315448e+01 1.565406e+01
      vertex   -7.145349e+01 7.614524e+01 1.048010e+02
    endloop
  endfacet
  facet normal -1.555544e-01 7.131512e-01 -6.835336e-01
    outer loop
      vertex   -7.677254e+01 3.544018e+00 3.026446e+01
      vertex   -7.145349e+01 7.614524e+01 1.048010e+02
      vertex   -7.660856e+01 3.757539e+00 3.044992e+01
    endloop
  endfacet
  facet normal -1.555544e-01 7.131512e-01 -6.835336e-01
    outer loop
      vertex   -7.660856e+01 3.757539e+00 3.044992e+01
      vertex   -7.145349e+01 7.614524e+01 1.048010e+02
      vertex   -7.637714e+01 3.942542e+00 3.059027e+01
    endloop
  endfacet
  facet normal -1.555544e-01 7.131512e-01 -6.835336e-01
    outer loop
      vertex   -7.637714e+01 3.942542e+00 3.059027e+01
      vertex   -7.145349e+01 7.614524e+01 1.048010e+02
      vertex   -7.609407e+01 4.086419e+00 3.067597e+01
    endloop
  endfacet
  facet normal -1.555544e-01 7.131512e-01 -6.835336e-01
    outer loop
      vertex   -6.787741e+01 7.459623e+01 1.023711e+02
      vertex   -6.756246e+01 7.457222e+01 1.022744e+02
      vertex   -4.941226e+01 2.844463e+01 5.001754e+01
    endloop
  endfacet
  facet normal -1.555544e-01 7.131512e-01 -6.835336e-01
    outer loop
      vertex   -4.941226e+01 2.844463e+01 5.001754e+01
      vertex   -6.756246e+01 7.457222e+01 1.022744e+02
      vertex   -6.723615e+01 7.460790e+01 1.022373e+02
    endloop
  endfacet
  facet normal -1.555544e-01 7.131512e-01 -6.835336e-01
    outer loop
      vertex   -4.941226e+01 2.844463e+01 5.001754e+01
      vertex   -6.723615e+01 7.460790e+01 1.022373e+02
      vertex   -4.480466e+01 5.503032e+01 7.670662e+01
    endloop
  endfacet
  facet normal -1.555544e-01 7.131512e-01 -6.835336e-01
    outer loop
      vertex   -4.480466e+01 5.503032e+01 7.670662e+01
      vertex   -6.723615e+01 7.460790e+01 1.022373e+02
      vertex   -6.692071e+01 7.470085e+01 1.022625e+02
    endloop
  endfacet
  facet normal -1.555544e-01 7.131512e-01 -6.835336e-01
    outer loop
      vertex   -4.480466e+01 5.503032e+01 7.670662e+01
      vertex   -6.692071e+01 7.470085e+01 1.022625e+02
      vertex   -6.663763e+01 7.484472e+01 1.023482e+02
    endloop
  endfacet
  facet normal -1.555544e-01 7.131512e-01 -6.835336e-01
    outer loop
      vertex   -6.663763e+01 7.484472e+01 1.023482e+02
      vertex   -6.640622e+01 7.502973e+01 1.024886e+02
      vertex   -4.480466e+01 5.503032e+01 7.670662e+01
    endloop
  endfacet
  facet normal -1.555544e-01 7.131512e-01 -6.835336e-01
    outer loop
      vertex   -4.480466e+01 5.503032e+01 7.670662e+01
      vertex   -6.640622e+01 7.502973e+01 1.024886e+02
      vertex   -4.329933e+01 6.371602e+01 8.542611e+01
    endloop
  endfacet
  facet normal -1.555544e-01 7.131512e-01 -6.835336e-01
    outer loop
      vertex   -4.329933e+01 6.371602e+01 8.542611e+01
      vertex   -6.640622e+01 7.502973e+01 1.024886e+02
      vertex   -6.624223e+01 7.524325e+01 1.026740e+02
    endloop
  endfacet
  facet normal -1.555544e-01 7.131512e-01 -6.835336e-01
    outer loop
      vertex   -2.275120e+01 6.813334e+01 8.535860e+01
      vertex   -2.275172e+01 6.813328e+01 8.535866e+01
      vertex   -2.276182e+01 8.335885e+01 1.012463e+02
    endloop
  endfacet
  facet normal -1.555544e-01 7.131512e-01 -6.835336e-01
    outer loop
      vertex   -2.276182e+01 8.335885e+01 1.012463e+02
      vertex   -2.275172e+01 6.813328e+01 8.535866e+01
      vertex   -4.138148e+01 6.376432e+01 8.504004e+01
    endloop
  endfacet
  facet normal -1.555544e-01 7.131512e-01 -6.835336e-01
    outer loop
      vertex   -2.276182e+01 8.335885e+01 1.012463e+02
      vertex   -4.138148e+01 6.376432e+01 8.504004e+01
      vertex   -4.329933e+01 6.371602e+01 8.542611e+01
    endloop
  endfacet
  facet normal -1.555544e-01 7.131512e-01 -6.835336e-01
    outer loop
      vertex   -2.275172e+01 6.813328e+01 8.535866e+01
      vertex   -2.275076e+01 6.675223e+01 8.391755e+01
      vertex   -4.138148e+01 6.376432e+01 8.504004e+01
    endloop
  endfacet
  facet normal -1.555544e-01 7.131512e-01 -6.835336e-01
    outer loop
      vertex   -4.138148e+01 6.376432e+01 8.504004e+01
      vertex   -2.275076e+01 6.675223e+01 8.391755e+01
      vertex   -3.989841e+01 5.584584e+01 7.644094e+01
    endloop
  endfacet
  facet normal -1.555544e-01 7.131512e-01 -6.835336e-01
    outer loop
      vertex   -4.138148e+01 6.376432e+01 8.504004e+01
      vertex   -3.989841e+01 5.584584e+01 7.644094e+01
      vertex   -4.289344e+01 5.507845e+01 7.632189e+01
    endloop
  endfacet
  facet normal -1.555544e-01 7.131512e-01 -6.835336e-01
    outer loop
      vertex   -4.289344e+01 5.507845e+01 7.632189e+01
      vertex   -3.989841e+01 5.584584e+01 7.644094e+01
      vertex   -4.752131e+01 2.849225e+01 4.963689e+01
    endloop
  endfacet
  facet normal -1.555544e-01 7.131512e-01 -6.835336e-01
    outer loop
      vertex   -4.289344e+01 5.507845e+01 7.632189e+01
      vertex   -4.752131e+01 2.849225e+01 4.963689e+01
      vertex   -4.480466e+01 5.503032e+01 7.670662e+01
    endloop
  endfacet
  facet normal -1.555544e-01 7.131512e-01 -6.835336e-01
    outer loop
      vertex   -4.480466e+01 5.503032e+01 7.670662e+01
      vertex   -4.752131e+01 2.849225e+01 4.963689e+01
      vertex   -4.941226e+01 2.844463e+01 5.001754e+01
    endloop
  endfacet
  facet normal -1.555544e-01 7.131512e-01 -6.835336e-01
    outer loop
      vertex   -2.275023e+01 6.675229e+01 8.391749e+01
      vertex   -2.274396e+01 5.775554e+01 7.452948e+01
      vertex   -2.275076e+01 6.675223e+01 8.391755e+01
    endloop
  endfacet
  facet normal -1.555544e-01 7.131512e-01 -6.835336e-01
    outer loop
      vertex   -2.275076e+01 6.675223e+01 8.391755e+01
      vertex   -2.274396e+01 5.775554e+01 7.452948e+01
      vertex   -3.989841e+01 5.584584e+01 7.644094e+01
    endloop
  endfacet
  facet normal -1.555544e-01 7.131512e-01 -6.835336e-01
    outer loop
      vertex   -3.989841e+01 5.584584e+01 7.644094e+01
      vertex   -5.117226e+01 -8.920146e+00 1.143427e+01
      vertex   -4.752131e+01 2.849225e+01 4.963689e+01
    endloop
  endfacet
  facet normal -1.555544e-01 7.131512e-01 -6.835336e-01
    outer loop
      vertex   -4.752131e+01 2.849225e+01 4.963689e+01
      vertex   -5.117226e+01 -8.920146e+00 1.143427e+01
      vertex   -5.000892e+01 1.420148e+01 3.529302e+01
    endloop
  endfacet
  facet normal -1.555544e-01 7.131512e-01 -6.835336e-01
    outer loop
      vertex   -5.000892e+01 1.420148e+01 3.529302e+01
      vertex   -5.117226e+01 -8.920146e+00 1.143427e+01
      vertex   -5.188896e+01 1.415414e+01 3.567147e+01
    endloop
  endfacet
  facet normal -1.555544e-01 7.131512e-01 -6.835336e-01
    outer loop
      vertex   -5.188896e+01 1.415414e+01 3.567147e+01
      vertex   -5.117226e+01 -8.920146e+00 1.143427e+01
      vertex   -6.463877e+01 -1.041921e+01 1.293487e+01
    endloop
  endfacet
  facet normal -1.555544e-01 7.131512e-01 -6.835336e-01
    outer loop
      vertex   -5.117226e+01 -8.920146e+00 1.143427e+01
      vertex   -6.463877e+01 -1.042429e+01 1.292957e+01
      vertex   -6.463877e+01 -1.041921e+01 1.293487e+01
    endloop
  endfacet
  facet normal 6.552594e-16 -7.071068e-01 7.071068e-01
    outer loop
      vertex   9.776123e+01 6.360570e+01 1.019906e+02
      vertex   9.848285e+01 5.945243e+01 9.783732e+01
      vertex   1.013284e+02 6.432611e+01 1.027110e+02
    endloop
  endfacet
  facet normal -1.235077e-15 -7.071068e-01 7.071068e-01
    outer loop
      vertex   1.013284e+02 6.432611e+01 1.027110e+02
      vertex   9.848285e+01 5.945243e+01 9.783732e+01
      vertex   1.021882e+02 5.936554e+01 9.775042e+01
    endloop
  endfacet
  facet normal -1.214087e-01 7.114859e-01 6.921327e-01
    outer loop
      vertex   1.125444e+02 1.063332e+01 3.929001e+01
      vertex   1.125486e+02 1.416479e+01 3.566052e+01
      vertex   1.106601e+02 1.068077e+01 3.891069e+01
    endloop
  endfacet
  facet normal -1.214087e-01 7.114859e-01 6.921327e-01
    outer loop
      vertex   1.106601e+02 1.068077e+01 3.891069e+01
      vertex   1.125486e+02 1.416479e+01 3.566052e+01
      vertex   1.106685e+02 1.421214e+01 3.528207e+01
    endloop
  endfacet
  facet normal 7.016312e-05 -6.919648e-01 -7.219312e-01
    outer loop
      vertex   -8.828993e+00 6.262761e+01 8.376091e+01
      vertex   -8.828990e+00 6.469070e+01 8.178346e+01
      vertex   -3.228324e+00 6.326459e+01 8.315092e+01
    endloop
  endfacet
  facet normal 7.016312e-05 -6.919648e-01 -7.219312e-01
    outer loop
      vertex   -3.228324e+00 6.326459e+01 8.315092e+01
      vertex   -8.828990e+00 6.469070e+01 8.178346e+01
      vertex   3.037827e+01 6.466837e+01 8.180867e+01
    endloop
  endfacet
  facet normal 7.016312e-05 -6.919648e-01 -7.219312e-01
    outer loop
      vertex   -3.228324e+00 6.326459e+01 8.315092e+01
      vertex   3.037827e+01 6.466837e+01 8.180867e+01
      vertex   3.037827e+01 6.326625e+01 8.315260e+01
    endloop
  endfacet
  facet normal -7.259445e-05 7.071068e-01 7.071068e-01
    outer loop
      vertex   -6.848398e+01 7.693320e+01 1.076672e+02
      vertex   3.037827e+01 7.693828e+01 1.076723e+02
      vertex   -6.848235e+01 7.826447e+01 1.063359e+02
    endloop
  endfacet
  facet normal -7.259445e-05 7.071068e-01 7.071068e-01
    outer loop
      vertex   -6.848235e+01 7.826447e+01 1.063359e+02
      vertex   3.037827e+01 7.693828e+01 1.076723e+02
      vertex   -2.276182e+01 8.335885e+01 1.012463e+02
    endloop
  endfacet
  facet normal -7.259445e-05 7.071068e-01 7.071068e-01
    outer loop
      vertex   -2.276182e+01 8.335885e+01 1.012463e+02
      vertex   3.037827e+01 7.693828e+01 1.076723e+02
      vertex   3.037827e+01 8.332935e+01 1.012812e+02
    endloop
  endfacet
  facet normal 7.259445e-05 7.071068e-01 7.071068e-01
    outer loop
      vertex   1.292405e+02 7.693320e+01 1.076672e+02
      vertex   1.292389e+02 7.826447e+01 1.063359e+02
      vertex   3.037827e+01 7.693828e+01 1.076723e+02
    endloop
  endfacet
  facet normal 7.259445e-05 7.071068e-01 7.071068e-01
    outer loop
      vertex   3.037827e+01 7.693828e+01 1.076723e+02
      vertex   1.292389e+02 7.826447e+01 1.063359e+02
      vertex   8.351836e+01 8.335885e+01 1.012463e+02
    endloop
  endfacet
  facet normal 7.259445e-05 7.071068e-01 7.071068e-01
    outer loop
      vertex   3.037827e+01 7.693828e+01 1.076723e+02
      vertex   8.351836e+01 8.335885e+01 1.012463e+02
      vertex   3.037827e+01 8.332935e+01 1.012812e+02
    endloop
  endfacet
  facet normal 9.667847e-01 1.813220e-01 1.801381e-01
    outer loop
      vertex   1.322113e+02 7.510614e+01 1.058401e+02
      vertex   1.322100e+02 7.614524e+01 1.048010e+02
      vertex   1.320288e+02 7.559430e+01 1.063283e+02
    endloop
  endfacet
  facet normal 9.667847e-01 1.813220e-01 1.801381e-01
    outer loop
      vertex   1.320288e+02 7.559430e+01 1.063283e+02
      vertex   1.322100e+02 7.614524e+01 1.048010e+02
      vertex   1.320275e+02 7.664338e+01 1.052792e+02
    endloop
  endfacet
  facet normal 8.789915e-01 3.377127e-01 3.366363e-01
    outer loop
      vertex   1.320288e+02 7.559430e+01 1.063283e+02
      vertex   1.320275e+02 7.664338e+01 1.052792e+02
      vertex   1.316883e+02 7.603813e+01 1.067721e+02
    endloop
  endfacet
  facet normal 8.789915e-01 3.377127e-01 3.366363e-01
    outer loop
      vertex   1.316883e+02 7.603813e+01 1.067721e+02
      vertex   1.320275e+02 7.664338e+01 1.052792e+02
      vertex   1.316870e+02 7.711573e+01 1.056945e+02
    endloop
  endfacet
  facet normal 7.413971e-01 4.749695e-01 4.740616e-01
    outer loop
      vertex   1.316883e+02 7.603813e+01 1.067721e+02
      vertex   1.316870e+02 7.711573e+01 1.056945e+02
      vertex   1.312091e+02 7.641249e+01 1.071465e+02
    endloop
  endfacet
  facet normal 7.413971e-01 4.749695e-01 4.740616e-01
    outer loop
      vertex   1.312091e+02 7.641249e+01 1.071465e+02
      vertex   1.316870e+02 7.711573e+01 1.056945e+02
      vertex   1.312077e+02 7.753552e+01 1.060235e+02
    endloop
  endfacet
  facet normal 5.617970e-01 5.853157e-01 5.846278e-01
    outer loop
      vertex   1.312091e+02 7.641249e+01 1.071465e+02
      vertex   1.312077e+02 7.753552e+01 1.060235e+02
      vertex   1.306183e+02 7.669616e+01 1.074302e+02
    endloop
  endfacet
  facet normal 5.617970e-01 5.853157e-01 5.846278e-01
    outer loop
      vertex   1.306183e+02 7.669616e+01 1.074302e+02
      vertex   1.312077e+02 7.753552e+01 1.060235e+02
      vertex   1.306169e+02 7.787898e+01 1.062473e+02
    endloop
  endfacet
  facet normal 3.503670e-01 6.624995e-01 6.620705e-01
    outer loop
      vertex   1.306183e+02 7.669616e+01 1.074302e+02
      vertex   1.306169e+02 7.787898e+01 1.062473e+02
      vertex   1.299495e+02 7.687307e+01 1.076071e+02
    endloop
  endfacet
  facet normal 3.503670e-01 6.624995e-01 6.620705e-01
    outer loop
      vertex   1.299495e+02 7.687307e+01 1.076071e+02
      vertex   1.306169e+02 7.787898e+01 1.062473e+02
      vertex   1.299480e+02 7.812664e+01 1.063535e+02
    endloop
  endfacet
  facet normal 1.190861e-01 7.021478e-01 7.020021e-01
    outer loop
      vertex   1.299495e+02 7.687307e+01 1.076071e+02
      vertex   1.299480e+02 7.812664e+01 1.063535e+02
      vertex   1.292405e+02 7.693320e+01 1.076672e+02
    endloop
  endfacet
  facet normal 1.190861e-01 7.021478e-01 7.020021e-01
    outer loop
      vertex   1.292405e+02 7.693320e+01 1.076672e+02
      vertex   1.299480e+02 7.812664e+01 1.063535e+02
      vertex   1.292389e+02 7.826447e+01 1.063359e+02
    endloop
  endfacet
  facet normal 4.642689e-04 -7.071067e-01 -7.071067e-01
    outer loop
      vertex   -8.912860e+01 -1.411721e+01 1.661679e+01
      vertex   -8.912742e+01 -1.315448e+01 1.565406e+01
      vertex   -6.562694e+01 -1.410949e+01 1.662450e+01
    endloop
  endfacet
  facet normal 4.642689e-04 -7.071067e-01 -7.071067e-01
    outer loop
      vertex   -6.562694e+01 -1.410949e+01 1.662450e+01
      vertex   -8.912742e+01 -1.315448e+01 1.565406e+01
      vertex   -6.463877e+01 -1.041921e+01 1.293487e+01
    endloop
  endfacet
  facet normal 4.642689e-04 -7.071067e-01 -7.071067e-01
    outer loop
      vertex   -6.562694e+01 -1.410949e+01 1.662450e+01
      vertex   -6.463877e+01 -1.041921e+01 1.293487e+01
      vertex   -6.464315e+01 -1.399961e+01 1.651527e+01
    endloop
  endfacet
  facet normal -9.903322e-01 9.869153e-02 9.747875e-02
    outer loop
      vertex   -7.145349e+01 7.614524e+01 1.048010e+02
      vertex   -8.912742e+01 -1.315448e+01 1.565406e+01
      vertex   -7.145476e+01 7.510614e+01 1.058401e+02
    endloop
  endfacet
  facet normal -9.903322e-01 9.869153e-02 9.747875e-02
    outer loop
      vertex   -7.145476e+01 7.510614e+01 1.058401e+02
      vertex   -8.912742e+01 -1.315448e+01 1.565406e+01
      vertex   -8.912860e+01 -1.411721e+01 1.661679e+01
    endloop
  endfacet
  facet normal -1.190861e-01 7.021478e-01 7.020021e-01
    outer loop
      vertex   -6.848235e+01 7.826447e+01 1.063359e+02
      vertex   -6.919145e+01 7.812664e+01 1.063535e+02
      vertex   -6.848398e+01 7.693320e+01 1.076672e+02
    endloop
  endfacet
  facet normal -1.190861e-01 7.021478e-01 7.020021e-01
    outer loop
      vertex   -6.848398e+01 7.693320e+01 1.076672e+02
      vertex   -6.919145e+01 7.812664e+01 1.063535e+02
      vertex   -6.919298e+01 7.687307e+01 1.076071e+02
    endloop
  endfacet
  facet normal -3.503670e-01 6.624995e-01 6.620705e-01
    outer loop
      vertex   -6.919298e+01 7.687307e+01 1.076071e+02
      vertex   -6.919145e+01 7.812664e+01 1.063535e+02
      vertex   -6.986035e+01 7.787898e+01 1.062473e+02
    endloop
  endfacet
  facet normal -3.503670e-01 6.624995e-01 6.620705e-01
    outer loop
      vertex   -6.919298e+01 7.687307e+01 1.076071e+02
      vertex   -6.986035e+01 7.787898e+01 1.062473e+02
      vertex   -6.986180e+01 7.669616e+01 1.074302e+02
    endloop
  endfacet
  facet normal -5.617970e-01 5.853157e-01 5.846278e-01
    outer loop
      vertex   -6.986180e+01 7.669616e+01 1.074302e+02
      vertex   -6.986035e+01 7.787898e+01 1.062473e+02
      vertex   -7.045117e+01 7.753552e+01 1.060235e+02
    endloop
  endfacet
  facet normal -5.617970e-01 5.853157e-01 5.846278e-01
    outer loop
      vertex   -6.986180e+01 7.669616e+01 1.074302e+02
      vertex   -7.045117e+01 7.753552e+01 1.060235e+02
      vertex   -7.045255e+01 7.641249e+01 1.071465e+02
    endloop
  endfacet
  facet normal -7.413971e-01 4.749695e-01 4.740616e-01
    outer loop
      vertex   -7.045255e+01 7.641249e+01 1.071465e+02
      vertex   -7.045117e+01 7.753552e+01 1.060235e+02
      vertex   -7.093042e+01 7.711573e+01 1.056945e+02
    endloop
  endfacet
  facet normal -7.413971e-01 4.749695e-01 4.740616e-01
    outer loop
      vertex   -7.045255e+01 7.641249e+01 1.071465e+02
      vertex   -7.093042e+01 7.711573e+01 1.056945e+02
      vertex   -7.093174e+01 7.603813e+01 1.067721e+02
    endloop
  endfacet
  facet normal -8.789915e-01 3.377127e-01 3.366363e-01
    outer loop
      vertex   -7.093174e+01 7.603813e+01 1.067721e+02
      vertex   -7.093042e+01 7.711573e+01 1.056945e+02
      vertex   -7.127096e+01 7.664338e+01 1.052792e+02
    endloop
  endfacet
  facet normal -8.789915e-01 3.377127e-01 3.366363e-01
    outer loop
      vertex   -7.093174e+01 7.603813e+01 1.067721e+02
      vertex   -7.127096e+01 7.664338e+01 1.052792e+02
      vertex   -7.127225e+01 7.559430e+01 1.063283e+02
    endloop
  endfacet
  facet normal -9.667847e-01 1.813220e-01 1.801381e-01
    outer loop
      vertex   -7.127225e+01 7.559430e+01 1.063283e+02
      vertex   -7.127096e+01 7.664338e+01 1.052792e+02
      vertex   -7.145349e+01 7.614524e+01 1.048010e+02
    endloop
  endfacet
  facet normal -9.667847e-01 1.813220e-01 1.801381e-01
    outer loop
      vertex   -7.127225e+01 7.559430e+01 1.063283e+02
      vertex   -7.145349e+01 7.614524e+01 1.048010e+02
      vertex   -7.145476e+01 7.510614e+01 1.058401e+02
    endloop
  endfacet
  facet normal -9.651404e-01 1.827149e-01 1.874016e-01
    outer loop
      vertex   -7.446566e+01 3.134116e+00 2.931181e+01
      vertex   -7.441169e+01 9.678382e-01 3.170184e+01
      vertex   -7.438028e+01 3.361604e+00 2.952973e+01
    endloop
  endfacet
  facet normal -9.914394e-01 9.463640e-02 8.995450e-02
    outer loop
      vertex   -7.438028e+01 3.361604e+00 2.952973e+01
      vertex   -7.441169e+01 9.678382e-01 3.170184e+01
      vertex   -7.436910e+01 1.196604e+00 3.193060e+01
    endloop
  endfacet
  facet normal -9.999904e-01 -3.211006e-04 4.365833e-03
    outer loop
      vertex   -7.438028e+01 3.361604e+00 2.952973e+01
      vertex   -7.436910e+01 1.196604e+00 3.193060e+01
      vertex   -7.437932e+01 3.587557e+00 2.976526e+01
    endloop
  endfacet
  facet normal -9.914394e-01 -8.994957e-02 -9.464132e-02
    outer loop
      vertex   -7.437932e+01 3.587557e+00 2.976526e+01
      vertex   -7.436910e+01 1.196604e+00 3.193060e+01
      vertex   -7.441169e+01 1.425370e+00 3.215937e+01
    endloop
  endfacet
  facet normal -9.666225e-01 -1.835021e-01 -1.787956e-01
    outer loop
      vertex   -7.437932e+01 3.587557e+00 2.976526e+01
      vertex   -7.441169e+01 1.425370e+00 3.215937e+01
      vertex   -7.446285e+01 3.796575e+00 3.000234e+01
    endloop
  endfacet
  facet normal -9.238744e-01 -2.682361e-01 -2.729570e-01
    outer loop
      vertex   -7.446285e+01 3.796575e+00 3.000234e+01
      vertex   -7.441169e+01 1.425370e+00 3.215937e+01
      vertex   -7.453657e+01 1.638546e+00 3.237254e+01
    endloop
  endfacet
  facet normal -8.673197e-01 -3.543278e-01 -3.495831e-01
    outer loop
      vertex   -7.446285e+01 3.796575e+00 3.000234e+01
      vertex   -7.453657e+01 1.638546e+00 3.237254e+01
      vertex   -7.462518e+01 3.974415e+00 3.022483e+01
    endloop
  endfacet
  facet normal -7.933488e-01 -4.280730e-01 -4.328408e-01
    outer loop
      vertex   -7.462518e+01 3.974415e+00 3.022483e+01
      vertex   -7.453657e+01 1.638546e+00 3.237254e+01
      vertex   -7.473522e+01 1.821604e+00 3.255560e+01
    endloop
  endfacet
  facet normal -7.088689e-01 -5.011449e-01 -4.963453e-01
    outer loop
      vertex   -7.462518e+01 3.974415e+00 3.022483e+01
      vertex   -7.473522e+01 1.821604e+00 3.255560e+01
      vertex   -7.485525e+01 4.108957e+00 3.041756e+01
    endloop
  endfacet
  facet normal -6.087579e-01 -5.585670e-01 -5.633975e-01
    outer loop
      vertex   -7.485525e+01 4.108957e+00 3.041756e+01
      vertex   -7.473522e+01 1.821604e+00 3.255560e+01
      vertex   -7.499410e+01 1.962070e+00 3.269607e+01
    endloop
  endfacet
  facet normal -5.020942e-01 -6.139445e-01 -6.090759e-01
    outer loop
      vertex   -7.485525e+01 4.108957e+00 3.041756e+01
      vertex   -7.499410e+01 1.962070e+00 3.269607e+01
      vertex   -7.513737e+01 4.191032e+00 3.056739e+01
    endloop
  endfacet
  facet normal -3.826811e-01 -6.508247e-01 -6.557304e-01
    outer loop
      vertex   -7.513737e+01 4.191032e+00 3.056739e+01
      vertex   -7.499410e+01 1.962070e+00 3.269607e+01
      vertex   -7.529558e+01 2.050370e+00 3.278437e+01
    endloop
  endfacet
  facet normal -2.611132e-01 -6.850454e-01 -6.800976e-01
    outer loop
      vertex   -7.513737e+01 4.191032e+00 3.056739e+01
      vertex   -7.529558e+01 2.050370e+00 3.278437e+01
      vertex   -7.545231e+01 4.215047e+00 3.066412e+01
    endloop
  endfacet
  facet normal -1.305254e-01 -6.985586e-01 -7.035475e-01
    outer loop
      vertex   -7.545231e+01 4.215047e+00 3.066412e+01
      vertex   -7.529558e+01 2.050370e+00 3.278437e+01
      vertex   -7.561910e+01 2.080487e+00 3.281449e+01
    endloop
  endfacet
  facet normal -2.368094e-03 -7.096166e-01 -7.045841e-01
    outer loop
      vertex   -7.545231e+01 4.215047e+00 3.066412e+01
      vertex   -7.561910e+01 2.080487e+00 3.281449e+01
      vertex   -7.577863e+01 4.179365e+00 3.070115e+01
    endloop
  endfacet
  facet normal 1.305254e-01 -6.985153e-01 -7.035904e-01
    outer loop
      vertex   -7.577863e+01 4.179365e+00 3.070115e+01
      vertex   -7.561910e+01 2.080487e+00 3.281449e+01
      vertex   -7.594262e+01 2.050370e+00 3.278437e+01
    endloop
  endfacet
  facet normal 2.565008e-01 -6.860036e-01 -6.808865e-01
    outer loop
      vertex   -7.577863e+01 4.179365e+00 3.070115e+01
      vertex   -7.594262e+01 2.050370e+00 3.278437e+01
      vertex   -7.609407e+01 4.086419e+00 3.067597e+01
    endloop
  endfacet
  facet normal 3.826809e-01 -6.506981e-01 -6.558561e-01
    outer loop
      vertex   -7.609407e+01 4.086419e+00 3.067597e+01
      vertex   -7.594262e+01 2.050370e+00 3.278437e+01
      vertex   -7.624410e+01 1.962070e+00 3.269607e+01
    endloop
  endfacet
  facet normal 4.978598e-01 -6.158358e-01 -6.106406e-01
    outer loop
      vertex   -7.609407e+01 4.086419e+00 3.067597e+01
      vertex   -7.624410e+01 1.962070e+00 3.269607e+01
      vertex   -7.637714e+01 3.942542e+00 3.059027e+01
    endloop
  endfacet
  facet normal 6.087573e-01 -5.583660e-01 -5.635974e-01
    outer loop
      vertex   -7.637714e+01 3.942542e+00 3.059027e+01
      vertex   -7.624410e+01 1.962070e+00 3.269607e+01
      vertex   -7.650298e+01 1.821604e+00 3.255560e+01
    endloop
  endfacet
  facet normal 7.052831e-01 -5.039097e-01 -4.986490e-01
    outer loop
      vertex   -7.637714e+01 3.942542e+00 3.059027e+01
      vertex   -7.650298e+01 1.821604e+00 3.255560e+01
      vertex   -7.660856e+01 3.757539e+00 3.044992e+01
    endloop
  endfacet
  facet normal 7.933478e-01 -4.278117e-01 -4.331009e-01
    outer loop
      vertex   -7.660856e+01 3.757539e+00 3.044992e+01
      vertex   -7.650298e+01 1.821604e+00 3.255560e+01
      vertex   -7.670163e+01 1.638546e+00 3.237254e+01
    endloop
  endfacet
  facet normal 8.646659e-01 -3.578574e-01 -3.525493e-01
    outer loop
      vertex   -7.660856e+01 3.757539e+00 3.044992e+01
      vertex   -7.670163e+01 1.638546e+00 3.237254e+01
      vertex   -7.677254e+01 3.544018e+00 3.026446e+01
    endloop
  endfacet
  facet normal 9.238730e-01 -2.679330e-01 -2.732592e-01
    outer loop
      vertex   -7.677254e+01 3.544018e+00 3.026446e+01
      vertex   -7.670163e+01 1.638546e+00 3.237254e+01
      vertex   -7.682651e+01 1.425370e+00 3.215937e+01
    endloop
  endfacet
  facet normal 9.651772e-01 -1.876240e-01 -1.822913e-01
    outer loop
      vertex   -7.677254e+01 3.544018e+00 3.026446e+01
      vertex   -7.682651e+01 1.425370e+00 3.215937e+01
      vertex   -7.685792e+01 3.316529e+00 3.004655e+01
    endloop
  endfacet
  facet normal 9.914378e-01 -8.962583e-02 -9.496477e-02
    outer loop
      vertex   -7.685792e+01 3.316529e+00 3.004655e+01
      vertex   -7.682651e+01 1.425370e+00 3.215937e+01
      vertex   -7.686910e+01 1.196604e+00 3.193060e+01
    endloop
  endfacet
  facet normal 9.999884e-01 -4.792492e-03 5.399230e-04
    outer loop
      vertex   -7.685792e+01 3.316529e+00 3.004655e+01
      vertex   -7.686910e+01 1.196604e+00 3.193060e+01
      vertex   -7.685888e+01 3.090577e+00 2.981102e+01
    endloop
  endfacet
  facet normal 9.914378e-01 9.495840e-02 8.963220e-02
    outer loop
      vertex   -7.685888e+01 3.090577e+00 2.981102e+01
      vertex   -7.686910e+01 1.196604e+00 3.193060e+01
      vertex   -7.682651e+01 9.678382e-01 3.170184e+01
    endloop
  endfacet
  facet normal 9.667313e-01 1.782006e-01 1.835078e-01
    outer loop
      vertex   -7.685888e+01 3.090577e+00 2.981102e+01
      vertex   -7.682651e+01 9.678382e-01 3.170184e+01
      vertex   -7.677535e+01 2.881559e+00 2.957394e+01
    endloop
  endfacet
  facet normal 9.238731e-01 2.732408e-01 2.679516e-01
    outer loop
      vertex   -7.677535e+01 2.881559e+00 2.957394e+01
      vertex   -7.682651e+01 9.678382e-01 3.170184e+01
      vertex   -7.670163e+01 7.546623e-01 3.148866e+01
    endloop
  endfacet
  facet normal 8.676590e-01 3.489054e-01 3.541649e-01
    outer loop
      vertex   -7.677535e+01 2.881559e+00 2.957394e+01
      vertex   -7.670163e+01 7.546623e-01 3.148866e+01
      vertex   -7.661302e+01 2.703719e+00 2.935145e+01
    endloop
  endfacet
  facet normal 7.933479e-01 4.330721e-01 4.278407e-01
    outer loop
      vertex   -7.661302e+01 2.703719e+00 2.935145e+01
      vertex   -7.670163e+01 7.546623e-01 3.148866e+01
      vertex   -7.650298e+01 5.716040e-01 3.130560e+01
    endloop
  endfacet
  facet normal 7.094963e-01 4.957010e-01 5.008947e-01
    outer loop
      vertex   -7.661302e+01 2.703719e+00 2.935145e+01
      vertex   -7.650298e+01 5.716040e-01 3.130560e+01
      vertex   -7.638295e+01 2.569177e+00 2.915872e+01
    endloop
  endfacet
  facet normal 6.087574e-01 5.635608e-01 5.584028e-01
    outer loop
      vertex   -7.638295e+01 2.569177e+00 2.915872e+01
      vertex   -7.650298e+01 5.716040e-01 3.130560e+01
      vertex   -7.624410e+01 4.311385e-01 3.116514e+01
    endloop
  endfacet
  facet normal 5.029901e-01 6.085839e-01 6.136991e-01
    outer loop
      vertex   -7.638295e+01 2.569177e+00 2.915872e+01
      vertex   -7.624410e+01 4.311385e-01 3.116514e+01
      vertex   -7.610083e+01 2.487102e+00 2.900889e+01
    endloop
  endfacet
  facet normal 3.826810e-01 6.558148e-01 6.507398e-01
    outer loop
      vertex   -7.610083e+01 2.487102e+00 2.900889e+01
      vertex   -7.624410e+01 4.311385e-01 3.116514e+01
      vertex   -7.594262e+01 3.428382e-01 3.107684e+01
    endloop
  endfacet
  facet normal 2.621862e-01 6.798503e-01 6.848810e-01
    outer loop
      vertex   -7.610083e+01 2.487102e+00 2.900889e+01
      vertex   -7.594262e+01 3.428382e-01 3.107684e+01
      vertex   -7.578589e+01 2.463087e+00 2.891216e+01
    endloop
  endfacet
  facet normal 1.305254e-01 7.035474e-01 6.985586e-01
    outer loop
      vertex   -7.578589e+01 2.463087e+00 2.891216e+01
      vertex   -7.594262e+01 3.428382e-01 3.107684e+01
      vertex   -7.561910e+01 3.127206e-01 3.104672e+01
    endloop
  endfacet
  facet normal 3.479871e-03 7.046252e-01 7.095712e-01
    outer loop
      vertex   -7.578589e+01 2.463087e+00 2.891216e+01
      vertex   -7.561910e+01 3.127206e-01 3.104672e+01
      vertex   -7.545957e+01 2.498768e+00 2.887513e+01
    endloop
  endfacet
  facet normal -1.305254e-01 7.035060e-01 6.986004e-01
    outer loop
      vertex   -7.545957e+01 2.498768e+00 2.887513e+01
      vertex   -7.561910e+01 3.127206e-01 3.104672e+01
      vertex   -7.529558e+01 3.428382e-01 3.107684e+01
    endloop
  endfacet
  facet normal -2.554989e-01 6.811996e-01 6.860666e-01
    outer loop
      vertex   -7.545957e+01 2.498768e+00 2.887513e+01
      vertex   -7.529558e+01 3.428382e-01 3.107684e+01
      vertex   -7.514413e+01 2.591715e+00 2.890031e+01
    endloop
  endfacet
  facet normal -3.826812e-01 6.556929e-01 6.508624e-01
    outer loop
      vertex   -7.514413e+01 2.591715e+00 2.890031e+01
      vertex   -7.529558e+01 3.428382e-01 3.107684e+01
      vertex   -7.499410e+01 4.311385e-01 3.116514e+01
    endloop
  endfacet
  facet normal -4.970874e-01 6.111530e-01 6.159514e-01
    outer loop
      vertex   -7.514413e+01 2.591715e+00 2.890031e+01
      vertex   -7.499410e+01 4.311385e-01 3.116514e+01
      vertex   -7.486106e+01 2.735592e+00 2.898600e+01
    endloop
  endfacet
  facet normal -6.087580e-01 5.633662e-01 5.585984e-01
    outer loop
      vertex   -7.486106e+01 2.735592e+00 2.898600e+01
      vertex   -7.499410e+01 4.311385e-01 3.116514e+01
      vertex   -7.473522e+01 5.716040e-01 3.130560e+01
    endloop
  endfacet
  facet normal -7.047986e-01 4.992493e-01 5.039931e-01
    outer loop
      vertex   -7.486106e+01 2.735592e+00 2.898600e+01
      vertex   -7.473522e+01 5.716040e-01 3.130560e+01
      vertex   -7.462964e+01 2.920595e+00 2.912636e+01
    endloop
  endfacet
  facet normal -7.933489e-01 4.328173e-01 4.280965e-01
    outer loop
      vertex   -7.462964e+01 2.920595e+00 2.912636e+01
      vertex   -7.473522e+01 5.716040e-01 3.130560e+01
      vertex   -7.453657e+01 7.546623e-01 3.148866e+01
    endloop
  endfacet
  facet normal -8.644508e-01 3.531142e-01 3.578201e-01
    outer loop
      vertex   -7.462964e+01 2.920595e+00 2.912636e+01
      vertex   -7.453657e+01 7.546623e-01 3.148866e+01
      vertex   -7.446566e+01 3.134116e+00 2.931181e+01
    endloop
  endfacet
  facet normal -9.238744e-01 2.729424e-01 2.682507e-01
    outer loop
      vertex   -7.446566e+01 3.134116e+00 2.931181e+01
      vertex   -7.453657e+01 7.546623e-01 3.148866e+01
      vertex   -7.441169e+01 9.678382e-01 3.170184e+01
    endloop
  endfacet
  facet normal 9.999905e-01 -3.098256e-04 4.355017e-03
    outer loop
      vertex   1.350389e+02 3.598357e+00 2.975446e+01
      vertex   1.350287e+02 1.196604e+00 3.193060e+01
      vertex   1.350399e+02 3.372404e+00 2.951893e+01
    endloop
  endfacet
  facet normal 9.914395e-01 9.462538e-02 8.996553e-02
    outer loop
      vertex   1.350399e+02 3.372404e+00 2.951893e+01
      vertex   1.350287e+02 1.196604e+00 3.193060e+01
      vertex   1.350713e+02 9.678382e-01 3.170184e+01
    endloop
  endfacet
  facet normal 9.651405e-01 1.827257e-01 1.873903e-01
    outer loop
      vertex   1.350399e+02 3.372404e+00 2.951893e+01
      vertex   1.350713e+02 9.678382e-01 3.170184e+01
      vertex   1.351252e+02 3.144916e+00 2.930101e+01
    endloop
  endfacet
  facet normal 9.238745e-01 2.729314e-01 2.682618e-01
    outer loop
      vertex   1.351252e+02 3.144916e+00 2.930101e+01
      vertex   1.350713e+02 9.678382e-01 3.170184e+01
      vertex   1.351961e+02 7.546623e-01 3.148866e+01
    endloop
  endfacet
  facet normal 8.644513e-01 3.531248e-01 3.578084e-01
    outer loop
      vertex   1.351252e+02 3.144916e+00 2.930101e+01
      vertex   1.351961e+02 7.546623e-01 3.148866e+01
      vertex   1.352892e+02 2.931395e+00 2.911556e+01
    endloop
  endfacet
  facet normal 7.933490e-01 4.328062e-01 4.281078e-01
    outer loop
      vertex   1.352892e+02 2.931395e+00 2.911556e+01
      vertex   1.351961e+02 7.546623e-01 3.148866e+01
      vertex   1.353948e+02 5.716040e-01 3.130560e+01
    endloop
  endfacet
  facet normal 7.047997e-01 4.992599e-01 5.039810e-01
    outer loop
      vertex   1.352892e+02 2.931395e+00 2.911556e+01
      vertex   1.353948e+02 5.716040e-01 3.130560e+01
      vertex   1.355206e+02 2.746392e+00 2.897520e+01
    endloop
  endfacet
  facet normal 6.087580e-01 5.633548e-01 5.586099e-01
    outer loop
      vertex   1.355206e+02 2.746392e+00 2.897520e+01
      vertex   1.353948e+02 5.716040e-01 3.130560e+01
      vertex   1.356537e+02 4.311385e-01 3.116514e+01
    endloop
  endfacet
  facet normal 4.970892e-01 6.111639e-01 6.159391e-01
    outer loop
      vertex   1.355206e+02 2.746392e+00 2.897520e+01
      vertex   1.356537e+02 4.311385e-01 3.116514e+01
      vertex   1.358037e+02 2.602515e+00 2.888951e+01
    endloop
  endfacet
  facet normal 3.826812e-01 6.556812e-01 6.508742e-01
    outer loop
      vertex   1.358037e+02 2.602515e+00 2.888951e+01
      vertex   1.356537e+02 4.311385e-01 3.116514e+01
      vertex   1.359552e+02 3.428382e-01 3.107684e+01
    endloop
  endfacet
  facet normal 2.555013e-01 6.812111e-01 6.860543e-01
    outer loop
      vertex   1.358037e+02 2.602515e+00 2.888951e+01
      vertex   1.359552e+02 3.428382e-01 3.107684e+01
      vertex   1.361191e+02 2.509568e+00 2.886433e+01
    endloop
  endfacet
  facet normal 1.305254e-01 7.034939e-01 6.986125e-01
    outer loop
      vertex   1.361191e+02 2.509568e+00 2.886433e+01
      vertex   1.359552e+02 3.428382e-01 3.107684e+01
      vertex   1.362787e+02 3.127206e-01 3.104672e+01
    endloop
  endfacet
  facet normal -3.477131e-03 7.046375e-01 7.095589e-01
    outer loop
      vertex   1.361191e+02 2.509568e+00 2.886433e+01
      vertex   1.362787e+02 3.127206e-01 3.104672e+01
      vertex   1.364455e+02 2.473887e+00 2.890136e+01
    endloop
  endfacet
  facet normal -1.305254e-01 7.035350e-01 6.985712e-01
    outer loop
      vertex   1.364455e+02 2.473887e+00 2.890136e+01
      vertex   1.362787e+02 3.127206e-01 3.104672e+01
      vertex   1.366022e+02 3.428382e-01 3.107684e+01
    endloop
  endfacet
  facet normal -2.621835e-01 6.798636e-01 6.848688e-01
    outer loop
      vertex   1.364455e+02 2.473887e+00 2.890136e+01
      vertex   1.366022e+02 3.428382e-01 3.107684e+01
      vertex   1.367604e+02 2.497902e+00 2.899809e+01
    endloop
  endfacet
  facet normal -3.826810e-01 6.558019e-01 6.507528e-01
    outer loop
      vertex   1.367604e+02 2.497902e+00 2.899809e+01
      vertex   1.366022e+02 3.428382e-01 3.107684e+01
      vertex   1.369037e+02 4.311385e-01 3.116514e+01
    endloop
  endfacet
  facet normal -5.029878e-01 6.085980e-01 6.136870e-01
    outer loop
      vertex   1.367604e+02 2.497902e+00 2.899809e+01
      vertex   1.369037e+02 4.311385e-01 3.116514e+01
      vertex   1.370425e+02 2.579977e+00 2.914792e+01
    endloop
  endfacet
  facet normal -6.087574e-01 5.635474e-01 5.584162e-01
    outer loop
      vertex   1.370425e+02 2.579977e+00 2.914792e+01
      vertex   1.369037e+02 4.311385e-01 3.116514e+01
      vertex   1.371626e+02 5.716040e-01 3.130560e+01
    endloop
  endfacet
  facet normal -7.094947e-01 4.957158e-01 5.008823e-01
    outer loop
      vertex   1.370425e+02 2.579977e+00 2.914792e+01
      vertex   1.371626e+02 5.716040e-01 3.130560e+01
      vertex   1.372726e+02 2.714519e+00 2.934065e+01
    endloop
  endfacet
  facet normal -7.933480e-01 4.330584e-01 4.278545e-01
    outer loop
      vertex   1.372726e+02 2.714519e+00 2.934065e+01
      vertex   1.371626e+02 5.716040e-01 3.130560e+01
      vertex   1.373612e+02 7.546623e-01 3.148866e+01
    endloop
  endfacet
  facet normal -8.676582e-01 3.489205e-01 3.541522e-01
    outer loop
      vertex   1.372726e+02 2.714519e+00 2.934065e+01
      vertex   1.373612e+02 7.546623e-01 3.148866e+01
      vertex   1.374349e+02 2.892359e+00 2.956314e+01
    endloop
  endfacet
  facet normal -9.238731e-01 2.732267e-01 2.679656e-01
    outer loop
      vertex   1.374349e+02 2.892359e+00 2.956314e+01
      vertex   1.373612e+02 7.546623e-01 3.148866e+01
      vertex   1.374861e+02 9.678382e-01 3.170184e+01
    endloop
  endfacet
  facet normal -9.667311e-01 1.782156e-01 1.834945e-01
    outer loop
      vertex   1.374349e+02 2.892359e+00 2.956314e+01
      vertex   1.374861e+02 9.678382e-01 3.170184e+01
      vertex   1.375185e+02 3.101377e+00 2.980022e+01
    endloop
  endfacet
  facet normal -9.914379e-01 9.494415e-02 8.964647e-02
    outer loop
      vertex   1.375185e+02 3.101377e+00 2.980022e+01
      vertex   1.374861e+02 9.678382e-01 3.170184e+01
      vertex   1.375287e+02 1.196604e+00 3.193060e+01
    endloop
  endfacet
  facet normal -9.999884e-01 -4.777908e-03 5.259308e-04
    outer loop
      vertex   1.375185e+02 3.101377e+00 2.980022e+01
      vertex   1.375287e+02 1.196604e+00 3.193060e+01
      vertex   1.375175e+02 3.327329e+00 3.003575e+01
    endloop
  endfacet
  facet normal -9.914379e-01 -8.964016e-02 -9.495045e-02
    outer loop
      vertex   1.375175e+02 3.327329e+00 3.003575e+01
      vertex   1.375287e+02 1.196604e+00 3.193060e+01
      vertex   1.374861e+02 1.425370e+00 3.215937e+01
    endloop
  endfacet
  facet normal -9.651772e-01 -1.876100e-01 -1.823059e-01
    outer loop
      vertex   1.375175e+02 3.327329e+00 3.003575e+01
      vertex   1.374861e+02 1.425370e+00 3.215937e+01
      vertex   1.374321e+02 3.554818e+00 3.025366e+01
    endloop
  endfacet
  facet normal -9.238731e-01 -2.679473e-01 -2.732450e-01
    outer loop
      vertex   1.374321e+02 3.554818e+00 3.025366e+01
      vertex   1.374861e+02 1.425370e+00 3.215937e+01
      vertex   1.373612e+02 1.638546e+00 3.237254e+01
    endloop
  endfacet
  facet normal -8.646653e-01 -3.578440e-01 -3.525643e-01
    outer loop
      vertex   1.374321e+02 3.554818e+00 3.025366e+01
      vertex   1.373612e+02 1.638546e+00 3.237254e+01
      vertex   1.372681e+02 3.768339e+00 3.043912e+01
    endloop
  endfacet
  facet normal -7.933479e-01 -4.278258e-01 -4.330869e-01
    outer loop
      vertex   1.372681e+02 3.768339e+00 3.043912e+01
      vertex   1.373612e+02 1.638546e+00 3.237254e+01
      vertex   1.371626e+02 1.821604e+00 3.255560e+01
    endloop
  endfacet
  facet normal -7.052818e-01 -5.038968e-01 -4.986639e-01
    outer loop
      vertex   1.372681e+02 3.768339e+00 3.043912e+01
      vertex   1.371626e+02 1.821604e+00 3.255560e+01
      vertex   1.370367e+02 3.953342e+00 3.057947e+01
    endloop
  endfacet
  facet normal -6.087573e-01 -5.583798e-01 -5.635837e-01
    outer loop
      vertex   1.370367e+02 3.953342e+00 3.057947e+01
      vertex   1.371626e+02 1.821604e+00 3.255560e+01
      vertex   1.369037e+02 1.962070e+00 3.269607e+01
    endloop
  endfacet
  facet normal -4.978578e-01 -6.158231e-01 -6.106550e-01
    outer loop
      vertex   1.370367e+02 3.953342e+00 3.057947e+01
      vertex   1.369037e+02 1.962070e+00 3.269607e+01
      vertex   1.367536e+02 4.097219e+00 3.066517e+01
    endloop
  endfacet
  facet normal -3.826809e-01 -6.507115e-01 -6.558428e-01
    outer loop
      vertex   1.367536e+02 4.097219e+00 3.066517e+01
      vertex   1.369037e+02 1.962070e+00 3.269607e+01
      vertex   1.366022e+02 2.050370e+00 3.278437e+01
    endloop
  endfacet
  facet normal -2.564981e-01 -6.859909e-01 -6.809002e-01
    outer loop
      vertex   1.367536e+02 4.097219e+00 3.066517e+01
      vertex   1.366022e+02 2.050370e+00 3.278437e+01
      vertex   1.364382e+02 4.190165e+00 3.069035e+01
    endloop
  endfacet
  facet normal -1.305254e-01 -6.985283e-01 -7.035775e-01
    outer loop
      vertex   1.364382e+02 4.190165e+00 3.069035e+01
      vertex   1.366022e+02 2.050370e+00 3.278437e+01
      vertex   1.362787e+02 2.080487e+00 3.281449e+01
    endloop
  endfacet
  facet normal 2.370931e-03 -7.096039e-01 -7.045968e-01
    outer loop
      vertex   1.364382e+02 4.190165e+00 3.069035e+01
      vertex   1.362787e+02 2.080487e+00 3.281449e+01
      vertex   1.361119e+02 4.225847e+00 3.065332e+01
    endloop
  endfacet
  facet normal 1.305254e-01 -6.985711e-01 -7.035350e-01
    outer loop
      vertex   1.361119e+02 4.225847e+00 3.065332e+01
      vertex   1.362787e+02 2.080487e+00 3.281449e+01
      vertex   1.359552e+02 2.050370e+00 3.278437e+01
    endloop
  endfacet
  facet normal 2.611159e-01 -6.850326e-01 -6.801094e-01
    outer loop
      vertex   1.361119e+02 4.225847e+00 3.065332e+01
      vertex   1.359552e+02 2.050370e+00 3.278437e+01
      vertex   1.357969e+02 4.201832e+00 3.055659e+01
    endloop
  endfacet
  facet normal 3.826812e-01 -6.508368e-01 -6.557183e-01
    outer loop
      vertex   1.357969e+02 4.201832e+00 3.055659e+01
      vertex   1.359552e+02 2.050370e+00 3.278437e+01
      vertex   1.356537e+02 1.962070e+00 3.269607e+01
    endloop
  endfacet
  facet normal 5.020964e-01 -6.139318e-01 -6.090870e-01
    outer loop
      vertex   1.357969e+02 4.201832e+00 3.055659e+01
      vertex   1.356537e+02 1.962070e+00 3.269607e+01
      vertex   1.355148e+02 4.119757e+00 3.040676e+01
    endloop
  endfacet
  facet normal 6.087579e-01 -5.585787e-01 -5.633858e-01
    outer loop
      vertex   1.355148e+02 4.119757e+00 3.040676e+01
      vertex   1.356537e+02 1.962070e+00 3.269607e+01
      vertex   1.353948e+02 1.821604e+00 3.255560e+01
    endloop
  endfacet
  facet normal 7.088704e-01 -5.011323e-01 -4.963559e-01
    outer loop
      vertex   1.355148e+02 4.119757e+00 3.040676e+01
      vertex   1.353948e+02 1.821604e+00 3.255560e+01
      vertex   1.352848e+02 3.985215e+00 3.021403e+01
    endloop
  endfacet
  facet normal 7.933489e-01 -4.280844e-01 -4.328294e-01
    outer loop
      vertex   1.352848e+02 3.985215e+00 3.021403e+01
      vertex   1.353948e+02 1.821604e+00 3.255560e+01
      vertex   1.351961e+02 1.638546e+00 3.237254e+01
    endloop
  endfacet
  facet normal 8.673205e-01 -3.543156e-01 -3.495935e-01
    outer loop
      vertex   1.352848e+02 3.985215e+00 3.021403e+01
      vertex   1.351961e+02 1.638546e+00 3.237254e+01
      vertex   1.351224e+02 3.807375e+00 2.999154e+01
    endloop
  endfacet
  facet normal 9.238744e-01 -2.682473e-01 -2.729458e-01
    outer loop
      vertex   1.351224e+02 3.807375e+00 2.999154e+01
      vertex   1.351961e+02 1.638546e+00 3.237254e+01
      vertex   1.350713e+02 1.425370e+00 3.215937e+01
    endloop
  endfacet
  facet normal 9.666228e-01 -1.834903e-01 -1.788061e-01
    outer loop
      vertex   1.351224e+02 3.807375e+00 2.999154e+01
      vertex   1.350713e+02 1.425370e+00 3.215937e+01
      vertex   1.350389e+02 3.598357e+00 2.975446e+01
    endloop
  endfacet
  facet normal 9.914395e-01 -8.996064e-02 -9.463026e-02
    outer loop
      vertex   1.350389e+02 3.598357e+00 2.975446e+01
      vertex   1.350713e+02 1.425370e+00 3.215937e+01
      vertex   1.350287e+02 1.196604e+00 3.193060e+01
    endloop
  endfacet
  facet normal -9.999806e-01 -5.999179e-03 1.697595e-03
    outer loop
      vertex   1.292956e+02 7.521004e+01 1.031621e+02
      vertex   1.293058e+02 7.393179e+01 1.046658e+02
      vertex   1.292947e+02 7.543600e+01 1.033976e+02
    endloop
  endfacet
  facet normal -9.914396e-01 -8.838850e-02 -9.609888e-02
    outer loop
      vertex   1.292947e+02 7.543600e+01 1.033976e+02
      vertex   1.293058e+02 7.393179e+01 1.046658e+02
      vertex   1.292633e+02 7.416056e+01 1.048946e+02
    endloop
  endfacet
  facet normal -9.651789e-01 -1.887812e-01 -1.810839e-01
    outer loop
      vertex   1.292947e+02 7.543600e+01 1.033976e+02
      vertex   1.292633e+02 7.416056e+01 1.048946e+02
      vertex   1.292093e+02 7.566348e+01 1.036155e+02
    endloop
  endfacet
  facet normal -9.238937e-01 -2.667047e-01 -2.743886e-01
    outer loop
      vertex   1.292093e+02 7.566348e+01 1.036155e+02
      vertex   1.292633e+02 7.416056e+01 1.048946e+02
      vertex   1.291384e+02 7.437374e+01 1.051077e+02
    endloop
  endfacet
  facet normal -8.647098e-01 -3.589622e-01 -3.513161e-01
    outer loop
      vertex   1.292093e+02 7.566348e+01 1.036155e+02
      vertex   1.291384e+02 7.437374e+01 1.051077e+02
      vertex   1.290453e+02 7.587701e+01 1.038010e+02
    endloop
  endfacet
  facet normal -7.933861e-01 -4.266088e-01 -4.342159e-01
    outer loop
      vertex   1.290453e+02 7.587701e+01 1.038010e+02
      vertex   1.291384e+02 7.437374e+01 1.051077e+02
      vertex   1.289398e+02 7.455681e+01 1.052908e+02
    endloop
  endfacet
  facet normal -7.053888e-01 -5.049718e-01 -4.974234e-01
    outer loop
      vertex   1.290453e+02 7.587701e+01 1.038010e+02
      vertex   1.289398e+02 7.455681e+01 1.052908e+02
      vertex   1.288139e+02 7.606201e+01 1.039413e+02
    endloop
  endfacet
  facet normal -6.088105e-01 -5.572023e-01 -5.646905e-01
    outer loop
      vertex   1.288139e+02 7.606201e+01 1.039413e+02
      vertex   1.289398e+02 7.455681e+01 1.052908e+02
      vertex   1.286809e+02 7.469729e+01 1.054313e+02
    endloop
  endfacet
  facet normal -4.980279e-01 -6.168713e-01 -6.094571e-01
    outer loop
      vertex   1.288139e+02 7.606201e+01 1.039413e+02
      vertex   1.286809e+02 7.469729e+01 1.054313e+02
      vertex   1.285308e+02 7.620589e+01 1.040270e+02
    endloop
  endfacet
  facet normal -3.827453e-01 -6.495837e-01 -6.569223e-01
    outer loop
      vertex   1.285308e+02 7.620589e+01 1.040270e+02
      vertex   1.286809e+02 7.469729e+01 1.054313e+02
      vertex   1.283794e+02 7.478561e+01 1.055196e+02
    endloop
  endfacet
  facet normal -2.567137e-01 -6.870282e-01 -6.797722e-01
    outer loop
      vertex   1.285308e+02 7.620589e+01 1.040270e+02
      vertex   1.283794e+02 7.478561e+01 1.055196e+02
      vertex   1.282154e+02 7.629883e+01 1.040522e+02
    endloop
  endfacet
  facet normal -1.305965e-01 -6.974558e-01 -7.046276e-01
    outer loop
      vertex   1.282154e+02 7.629883e+01 1.040522e+02
      vertex   1.283794e+02 7.478561e+01 1.055196e+02
      vertex   1.280559e+02 7.481574e+01 1.055497e+02
    endloop
  endfacet
  facet normal 2.139145e-03 -7.106399e-01 -7.035527e-01
    outer loop
      vertex   1.282154e+02 7.629883e+01 1.040522e+02
      vertex   1.280559e+02 7.481574e+01 1.055497e+02
      vertex   1.278890e+02 7.633451e+01 1.040152e+02
    endloop
  endfacet
  facet normal 1.304526e-01 -6.975550e-01 -7.045560e-01
    outer loop
      vertex   1.278890e+02 7.633451e+01 1.040152e+02
      vertex   1.280559e+02 7.481574e+01 1.055497e+02
      vertex   1.277324e+02 7.478564e+01 1.055196e+02
    endloop
  endfacet
  facet normal 2.608996e-01 -6.860682e-01 -6.791479e-01
    outer loop
      vertex   1.278890e+02 7.633451e+01 1.040152e+02
      vertex   1.277324e+02 7.478564e+01 1.055196e+02
      vertex   1.275741e+02 7.631050e+01 1.039184e+02
    endloop
  endfacet
  facet normal 3.826119e-01 -6.498744e-01 -6.567126e-01
    outer loop
      vertex   1.275741e+02 7.631050e+01 1.039184e+02
      vertex   1.277324e+02 7.478564e+01 1.055196e+02
      vertex   1.274309e+02 7.469735e+01 1.054314e+02
    endloop
  endfacet
  facet normal 5.019210e-01 -6.149600e-01 -6.081936e-01
    outer loop
      vertex   1.275741e+02 7.631050e+01 1.039184e+02
      vertex   1.274309e+02 7.469735e+01 1.054314e+02
      vertex   1.272920e+02 7.622842e+01 1.037686e+02
    endloop
  endfacet
  facet normal 6.086970e-01 -5.576640e-01 -5.643570e-01
    outer loop
      vertex   1.272920e+02 7.622842e+01 1.037686e+02
      vertex   1.274309e+02 7.469735e+01 1.054314e+02
      vertex   1.271720e+02 7.455690e+01 1.052909e+02
    endloop
  endfacet
  facet normal 7.087498e-01 -5.021414e-01 -4.955075e-01
    outer loop
      vertex   1.272920e+02 7.622842e+01 1.037686e+02
      vertex   1.271720e+02 7.455690e+01 1.052909e+02
      vertex   1.270619e+02 7.609388e+01 1.035759e+02
    endloop
  endfacet
  facet normal 7.933006e-01 -4.272088e-01 -4.337821e-01
    outer loop
      vertex   1.270619e+02 7.609388e+01 1.035759e+02
      vertex   1.271720e+02 7.455690e+01 1.052909e+02
      vertex   1.269733e+02 7.437385e+01 1.051079e+02
    endloop
  endfacet
  facet normal 8.672546e-01 -3.552933e-01 -3.487638e-01
    outer loop
      vertex   1.270619e+02 7.609388e+01 1.035759e+02
      vertex   1.269733e+02 7.437385e+01 1.051079e+02
      vertex   1.268996e+02 7.591604e+01 1.033534e+02
    endloop
  endfacet
  facet normal 9.238420e-01 -2.674005e-01 -2.738848e-01
    outer loop
      vertex   1.268996e+02 7.591604e+01 1.033534e+02
      vertex   1.269733e+02 7.437385e+01 1.051079e+02
      vertex   1.268485e+02 7.416068e+01 1.048947e+02
    endloop
  endfacet
  facet normal 9.665985e-01 -1.844281e-01 -1.779707e-01
    outer loop
      vertex   1.268996e+02 7.591604e+01 1.033534e+02
      vertex   1.268485e+02 7.416068e+01 1.048947e+02
      vertex   1.268161e+02 7.570702e+01 1.031163e+02
    endloop
  endfacet
  facet normal 9.914251e-01 -8.913114e-02 -9.556065e-02
    outer loop
      vertex   1.268161e+02 7.570702e+01 1.031163e+02
      vertex   1.268485e+02 7.416068e+01 1.048947e+02
      vertex   1.268058e+02 7.393192e+01 1.046659e+02
    endloop
  endfacet
  facet normal 9.999857e-01 -1.205864e-03 5.214615e-03
    outer loop
      vertex   1.268161e+02 7.570702e+01 1.031163e+02
      vertex   1.268058e+02 7.393192e+01 1.046659e+02
      vertex   1.268170e+02 7.548107e+01 1.028808e+02
    endloop
  endfacet
  facet normal 9.914441e-01 9.544964e-02 8.903859e-02
    outer loop
      vertex   1.268170e+02 7.548107e+01 1.028808e+02
      vertex   1.268058e+02 7.393192e+01 1.046659e+02
      vertex   1.268484e+02 7.370315e+01 1.044372e+02
    endloop
  endfacet
  facet normal 9.651291e-01 1.818647e-01 1.882847e-01
    outer loop
      vertex   1.268170e+02 7.548107e+01 1.028808e+02
      vertex   1.268484e+02 7.370315e+01 1.044372e+02
      vertex   1.269024e+02 7.525358e+01 1.026629e+02
    endloop
  endfacet
  facet normal 9.238978e-01 2.737626e-01 2.673331e-01
    outer loop
      vertex   1.269024e+02 7.525358e+01 1.026629e+02
      vertex   1.268484e+02 7.370315e+01 1.044372e+02
      vertex   1.269733e+02 7.348997e+01 1.042240e+02
    endloop
  endfacet
  facet normal 8.644087e-01 3.522833e-01 3.587395e-01
    outer loop
      vertex   1.269024e+02 7.525358e+01 1.026629e+02
      vertex   1.269733e+02 7.348997e+01 1.042240e+02
      vertex   1.270664e+02 7.504006e+01 1.024774e+02
    endloop
  endfacet
  facet normal 7.933892e-01 4.336562e-01 4.271720e-01
    outer loop
      vertex   1.270664e+02 7.504006e+01 1.024774e+02
      vertex   1.269733e+02 7.348997e+01 1.042240e+02
      vertex   1.271719e+02 7.330690e+01 1.040409e+02
    endloop
  endfacet
  facet normal 7.047085e-01 4.984158e-01 5.049432e-01
    outer loop
      vertex   1.270664e+02 7.504006e+01 1.024774e+02
      vertex   1.271719e+02 7.330690e+01 1.040409e+02
      vertex   1.272978e+02 7.485506e+01 1.023370e+02
    endloop
  endfacet
  facet normal 6.088124e-01 5.642348e-01 5.576616e-01
    outer loop
      vertex   1.272978e+02 7.485506e+01 1.023370e+02
      vertex   1.271719e+02 7.330690e+01 1.040409e+02
      vertex   1.274308e+02 7.316642e+01 1.039004e+02
    endloop
  endfacet
  facet normal 4.969430e-01 6.102908e-01 6.169221e-01
    outer loop
      vertex   1.272978e+02 7.485506e+01 1.023370e+02
      vertex   1.274308e+02 7.316642e+01 1.039004e+02
      vertex   1.275809e+02 7.471118e+01 1.022514e+02
    endloop
  endfacet
  facet normal 3.827462e-01 6.566010e-01 6.499080e-01
    outer loop
      vertex   1.275809e+02 7.471118e+01 1.022514e+02
      vertex   1.274308e+02 7.316642e+01 1.039004e+02
      vertex   1.277322e+02 7.307811e+01 1.038121e+02
    endloop
  endfacet
  facet normal 2.553071e-01 6.802833e-01 6.870465e-01
    outer loop
      vertex   1.275809e+02 7.471118e+01 1.022514e+02
      vertex   1.277322e+02 7.307811e+01 1.038121e+02
      vertex   1.278963e+02 7.461823e+01 1.022262e+02
    endloop
  endfacet
  facet normal 1.305966e-01 7.044615e-01 6.976235e-01
    outer loop
      vertex   1.278963e+02 7.461823e+01 1.022262e+02
      vertex   1.277322e+02 7.307811e+01 1.038121e+02
      vertex   1.280557e+02 7.304797e+01 1.037820e+02
    endloop
  endfacet
  facet normal -3.699424e-03 7.036351e-01 7.105519e-01
    outer loop
      vertex   1.278963e+02 7.461823e+01 1.022262e+02
      vertex   1.280557e+02 7.304797e+01 1.037820e+02
      vertex   1.282226e+02 7.458255e+01 1.022632e+02
    endloop
  endfacet
  facet normal -1.304526e-01 7.045559e-01 6.975551e-01
    outer loop
      vertex   1.282226e+02 7.458255e+01 1.022632e+02
      vertex   1.280557e+02 7.304797e+01 1.037820e+02
      vertex   1.283793e+02 7.307807e+01 1.038121e+02
    endloop
  endfacet
  facet normal -2.624053e-01 6.787773e-01 6.858607e-01
    outer loop
      vertex   1.282226e+02 7.458255e+01 1.022632e+02
      vertex   1.283793e+02 7.307807e+01 1.038121e+02
      vertex   1.285376e+02 7.460657e+01 1.023599e+02
    endloop
  endfacet
  facet normal -3.826114e-01 6.568786e-01 6.497069e-01
    outer loop
      vertex   1.285376e+02 7.460657e+01 1.023599e+02
      vertex   1.283793e+02 7.307807e+01 1.038121e+02
      vertex   1.286808e+02 7.316636e+01 1.039004e+02
    endloop
  endfacet
  facet normal -5.031785e-01 6.074324e-01 6.146847e-01
    outer loop
      vertex   1.285376e+02 7.460657e+01 1.023599e+02
      vertex   1.286808e+02 7.316636e+01 1.039004e+02
      vertex   1.288197e+02 7.468864e+01 1.025098e+02
    endloop
  endfacet
  facet normal -6.086956e-01 5.646785e-01 5.573400e-01
    outer loop
      vertex   1.288197e+02 7.468864e+01 1.025098e+02
      vertex   1.286808e+02 7.316636e+01 1.039004e+02
      vertex   1.289397e+02 7.330681e+01 1.040408e+02
    endloop
  endfacet
  facet normal -7.096307e-01 4.944897e-01 5.019006e-01
    outer loop
      vertex   1.288197e+02 7.468864e+01 1.025098e+02
      vertex   1.289397e+02 7.330681e+01 1.040408e+02
      vertex   1.290498e+02 7.482319e+01 1.027025e+02
    endloop
  endfacet
  facet normal -7.932980e-01 4.342381e-01 4.267500e-01
    outer loop
      vertex   1.290498e+02 7.482319e+01 1.027025e+02
      vertex   1.289397e+02 7.330681e+01 1.040408e+02
      vertex   1.291383e+02 7.348986e+01 1.042239e+02
    endloop
  endfacet
  facet normal -8.677304e-01 3.476637e-01 3.552095e-01
    outer loop
      vertex   1.290498e+02 7.482319e+01 1.027025e+02
      vertex   1.291383e+02 7.348986e+01 1.042239e+02
      vertex   1.292121e+02 7.500102e+01 1.029250e+02
    endloop
  endfacet
  facet normal -9.238384e-01 2.744451e-01 2.668380e-01
    outer loop
      vertex   1.292121e+02 7.500102e+01 1.029250e+02
      vertex   1.291383e+02 7.348986e+01 1.042239e+02
      vertex   1.292632e+02 7.370303e+01 1.044370e+02
    endloop
  endfacet
  facet normal -9.667497e-01 1.769619e-01 1.846063e-01
    outer loop
      vertex   1.292121e+02 7.500102e+01 1.029250e+02
      vertex   1.292632e+02 7.370303e+01 1.044370e+02
      vertex   1.292956e+02 7.521004e+01 1.031621e+02
    endloop
  endfacet
  facet normal -9.914207e-01 9.618740e-02 8.850357e-02
    outer loop
      vertex   1.292956e+02 7.521004e+01 1.031621e+02
      vertex   1.292632e+02 7.370303e+01 1.044370e+02
      vertex   1.293058e+02 7.393179e+01 1.046658e+02
    endloop
  endfacet
  facet normal -9.914440e-01 -8.900827e-02 -9.547993e-02
    outer loop
      vertex   -6.618825e+01 7.416097e+01 1.048950e+02
      vertex   -6.615590e+01 7.569669e+01 1.031275e+02
      vertex   -6.614568e+01 7.393220e+01 1.046662e+02
    endloop
  endfacet
  facet normal -9.999855e-01 -1.227308e-03 5.235188e-03
    outer loop
      vertex   -6.614568e+01 7.393220e+01 1.046662e+02
      vertex   -6.615590e+01 7.569669e+01 1.031275e+02
      vertex   -6.615686e+01 7.547074e+01 1.028919e+02
    endloop
  endfacet
  facet normal -9.914251e-01 9.557236e-02 8.911941e-02
    outer loop
      vertex   -6.614568e+01 7.393220e+01 1.046662e+02
      vertex   -6.615686e+01 7.547074e+01 1.028919e+02
      vertex   -6.618829e+01 7.370344e+01 1.044374e+02
    endloop
  endfacet
  facet normal -9.651288e-01 1.818440e-01 1.883061e-01
    outer loop
      vertex   -6.618829e+01 7.370344e+01 1.044374e+02
      vertex   -6.615686e+01 7.547074e+01 1.028919e+02
      vertex   -6.624223e+01 7.524325e+01 1.026740e+02
    endloop
  endfacet
  facet normal -9.238421e-01 2.738785e-01 2.674068e-01
    outer loop
      vertex   -6.618829e+01 7.370344e+01 1.044374e+02
      vertex   -6.624223e+01 7.524325e+01 1.026740e+02
      vertex   -6.631319e+01 7.349027e+01 1.042243e+02
    endloop
  endfacet
  facet normal -8.644077e-01 3.522632e-01 3.587618e-01
    outer loop
      vertex   -6.631319e+01 7.349027e+01 1.042243e+02
      vertex   -6.624223e+01 7.524325e+01 1.026740e+02
      vertex   -6.640622e+01 7.502973e+01 1.024886e+02
    endloop
  endfacet
  facet normal -7.933007e-01 4.337590e-01 4.272319e-01
    outer loop
      vertex   -6.631319e+01 7.349027e+01 1.042243e+02
      vertex   -6.640622e+01 7.502973e+01 1.024886e+02
      vertex   -6.651186e+01 7.330722e+01 1.040412e+02
    endloop
  endfacet
  facet normal -7.047063e-01 4.983954e-01 5.049664e-01
    outer loop
      vertex   -6.651186e+01 7.330722e+01 1.040412e+02
      vertex   -6.640622e+01 7.502973e+01 1.024886e+02
      vertex   -6.663763e+01 7.484472e+01 1.023482e+02
    endloop
  endfacet
  facet normal -6.086972e-01 5.643193e-01 5.577020e-01
    outer loop
      vertex   -6.651186e+01 7.330722e+01 1.040412e+02
      vertex   -6.663763e+01 7.484472e+01 1.023482e+02
      vertex   -6.677076e+01 7.316677e+01 1.039008e+02
    endloop
  endfacet
  facet normal -4.969394e-01 6.102696e-01 6.169458e-01
    outer loop
      vertex   -6.677076e+01 7.316677e+01 1.039008e+02
      vertex   -6.663763e+01 7.484472e+01 1.023482e+02
      vertex   -6.692071e+01 7.470085e+01 1.022625e+02
    endloop
  endfacet
  facet normal -3.826120e-01 6.566630e-01 6.499244e-01
    outer loop
      vertex   -6.677076e+01 7.316677e+01 1.039008e+02
      vertex   -6.692071e+01 7.470085e+01 1.022625e+02
      vertex   -6.707224e+01 7.307848e+01 1.038125e+02
    endloop
  endfacet
  facet normal -2.553024e-01 6.802607e-01 6.870706e-01
    outer loop
      vertex   -6.707224e+01 7.307848e+01 1.038125e+02
      vertex   -6.692071e+01 7.470085e+01 1.022625e+02
      vertex   -6.723615e+01 7.460790e+01 1.022373e+02
    endloop
  endfacet
  facet normal -1.304527e-01 7.044986e-01 6.976129e-01
    outer loop
      vertex   -6.707224e+01 7.307848e+01 1.038125e+02
      vertex   -6.723615e+01 7.460790e+01 1.022373e+02
      vertex   -6.739577e+01 7.304838e+01 1.037824e+02
    endloop
  endfacet
  facet normal 3.704868e-03 7.036106e-01 7.105761e-01
    outer loop
      vertex   -6.739577e+01 7.304838e+01 1.037824e+02
      vertex   -6.723615e+01 7.460790e+01 1.022373e+02
      vertex   -6.756246e+01 7.457222e+01 1.022744e+02
    endloop
  endfacet
  facet normal 1.305965e-01 7.045674e-01 6.975165e-01
    outer loop
      vertex   -6.739577e+01 7.304838e+01 1.037824e+02
      vertex   -6.756246e+01 7.457222e+01 1.022744e+02
      vertex   -6.771929e+01 7.307852e+01 1.038125e+02
    endloop
  endfacet
  facet normal 2.624108e-01 6.787505e-01 6.858851e-01
    outer loop
      vertex   -6.771929e+01 7.307852e+01 1.038125e+02
      vertex   -6.756246e+01 7.457222e+01 1.022744e+02
      vertex   -6.787741e+01 7.459623e+01 1.023711e+02
    endloop
  endfacet
  facet normal 3.827455e-01 6.568654e-01 6.496413e-01
    outer loop
      vertex   -6.771929e+01 7.307852e+01 1.038125e+02
      vertex   -6.787741e+01 7.459623e+01 1.023711e+02
      vertex   -6.802076e+01 7.316683e+01 1.039008e+02
    endloop
  endfacet
  facet normal 5.031832e-01 6.074034e-01 6.147094e-01
    outer loop
      vertex   -6.802076e+01 7.316683e+01 1.039008e+02
      vertex   -6.787741e+01 7.459623e+01 1.023711e+02
      vertex   -6.815953e+01 7.467831e+01 1.025209e+02
    endloop
  endfacet
  facet normal 6.088107e-01 5.646433e-01 5.572499e-01
    outer loop
      vertex   -6.802076e+01 7.316683e+01 1.039008e+02
      vertex   -6.815953e+01 7.467831e+01 1.025209e+02
      vertex   -6.827963e+01 7.330731e+01 1.040413e+02
    endloop
  endfacet
  facet normal 7.096341e-01 4.944591e-01 5.019260e-01
    outer loop
      vertex   -6.827963e+01 7.330731e+01 1.040413e+02
      vertex   -6.815953e+01 7.467831e+01 1.025209e+02
      vertex   -6.838959e+01 7.481285e+01 1.027137e+02
    endloop
  endfacet
  facet normal 7.933862e-01 4.341851e-01 4.266399e-01
    outer loop
      vertex   -6.827963e+01 7.330731e+01 1.040413e+02
      vertex   -6.838959e+01 7.481285e+01 1.027137e+02
      vertex   -6.847826e+01 7.349038e+01 1.042244e+02
    endloop
  endfacet
  facet normal 8.677322e-01 3.476322e-01 3.552361e-01
    outer loop
      vertex   -6.847826e+01 7.349038e+01 1.042244e+02
      vertex   -6.838959e+01 7.481285e+01 1.027137e+02
      vertex   -6.855192e+01 7.499069e+01 1.029361e+02
    endloop
  endfacet
  facet normal 9.238937e-01 2.743797e-01 2.667136e-01
    outer loop
      vertex   -6.847826e+01 7.349038e+01 1.042244e+02
      vertex   -6.855192e+01 7.499069e+01 1.029361e+02
      vertex   -6.860311e+01 7.370356e+01 1.044376e+02
    endloop
  endfacet
  facet normal 9.667501e-01 1.769303e-01 1.846343e-01
    outer loop
      vertex   -6.860311e+01 7.370356e+01 1.044376e+02
      vertex   -6.855192e+01 7.499069e+01 1.029361e+02
      vertex   -6.863546e+01 7.519971e+01 1.031732e+02
    endloop
  endfacet
  facet normal 9.914395e-01 9.611569e-02 8.837167e-02
    outer loop
      vertex   -6.860311e+01 7.370356e+01 1.044376e+02
      vertex   -6.863546e+01 7.519971e+01 1.031732e+02
      vertex   -6.864568e+01 7.393233e+01 1.046663e+02
    endloop
  endfacet
  facet normal 9.999803e-01 -6.030012e-03 1.727176e-03
    outer loop
      vertex   -6.864568e+01 7.393233e+01 1.046663e+02
      vertex   -6.863546e+01 7.519971e+01 1.031732e+02
      vertex   -6.863450e+01 7.542566e+01 1.034087e+02
    endloop
  endfacet
  facet normal 9.914204e-01 -8.845996e-02 -9.623095e-02
    outer loop
      vertex   -6.864568e+01 7.393233e+01 1.046663e+02
      vertex   -6.863450e+01 7.542566e+01 1.034087e+02
      vertex   -6.860306e+01 7.416110e+01 1.048951e+02
    endloop
  endfacet
  facet normal 9.651789e-01 -1.888108e-01 -1.810530e-01
    outer loop
      vertex   -6.860306e+01 7.416110e+01 1.048951e+02
      vertex   -6.863450e+01 7.542566e+01 1.034087e+02
      vertex   -6.854912e+01 7.565315e+01 1.036267e+02
    endloop
  endfacet
  facet normal 9.238379e-01 -2.667694e-01 -2.745134e-01
    outer loop
      vertex   -6.860306e+01 7.416110e+01 1.048951e+02
      vertex   -6.854912e+01 7.565315e+01 1.036267e+02
      vertex   -6.847816e+01 7.437426e+01 1.051083e+02
    endloop
  endfacet
  facet normal 8.647109e-01 -3.589904e-01 -3.512847e-01
    outer loop
      vertex   -6.847816e+01 7.437426e+01 1.051083e+02
      vertex   -6.854912e+01 7.565315e+01 1.036267e+02
      vertex   -6.838514e+01 7.586667e+01 1.038121e+02
    endloop
  endfacet
  facet normal 7.932975e-01 -4.266607e-01 -4.343268e-01
    outer loop
      vertex   -6.847816e+01 7.437426e+01 1.051083e+02
      vertex   -6.838514e+01 7.586667e+01 1.038121e+02
      vertex   -6.827950e+01 7.455731e+01 1.052913e+02
    endloop
  endfacet
  facet normal 7.053915e-01 -5.049988e-01 -4.973923e-01
    outer loop
      vertex   -6.827950e+01 7.455731e+01 1.052913e+02
      vertex   -6.838514e+01 7.586667e+01 1.038121e+02
      vertex   -6.815372e+01 7.605167e+01 1.039525e+02
    endloop
  endfacet
  facet normal 6.086952e-01 -5.572361e-01 -5.647815e-01
    outer loop
      vertex   -6.827950e+01 7.455731e+01 1.052913e+02
      vertex   -6.815372e+01 7.605167e+01 1.039525e+02
      vertex   -6.802060e+01 7.469776e+01 1.054318e+02
    endloop
  endfacet
  facet normal 4.980321e-01 -6.168974e-01 -6.094272e-01
    outer loop
      vertex   -6.802060e+01 7.469776e+01 1.054318e+02
      vertex   -6.815372e+01 7.605167e+01 1.039525e+02
      vertex   -6.787065e+01 7.619555e+01 1.040382e+02
    endloop
  endfacet
  facet normal 3.826111e-01 -6.495954e-01 -6.569889e-01
    outer loop
      vertex   -6.802060e+01 7.469776e+01 1.054318e+02
      vertex   -6.787065e+01 7.619555e+01 1.040382e+02
      vertex   -6.771911e+01 7.478605e+01 1.055201e+02
    endloop
  endfacet
  facet normal 2.567191e-01 -6.870539e-01 -6.797443e-01
    outer loop
      vertex   -6.771911e+01 7.478605e+01 1.055201e+02
      vertex   -6.787065e+01 7.619555e+01 1.040382e+02
      vertex   -6.755521e+01 7.628850e+01 1.040634e+02
    endloop
  endfacet
  facet normal 1.304525e-01 -6.974428e-01 -7.046670e-01
    outer loop
      vertex   -6.771911e+01 7.478605e+01 1.055201e+02
      vertex   -6.755521e+01 7.628850e+01 1.040634e+02
      vertex   -6.739559e+01 7.481615e+01 1.055502e+02
    endloop
  endfacet
  facet normal -2.133449e-03 -7.106653e-01 -7.035270e-01
    outer loop
      vertex   -6.739559e+01 7.481615e+01 1.055502e+02
      vertex   -6.755521e+01 7.628850e+01 1.040634e+02
      vertex   -6.722889e+01 7.632418e+01 1.040263e+02
    endloop
  endfacet
  facet normal -1.305965e-01 -6.975165e-01 -7.045674e-01
    outer loop
      vertex   -6.739559e+01 7.481615e+01 1.055502e+02
      vertex   -6.722889e+01 7.632418e+01 1.040263e+02
      vertex   -6.707207e+01 7.478602e+01 1.055200e+02
    endloop
  endfacet
  facet normal -2.608943e-01 -6.860935e-01 -6.791244e-01
    outer loop
      vertex   -6.707207e+01 7.478602e+01 1.055200e+02
      vertex   -6.722889e+01 7.632418e+01 1.040263e+02
      vertex   -6.691394e+01 7.630016e+01 1.039296e+02
    endloop
  endfacet
  facet normal -3.827460e-01 -6.498112e-01 -6.566970e-01
    outer loop
      vertex   -6.707207e+01 7.478602e+01 1.055200e+02
      vertex   -6.691394e+01 7.630016e+01 1.039296e+02
      vertex   -6.677060e+01 7.469770e+01 1.054317e+02
    endloop
  endfacet
  facet normal -5.019168e-01 -6.149849e-01 -6.081719e-01
    outer loop
      vertex   -6.677060e+01 7.469770e+01 1.054317e+02
      vertex   -6.691394e+01 7.630016e+01 1.039296e+02
      vertex   -6.663182e+01 7.621809e+01 1.037798e+02
    endloop
  endfacet
  facet normal -6.088121e-01 -5.575785e-01 -5.643173e-01
    outer loop
      vertex   -6.677060e+01 7.469770e+01 1.054317e+02
      vertex   -6.663182e+01 7.621809e+01 1.037798e+02
      vertex   -6.651173e+01 7.455722e+01 1.052912e+02
    endloop
  endfacet
  facet normal -7.087469e-01 -5.021658e-01 -4.954870e-01
    outer loop
      vertex   -6.651173e+01 7.455722e+01 1.052912e+02
      vertex   -6.663182e+01 7.621809e+01 1.037798e+02
      vertex   -6.640176e+01 7.608355e+01 1.035870e+02
    endloop
  endfacet
  facet normal -7.933888e-01 -4.271052e-01 -4.337226e-01
    outer loop
      vertex   -6.651173e+01 7.455722e+01 1.052912e+02
      vertex   -6.640176e+01 7.608355e+01 1.035870e+02
      vertex   -6.631310e+01 7.437415e+01 1.051082e+02
    endloop
  endfacet
  facet normal -8.672530e-01 -3.553168e-01 -3.487439e-01
    outer loop
      vertex   -6.631310e+01 7.437415e+01 1.051082e+02
      vertex   -6.640176e+01 7.608355e+01 1.035870e+02
      vertex   -6.623943e+01 7.590571e+01 1.033645e+02
    endloop
  endfacet
  facet normal -9.238975e-01 -2.672842e-01 -2.738113e-01
    outer loop
      vertex   -6.631310e+01 7.437415e+01 1.051082e+02
      vertex   -6.623943e+01 7.590571e+01 1.033645e+02
      vertex   -6.618825e+01 7.416097e+01 1.048950e+02
    endloop
  endfacet
  facet normal -9.665979e-01 -1.844506e-01 -1.779507e-01
    outer loop
      vertex   -6.618825e+01 7.416097e+01 1.048950e+02
      vertex   -6.623943e+01 7.590571e+01 1.033645e+02
      vertex   -6.615590e+01 7.569669e+01 1.031275e+02
    endloop
  endfacet
  facet normal 9.903322e-01 9.869153e-02 9.747875e-02
    outer loop
      vertex   1.322100e+02 7.614524e+01 1.048010e+02
      vertex   1.322113e+02 7.510614e+01 1.058401e+02
      vertex   1.498842e+02 -1.315590e+01 1.565265e+01
    endloop
  endfacet
  facet normal 9.903322e-01 9.869153e-02 9.747875e-02
    outer loop
      vertex   1.498842e+02 -1.315590e+01 1.565265e+01
      vertex   1.322113e+02 7.510614e+01 1.058401e+02
      vertex   1.498854e+02 -1.411862e+01 1.661537e+01
    endloop
  endfacet
  facet normal 1.555544e-01 7.131512e-01 -6.835336e-01
    outer loop
      vertex   1.292093e+02 7.566348e+01 1.036155e+02
      vertex   1.306169e+02 7.787898e+01 1.062473e+02
      vertex   1.292947e+02 7.543600e+01 1.033976e+02
    endloop
  endfacet
  facet normal 1.555544e-01 7.131512e-01 -6.835336e-01
    outer loop
      vertex   1.292947e+02 7.543600e+01 1.033976e+02
      vertex   1.306169e+02 7.787898e+01 1.062473e+02
      vertex   1.312077e+02 7.753552e+01 1.060235e+02
    endloop
  endfacet
  facet normal 1.555544e-01 7.131512e-01 -6.835336e-01
    outer loop
      vertex   1.292947e+02 7.543600e+01 1.033976e+02
      vertex   1.312077e+02 7.753552e+01 1.060235e+02
      vertex   1.316870e+02 7.711573e+01 1.056945e+02
    endloop
  endfacet
  facet normal 1.555544e-01 7.131512e-01 -6.835336e-01
    outer loop
      vertex   1.306169e+02 7.787898e+01 1.062473e+02
      vertex   1.292093e+02 7.566348e+01 1.036155e+02
      vertex   1.299480e+02 7.812664e+01 1.063535e+02
    endloop
  endfacet
  facet normal 1.555544e-01 7.131512e-01 -6.835336e-01
    outer loop
      vertex   1.299480e+02 7.812664e+01 1.063535e+02
      vertex   1.292093e+02 7.566348e+01 1.036155e+02
      vertex   1.290453e+02 7.587701e+01 1.038010e+02
    endloop
  endfacet
  facet normal 1.555544e-01 7.131512e-01 -6.835336e-01
    outer loop
      vertex   1.299480e+02 7.812664e+01 1.063535e+02
      vertex   1.290453e+02 7.587701e+01 1.038010e+02
      vertex   1.292389e+02 7.826447e+01 1.063359e+02
    endloop
  endfacet
  facet normal 1.555544e-01 7.131512e-01 -6.835336e-01
    outer loop
      vertex   1.292389e+02 7.826447e+01 1.063359e+02
      vertex   1.290453e+02 7.587701e+01 1.038010e+02
      vertex   1.288139e+02 7.606201e+01 1.039413e+02
    endloop
  endfacet
  facet normal 1.555544e-01 7.131512e-01 -6.835336e-01
    outer loop
      vertex   1.292389e+02 7.826447e+01 1.063359e+02
      vertex   1.288139e+02 7.606201e+01 1.039413e+02
      vertex   1.285308e+02 7.620589e+01 1.040270e+02
    endloop
  endfacet
  facet normal 1.555544e-01 7.131512e-01 -6.835336e-01
    outer loop
      vertex   1.285308e+02 7.620589e+01 1.040270e+02
      vertex   1.282154e+02 7.629883e+01 1.040522e+02
      vertex   1.292389e+02 7.826447e+01 1.063359e+02
    endloop
  endfacet
  facet normal 1.555544e-01 7.131512e-01 -6.835336e-01
    outer loop
      vertex   1.292389e+02 7.826447e+01 1.063359e+02
      vertex   1.282154e+02 7.629883e+01 1.040522e+02
      vertex   1.278890e+02 7.633451e+01 1.040152e+02
    endloop
  endfacet
  facet normal 1.555544e-01 7.131512e-01 -6.835336e-01
    outer loop
      vertex   1.292389e+02 7.826447e+01 1.063359e+02
      vertex   1.278890e+02 7.633451e+01 1.040152e+02
      vertex   1.275741e+02 7.631050e+01 1.039184e+02
    endloop
  endfacet
  facet normal 1.555544e-01 7.131512e-01 -6.835336e-01
    outer loop
      vertex   1.275741e+02 7.631050e+01 1.039184e+02
      vertex   1.272920e+02 7.622842e+01 1.037686e+02
      vertex   1.292389e+02 7.826447e+01 1.063359e+02
    endloop
  endfacet
  facet normal 1.555544e-01 7.131512e-01 -6.835336e-01
    outer loop
      vertex   1.292389e+02 7.826447e+01 1.063359e+02
      vertex   1.272920e+02 7.622842e+01 1.037686e+02
      vertex   1.270619e+02 7.609388e+01 1.035759e+02
    endloop
  endfacet
  facet normal 1.555544e-01 7.131512e-01 -6.835336e-01
    outer loop
      vertex   1.292389e+02 7.826447e+01 1.063359e+02
      vertex   1.270619e+02 7.609388e+01 1.035759e+02
      vertex   8.351836e+01 8.335885e+01 1.012463e+02
    endloop
  endfacet
  facet normal 1.555544e-01 7.131512e-01 -6.835336e-01
    outer loop
      vertex   8.351836e+01 8.335885e+01 1.012463e+02
      vertex   1.270619e+02 7.609388e+01 1.035759e+02
      vertex   1.268996e+02 7.591604e+01 1.033534e+02
    endloop
  endfacet
  facet normal 1.555544e-01 7.131512e-01 -6.835336e-01
    outer loop
      vertex   8.351836e+01 8.335885e+01 1.012463e+02
      vertex   1.268996e+02 7.591604e+01 1.033534e+02
      vertex   1.268161e+02 7.570702e+01 1.031163e+02
    endloop
  endfacet
  facet normal 1.555544e-01 7.131512e-01 -6.835336e-01
    outer loop
      vertex   8.351836e+01 8.335885e+01 1.012463e+02
      vertex   1.268161e+02 7.570702e+01 1.031163e+02
      vertex   1.049303e+02 5.812189e+01 7.978857e+01
    endloop
  endfacet
  facet normal 1.555544e-01 7.131512e-01 -6.835336e-01
    outer loop
      vertex   1.049303e+02 5.812189e+01 7.978857e+01
      vertex   1.268161e+02 7.570702e+01 1.031163e+02
      vertex   1.268170e+02 7.548107e+01 1.028808e+02
    endloop
  endfacet
  facet normal 1.555544e-01 7.131512e-01 -6.835336e-01
    outer loop
      vertex   1.049303e+02 5.812189e+01 7.978857e+01
      vertex   1.268170e+02 7.548107e+01 1.028808e+02
      vertex   1.269024e+02 7.525358e+01 1.026629e+02
    endloop
  endfacet
  facet normal 1.555544e-01 7.131512e-01 -6.835336e-01
    outer loop
      vertex   1.269024e+02 7.525358e+01 1.026629e+02
      vertex   1.270664e+02 7.504006e+01 1.024774e+02
      vertex   1.049303e+02 5.812189e+01 7.978857e+01
    endloop
  endfacet
  facet normal 1.555544e-01 7.131512e-01 -6.835336e-01
    outer loop
      vertex   1.049303e+02 5.812189e+01 7.978857e+01
      vertex   1.270664e+02 7.504006e+01 1.024774e+02
      vertex   1.272978e+02 7.485506e+01 1.023370e+02
    endloop
  endfacet
  facet normal 1.555544e-01 7.131512e-01 -6.835336e-01
    outer loop
      vertex   1.049303e+02 5.812189e+01 7.978857e+01
      vertex   1.272978e+02 7.485506e+01 1.023370e+02
      vertex   1.074070e+02 4.383140e+01 6.544250e+01
    endloop
  endfacet
  facet normal 1.555544e-01 7.131512e-01 -6.835336e-01
    outer loop
      vertex   1.074070e+02 4.383140e+01 6.544250e+01
      vertex   1.272978e+02 7.485506e+01 1.023370e+02
      vertex   1.275809e+02 7.471118e+01 1.022514e+02
    endloop
  endfacet
  facet normal 1.555544e-01 7.131512e-01 -6.835336e-01
    outer loop
      vertex   1.074070e+02 4.383140e+01 6.544250e+01
      vertex   1.275809e+02 7.471118e+01 1.022514e+02
      vertex   1.278963e+02 7.461823e+01 1.022262e+02
    endloop
  endfacet
  facet normal 1.555544e-01 7.131512e-01 -6.835336e-01
    outer loop
      vertex   1.278963e+02 7.461823e+01 1.022262e+02
      vertex   1.282226e+02 7.458255e+01 1.022632e+02
      vertex   1.074070e+02 4.383140e+01 6.544250e+01
    endloop
  endfacet
  facet normal 1.555544e-01 7.131512e-01 -6.835336e-01
    outer loop
      vertex   1.074070e+02 4.383140e+01 6.544250e+01
      vertex   1.282226e+02 7.458255e+01 1.022632e+02
      vertex   1.285376e+02 7.460657e+01 1.023599e+02
    endloop
  endfacet
  facet normal 1.555544e-01 7.131512e-01 -6.835336e-01
    outer loop
      vertex   1.074070e+02 4.383140e+01 6.544250e+01
      vertex   1.285376e+02 7.460657e+01 1.023599e+02
      vertex   1.100719e+02 2.845528e+01 5.000659e+01
    endloop
  endfacet
  facet normal 1.555544e-01 7.131512e-01 -6.835336e-01
    outer loop
      vertex   1.100719e+02 2.845528e+01 5.000659e+01
      vertex   1.285376e+02 7.460657e+01 1.023599e+02
      vertex   1.361119e+02 4.225847e+00 3.065332e+01
    endloop
  endfacet
  facet normal 1.555544e-01 7.131512e-01 -6.835336e-01
    outer loop
      vertex   1.100719e+02 2.845528e+01 5.000659e+01
      vertex   1.361119e+02 4.225847e+00 3.065332e+01
      vertex   1.357969e+02 4.201832e+00 3.055659e+01
    endloop
  endfacet
  facet normal 1.555544e-01 7.131512e-01 -6.835336e-01
    outer loop
      vertex   1.361119e+02 4.225847e+00 3.065332e+01
      vertex   1.285376e+02 7.460657e+01 1.023599e+02
      vertex   1.364382e+02 4.190165e+00 3.069035e+01
    endloop
  endfacet
  facet normal 1.555544e-01 7.131512e-01 -6.835336e-01
    outer loop
      vertex   1.364382e+02 4.190165e+00 3.069035e+01
      vertex   1.285376e+02 7.460657e+01 1.023599e+02
      vertex   1.288197e+02 7.468864e+01 1.025098e+02
    endloop
  endfacet
  facet normal 1.555544e-01 7.131512e-01 -6.835336e-01
    outer loop
      vertex   1.364382e+02 4.190165e+00 3.069035e+01
      vertex   1.288197e+02 7.468864e+01 1.025098e+02
      vertex   1.367536e+02 4.097219e+00 3.066517e+01
    endloop
  endfacet
  facet normal 1.555544e-01 7.131512e-01 -6.835336e-01
    outer loop
      vertex   1.367536e+02 4.097219e+00 3.066517e+01
      vertex   1.288197e+02 7.468864e+01 1.025098e+02
      vertex   1.322100e+02 7.614524e+01 1.048010e+02
    endloop
  endfacet
  facet normal 1.555544e-01 7.131512e-01 -6.835336e-01
    outer loop
      vertex   1.367536e+02 4.097219e+00 3.066517e+01
      vertex   1.322100e+02 7.614524e+01 1.048010e+02
      vertex   1.370367e+02 3.953342e+00 3.057947e+01
    endloop
  endfacet
  facet normal 1.555544e-01 7.131512e-01 -6.835336e-01
    outer loop
      vertex   1.370367e+02 3.953342e+00 3.057947e+01
      vertex   1.322100e+02 7.614524e+01 1.048010e+02
      vertex   1.372681e+02 3.768339e+00 3.043912e+01
    endloop
  endfacet
  facet normal 1.555544e-01 7.131512e-01 -6.835336e-01
    outer loop
      vertex   1.372681e+02 3.768339e+00 3.043912e+01
      vertex   1.322100e+02 7.614524e+01 1.048010e+02
      vertex   1.374321e+02 3.554818e+00 3.025366e+01
    endloop
  endfacet
  facet normal 1.555544e-01 7.131512e-01 -6.835336e-01
    outer loop
      vertex   1.374321e+02 3.554818e+00 3.025366e+01
      vertex   1.322100e+02 7.614524e+01 1.048010e+02
      vertex   1.498842e+02 -1.315590e+01 1.565265e+01
    endloop
  endfacet
  facet normal 1.555544e-01 7.131512e-01 -6.835336e-01
    outer loop
      vertex   1.374321e+02 3.554818e+00 3.025366e+01
      vertex   1.498842e+02 -1.315590e+01 1.565265e+01
      vertex   1.375175e+02 3.327329e+00 3.003575e+01
    endloop
  endfacet
  facet normal 1.555544e-01 7.131512e-01 -6.835336e-01
    outer loop
      vertex   1.375175e+02 3.327329e+00 3.003575e+01
      vertex   1.498842e+02 -1.315590e+01 1.565265e+01
      vertex   1.375185e+02 3.101377e+00 2.980022e+01
    endloop
  endfacet
  facet normal 1.555544e-01 7.131512e-01 -6.835336e-01
    outer loop
      vertex   1.375185e+02 3.101377e+00 2.980022e+01
      vertex   1.498842e+02 -1.315590e+01 1.565265e+01
      vertex   1.374349e+02 2.892359e+00 2.956314e+01
    endloop
  endfacet
  facet normal 1.555544e-01 7.131512e-01 -6.835336e-01
    outer loop
      vertex   1.374349e+02 2.892359e+00 2.956314e+01
      vertex   1.498842e+02 -1.315590e+01 1.565265e+01
      vertex   1.372726e+02 2.714519e+00 2.934065e+01
    endloop
  endfacet
  facet normal 1.555544e-01 7.131512e-01 -6.835336e-01
    outer loop
      vertex   1.372726e+02 2.714519e+00 2.934065e+01
      vertex   1.498842e+02 -1.315590e+01 1.565265e+01
      vertex   1.370425e+02 2.579977e+00 2.914792e+01
    endloop
  endfacet
  facet normal 1.555544e-01 7.131512e-01 -6.835336e-01
    outer loop
      vertex   1.370425e+02 2.579977e+00 2.914792e+01
      vertex   1.498842e+02 -1.315590e+01 1.565265e+01
      vertex   1.367604e+02 2.497902e+00 2.899809e+01
    endloop
  endfacet
  facet normal 1.555544e-01 7.131512e-01 -6.835336e-01
    outer loop
      vertex   1.367604e+02 2.497902e+00 2.899809e+01
      vertex   1.498842e+02 -1.315590e+01 1.565265e+01
      vertex   1.364455e+02 2.473887e+00 2.890136e+01
    endloop
  endfacet
  facet normal 1.555544e-01 7.131512e-01 -6.835336e-01
    outer loop
      vertex   1.364455e+02 2.473887e+00 2.890136e+01
      vertex   1.498842e+02 -1.315590e+01 1.565265e+01
      vertex   1.253953e+02 -1.042060e+01 1.293343e+01
    endloop
  endfacet
  facet normal 1.555544e-01 7.131512e-01 -6.835336e-01
    outer loop
      vertex   1.364455e+02 2.473887e+00 2.890136e+01
      vertex   1.253953e+02 -1.042060e+01 1.293343e+01
      vertex   1.361191e+02 2.509568e+00 2.886433e+01
    endloop
  endfacet
  facet normal 1.555544e-01 7.131512e-01 -6.835336e-01
    outer loop
      vertex   1.361191e+02 2.509568e+00 2.886433e+01
      vertex   1.253953e+02 -1.042060e+01 1.293343e+01
      vertex   1.358037e+02 2.602515e+00 2.888951e+01
    endloop
  endfacet
  facet normal 1.555544e-01 7.131512e-01 -6.835336e-01
    outer loop
      vertex   1.358037e+02 2.602515e+00 2.888951e+01
      vertex   1.253953e+02 -1.042060e+01 1.293343e+01
      vertex   1.355206e+02 2.746392e+00 2.897520e+01
    endloop
  endfacet
  facet normal 1.555544e-01 7.131512e-01 -6.835336e-01
    outer loop
      vertex   1.355206e+02 2.746392e+00 2.897520e+01
      vertex   1.253953e+02 -1.042060e+01 1.293343e+01
      vertex   1.352892e+02 2.931395e+00 2.911556e+01
    endloop
  endfacet
  facet normal 1.555544e-01 7.131512e-01 -6.835336e-01
    outer loop
      vertex   1.352892e+02 2.931395e+00 2.911556e+01
      vertex   1.253953e+02 -1.042060e+01 1.293343e+01
      vertex   1.351252e+02 3.144916e+00 2.930101e+01
    endloop
  endfacet
  facet normal 1.555544e-01 7.131512e-01 -6.835336e-01
    outer loop
      vertex   1.351252e+02 3.144916e+00 2.930101e+01
      vertex   1.253953e+02 -1.042060e+01 1.293343e+01
      vertex   1.350399e+02 3.372404e+00 2.951893e+01
    endloop
  endfacet
  facet normal 1.555544e-01 7.131512e-01 -6.835336e-01
    outer loop
      vertex   1.350399e+02 3.372404e+00 2.951893e+01
      vertex   1.253953e+02 -1.042060e+01 1.293343e+01
      vertex   1.350389e+02 3.598357e+00 2.975446e+01
    endloop
  endfacet
  facet normal 1.555544e-01 7.131512e-01 -6.835336e-01
    outer loop
      vertex   1.350389e+02 3.598357e+00 2.975446e+01
      vertex   1.253953e+02 -1.042060e+01 1.293343e+01
      vertex   1.125486e+02 1.416479e+01 3.566052e+01
    endloop
  endfacet
  facet normal 1.555544e-01 7.131512e-01 -6.835336e-01
    outer loop
      vertex   1.350389e+02 3.598357e+00 2.975446e+01
      vertex   1.125486e+02 1.416479e+01 3.566052e+01
      vertex   1.351224e+02 3.807375e+00 2.999154e+01
    endloop
  endfacet
  facet normal 1.555544e-01 7.131512e-01 -6.835336e-01
    outer loop
      vertex   1.351224e+02 3.807375e+00 2.999154e+01
      vertex   1.125486e+02 1.416479e+01 3.566052e+01
      vertex   1.352848e+02 3.985215e+00 3.021403e+01
    endloop
  endfacet
  facet normal 1.555544e-01 7.131512e-01 -6.835336e-01
    outer loop
      vertex   1.352848e+02 3.985215e+00 3.021403e+01
      vertex   1.125486e+02 1.416479e+01 3.566052e+01
      vertex   1.100719e+02 2.845528e+01 5.000659e+01
    endloop
  endfacet
  facet normal 1.555544e-01 7.131512e-01 -6.835336e-01
    outer loop
      vertex   1.352848e+02 3.985215e+00 3.021403e+01
      vertex   1.100719e+02 2.845528e+01 5.000659e+01
      vertex   1.355148e+02 4.119757e+00 3.040676e+01
    endloop
  endfacet
  facet normal 1.555544e-01 7.131512e-01 -6.835336e-01
    outer loop
      vertex   1.355148e+02 4.119757e+00 3.040676e+01
      vertex   1.100719e+02 2.845528e+01 5.000659e+01
      vertex   1.357969e+02 4.201832e+00 3.055659e+01
    endloop
  endfacet
  facet normal 1.555544e-01 7.131512e-01 -6.835336e-01
    outer loop
      vertex   1.288197e+02 7.468864e+01 1.025098e+02
      vertex   1.290498e+02 7.482319e+01 1.027025e+02
      vertex   1.322100e+02 7.614524e+01 1.048010e+02
    endloop
  endfacet
  facet normal 1.555544e-01 7.131512e-01 -6.835336e-01
    outer loop
      vertex   1.322100e+02 7.614524e+01 1.048010e+02
      vertex   1.290498e+02 7.482319e+01 1.027025e+02
      vertex   1.292121e+02 7.500102e+01 1.029250e+02
    endloop
  endfacet
  facet normal 1.555544e-01 7.131512e-01 -6.835336e-01
    outer loop
      vertex   1.322100e+02 7.614524e+01 1.048010e+02
      vertex   1.292121e+02 7.500102e+01 1.029250e+02
      vertex   1.292956e+02 7.521004e+01 1.031621e+02
    endloop
  endfacet
  facet normal 1.555544e-01 7.131512e-01 -6.835336e-01
    outer loop
      vertex   1.292956e+02 7.521004e+01 1.031621e+02
      vertex   1.292947e+02 7.543600e+01 1.033976e+02
      vertex   1.322100e+02 7.614524e+01 1.048010e+02
    endloop
  endfacet
  facet normal 1.555544e-01 7.131512e-01 -6.835336e-01
    outer loop
      vertex   1.322100e+02 7.614524e+01 1.048010e+02
      vertex   1.292947e+02 7.543600e+01 1.033976e+02
      vertex   1.320275e+02 7.664338e+01 1.052792e+02
    endloop
  endfacet
  facet normal 1.555544e-01 7.131512e-01 -6.835336e-01
    outer loop
      vertex   1.320275e+02 7.664338e+01 1.052792e+02
      vertex   1.292947e+02 7.543600e+01 1.033976e+02
      vertex   1.316870e+02 7.711573e+01 1.056945e+02
    endloop
  endfacet
  facet normal 1.555544e-01 7.131512e-01 -6.835336e-01
    outer loop
      vertex   1.253953e+02 -1.042637e+01 1.292741e+01
      vertex   1.119292e+02 -8.922263e+00 1.143214e+01
      vertex   1.253953e+02 -1.042060e+01 1.293343e+01
    endloop
  endfacet
  facet normal 1.555544e-01 7.131512e-01 -6.835336e-01
    outer loop
      vertex   1.253953e+02 -1.042060e+01 1.293343e+01
      vertex   1.119292e+02 -8.922263e+00 1.143214e+01
      vertex   1.125486e+02 1.416479e+01 3.566052e+01
    endloop
  endfacet
  facet normal 1.555544e-01 7.131512e-01 -6.835336e-01
    outer loop
      vertex   1.006550e+02 5.584584e+01 7.644094e+01
      vertex   1.081809e+02 2.850290e+01 4.962594e+01
      vertex   1.119292e+02 -8.922263e+00 1.143214e+01
    endloop
  endfacet
  facet normal 1.555544e-01 7.131512e-01 -6.835336e-01
    outer loop
      vertex   1.119292e+02 -8.922263e+00 1.143214e+01
      vertex   1.081809e+02 2.850290e+01 4.962594e+01
      vertex   1.106685e+02 1.421214e+01 3.528207e+01
    endloop
  endfacet
  facet normal 1.555544e-01 7.131512e-01 -6.835336e-01
    outer loop
      vertex   1.119292e+02 -8.922263e+00 1.143214e+01
      vertex   1.106685e+02 1.421214e+01 3.528207e+01
      vertex   1.125486e+02 1.416479e+01 3.566052e+01
    endloop
  endfacet
  facet normal 1.555544e-01 7.131512e-01 -6.835336e-01
    outer loop
      vertex   8.350051e+01 5.775554e+01 7.452948e+01
      vertex   8.351836e+01 8.335885e+01 1.012463e+02
      vertex   1.006550e+02 5.584584e+01 7.644094e+01
    endloop
  endfacet
  facet normal 1.555544e-01 7.131512e-01 -6.835336e-01
    outer loop
      vertex   1.006550e+02 5.584584e+01 7.644094e+01
      vertex   8.351836e+01 8.335885e+01 1.012463e+02
      vertex   1.030167e+02 5.817008e+01 7.940337e+01
    endloop
  endfacet
  facet normal 1.555544e-01 7.131512e-01 -6.835336e-01
    outer loop
      vertex   1.006550e+02 5.584584e+01 7.644094e+01
      vertex   1.030167e+02 5.817008e+01 7.940337e+01
      vertex   1.055043e+02 4.387932e+01 6.505950e+01
    endloop
  endfacet
  facet normal 1.555544e-01 7.131512e-01 -6.835336e-01
    outer loop
      vertex   1.006550e+02 5.584584e+01 7.644094e+01
      vertex   1.055043e+02 4.387932e+01 6.505950e+01
      vertex   1.081809e+02 2.850290e+01 4.962594e+01
    endloop
  endfacet
  facet normal 1.555544e-01 7.131512e-01 -6.835336e-01
    outer loop
      vertex   1.081809e+02 2.850290e+01 4.962594e+01
      vertex   1.055043e+02 4.387932e+01 6.505950e+01
      vertex   1.074070e+02 4.383140e+01 6.544250e+01
    endloop
  endfacet
  facet normal 1.555544e-01 7.131512e-01 -6.835336e-01
    outer loop
      vertex   1.081809e+02 2.850290e+01 4.962594e+01
      vertex   1.074070e+02 4.383140e+01 6.544250e+01
      vertex   1.100719e+02 2.845528e+01 5.000659e+01
    endloop
  endfacet
  facet normal 1.555544e-01 7.131512e-01 -6.835336e-01
    outer loop
      vertex   1.049303e+02 5.812189e+01 7.978857e+01
      vertex   1.030167e+02 5.817008e+01 7.940337e+01
      vertex   8.351836e+01 8.335885e+01 1.012463e+02
    endloop
  endfacet
  facet normal -1.088596e-01 -9.939202e-01 -1.649692e-02
    outer loop
      vertex   1.155147e+02 -8.488943e+00 2.194600e+01
      vertex   1.139184e+02 -8.446758e+00 2.993813e+01
      vertex   1.108916e+02 -7.990865e+00 2.244457e+01
    endloop
  endfacet
  facet normal -1.088596e-01 -9.939202e-01 -1.649692e-02
    outer loop
      vertex   1.108916e+02 -7.990865e+00 2.244457e+01
      vertex   1.139184e+02 -8.446758e+00 2.993813e+01
      vertex   1.102108e+02 -8.047308e+00 3.033758e+01
    endloop
  endfacet
  facet normal -3.388751e-15 -7.071068e-01 7.071068e-01
    outer loop
      vertex   1.087874e+02 1.451619e-01 3.853005e+01
      vertex   1.102108e+02 -8.047308e+00 3.033758e+01
      vertex   1.123052e+02 8.605946e-01 3.924548e+01
    endloop
  endfacet
  facet normal -1.483675e-15 -7.071068e-01 7.071068e-01
    outer loop
      vertex   1.123052e+02 8.605946e-01 3.924548e+01
      vertex   1.102108e+02 -8.047308e+00 3.033758e+01
      vertex   1.139184e+02 -8.446758e+00 2.993813e+01
    endloop
  endfacet
  facet normal -1.975485e-01 -8.892278e-03 9.802528e-01
    outer loop
      vertex   1.087874e+02 1.451619e-01 3.853005e+01
      vertex   1.123052e+02 8.605946e-01 3.924548e+01
      vertex   1.078816e+02 1.065896e+01 3.844288e+01
    endloop
  endfacet
  facet normal -1.975485e-01 -8.892278e-03 9.802528e-01
    outer loop
      vertex   1.078816e+02 1.065896e+01 3.844288e+01
      vertex   1.123052e+02 8.605946e-01 3.924548e+01
      vertex   1.125354e+02 1.054176e+01 3.937969e+01
    endloop
  endfacet
  facet normal 9.925373e-01 8.622563e-02 8.622555e-02
    outer loop
      vertex   1.030167e+02 5.817008e+01 7.940337e+01
      vertex   1.030083e+02 5.463872e+01 8.303200e+01
      vertex   1.055043e+02 4.387932e+01 6.505950e+01
    endloop
  endfacet
  facet normal 9.925373e-01 8.622563e-02 8.622555e-02
    outer loop
      vertex   1.055043e+02 4.387932e+01 6.505950e+01
      vertex   1.030083e+02 5.463872e+01 8.303200e+01
      vertex   1.054959e+02 4.034795e+01 6.868812e+01
    endloop
  endfacet
  facet normal -1.214087e-01 7.114859e-01 6.921327e-01
    outer loop
      vertex   1.074028e+02 4.029993e+01 6.907199e+01
      vertex   1.074070e+02 4.383140e+01 6.544250e+01
      vertex   1.054959e+02 4.034795e+01 6.868812e+01
    endloop
  endfacet
  facet normal -1.214087e-01 7.114859e-01 6.921327e-01
    outer loop
      vertex   1.054959e+02 4.034795e+01 6.868812e+01
      vertex   1.074070e+02 4.383140e+01 6.544250e+01
      vertex   1.055043e+02 4.387932e+01 6.505950e+01
    endloop
  endfacet
  facet normal -9.926023e-01 -8.644763e-02 -8.524995e-02
    outer loop
      vertex   1.074028e+02 4.029993e+01 6.907199e+01
      vertex   1.049261e+02 5.459042e+01 8.341806e+01
      vertex   1.074070e+02 4.383140e+01 6.544250e+01
    endloop
  endfacet
  facet normal -9.926023e-01 -8.644763e-02 -8.524995e-02
    outer loop
      vertex   1.074070e+02 4.383140e+01 6.544250e+01
      vertex   1.049261e+02 5.459042e+01 8.341806e+01
      vertex   1.049303e+02 5.812189e+01 7.978857e+01
    endloop
  endfacet
  facet normal 1.214087e-01 -7.114859e-01 -6.921327e-01
    outer loop
      vertex   1.049261e+02 5.459042e+01 8.341806e+01
      vertex   1.030083e+02 5.463872e+01 8.303200e+01
      vertex   1.049303e+02 5.812189e+01 7.978857e+01
    endloop
  endfacet
  facet normal 1.214087e-01 -7.114859e-01 -6.921327e-01
    outer loop
      vertex   1.049303e+02 5.812189e+01 7.978857e+01
      vertex   1.030083e+02 5.463872e+01 8.303200e+01
      vertex   1.030167e+02 5.817008e+01 7.940337e+01
    endloop
  endfacet
  facet normal 9.651652e-01 1.925828e-01 1.771101e-01
    outer loop
      vertex   7.342481e+01 5.865348e+01 8.048829e+01
      vertex   7.327127e+01 6.139692e+01 7.834189e+01
      vertex   7.309695e+01 5.952703e+01 8.132508e+01
    endloop
  endfacet
  facet normal 9.853768e-01 1.124173e-01 1.280428e-01
    outer loop
      vertex   7.309695e+01 5.952703e+01 8.132508e+01
      vertex   7.327127e+01 6.139692e+01 7.834189e+01
      vertex   7.305791e+01 6.225132e+01 7.923370e+01
    endloop
  endfacet
  facet normal 9.999340e-01 1.004610e-02 -5.580077e-03
    outer loop
      vertex   7.309695e+01 5.952703e+01 8.132508e+01
      vertex   7.305791e+01 6.225132e+01 7.923370e+01
      vertex   7.309328e+01 6.039469e+01 8.222950e+01
    endloop
  endfacet
  facet normal 9.958081e-01 -7.201695e-02 -5.638940e-02
    outer loop
      vertex   7.309328e+01 6.039469e+01 8.222950e+01
      vertex   7.305791e+01 6.225132e+01 7.923370e+01
      vertex   7.317140e+01 6.311501e+01 8.013481e+01
    endloop
  endfacet
  facet normal 9.667923e-01 -1.727701e-01 -1.883168e-01
    outer loop
      vertex   7.309328e+01 6.039469e+01 8.222950e+01
      vertex   7.317140e+01 6.311501e+01 8.013481e+01
      vertex   7.341405e+01 6.119732e+01 8.313991e+01
    endloop
  endfacet
  facet normal 9.383850e-01 -2.519478e-01 -2.365498e-01
    outer loop
      vertex   7.341405e+01 6.119732e+01 8.313991e+01
      vertex   7.317140e+01 6.311501e+01 8.013481e+01
      vertex   7.360400e+01 6.392913e+01 8.098381e+01
    endloop
  endfacet
  facet normal 8.679541e-01 -3.434747e-01 -3.587210e-01
    outer loop
      vertex   7.341405e+01 6.119732e+01 8.313991e+01
      vertex   7.360400e+01 6.392913e+01 8.098381e+01
      vertex   7.403739e+01 6.188022e+01 8.399426e+01
    endloop
  endfacet
  facet normal 8.170321e-01 -4.151290e-01 -4.001579e-01
    outer loop
      vertex   7.403739e+01 6.188022e+01 8.399426e+01
      vertex   7.360400e+01 6.392913e+01 8.098381e+01
      vertex   7.432624e+01 6.463822e+01 8.172284e+01
    endloop
  endfacet
  facet normal 7.100639e-01 -4.904612e-01 -5.052298e-01
    outer loop
      vertex   7.403739e+01 6.188022e+01 8.399426e+01
      vertex   7.432624e+01 6.463822e+01 8.172284e+01
      vertex   7.492083e+01 6.239686e+01 8.473434e+01
    endloop
  endfacet
  facet normal 6.400232e-01 -5.504644e-01 -5.360590e-01
    outer loop
      vertex   7.492083e+01 6.239686e+01 8.473434e+01
      vertex   7.432624e+01 6.463822e+01 8.172284e+01
      vertex   7.528889e+01 6.519393e+01 8.230153e+01
    endloop
  endfacet
  facet normal 5.037811e-01 -6.036919e-01 -6.178679e-01
    outer loop
      vertex   7.492083e+01 6.239686e+01 8.473434e+01
      vertex   7.528889e+01 6.519393e+01 8.230153e+01
      vertex   7.600417e+01 6.271203e+01 8.530970e+01
    endloop
  endfacet
  facet normal 4.194171e-01 -6.487539e-01 -6.349864e-01
    outer loop
      vertex   7.600417e+01 6.271203e+01 8.530970e+01
      vertex   7.528889e+01 6.519393e+01 8.230153e+01
      vertex   7.642634e+01 6.555841e+01 8.268045e+01
    endloop
  endfacet
  facet normal 2.630902e-01 -6.753957e-01 -6.889297e-01
    outer loop
      vertex   7.600417e+01 6.271203e+01 8.530970e+01
      vertex   7.642634e+01 6.555841e+01 8.268045e+01
      vertex   7.721357e+01 6.280425e+01 8.568114e+01
    endloop
  endfacet
  facet normal 1.702385e-01 -7.033137e-01 -6.901946e-01
    outer loop
      vertex   7.721357e+01 6.280425e+01 8.568114e+01
      vertex   7.642634e+01 6.555841e+01 8.268045e+01
      vertex   7.766110e+01 6.570682e+01 8.283379e+01
    endloop
  endfacet
  facet normal 4.366012e-03 -7.006209e-01 -7.135203e-01
    outer loop
      vertex   7.721357e+01 6.280425e+01 8.568114e+01
      vertex   7.766110e+01 6.570682e+01 8.283379e+01
      vertex   7.846662e+01 6.266723e+01 8.582335e+01
    endloop
  endfacet
  facet normal -9.054211e-02 -7.104291e-01 -6.979202e-01
    outer loop
      vertex   7.846662e+01 6.266723e+01 8.582335e+01
      vertex   7.766110e+01 6.570682e+01 8.283379e+01
      vertex   7.890900e+01 6.562903e+01 8.275107e+01
    endloop
  endfacet
  facet normal -2.547428e-01 -6.775930e-01 -6.899085e-01
    outer loop
      vertex   7.846662e+01 6.266723e+01 8.582335e+01
      vertex   7.890900e+01 6.562903e+01 8.275107e+01
      vertex   7.967791e+01 6.231032e+01 8.572663e+01
    endloop
  endfacet
  facet normal -3.451622e-01 -6.696085e-01 -6.576378e-01
    outer loop
      vertex   7.967791e+01 6.231032e+01 8.572663e+01
      vertex   7.890900e+01 6.562903e+01 8.275107e+01
      vertex   8.008501e+01 6.533036e+01 8.243795e+01
    endloop
  endfacet
  facet normal -4.965302e-01 -6.078483e-01 -6.196598e-01
    outer loop
      vertex   7.967791e+01 6.231032e+01 8.572663e+01
      vertex   8.008501e+01 6.533036e+01 8.243795e+01
      vertex   8.076492e+01 6.175783e+01 8.539758e+01
    endloop
  endfacet
  facet normal -5.762756e-01 -5.836210e-01 -5.720953e-01
    outer loop
      vertex   8.076492e+01 6.175783e+01 8.539758e+01
      vertex   8.008501e+01 6.533036e+01 8.243795e+01
      vertex   8.110898e+01 6.483115e+01 8.191577e+01
    endloop
  endfacet
  facet normal -7.044562e-01 -4.961325e-01 -5.075372e-01
    outer loop
      vertex   8.076492e+01 6.175783e+01 8.539758e+01
      vertex   8.110898e+01 6.483115e+01 8.191577e+01
      vertex   8.165355e+01 6.104742e+01 8.485861e+01
    endloop
  endfacet
  facet normal -7.681338e-01 -4.583113e-01 -4.471255e-01
    outer loop
      vertex   8.165355e+01 6.104742e+01 8.485861e+01
      vertex   8.110898e+01 6.483115e+01 8.191577e+01
      vertex   8.191113e+01 6.416543e+01 8.122010e+01
    endloop
  endfacet
  facet normal -8.642905e-01 -3.500740e-01 -3.611789e-01
    outer loop
      vertex   8.165355e+01 6.104742e+01 8.485861e+01
      vertex   8.191113e+01 6.416543e+01 8.122010e+01
      vertex   8.228325e+01 6.022750e+01 8.414647e+01
    endloop
  endfacet
  facet normal -9.076600e-01 -3.022051e-01 -2.912481e-01
    outer loop
      vertex   8.228325e+01 6.022750e+01 8.414647e+01
      vertex   8.191113e+01 6.416543e+01 8.122010e+01
      vertex   8.243679e+01 6.337856e+01 8.039836e+01
    endloop
  endfacet
  facet normal -9.650930e-01 -1.796579e-01 -1.905744e-01
    outer loop
      vertex   8.228325e+01 6.022750e+01 8.414647e+01
      vertex   8.243679e+01 6.337856e+01 8.039836e+01
      vertex   8.261111e+01 5.935394e+01 8.330967e+01
    endloop
  endfacet
  facet normal -9.853407e-01 -1.259301e-01 -1.150884e-01
    outer loop
      vertex   8.261111e+01 5.935394e+01 8.330967e+01
      vertex   8.243679e+01 6.337856e+01 8.039836e+01
      vertex   8.265015e+01 6.252417e+01 7.950655e+01
    endloop
  endfacet
  facet normal -9.999668e-01 3.462122e-03 -7.379234e-03
    outer loop
      vertex   8.261111e+01 5.935394e+01 8.330967e+01
      vertex   8.265015e+01 6.252417e+01 7.950655e+01
      vertex   8.261478e+01 5.848629e+01 8.240525e+01
    endloop
  endfacet
  facet normal -9.958755e-01 5.850654e-02 6.934724e-02
    outer loop
      vertex   8.261478e+01 5.848629e+01 8.240525e+01
      vertex   8.265015e+01 6.252417e+01 7.950655e+01
      vertex   8.253666e+01 6.166048e+01 7.860544e+01
    endloop
  endfacet
  facet normal -9.665313e-01 1.867659e-01 1.758859e-01
    outer loop
      vertex   8.261478e+01 5.848629e+01 8.240525e+01
      vertex   8.253666e+01 6.166048e+01 7.860544e+01
      vertex   8.229401e+01 5.768366e+01 8.149485e+01
    endloop
  endfacet
  facet normal -9.385391e-01 2.385356e-01 2.494896e-01
    outer loop
      vertex   8.229401e+01 5.768366e+01 8.149485e+01
      vertex   8.253666e+01 6.166048e+01 7.860544e+01
      vertex   8.210406e+01 6.084635e+01 7.775644e+01
    endloop
  endfacet
  facet normal -8.670841e-01 3.577265e-01 3.466944e-01
    outer loop
      vertex   8.229401e+01 5.768366e+01 8.149485e+01
      vertex   8.210406e+01 6.084635e+01 7.775644e+01
      vertex   8.167067e+01 5.700075e+01 8.064050e+01
    endloop
  endfacet
  facet normal -8.172325e-01 4.018826e-01 4.130634e-01
    outer loop
      vertex   8.167067e+01 5.700075e+01 8.064050e+01
      vertex   8.210406e+01 6.084635e+01 7.775644e+01
      vertex   8.138182e+01 6.013727e+01 7.701741e+01
    endloop
  endfacet
  facet normal -7.084418e-01 5.046705e-01 4.933741e-01
    outer loop
      vertex   8.167067e+01 5.700075e+01 8.064050e+01
      vertex   8.138182e+01 6.013727e+01 7.701741e+01
      vertex   8.078723e+01 5.648411e+01 7.990042e+01
    endloop
  endfacet
  facet normal -6.402178e-01 5.374050e-01 5.489236e-01
    outer loop
      vertex   8.078723e+01 5.648411e+01 7.990042e+01
      vertex   8.138182e+01 6.013727e+01 7.701741e+01
      vertex   8.041918e+01 5.958155e+01 7.643872e+01
    endloop
  endfacet
  facet normal -5.014694e-01 6.175783e-01 6.059088e-01
    outer loop
      vertex   8.078723e+01 5.648411e+01 7.990042e+01
      vertex   8.041918e+01 5.958155e+01 7.643872e+01
      vertex   7.970389e+01 5.616894e+01 7.932506e+01
    endloop
  endfacet
  facet normal -4.195566e-01 6.358527e-01 6.478145e-01
    outer loop
      vertex   7.970389e+01 5.616894e+01 7.932506e+01
      vertex   8.041918e+01 5.958155e+01 7.643872e+01
      vertex   7.928172e+01 5.921707e+01 7.605979e+01
    endloop
  endfacet
  facet normal -2.603313e-01 6.887702e-01 6.766264e-01
    outer loop
      vertex   7.970389e+01 5.616894e+01 7.932506e+01
      vertex   7.928172e+01 5.921707e+01 7.605979e+01
      vertex   7.849449e+01 5.607672e+01 7.895361e+01
    endloop
  endfacet
  facet normal -1.702888e-01 6.905016e-01 7.030001e-01
    outer loop
      vertex   7.849449e+01 5.607672e+01 7.895361e+01
      vertex   7.928172e+01 5.921707e+01 7.605979e+01
      vertex   7.804696e+01 5.906866e+01 7.590646e+01
    endloop
  endfacet
  facet normal -1.513292e-03 7.134297e-01 7.007251e-01
    outer loop
      vertex   7.849449e+01 5.607672e+01 7.895361e+01
      vertex   7.804696e+01 5.906866e+01 7.590646e+01
      vertex   7.724145e+01 5.621374e+01 7.881141e+01
    endloop
  endfacet
  facet normal 9.059191e-02 6.976149e-01 7.107226e-01
    outer loop
      vertex   7.724145e+01 5.621374e+01 7.881141e+01
      vertex   7.804696e+01 5.906866e+01 7.590646e+01
      vertex   7.679906e+01 5.914645e+01 7.598917e+01
    endloop
  endfacet
  facet normal 2.573148e-01 6.899278e-01 6.766009e-01
    outer loop
      vertex   7.724145e+01 5.621374e+01 7.881141e+01
      vertex   7.679906e+01 5.914645e+01 7.598917e+01
      vertex   7.603015e+01 5.657065e+01 7.890813e+01
    endloop
  endfacet
  facet normal 3.452974e-01 6.567014e-01 6.704572e-01
    outer loop
      vertex   7.603015e+01 5.657065e+01 7.890813e+01
      vertex   7.679906e+01 5.914645e+01 7.598917e+01
      vertex   7.562306e+01 5.944512e+01 7.630229e+01
    endloop
  endfacet
  facet normal 4.985173e-01 6.199228e-01 6.059507e-01
    outer loop
      vertex   7.603015e+01 5.657065e+01 7.890813e+01
      vertex   7.562306e+01 5.944512e+01 7.630229e+01
      vertex   7.494314e+01 5.712314e+01 7.923718e+01
    endloop
  endfacet
  facet normal 5.764591e-01 5.705534e-01 5.849477e-01
    outer loop
      vertex   7.494314e+01 5.712314e+01 7.923718e+01
      vertex   7.562306e+01 5.944512e+01 7.630229e+01
      vertex   7.459909e+01 5.994433e+01 7.682448e+01
    endloop
  endfacet
  facet normal 7.057026e-01 5.082316e-01 4.936441e-01
    outer loop
      vertex   7.494314e+01 5.712314e+01 7.923718e+01
      vertex   7.459909e+01 5.994433e+01 7.682448e+01
      vertex   7.405451e+01 5.783355e+01 7.977615e+01
    endloop
  endfacet
  facet normal 7.683148e-01 4.450565e-01 4.600185e-01
    outer loop
      vertex   7.405451e+01 5.783355e+01 7.977615e+01
      vertex   7.459909e+01 5.994433e+01 7.682448e+01
      vertex   7.379693e+01 6.061006e+01 7.752015e+01
    endloop
  endfacet
  facet normal 8.648342e-01 3.624825e-01 3.473732e-01
    outer loop
      vertex   7.405451e+01 5.783355e+01 7.977615e+01
      vertex   7.379693e+01 6.061006e+01 7.752015e+01
      vertex   7.342481e+01 5.865348e+01 8.048829e+01
    endloop
  endfacet
  facet normal 9.077872e-01 2.887866e-01 3.041786e-01
    outer loop
      vertex   7.342481e+01 5.865348e+01 8.048829e+01
      vertex   7.379693e+01 6.061006e+01 7.752015e+01
      vertex   7.327127e+01 6.139692e+01 7.834189e+01
    endloop
  endfacet
  facet normal 9.802720e-01 -2.602415e-02 1.959326e-01
    outer loop
      vertex   1.015571e+02 7.394476e+01 1.028443e+02
      vertex   1.013284e+02 6.432611e+01 1.027110e+02
      vertex   1.040799e+02 5.945160e+01 8.829731e+01
    endloop
  endfacet
  facet normal 9.802720e-01 -2.602415e-02 1.959326e-01
    outer loop
      vertex   1.040799e+02 5.945160e+01 8.829731e+01
      vertex   1.013284e+02 6.432611e+01 1.027110e+02
      vertex   1.021882e+02 5.936554e+01 9.775042e+01
    endloop
  endfacet
  facet normal -1.962190e-01 -8.926666e-03 9.805195e-01
    outer loop
      vertex   9.776123e+01 6.360570e+01 1.019906e+02
      vertex   1.013284e+02 6.432611e+01 1.027110e+02
      vertex   9.685960e+01 7.406947e+01 1.019054e+02
    endloop
  endfacet
  facet normal -1.962190e-01 -8.926666e-03 9.805195e-01
    outer loop
      vertex   9.685960e+01 7.406947e+01 1.019054e+02
      vertex   1.013284e+02 6.432611e+01 1.027110e+02
      vertex   1.015571e+02 7.394476e+01 1.028443e+02
    endloop
  endfacet
  facet normal -9.925373e-01 -8.622559e-02 -8.622559e-02
    outer loop
      vertex   9.776123e+01 6.360570e+01 1.019906e+02
      vertex   9.685960e+01 7.406947e+01 1.019054e+02
      vertex   9.848285e+01 5.945243e+01 9.783732e+01
    endloop
  endfacet
  facet normal -9.925373e-01 -8.622559e-02 -8.622559e-02
    outer loop
      vertex   9.848285e+01 5.945243e+01 9.783732e+01
      vertex   9.685960e+01 7.406947e+01 1.019054e+02
      vertex   9.938243e+01 5.957631e+01 8.735839e+01
    endloop
  endfacet
  facet normal -2.376815e-02 -9.996215e-01 -1.385699e-02
    outer loop
      vertex   9.848285e+01 5.945243e+01 9.783732e+01
      vertex   9.938243e+01 5.957631e+01 8.735839e+01
      vertex   1.021882e+02 5.936554e+01 9.775042e+01
    endloop
  endfacet
  facet normal -2.376815e-02 -9.996215e-01 -1.385699e-02
    outer loop
      vertex   1.021882e+02 5.936554e+01 9.775042e+01
      vertex   9.938243e+01 5.957631e+01 8.735839e+01
      vertex   1.040799e+02 5.945160e+01 8.829731e+01
    endloop
  endfacet
  facet normal -9.926023e-01 -8.644763e-02 -8.524995e-02
    outer loop
      vertex   1.125444e+02 1.063332e+01 3.929001e+01
      vertex   1.100677e+02 2.492381e+01 5.363608e+01
      vertex   1.125486e+02 1.416479e+01 3.566052e+01
    endloop
  endfacet
  facet normal -9.926023e-01 -8.644763e-02 -8.524995e-02
    outer loop
      vertex   1.125486e+02 1.416479e+01 3.566052e+01
      vertex   1.100677e+02 2.492381e+01 5.363608e+01
      vertex   1.100719e+02 2.845528e+01 5.000659e+01
    endloop
  endfacet
  facet normal 1.214087e-01 -7.114859e-01 -6.921327e-01
    outer loop
      vertex   1.100677e+02 2.492381e+01 5.363608e+01
      vertex   1.081725e+02 2.497154e+01 5.325457e+01
      vertex   1.100719e+02 2.845528e+01 5.000659e+01
    endloop
  endfacet
  facet normal 1.214087e-01 -7.114859e-01 -6.921327e-01
    outer loop
      vertex   1.100719e+02 2.845528e+01 5.000659e+01
      vertex   1.081725e+02 2.497154e+01 5.325457e+01
      vertex   1.081809e+02 2.850290e+01 4.962594e+01
    endloop
  endfacet
  facet normal 9.925373e-01 8.622563e-02 8.622555e-02
    outer loop
      vertex   1.106601e+02 1.068077e+01 3.891069e+01
      vertex   1.106685e+02 1.421214e+01 3.528207e+01
      vertex   1.081725e+02 2.497154e+01 5.325457e+01
    endloop
  endfacet
  facet normal 9.925373e-01 8.622563e-02 8.622555e-02
    outer loop
      vertex   1.081725e+02 2.497154e+01 5.325457e+01
      vertex   1.106685e+02 1.421214e+01 3.528207e+01
      vertex   1.081809e+02 2.850290e+01 4.962594e+01
    endloop
  endfacet
  facet normal -1.238214e-01 7.005756e-01 7.027532e-01
    outer loop
      vertex   1.078815e+02 1.075074e+01 3.835138e+01
      vertex   1.078816e+02 1.065896e+01 3.844288e+01
      vertex   1.106601e+02 1.068077e+01 3.891069e+01
    endloop
  endfacet
  facet normal -1.238214e-01 7.005756e-01 7.027532e-01
    outer loop
      vertex   1.106601e+02 1.068077e+01 3.891069e+01
      vertex   1.078816e+02 1.065896e+01 3.844288e+01
      vertex   1.125354e+02 1.054176e+01 3.937969e+01
    endloop
  endfacet
  facet normal -1.238214e-01 7.005756e-01 7.027532e-01
    outer loop
      vertex   1.106601e+02 1.068077e+01 3.891069e+01
      vertex   1.125354e+02 1.054176e+01 3.937969e+01
      vertex   1.125444e+02 1.063332e+01 3.929001e+01
    endloop
  endfacet
  facet normal -1.238214e-01 7.005756e-01 7.027532e-01
    outer loop
      vertex   1.125444e+02 1.063332e+01 3.929001e+01
      vertex   1.125354e+02 1.054176e+01 3.937969e+01
      vertex   1.125553e+02 1.063304e+01 3.929220e+01
    endloop
  endfacet
  facet normal -9.925373e-01 -8.622559e-02 -8.622559e-02
    outer loop
      vertex   1.102108e+02 -8.047308e+00 3.033758e+01
      vertex   1.087874e+02 1.451619e-01 3.853005e+01
      vertex   1.108916e+02 -7.990865e+00 2.244457e+01
    endloop
  endfacet
  facet normal -9.925373e-01 -8.622559e-02 -8.622559e-02
    outer loop
      vertex   1.108916e+02 -7.990865e+00 2.244457e+01
      vertex   1.087874e+02 1.451619e-01 3.853005e+01
      vertex   1.078816e+02 1.065896e+01 3.844288e+01
    endloop
  endfacet
  facet normal -9.925373e-01 -8.622559e-02 -8.622559e-02
    outer loop
      vertex   1.108916e+02 -7.990865e+00 2.244457e+01
      vertex   1.078816e+02 1.065896e+01 3.844288e+01
      vertex   1.078815e+02 1.075074e+01 3.835138e+01
    endloop
  endfacet
  facet normal -9.925373e-01 -8.622559e-02 -8.622559e-02
    outer loop
      vertex   1.006550e+02 5.226593e+01 8.002085e+01
      vertex   1.006550e+02 5.584584e+01 7.644094e+01
      vertex   1.078815e+02 1.075074e+01 3.835138e+01
    endloop
  endfacet
  facet normal -9.925373e-01 -8.622559e-02 -8.622559e-02
    outer loop
      vertex   1.078815e+02 1.075074e+01 3.835138e+01
      vertex   1.006550e+02 5.584584e+01 7.644094e+01
      vertex   1.119292e+02 -8.922263e+00 1.143214e+01
    endloop
  endfacet
  facet normal -9.925373e-01 -8.622559e-02 -8.622559e-02
    outer loop
      vertex   1.078815e+02 1.075074e+01 3.835138e+01
      vertex   1.119292e+02 -8.922263e+00 1.143214e+01
      vertex   1.108916e+02 -7.990865e+00 2.244457e+01
    endloop
  endfacet
  facet normal -9.925373e-01 -8.622559e-02 -8.622559e-02
    outer loop
      vertex   1.108916e+02 -7.990865e+00 2.244457e+01
      vertex   1.119292e+02 -8.922263e+00 1.143214e+01
      vertex   1.119292e+02 -1.396272e+01 1.647260e+01
    endloop
  endfacet
  facet normal 7.259445e-05 -7.071068e-01 -7.071068e-01
    outer loop
      vertex   6.958483e+01 5.774641e+01 7.453718e+01
      vertex   8.350051e+01 5.775554e+01 7.452948e+01
      vertex   6.958484e+01 5.572478e+01 7.655881e+01
    endloop
  endfacet
  facet normal 7.259445e-05 -7.071068e-01 -7.071068e-01
    outer loop
      vertex   6.958484e+01 5.572478e+01 7.655881e+01
      vertex   8.350051e+01 5.775554e+01 7.452948e+01
      vertex   1.006550e+02 5.584584e+01 7.644094e+01
    endloop
  endfacet
  facet normal 7.259445e-05 -7.071068e-01 -7.071068e-01
    outer loop
      vertex   6.958484e+01 5.572478e+01 7.655881e+01
      vertex   1.006550e+02 5.584584e+01 7.644094e+01
      vertex   1.006550e+02 5.226593e+01 8.002085e+01
    endloop
  endfacet
  facet normal -1.000000e+00 4.777719e-05 5.139407e-05
    outer loop
      vertex   6.958483e+01 5.774641e+01 7.453718e+01
      vertex   6.958484e+01 5.572478e+01 7.655881e+01
      vertex   6.958554e+01 6.469070e+01 8.178346e+01
    endloop
  endfacet
  facet normal -1.000000e+00 4.777719e-05 5.139407e-05
    outer loop
      vertex   6.958554e+01 6.469070e+01 8.178346e+01
      vertex   6.958484e+01 5.572478e+01 7.655881e+01
      vertex   6.958554e+01 6.262761e+01 8.376091e+01
    endloop
  endfacet
  facet normal -7.016312e-05 -6.919648e-01 -7.219312e-01
    outer loop
      vertex   6.958554e+01 6.262761e+01 8.376091e+01
      vertex   6.398441e+01 6.326464e+01 8.315087e+01
      vertex   6.958554e+01 6.469070e+01 8.178346e+01
    endloop
  endfacet
  facet normal -7.016312e-05 -6.919648e-01 -7.219312e-01
    outer loop
      vertex   6.958554e+01 6.469070e+01 8.178346e+01
      vertex   6.398441e+01 6.326464e+01 8.315087e+01
      vertex   3.037827e+01 6.466837e+01 8.180867e+01
    endloop
  endfacet
  facet normal -7.016312e-05 -6.919648e-01 -7.219312e-01
    outer loop
      vertex   3.037827e+01 6.466837e+01 8.180867e+01
      vertex   6.398441e+01 6.326464e+01 8.315087e+01
      vertex   3.037827e+01 6.326625e+01 8.315260e+01
    endloop
  endfacet
  facet normal 1.071041e-06 -7.219312e-01 6.919648e-01
    outer loop
      vertex   6.398441e+01 6.326464e+01 8.315087e+01
      vertex   6.398313e+01 7.552036e+01 9.593734e+01
      vertex   3.037827e+01 6.326625e+01 8.315260e+01
    endloop
  endfacet
  facet normal 1.071041e-06 -7.219312e-01 6.919648e-01
    outer loop
      vertex   3.037827e+01 6.326625e+01 8.315260e+01
      vertex   6.398313e+01 7.552036e+01 9.593734e+01
      vertex   -3.227039e+00 7.551691e+01 9.593384e+01
    endloop
  endfacet
  facet normal 1.071041e-06 -7.219312e-01 6.919648e-01
    outer loop
      vertex   3.037827e+01 6.326625e+01 8.315260e+01
      vertex   -3.227039e+00 7.551691e+01 9.593384e+01
      vertex   -3.228324e+00 6.326459e+01 8.315092e+01
    endloop
  endfacet
  facet normal 5.132995e-05 -1.000000e+00 -1.758562e-08
    outer loop
      vertex   3.020736e+01 7.551862e+01 1.013202e+02
      vertex   -3.227039e+00 7.551691e+01 9.593384e+01
      vertex   3.032988e+01 7.551863e+01 1.013117e+02
    endloop
  endfacet
  facet normal 5.132995e-05 -1.000000e+00 -1.758590e-08
    outer loop
      vertex   3.032988e+01 7.551863e+01 1.013117e+02
      vertex   -3.227039e+00 7.551691e+01 9.593384e+01
      vertex   6.398313e+01 7.552036e+01 9.593734e+01
    endloop
  endfacet
  facet normal 5.132995e-05 -1.000000e+00 -1.758553e-08
    outer loop
      vertex   3.032988e+01 7.551863e+01 1.013117e+02
      vertex   6.398313e+01 7.552036e+01 9.593734e+01
      vertex   3.045240e+01 7.551864e+01 1.013202e+02
    endloop
  endfacet
  facet normal 5.132995e-05 -1.000000e+00 -1.758612e-08
    outer loop
      vertex   3.045240e+01 7.551864e+01 1.013202e+02
      vertex   6.398313e+01 7.552036e+01 9.593734e+01
      vertex   3.057374e+01 7.551864e+01 1.013457e+02
    endloop
  endfacet
  facet normal 5.132874e-05 -1.000000e+00 -2.508571e-08
    outer loop
      vertex   3.057374e+01 7.551864e+01 1.013457e+02
      vertex   6.398313e+01 7.552036e+01 9.593734e+01
      vertex   1.093175e+02 7.552268e+01 1.062567e+02
    endloop
  endfacet
  facet normal 5.132799e-05 -1.000000e+00 -1.299948e-08
    outer loop
      vertex   3.057374e+01 7.551864e+01 1.013457e+02
      vertex   1.093175e+02 7.552268e+01 1.062567e+02
      vertex   3.080823e+01 7.551865e+01 1.014463e+02
    endloop
  endfacet
  facet normal 5.132812e-05 -1.000000e+00 -1.515773e-08
    outer loop
      vertex   3.080823e+01 7.551865e+01 1.014463e+02
      vertex   1.093175e+02 7.552268e+01 1.062567e+02
      vertex   3.102433e+01 7.551867e+01 1.016097e+02
    endloop
  endfacet
  facet normal 5.132817e-05 -1.000000e+00 -1.605012e-08
    outer loop
      vertex   3.102433e+01 7.551867e+01 1.016097e+02
      vertex   1.093175e+02 7.552268e+01 1.062567e+02
      vertex   3.121374e+01 7.551868e+01 1.018295e+02
    endloop
  endfacet
  facet normal 5.132820e-05 -1.000000e+00 -1.656857e-08
    outer loop
      vertex   3.121374e+01 7.551868e+01 1.018295e+02
      vertex   1.093175e+02 7.552268e+01 1.062567e+02
      vertex   3.136918e+01 7.551868e+01 1.020974e+02
    endloop
  endfacet
  facet normal 5.132822e-05 -1.000000e+00 -1.693069e-08
    outer loop
      vertex   3.136918e+01 7.551868e+01 1.020974e+02
      vertex   1.093175e+02 7.552268e+01 1.062567e+02
      vertex   3.148467e+01 7.551869e+01 1.024031e+02
    endloop
  endfacet
  facet normal 5.132823e-05 -1.000000e+00 -1.721706e-08
    outer loop
      vertex   3.148467e+01 7.551869e+01 1.024031e+02
      vertex   1.093175e+02 7.552268e+01 1.062567e+02
      vertex   3.155579e+01 7.551869e+01 1.027347e+02
    endloop
  endfacet
  facet normal 5.132824e-05 -1.000000e+00 -1.746703e-08
    outer loop
      vertex   3.155579e+01 7.551869e+01 1.027347e+02
      vertex   1.093175e+02 7.552268e+01 1.062567e+02
      vertex   3.157979e+01 7.551869e+01 1.030796e+02
    endloop
  endfacet
  facet normal 5.132825e-05 -1.000000e+00 -1.770428e-08
    outer loop
      vertex   3.157979e+01 7.551869e+01 1.030796e+02
      vertex   1.093175e+02 7.552268e+01 1.062567e+02
      vertex   3.155575e+01 7.551869e+01 1.034244e+02
    endloop
  endfacet
  facet normal 5.132826e-05 -1.000000e+00 -1.794848e-08
    outer loop
      vertex   3.155575e+01 7.551869e+01 1.034244e+02
      vertex   1.093175e+02 7.552268e+01 1.062567e+02
      vertex   3.148460e+01 7.551869e+01 1.037561e+02
    endloop
  endfacet
  facet normal 5.132827e-05 -1.000000e+00 -1.822137e-08
    outer loop
      vertex   3.148460e+01 7.551869e+01 1.037561e+02
      vertex   1.093175e+02 7.552268e+01 1.062567e+02
      vertex   3.136907e+01 7.551868e+01 1.040617e+02
    endloop
  endfacet
  facet normal 5.132828e-05 -1.000000e+00 -1.855606e-08
    outer loop
      vertex   3.136907e+01 7.551868e+01 1.040617e+02
      vertex   1.093175e+02 7.552268e+01 1.062567e+02
      vertex   3.121361e+01 7.551868e+01 1.043295e+02
    endloop
  endfacet
  facet normal 5.132829e-05 -1.000000e+00 -1.901659e-08
    outer loop
      vertex   3.121361e+01 7.551868e+01 1.043295e+02
      vertex   1.093175e+02 7.552268e+01 1.062567e+02
      vertex   3.102418e+01 7.551867e+01 1.045494e+02
    endloop
  endfacet
  facet normal 5.132831e-05 -1.000000e+00 -1.976111e-08
    outer loop
      vertex   3.102418e+01 7.551867e+01 1.045494e+02
      vertex   1.093175e+02 7.552268e+01 1.062567e+02
      vertex   3.080806e+01 7.551865e+01 1.047127e+02
    endloop
  endfacet
  facet normal 5.132834e-05 -1.000000e+00 -2.134608e-08
    outer loop
      vertex   3.080806e+01 7.551865e+01 1.047127e+02
      vertex   1.093175e+02 7.552268e+01 1.062567e+02
      vertex   3.057356e+01 7.551864e+01 1.048133e+02
    endloop
  endfacet
  facet normal 5.132841e-05 -1.000000e+00 -2.496035e-08
    outer loop
      vertex   3.057356e+01 7.551864e+01 1.048133e+02
      vertex   1.093175e+02 7.552268e+01 1.062567e+02
      vertex   3.045222e+01 7.551864e+01 1.048388e+02
    endloop
  endfacet
  facet normal 5.132862e-05 -1.000000e+00 -3.679887e-08
    outer loop
      vertex   3.045222e+01 7.551864e+01 1.048388e+02
      vertex   1.093175e+02 7.552268e+01 1.062567e+02
      vertex   3.032970e+01 7.551863e+01 1.048473e+02
    endloop
  endfacet
  facet normal 5.132912e-05 -1.000000e+00 -6.467411e-08
    outer loop
      vertex   3.032970e+01 7.551863e+01 1.048473e+02
      vertex   1.093175e+02 7.552268e+01 1.062567e+02
      vertex   -4.856250e+01 7.551458e+01 1.062486e+02
    endloop
  endfacet
  facet normal 5.132995e-05 -1.000000e+00 -1.758493e-08
    outer loop
      vertex   3.032970e+01 7.551863e+01 1.048473e+02
      vertex   -4.856250e+01 7.551458e+01 1.062486e+02
      vertex   3.020718e+01 7.551862e+01 1.048387e+02
    endloop
  endfacet
  facet normal 5.132995e-05 -1.000000e+00 -1.758626e-08
    outer loop
      vertex   3.020718e+01 7.551862e+01 1.048387e+02
      vertex   -4.856250e+01 7.551458e+01 1.062486e+02
      vertex   3.008584e+01 7.551862e+01 1.048133e+02
    endloop
  endfacet
  facet normal 5.132995e-05 -1.000000e+00 -1.758594e-08
    outer loop
      vertex   3.008584e+01 7.551862e+01 1.048133e+02
      vertex   -4.856250e+01 7.551458e+01 1.062486e+02
      vertex   2.985135e+01 7.551861e+01 1.047127e+02
    endloop
  endfacet
  facet normal 5.132995e-05 -1.000000e+00 -1.758582e-08
    outer loop
      vertex   2.985135e+01 7.551861e+01 1.047127e+02
      vertex   -4.856250e+01 7.551458e+01 1.062486e+02
      vertex   2.963525e+01 7.551859e+01 1.045493e+02
    endloop
  endfacet
  facet normal 5.132995e-05 -1.000000e+00 -1.758592e-08
    outer loop
      vertex   2.963525e+01 7.551859e+01 1.045493e+02
      vertex   -4.856250e+01 7.551458e+01 1.062486e+02
      vertex   2.944584e+01 7.551858e+01 1.043295e+02
    endloop
  endfacet
  facet normal 5.132995e-05 -1.000000e+00 -1.758593e-08
    outer loop
      vertex   2.944584e+01 7.551858e+01 1.043295e+02
      vertex   -4.856250e+01 7.551458e+01 1.062486e+02
      vertex   2.929040e+01 7.551858e+01 1.040616e+02
    endloop
  endfacet
  facet normal 5.132995e-05 -1.000000e+00 -1.758589e-08
    outer loop
      vertex   2.929040e+01 7.551858e+01 1.040616e+02
      vertex   -4.856250e+01 7.551458e+01 1.062486e+02
      vertex   2.917490e+01 7.551857e+01 1.037559e+02
    endloop
  endfacet
  facet normal 5.132995e-05 -1.000000e+00 -1.758586e-08
    outer loop
      vertex   2.917490e+01 7.551857e+01 1.037559e+02
      vertex   -4.856250e+01 7.551458e+01 1.062486e+02
      vertex   2.910379e+01 7.551857e+01 1.034243e+02
    endloop
  endfacet
  facet normal 5.132995e-05 -1.000000e+00 -1.758592e-08
    outer loop
      vertex   2.910379e+01 7.551857e+01 1.034243e+02
      vertex   -4.856250e+01 7.551458e+01 1.062486e+02
      vertex   2.907979e+01 7.551857e+01 1.030794e+02
    endloop
  endfacet
  facet normal 5.132995e-05 -1.000000e+00 -1.758593e-08
    outer loop
      vertex   2.907979e+01 7.551857e+01 1.030794e+02
      vertex   -4.856250e+01 7.551458e+01 1.062486e+02
      vertex   2.910382e+01 7.551857e+01 1.027346e+02
    endloop
  endfacet
  facet normal 5.132995e-05 -1.000000e+00 -1.758592e-08
    outer loop
      vertex   2.910382e+01 7.551857e+01 1.027346e+02
      vertex   -4.856250e+01 7.551458e+01 1.062486e+02
      vertex   2.917497e+01 7.551857e+01 1.024029e+02
    endloop
  endfacet
  facet normal 5.132995e-05 -1.000000e+00 -1.758585e-08
    outer loop
      vertex   2.917497e+01 7.551857e+01 1.024029e+02
      vertex   -4.856250e+01 7.551458e+01 1.062486e+02
      vertex   2.929050e+01 7.551858e+01 1.020973e+02
    endloop
  endfacet
  facet normal 5.132995e-05 -1.000000e+00 -1.758592e-08
    outer loop
      vertex   2.929050e+01 7.551858e+01 1.020973e+02
      vertex   -4.856250e+01 7.551458e+01 1.062486e+02
      vertex   2.944597e+01 7.551858e+01 1.018295e+02
    endloop
  endfacet
  facet normal 5.132995e-05 -1.000000e+00 -1.758591e-08
    outer loop
      vertex   2.944597e+01 7.551858e+01 1.018295e+02
      vertex   -4.856250e+01 7.551458e+01 1.062486e+02
      vertex   2.963540e+01 7.551859e+01 1.016096e+02
    endloop
  endfacet
  facet normal 5.132995e-05 -1.000000e+00 -1.758585e-08
    outer loop
      vertex   2.963540e+01 7.551859e+01 1.016096e+02
      vertex   -4.856250e+01 7.551458e+01 1.062486e+02
      vertex   2.985152e+01 7.551861e+01 1.014463e+02
    endloop
  endfacet
  facet normal 5.132995e-05 -1.000000e+00 -1.758586e-08
    outer loop
      vertex   2.985152e+01 7.551861e+01 1.014463e+02
      vertex   -4.856250e+01 7.551458e+01 1.062486e+02
      vertex   3.008601e+01 7.551862e+01 1.013457e+02
    endloop
  endfacet
  facet normal 5.132995e-05 -1.000000e+00 -1.758590e-08
    outer loop
      vertex   3.008601e+01 7.551862e+01 1.013457e+02
      vertex   -4.856250e+01 7.551458e+01 1.062486e+02
      vertex   -3.227039e+00 7.551691e+01 9.593384e+01
    endloop
  endfacet
  facet normal 5.132995e-05 -1.000000e+00 -1.758612e-08
    outer loop
      vertex   3.008601e+01 7.551862e+01 1.013457e+02
      vertex   -3.227039e+00 7.551691e+01 9.593384e+01
      vertex   3.020736e+01 7.551862e+01 1.013202e+02
    endloop
  endfacet
  facet normal 4.385116e-14 -7.071068e-01 7.071068e-01
    outer loop
      vertex   -6.618825e+01 7.416097e+01 1.048950e+02
      vertex   -6.614568e+01 7.393220e+01 1.046662e+02
      vertex   -4.856250e+01 7.551458e+01 1.062486e+02
    endloop
  endfacet
  facet normal 4.478086e-14 -7.071068e-01 7.071068e-01
    outer loop
      vertex   -4.856250e+01 7.551458e+01 1.062486e+02
      vertex   -6.614568e+01 7.393220e+01 1.046662e+02
      vertex   -6.618829e+01 7.370344e+01 1.044374e+02
    endloop
  endfacet
  facet normal 4.980081e-14 -7.071068e-01 7.071068e-01
    outer loop
      vertex   -4.856250e+01 7.551458e+01 1.062486e+02
      vertex   -6.618829e+01 7.370344e+01 1.044374e+02
      vertex   -6.631319e+01 7.349027e+01 1.042243e+02
    endloop
  endfacet
  facet normal 4.442150e-14 -7.071068e-01 7.071068e-01
    outer loop
      vertex   -6.631319e+01 7.349027e+01 1.042243e+02
      vertex   -6.651186e+01 7.330722e+01 1.040412e+02
      vertex   -4.856250e+01 7.551458e+01 1.062486e+02
    endloop
  endfacet
  facet normal 8.118054e-14 -7.071068e-01 7.071068e-01
    outer loop
      vertex   -4.856250e+01 7.551458e+01 1.062486e+02
      vertex   -6.651186e+01 7.330722e+01 1.040412e+02
      vertex   -6.677076e+01 7.316677e+01 1.039008e+02
    endloop
  endfacet
  facet normal 6.352389e-14 -7.071068e-01 7.071068e-01
    outer loop
      vertex   -4.856250e+01 7.551458e+01 1.062486e+02
      vertex   -6.677076e+01 7.316677e+01 1.039008e+02
      vertex   -6.707224e+01 7.307848e+01 1.038125e+02
    endloop
  endfacet
  facet normal 4.621169e-14 -7.071068e-01 7.071068e-01
    outer loop
      vertex   -4.856250e+01 7.551458e+01 1.062486e+02
      vertex   -6.707224e+01 7.307848e+01 1.038125e+02
      vertex   -7.529558e+01 2.050370e+00 3.278437e+01
    endloop
  endfacet
  facet normal 2.829098e-14 -7.071068e-01 7.071068e-01
    outer loop
      vertex   -7.529558e+01 2.050370e+00 3.278437e+01
      vertex   -6.707224e+01 7.307848e+01 1.038125e+02
      vertex   -6.739577e+01 7.304838e+01 1.037824e+02
    endloop
  endfacet
  facet normal -6.860177e-15 -7.071068e-01 7.071068e-01
    outer loop
      vertex   -7.529558e+01 2.050370e+00 3.278437e+01
      vertex   -6.739577e+01 7.304838e+01 1.037824e+02
      vertex   -7.561910e+01 2.080487e+00 3.281449e+01
    endloop
  endfacet
  facet normal -2.771143e-14 -7.071068e-01 7.071068e-01
    outer loop
      vertex   -7.561910e+01 2.080487e+00 3.281449e+01
      vertex   -6.739577e+01 7.304838e+01 1.037824e+02
      vertex   -6.771929e+01 7.307852e+01 1.038125e+02
    endloop
  endfacet
  facet normal 1.118947e-15 -7.071068e-01 7.071068e-01
    outer loop
      vertex   -7.561910e+01 2.080487e+00 3.281449e+01
      vertex   -6.771929e+01 7.307852e+01 1.038125e+02
      vertex   -7.594262e+01 2.050370e+00 3.278437e+01
    endloop
  endfacet
  facet normal 5.809772e-14 -7.071068e-01 7.071068e-01
    outer loop
      vertex   -7.594262e+01 2.050370e+00 3.278437e+01
      vertex   -6.771929e+01 7.307852e+01 1.038125e+02
      vertex   -6.802076e+01 7.316683e+01 1.039008e+02
    endloop
  endfacet
  facet normal -4.511843e-15 -7.071068e-01 7.071068e-01
    outer loop
      vertex   -7.594262e+01 2.050370e+00 3.278437e+01
      vertex   -6.802076e+01 7.316683e+01 1.039008e+02
      vertex   -7.624410e+01 1.962070e+00 3.269607e+01
    endloop
  endfacet
  facet normal -9.849591e-14 -7.071068e-01 7.071068e-01
    outer loop
      vertex   -7.624410e+01 1.962070e+00 3.269607e+01
      vertex   -6.802076e+01 7.316683e+01 1.039008e+02
      vertex   -6.827963e+01 7.330731e+01 1.040413e+02
    endloop
  endfacet
  facet normal -1.161135e-09 -7.071068e-01 7.071068e-01
    outer loop
      vertex   -7.624410e+01 1.962070e+00 3.269607e+01
      vertex   -6.827963e+01 7.330731e+01 1.040413e+02
      vertex   -7.145476e+01 7.510614e+01 1.058401e+02
    endloop
  endfacet
  facet normal -3.204075e-09 -7.071068e-01 7.071068e-01
    outer loop
      vertex   -7.145476e+01 7.510614e+01 1.058401e+02
      vertex   -6.827963e+01 7.330731e+01 1.040413e+02
      vertex   -6.847826e+01 7.349038e+01 1.042244e+02
    endloop
  endfacet
  facet normal -1.930821e-09 -7.071068e-01 7.071068e-01
    outer loop
      vertex   -7.145476e+01 7.510614e+01 1.058401e+02
      vertex   -6.847826e+01 7.349038e+01 1.042244e+02
      vertex   -6.860311e+01 7.370356e+01 1.044376e+02
    endloop
  endfacet
  facet normal -1.513083e-09 -7.071068e-01 7.071068e-01
    outer loop
      vertex   -6.860311e+01 7.370356e+01 1.044376e+02
      vertex   -6.864568e+01 7.393233e+01 1.046663e+02
      vertex   -7.145476e+01 7.510614e+01 1.058401e+02
    endloop
  endfacet
  facet normal -1.294668e-09 -7.071068e-01 7.071068e-01
    outer loop
      vertex   -7.145476e+01 7.510614e+01 1.058401e+02
      vertex   -6.864568e+01 7.393233e+01 1.046663e+02
      vertex   -6.860306e+01 7.416110e+01 1.048951e+02
    endloop
  endfacet
  facet normal -1.151073e-09 -7.071068e-01 7.071068e-01
    outer loop
      vertex   -7.145476e+01 7.510614e+01 1.058401e+02
      vertex   -6.860306e+01 7.416110e+01 1.048951e+02
      vertex   -6.847816e+01 7.437426e+01 1.051083e+02
    endloop
  endfacet
  facet normal -1.039508e-09 -7.071068e-01 7.071068e-01
    outer loop
      vertex   -6.847816e+01 7.437426e+01 1.051083e+02
      vertex   -6.827950e+01 7.455731e+01 1.052913e+02
      vertex   -7.145476e+01 7.510614e+01 1.058401e+02
    endloop
  endfacet
  facet normal -9.362341e-10 -7.071068e-01 7.071068e-01
    outer loop
      vertex   -7.145476e+01 7.510614e+01 1.058401e+02
      vertex   -6.827950e+01 7.455731e+01 1.052913e+02
      vertex   -6.802060e+01 7.469776e+01 1.054318e+02
    endloop
  endfacet
  facet normal -2.006857e-09 -7.071068e-01 7.071068e-01
    outer loop
      vertex   -7.145476e+01 7.510614e+01 1.058401e+02
      vertex   -6.802060e+01 7.469776e+01 1.054318e+02
      vertex   -7.127225e+01 7.559430e+01 1.063283e+02
    endloop
  endfacet
  facet normal -1.453573e-13 -7.071068e-01 7.071068e-01
    outer loop
      vertex   -7.127225e+01 7.559430e+01 1.063283e+02
      vertex   -6.802060e+01 7.469776e+01 1.054318e+02
      vertex   -6.771911e+01 7.478605e+01 1.055201e+02
    endloop
  endfacet
  facet normal -2.344068e-13 -7.071068e-01 7.071068e-01
    outer loop
      vertex   -7.127225e+01 7.559430e+01 1.063283e+02
      vertex   -6.771911e+01 7.478605e+01 1.055201e+02
      vertex   -7.093174e+01 7.603813e+01 1.067721e+02
    endloop
  endfacet
  facet normal -2.062709e-13 -7.071068e-01 7.071068e-01
    outer loop
      vertex   -7.093174e+01 7.603813e+01 1.067721e+02
      vertex   -6.771911e+01 7.478605e+01 1.055201e+02
      vertex   -7.045255e+01 7.641249e+01 1.071465e+02
    endloop
  endfacet
  facet normal -2.528763e-14 -7.071068e-01 7.071068e-01
    outer loop
      vertex   -7.045255e+01 7.641249e+01 1.071465e+02
      vertex   -6.771911e+01 7.478605e+01 1.055201e+02
      vertex   -6.739559e+01 7.481615e+01 1.055502e+02
    endloop
  endfacet
  facet normal -1.455431e-13 -7.071068e-01 7.071068e-01
    outer loop
      vertex   -7.045255e+01 7.641249e+01 1.071465e+02
      vertex   -6.739559e+01 7.481615e+01 1.055502e+02
      vertex   -6.986180e+01 7.669616e+01 1.074302e+02
    endloop
  endfacet
  facet normal 2.252815e-09 -7.071068e-01 7.071068e-01
    outer loop
      vertex   -6.986180e+01 7.669616e+01 1.074302e+02
      vertex   -6.739559e+01 7.481615e+01 1.055502e+02
      vertex   -6.848398e+01 7.693320e+01 1.076672e+02
    endloop
  endfacet
  facet normal 7.898723e-09 -7.071068e-01 7.071067e-01
    outer loop
      vertex   -6.986180e+01 7.669616e+01 1.074302e+02
      vertex   -6.848398e+01 7.693320e+01 1.076672e+02
      vertex   -6.919298e+01 7.687307e+01 1.076071e+02
    endloop
  endfacet
  facet normal 1.757967e-10 -7.071068e-01 7.071068e-01
    outer loop
      vertex   -6.739559e+01 7.481615e+01 1.055502e+02
      vertex   -6.707207e+01 7.478602e+01 1.055200e+02
      vertex   -6.848398e+01 7.693320e+01 1.076672e+02
    endloop
  endfacet
  facet normal 6.431771e-10 -7.071068e-01 7.071068e-01
    outer loop
      vertex   -6.848398e+01 7.693320e+01 1.076672e+02
      vertex   -6.707207e+01 7.478602e+01 1.055200e+02
      vertex   -6.677060e+01 7.469770e+01 1.054317e+02
    endloop
  endfacet
  facet normal 1.581505e-09 -7.071068e-01 7.071068e-01
    outer loop
      vertex   -6.848398e+01 7.693320e+01 1.076672e+02
      vertex   -6.677060e+01 7.469770e+01 1.054317e+02
      vertex   -6.651173e+01 7.455722e+01 1.052912e+02
    endloop
  endfacet
  facet normal -8.176394e-11 -7.071068e-01 7.071068e-01
    outer loop
      vertex   -6.848398e+01 7.693320e+01 1.076672e+02
      vertex   -6.651173e+01 7.455722e+01 1.052912e+02
      vertex   -4.856250e+01 7.551458e+01 1.062486e+02
    endloop
  endfacet
  facet normal 4.896238e-14 -7.071068e-01 7.071068e-01
    outer loop
      vertex   -4.856250e+01 7.551458e+01 1.062486e+02
      vertex   -6.651173e+01 7.455722e+01 1.052912e+02
      vertex   -6.631310e+01 7.437415e+01 1.051082e+02
    endloop
  endfacet
  facet normal 4.390581e-14 -7.071068e-01 7.071068e-01
    outer loop
      vertex   -4.856250e+01 7.551458e+01 1.062486e+02
      vertex   -6.631310e+01 7.437415e+01 1.051082e+02
      vertex   -6.618825e+01 7.416097e+01 1.048950e+02
    endloop
  endfacet
  facet normal -1.029819e-13 -7.071068e-01 7.071068e-01
    outer loop
      vertex   1.292633e+02 7.416056e+01 1.048946e+02
      vertex   1.293058e+02 7.393179e+01 1.046658e+02
      vertex   1.322113e+02 7.510614e+01 1.058401e+02
    endloop
  endfacet
  facet normal -1.417788e-13 -7.071068e-01 7.071068e-01
    outer loop
      vertex   1.322113e+02 7.510614e+01 1.058401e+02
      vertex   1.293058e+02 7.393179e+01 1.046658e+02
      vertex   1.292632e+02 7.370303e+01 1.044370e+02
    endloop
  endfacet
  facet normal -1.600588e-13 -7.071068e-01 7.071068e-01
    outer loop
      vertex   1.322113e+02 7.510614e+01 1.058401e+02
      vertex   1.292632e+02 7.370303e+01 1.044370e+02
      vertex   1.291383e+02 7.348986e+01 1.042239e+02
    endloop
  endfacet
  facet normal -3.398356e-13 -7.071068e-01 7.071068e-01
    outer loop
      vertex   1.291383e+02 7.348986e+01 1.042239e+02
      vertex   1.289397e+02 7.330681e+01 1.040408e+02
      vertex   1.322113e+02 7.510614e+01 1.058401e+02
    endloop
  endfacet
  facet normal -1.342876e-11 -7.071068e-01 7.071068e-01
    outer loop
      vertex   1.322113e+02 7.510614e+01 1.058401e+02
      vertex   1.289397e+02 7.330681e+01 1.040408e+02
      vertex   1.369037e+02 1.962070e+00 3.269607e+01
    endloop
  endfacet
  facet normal 1.407499e-11 -7.071068e-01 7.071068e-01
    outer loop
      vertex   1.322113e+02 7.510614e+01 1.058401e+02
      vertex   1.369037e+02 1.962070e+00 3.269607e+01
      vertex   1.371626e+02 1.821604e+00 3.255560e+01
    endloop
  endfacet
  facet normal -1.323107e-11 -7.071068e-01 7.071068e-01
    outer loop
      vertex   1.289397e+02 7.330681e+01 1.040408e+02
      vertex   1.286808e+02 7.316636e+01 1.039004e+02
      vertex   1.369037e+02 1.962070e+00 3.269607e+01
    endloop
  endfacet
  facet normal 7.795626e-12 -7.071068e-01 7.071068e-01
    outer loop
      vertex   1.369037e+02 1.962070e+00 3.269607e+01
      vertex   1.286808e+02 7.316636e+01 1.039004e+02
      vertex   1.366022e+02 2.050370e+00 3.278437e+01
    endloop
  endfacet
  facet normal -7.320027e-12 -7.071068e-01 7.071068e-01
    outer loop
      vertex   1.366022e+02 2.050370e+00 3.278437e+01
      vertex   1.286808e+02 7.316636e+01 1.039004e+02
      vertex   1.283793e+02 7.307807e+01 1.038121e+02
    endloop
  endfacet
  facet normal 2.440867e-12 -7.071068e-01 7.071068e-01
    outer loop
      vertex   1.366022e+02 2.050370e+00 3.278437e+01
      vertex   1.283793e+02 7.307807e+01 1.038121e+02
      vertex   1.362787e+02 2.080487e+00 3.281449e+01
    endloop
  endfacet
  facet normal -2.355469e-12 -7.071068e-01 7.071068e-01
    outer loop
      vertex   1.362787e+02 2.080487e+00 3.281449e+01
      vertex   1.283793e+02 7.307807e+01 1.038121e+02
      vertex   1.280557e+02 7.304797e+01 1.037820e+02
    endloop
  endfacet
  facet normal -2.399440e-12 -7.071068e-01 7.071068e-01
    outer loop
      vertex   1.362787e+02 2.080487e+00 3.281449e+01
      vertex   1.280557e+02 7.304797e+01 1.037820e+02
      vertex   1.359552e+02 2.050370e+00 3.278437e+01
    endloop
  endfacet
  facet normal 2.404820e-12 -7.071068e-01 7.071068e-01
    outer loop
      vertex   1.359552e+02 2.050370e+00 3.278437e+01
      vertex   1.280557e+02 7.304797e+01 1.037820e+02
      vertex   1.277322e+02 7.307811e+01 1.038121e+02
    endloop
  endfacet
  facet normal 3.494059e-12 -7.071068e-01 7.071068e-01
    outer loop
      vertex   1.359552e+02 2.050370e+00 3.278437e+01
      vertex   1.277322e+02 7.307811e+01 1.038121e+02
      vertex   1.093175e+02 7.552268e+01 1.062567e+02
    endloop
  endfacet
  facet normal -2.824697e-14 -7.071068e-01 7.071068e-01
    outer loop
      vertex   1.093175e+02 7.552268e+01 1.062567e+02
      vertex   1.277322e+02 7.307811e+01 1.038121e+02
      vertex   1.274308e+02 7.316642e+01 1.039004e+02
    endloop
  endfacet
  facet normal 3.538574e-14 -7.071068e-01 7.071068e-01
    outer loop
      vertex   1.093175e+02 7.552268e+01 1.062567e+02
      vertex   1.274308e+02 7.316642e+01 1.039004e+02
      vertex   1.271719e+02 7.330690e+01 1.040409e+02
    endloop
  endfacet
  facet normal 4.510237e-15 -7.071068e-01 7.071068e-01
    outer loop
      vertex   1.271719e+02 7.330690e+01 1.040409e+02
      vertex   1.269733e+02 7.348997e+01 1.042240e+02
      vertex   1.093175e+02 7.552268e+01 1.062567e+02
    endloop
  endfacet
  facet normal 4.651991e-15 -7.071068e-01 7.071068e-01
    outer loop
      vertex   1.093175e+02 7.552268e+01 1.062567e+02
      vertex   1.269733e+02 7.348997e+01 1.042240e+02
      vertex   1.268484e+02 7.370315e+01 1.044372e+02
    endloop
  endfacet
  facet normal 1.604802e-14 -7.071068e-01 7.071068e-01
    outer loop
      vertex   1.093175e+02 7.552268e+01 1.062567e+02
      vertex   1.268484e+02 7.370315e+01 1.044372e+02
      vertex   1.268058e+02 7.393192e+01 1.046659e+02
    endloop
  endfacet
  facet normal 8.229648e-15 -7.071068e-01 7.071068e-01
    outer loop
      vertex   1.268058e+02 7.393192e+01 1.046659e+02
      vertex   1.268485e+02 7.416068e+01 1.048947e+02
      vertex   1.093175e+02 7.552268e+01 1.062567e+02
    endloop
  endfacet
  facet normal 1.261805e-14 -7.071068e-01 7.071068e-01
    outer loop
      vertex   1.093175e+02 7.552268e+01 1.062567e+02
      vertex   1.268485e+02 7.416068e+01 1.048947e+02
      vertex   1.269733e+02 7.437385e+01 1.051079e+02
    endloop
  endfacet
  facet normal 1.007370e-14 -7.071068e-01 7.071068e-01
    outer loop
      vertex   1.093175e+02 7.552268e+01 1.062567e+02
      vertex   1.269733e+02 7.437385e+01 1.051079e+02
      vertex   1.271720e+02 7.455690e+01 1.052909e+02
    endloop
  endfacet
  facet normal 6.141746e-15 -7.071068e-01 7.071068e-01
    outer loop
      vertex   1.271720e+02 7.455690e+01 1.052909e+02
      vertex   1.274309e+02 7.469735e+01 1.054314e+02
      vertex   1.093175e+02 7.552268e+01 1.062567e+02
    endloop
  endfacet
  facet normal 3.929686e-15 -7.071068e-01 7.071068e-01
    outer loop
      vertex   1.093175e+02 7.552268e+01 1.062567e+02
      vertex   1.274309e+02 7.469735e+01 1.054314e+02
      vertex   1.292405e+02 7.693320e+01 1.076672e+02
    endloop
  endfacet
  facet normal -5.966551e-15 -7.071068e-01 7.071068e-01
    outer loop
      vertex   1.093175e+02 7.552268e+01 1.062567e+02
      vertex   1.292405e+02 7.693320e+01 1.076672e+02
      vertex   3.037827e+01 7.693828e+01 1.076723e+02
    endloop
  endfacet
  facet normal 7.403022e-14 -7.071068e-01 7.071068e-01
    outer loop
      vertex   1.274309e+02 7.469735e+01 1.054314e+02
      vertex   1.277324e+02 7.478564e+01 1.055196e+02
      vertex   1.292405e+02 7.693320e+01 1.076672e+02
    endloop
  endfacet
  facet normal 4.061847e-14 -7.071068e-01 7.071068e-01
    outer loop
      vertex   1.292405e+02 7.693320e+01 1.076672e+02
      vertex   1.277324e+02 7.478564e+01 1.055196e+02
      vertex   1.280559e+02 7.481574e+01 1.055497e+02
    endloop
  endfacet
  facet normal -3.411870e-14 -7.071068e-01 7.071068e-01
    outer loop
      vertex   1.292405e+02 7.693320e+01 1.076672e+02
      vertex   1.280559e+02 7.481574e+01 1.055497e+02
      vertex   1.306183e+02 7.669616e+01 1.074302e+02
    endloop
  endfacet
  facet normal -6.305215e-14 -7.071068e-01 7.071068e-01
    outer loop
      vertex   1.306183e+02 7.669616e+01 1.074302e+02
      vertex   1.280559e+02 7.481574e+01 1.055497e+02
      vertex   1.312091e+02 7.641249e+01 1.071465e+02
    endloop
  endfacet
  facet normal -6.417980e-14 -7.071068e-01 7.071068e-01
    outer loop
      vertex   1.312091e+02 7.641249e+01 1.071465e+02
      vertex   1.280559e+02 7.481574e+01 1.055497e+02
      vertex   1.283794e+02 7.478561e+01 1.055196e+02
    endloop
  endfacet
  facet normal -4.760067e-14 -7.071068e-01 7.071068e-01
    outer loop
      vertex   1.312091e+02 7.641249e+01 1.071465e+02
      vertex   1.283794e+02 7.478561e+01 1.055196e+02
      vertex   1.316883e+02 7.603813e+01 1.067721e+02
    endloop
  endfacet
  facet normal -7.941348e-14 -7.071068e-01 7.071068e-01
    outer loop
      vertex   1.316883e+02 7.603813e+01 1.067721e+02
      vertex   1.283794e+02 7.478561e+01 1.055196e+02
      vertex   1.320288e+02 7.559430e+01 1.063283e+02
    endloop
  endfacet
  facet normal -2.357541e-14 -7.071068e-01 7.071068e-01
    outer loop
      vertex   1.320288e+02 7.559430e+01 1.063283e+02
      vertex   1.283794e+02 7.478561e+01 1.055196e+02
      vertex   1.286809e+02 7.469729e+01 1.054313e+02
    endloop
  endfacet
  facet normal -1.042639e-13 -7.071068e-01 7.071068e-01
    outer loop
      vertex   1.320288e+02 7.559430e+01 1.063283e+02
      vertex   1.286809e+02 7.469729e+01 1.054313e+02
      vertex   1.322113e+02 7.510614e+01 1.058401e+02
    endloop
  endfacet
  facet normal -9.630719e-14 -7.071068e-01 7.071068e-01
    outer loop
      vertex   1.322113e+02 7.510614e+01 1.058401e+02
      vertex   1.286809e+02 7.469729e+01 1.054313e+02
      vertex   1.289398e+02 7.455681e+01 1.052908e+02
    endloop
  endfacet
  facet normal -7.977696e-14 -7.071068e-01 7.071068e-01
    outer loop
      vertex   1.322113e+02 7.510614e+01 1.058401e+02
      vertex   1.289398e+02 7.455681e+01 1.052908e+02
      vertex   1.291384e+02 7.437374e+01 1.051077e+02
    endloop
  endfacet
  facet normal -9.866596e-14 -7.071068e-01 7.071068e-01
    outer loop
      vertex   1.291384e+02 7.437374e+01 1.051077e+02
      vertex   1.292633e+02 7.416056e+01 1.048946e+02
      vertex   1.322113e+02 7.510614e+01 1.058401e+02
    endloop
  endfacet
  facet normal -1.113291e-11 -7.071068e-01 7.071068e-01
    outer loop
      vertex   1.359552e+02 3.428382e-01 3.107684e+01
      vertex   1.263838e+02 -1.411091e+01 1.662309e+01
      vertex   1.362787e+02 3.127206e-01 3.104672e+01
    endloop
  endfacet
  facet normal -4.860467e-14 -7.071068e-01 7.071068e-01
    outer loop
      vertex   1.362787e+02 3.127206e-01 3.104672e+01
      vertex   1.263838e+02 -1.411091e+01 1.662309e+01
      vertex   1.498854e+02 -1.411862e+01 1.661537e+01
    endloop
  endfacet
  facet normal 1.087330e-11 -7.071068e-01 7.071068e-01
    outer loop
      vertex   1.362787e+02 3.127206e-01 3.104672e+01
      vertex   1.498854e+02 -1.411862e+01 1.661537e+01
      vertex   1.366022e+02 3.428382e-01 3.107684e+01
    endloop
  endfacet
  facet normal 2.927801e-11 -7.071068e-01 7.071068e-01
    outer loop
      vertex   1.366022e+02 3.428382e-01 3.107684e+01
      vertex   1.498854e+02 -1.411862e+01 1.661537e+01
      vertex   1.369037e+02 4.311385e-01 3.116514e+01
    endloop
  endfacet
  facet normal 4.610855e-11 -7.071068e-01 7.071068e-01
    outer loop
      vertex   1.369037e+02 4.311385e-01 3.116514e+01
      vertex   1.498854e+02 -1.411862e+01 1.661537e+01
      vertex   1.371626e+02 5.716040e-01 3.130560e+01
    endloop
  endfacet
  facet normal 6.401868e-11 -7.071068e-01 7.071068e-01
    outer loop
      vertex   1.371626e+02 5.716040e-01 3.130560e+01
      vertex   1.498854e+02 -1.411862e+01 1.661537e+01
      vertex   1.373612e+02 7.546623e-01 3.148866e+01
    endloop
  endfacet
  facet normal 8.640755e-11 -7.071068e-01 7.071068e-01
    outer loop
      vertex   1.373612e+02 7.546623e-01 3.148866e+01
      vertex   1.498854e+02 -1.411862e+01 1.661537e+01
      vertex   1.374861e+02 9.678382e-01 3.170184e+01
    endloop
  endfacet
  facet normal 1.206524e-10 -7.071068e-01 7.071068e-01
    outer loop
      vertex   1.374861e+02 9.678382e-01 3.170184e+01
      vertex   1.498854e+02 -1.411862e+01 1.661537e+01
      vertex   1.375287e+02 1.196604e+00 3.193060e+01
    endloop
  endfacet
  facet normal 1.930737e-10 -7.071068e-01 7.071068e-01
    outer loop
      vertex   1.375287e+02 1.196604e+00 3.193060e+01
      vertex   1.498854e+02 -1.411862e+01 1.661537e+01
      vertex   1.374861e+02 1.425370e+00 3.215937e+01
    endloop
  endfacet
  facet normal 5.570371e-10 -7.071068e-01 7.071068e-01
    outer loop
      vertex   1.374861e+02 1.425370e+00 3.215937e+01
      vertex   1.498854e+02 -1.411862e+01 1.661537e+01
      vertex   1.373612e+02 1.638546e+00 3.237254e+01
    endloop
  endfacet
  facet normal 1.951565e-10 -7.071068e-01 7.071068e-01
    outer loop
      vertex   1.373612e+02 1.638546e+00 3.237254e+01
      vertex   1.498854e+02 -1.411862e+01 1.661537e+01
      vertex   1.322113e+02 7.510614e+01 1.058401e+02
    endloop
  endfacet
  facet normal 2.457783e-11 -7.071068e-01 7.071068e-01
    outer loop
      vertex   1.373612e+02 1.638546e+00 3.237254e+01
      vertex   1.322113e+02 7.510614e+01 1.058401e+02
      vertex   1.371626e+02 1.821604e+00 3.255560e+01
    endloop
  endfacet
  facet normal -3.115491e-11 -7.071068e-01 7.071068e-01
    outer loop
      vertex   1.359552e+02 3.428382e-01 3.107684e+01
      vertex   1.356537e+02 4.311385e-01 3.116514e+01
      vertex   1.263838e+02 -1.411091e+01 1.662309e+01
    endloop
  endfacet
  facet normal -5.088155e-11 -7.071068e-01 7.071068e-01
    outer loop
      vertex   1.263838e+02 -1.411091e+01 1.662309e+01
      vertex   1.356537e+02 4.311385e-01 3.116514e+01
      vertex   1.353948e+02 5.716040e-01 3.130560e+01
    endloop
  endfacet
  facet normal -7.358080e-11 -7.071068e-01 7.071068e-01
    outer loop
      vertex   1.263838e+02 -1.411091e+01 1.662309e+01
      vertex   1.353948e+02 5.716040e-01 3.130560e+01
      vertex   1.351961e+02 7.546623e-01 3.148866e+01
    endloop
  endfacet
  facet normal -1.047427e-10 -7.071068e-01 7.071068e-01
    outer loop
      vertex   1.351961e+02 7.546623e-01 3.148866e+01
      vertex   1.350713e+02 9.678382e-01 3.170184e+01
      vertex   1.263838e+02 -1.411091e+01 1.662309e+01
    endloop
  endfacet
  facet normal -1.596524e-10 -7.071068e-01 7.071068e-01
    outer loop
      vertex   1.263838e+02 -1.411091e+01 1.662309e+01
      vertex   1.350713e+02 9.678382e-01 3.170184e+01
      vertex   1.350287e+02 1.196604e+00 3.193060e+01
    endloop
  endfacet
  facet normal -3.166917e-10 -7.071068e-01 7.071068e-01
    outer loop
      vertex   1.263838e+02 -1.411091e+01 1.662309e+01
      vertex   1.350287e+02 1.196604e+00 3.193060e+01
      vertex   1.350713e+02 1.425370e+00 3.215937e+01
    endloop
  endfacet
  facet normal -1.575862e-10 -7.071068e-01 7.071068e-01
    outer loop
      vertex   1.263838e+02 -1.411091e+01 1.662309e+01
      vertex   1.350713e+02 1.425370e+00 3.215937e+01
      vertex   1.093175e+02 7.552268e+01 1.062567e+02
    endloop
  endfacet
  facet normal -2.656537e-11 -7.071068e-01 7.071068e-01
    outer loop
      vertex   1.093175e+02 7.552268e+01 1.062567e+02
      vertex   1.350713e+02 1.425370e+00 3.215937e+01
      vertex   1.351961e+02 1.638546e+00 3.237254e+01
    endloop
  endfacet
  facet normal -1.732472e-11 -7.071068e-01 7.071068e-01
    outer loop
      vertex   1.093175e+02 7.552268e+01 1.062567e+02
      vertex   1.351961e+02 1.638546e+00 3.237254e+01
      vertex   1.353948e+02 1.821604e+00 3.255560e+01
    endloop
  endfacet
  facet normal -1.133645e-11 -7.071068e-01 7.071068e-01
    outer loop
      vertex   1.353948e+02 1.821604e+00 3.255560e+01
      vertex   1.356537e+02 1.962070e+00 3.269607e+01
      vertex   1.093175e+02 7.552268e+01 1.062567e+02
    endloop
  endfacet
  facet normal -6.587985e-12 -7.071068e-01 7.071068e-01
    outer loop
      vertex   1.093175e+02 7.552268e+01 1.062567e+02
      vertex   1.356537e+02 1.962070e+00 3.269607e+01
      vertex   1.359552e+02 2.050370e+00 3.278437e+01
    endloop
  endfacet
  facet normal -6.202659e-15 -7.071068e-01 7.071068e-01
    outer loop
      vertex   -7.594262e+01 3.428382e-01 3.107684e+01
      vertex   -8.912860e+01 -1.411721e+01 1.661679e+01
      vertex   -7.561910e+01 3.127206e-01 3.104672e+01
    endloop
  endfacet
  facet normal -5.513012e-15 -7.071068e-01 7.071068e-01
    outer loop
      vertex   -7.561910e+01 3.127206e-01 3.104672e+01
      vertex   -8.912860e+01 -1.411721e+01 1.661679e+01
      vertex   -6.562694e+01 -1.410949e+01 1.662450e+01
    endloop
  endfacet
  facet normal -3.714329e-16 -7.071068e-01 7.071068e-01
    outer loop
      vertex   -7.561910e+01 3.127206e-01 3.104672e+01
      vertex   -6.562694e+01 -1.410949e+01 1.662450e+01
      vertex   -7.529558e+01 3.428382e-01 3.107684e+01
    endloop
  endfacet
  facet normal -7.442513e-15 -7.071068e-01 7.071068e-01
    outer loop
      vertex   -7.529558e+01 3.428382e-01 3.107684e+01
      vertex   -6.562694e+01 -1.410949e+01 1.662450e+01
      vertex   -7.499410e+01 4.311385e-01 3.116514e+01
    endloop
  endfacet
  facet normal -1.242452e-14 -7.071068e-01 7.071068e-01
    outer loop
      vertex   -7.499410e+01 4.311385e-01 3.116514e+01
      vertex   -6.562694e+01 -1.410949e+01 1.662450e+01
      vertex   -7.473522e+01 5.716040e-01 3.130560e+01
    endloop
  endfacet
  facet normal -8.220881e-16 -7.071068e-01 7.071068e-01
    outer loop
      vertex   -7.473522e+01 5.716040e-01 3.130560e+01
      vertex   -6.562694e+01 -1.410949e+01 1.662450e+01
      vertex   -7.453657e+01 7.546623e-01 3.148866e+01
    endloop
  endfacet
  facet normal 3.344636e-16 -7.071068e-01 7.071068e-01
    outer loop
      vertex   -7.453657e+01 7.546623e-01 3.148866e+01
      vertex   -6.562694e+01 -1.410949e+01 1.662450e+01
      vertex   -7.441169e+01 9.678382e-01 3.170184e+01
    endloop
  endfacet
  facet normal -2.368310e-15 -7.071068e-01 7.071068e-01
    outer loop
      vertex   -7.441169e+01 9.678382e-01 3.170184e+01
      vertex   -6.562694e+01 -1.410949e+01 1.662450e+01
      vertex   -7.436910e+01 1.196604e+00 3.193060e+01
    endloop
  endfacet
  facet normal 3.471028e-14 -7.071068e-01 7.071068e-01
    outer loop
      vertex   -7.436910e+01 1.196604e+00 3.193060e+01
      vertex   -6.562694e+01 -1.410949e+01 1.662450e+01
      vertex   -7.441169e+01 1.425370e+00 3.215937e+01
    endloop
  endfacet
  facet normal -4.583082e-15 -7.071068e-01 7.071068e-01
    outer loop
      vertex   -7.441169e+01 1.425370e+00 3.215937e+01
      vertex   -6.562694e+01 -1.410949e+01 1.662450e+01
      vertex   -4.856250e+01 7.551458e+01 1.062486e+02
    endloop
  endfacet
  facet normal 3.913970e-15 -7.071068e-01 7.071068e-01
    outer loop
      vertex   -7.441169e+01 1.425370e+00 3.215937e+01
      vertex   -4.856250e+01 7.551458e+01 1.062486e+02
      vertex   -7.453657e+01 1.638546e+00 3.237254e+01
    endloop
  endfacet
  facet normal 4.783784e-15 -7.071068e-01 7.071068e-01
    outer loop
      vertex   -7.453657e+01 1.638546e+00 3.237254e+01
      vertex   -4.856250e+01 7.551458e+01 1.062486e+02
      vertex   -7.473522e+01 1.821604e+00 3.255560e+01
    endloop
  endfacet
  facet normal -9.273887e-15 -7.071068e-01 7.071068e-01
    outer loop
      vertex   -7.473522e+01 1.821604e+00 3.255560e+01
      vertex   -4.856250e+01 7.551458e+01 1.062486e+02
      vertex   -7.499410e+01 1.962070e+00 3.269607e+01
    endloop
  endfacet
  facet normal -1.417092e-14 -7.071068e-01 7.071068e-01
    outer loop
      vertex   -7.499410e+01 1.962070e+00 3.269607e+01
      vertex   -4.856250e+01 7.551458e+01 1.062486e+02
      vertex   -7.529558e+01 2.050370e+00 3.278437e+01
    endloop
  endfacet
  facet normal -1.290482e-14 -7.071068e-01 7.071068e-01
    outer loop
      vertex   -7.594262e+01 3.428382e-01 3.107684e+01
      vertex   -7.624410e+01 4.311385e-01 3.116514e+01
      vertex   -8.912860e+01 -1.411721e+01 1.661679e+01
    endloop
  endfacet
  facet normal -3.604130e-15 -7.071068e-01 7.071068e-01
    outer loop
      vertex   -8.912860e+01 -1.411721e+01 1.661679e+01
      vertex   -7.624410e+01 4.311385e-01 3.116514e+01
      vertex   -7.650298e+01 5.716040e-01 3.130560e+01
    endloop
  endfacet
  facet normal -3.843313e-15 -7.071068e-01 7.071068e-01
    outer loop
      vertex   -8.912860e+01 -1.411721e+01 1.661679e+01
      vertex   -7.650298e+01 5.716040e-01 3.130560e+01
      vertex   -7.670163e+01 7.546623e-01 3.148866e+01
    endloop
  endfacet
  facet normal -5.574794e-16 -7.071068e-01 7.071068e-01
    outer loop
      vertex   -7.670163e+01 7.546623e-01 3.148866e+01
      vertex   -7.682651e+01 9.678382e-01 3.170184e+01
      vertex   -8.912860e+01 -1.411721e+01 1.661679e+01
    endloop
  endfacet
  facet normal -1.744138e-14 -7.071068e-01 7.071068e-01
    outer loop
      vertex   -8.912860e+01 -1.411721e+01 1.661679e+01
      vertex   -7.682651e+01 9.678382e-01 3.170184e+01
      vertex   -7.686910e+01 1.196604e+00 3.193060e+01
    endloop
  endfacet
  facet normal -1.867510e-14 -7.071068e-01 7.071068e-01
    outer loop
      vertex   -8.912860e+01 -1.411721e+01 1.661679e+01
      vertex   -7.686910e+01 1.196604e+00 3.193060e+01
      vertex   -7.682651e+01 1.425370e+00 3.215937e+01
    endloop
  endfacet
  facet normal 1.289943e-14 -7.071068e-01 7.071068e-01
    outer loop
      vertex   -7.682651e+01 1.425370e+00 3.215937e+01
      vertex   -7.670163e+01 1.638546e+00 3.237254e+01
      vertex   -8.912860e+01 -1.411721e+01 1.661679e+01
    endloop
  endfacet
  facet normal -7.437203e-11 -7.071068e-01 7.071068e-01
    outer loop
      vertex   -8.912860e+01 -1.411721e+01 1.661679e+01
      vertex   -7.670163e+01 1.638546e+00 3.237254e+01
      vertex   -7.145476e+01 7.510614e+01 1.058401e+02
    endloop
  endfacet
  facet normal -5.268946e-11 -7.071068e-01 7.071068e-01
    outer loop
      vertex   -7.145476e+01 7.510614e+01 1.058401e+02
      vertex   -7.670163e+01 1.638546e+00 3.237254e+01
      vertex   -7.650298e+01 1.821604e+00 3.255560e+01
    endloop
  endfacet
  facet normal -3.014294e-11 -7.071068e-01 7.071068e-01
    outer loop
      vertex   -7.145476e+01 7.510614e+01 1.058401e+02
      vertex   -7.650298e+01 1.821604e+00 3.255560e+01
      vertex   -7.624410e+01 1.962070e+00 3.269607e+01
    endloop
  endfacet
  facet normal -3.860052e-11 -7.071068e-01 7.071068e-01
    outer loop
      vertex   -6.848398e+01 7.693320e+01 1.076672e+02
      vertex   -4.856250e+01 7.551458e+01 1.062486e+02
      vertex   3.037827e+01 7.693828e+01 1.076723e+02
    endloop
  endfacet
  facet normal -6.213588e-15 -7.071068e-01 7.071068e-01
    outer loop
      vertex   3.037827e+01 7.693828e+01 1.076723e+02
      vertex   -4.856250e+01 7.551458e+01 1.062486e+02
      vertex   1.093175e+02 7.552268e+01 1.062567e+02
    endloop
  endfacet
  facet normal -4.024741e-14 -7.071068e-01 7.071068e-01
    outer loop
      vertex   1.306183e+02 7.669616e+01 1.074302e+02
      vertex   1.299495e+02 7.687307e+01 1.076071e+02
      vertex   1.292405e+02 7.693320e+01 1.076672e+02
    endloop
  endfacet
  facet normal -4.642689e-04 -7.071067e-01 -7.071067e-01
    outer loop
      vertex   1.498854e+02 -1.411862e+01 1.661537e+01
      vertex   1.263838e+02 -1.411091e+01 1.662309e+01
      vertex   1.498842e+02 -1.315590e+01 1.565265e+01
    endloop
  endfacet
  facet normal -4.642689e-04 -7.071067e-01 -7.071067e-01
    outer loop
      vertex   1.498842e+02 -1.315590e+01 1.565265e+01
      vertex   1.263838e+02 -1.411091e+01 1.662309e+01
      vertex   1.253953e+02 -1.042060e+01 1.293343e+01
    endloop
  endfacet
  facet normal -4.642689e-04 -7.071067e-01 -7.071067e-01
    outer loop
      vertex   1.253953e+02 -1.042060e+01 1.293343e+01
      vertex   1.263838e+02 -1.411091e+01 1.662309e+01
      vertex   1.253997e+02 -1.400099e+01 1.651382e+01
    endloop
  endfacet
  facet normal 9.999996e-01 6.636821e-04 -5.610180e-04
    outer loop
      vertex   1.253997e+02 -1.400099e+01 1.651382e+01
      vertex   1.253997e+02 -1.400676e+01 1.650780e+01
      vertex   1.253953e+02 -1.042060e+01 1.293343e+01
    endloop
  endfacet
  facet normal 9.999996e-01 6.636821e-04 -5.610180e-04
    outer loop
      vertex   1.253953e+02 -1.042060e+01 1.293343e+01
      vertex   1.253997e+02 -1.400676e+01 1.650780e+01
      vertex   1.253953e+02 -1.042637e+01 1.292741e+01
    endloop
  endfacet
  facet normal -4.642688e-04 -7.071067e-01 -7.071067e-01
    outer loop
      vertex   1.164637e+02 -1.396397e+01 1.647087e+01
      vertex   1.119292e+02 -1.396272e+01 1.647260e+01
      vertex   1.166747e+02 -1.303222e+01 1.553899e+01
    endloop
  endfacet
  facet normal -4.642688e-04 -7.071067e-01 -7.071067e-01
    outer loop
      vertex   1.166747e+02 -1.303222e+01 1.553899e+01
      vertex   1.119292e+02 -1.396272e+01 1.647260e+01
      vertex   1.119292e+02 -8.922263e+00 1.143214e+01
    endloop
  endfacet
  facet normal -4.642688e-04 -7.071067e-01 -7.071067e-01
    outer loop
      vertex   1.166747e+02 -1.303222e+01 1.553899e+01
      vertex   1.119292e+02 -8.922263e+00 1.143214e+01
      vertex   1.253953e+02 -1.042637e+01 1.292741e+01
    endloop
  endfacet
  facet normal -4.642688e-04 -7.071067e-01 -7.071067e-01
    outer loop
      vertex   1.253953e+02 -1.042637e+01 1.292741e+01
      vertex   1.253997e+02 -1.400676e+01 1.650780e+01
      vertex   1.166747e+02 -1.303222e+01 1.553899e+01
    endloop
  endfacet
  facet normal 7.517375e-05 -7.071068e-01 7.071068e-01
    outer loop
      vertex   1.164637e+02 -1.396397e+01 1.647087e+01
      vertex   1.155147e+02 -8.488943e+00 2.194600e+01
      vertex   1.119292e+02 -1.396272e+01 1.647260e+01
    endloop
  endfacet
  facet normal 7.517375e-05 -7.071068e-01 7.071068e-01
    outer loop
      vertex   1.119292e+02 -1.396272e+01 1.647260e+01
      vertex   1.155147e+02 -8.488943e+00 2.194600e+01
      vertex   1.108916e+02 -7.990865e+00 2.244457e+01
    endloop
  endfacet
endsolid
