solid ASCII
  facet normal 9.773185e-01 -2.117746e-01 3.564112e-14
    outer loop
      vertex   -4.062085e+01 -1.587854e+01 1.616138e+01
      vertex   -4.068701e+01 -1.618388e+01 1.646672e+01
      vertex   -4.068701e+01 -1.618388e+01 1.616138e+01
    endloop
  endfacet
  facet normal 3.286072e-14 -1.163522e-14 1.000000e+00
    outer loop
      vertex   -4.018839e+01 -1.587854e+01 1.616138e+01
      vertex   -4.062085e+01 -1.587854e+01 1.616138e+01
      vertex   -4.018839e+01 -1.618388e+01 1.616138e+01
    endloop
  endfacet
  facet normal 8.290179e-28 -5.817610e-14 1.000000e+00
    outer loop
      vertex   -4.018839e+01 -1.618388e+01 1.616138e+01
      vertex   -4.062085e+01 -1.587854e+01 1.616138e+01
      vertex   -4.068701e+01 -1.618388e+01 1.616138e+01
    endloop
  endfacet
  facet normal -1.000000e+00 -1.396227e-13 -2.094340e-13
    outer loop
      vertex   -4.018839e+01 -1.618388e+01 1.646672e+01
      vertex   -4.018839e+01 -1.587854e+01 1.616138e+01
      vertex   -4.018839e+01 -1.618388e+01 1.616138e+01
    endloop
  endfacet
  facet normal -2.850029e-14 1.000000e+00 4.654088e-14
    outer loop
      vertex   -4.068701e+01 -1.618388e+01 1.646672e+01
      vertex   -4.018839e+01 -1.618388e+01 1.646672e+01
      vertex   -4.068701e+01 -1.618388e+01 1.616138e+01
    endloop
  endfacet
  facet normal -1.425015e-14 1.000000e+00 2.327044e-14
    outer loop
      vertex   -4.068701e+01 -1.618388e+01 1.616138e+01
      vertex   -4.018839e+01 -1.618388e+01 1.646672e+01
      vertex   -4.018839e+01 -1.618388e+01 1.616138e+01
    endloop
  endfacet
  facet normal -1.742703e-14 -7.071068e-01 -7.071068e-01
    outer loop
      vertex   -4.018839e+01 -1.587854e+01 1.616138e+01
      vertex   -4.018839e+01 -1.618388e+01 1.646672e+01
      vertex   -4.062085e+01 -1.587854e+01 1.616138e+01
    endloop
  endfacet
  facet normal 5.027399e-15 -7.071068e-01 -7.071068e-01
    outer loop
      vertex   -4.062085e+01 -1.587854e+01 1.616138e+01
      vertex   -4.018839e+01 -1.618388e+01 1.646672e+01
      vertex   -4.068701e+01 -1.618388e+01 1.646672e+01
    endloop
  endfacet
  facet normal -9.773185e-01 -2.117746e-01 1.315277e-13
    outer loop
      vertex   1.013466e+02 -1.618388e+01 1.646672e+01
      vertex   1.012804e+02 -1.587854e+01 1.616138e+01
      vertex   1.013466e+02 -1.618388e+01 1.616138e+01
    endloop
  endfacet
  facet normal -3.286072e-14 -1.163522e-14 1.000000e+00
    outer loop
      vertex   1.008480e+02 -1.587854e+01 1.616138e+01
      vertex   1.008480e+02 -1.618388e+01 1.616138e+01
      vertex   1.012804e+02 -1.587854e+01 1.616138e+01
    endloop
  endfacet
  facet normal 0.000000e+00 -5.817610e-14 1.000000e+00
    outer loop
      vertex   1.012804e+02 -1.587854e+01 1.616138e+01
      vertex   1.008480e+02 -1.618388e+01 1.616138e+01
      vertex   1.013466e+02 -1.618388e+01 1.616138e+01
    endloop
  endfacet
  facet normal 1.000000e+00 1.624540e-27 -1.396227e-13
    outer loop
      vertex   1.008480e+02 -1.587854e+01 1.616138e+01
      vertex   1.008480e+02 -1.618388e+01 1.646672e+01
      vertex   1.008480e+02 -1.618388e+01 1.616138e+01
    endloop
  endfacet
  facet normal -3.316072e-28 1.000000e+00 2.327044e-14
    outer loop
      vertex   1.008480e+02 -1.618388e+01 1.646672e+01
      vertex   1.013466e+02 -1.618388e+01 1.646672e+01
      vertex   1.008480e+02 -1.618388e+01 1.616138e+01
    endloop
  endfacet
  facet normal -0.000000e+00 1.000000e+00 2.327044e-14
    outer loop
      vertex   1.008480e+02 -1.618388e+01 1.616138e+01
      vertex   1.013466e+02 -1.618388e+01 1.646672e+01
      vertex   1.013466e+02 -1.618388e+01 1.616138e+01
    endloop
  endfacet
  facet normal 2.904505e-14 -7.071068e-01 -7.071068e-01
    outer loop
      vertex   1.008480e+02 -1.587854e+01 1.616138e+01
      vertex   1.012804e+02 -1.587854e+01 1.616138e+01
      vertex   1.008480e+02 -1.618388e+01 1.646672e+01
    endloop
  endfacet
  facet normal 1.007637e-14 -7.071068e-01 -7.071068e-01
    outer loop
      vertex   1.008480e+02 -1.618388e+01 1.646672e+01
      vertex   1.012804e+02 -1.587854e+01 1.616138e+01
      vertex   1.013466e+02 -1.618388e+01 1.646672e+01
    endloop
  endfacet
  facet normal -9.893115e-04 5.071277e-07 -9.999995e-01
    outer loop
      vertex   -8.339037e+01 -4.511167e-01 3.028288e+01
      vertex   -6.739597e+01 -4.669401e-01 3.026706e+01
      vertex   -8.339596e+01 -6.107968e+00 3.028288e+01
    endloop
  endfacet
  facet normal -9.893115e-04 5.071277e-07 -9.999995e-01
    outer loop
      vertex   -8.339596e+01 -6.107968e+00 3.028288e+01
      vertex   -6.739597e+01 -4.669401e-01 3.026706e+01
      vertex   -6.739597e+01 -6.123797e+00 3.026706e+01
    endloop
  endfacet
  facet normal -2.031130e-09 7.071058e-01 -7.071078e-01
    outer loop
      vertex   -8.339037e+01 -4.511167e-01 3.028288e+01
      vertex   -7.561910e+01 1.359448e-01 3.086994e+01
      vertex   -6.739597e+01 -4.669401e-01 3.026706e+01
    endloop
  endfacet
  facet normal 1.468785e-06 7.071158e-01 -7.070978e-01
    outer loop
      vertex   -6.739597e+01 -4.669401e-01 3.026706e+01
      vertex   -7.561910e+01 1.359448e-01 3.086994e+01
      vertex   -7.523087e+01 1.720850e-01 3.090608e+01
    endloop
  endfacet
  facet normal 7.803342e-15 7.071068e-01 -7.071068e-01
    outer loop
      vertex   -6.739597e+01 -4.669401e-01 3.026706e+01
      vertex   -7.523087e+01 1.720850e-01 3.090608e+01
      vertex   -7.486910e+01 2.780454e-01 3.101204e+01
    endloop
  endfacet
  facet normal -1.785620e-06 7.071072e-01 -7.071064e-01
    outer loop
      vertex   -8.339597e+01 -3.282618e+00 2.745138e+01
      vertex   -8.937696e+01 -1.481922e+01 1.591478e+01
      vertex   -8.339037e+01 -4.511167e-01 3.028288e+01
    endloop
  endfacet
  facet normal 1.313356e-14 7.071068e-01 -7.071068e-01
    outer loop
      vertex   -8.339037e+01 -4.511167e-01 3.028288e+01
      vertex   -8.937696e+01 -1.481922e+01 1.591478e+01
      vertex   -7.150286e+01 7.511118e+01 1.058452e+02
    endloop
  endfacet
  facet normal 0.000000e+00 7.071068e-01 -7.071068e-01
    outer loop
      vertex   -8.339037e+01 -4.511167e-01 3.028288e+01
      vertex   -7.150286e+01 7.511118e+01 1.058452e+02
      vertex   -7.158369e+01 5.572773e+01 8.646173e+01
    endloop
  endfacet
  facet normal 1.951826e-13 7.071068e-01 -7.071068e-01
    outer loop
      vertex   -7.158369e+01 5.572773e+01 8.646173e+01
      vertex   -7.150286e+01 7.511118e+01 1.058452e+02
      vertex   -7.153258e+01 5.600225e+01 8.673625e+01
    endloop
  endfacet
  facet normal -1.187513e-14 7.071068e-01 -7.071068e-01
    outer loop
      vertex   -7.153258e+01 5.600225e+01 8.673625e+01
      vertex   -7.150286e+01 7.511118e+01 1.058452e+02
      vertex   -7.138273e+01 5.625806e+01 8.699206e+01
    endloop
  endfacet
  facet normal 9.447179e-15 7.071068e-01 -7.071068e-01
    outer loop
      vertex   -7.138273e+01 5.625806e+01 8.699206e+01
      vertex   -7.150286e+01 7.511118e+01 1.058452e+02
      vertex   -7.114435e+01 5.647773e+01 8.721173e+01
    endloop
  endfacet
  facet normal -4.872310e-07 7.071068e-01 -7.071068e-01
    outer loop
      vertex   -7.114435e+01 5.647773e+01 8.721173e+01
      vertex   -7.150286e+01 7.511118e+01 1.058452e+02
      vertex   -6.739597e+01 7.110364e+01 1.018376e+02
    endloop
  endfacet
  facet normal 8.460276e-08 7.071067e-01 -7.071068e-01
    outer loop
      vertex   -7.114435e+01 5.647773e+01 8.721173e+01
      vertex   -6.739597e+01 7.110364e+01 1.018376e+02
      vertex   -7.083369e+01 5.664629e+01 8.738029e+01
    endloop
  endfacet
  facet normal 4.275524e-08 7.071067e-01 -7.071068e-01
    outer loop
      vertex   -7.083369e+01 5.664629e+01 8.738029e+01
      vertex   -6.739597e+01 7.110364e+01 1.018376e+02
      vertex   -7.047192e+01 5.675225e+01 8.748625e+01
    endloop
  endfacet
  facet normal 1.299542e-08 7.071067e-01 -7.071068e-01
    outer loop
      vertex   -7.047192e+01 5.675225e+01 8.748625e+01
      vertex   -6.739597e+01 7.110364e+01 1.018376e+02
      vertex   -7.008369e+01 5.678839e+01 8.752239e+01
    endloop
  endfacet
  facet normal -1.254896e-08 7.071067e-01 -7.071068e-01
    outer loop
      vertex   -7.008369e+01 5.678839e+01 8.752239e+01
      vertex   -6.739597e+01 7.110364e+01 1.018376e+02
      vertex   -6.969546e+01 5.675225e+01 8.748625e+01
    endloop
  endfacet
  facet normal -3.827500e-08 7.071067e-01 -7.071068e-01
    outer loop
      vertex   -6.969546e+01 5.675225e+01 8.748625e+01
      vertex   -6.739597e+01 7.110364e+01 1.018376e+02
      vertex   -6.933369e+01 5.664629e+01 8.738029e+01
    endloop
  endfacet
  facet normal -6.869206e-08 7.071067e-01 -7.071068e-01
    outer loop
      vertex   -6.933369e+01 5.664629e+01 8.738029e+01
      vertex   -6.739597e+01 7.110364e+01 1.018376e+02
      vertex   -6.902303e+01 5.647773e+01 8.721173e+01
    endloop
  endfacet
  facet normal -1.122057e-07 7.071067e-01 -7.071068e-01
    outer loop
      vertex   -6.902303e+01 5.647773e+01 8.721173e+01
      vertex   -6.739597e+01 7.110364e+01 1.018376e+02
      vertex   -6.878465e+01 5.625806e+01 8.699206e+01
    endloop
  endfacet
  facet normal -1.946886e-07 7.071067e-01 -7.071068e-01
    outer loop
      vertex   -6.878465e+01 5.625806e+01 8.699206e+01
      vertex   -6.739597e+01 7.110364e+01 1.018376e+02
      vertex   -6.863480e+01 5.600225e+01 8.673625e+01
    endloop
  endfacet
  facet normal -4.847423e-07 7.071068e-01 -7.071068e-01
    outer loop
      vertex   -6.863480e+01 5.600225e+01 8.673625e+01
      vertex   -6.739597e+01 7.110364e+01 1.018376e+02
      vertex   -6.858369e+01 5.572773e+01 8.646173e+01
    endloop
  endfacet
  facet normal -1.297968e-06 7.071068e-01 -7.071068e-01
    outer loop
      vertex   -6.858369e+01 5.572773e+01 8.646173e+01
      vertex   -6.739597e+01 7.110364e+01 1.018376e+02
      vertex   -6.739597e+01 -4.669401e-01 3.026706e+01
    endloop
  endfacet
  facet normal -1.763403e-13 7.071068e-01 -7.071068e-01
    outer loop
      vertex   -6.858369e+01 5.572773e+01 8.646173e+01
      vertex   -6.739597e+01 -4.669401e-01 3.026706e+01
      vertex   -6.863480e+01 5.545321e+01 8.618721e+01
    endloop
  endfacet
  facet normal 5.387356e-14 7.071068e-01 -7.071068e-01
    outer loop
      vertex   -6.863480e+01 5.545321e+01 8.618721e+01
      vertex   -6.739597e+01 -4.669401e-01 3.026706e+01
      vertex   -6.878465e+01 5.519740e+01 8.593140e+01
    endloop
  endfacet
  facet normal 9.993662e-15 7.071068e-01 -7.071068e-01
    outer loop
      vertex   -6.878465e+01 5.519740e+01 8.593140e+01
      vertex   -6.739597e+01 -4.669401e-01 3.026706e+01
      vertex   -6.902303e+01 5.497773e+01 8.571173e+01
    endloop
  endfacet
  facet normal 1.392551e-14 7.071068e-01 -7.071068e-01
    outer loop
      vertex   -6.902303e+01 5.497773e+01 8.571173e+01
      vertex   -6.739597e+01 -4.669401e-01 3.026706e+01
      vertex   -6.933369e+01 5.480917e+01 8.554317e+01
    endloop
  endfacet
  facet normal 6.303727e-15 7.071068e-01 -7.071068e-01
    outer loop
      vertex   -6.933369e+01 5.480917e+01 8.554317e+01
      vertex   -6.739597e+01 -4.669401e-01 3.026706e+01
      vertex   -7.486910e+01 2.115163e+00 3.284916e+01
    endloop
  endfacet
  facet normal 1.597570e-15 7.071068e-01 -7.071068e-01
    outer loop
      vertex   -6.933369e+01 5.480917e+01 8.554317e+01
      vertex   -7.486910e+01 2.115163e+00 3.284916e+01
      vertex   -6.969546e+01 5.470321e+01 8.543721e+01
    endloop
  endfacet
  facet normal 1.642845e-14 7.071068e-01 -7.071068e-01
    outer loop
      vertex   -6.969546e+01 5.470321e+01 8.543721e+01
      vertex   -7.486910e+01 2.115163e+00 3.284916e+01
      vertex   -7.523087e+01 2.221123e+00 3.295512e+01
    endloop
  endfacet
  facet normal 4.839473e-06 7.071066e-01 -7.071070e-01
    outer loop
      vertex   -6.969546e+01 5.470321e+01 8.543721e+01
      vertex   -7.523087e+01 2.221123e+00 3.295512e+01
      vertex   -7.008369e+01 5.466707e+01 8.540107e+01
    endloop
  endfacet
  facet normal -3.272304e-09 7.071068e-01 -7.071068e-01
    outer loop
      vertex   -7.008369e+01 5.466707e+01 8.540107e+01
      vertex   -7.523087e+01 2.221123e+00 3.295512e+01
      vertex   -7.561910e+01 2.257264e+00 3.299126e+01
    endloop
  endfacet
  facet normal -4.748571e-06 7.071070e-01 -7.071065e-01
    outer loop
      vertex   -7.008369e+01 5.466707e+01 8.540107e+01
      vertex   -7.561910e+01 2.257264e+00 3.299126e+01
      vertex   -7.047192e+01 5.470321e+01 8.543721e+01
    endloop
  endfacet
  facet normal 0.000000e+00 7.071068e-01 -7.071068e-01
    outer loop
      vertex   -7.047192e+01 5.470321e+01 8.543721e+01
      vertex   -7.561910e+01 2.257264e+00 3.299126e+01
      vertex   -7.600733e+01 2.221123e+00 3.295512e+01
    endloop
  endfacet
  facet normal -1.443907e-15 7.071068e-01 -7.071068e-01
    outer loop
      vertex   -7.047192e+01 5.470321e+01 8.543721e+01
      vertex   -7.600733e+01 2.221123e+00 3.295512e+01
      vertex   -7.083369e+01 5.480917e+01 8.554317e+01
    endloop
  endfacet
  facet normal 1.740331e-14 7.071068e-01 -7.071068e-01
    outer loop
      vertex   -7.083369e+01 5.480917e+01 8.554317e+01
      vertex   -7.600733e+01 2.221123e+00 3.295512e+01
      vertex   -7.636910e+01 2.115163e+00 3.284916e+01
    endloop
  endfacet
  facet normal 6.326739e-15 7.071068e-01 -7.071068e-01
    outer loop
      vertex   -7.083369e+01 5.480917e+01 8.554317e+01
      vertex   -7.636910e+01 2.115163e+00 3.284916e+01
      vertex   -8.339037e+01 -4.511167e-01 3.028288e+01
    endloop
  endfacet
  facet normal 3.577128e-14 7.071068e-01 -7.071068e-01
    outer loop
      vertex   -8.339037e+01 -4.511167e-01 3.028288e+01
      vertex   -7.636910e+01 2.115163e+00 3.284916e+01
      vertex   -7.667976e+01 1.946604e+00 3.268060e+01
    endloop
  endfacet
  facet normal -1.391688e-15 7.071068e-01 -7.071068e-01
    outer loop
      vertex   -8.339037e+01 -4.511167e-01 3.028288e+01
      vertex   -7.667976e+01 1.946604e+00 3.268060e+01
      vertex   -7.691814e+01 1.726934e+00 3.246093e+01
    endloop
  endfacet
  facet normal -3.506072e-07 7.071068e-01 -7.071068e-01
    outer loop
      vertex   -8.339597e+01 -3.282618e+00 2.745138e+01
      vertex   -8.339597e+01 -3.284499e+00 2.744950e+01
      vertex   -8.937696e+01 -1.481922e+01 1.591478e+01
    endloop
  endfacet
  facet normal -1.035407e-07 7.071067e-01 -7.071068e-01
    outer loop
      vertex   -8.937696e+01 -1.481922e+01 1.591478e+01
      vertex   -8.339597e+01 -3.284499e+00 2.744950e+01
      vertex   -8.339597e+01 -1.481922e+01 1.591478e+01
    endloop
  endfacet
  facet normal 3.370758e-13 7.071068e-01 -7.071068e-01
    outer loop
      vertex   -7.132010e+01 7.559915e+01 1.063332e+02
      vertex   -6.814558e+01 7.485086e+01 1.055849e+02
      vertex   -7.150286e+01 7.511118e+01 1.058452e+02
    endloop
  endfacet
  facet normal 3.070087e-13 7.071068e-01 -7.071068e-01
    outer loop
      vertex   -7.150286e+01 7.511118e+01 1.058452e+02
      vertex   -6.814558e+01 7.485086e+01 1.055849e+02
      vertex   -6.845626e+01 7.468232e+01 1.054163e+02
    endloop
  endfacet
  facet normal 3.153623e-13 7.071068e-01 -7.071068e-01
    outer loop
      vertex   -7.150286e+01 7.511118e+01 1.058452e+02
      vertex   -6.845626e+01 7.468232e+01 1.054163e+02
      vertex   -6.869466e+01 7.446266e+01 1.051967e+02
    endloop
  endfacet
  facet normal 1.872797e-13 7.071068e-01 -7.071068e-01
    outer loop
      vertex   -6.814558e+01 7.485086e+01 1.055849e+02
      vertex   -7.132010e+01 7.559915e+01 1.063332e+02
      vertex   -6.778380e+01 7.495681e+01 1.056908e+02
    endloop
  endfacet
  facet normal 2.769806e-13 7.071068e-01 -7.071068e-01
    outer loop
      vertex   -6.778380e+01 7.495681e+01 1.056908e+02
      vertex   -7.132010e+01 7.559915e+01 1.063332e+02
      vertex   -7.097946e+01 7.604277e+01 1.067768e+02
    endloop
  endfacet
  facet normal 2.592896e-13 7.071068e-01 -7.071068e-01
    outer loop
      vertex   -6.778380e+01 7.495681e+01 1.056908e+02
      vertex   -7.097946e+01 7.604277e+01 1.067768e+02
      vertex   -7.050024e+01 7.641693e+01 1.071509e+02
    endloop
  endfacet
  facet normal 2.158384e-13 7.071068e-01 -7.071068e-01
    outer loop
      vertex   -7.050024e+01 7.641693e+01 1.071509e+02
      vertex   -6.990956e+01 7.670042e+01 1.074344e+02
      vertex   -6.778380e+01 7.495681e+01 1.056908e+02
    endloop
  endfacet
  facet normal 1.270967e-13 7.071068e-01 -7.071068e-01
    outer loop
      vertex   -6.778380e+01 7.495681e+01 1.056908e+02
      vertex   -6.990956e+01 7.670042e+01 1.074344e+02
      vertex   -6.924088e+01 7.687720e+01 1.076112e+02
    endloop
  endfacet
  facet normal 8.084949e-14 7.071068e-01 -7.071068e-01
    outer loop
      vertex   -6.778380e+01 7.495681e+01 1.056908e+02
      vertex   -6.924088e+01 7.687720e+01 1.076112e+02
      vertex   -6.853206e+01 7.693727e+01 1.076713e+02
    endloop
  endfacet
  facet normal 6.200209e-15 7.071068e-01 -7.071068e-01
    outer loop
      vertex   1.291916e+02 7.693727e+01 1.076713e+02
      vertex   3.032979e+01 7.499272e+01 1.057267e+02
      vertex   -6.853206e+01 7.693727e+01 1.076713e+02
    endloop
  endfacet
  facet normal 7.400816e-15 7.071068e-01 -7.071068e-01
    outer loop
      vertex   -6.853206e+01 7.693727e+01 1.076713e+02
      vertex   3.032979e+01 7.499272e+01 1.057267e+02
      vertex   2.994156e+01 7.495658e+01 1.056906e+02
    endloop
  endfacet
  facet normal 3.660926e-15 7.071068e-01 -7.071068e-01
    outer loop
      vertex   -6.853206e+01 7.693727e+01 1.076713e+02
      vertex   2.994156e+01 7.495658e+01 1.056906e+02
      vertex   2.957979e+01 7.485062e+01 1.055846e+02
    endloop
  endfacet
  facet normal -9.190028e-15 7.071068e-01 -7.071068e-01
    outer loop
      vertex   1.299005e+02 7.687720e+01 1.076112e+02
      vertex   1.284442e+02 7.495636e+01 1.056904e+02
      vertex   1.291916e+02 7.693727e+01 1.076713e+02
    endloop
  endfacet
  facet normal 2.366773e-14 7.071068e-01 -7.071068e-01
    outer loop
      vertex   1.291916e+02 7.693727e+01 1.076713e+02
      vertex   1.284442e+02 7.495636e+01 1.056904e+02
      vertex   1.280559e+02 7.499252e+01 1.057265e+02
    endloop
  endfacet
  facet normal 7.036912e-15 7.071068e-01 -7.071068e-01
    outer loop
      vertex   1.291916e+02 7.693727e+01 1.076713e+02
      vertex   1.280559e+02 7.499252e+01 1.057265e+02
      vertex   1.276677e+02 7.495640e+01 1.056904e+02
    endloop
  endfacet
  facet normal -1.494350e-14 7.071068e-01 -7.071068e-01
    outer loop
      vertex   1.299005e+02 7.687720e+01 1.076112e+02
      vertex   1.305691e+02 7.670042e+01 1.074344e+02
      vertex   1.284442e+02 7.495636e+01 1.056904e+02
    endloop
  endfacet
  facet normal 3.462173e-15 7.071068e-01 -7.071068e-01
    outer loop
      vertex   1.284442e+02 7.495636e+01 1.056904e+02
      vertex   1.305691e+02 7.670042e+01 1.074344e+02
      vertex   1.311598e+02 7.641693e+01 1.071509e+02
    endloop
  endfacet
  facet normal -6.404771e-16 7.071068e-01 -7.071068e-01
    outer loop
      vertex   1.284442e+02 7.495636e+01 1.056904e+02
      vertex   1.311598e+02 7.641693e+01 1.071509e+02
      vertex   1.316390e+02 7.604277e+01 1.067768e+02
    endloop
  endfacet
  facet normal -9.223457e-15 7.071068e-01 -7.071068e-01
    outer loop
      vertex   1.316390e+02 7.604277e+01 1.067768e+02
      vertex   1.319797e+02 7.559915e+01 1.063332e+02
      vertex   1.284442e+02 7.495636e+01 1.056904e+02
    endloop
  endfacet
  facet normal -8.419608e-15 7.071068e-01 -7.071068e-01
    outer loop
      vertex   1.284442e+02 7.495636e+01 1.056904e+02
      vertex   1.319797e+02 7.559915e+01 1.063332e+02
      vertex   1.288059e+02 7.485038e+01 1.055844e+02
    endloop
  endfacet
  facet normal -7.952680e-15 7.071068e-01 -7.071068e-01
    outer loop
      vertex   1.288059e+02 7.485038e+01 1.055844e+02
      vertex   1.319797e+02 7.559915e+01 1.063332e+02
      vertex   1.321624e+02 7.511118e+01 1.058452e+02
    endloop
  endfacet
  facet normal -6.371757e-15 7.071068e-01 -7.071068e-01
    outer loop
      vertex   1.288059e+02 7.485038e+01 1.055844e+02
      vertex   1.321624e+02 7.511118e+01 1.058452e+02
      vertex   1.291166e+02 7.468180e+01 1.054158e+02
    endloop
  endfacet
  facet normal -1.217307e-14 7.071068e-01 -7.071068e-01
    outer loop
      vertex   1.291166e+02 7.468180e+01 1.054158e+02
      vertex   1.321624e+02 7.511118e+01 1.058452e+02
      vertex   1.293549e+02 7.446212e+01 1.051961e+02
    endloop
  endfacet
  facet normal 8.905023e-16 7.071068e-01 -7.071068e-01
    outer loop
      vertex   1.293549e+02 7.446212e+01 1.051961e+02
      vertex   1.321624e+02 7.511118e+01 1.058452e+02
      vertex   1.295048e+02 7.420630e+01 1.049403e+02
    endloop
  endfacet
  facet normal -3.791399e-12 7.071068e-01 -7.071068e-01
    outer loop
      vertex   1.295048e+02 7.420630e+01 1.049403e+02
      vertex   1.321624e+02 7.511118e+01 1.058452e+02
      vertex   1.295558e+02 7.393178e+01 1.046658e+02
    endloop
  endfacet
  facet normal 7.172850e-12 7.071068e-01 -7.071068e-01
    outer loop
      vertex   1.295558e+02 7.393178e+01 1.046658e+02
      vertex   1.321624e+02 7.511118e+01 1.058452e+02
      vertex   1.295047e+02 7.365726e+01 1.043913e+02
    endloop
  endfacet
  facet normal -1.082525e-13 7.071068e-01 -7.071068e-01
    outer loop
      vertex   1.295047e+02 7.365726e+01 1.043913e+02
      vertex   1.321624e+02 7.511118e+01 1.058452e+02
      vertex   1.293548e+02 7.340146e+01 1.041355e+02
    endloop
  endfacet
  facet normal -7.935931e-07 7.071075e-01 -7.071061e-01
    outer loop
      vertex   1.293548e+02 7.340146e+01 1.041355e+02
      vertex   1.321624e+02 7.511118e+01 1.058452e+02
      vertex   1.280555e+02 7.110364e+01 1.018376e+02
    endloop
  endfacet
  facet normal -1.643571e-06 7.071077e-01 -7.071059e-01
    outer loop
      vertex   1.293548e+02 7.340146e+01 1.041355e+02
      vertex   1.280555e+02 7.110364e+01 1.018376e+02
      vertex   1.291164e+02 7.318180e+01 1.039158e+02
    endloop
  endfacet
  facet normal -7.088628e-07 7.071075e-01 -7.071061e-01
    outer loop
      vertex   1.291164e+02 7.318180e+01 1.039158e+02
      vertex   1.280555e+02 7.110364e+01 1.018376e+02
      vertex   1.288057e+02 7.301326e+01 1.037473e+02
    endloop
  endfacet
  facet normal -3.402248e-07 7.071074e-01 -7.071062e-01
    outer loop
      vertex   1.288057e+02 7.301326e+01 1.037473e+02
      vertex   1.280555e+02 7.110364e+01 1.018376e+02
      vertex   1.284440e+02 7.290732e+01 1.036413e+02
    endloop
  endfacet
  facet normal -1.033517e-07 7.071074e-01 -7.071062e-01
    outer loop
      vertex   1.284440e+02 7.290732e+01 1.036413e+02
      vertex   1.280555e+02 7.110364e+01 1.018376e+02
      vertex   1.280557e+02 7.287120e+01 1.036052e+02
    endloop
  endfacet
  facet normal 1.034658e-07 7.071074e-01 -7.071062e-01
    outer loop
      vertex   1.280557e+02 7.287120e+01 1.036052e+02
      vertex   1.280555e+02 7.110364e+01 1.018376e+02
      vertex   1.276675e+02 7.290736e+01 1.036414e+02
    endloop
  endfacet
  facet normal -4.908601e-07 7.071073e-01 -7.071063e-01
    outer loop
      vertex   1.276675e+02 7.290736e+01 1.036414e+02
      vertex   1.280555e+02 7.110364e+01 1.018376e+02
      vertex   1.240555e+02 7.110363e+01 1.018376e+02
    endloop
  endfacet
  facet normal -3.205602e-14 7.071068e-01 -7.071068e-01
    outer loop
      vertex   1.276675e+02 7.290736e+01 1.036414e+02
      vertex   1.240555e+02 7.110363e+01 1.018376e+02
      vertex   1.273057e+02 7.301334e+01 1.037473e+02
    endloop
  endfacet
  facet normal 3.511993e-14 7.071068e-01 -7.071068e-01
    outer loop
      vertex   1.273057e+02 7.301334e+01 1.037473e+02
      vertex   1.240555e+02 7.110363e+01 1.018376e+02
      vertex   1.269951e+02 7.318191e+01 1.039159e+02
    endloop
  endfacet
  facet normal 2.785422e-14 7.071068e-01 -7.071068e-01
    outer loop
      vertex   1.269951e+02 7.318191e+01 1.039159e+02
      vertex   1.240555e+02 7.110363e+01 1.018376e+02
      vertex   1.240555e+02 7.393206e+01 1.046661e+02
    endloop
  endfacet
  facet normal 4.816544e-14 7.071068e-01 -7.071068e-01
    outer loop
      vertex   1.269951e+02 7.318191e+01 1.039159e+02
      vertex   1.240555e+02 7.393206e+01 1.046661e+02
      vertex   1.267567e+02 7.340159e+01 1.041356e+02
    endloop
  endfacet
  facet normal 3.594417e-14 7.071068e-01 -7.071068e-01
    outer loop
      vertex   1.267567e+02 7.340159e+01 1.041356e+02
      vertex   1.240555e+02 7.393206e+01 1.046661e+02
      vertex   1.266069e+02 7.365741e+01 1.043914e+02
    endloop
  endfacet
  facet normal 2.835078e-14 7.071068e-01 -7.071068e-01
    outer loop
      vertex   1.266069e+02 7.365741e+01 1.043914e+02
      vertex   1.240555e+02 7.393206e+01 1.046661e+02
      vertex   1.265558e+02 7.393193e+01 1.046659e+02
    endloop
  endfacet
  facet normal 2.836053e-14 7.071068e-01 -7.071068e-01
    outer loop
      vertex   1.265558e+02 7.393193e+01 1.046659e+02
      vertex   1.240555e+02 7.393206e+01 1.046661e+02
      vertex   1.266070e+02 7.420645e+01 1.049405e+02
    endloop
  endfacet
  facet normal 3.291139e-14 7.071068e-01 -7.071068e-01
    outer loop
      vertex   1.266070e+02 7.420645e+01 1.049405e+02
      vertex   1.240555e+02 7.393206e+01 1.046661e+02
      vertex   1.267569e+02 7.446225e+01 1.051963e+02
    endloop
  endfacet
  facet normal 5.722276e-14 7.071068e-01 -7.071068e-01
    outer loop
      vertex   1.267569e+02 7.446225e+01 1.051963e+02
      vertex   1.240555e+02 7.393206e+01 1.046661e+02
      vertex   1.269953e+02 7.468191e+01 1.054159e+02
    endloop
  endfacet
  facet normal 2.115848e-14 7.071068e-01 -7.071068e-01
    outer loop
      vertex   1.269953e+02 7.468191e+01 1.054159e+02
      vertex   1.240555e+02 7.393206e+01 1.046661e+02
      vertex   1.273059e+02 7.485045e+01 1.055845e+02
    endloop
  endfacet
  facet normal 4.622196e-14 7.071068e-01 -7.071068e-01
    outer loop
      vertex   1.273059e+02 7.485045e+01 1.055845e+02
      vertex   1.240555e+02 7.393206e+01 1.046661e+02
      vertex   1.291916e+02 7.693727e+01 1.076713e+02
    endloop
  endfacet
  facet normal -3.510249e-14 7.071068e-01 -7.071068e-01
    outer loop
      vertex   1.273059e+02 7.485045e+01 1.055845e+02
      vertex   1.291916e+02 7.693727e+01 1.076713e+02
      vertex   1.276677e+02 7.495640e+01 1.056904e+02
    endloop
  endfacet
  facet normal 1.142049e-15 7.071068e-01 -7.071068e-01
    outer loop
      vertex   1.500365e+02 -1.481922e+01 1.591478e+01
      vertex   1.440499e+02 -4.511167e-01 3.028288e+01
      vertex   1.321624e+02 7.511118e+01 1.058452e+02
    endloop
  endfacet
  facet normal 9.317795e-15 7.071068e-01 -7.071068e-01
    outer loop
      vertex   1.321624e+02 7.511118e+01 1.058452e+02
      vertex   1.440499e+02 -4.511167e-01 3.028288e+01
      vertex   1.322433e+02 5.572773e+01 8.646173e+01
    endloop
  endfacet
  facet normal 0.000000e+00 7.071068e-01 -7.071068e-01
    outer loop
      vertex   1.321624e+02 7.511118e+01 1.058452e+02
      vertex   1.322433e+02 5.572773e+01 8.646173e+01
      vertex   1.321922e+02 5.600225e+01 8.673625e+01
    endloop
  endfacet
  facet normal 1.035412e-07 7.071067e-01 -7.071068e-01
    outer loop
      vertex   1.440555e+02 -1.481922e+01 1.591478e+01
      vertex   1.440555e+02 -3.284499e+00 2.744950e+01
      vertex   1.500365e+02 -1.481922e+01 1.591478e+01
    endloop
  endfacet
  facet normal 3.506078e-07 7.071068e-01 -7.071068e-01
    outer loop
      vertex   1.500365e+02 -1.481922e+01 1.591478e+01
      vertex   1.440555e+02 -3.284499e+00 2.744950e+01
      vertex   1.440555e+02 -3.282618e+00 2.745138e+01
    endloop
  endfacet
  facet normal 1.785622e-06 7.071072e-01 -7.071064e-01
    outer loop
      vertex   1.500365e+02 -1.481922e+01 1.591478e+01
      vertex   1.440555e+02 -3.282618e+00 2.745138e+01
      vertex   1.440499e+02 -4.511167e-01 3.028288e+01
    endloop
  endfacet
  facet normal 2.031147e-09 7.071058e-01 -7.071078e-01
    outer loop
      vertex   1.280555e+02 -4.669401e-01 3.026706e+01
      vertex   1.362787e+02 1.359448e-01 3.086994e+01
      vertex   1.440499e+02 -4.511167e-01 3.028288e+01
    endloop
  endfacet
  facet normal 1.495692e-06 7.071157e-01 -7.070979e-01
    outer loop
      vertex   1.440499e+02 -4.511167e-01 3.028288e+01
      vertex   1.362787e+02 1.359448e-01 3.086994e+01
      vertex   1.366669e+02 1.720850e-01 3.090608e+01
    endloop
  endfacet
  facet normal 3.739183e-15 7.071068e-01 -7.071068e-01
    outer loop
      vertex   1.440499e+02 -4.511167e-01 3.028288e+01
      vertex   1.366669e+02 1.720850e-01 3.090608e+01
      vertex   1.370287e+02 2.780454e-01 3.101204e+01
    endloop
  endfacet
  facet normal 1.297969e-06 7.071068e-01 -7.071068e-01
    outer loop
      vertex   1.280555e+02 7.110364e+01 1.018376e+02
      vertex   1.292433e+02 5.572773e+01 8.646173e+01
      vertex   1.280555e+02 -4.669401e-01 3.026706e+01
    endloop
  endfacet
  facet normal -1.005415e-13 7.071068e-01 -7.071068e-01
    outer loop
      vertex   1.280555e+02 -4.669401e-01 3.026706e+01
      vertex   1.292433e+02 5.572773e+01 8.646173e+01
      vertex   1.292944e+02 5.545321e+01 8.618721e+01
    endloop
  endfacet
  facet normal 7.394977e-14 7.071068e-01 -7.071068e-01
    outer loop
      vertex   1.280555e+02 -4.669401e-01 3.026706e+01
      vertex   1.292944e+02 5.545321e+01 8.618721e+01
      vertex   1.294442e+02 5.519740e+01 8.593140e+01
    endloop
  endfacet
  facet normal 6.692189e-15 7.071068e-01 -7.071068e-01
    outer loop
      vertex   1.240555e+02 7.393206e+01 1.046661e+02
      vertex   3.432979e+01 7.393206e+01 1.046661e+02
      vertex   1.291916e+02 7.693727e+01 1.076713e+02
    endloop
  endfacet
  facet normal 5.657988e-15 7.071068e-01 -7.071068e-01
    outer loop
      vertex   1.291916e+02 7.693727e+01 1.076713e+02
      vertex   3.432979e+01 7.393206e+01 1.046661e+02
      vertex   3.107979e+01 7.485062e+01 1.055846e+02
    endloop
  endfacet
  facet normal 5.801141e-15 7.071068e-01 -7.071068e-01
    outer loop
      vertex   1.291916e+02 7.693727e+01 1.076713e+02
      vertex   3.107979e+01 7.485062e+01 1.055846e+02
      vertex   3.071802e+01 7.495658e+01 1.056906e+02
    endloop
  endfacet
  facet normal 2.983974e-09 7.071068e-01 -7.071068e-01
    outer loop
      vertex   3.432950e+01 7.110343e+01 1.018374e+02
      vertex   3.139045e+01 7.318206e+01 1.039161e+02
      vertex   3.432979e+01 7.393206e+01 1.046661e+02
    endloop
  endfacet
  facet normal -1.530073e-14 7.071068e-01 -7.071068e-01
    outer loop
      vertex   3.432979e+01 7.393206e+01 1.046661e+02
      vertex   3.139045e+01 7.318206e+01 1.039161e+02
      vertex   3.162883e+01 7.340173e+01 1.041357e+02
    endloop
  endfacet
  facet normal -7.639069e-15 7.071068e-01 -7.071068e-01
    outer loop
      vertex   3.432979e+01 7.393206e+01 1.046661e+02
      vertex   3.162883e+01 7.340173e+01 1.041357e+02
      vertex   3.177868e+01 7.365754e+01 1.043915e+02
    endloop
  endfacet
  facet normal -1.980442e-11 7.071068e-01 -7.071068e-01
    outer loop
      vertex   2.632950e+01 7.110384e+01 1.018378e+02
      vertex   3.032979e+01 7.287140e+01 1.036054e+02
      vertex   3.432950e+01 7.110343e+01 1.018374e+02
    endloop
  endfacet
  facet normal 1.438757e-09 7.071068e-01 -7.071068e-01
    outer loop
      vertex   3.432950e+01 7.110343e+01 1.018374e+02
      vertex   3.032979e+01 7.287140e+01 1.036054e+02
      vertex   3.071802e+01 7.290754e+01 1.036415e+02
    endloop
  endfacet
  facet normal 3.385341e-09 7.071068e-01 -7.071068e-01
    outer loop
      vertex   3.432950e+01 7.110343e+01 1.018374e+02
      vertex   3.071802e+01 7.290754e+01 1.036415e+02
      vertex   3.107979e+01 7.301350e+01 1.037475e+02
    endloop
  endfacet
  facet normal -2.997836e-09 7.071068e-01 -7.071068e-01
    outer loop
      vertex   2.632979e+01 7.393206e+01 1.046661e+02
      vertex   2.926913e+01 7.318206e+01 1.039161e+02
      vertex   2.632950e+01 7.110384e+01 1.018378e+02
    endloop
  endfacet
  facet normal -4.908418e-09 7.071068e-01 -7.071068e-01
    outer loop
      vertex   2.632950e+01 7.110384e+01 1.018378e+02
      vertex   2.926913e+01 7.318206e+01 1.039161e+02
      vertex   2.957979e+01 7.301350e+01 1.037475e+02
    endloop
  endfacet
  facet normal -3.401084e-09 7.071068e-01 -7.071068e-01
    outer loop
      vertex   2.632950e+01 7.110384e+01 1.018378e+02
      vertex   2.957979e+01 7.301350e+01 1.037475e+02
      vertex   2.994156e+01 7.290754e+01 1.036415e+02
    endloop
  endfacet
  facet normal 3.374725e-06 7.071601e-01 -7.070535e-01
    outer loop
      vertex   -6.339597e+01 7.393228e+01 1.046659e+02
      vertex   -6.853206e+01 7.693727e+01 1.076713e+02
      vertex   2.632979e+01 7.393206e+01 1.046661e+02
    endloop
  endfacet
  facet normal 7.336584e-15 7.071068e-01 -7.071068e-01
    outer loop
      vertex   2.632979e+01 7.393206e+01 1.046661e+02
      vertex   -6.853206e+01 7.693727e+01 1.076713e+02
      vertex   2.957979e+01 7.485062e+01 1.055846e+02
    endloop
  endfacet
  facet normal 4.516652e-14 7.071068e-01 -7.071068e-01
    outer loop
      vertex   2.632979e+01 7.393206e+01 1.046661e+02
      vertex   2.957979e+01 7.485062e+01 1.055846e+02
      vertex   2.926913e+01 7.468206e+01 1.054161e+02
    endloop
  endfacet
  facet normal -7.571094e-05 7.070533e-01 -7.071603e-01
    outer loop
      vertex   -6.339597e+01 7.110363e+01 1.018376e+02
      vertex   -6.633509e+01 7.318221e+01 1.039162e+02
      vertex   -6.339597e+01 7.393228e+01 1.046659e+02
    endloop
  endfacet
  facet normal -1.424743e-04 7.071841e-01 -7.070294e-01
    outer loop
      vertex   -6.339597e+01 7.393228e+01 1.046659e+02
      vertex   -6.633509e+01 7.318221e+01 1.039162e+02
      vertex   -6.609669e+01 7.340187e+01 1.041359e+02
    endloop
  endfacet
  facet normal -1.266901e-04 7.071439e-01 -7.070696e-01
    outer loop
      vertex   -6.339597e+01 7.393228e+01 1.046659e+02
      vertex   -6.609669e+01 7.340187e+01 1.041359e+02
      vertex   -6.594682e+01 7.365767e+01 1.043917e+02
    endloop
  endfacet
  facet normal 4.908595e-07 7.071073e-01 -7.071063e-01
    outer loop
      vertex   -6.739597e+01 7.110364e+01 1.018376e+02
      vertex   -6.700755e+01 7.290773e+01 1.036417e+02
      vertex   -6.339597e+01 7.110363e+01 1.018376e+02
    endloop
  endfacet
  facet normal -1.343661e-13 7.071068e-01 -7.071068e-01
    outer loop
      vertex   -6.339597e+01 7.110363e+01 1.018376e+02
      vertex   -6.700755e+01 7.290773e+01 1.036417e+02
      vertex   -6.664577e+01 7.301367e+01 1.037477e+02
    endloop
  endfacet
  facet normal -1.618062e-13 7.071068e-01 -7.071068e-01
    outer loop
      vertex   -6.339597e+01 7.110363e+01 1.018376e+02
      vertex   -6.664577e+01 7.301367e+01 1.037477e+02
      vertex   -6.633509e+01 7.318221e+01 1.039162e+02
    endloop
  endfacet
  facet normal -1.211328e-04 7.071181e-01 -7.070955e-01
    outer loop
      vertex   -6.594682e+01 7.365767e+01 1.043917e+02
      vertex   -6.589568e+01 7.393219e+01 1.046662e+02
      vertex   -6.339597e+01 7.393228e+01 1.046659e+02
    endloop
  endfacet
  facet normal -1.211351e-04 7.070955e-01 -7.071180e-01
    outer loop
      vertex   -6.339597e+01 7.393228e+01 1.046659e+02
      vertex   -6.589568e+01 7.393219e+01 1.046662e+02
      vertex   -6.594676e+01 7.420671e+01 1.049407e+02
    endloop
  endfacet
  facet normal -1.266977e-04 7.070697e-01 -7.071439e-01
    outer loop
      vertex   -6.339597e+01 7.393228e+01 1.046659e+02
      vertex   -6.594676e+01 7.420671e+01 1.049407e+02
      vertex   -6.609659e+01 7.446253e+01 1.051965e+02
    endloop
  endfacet
  facet normal -1.424901e-04 7.070295e-01 -7.071840e-01
    outer loop
      vertex   -6.609659e+01 7.446253e+01 1.051965e+02
      vertex   -6.633494e+01 7.468221e+01 1.054162e+02
      vertex   -6.339597e+01 7.393228e+01 1.046659e+02
    endloop
  endfacet
  facet normal -1.945235e-04 7.069275e-01 -7.072860e-01
    outer loop
      vertex   -6.339597e+01 7.393228e+01 1.046659e+02
      vertex   -6.633494e+01 7.468221e+01 1.054162e+02
      vertex   -6.664558e+01 7.485079e+01 1.055848e+02
    endloop
  endfacet
  facet normal -1.251779e-04 7.070502e-01 -7.071633e-01
    outer loop
      vertex   -6.339597e+01 7.393228e+01 1.046659e+02
      vertex   -6.664558e+01 7.485079e+01 1.055848e+02
      vertex   -6.853206e+01 7.693727e+01 1.076713e+02
    endloop
  endfacet
  facet normal -2.580608e-13 7.071068e-01 -7.071068e-01
    outer loop
      vertex   -6.853206e+01 7.693727e+01 1.076713e+02
      vertex   -6.664558e+01 7.485079e+01 1.055848e+02
      vertex   -6.700734e+01 7.495677e+01 1.056908e+02
    endloop
  endfacet
  facet normal -4.399598e-16 7.071068e-01 -7.071068e-01
    outer loop
      vertex   -6.853206e+01 7.693727e+01 1.076713e+02
      vertex   -6.700734e+01 7.495677e+01 1.056908e+02
      vertex   -6.739557e+01 7.499293e+01 1.057269e+02
    endloop
  endfacet
  facet normal 3.023179e-14 7.071068e-01 -7.071068e-01
    outer loop
      vertex   -6.739557e+01 7.499293e+01 1.057269e+02
      vertex   -6.778380e+01 7.495681e+01 1.056908e+02
      vertex   -6.853206e+01 7.693727e+01 1.076713e+02
    endloop
  endfacet
  facet normal 3.812152e-13 7.071068e-01 -7.071068e-01
    outer loop
      vertex   -6.869466e+01 7.446266e+01 1.051967e+02
      vertex   -6.884454e+01 7.420686e+01 1.049409e+02
      vertex   -7.150286e+01 7.511118e+01 1.058452e+02
    endloop
  endfacet
  facet normal 4.147795e-13 7.071068e-01 -7.071068e-01
    outer loop
      vertex   -7.150286e+01 7.511118e+01 1.058452e+02
      vertex   -6.884454e+01 7.420686e+01 1.049409e+02
      vertex   -6.889568e+01 7.393234e+01 1.046663e+02
    endloop
  endfacet
  facet normal 4.869483e-13 7.071068e-01 -7.071068e-01
    outer loop
      vertex   -7.150286e+01 7.511118e+01 1.058452e+02
      vertex   -6.889568e+01 7.393234e+01 1.046663e+02
      vertex   -6.884459e+01 7.365782e+01 1.043918e+02
    endloop
  endfacet
  facet normal 5.968249e-13 7.071068e-01 -7.071068e-01
    outer loop
      vertex   -6.884459e+01 7.365782e+01 1.043918e+02
      vertex   -6.869477e+01 7.340200e+01 1.041360e+02
      vertex   -7.150286e+01 7.511118e+01 1.058452e+02
    endloop
  endfacet
  facet normal 7.925678e-07 7.071075e-01 -7.071061e-01
    outer loop
      vertex   -7.150286e+01 7.511118e+01 1.058452e+02
      vertex   -6.869477e+01 7.340200e+01 1.041360e+02
      vertex   -6.739597e+01 7.110364e+01 1.018376e+02
    endloop
  endfacet
  facet normal 1.643140e-06 7.071077e-01 -7.071059e-01
    outer loop
      vertex   -6.869477e+01 7.340200e+01 1.041360e+02
      vertex   -6.845642e+01 7.318232e+01 1.039163e+02
      vertex   -6.739597e+01 7.110364e+01 1.018376e+02
    endloop
  endfacet
  facet normal 7.088027e-07 7.071075e-01 -7.071061e-01
    outer loop
      vertex   -6.739597e+01 7.110364e+01 1.018376e+02
      vertex   -6.845642e+01 7.318232e+01 1.039163e+02
      vertex   -6.814577e+01 7.301375e+01 1.037478e+02
    endloop
  endfacet
  facet normal 3.402612e-07 7.071074e-01 -7.071062e-01
    outer loop
      vertex   -6.739597e+01 7.110364e+01 1.018376e+02
      vertex   -6.814577e+01 7.301375e+01 1.037478e+02
      vertex   -6.778401e+01 7.290777e+01 1.036418e+02
    endloop
  endfacet
  facet normal 1.034417e-07 7.071074e-01 -7.071062e-01
    outer loop
      vertex   -6.778401e+01 7.290777e+01 1.036418e+02
      vertex   -6.739579e+01 7.287161e+01 1.036056e+02
      vertex   -6.739597e+01 7.110364e+01 1.018376e+02
    endloop
  endfacet
  facet normal -1.033276e-07 7.071074e-01 -7.071062e-01
    outer loop
      vertex   -6.739597e+01 7.110364e+01 1.018376e+02
      vertex   -6.739579e+01 7.287161e+01 1.036056e+02
      vertex   -6.700755e+01 7.290773e+01 1.036417e+02
    endloop
  endfacet
  facet normal -7.063497e-15 7.071068e-01 -7.071068e-01
    outer loop
      vertex   3.177868e+01 7.365754e+01 1.043915e+02
      vertex   3.182979e+01 7.393206e+01 1.046661e+02
      vertex   3.432979e+01 7.393206e+01 1.046661e+02
    endloop
  endfacet
  facet normal -7.057341e-15 7.071068e-01 -7.071068e-01
    outer loop
      vertex   3.432979e+01 7.393206e+01 1.046661e+02
      vertex   3.182979e+01 7.393206e+01 1.046661e+02
      vertex   3.177868e+01 7.420658e+01 1.049406e+02
    endloop
  endfacet
  facet normal -4.589856e-15 7.071068e-01 -7.071068e-01
    outer loop
      vertex   3.432979e+01 7.393206e+01 1.046661e+02
      vertex   3.177868e+01 7.420658e+01 1.049406e+02
      vertex   3.162883e+01 7.446239e+01 1.051964e+02
    endloop
  endfacet
  facet normal -1.296776e-14 7.071068e-01 -7.071068e-01
    outer loop
      vertex   3.162883e+01 7.446239e+01 1.051964e+02
      vertex   3.139045e+01 7.468206e+01 1.054161e+02
      vertex   3.432979e+01 7.393206e+01 1.046661e+02
    endloop
  endfacet
  facet normal -5.952381e-14 7.071068e-01 -7.071068e-01
    outer loop
      vertex   3.432979e+01 7.393206e+01 1.046661e+02
      vertex   3.139045e+01 7.468206e+01 1.054161e+02
      vertex   3.107979e+01 7.485062e+01 1.055846e+02
    endloop
  endfacet
  facet normal 7.062910e-15 7.071068e-01 -7.071068e-01
    outer loop
      vertex   3.071802e+01 7.495658e+01 1.056906e+02
      vertex   3.032979e+01 7.499272e+01 1.057267e+02
      vertex   1.291916e+02 7.693727e+01 1.076713e+02
    endloop
  endfacet
  facet normal 3.203065e-14 7.071068e-01 -7.071068e-01
    outer loop
      vertex   2.926913e+01 7.468206e+01 1.054161e+02
      vertex   2.903075e+01 7.446239e+01 1.051964e+02
      vertex   2.632979e+01 7.393206e+01 1.046661e+02
    endloop
  endfacet
  facet normal 3.437581e-14 7.071068e-01 -7.071068e-01
    outer loop
      vertex   2.632979e+01 7.393206e+01 1.046661e+02
      vertex   2.903075e+01 7.446239e+01 1.051964e+02
      vertex   2.888090e+01 7.420658e+01 1.049406e+02
    endloop
  endfacet
  facet normal 3.313704e-14 7.071068e-01 -7.071068e-01
    outer loop
      vertex   2.632979e+01 7.393206e+01 1.046661e+02
      vertex   2.888090e+01 7.420658e+01 1.049406e+02
      vertex   2.882979e+01 7.393206e+01 1.046661e+02
    endloop
  endfacet
  facet normal 3.313702e-14 7.071068e-01 -7.071068e-01
    outer loop
      vertex   2.882979e+01 7.393206e+01 1.046661e+02
      vertex   2.888090e+01 7.365754e+01 1.043915e+02
      vertex   2.632979e+01 7.393206e+01 1.046661e+02
    endloop
  endfacet
  facet normal 3.742498e-14 7.071068e-01 -7.071068e-01
    outer loop
      vertex   2.632979e+01 7.393206e+01 1.046661e+02
      vertex   2.888090e+01 7.365754e+01 1.043915e+02
      vertex   2.903075e+01 7.340173e+01 1.041357e+02
    endloop
  endfacet
  facet normal 3.438454e-14 7.071068e-01 -7.071068e-01
    outer loop
      vertex   2.632979e+01 7.393206e+01 1.046661e+02
      vertex   2.903075e+01 7.340173e+01 1.041357e+02
      vertex   2.926913e+01 7.318206e+01 1.039161e+02
    endloop
  endfacet
  facet normal -1.445547e-09 7.071068e-01 -7.071068e-01
    outer loop
      vertex   2.994156e+01 7.290754e+01 1.036415e+02
      vertex   3.032979e+01 7.287140e+01 1.036054e+02
      vertex   2.632950e+01 7.110384e+01 1.018378e+02
    endloop
  endfacet
  facet normal 4.886044e-09 7.071068e-01 -7.071068e-01
    outer loop
      vertex   3.107979e+01 7.301350e+01 1.037475e+02
      vertex   3.139045e+01 7.318206e+01 1.039161e+02
      vertex   3.432950e+01 7.110343e+01 1.018374e+02
    endloop
  endfacet
  facet normal 4.748577e-06 7.071070e-01 -7.071065e-01
    outer loop
      vertex   1.311315e+02 5.470321e+01 8.543721e+01
      vertex   1.362787e+02 2.257264e+00 3.299126e+01
      vertex   1.307433e+02 5.466707e+01 8.540107e+01
    endloop
  endfacet
  facet normal 3.272320e-09 7.071068e-01 -7.071068e-01
    outer loop
      vertex   1.307433e+02 5.466707e+01 8.540107e+01
      vertex   1.362787e+02 2.257264e+00 3.299126e+01
      vertex   1.358904e+02 2.221123e+00 3.295512e+01
    endloop
  endfacet
  facet normal -4.839479e-06 7.071066e-01 -7.071070e-01
    outer loop
      vertex   1.307433e+02 5.466707e+01 8.540107e+01
      vertex   1.358904e+02 2.221123e+00 3.295512e+01
      vertex   1.303550e+02 5.470321e+01 8.543721e+01
    endloop
  endfacet
  facet normal -1.642845e-14 7.071068e-01 -7.071068e-01
    outer loop
      vertex   1.303550e+02 5.470321e+01 8.543721e+01
      vertex   1.358904e+02 2.221123e+00 3.295512e+01
      vertex   1.355287e+02 2.115163e+00 3.284916e+01
    endloop
  endfacet
  facet normal 2.668281e-14 7.071068e-01 -7.071068e-01
    outer loop
      vertex   1.303550e+02 5.470321e+01 8.543721e+01
      vertex   1.355287e+02 2.115163e+00 3.284916e+01
      vertex   1.299933e+02 5.480917e+01 8.554317e+01
    endloop
  endfacet
  facet normal 7.091693e-15 7.071068e-01 -7.071068e-01
    outer loop
      vertex   1.299933e+02 5.480917e+01 8.554317e+01
      vertex   1.355287e+02 2.115163e+00 3.284916e+01
      vertex   1.280555e+02 -4.669401e-01 3.026706e+01
    endloop
  endfacet
  facet normal 2.225210e-15 7.071068e-01 -7.071068e-01
    outer loop
      vertex   1.299933e+02 5.480917e+01 8.554317e+01
      vertex   1.280555e+02 -4.669401e-01 3.026706e+01
      vertex   1.296826e+02 5.497773e+01 8.571173e+01
    endloop
  endfacet
  facet normal -2.998099e-14 7.071068e-01 -7.071068e-01
    outer loop
      vertex   1.296826e+02 5.497773e+01 8.571173e+01
      vertex   1.280555e+02 -4.669401e-01 3.026706e+01
      vertex   1.294442e+02 5.519740e+01 8.593140e+01
    endloop
  endfacet
  facet normal -5.797866e-15 7.071068e-01 -7.071068e-01
    outer loop
      vertex   1.362787e+02 2.257264e+00 3.299126e+01
      vertex   1.311315e+02 5.470321e+01 8.543721e+01
      vertex   1.366669e+02 2.221123e+00 3.295512e+01
    endloop
  endfacet
  facet normal 0.000000e+00 7.071068e-01 -7.071068e-01
    outer loop
      vertex   1.366669e+02 2.221123e+00 3.295512e+01
      vertex   1.311315e+02 5.470321e+01 8.543721e+01
      vertex   1.314933e+02 5.480917e+01 8.554317e+01
    endloop
  endfacet
  facet normal 3.433075e-15 7.071068e-01 -7.071068e-01
    outer loop
      vertex   1.366669e+02 2.221123e+00 3.295512e+01
      vertex   1.314933e+02 5.480917e+01 8.554317e+01
      vertex   1.370287e+02 2.115163e+00 3.284916e+01
    endloop
  endfacet
  facet normal 6.665671e-15 7.071068e-01 -7.071068e-01
    outer loop
      vertex   1.370287e+02 2.115163e+00 3.284916e+01
      vertex   1.314933e+02 5.480917e+01 8.554317e+01
      vertex   1.440499e+02 -4.511167e-01 3.028288e+01
    endloop
  endfacet
  facet normal -4.877902e-15 7.071068e-01 -7.071068e-01
    outer loop
      vertex   1.370287e+02 2.115163e+00 3.284916e+01
      vertex   1.440499e+02 -4.511167e-01 3.028288e+01
      vertex   1.373393e+02 1.946604e+00 3.268060e+01
    endloop
  endfacet
  facet normal 4.696946e-15 7.071068e-01 -7.071068e-01
    outer loop
      vertex   1.373393e+02 1.946604e+00 3.268060e+01
      vertex   1.440499e+02 -4.511167e-01 3.028288e+01
      vertex   1.375777e+02 1.726934e+00 3.246093e+01
    endloop
  endfacet
  facet normal 3.720640e-15 7.071068e-01 -7.071068e-01
    outer loop
      vertex   1.375777e+02 1.726934e+00 3.246093e+01
      vertex   1.440499e+02 -4.511167e-01 3.028288e+01
      vertex   1.377276e+02 1.471123e+00 3.220512e+01
    endloop
  endfacet
  facet normal 9.109684e-15 7.071068e-01 -7.071068e-01
    outer loop
      vertex   1.377276e+02 1.471123e+00 3.220512e+01
      vertex   1.440499e+02 -4.511167e-01 3.028288e+01
      vertex   1.377787e+02 1.196604e+00 3.193060e+01
    endloop
  endfacet
  facet normal 7.825251e-15 7.071068e-01 -7.071068e-01
    outer loop
      vertex   1.377787e+02 1.196604e+00 3.193060e+01
      vertex   1.440499e+02 -4.511167e-01 3.028288e+01
      vertex   1.377276e+02 9.220850e-01 3.165608e+01
    endloop
  endfacet
  facet normal 3.315685e-15 7.071068e-01 -7.071068e-01
    outer loop
      vertex   1.377276e+02 9.220850e-01 3.165608e+01
      vertex   1.440499e+02 -4.511167e-01 3.028288e+01
      vertex   1.375777e+02 6.662740e-01 3.140027e+01
    endloop
  endfacet
  facet normal 8.347523e-15 7.071068e-01 -7.071068e-01
    outer loop
      vertex   1.375777e+02 6.662740e-01 3.140027e+01
      vertex   1.440499e+02 -4.511167e-01 3.028288e+01
      vertex   1.373393e+02 4.466041e-01 3.118060e+01
    endloop
  endfacet
  facet normal 7.627663e-15 7.071068e-01 -7.071068e-01
    outer loop
      vertex   1.373393e+02 4.466041e-01 3.118060e+01
      vertex   1.440499e+02 -4.511167e-01 3.028288e+01
      vertex   1.370287e+02 2.780454e-01 3.101204e+01
    endloop
  endfacet
  facet normal 1.315758e-14 7.071068e-01 -7.071068e-01
    outer loop
      vertex   1.314933e+02 5.480917e+01 8.554317e+01
      vertex   1.318039e+02 5.497773e+01 8.571173e+01
      vertex   1.440499e+02 -4.511167e-01 3.028288e+01
    endloop
  endfacet
  facet normal 0.000000e+00 7.071068e-01 -7.071068e-01
    outer loop
      vertex   1.440499e+02 -4.511167e-01 3.028288e+01
      vertex   1.318039e+02 5.497773e+01 8.571173e+01
      vertex   1.320423e+02 5.519740e+01 8.593140e+01
    endloop
  endfacet
  facet normal -2.818024e-14 7.071068e-01 -7.071068e-01
    outer loop
      vertex   1.440499e+02 -4.511167e-01 3.028288e+01
      vertex   1.320423e+02 5.519740e+01 8.593140e+01
      vertex   1.321922e+02 5.545321e+01 8.618721e+01
    endloop
  endfacet
  facet normal 4.890702e-14 7.071068e-01 -7.071068e-01
    outer loop
      vertex   1.321922e+02 5.545321e+01 8.618721e+01
      vertex   1.322433e+02 5.572773e+01 8.646173e+01
      vertex   1.440499e+02 -4.511167e-01 3.028288e+01
    endloop
  endfacet
  facet normal 7.960736e-14 7.071068e-01 -7.071068e-01
    outer loop
      vertex   1.321922e+02 5.600225e+01 8.673625e+01
      vertex   1.320423e+02 5.625806e+01 8.699206e+01
      vertex   1.321624e+02 7.511118e+01 1.058452e+02
    endloop
  endfacet
  facet normal -4.445731e-14 7.071068e-01 -7.071068e-01
    outer loop
      vertex   1.321624e+02 7.511118e+01 1.058452e+02
      vertex   1.320423e+02 5.625806e+01 8.699206e+01
      vertex   1.318039e+02 5.647773e+01 8.721173e+01
    endloop
  endfacet
  facet normal 4.872316e-07 7.071068e-01 -7.071068e-01
    outer loop
      vertex   1.321624e+02 7.511118e+01 1.058452e+02
      vertex   1.318039e+02 5.647773e+01 8.721173e+01
      vertex   1.280555e+02 7.110364e+01 1.018376e+02
    endloop
  endfacet
  facet normal -8.460285e-08 7.071067e-01 -7.071068e-01
    outer loop
      vertex   1.280555e+02 7.110364e+01 1.018376e+02
      vertex   1.318039e+02 5.647773e+01 8.721173e+01
      vertex   1.314933e+02 5.664629e+01 8.738029e+01
    endloop
  endfacet
  facet normal -4.275525e-08 7.071067e-01 -7.071068e-01
    outer loop
      vertex   1.280555e+02 7.110364e+01 1.018376e+02
      vertex   1.314933e+02 5.664629e+01 8.738029e+01
      vertex   1.311315e+02 5.675225e+01 8.748625e+01
    endloop
  endfacet
  facet normal -1.299547e-08 7.071067e-01 -7.071068e-01
    outer loop
      vertex   1.311315e+02 5.675225e+01 8.748625e+01
      vertex   1.307433e+02 5.678839e+01 8.752239e+01
      vertex   1.280555e+02 7.110364e+01 1.018376e+02
    endloop
  endfacet
  facet normal 1.254899e-08 7.071067e-01 -7.071068e-01
    outer loop
      vertex   1.280555e+02 7.110364e+01 1.018376e+02
      vertex   1.307433e+02 5.678839e+01 8.752239e+01
      vertex   1.303550e+02 5.675225e+01 8.748625e+01
    endloop
  endfacet
  facet normal 3.827507e-08 7.071067e-01 -7.071068e-01
    outer loop
      vertex   1.280555e+02 7.110364e+01 1.018376e+02
      vertex   1.303550e+02 5.675225e+01 8.748625e+01
      vertex   1.299933e+02 5.664629e+01 8.738029e+01
    endloop
  endfacet
  facet normal 6.869214e-08 7.071067e-01 -7.071068e-01
    outer loop
      vertex   1.299933e+02 5.664629e+01 8.738029e+01
      vertex   1.296826e+02 5.647773e+01 8.721173e+01
      vertex   1.280555e+02 7.110364e+01 1.018376e+02
    endloop
  endfacet
  facet normal 1.122058e-07 7.071067e-01 -7.071068e-01
    outer loop
      vertex   1.280555e+02 7.110364e+01 1.018376e+02
      vertex   1.296826e+02 5.647773e+01 8.721173e+01
      vertex   1.294442e+02 5.625806e+01 8.699206e+01
    endloop
  endfacet
  facet normal 1.946888e-07 7.071067e-01 -7.071068e-01
    outer loop
      vertex   1.280555e+02 7.110364e+01 1.018376e+02
      vertex   1.294442e+02 5.625806e+01 8.699206e+01
      vertex   1.292944e+02 5.600225e+01 8.673625e+01
    endloop
  endfacet
  facet normal 4.847428e-07 7.071068e-01 -7.071068e-01
    outer loop
      vertex   1.292944e+02 5.600225e+01 8.673625e+01
      vertex   1.292433e+02 5.572773e+01 8.646173e+01
      vertex   1.280555e+02 7.110364e+01 1.018376e+02
    endloop
  endfacet
  facet normal -3.860845e-15 7.071068e-01 -7.071068e-01
    outer loop
      vertex   1.355287e+02 2.115163e+00 3.284916e+01
      vertex   1.352180e+02 1.946604e+00 3.268060e+01
      vertex   1.280555e+02 -4.669401e-01 3.026706e+01
    endloop
  endfacet
  facet normal -2.517072e-15 7.071068e-01 -7.071068e-01
    outer loop
      vertex   1.280555e+02 -4.669401e-01 3.026706e+01
      vertex   1.352180e+02 1.946604e+00 3.268060e+01
      vertex   1.349796e+02 1.726934e+00 3.246093e+01
    endloop
  endfacet
  facet normal 8.707581e-15 7.071068e-01 -7.071068e-01
    outer loop
      vertex   1.280555e+02 -4.669401e-01 3.026706e+01
      vertex   1.349796e+02 1.726934e+00 3.246093e+01
      vertex   1.348298e+02 1.471123e+00 3.220512e+01
    endloop
  endfacet
  facet normal 7.491061e-15 7.071068e-01 -7.071068e-01
    outer loop
      vertex   1.348298e+02 1.471123e+00 3.220512e+01
      vertex   1.347787e+02 1.196604e+00 3.193060e+01
      vertex   1.280555e+02 -4.669401e-01 3.026706e+01
    endloop
  endfacet
  facet normal 7.807142e-15 7.071068e-01 -7.071068e-01
    outer loop
      vertex   1.280555e+02 -4.669401e-01 3.026706e+01
      vertex   1.347787e+02 1.196604e+00 3.193060e+01
      vertex   1.348298e+02 9.220850e-01 3.165608e+01
    endloop
  endfacet
  facet normal 4.206170e-15 7.071068e-01 -7.071068e-01
    outer loop
      vertex   1.280555e+02 -4.669401e-01 3.026706e+01
      vertex   1.348298e+02 9.220850e-01 3.165608e+01
      vertex   1.349796e+02 6.662740e-01 3.140027e+01
    endloop
  endfacet
  facet normal 6.683955e-15 7.071068e-01 -7.071068e-01
    outer loop
      vertex   1.349796e+02 6.662740e-01 3.140027e+01
      vertex   1.352180e+02 4.466041e-01 3.118060e+01
      vertex   1.280555e+02 -4.669401e-01 3.026706e+01
    endloop
  endfacet
  facet normal 5.844023e-15 7.071068e-01 -7.071068e-01
    outer loop
      vertex   1.280555e+02 -4.669401e-01 3.026706e+01
      vertex   1.352180e+02 4.466041e-01 3.118060e+01
      vertex   1.355287e+02 2.780454e-01 3.101204e+01
    endloop
  endfacet
  facet normal 5.362486e-15 7.071068e-01 -7.071068e-01
    outer loop
      vertex   1.280555e+02 -4.669401e-01 3.026706e+01
      vertex   1.355287e+02 2.780454e-01 3.101204e+01
      vertex   1.358904e+02 1.720850e-01 3.090608e+01
    endloop
  endfacet
  facet normal -1.468788e-06 7.071158e-01 -7.070978e-01
    outer loop
      vertex   1.358904e+02 1.720850e-01 3.090608e+01
      vertex   1.362787e+02 1.359448e-01 3.086994e+01
      vertex   1.280555e+02 -4.669401e-01 3.026706e+01
    endloop
  endfacet
  facet normal 5.013997e-14 7.071068e-01 -7.071068e-01
    outer loop
      vertex   -7.158369e+01 5.572773e+01 8.646173e+01
      vertex   -7.153258e+01 5.545321e+01 8.618721e+01
      vertex   -8.339037e+01 -4.511167e-01 3.028288e+01
    endloop
  endfacet
  facet normal -5.636048e-14 7.071068e-01 -7.071068e-01
    outer loop
      vertex   -8.339037e+01 -4.511167e-01 3.028288e+01
      vertex   -7.153258e+01 5.545321e+01 8.618721e+01
      vertex   -7.138273e+01 5.519740e+01 8.593140e+01
    endloop
  endfacet
  facet normal 0.000000e+00 7.071068e-01 -7.071068e-01
    outer loop
      vertex   -8.339037e+01 -4.511167e-01 3.028288e+01
      vertex   -7.138273e+01 5.519740e+01 8.593140e+01
      vertex   -7.114435e+01 5.497773e+01 8.571173e+01
    endloop
  endfacet
  facet normal 3.146095e-14 7.071068e-01 -7.071068e-01
    outer loop
      vertex   -7.114435e+01 5.497773e+01 8.571173e+01
      vertex   -7.083369e+01 5.480917e+01 8.554317e+01
      vertex   -8.339037e+01 -4.511167e-01 3.028288e+01
    endloop
  endfacet
  facet normal 4.962155e-15 7.071068e-01 -7.071068e-01
    outer loop
      vertex   -7.486910e+01 2.780454e-01 3.101204e+01
      vertex   -7.455844e+01 4.466041e-01 3.118060e+01
      vertex   -6.739597e+01 -4.669401e-01 3.026706e+01
    endloop
  endfacet
  facet normal 6.486724e-15 7.071068e-01 -7.071068e-01
    outer loop
      vertex   -6.739597e+01 -4.669401e-01 3.026706e+01
      vertex   -7.455844e+01 4.466041e-01 3.118060e+01
      vertex   -7.432006e+01 6.662740e-01 3.140027e+01
    endloop
  endfacet
  facet normal 5.985704e-15 7.071068e-01 -7.071068e-01
    outer loop
      vertex   -6.739597e+01 -4.669401e-01 3.026706e+01
      vertex   -7.432006e+01 6.662740e-01 3.140027e+01
      vertex   -7.417021e+01 9.220850e-01 3.165608e+01
    endloop
  endfacet
  facet normal 7.705487e-15 7.071068e-01 -7.071068e-01
    outer loop
      vertex   -7.417021e+01 9.220850e-01 3.165608e+01
      vertex   -7.411910e+01 1.196604e+00 3.193060e+01
      vertex   -6.739597e+01 -4.669401e-01 3.026706e+01
    endloop
  endfacet
  facet normal 8.917930e-16 7.071068e-01 -7.071068e-01
    outer loop
      vertex   -6.739597e+01 -4.669401e-01 3.026706e+01
      vertex   -7.411910e+01 1.196604e+00 3.193060e+01
      vertex   -7.417021e+01 1.471123e+00 3.220512e+01
    endloop
  endfacet
  facet normal 9.578340e-15 7.071068e-01 -7.071068e-01
    outer loop
      vertex   -6.739597e+01 -4.669401e-01 3.026706e+01
      vertex   -7.417021e+01 1.471123e+00 3.220512e+01
      vertex   -7.432006e+01 1.726934e+00 3.246093e+01
    endloop
  endfacet
  facet normal 5.624082e-15 7.071068e-01 -7.071068e-01
    outer loop
      vertex   -7.432006e+01 1.726934e+00 3.246093e+01
      vertex   -7.455844e+01 1.946604e+00 3.268060e+01
      vertex   -6.739597e+01 -4.669401e-01 3.026706e+01
    endloop
  endfacet
  facet normal 2.745490e-15 7.071068e-01 -7.071068e-01
    outer loop
      vertex   -6.739597e+01 -4.669401e-01 3.026706e+01
      vertex   -7.455844e+01 1.946604e+00 3.268060e+01
      vertex   -7.486910e+01 2.115163e+00 3.284916e+01
    endloop
  endfacet
  facet normal 7.677511e-15 7.071068e-01 -7.071068e-01
    outer loop
      vertex   -7.691814e+01 1.726934e+00 3.246093e+01
      vertex   -7.706799e+01 1.471123e+00 3.220512e+01
      vertex   -8.339037e+01 -4.511167e-01 3.028288e+01
    endloop
  endfacet
  facet normal 7.863096e-15 7.071068e-01 -7.071068e-01
    outer loop
      vertex   -8.339037e+01 -4.511167e-01 3.028288e+01
      vertex   -7.706799e+01 1.471123e+00 3.220512e+01
      vertex   -7.711910e+01 1.196604e+00 3.193060e+01
    endloop
  endfacet
  facet normal 9.390301e-15 7.071068e-01 -7.071068e-01
    outer loop
      vertex   -8.339037e+01 -4.511167e-01 3.028288e+01
      vertex   -7.711910e+01 1.196604e+00 3.193060e+01
      vertex   -7.706799e+01 9.220850e-01 3.165608e+01
    endloop
  endfacet
  facet normal 5.963927e-15 7.071068e-01 -7.071068e-01
    outer loop
      vertex   -7.706799e+01 9.220850e-01 3.165608e+01
      vertex   -7.691814e+01 6.662740e-01 3.140027e+01
      vertex   -8.339037e+01 -4.511167e-01 3.028288e+01
    endloop
  endfacet
  facet normal 7.347680e-15 7.071068e-01 -7.071068e-01
    outer loop
      vertex   -8.339037e+01 -4.511167e-01 3.028288e+01
      vertex   -7.691814e+01 6.662740e-01 3.140027e+01
      vertex   -7.667976e+01 4.466041e-01 3.118060e+01
    endloop
  endfacet
  facet normal 7.460634e-15 7.071068e-01 -7.071068e-01
    outer loop
      vertex   -8.339037e+01 -4.511167e-01 3.028288e+01
      vertex   -7.667976e+01 4.466041e-01 3.118060e+01
      vertex   -7.636910e+01 2.780454e-01 3.101204e+01
    endloop
  endfacet
  facet normal 7.186242e-15 7.071068e-01 -7.071068e-01
    outer loop
      vertex   -7.636910e+01 2.780454e-01 3.101204e+01
      vertex   -7.600733e+01 1.720850e-01 3.090608e+01
      vertex   -8.339037e+01 -4.511167e-01 3.028288e+01
    endloop
  endfacet
  facet normal -1.495689e-06 7.071157e-01 -7.070979e-01
    outer loop
      vertex   -8.339037e+01 -4.511167e-01 3.028288e+01
      vertex   -7.600733e+01 1.720850e-01 3.090608e+01
      vertex   -7.561910e+01 1.359448e-01 3.086994e+01
    endloop
  endfacet
  facet normal 9.893115e-04 5.071277e-07 -9.999995e-01
    outer loop
      vertex   1.440499e+02 -4.511167e-01 3.028288e+01
      vertex   1.440555e+02 -6.107968e+00 3.028288e+01
      vertex   1.280555e+02 -4.669401e-01 3.026706e+01
    endloop
  endfacet
  facet normal 9.893115e-04 5.071277e-07 -9.999995e-01
    outer loop
      vertex   1.280555e+02 -4.669401e-01 3.026706e+01
      vertex   1.440555e+02 -6.107968e+00 3.028288e+01
      vertex   1.280555e+02 -6.123797e+00 3.026706e+01
    endloop
  endfacet
  facet normal -1.000000e+00 -1.286948e-13 2.042352e-07
    outer loop
      vertex   1.280555e+02 -6.123797e+00 3.026706e+01
      vertex   1.280555e+02 -1.043715e+01 3.458040e+01
      vertex   1.280555e+02 -4.669401e-01 3.026706e+01
    endloop
  endfacet
  facet normal -1.000000e+00 -6.287145e-08 5.890949e-08
    outer loop
      vertex   1.280555e+02 -4.669401e-01 3.026706e+01
      vertex   1.280555e+02 -1.043715e+01 3.458040e+01
      vertex   1.280555e+02 6.877521e+01 1.041661e+02
    endloop
  endfacet
  facet normal -1.000000e+00 3.254600e-10 -3.049761e-10
    outer loop
      vertex   1.280555e+02 -4.669401e-01 3.026706e+01
      vertex   1.280555e+02 6.877521e+01 1.041661e+02
      vertex   1.280555e+02 7.110364e+01 1.018376e+02
    endloop
  endfacet
  facet normal -1.000000e+00 -9.150991e-08 9.150988e-08
    outer loop
      vertex   1.280555e+02 -1.043715e+01 3.458040e+01
      vertex   1.280555e+02 6.679029e+01 1.118078e+02
      vertex   1.280555e+02 6.877521e+01 1.041661e+02
    endloop
  endfacet
  facet normal -1.000000e+00 1.557293e-07 1.557293e-07
    outer loop
      vertex   1.280555e+02 6.877521e+01 1.041661e+02
      vertex   1.280555e+02 6.679029e+01 1.118078e+02
      vertex   1.280555e+02 6.877521e+01 1.098229e+02
    endloop
  endfacet
  facet normal 1.399098e-03 -7.071061e-01 -7.071061e-01
    outer loop
      vertex   1.440555e+02 -6.107968e+00 3.028288e+01
      vertex   1.440555e+02 -1.042132e+01 3.459623e+01
      vertex   1.280555e+02 -6.123797e+00 3.026706e+01
    endloop
  endfacet
  facet normal 1.399098e-03 -7.071061e-01 -7.071061e-01
    outer loop
      vertex   1.280555e+02 -6.123797e+00 3.026706e+01
      vertex   1.440555e+02 -1.042132e+01 3.459623e+01
      vertex   1.280555e+02 -1.043715e+01 3.458040e+01
    endloop
  endfacet
  facet normal -1.924306e-11 7.071068e-01 -7.071068e-01
    outer loop
      vertex   2.888090e+01 7.031749e+01 1.088297e+02
      vertex   3.182979e+01 7.004298e+01 1.085552e+02
      vertex   2.882979e+01 7.004298e+01 1.085552e+02
    endloop
  endfacet
  facet normal -1.924305e-11 7.071068e-01 -7.071068e-01
    outer loop
      vertex   2.882979e+01 7.004298e+01 1.085552e+02
      vertex   3.182979e+01 7.004298e+01 1.085552e+02
      vertex   3.177868e+01 6.976846e+01 1.082806e+02
    endloop
  endfacet
  facet normal -1.923875e-11 7.071068e-01 -7.071068e-01
    outer loop
      vertex   2.882979e+01 7.004298e+01 1.085552e+02
      vertex   3.177868e+01 6.976846e+01 1.082806e+02
      vertex   2.888090e+01 6.976846e+01 1.082806e+02
    endloop
  endfacet
  facet normal -1.923874e-11 7.071068e-01 -7.071068e-01
    outer loop
      vertex   2.888090e+01 6.976846e+01 1.082806e+02
      vertex   3.177868e+01 6.976846e+01 1.082806e+02
      vertex   3.162883e+01 6.951265e+01 1.080248e+02
    endloop
  endfacet
  facet normal -1.924957e-11 7.071068e-01 -7.071068e-01
    outer loop
      vertex   2.888090e+01 6.976846e+01 1.082806e+02
      vertex   3.162883e+01 6.951265e+01 1.080248e+02
      vertex   2.903075e+01 6.951265e+01 1.080248e+02
    endloop
  endfacet
  facet normal -1.924957e-11 7.071068e-01 -7.071068e-01
    outer loop
      vertex   2.903075e+01 6.951265e+01 1.080248e+02
      vertex   3.162883e+01 6.951265e+01 1.080248e+02
      vertex   3.139045e+01 6.929298e+01 1.078052e+02
    endloop
  endfacet
  facet normal -1.924623e-11 7.071068e-01 -7.071068e-01
    outer loop
      vertex   2.903075e+01 6.951265e+01 1.080248e+02
      vertex   3.139045e+01 6.929298e+01 1.078052e+02
      vertex   2.926913e+01 6.929298e+01 1.078052e+02
    endloop
  endfacet
  facet normal -1.924623e-11 7.071068e-01 -7.071068e-01
    outer loop
      vertex   2.926913e+01 6.929298e+01 1.078052e+02
      vertex   3.139045e+01 6.929298e+01 1.078052e+02
      vertex   3.107979e+01 6.912442e+01 1.076366e+02
    endloop
  endfacet
  facet normal -1.924640e-11 7.071068e-01 -7.071068e-01
    outer loop
      vertex   2.926913e+01 6.929298e+01 1.078052e+02
      vertex   3.107979e+01 6.912442e+01 1.076366e+02
      vertex   2.957979e+01 6.912442e+01 1.076366e+02
    endloop
  endfacet
  facet normal -1.924640e-11 7.071068e-01 -7.071068e-01
    outer loop
      vertex   2.957979e+01 6.912442e+01 1.076366e+02
      vertex   3.107979e+01 6.912442e+01 1.076366e+02
      vertex   3.071802e+01 6.901846e+01 1.075306e+02
    endloop
  endfacet
  facet normal -1.927003e-11 7.071068e-01 -7.071068e-01
    outer loop
      vertex   2.957979e+01 6.912442e+01 1.076366e+02
      vertex   3.071802e+01 6.901846e+01 1.075306e+02
      vertex   2.994156e+01 6.901846e+01 1.075306e+02
    endloop
  endfacet
  facet normal -1.927003e-11 7.071068e-01 -7.071068e-01
    outer loop
      vertex   2.994156e+01 6.901846e+01 1.075306e+02
      vertex   3.071802e+01 6.901846e+01 1.075306e+02
      vertex   3.032979e+01 6.898232e+01 1.074945e+02
    endloop
  endfacet
  facet normal -1.924220e-11 7.071068e-01 -7.071068e-01
    outer loop
      vertex   3.182979e+01 7.004298e+01 1.085552e+02
      vertex   2.888090e+01 7.031749e+01 1.088297e+02
      vertex   3.177868e+01 7.031749e+01 1.088297e+02
    endloop
  endfacet
  facet normal -1.924221e-11 7.071068e-01 -7.071068e-01
    outer loop
      vertex   3.177868e+01 7.031749e+01 1.088297e+02
      vertex   2.888090e+01 7.031749e+01 1.088297e+02
      vertex   2.903075e+01 7.057331e+01 1.090855e+02
    endloop
  endfacet
  facet normal -1.924957e-11 7.071068e-01 -7.071068e-01
    outer loop
      vertex   3.177868e+01 7.031749e+01 1.088297e+02
      vertex   2.903075e+01 7.057331e+01 1.090855e+02
      vertex   3.162883e+01 7.057331e+01 1.090855e+02
    endloop
  endfacet
  facet normal -1.924957e-11 7.071068e-01 -7.071068e-01
    outer loop
      vertex   3.162883e+01 7.057331e+01 1.090855e+02
      vertex   2.903075e+01 7.057331e+01 1.090855e+02
      vertex   2.926913e+01 7.079298e+01 1.093052e+02
    endloop
  endfacet
  facet normal -1.924623e-11 7.071068e-01 -7.071068e-01
    outer loop
      vertex   3.162883e+01 7.057331e+01 1.090855e+02
      vertex   2.926913e+01 7.079298e+01 1.093052e+02
      vertex   3.139045e+01 7.079298e+01 1.093052e+02
    endloop
  endfacet
  facet normal -1.924623e-11 7.071068e-01 -7.071068e-01
    outer loop
      vertex   3.139045e+01 7.079298e+01 1.093052e+02
      vertex   2.926913e+01 7.079298e+01 1.093052e+02
      vertex   2.957979e+01 7.096153e+01 1.094737e+02
    endloop
  endfacet
  facet normal -1.924640e-11 7.071068e-01 -7.071068e-01
    outer loop
      vertex   3.139045e+01 7.079298e+01 1.093052e+02
      vertex   2.957979e+01 7.096153e+01 1.094737e+02
      vertex   3.107979e+01 7.096153e+01 1.094737e+02
    endloop
  endfacet
  facet normal -1.924640e-11 7.071068e-01 -7.071068e-01
    outer loop
      vertex   3.107979e+01 7.096153e+01 1.094737e+02
      vertex   2.957979e+01 7.096153e+01 1.094737e+02
      vertex   2.994156e+01 7.106749e+01 1.095797e+02
    endloop
  endfacet
  facet normal -1.927003e-11 7.071068e-01 -7.071068e-01
    outer loop
      vertex   3.107979e+01 7.096153e+01 1.094737e+02
      vertex   2.994156e+01 7.106749e+01 1.095797e+02
      vertex   3.071802e+01 7.106749e+01 1.095797e+02
    endloop
  endfacet
  facet normal -1.927003e-11 7.071068e-01 -7.071068e-01
    outer loop
      vertex   3.071802e+01 7.106749e+01 1.095797e+02
      vertex   2.994156e+01 7.106749e+01 1.095797e+02
      vertex   3.032979e+01 7.110364e+01 1.096158e+02
    endloop
  endfacet
  facet normal -1.000000e+00 5.133201e-05 5.133202e-05
    outer loop
      vertex   2.632950e+01 7.110384e+01 1.018378e+02
      vertex   2.632950e+01 6.887359e+01 1.040681e+02
      vertex   2.632979e+01 7.393206e+01 1.046661e+02
    endloop
  endfacet
  facet normal -1.000000e+00 5.133201e-05 5.133202e-05
    outer loop
      vertex   2.632979e+01 7.393206e+01 1.046661e+02
      vertex   2.632950e+01 6.887359e+01 1.040681e+02
      vertex   2.632979e+01 6.887359e+01 1.097245e+02
    endloop
  endfacet
  facet normal -7.259443e-05 -7.071068e-01 -7.071068e-01
    outer loop
      vertex   2.632950e+01 7.110384e+01 1.018378e+02
      vertex   3.432950e+01 7.110343e+01 1.018374e+02
      vertex   2.632950e+01 6.887359e+01 1.040681e+02
    endloop
  endfacet
  facet normal -7.259443e-05 -7.071068e-01 -7.071068e-01
    outer loop
      vertex   2.632950e+01 6.887359e+01 1.040681e+02
      vertex   3.432950e+01 7.110343e+01 1.018374e+02
      vertex   3.432950e+01 6.887318e+01 1.040677e+02
    endloop
  endfacet
  facet normal 1.000000e+00 -5.133201e-05 -5.133202e-05
    outer loop
      vertex   3.432950e+01 7.110343e+01 1.018374e+02
      vertex   3.432979e+01 7.393206e+01 1.046661e+02
      vertex   3.432950e+01 6.887318e+01 1.040677e+02
    endloop
  endfacet
  facet normal 1.000000e+00 -5.133201e-05 -5.133202e-05
    outer loop
      vertex   3.432950e+01 6.887318e+01 1.040677e+02
      vertex   3.432979e+01 7.393206e+01 1.046661e+02
      vertex   3.432979e+01 6.887318e+01 1.097245e+02
    endloop
  endfacet
  facet normal 1.000000e+00 -5.133198e-05 -5.133198e-05
    outer loop
      vertex   3.432979e+01 6.887318e+01 1.097245e+02
      vertex   3.432979e+01 7.393206e+01 1.046661e+02
      vertex   3.432979e+01 6.887338e+01 1.097247e+02
    endloop
  endfacet
  facet normal 9.914449e-01 9.229597e-02 9.229594e-02
    outer loop
      vertex   2.888090e+01 6.976846e+01 1.082806e+02
      vertex   2.888090e+01 7.365754e+01 1.043915e+02
      vertex   2.882979e+01 7.004298e+01 1.085552e+02
    endloop
  endfacet
  facet normal 9.914450e-01 9.229544e-02 9.229548e-02
    outer loop
      vertex   2.882979e+01 7.004298e+01 1.085552e+02
      vertex   2.888090e+01 7.365754e+01 1.043915e+02
      vertex   2.882979e+01 7.393206e+01 1.046661e+02
    endloop
  endfacet
  facet normal 9.914449e-01 -9.229594e-02 -9.229598e-02
    outer loop
      vertex   2.882979e+01 7.004298e+01 1.085552e+02
      vertex   2.882979e+01 7.393206e+01 1.046661e+02
      vertex   2.888090e+01 7.031749e+01 1.088297e+02
    endloop
  endfacet
  facet normal 9.914448e-01 -9.229647e-02 -9.229644e-02
    outer loop
      vertex   2.888090e+01 7.031749e+01 1.088297e+02
      vertex   2.882979e+01 7.393206e+01 1.046661e+02
      vertex   2.888090e+01 7.420658e+01 1.049406e+02
    endloop
  endfacet
  facet normal 9.238795e-01 -2.705980e-01 -2.705981e-01
    outer loop
      vertex   2.888090e+01 7.031749e+01 1.088297e+02
      vertex   2.888090e+01 7.420658e+01 1.049406e+02
      vertex   2.903075e+01 7.057331e+01 1.090855e+02
    endloop
  endfacet
  facet normal 9.238793e-01 -2.705985e-01 -2.705985e-01
    outer loop
      vertex   2.903075e+01 7.057331e+01 1.090855e+02
      vertex   2.888090e+01 7.420658e+01 1.049406e+02
      vertex   2.903075e+01 7.446239e+01 1.051964e+02
    endloop
  endfacet
  facet normal 7.933533e-01 -4.304593e-01 -4.304594e-01
    outer loop
      vertex   2.903075e+01 7.057331e+01 1.090855e+02
      vertex   2.903075e+01 7.446239e+01 1.051964e+02
      vertex   2.926913e+01 7.079298e+01 1.093052e+02
    endloop
  endfacet
  facet normal 7.933529e-01 -4.304597e-01 -4.304597e-01
    outer loop
      vertex   2.926913e+01 7.079298e+01 1.093052e+02
      vertex   2.903075e+01 7.446239e+01 1.051964e+02
      vertex   2.926913e+01 7.468206e+01 1.054161e+02
    endloop
  endfacet
  facet normal 6.087614e-01 -5.609855e-01 -5.609856e-01
    outer loop
      vertex   2.926913e+01 7.079298e+01 1.093052e+02
      vertex   2.926913e+01 7.468206e+01 1.054161e+02
      vertex   2.957979e+01 7.096153e+01 1.094737e+02
    endloop
  endfacet
  facet normal 6.087609e-01 -5.609858e-01 -5.609858e-01
    outer loop
      vertex   2.957979e+01 7.096153e+01 1.094737e+02
      vertex   2.926913e+01 7.468206e+01 1.054161e+02
      vertex   2.957979e+01 7.485062e+01 1.055846e+02
    endloop
  endfacet
  facet normal 3.826834e-01 -6.532814e-01 -6.532815e-01
    outer loop
      vertex   2.957979e+01 7.096153e+01 1.094737e+02
      vertex   2.957979e+01 7.485062e+01 1.055846e+02
      vertex   2.994156e+01 7.106749e+01 1.095797e+02
    endloop
  endfacet
  facet normal 3.826828e-01 -6.532817e-01 -6.532817e-01
    outer loop
      vertex   2.994156e+01 7.106749e+01 1.095797e+02
      vertex   2.957979e+01 7.485062e+01 1.055846e+02
      vertex   2.994156e+01 7.495658e+01 1.056906e+02
    endloop
  endfacet
  facet normal 1.305262e-01 -7.010573e-01 -7.010574e-01
    outer loop
      vertex   2.994156e+01 7.106749e+01 1.095797e+02
      vertex   2.994156e+01 7.495658e+01 1.056906e+02
      vertex   3.032979e+01 7.110364e+01 1.096158e+02
    endloop
  endfacet
  facet normal 1.305255e-01 -7.010574e-01 -7.010575e-01
    outer loop
      vertex   3.032979e+01 7.110364e+01 1.096158e+02
      vertex   2.994156e+01 7.495658e+01 1.056906e+02
      vertex   3.032979e+01 7.499272e+01 1.057267e+02
    endloop
  endfacet
  facet normal -1.305262e-01 -7.010573e-01 -7.010574e-01
    outer loop
      vertex   3.032979e+01 7.110364e+01 1.096158e+02
      vertex   3.032979e+01 7.499272e+01 1.057267e+02
      vertex   3.071802e+01 7.106749e+01 1.095797e+02
    endloop
  endfacet
  facet normal -1.305269e-01 -7.010573e-01 -7.010573e-01
    outer loop
      vertex   3.071802e+01 7.106749e+01 1.095797e+02
      vertex   3.032979e+01 7.499272e+01 1.057267e+02
      vertex   3.071802e+01 7.495658e+01 1.056906e+02
    endloop
  endfacet
  facet normal -3.826834e-01 -6.532814e-01 -6.532815e-01
    outer loop
      vertex   3.071802e+01 7.106749e+01 1.095797e+02
      vertex   3.071802e+01 7.495658e+01 1.056906e+02
      vertex   3.107979e+01 7.096153e+01 1.094737e+02
    endloop
  endfacet
  facet normal -3.826841e-01 -6.532813e-01 -6.532813e-01
    outer loop
      vertex   3.107979e+01 7.096153e+01 1.094737e+02
      vertex   3.071802e+01 7.495658e+01 1.056906e+02
      vertex   3.107979e+01 7.485062e+01 1.055846e+02
    endloop
  endfacet
  facet normal -6.087614e-01 -5.609855e-01 -5.609856e-01
    outer loop
      vertex   3.107979e+01 7.096153e+01 1.094737e+02
      vertex   3.107979e+01 7.485062e+01 1.055846e+02
      vertex   3.139045e+01 7.079298e+01 1.093052e+02
    endloop
  endfacet
  facet normal -6.087620e-01 -5.609852e-01 -5.609852e-01
    outer loop
      vertex   3.139045e+01 7.079298e+01 1.093052e+02
      vertex   3.107979e+01 7.485062e+01 1.055846e+02
      vertex   3.139045e+01 7.468206e+01 1.054161e+02
    endloop
  endfacet
  facet normal -7.933533e-01 -4.304593e-01 -4.304594e-01
    outer loop
      vertex   3.139045e+01 7.079298e+01 1.093052e+02
      vertex   3.139045e+01 7.468206e+01 1.054161e+02
      vertex   3.162883e+01 7.057331e+01 1.090855e+02
    endloop
  endfacet
  facet normal -7.933538e-01 -4.304589e-01 -4.304589e-01
    outer loop
      vertex   3.162883e+01 7.057331e+01 1.090855e+02
      vertex   3.139045e+01 7.468206e+01 1.054161e+02
      vertex   3.162883e+01 7.446239e+01 1.051964e+02
    endloop
  endfacet
  facet normal -9.238795e-01 -2.705980e-01 -2.705981e-01
    outer loop
      vertex   3.162883e+01 7.057331e+01 1.090855e+02
      vertex   3.162883e+01 7.446239e+01 1.051964e+02
      vertex   3.177868e+01 7.031749e+01 1.088297e+02
    endloop
  endfacet
  facet normal -9.238798e-01 -2.705976e-01 -2.705976e-01
    outer loop
      vertex   3.177868e+01 7.031749e+01 1.088297e+02
      vertex   3.162883e+01 7.446239e+01 1.051964e+02
      vertex   3.177868e+01 7.420658e+01 1.049406e+02
    endloop
  endfacet
  facet normal -9.914449e-01 -9.229594e-02 -9.229598e-02
    outer loop
      vertex   3.177868e+01 7.031749e+01 1.088297e+02
      vertex   3.177868e+01 7.420658e+01 1.049406e+02
      vertex   3.182979e+01 7.004298e+01 1.085552e+02
    endloop
  endfacet
  facet normal -9.914450e-01 -9.229547e-02 -9.229544e-02
    outer loop
      vertex   3.182979e+01 7.004298e+01 1.085552e+02
      vertex   3.177868e+01 7.420658e+01 1.049406e+02
      vertex   3.182979e+01 7.393206e+01 1.046661e+02
    endloop
  endfacet
  facet normal -9.914449e-01 9.229597e-02 9.229594e-02
    outer loop
      vertex   3.182979e+01 7.004298e+01 1.085552e+02
      vertex   3.182979e+01 7.393206e+01 1.046661e+02
      vertex   3.177868e+01 6.976846e+01 1.082806e+02
    endloop
  endfacet
  facet normal -9.914448e-01 9.229643e-02 9.229647e-02
    outer loop
      vertex   3.177868e+01 6.976846e+01 1.082806e+02
      vertex   3.182979e+01 7.393206e+01 1.046661e+02
      vertex   3.177868e+01 7.365754e+01 1.043915e+02
    endloop
  endfacet
  facet normal -9.238795e-01 2.705981e-01 2.705980e-01
    outer loop
      vertex   3.177868e+01 6.976846e+01 1.082806e+02
      vertex   3.177868e+01 7.365754e+01 1.043915e+02
      vertex   3.162883e+01 6.951265e+01 1.080248e+02
    endloop
  endfacet
  facet normal -9.238793e-01 2.705985e-01 2.705985e-01
    outer loop
      vertex   3.162883e+01 6.951265e+01 1.080248e+02
      vertex   3.177868e+01 7.365754e+01 1.043915e+02
      vertex   3.162883e+01 7.340173e+01 1.041357e+02
    endloop
  endfacet
  facet normal -7.933533e-01 4.304593e-01 4.304593e-01
    outer loop
      vertex   3.162883e+01 6.951265e+01 1.080248e+02
      vertex   3.162883e+01 7.340173e+01 1.041357e+02
      vertex   3.139045e+01 6.929298e+01 1.078052e+02
    endloop
  endfacet
  facet normal -7.933529e-01 4.304597e-01 4.304598e-01
    outer loop
      vertex   3.139045e+01 6.929298e+01 1.078052e+02
      vertex   3.162883e+01 7.340173e+01 1.041357e+02
      vertex   3.139045e+01 7.318206e+01 1.039161e+02
    endloop
  endfacet
  facet normal -6.087614e-01 5.609855e-01 5.609855e-01
    outer loop
      vertex   3.139045e+01 6.929298e+01 1.078052e+02
      vertex   3.139045e+01 7.318206e+01 1.039161e+02
      vertex   3.107979e+01 6.912442e+01 1.076366e+02
    endloop
  endfacet
  facet normal -6.087609e-01 5.609858e-01 5.609859e-01
    outer loop
      vertex   3.107979e+01 6.912442e+01 1.076366e+02
      vertex   3.139045e+01 7.318206e+01 1.039161e+02
      vertex   3.107979e+01 7.301350e+01 1.037475e+02
    endloop
  endfacet
  facet normal -3.826834e-01 6.532815e-01 6.532815e-01
    outer loop
      vertex   3.107979e+01 6.912442e+01 1.076366e+02
      vertex   3.107979e+01 7.301350e+01 1.037475e+02
      vertex   3.071802e+01 6.901846e+01 1.075306e+02
    endloop
  endfacet
  facet normal -3.826828e-01 6.532816e-01 6.532817e-01
    outer loop
      vertex   3.071802e+01 6.901846e+01 1.075306e+02
      vertex   3.107979e+01 7.301350e+01 1.037475e+02
      vertex   3.071802e+01 7.290754e+01 1.036415e+02
    endloop
  endfacet
  facet normal -1.305262e-01 7.010574e-01 7.010574e-01
    outer loop
      vertex   3.071802e+01 6.901846e+01 1.075306e+02
      vertex   3.071802e+01 7.290754e+01 1.036415e+02
      vertex   3.032979e+01 6.898232e+01 1.074945e+02
    endloop
  endfacet
  facet normal -1.305255e-01 7.010574e-01 7.010575e-01
    outer loop
      vertex   3.032979e+01 6.898232e+01 1.074945e+02
      vertex   3.071802e+01 7.290754e+01 1.036415e+02
      vertex   3.032979e+01 7.287140e+01 1.036054e+02
    endloop
  endfacet
  facet normal 1.305262e-01 7.010574e-01 7.010574e-01
    outer loop
      vertex   3.032979e+01 6.898232e+01 1.074945e+02
      vertex   3.032979e+01 7.287140e+01 1.036054e+02
      vertex   2.994156e+01 6.901846e+01 1.075306e+02
    endloop
  endfacet
  facet normal 1.305269e-01 7.010573e-01 7.010574e-01
    outer loop
      vertex   2.994156e+01 6.901846e+01 1.075306e+02
      vertex   3.032979e+01 7.287140e+01 1.036054e+02
      vertex   2.994156e+01 7.290754e+01 1.036415e+02
    endloop
  endfacet
  facet normal 3.826834e-01 6.532815e-01 6.532815e-01
    outer loop
      vertex   2.994156e+01 6.901846e+01 1.075306e+02
      vertex   2.994156e+01 7.290754e+01 1.036415e+02
      vertex   2.957979e+01 6.912442e+01 1.076366e+02
    endloop
  endfacet
  facet normal 3.826841e-01 6.532813e-01 6.532813e-01
    outer loop
      vertex   2.957979e+01 6.912442e+01 1.076366e+02
      vertex   2.994156e+01 7.290754e+01 1.036415e+02
      vertex   2.957979e+01 7.301350e+01 1.037475e+02
    endloop
  endfacet
  facet normal 6.087614e-01 5.609855e-01 5.609855e-01
    outer loop
      vertex   2.957979e+01 6.912442e+01 1.076366e+02
      vertex   2.957979e+01 7.301350e+01 1.037475e+02
      vertex   2.926913e+01 6.929298e+01 1.078052e+02
    endloop
  endfacet
  facet normal 6.087620e-01 5.609852e-01 5.609853e-01
    outer loop
      vertex   2.926913e+01 6.929298e+01 1.078052e+02
      vertex   2.957979e+01 7.301350e+01 1.037475e+02
      vertex   2.926913e+01 7.318206e+01 1.039161e+02
    endloop
  endfacet
  facet normal 7.933533e-01 4.304593e-01 4.304593e-01
    outer loop
      vertex   2.926913e+01 6.929298e+01 1.078052e+02
      vertex   2.926913e+01 7.318206e+01 1.039161e+02
      vertex   2.903075e+01 6.951265e+01 1.080248e+02
    endloop
  endfacet
  facet normal 7.933538e-01 4.304589e-01 4.304590e-01
    outer loop
      vertex   2.903075e+01 6.951265e+01 1.080248e+02
      vertex   2.926913e+01 7.318206e+01 1.039161e+02
      vertex   2.903075e+01 7.340173e+01 1.041357e+02
    endloop
  endfacet
  facet normal 9.238795e-01 2.705981e-01 2.705980e-01
    outer loop
      vertex   2.903075e+01 6.951265e+01 1.080248e+02
      vertex   2.903075e+01 7.340173e+01 1.041357e+02
      vertex   2.888090e+01 6.976846e+01 1.082806e+02
    endloop
  endfacet
  facet normal 9.238798e-01 2.705976e-01 2.705976e-01
    outer loop
      vertex   2.888090e+01 6.976846e+01 1.082806e+02
      vertex   2.903075e+01 7.340173e+01 1.041357e+02
      vertex   2.888090e+01 7.365754e+01 1.043915e+02
    endloop
  endfacet
  facet normal -5.133200e-05 -1.000000e+00 -2.632486e-08
    outer loop
      vertex   3.432979e+01 6.887318e+01 1.097245e+02
      vertex   3.034166e+01 6.887338e+01 1.097247e+02
      vertex   3.432950e+01 6.887318e+01 1.040677e+02
    endloop
  endfacet
  facet normal -5.133202e-05 -1.000000e+00 -2.633445e-08
    outer loop
      vertex   3.432950e+01 6.887318e+01 1.040677e+02
      vertex   3.034166e+01 6.887338e+01 1.097247e+02
      vertex   2.632950e+01 6.887359e+01 1.040681e+02
    endloop
  endfacet
  facet normal -5.133202e-05 -1.000000e+00 -2.633445e-08
    outer loop
      vertex   2.632950e+01 6.887359e+01 1.040681e+02
      vertex   3.034166e+01 6.887338e+01 1.097247e+02
      vertex   2.632979e+01 6.887359e+01 1.097245e+02
    endloop
  endfacet
  facet normal 5.797205e-13 -7.071070e-01 7.071066e-01
    outer loop
      vertex   3.034166e+01 6.887338e+01 1.097247e+02
      vertex   3.432979e+01 6.887318e+01 1.097245e+02
      vertex   3.432979e+01 6.887338e+01 1.097247e+02
    endloop
  endfacet
  facet normal -2.169798e-12 -7.071068e-01 7.071068e-01
    outer loop
      vertex   -6.924088e+01 6.867477e+01 1.158136e+02
      vertex   -6.990956e+01 6.849799e+01 1.156369e+02
      vertex   -6.853206e+01 6.873483e+01 1.158737e+02
    endloop
  endfacet
  facet normal -1.182160e-12 -7.071068e-01 7.071068e-01
    outer loop
      vertex   -6.853206e+01 6.873483e+01 1.158737e+02
      vertex   -6.990956e+01 6.849799e+01 1.156369e+02
      vertex   -7.050024e+01 6.821449e+01 1.153534e+02
    endloop
  endfacet
  facet normal -8.135958e-13 -7.071068e-01 7.071068e-01
    outer loop
      vertex   -6.853206e+01 6.873483e+01 1.158737e+02
      vertex   -7.050024e+01 6.821449e+01 1.153534e+02
      vertex   -7.097946e+01 6.784034e+01 1.149792e+02
    endloop
  endfacet
  facet normal -5.878593e-13 -7.071068e-01 7.071068e-01
    outer loop
      vertex   -7.097946e+01 6.784034e+01 1.149792e+02
      vertex   -7.132010e+01 6.739672e+01 1.145356e+02
      vertex   -6.853206e+01 6.873483e+01 1.158737e+02
    endloop
  endfacet
  facet normal -4.406643e-13 -7.071068e-01 7.071068e-01
    outer loop
      vertex   -6.853206e+01 6.873483e+01 1.158737e+02
      vertex   -7.132010e+01 6.739672e+01 1.145356e+02
      vertex   -7.150286e+01 6.690874e+01 1.140476e+02
    endloop
  endfacet
  facet normal -1.088645e-13 -7.071068e-01 7.071068e-01
    outer loop
      vertex   -6.853206e+01 6.873483e+01 1.158737e+02
      vertex   -7.150286e+01 6.690874e+01 1.140476e+02
      vertex   -5.905597e+01 6.365781e+01 1.107967e+02
    endloop
  endfacet
  facet normal -4.248166e-15 -7.071068e-01 7.071068e-01
    outer loop
      vertex   -5.905597e+01 6.365781e+01 1.107967e+02
      vertex   -7.150286e+01 6.690874e+01 1.140476e+02
      vertex   -7.370734e+01 -9.671321e+00 3.746755e+01
    endloop
  endfacet
  facet normal -9.060577e-10 -7.071068e-01 7.071068e-01
    outer loop
      vertex   -5.905597e+01 6.365781e+01 1.107967e+02
      vertex   -7.370734e+01 -9.671321e+00 3.746755e+01
      vertex   -7.370731e+01 -9.671321e+00 3.746755e+01
    endloop
  endfacet
  facet normal 2.565488e-15 -7.071068e-01 7.071068e-01
    outer loop
      vertex   -7.370734e+01 -9.671321e+00 3.746755e+01
      vertex   -7.150286e+01 6.690874e+01 1.140476e+02
      vertex   -8.339597e+01 -1.931451e+01 2.782436e+01
    endloop
  endfacet
  facet normal 3.320425e-15 -7.071068e-01 7.071068e-01
    outer loop
      vertex   -8.339597e+01 -1.931451e+01 2.782436e+01
      vertex   -7.150286e+01 6.690874e+01 1.140476e+02
      vertex   -8.985437e+01 -2.542368e+01 2.171519e+01
    endloop
  endfacet
  facet normal 3.117186e-15 -7.071068e-01 7.071068e-01
    outer loop
      vertex   -8.339597e+01 -1.931451e+01 2.782436e+01
      vertex   -8.985437e+01 -2.542368e+01 2.171519e+01
      vertex   -8.339597e+01 -2.355715e+01 2.358172e+01
    endloop
  endfacet
  facet normal 4.019437e-16 -7.071068e-01 7.071068e-01
    outer loop
      vertex   -8.339597e+01 -2.355715e+01 2.358172e+01
      vertex   -8.985437e+01 -2.542368e+01 2.171519e+01
      vertex   -7.089597e+01 -2.355715e+01 2.358172e+01
    endloop
  endfacet
  facet normal 3.182914e-15 -7.071068e-01 7.071068e-01
    outer loop
      vertex   -7.089597e+01 -2.355715e+01 2.358172e+01
      vertex   -8.985437e+01 -2.542368e+01 2.171519e+01
      vertex   -4.654183e+01 -2.636328e+01 2.077559e+01
    endloop
  endfacet
  facet normal 4.518996e-15 -7.071068e-01 7.071068e-01
    outer loop
      vertex   -7.089597e+01 -2.355715e+01 2.358172e+01
      vertex   -4.654183e+01 -2.636328e+01 2.077559e+01
      vertex   -5.905597e+01 -1.761705e+01 2.952182e+01
    endloop
  endfacet
  facet normal -1.655809e-14 -7.071068e-01 7.071068e-01
    outer loop
      vertex   -5.905597e+01 -1.761705e+01 2.952182e+01
      vertex   -4.654183e+01 -2.636328e+01 2.077559e+01
      vertex   -2.803774e+01 -3.037292e+01 1.676595e+01
    endloop
  endfacet
  facet normal 6.256246e-15 -7.071068e-01 7.071068e-01
    outer loop
      vertex   -5.905597e+01 -1.761705e+01 2.952182e+01
      vertex   -2.803774e+01 -3.037292e+01 1.676595e+01
      vertex   -2.750788e+01 -3.048726e+01 1.665161e+01
    endloop
  endfacet
  facet normal 5.451025e-15 -7.071068e-01 7.071068e-01
    outer loop
      vertex   -2.750788e+01 -3.048726e+01 1.665161e+01
      vertex   8.816745e+01 -3.048726e+01 1.665161e+01
      vertex   -5.905597e+01 -1.761705e+01 2.952182e+01
    endloop
  endfacet
  facet normal 5.353920e-15 -7.071068e-01 7.071068e-01
    outer loop
      vertex   -5.905597e+01 -1.761705e+01 2.952182e+01
      vertex   8.816745e+01 -3.048726e+01 1.665161e+01
      vertex   1.197155e+02 -1.761705e+01 2.952182e+01
    endloop
  endfacet
  facet normal -6.256246e-15 -7.071068e-01 7.071068e-01
    outer loop
      vertex   1.197155e+02 -1.761705e+01 2.952182e+01
      vertex   8.816745e+01 -3.048726e+01 1.665161e+01
      vertex   8.869732e+01 -3.037292e+01 1.676595e+01
    endloop
  endfacet
  facet normal 2.762682e-14 -7.071068e-01 7.071068e-01
    outer loop
      vertex   1.197155e+02 -1.761705e+01 2.952182e+01
      vertex   8.869732e+01 -3.037292e+01 1.676595e+01
      vertex   1.072014e+02 -2.636328e+01 2.077559e+01
    endloop
  endfacet
  facet normal 6.100645e-15 -7.071068e-01 7.071068e-01
    outer loop
      vertex   1.197155e+02 -1.761705e+01 2.952182e+01
      vertex   1.072014e+02 -2.636328e+01 2.077559e+01
      vertex   1.315555e+02 -2.355715e+01 2.358172e+01
    endloop
  endfacet
  facet normal 7.658090e-15 -7.071068e-01 7.071068e-01
    outer loop
      vertex   1.315555e+02 -2.355715e+01 2.358172e+01
      vertex   1.072014e+02 -2.636328e+01 2.077559e+01
      vertex   1.505139e+02 -2.542368e+01 2.171519e+01
    endloop
  endfacet
  facet normal 1.105345e-14 -7.071068e-01 7.071068e-01
    outer loop
      vertex   1.315555e+02 -2.355715e+01 2.358172e+01
      vertex   1.505139e+02 -2.542368e+01 2.171519e+01
      vertex   1.440555e+02 -2.355715e+01 2.358172e+01
    endloop
  endfacet
  facet normal 6.853225e-15 -7.071068e-01 7.071068e-01
    outer loop
      vertex   1.440555e+02 -2.355715e+01 2.358172e+01
      vertex   1.505139e+02 -2.542368e+01 2.171519e+01
      vertex   1.440555e+02 -1.931451e+01 2.782436e+01
    endloop
  endfacet
  facet normal 8.301063e-15 -7.071068e-01 7.071068e-01
    outer loop
      vertex   1.440555e+02 -1.931451e+01 2.782436e+01
      vertex   1.505139e+02 -2.542368e+01 2.171519e+01
      vertex   1.321624e+02 6.690874e+01 1.140476e+02
    endloop
  endfacet
  facet normal 9.146524e-15 -7.071068e-01 7.071068e-01
    outer loop
      vertex   1.440555e+02 -1.931451e+01 2.782436e+01
      vertex   1.321624e+02 6.690874e+01 1.140476e+02
      vertex   1.343669e+02 -9.671321e+00 3.746755e+01
    endloop
  endfacet
  facet normal 1.741120e-14 -7.071068e-01 7.071068e-01
    outer loop
      vertex   1.343669e+02 -9.671321e+00 3.746755e+01
      vertex   1.321624e+02 6.690874e+01 1.140476e+02
      vertex   1.197155e+02 6.365781e+01 1.107967e+02
    endloop
  endfacet
  facet normal 6.488322e-10 -7.071068e-01 7.071068e-01
    outer loop
      vertex   1.343669e+02 -9.671321e+00 3.746755e+01
      vertex   1.197155e+02 6.365781e+01 1.107967e+02
      vertex   1.343669e+02 -9.671321e+00 3.746755e+01
    endloop
  endfacet
  facet normal 1.026136e-14 -7.071068e-01 7.071068e-01
    outer loop
      vertex   1.343669e+02 -9.671321e+00 3.746755e+01
      vertex   1.197155e+02 6.365781e+01 1.107967e+02
      vertex   1.197155e+02 -1.761705e+01 2.952182e+01
    endloop
  endfacet
  facet normal 5.834359e-14 -7.071068e-01 7.071068e-01
    outer loop
      vertex   1.343669e+02 -9.671321e+00 3.746755e+01
      vertex   1.197155e+02 -1.761705e+01 2.952182e+01
      vertex   1.343669e+02 -9.954168e+00 3.718470e+01
    endloop
  endfacet
  facet normal 1.069197e-14 -7.071068e-01 7.071068e-01
    outer loop
      vertex   1.343669e+02 -9.954168e+00 3.718470e+01
      vertex   1.197155e+02 -1.761705e+01 2.952182e+01
      vertex   1.315555e+02 -1.931451e+01 2.782436e+01
    endloop
  endfacet
  facet normal 1.115658e-14 -7.071068e-01 7.071068e-01
    outer loop
      vertex   1.343669e+02 -9.954168e+00 3.718470e+01
      vertex   1.315555e+02 -1.931451e+01 2.782436e+01
      vertex   1.359055e+02 -1.860740e+01 2.853147e+01
    endloop
  endfacet
  facet normal 9.800587e-15 -7.071068e-01 7.071068e-01
    outer loop
      vertex   1.359055e+02 -1.860740e+01 2.853147e+01
      vertex   1.315555e+02 -1.931451e+01 2.782436e+01
      vertex   1.359055e+02 -1.931451e+01 2.782436e+01
    endloop
  endfacet
  facet normal 1.380683e-14 -7.071068e-01 7.071068e-01
    outer loop
      vertex   1.197155e+02 6.365781e+01 1.107967e+02
      vertex   1.321624e+02 6.690874e+01 1.140476e+02
      vertex   1.291916e+02 6.873483e+01 1.158737e+02
    endloop
  endfacet
  facet normal -1.787983e-12 -7.071068e-01 7.071068e-01
    outer loop
      vertex   1.291916e+02 6.873483e+01 1.158737e+02
      vertex   1.321624e+02 6.690874e+01 1.140476e+02
      vertex   1.319797e+02 6.739672e+01 1.145356e+02
    endloop
  endfacet
  facet normal -5.992677e-13 -7.071068e-01 7.071068e-01
    outer loop
      vertex   1.291916e+02 6.873483e+01 1.158737e+02
      vertex   1.319797e+02 6.739672e+01 1.145356e+02
      vertex   1.316390e+02 6.784034e+01 1.149792e+02
    endloop
  endfacet
  facet normal -8.260072e-13 -7.071068e-01 7.071068e-01
    outer loop
      vertex   1.316390e+02 6.784034e+01 1.149792e+02
      vertex   1.311598e+02 6.821449e+01 1.153534e+02
      vertex   1.291916e+02 6.873483e+01 1.158737e+02
    endloop
  endfacet
  facet normal -1.216265e-12 -7.071068e-01 7.071068e-01
    outer loop
      vertex   1.291916e+02 6.873483e+01 1.158737e+02
      vertex   1.311598e+02 6.821449e+01 1.153534e+02
      vertex   1.305691e+02 6.849799e+01 1.156369e+02
    endloop
  endfacet
  facet normal -2.232394e-12 -7.071068e-01 7.071068e-01
    outer loop
      vertex   1.291916e+02 6.873483e+01 1.158737e+02
      vertex   1.305691e+02 6.849799e+01 1.156369e+02
      vertex   1.299005e+02 6.867477e+01 1.158136e+02
    endloop
  endfacet
  facet normal 1.072331e-14 -7.071068e-01 7.071068e-01
    outer loop
      vertex   1.291916e+02 6.873483e+01 1.158737e+02
      vertex   -6.853206e+01 6.873483e+01 1.158737e+02
      vertex   1.197155e+02 6.365781e+01 1.107967e+02
    endloop
  endfacet
  facet normal 5.199345e-15 -7.071068e-01 7.071068e-01
    outer loop
      vertex   1.197155e+02 6.365781e+01 1.107967e+02
      vertex   -6.853206e+01 6.873483e+01 1.158737e+02
      vertex   -5.905597e+01 6.365781e+01 1.107967e+02
    endloop
  endfacet
  facet normal -5.775054e-16 -7.071068e-01 7.071068e-01
    outer loop
      vertex   -7.904597e+01 -1.931451e+01 2.782436e+01
      vertex   -7.904597e+01 -1.860740e+01 2.853147e+01
      vertex   -8.339597e+01 -1.931451e+01 2.782436e+01
    endloop
  endfacet
  facet normal 6.119666e-16 -7.071068e-01 7.071068e-01
    outer loop
      vertex   -8.339597e+01 -1.931451e+01 2.782436e+01
      vertex   -7.904597e+01 -1.860740e+01 2.853147e+01
      vertex   -7.370734e+01 -9.954168e+00 3.718470e+01
    endloop
  endfacet
  facet normal -3.666839e-15 -7.071068e-01 7.071068e-01
    outer loop
      vertex   -8.339597e+01 -1.931451e+01 2.782436e+01
      vertex   -7.370734e+01 -9.954168e+00 3.718470e+01
      vertex   -7.370734e+01 -9.671321e+00 3.746755e+01
    endloop
  endfacet
  facet normal 1.322183e-15 -7.071068e-01 7.071068e-01
    outer loop
      vertex   -7.904597e+01 -1.860740e+01 2.853147e+01
      vertex   -7.524597e+01 -1.860740e+01 2.853147e+01
      vertex   -7.370734e+01 -9.954168e+00 3.718470e+01
    endloop
  endfacet
  facet normal 0.000000e+00 -7.071068e-01 7.071068e-01
    outer loop
      vertex   -7.370734e+01 -9.954168e+00 3.718470e+01
      vertex   -7.524597e+01 -1.860740e+01 2.853147e+01
      vertex   -7.089597e+01 -1.931451e+01 2.782436e+01
    endloop
  endfacet
  facet normal 4.346327e-16 -7.071068e-01 7.071068e-01
    outer loop
      vertex   -7.370734e+01 -9.954168e+00 3.718470e+01
      vertex   -7.089597e+01 -1.931451e+01 2.782436e+01
      vertex   -5.905597e+01 -1.761705e+01 2.952182e+01
    endloop
  endfacet
  facet normal 6.501306e-16 -7.071068e-01 7.071068e-01
    outer loop
      vertex   -5.905597e+01 -1.761705e+01 2.952182e+01
      vertex   -7.089597e+01 -1.931451e+01 2.782436e+01
      vertex   -7.089597e+01 -2.355715e+01 2.358172e+01
    endloop
  endfacet
  facet normal 1.174029e-15 -7.071068e-01 7.071068e-01
    outer loop
      vertex   -7.524597e+01 -1.860740e+01 2.853147e+01
      vertex   -7.524597e+01 -1.931451e+01 2.782436e+01
      vertex   -7.089597e+01 -1.931451e+01 2.782436e+01
    endloop
  endfacet
  facet normal 1.080144e-15 -7.071068e-01 7.071068e-01
    outer loop
      vertex   -5.905597e+01 6.365781e+01 1.107967e+02
      vertex   -7.370731e+01 -9.671321e+00 3.746755e+01
      vertex   -5.905597e+01 -1.761705e+01 2.952182e+01
    endloop
  endfacet
  facet normal -4.728104e-14 -7.071068e-01 7.071068e-01
    outer loop
      vertex   -5.905597e+01 -1.761705e+01 2.952182e+01
      vertex   -7.370731e+01 -9.671321e+00 3.746755e+01
      vertex   -7.370734e+01 -9.954168e+00 3.718470e+01
    endloop
  endfacet
  facet normal -1.386523e-14 -7.071068e-01 7.071068e-01
    outer loop
      vertex   1.343669e+02 -9.671321e+00 3.746755e+01
      vertex   1.343669e+02 -9.954168e+00 3.718470e+01
      vertex   1.440555e+02 -1.931451e+01 2.782436e+01
    endloop
  endfacet
  facet normal 8.344999e-15 -7.071068e-01 7.071068e-01
    outer loop
      vertex   1.440555e+02 -1.931451e+01 2.782436e+01
      vertex   1.343669e+02 -9.954168e+00 3.718470e+01
      vertex   1.397055e+02 -1.860740e+01 2.853147e+01
    endloop
  endfacet
  facet normal 1.097260e-14 -7.071068e-01 7.071068e-01
    outer loop
      vertex   1.440555e+02 -1.931451e+01 2.782436e+01
      vertex   1.397055e+02 -1.860740e+01 2.853147e+01
      vertex   1.397055e+02 -1.931451e+01 2.782436e+01
    endloop
  endfacet
  facet normal 1.065214e-14 -7.071068e-01 7.071068e-01
    outer loop
      vertex   1.315555e+02 -2.355715e+01 2.358172e+01
      vertex   1.315555e+02 -1.931451e+01 2.782436e+01
      vertex   1.197155e+02 -1.761705e+01 2.952182e+01
    endloop
  endfacet
  facet normal 1.057746e-14 -7.071068e-01 7.071068e-01
    outer loop
      vertex   1.359055e+02 -1.860740e+01 2.853147e+01
      vertex   1.397055e+02 -1.860740e+01 2.853147e+01
      vertex   1.343669e+02 -9.954168e+00 3.718470e+01
    endloop
  endfacet
  facet normal 2.094296e-02 -9.992090e-01 3.380539e-02
    outer loop
      vertex   1.505139e+02 -2.542368e+01 2.171519e+01
      vertex   1.072014e+02 -2.636328e+01 2.077559e+01
      vertex   1.518533e+02 -2.583757e+01 8.651985e+00
    endloop
  endfacet
  facet normal 2.094296e-02 -9.992090e-01 3.380539e-02
    outer loop
      vertex   1.518533e+02 -2.583757e+01 8.651985e+00
      vertex   1.072014e+02 -2.636328e+01 2.077559e+01
      vertex   1.064663e+02 -2.652257e+01 1.652283e+01
    endloop
  endfacet
  facet normal -9.902681e-01 9.841024e-02 9.841024e-02
    outer loop
      vertex   -9.032155e+01 -1.687668e+01 8.467104e+00
      vertex   -9.119369e+01 -2.583757e+01 8.651985e+00
      vertex   -8.937696e+01 -1.481922e+01 1.591478e+01
    endloop
  endfacet
  facet normal -9.902681e-01 9.841024e-02 9.841024e-02
    outer loop
      vertex   -8.937696e+01 -1.481922e+01 1.591478e+01
      vertex   -9.119369e+01 -2.583757e+01 8.651985e+00
      vertex   -8.985437e+01 -2.542368e+01 2.171519e+01
    endloop
  endfacet
  facet normal -9.902681e-01 9.841024e-02 9.841024e-02
    outer loop
      vertex   -8.937696e+01 -1.481922e+01 1.591478e+01
      vertex   -8.985437e+01 -2.542368e+01 2.171519e+01
      vertex   -7.150286e+01 6.690874e+01 1.140476e+02
    endloop
  endfacet
  facet normal -9.902681e-01 9.841024e-02 9.841024e-02
    outer loop
      vertex   -7.150286e+01 6.690874e+01 1.140476e+02
      vertex   -7.150286e+01 7.511118e+01 1.058452e+02
      vertex   -8.937696e+01 -1.481922e+01 1.591478e+01
    endloop
  endfacet
  facet normal -9.902681e-01 9.841024e-02 9.841025e-02
    outer loop
      vertex   -8.937696e+01 -1.481922e+01 1.591478e+01
      vertex   -8.937696e+01 -1.446566e+01 1.556123e+01
      vertex   -9.032155e+01 -1.687668e+01 8.467104e+00
    endloop
  endfacet
  facet normal -9.902681e-01 9.841024e-02 9.841024e-02
    outer loop
      vertex   -9.032155e+01 -1.687668e+01 8.467104e+00
      vertex   -8.937696e+01 -1.446566e+01 1.556123e+01
      vertex   -8.937696e+01 -1.032822e+01 1.142378e+01
    endloop
  endfacet
  facet normal -9.902681e-01 9.841024e-02 9.841024e-02
    outer loop
      vertex   -9.032155e+01 -1.687668e+01 8.467104e+00
      vertex   -8.937696e+01 -1.032822e+01 1.142378e+01
      vertex   -8.966087e+01 -1.057894e+01 8.817558e+00
    endloop
  endfacet
  facet normal -9.902681e-01 9.841024e-02 9.841024e-02
    outer loop
      vertex   -8.966087e+01 -1.057894e+01 8.817558e+00
      vertex   -9.044281e+01 -1.685040e+01 7.220644e+00
      vertex   -9.032155e+01 -1.687668e+01 8.467104e+00
    endloop
  endfacet
  facet normal 6.813958e-01 7.301311e-01 -5.107108e-02
    outer loop
      vertex   5.175256e-01 -2.682714e+01 1.516933e+01
      vertex   5.175256e-01 -2.836555e+01 -6.824305e+00
      vertex   -2.534299e-02 -2.706688e+01 4.499029e+00
    endloop
  endfacet
  facet normal 6.830865e-01 7.285678e-01 -5.081073e-02
    outer loop
      vertex   -2.534299e-02 -2.706688e+01 4.499029e+00
      vertex   5.175256e-01 -2.836555e+01 -6.824305e+00
      vertex   -1.350656e-01 -2.775593e+01 -6.856255e+00
    endloop
  endfacet
  facet normal 7.731684e-01 6.325409e-01 -4.585415e-02
    outer loop
      vertex   -2.534299e-02 -2.706688e+01 4.499029e+00
      vertex   -1.350656e-01 -2.775593e+01 -6.856255e+00
      vertex   -4.951606e-01 -2.649550e+01 4.459087e+00
    endloop
  endfacet
  facet normal 7.862465e-01 6.163702e-01 -4.363670e-02
    outer loop
      vertex   -4.951606e-01 -2.649550e+01 4.459087e+00
      vertex   -1.350656e-01 -2.775593e+01 -6.856255e+00
      vertex   -6.869941e-01 -2.705449e+01 -6.893016e+00
    endloop
  endfacet
  facet normal 8.788079e-01 4.756385e-01 -3.827116e-02
    outer loop
      vertex   -4.951606e-01 -2.649550e+01 4.459087e+00
      vertex   -6.869941e-01 -2.705449e+01 -6.893016e+00
      vertex   -1.202573e+00 -2.519577e+01 4.368219e+00
    endloop
  endfacet
  facet normal 8.710698e-01 4.894530e-01 -4.090558e-02
    outer loop
      vertex   -1.202573e+00 -2.519577e+01 4.368219e+00
      vertex   -6.869941e-01 -2.705449e+01 -6.893016e+00
      vertex   -1.126547e+00 -2.627563e+01 -6.933833e+00
    endloop
  endfacet
  facet normal 9.356668e-01 3.518256e-01 -2.732136e-02
    outer loop
      vertex   -1.202573e+00 -2.519577e+01 4.368219e+00
      vertex   -1.126547e+00 -2.627563e+01 -6.933833e+00
      vertex   -1.441544e+00 -2.544131e+01 -6.977559e+00
    endloop
  endfacet
  facet normal 9.669285e-01 2.537337e-01 -2.585699e-02
    outer loop
      vertex   -1.202573e+00 -2.519577e+01 4.368219e+00
      vertex   -1.441544e+00 -2.544131e+01 -6.977559e+00
      vertex   -1.580762e+00 -2.376477e+01 4.268163e+00
    endloop
  endfacet
  facet normal 9.784184e-01 2.057974e-01 -1.856828e-02
    outer loop
      vertex   -1.580762e+00 -2.376477e+01 4.268163e+00
      vertex   -1.441544e+00 -2.544131e+01 -6.977559e+00
      vertex   -1.626312e+00 -2.456700e+01 -7.023379e+00
    endloop
  endfacet
  facet normal 9.984547e-01 5.500147e-02 -7.935454e-03
    outer loop
      vertex   -1.580762e+00 -2.376477e+01 4.268163e+00
      vertex   -1.626312e+00 -2.456700e+01 -7.023379e+00
      vertex   -1.675786e+00 -2.367562e+01 -7.070094e+00
    endloop
  endfacet
  facet normal 9.998052e-01 1.793523e-02 -8.238205e-03
    outer loop
      vertex   -1.580762e+00 -2.376477e+01 4.268163e+00
      vertex   -1.675786e+00 -2.367562e+01 -7.070094e+00
      vertex   -1.608217e+00 -2.228189e+01 4.164472e+00
    endloop
  endfacet
  facet normal 9.952902e-01 -9.675348e-02 6.016878e-03
    outer loop
      vertex   -1.608217e+00 -2.228189e+01 4.164472e+00
      vertex   -1.675786e+00 -2.367562e+01 -7.070094e+00
      vertex   -1.589208e+00 -2.278789e+01 -7.116618e+00
    endloop
  endfacet
  facet normal 9.855413e-01 -1.691828e-01 9.249181e-03
    outer loop
      vertex   -1.608217e+00 -2.228189e+01 4.164472e+00
      vertex   -1.589208e+00 -2.278789e+01 -7.116618e+00
      vertex   -1.482655e+00 -2.155324e+01 4.113516e+00
    endloop
  endfacet
  facet normal 9.689767e-01 -2.465027e-01 1.790698e-02
    outer loop
      vertex   -1.482655e+00 -2.155324e+01 4.113516e+00
      vertex   -1.589208e+00 -2.278789e+01 -7.116618e+00
      vertex   -1.367959e+00 -2.192149e+01 -7.162025e+00
    endloop
  endfacet
  facet normal 9.541643e-01 -2.986498e-01 1.945938e-02
    outer loop
      vertex   -1.482655e+00 -2.155324e+01 4.113516e+00
      vertex   -1.367959e+00 -2.192149e+01 -7.162025e+00
      vertex   -1.260568e+00 -2.084691e+01 4.064118e+00
    endloop
  endfacet
  facet normal 9.201236e-01 -3.905835e-01 2.858502e-02
    outer loop
      vertex   -1.260568e+00 -2.084691e+01 4.064118e+00
      vertex   -1.367959e+00 -2.192149e+01 -7.162025e+00
      vertex   -1.018317e+00 -2.110096e+01 -7.205027e+00
    endloop
  endfacet
  facet normal 9.029550e-01 -4.287503e-01 2.907638e-02
    outer loop
      vertex   -1.260568e+00 -2.084691e+01 4.064118e+00
      vertex   -1.018317e+00 -2.110096e+01 -7.205027e+00
      vertex   -9.407429e-01 -2.017653e+01 4.017233e+00
    endloop
  endfacet
  facet normal 8.498912e-01 -5.256277e-01 3.742341e-02
    outer loop
      vertex   -9.407429e-01 -2.017653e+01 4.017233e+00
      vertex   -1.018317e+00 -2.110096e+01 -7.205027e+00
      vertex   -5.470644e-01 -2.034182e+01 -7.244811e+00
    endloop
  endfacet
  facet normal 8.347458e-01 -5.493746e-01 3.724251e-02
    outer loop
      vertex   -9.407429e-01 -2.017653e+01 4.017233e+00
      vertex   -5.470644e-01 -2.034182e+01 -7.244811e+00
      vertex   -5.363469e-01 -1.956497e+01 3.974458e+00
    endloop
  endfacet
  facet normal 7.545835e-01 -6.546858e-01 4.461107e-02
    outer loop
      vertex   -5.363469e-01 -1.956497e+01 3.974458e+00
      vertex   -5.470644e-01 -2.034182e+01 -7.244811e+00
      vertex   -4.617487e-02 -1.900268e+01 3.935126e+00
    endloop
  endfacet
  facet normal 7.545836e-01 -6.545255e-01 4.690384e-02
    outer loop
      vertex   -5.363469e-01 -1.956497e+01 3.974458e+00
      vertex   -4.617487e-02 -1.900268e+01 3.935126e+00
      vertex   -5.462299e-01 -1.877413e+01 1.516933e+01
    endloop
  endfacet
  facet normal 7.597427e-01 -6.485222e-01 4.701134e-02
    outer loop
      vertex   -5.462299e-01 -1.877413e+01 1.516933e+01
      vertex   -4.617487e-02 -1.900268e+01 3.935126e+00
      vertex   3.423205e-02 -1.809412e+01 1.516933e+01
    endloop
  endfacet
  facet normal 6.654732e-01 -7.443602e-01 5.543694e-02
    outer loop
      vertex   3.423205e-02 -1.809412e+01 1.516933e+01
      vertex   -4.617487e-02 -1.900268e+01 3.935126e+00
      vertex   5.074738e-01 -1.851028e+01 3.900679e+00
    endloop
  endfacet
  facet normal 6.518573e-01 -7.563221e-01 5.530688e-02
    outer loop
      vertex   3.423205e-02 -1.809412e+01 1.516933e+01
      vertex   5.074738e-01 -1.851028e+01 3.900679e+00
      vertex   7.129680e-01 -1.750913e+01 1.516933e+01
    endloop
  endfacet
  facet normal 5.203063e-01 -8.514135e-01 6.615406e-02
    outer loop
      vertex   7.129680e-01 -1.750913e+01 1.516933e+01
      vertex   5.074738e-01 -1.851028e+01 3.900679e+00
      vertex   1.775480e+00 -1.773958e+01 3.846753e+00
    endloop
  endfacet
  facet normal 5.284372e-01 -8.463392e-01 6.681378e-02
    outer loop
      vertex   7.129680e-01 -1.750913e+01 1.516933e+01
      vertex   1.775480e+00 -1.773958e+01 3.846753e+00
      vertex   1.472101e+00 -1.703515e+01 1.516933e+01
    endloop
  endfacet
  facet normal 3.930096e-01 -9.170473e-01 6.758419e-02
    outer loop
      vertex   1.472101e+00 -1.703515e+01 1.516933e+01
      vertex   1.775480e+00 -1.773958e+01 3.846753e+00
      vertex   2.294083e+00 -1.668288e+01 1.516933e+01
    endloop
  endfacet
  facet normal 3.052147e-01 -9.493554e-01 7.462063e-02
    outer loop
      vertex   2.294083e+00 -1.668288e+01 1.516933e+01
      vertex   1.775480e+00 -1.773958e+01 3.846753e+00
      vertex   3.188403e+00 -1.728781e+01 3.815126e+00
    endloop
  endfacet
  facet normal 2.480281e-01 -9.661467e-01 7.101090e-02
    outer loop
      vertex   2.294083e+00 -1.668288e+01 1.516933e+01
      vertex   3.188403e+00 -1.728781e+01 3.815126e+00
      vertex   3.162332e+00 -1.645998e+01 1.516933e+01
    endloop
  endfacet
  facet normal 1.268506e-01 -9.892747e-01 7.241891e-02
    outer loop
      vertex   3.162332e+00 -1.645998e+01 1.516933e+01
      vertex   3.188403e+00 -1.728781e+01 3.815126e+00
      vertex   3.923199e+00 -1.719407e+01 3.808552e+00
    endloop
  endfacet
  facet normal 9.721343e-02 -9.927522e-01 7.065871e-02
    outer loop
      vertex   3.162332e+00 -1.645998e+01 1.516933e+01
      vertex   3.923199e+00 -1.719407e+01 3.808552e+00
      vertex   4.051998e+00 -1.637286e+01 1.516933e+01
    endloop
  endfacet
  facet normal -1.416554e-03 -9.973955e-01 7.211254e-02
    outer loop
      vertex   4.051998e+00 -1.637286e+01 1.516933e+01
      vertex   3.923199e+00 -1.719407e+01 3.808552e+00
      vertex   4.663011e+00 -1.719512e+01 3.808606e+00
    endloop
  endfacet
  facet normal -5.589335e-02 -9.960438e-01 6.908478e-02
    outer loop
      vertex   4.051998e+00 -1.637286e+01 1.516933e+01
      vertex   4.663011e+00 -1.719512e+01 3.808606e+00
      vertex   4.946302e+00 -1.642305e+01 1.516933e+01
    endloop
  endfacet
  facet normal -1.363649e-01 -9.881430e-01 7.055449e-02
    outer loop
      vertex   4.946302e+00 -1.642305e+01 1.516933e+01
      vertex   4.663011e+00 -1.719512e+01 3.808606e+00
      vertex   5.397436e+00 -1.729597e+01 3.815638e+00
    endloop
  endfacet
  facet normal -2.078057e-01 -9.758884e-01 6.677362e-02
    outer loop
      vertex   4.946302e+00 -1.642305e+01 1.516933e+01
      vertex   5.397436e+00 -1.729597e+01 3.815638e+00
      vertex   5.821792e+00 -1.660947e+01 1.516933e+01
    endloop
  endfacet
  facet normal -2.727181e-01 -9.596723e-01 6.821930e-02
    outer loop
      vertex   5.821792e+00 -1.660947e+01 1.516933e+01
      vertex   5.397436e+00 -1.729597e+01 3.815638e+00
      vertex   6.113872e+00 -1.749856e+01 3.829786e+00
    endloop
  endfacet
  facet normal -3.546393e-01 -9.328100e-01 6.400305e-02
    outer loop
      vertex   5.821792e+00 -1.660947e+01 1.516933e+01
      vertex   6.113872e+00 -1.749856e+01 3.829786e+00
      vertex   6.657554e+00 -1.692722e+01 1.516933e+01
    endloop
  endfacet
  facet normal -3.972292e-01 -9.154027e-01 6.516798e-02
    outer loop
      vertex   6.657554e+00 -1.692722e+01 1.516933e+01
      vertex   6.113872e+00 -1.749856e+01 3.829786e+00
      vertex   6.796942e+00 -1.779350e+01 3.850393e+00
    endloop
  endfacet
  facet normal -4.931643e-01 -8.678406e-01 6.034645e-02
    outer loop
      vertex   6.657554e+00 -1.692722e+01 1.516933e+01
      vertex   6.796942e+00 -1.779350e+01 3.850393e+00
      vertex   7.436981e+00 -1.737014e+01 1.516933e+01
    endloop
  endfacet
  facet normal -5.101561e-01 -8.579205e-01 6.093623e-02
    outer loop
      vertex   7.436981e+00 -1.737014e+01 1.516933e+01
      vertex   6.796942e+00 -1.779350e+01 3.850393e+00
      vertex   7.434167e+00 -1.817055e+01 3.876742e+00
    endloop
  endfacet
  facet normal -6.200144e-01 -7.826160e-01 5.562605e-02
    outer loop
      vertex   7.436981e+00 -1.737014e+01 1.516933e+01
      vertex   7.434167e+00 -1.817055e+01 3.876742e+00
      vertex   8.137800e+00 -1.792535e+01 1.516933e+01
    endloop
  endfacet
  facet normal -6.601282e-01 -7.489571e-01 5.739465e-02
    outer loop
      vertex   8.137800e+00 -1.792535e+01 1.516933e+01
      vertex   7.434167e+00 -1.817055e+01 3.876742e+00
      vertex   8.554781e+00 -1.915300e+01 3.945412e+00
    endloop
  endfacet
  facet normal -7.322902e-01 -6.793618e-01 4.710157e-02
    outer loop
      vertex   8.137800e+00 -1.792535e+01 1.516933e+01
      vertex   8.554781e+00 -1.915300e+01 3.945412e+00
      vertex   8.746842e+00 -1.858184e+01 1.516933e+01
    endloop
  endfacet
  facet normal -7.876427e-01 -6.145052e-01 4.474837e-02
    outer loop
      vertex   8.746842e+00 -1.858184e+01 1.516933e+01
      vertex   8.554781e+00 -1.915300e+01 3.945412e+00
      vertex   9.013838e+00 -1.973841e+01 3.986336e+00
    endloop
  endfacet
  facet normal -8.274598e-01 -5.602252e-01 3.818397e-02
    outer loop
      vertex   8.746842e+00 -1.858184e+01 1.516933e+01
      vertex   9.013838e+00 -1.973841e+01 3.986336e+00
      vertex   9.248975e+00 -1.932350e+01 1.516933e+01
    endloop
  endfacet
  facet normal -8.594653e-01 -5.098542e-01 3.698806e-02
    outer loop
      vertex   9.248975e+00 -1.932350e+01 1.516933e+01
      vertex   9.013838e+00 -1.973841e+01 3.986336e+00
      vertex   9.394566e+00 -2.037697e+01 4.030978e+00
    endloop
  endfacet
  facet normal -9.032113e-01 -4.282357e-01 2.869673e-02
    outer loop
      vertex   9.248975e+00 -1.932350e+01 1.516933e+01
      vertex   9.394566e+00 -2.037697e+01 4.030978e+00
      vertex   9.632062e+00 -2.013149e+01 1.516933e+01
    endloop
  endfacet
  facet normal -9.193913e-01 -3.923285e-01 2.825035e-02
    outer loop
      vertex   9.632062e+00 -2.013149e+01 1.516933e+01
      vertex   9.394566e+00 -2.037697e+01 4.030978e+00
      vertex   9.687729e+00 -2.106053e+01 4.078770e+00
    endloop
  endfacet
  facet normal -9.579443e-01 -2.863128e-01 1.917600e-02
    outer loop
      vertex   9.632062e+00 -2.013149e+01 1.516933e+01
      vertex   9.687729e+00 -2.106053e+01 4.078770e+00
      vertex   9.888825e+00 -2.099056e+01 1.516933e+01
    endloop
  endfacet
  facet normal -9.646330e-01 -2.628999e-01 1.914957e-02
    outer loop
      vertex   9.888825e+00 -2.099056e+01 1.516933e+01
      vertex   9.687729e+00 -2.106053e+01 4.078770e+00
      vertex   9.883579e+00 -2.177551e+01 4.128761e+00
    endloop
  endfacet
  facet normal -9.910336e-01 -1.332422e-01 9.943963e-03
    outer loop
      vertex   9.888825e+00 -2.099056e+01 1.516933e+01
      vertex   9.883579e+00 -2.177551e+01 4.128761e+00
      vertex   9.982759e+00 -2.250936e+01 4.180074e+00
    endloop
  endfacet
  facet normal -9.910337e-01 -1.333210e-01 8.817037e-03
    outer loop
      vertex   9.982759e+00 -2.250936e+01 4.180074e+00
      vertex   9.883579e+00 -2.177551e+01 4.128761e+00
      vertex   9.886534e+00 -2.254202e+01 -7.129504e+00
    endloop
  endfacet
  facet normal -9.902581e-01 -1.389643e-01 8.826736e-03
    outer loop
      vertex   9.982759e+00 -2.250936e+01 4.180074e+00
      vertex   9.886534e+00 -2.254202e+01 -7.129504e+00
      vertex   1.001117e+01 -2.342726e+01 -7.083111e+00
    endloop
  endfacet
  facet normal 7.597808e-01 -6.487116e-01 4.366263e-02
    outer loop
      vertex   -5.470644e-01 -2.034182e+01 -7.244811e+00
      vertex   3.435742e-02 -1.966324e+01 -7.280374e+00
      vertex   -4.617487e-02 -1.900268e+01 3.935126e+00
    endloop
  endfacet
  facet normal 6.654730e-01 -7.448350e-01 4.864682e-02
    outer loop
      vertex   -4.617487e-02 -1.900268e+01 3.935126e+00
      vertex   3.435742e-02 -1.966324e+01 -7.280374e+00
      vertex   5.074738e-01 -1.851028e+01 3.900679e+00
    endloop
  endfacet
  facet normal 6.519784e-01 -7.565589e-01 5.042678e-02
    outer loop
      vertex   3.435742e-02 -1.966324e+01 -7.280374e+00
      vertex   7.113777e-01 -1.908184e+01 -7.310844e+00
      vertex   5.074738e-01 -1.851028e+01 3.900679e+00
    endloop
  endfacet
  facet normal 5.203059e-01 -8.523390e-01 5.291491e-02
    outer loop
      vertex   5.074738e-01 -1.851028e+01 3.900679e+00
      vertex   7.113777e-01 -1.908184e+01 -7.310844e+00
      vertex   1.775480e+00 -1.773958e+01 3.846753e+00
    endloop
  endfacet
  facet normal 5.288509e-01 -8.471523e-01 5.147600e-02
    outer loop
      vertex   7.113777e-01 -1.908184e+01 -7.310844e+00
      vertex   1.471235e+00 -1.860899e+01 -7.335625e+00
      vertex   1.775480e+00 -1.773958e+01 3.846753e+00
    endloop
  endfacet
  facet normal 3.932408e-01 -9.174343e-01 6.062992e-02
    outer loop
      vertex   1.775480e+00 -1.773958e+01 3.846753e+00
      vertex   1.471235e+00 -1.860899e+01 -7.335625e+00
      vertex   2.292283e+00 -1.825828e+01 -7.354005e+00
    endloop
  endfacet
  facet normal 3.052140e-01 -9.505098e-01 5.810007e-02
    outer loop
      vertex   1.775480e+00 -1.773958e+01 3.846753e+00
      vertex   2.292283e+00 -1.825828e+01 -7.354005e+00
      vertex   3.188403e+00 -1.728781e+01 3.815126e+00
    endloop
  endfacet
  facet normal 2.485077e-01 -9.665106e-01 6.404001e-02
    outer loop
      vertex   3.188403e+00 -1.728781e+01 3.815126e+00
      vertex   2.292283e+00 -1.825828e+01 -7.354005e+00
      vertex   3.158205e+00 -1.803640e+01 -7.365633e+00
    endloop
  endfacet
  facet normal 9.777775e-02 -9.930027e-01 6.622086e-02
    outer loop
      vertex   3.188403e+00 -1.728781e+01 3.815126e+00
      vertex   3.158205e+00 -1.803640e+01 -7.365633e+00
      vertex   4.048517e+00 -1.794904e+01 -7.370212e+00
    endloop
  endfacet
  facet normal -5.514816e-02 -9.960071e-01 7.020412e-02
    outer loop
      vertex   4.939953e+00 -1.799822e+01 -7.367634e+00
      vertex   4.663011e+00 -1.719512e+01 3.808606e+00
      vertex   4.048517e+00 -1.794904e+01 -7.370212e+00
    endloop
  endfacet
  facet normal -1.416678e-03 -9.977273e-01 6.736655e-02
    outer loop
      vertex   4.048517e+00 -1.794904e+01 -7.370212e+00
      vertex   4.663011e+00 -1.719512e+01 3.808606e+00
      vertex   3.923199e+00 -1.719407e+01 3.808552e+00
    endloop
  endfacet
  facet normal 1.268511e-01 -9.895707e-01 6.825362e-02
    outer loop
      vertex   4.048517e+00 -1.794904e+01 -7.370212e+00
      vertex   3.923199e+00 -1.719407e+01 3.808552e+00
      vertex   3.188403e+00 -1.728781e+01 3.815126e+00
    endloop
  endfacet
  facet normal -1.363650e-01 -9.883467e-01 6.764116e-02
    outer loop
      vertex   4.663011e+00 -1.719512e+01 3.808606e+00
      vertex   4.939953e+00 -1.799822e+01 -7.367634e+00
      vertex   5.397436e+00 -1.729597e+01 3.815638e+00
    endloop
  endfacet
  facet normal -2.068213e-01 -9.758899e-01 6.974115e-02
    outer loop
      vertex   5.397436e+00 -1.729597e+01 3.815638e+00
      vertex   4.939953e+00 -1.799822e+01 -7.367634e+00
      vertex   5.815825e+00 -1.818315e+01 -7.357942e+00
    endloop
  endfacet
  facet normal -2.727182e-01 -9.598276e-01 6.599834e-02
    outer loop
      vertex   5.397436e+00 -1.729597e+01 3.815638e+00
      vertex   5.815825e+00 -1.818315e+01 -7.357942e+00
      vertex   6.113872e+00 -1.749856e+01 3.829786e+00
    endloop
  endfacet
  facet normal -3.536537e-01 -9.330086e-01 6.651342e-02
    outer loop
      vertex   6.113872e+00 -1.749856e+01 3.829786e+00
      vertex   5.815825e+00 -1.818315e+01 -7.357942e+00
      vertex   6.651252e+00 -1.849864e+01 -7.341409e+00
    endloop
  endfacet
  facet normal -3.972293e-01 -9.155644e-01 6.285559e-02
    outer loop
      vertex   6.113872e+00 -1.749856e+01 3.829786e+00
      vertex   6.651252e+00 -1.849864e+01 -7.341409e+00
      vertex   6.796942e+00 -1.779350e+01 3.850393e+00
    endloop
  endfacet
  facet normal -4.920403e-01 -8.684243e-01 6.111976e-02
    outer loop
      vertex   6.796942e+00 -1.779350e+01 3.850393e+00
      vertex   6.651252e+00 -1.849864e+01 -7.341409e+00
      vertex   7.429257e+00 -1.893783e+01 -7.318392e+00
    endloop
  endfacet
  facet normal -5.101561e-01 -8.580536e-01 5.903159e-02
    outer loop
      vertex   6.796942e+00 -1.779350e+01 3.850393e+00
      vertex   7.429257e+00 -1.893783e+01 -7.318392e+00
      vertex   7.434167e+00 -1.817055e+01 3.876742e+00
    endloop
  endfacet
  facet normal -6.190047e-01 -7.835306e-01 5.397179e-02
    outer loop
      vertex   7.434167e+00 -1.817055e+01 3.876742e+00
      vertex   7.429257e+00 -1.893783e+01 -7.318392e+00
      vertex   8.132060e+00 -1.949106e+01 -7.289398e+00
    endloop
  endfacet
  facet normal -6.601283e-01 -7.496561e-01 4.739555e-02
    outer loop
      vertex   7.434167e+00 -1.817055e+01 3.876742e+00
      vertex   8.132060e+00 -1.949106e+01 -7.289398e+00
      vertex   8.554781e+00 -1.915300e+01 3.945412e+00
    endloop
  endfacet
  facet normal -7.313652e-01 -6.802956e-01 4.798882e-02
    outer loop
      vertex   8.554781e+00 -1.915300e+01 3.945412e+00
      vertex   8.132060e+00 -1.949106e+01 -7.289398e+00
      vertex   8.740894e+00 -2.014319e+01 -7.255221e+00
    endloop
  endfacet
  facet normal -7.876428e-01 -6.147492e-01 4.125908e-02
    outer loop
      vertex   8.554781e+00 -1.915300e+01 3.945412e+00
      vertex   8.740894e+00 -2.014319e+01 -7.255221e+00
      vertex   9.013838e+00 -1.973841e+01 3.986336e+00
    endloop
  endfacet
  facet normal -8.266369e-01 -5.612922e-01 4.028103e-02
    outer loop
      vertex   9.013838e+00 -1.973841e+01 3.986336e+00
      vertex   8.740894e+00 -2.014319e+01 -7.255221e+00
      vertex   9.244574e+00 -2.088220e+01 -7.216492e+00
    endloop
  endfacet
  facet normal -8.594654e-01 -5.100371e-01 3.437186e-02
    outer loop
      vertex   9.013838e+00 -1.973841e+01 3.986336e+00
      vertex   9.244574e+00 -2.088220e+01 -7.216492e+00
      vertex   9.394566e+00 -2.037697e+01 4.030978e+00
    endloop
  endfacet
  facet normal -9.026406e-01 -4.292540e-01 3.131893e-02
    outer loop
      vertex   9.394566e+00 -2.037697e+01 4.030978e+00
      vertex   9.244574e+00 -2.088220e+01 -7.216492e+00
      vertex   9.629047e+00 -2.168759e+01 -7.174283e+00
    endloop
  endfacet
  facet normal -9.193913e-01 -3.924395e-01 2.666240e-02
    outer loop
      vertex   9.394566e+00 -2.037697e+01 4.030978e+00
      vertex   9.629047e+00 -2.168759e+01 -7.174283e+00
      vertex   9.687729e+00 -2.106053e+01 4.078770e+00
    endloop
  endfacet
  facet normal -9.575611e-01 -2.874634e-01 2.101184e-02
    outer loop
      vertex   9.687729e+00 -2.106053e+01 4.078770e+00
      vertex   9.629047e+00 -2.168759e+01 -7.174283e+00
      vertex   9.886534e+00 -2.254202e+01 -7.129504e+00
    endloop
  endfacet
  facet normal -9.646331e-01 -2.630046e-01 1.765347e-02
    outer loop
      vertex   9.687729e+00 -2.106053e+01 4.078770e+00
      vertex   9.886534e+00 -2.254202e+01 -7.129504e+00
      vertex   9.883579e+00 -2.177551e+01 4.128761e+00
    endloop
  endfacet
  facet normal -9.999703e-01 -7.460947e-03 -1.914668e-03
    outer loop
      vertex   9.982759e+00 -2.250936e+01 4.180074e+00
      vertex   1.001117e+01 -2.342726e+01 -7.083111e+00
      vertex   9.988192e+00 -2.325085e+01 4.231924e+00
    endloop
  endfacet
  facet normal -9.999162e-01 1.275324e-02 -2.229711e-03
    outer loop
      vertex   9.988192e+00 -2.325085e+01 4.231924e+00
      vertex   1.001117e+01 -2.342726e+01 -7.083111e+00
      vertex   9.999698e+00 -2.431883e+01 -7.036385e+00
    endloop
  endfacet
  facet normal -9.887023e-01 1.491253e-01 -1.514324e-02
    outer loop
      vertex   9.988192e+00 -2.325085e+01 4.231924e+00
      vertex   9.999698e+00 -2.431883e+01 -7.036385e+00
      vertex   9.810818e+00 -2.441855e+01 4.313582e+00
    endloop
  endfacet
  facet normal -9.863356e-01 1.640670e-01 -1.497258e-02
    outer loop
      vertex   9.810818e+00 -2.441855e+01 4.313582e+00
      vertex   9.999698e+00 -2.431883e+01 -7.036385e+00
      vertex   9.852355e+00 -2.520040e+01 -6.990184e+00
    endloop
  endfacet
  facet normal -9.498035e-01 3.118417e-01 -2.505957e-02
    outer loop
      vertex   9.810818e+00 -2.441855e+01 4.313582e+00
      vertex   9.852355e+00 -2.520040e+01 -6.990184e+00
      vertex   9.572660e+00 -2.604872e+01 -6.945725e+00
    endloop
  endfacet
  facet normal -9.425420e-01 3.328902e-01 -2.826066e-02
    outer loop
      vertex   9.810818e+00 -2.441855e+01 4.313582e+00
      vertex   9.572660e+00 -2.604872e+01 -6.945725e+00
      vertex   9.415309e+00 -2.553178e+01 4.391437e+00
    endloop
  endfacet
  facet normal -8.911685e-01 4.524706e-01 -3.300021e-02
    outer loop
      vertex   9.415309e+00 -2.553178e+01 4.391437e+00
      vertex   9.572660e+00 -2.604872e+01 -6.945725e+00
      vertex   9.166809e+00 -2.684503e+01 -6.903993e+00
    endloop
  endfacet
  facet normal -8.603417e-01 5.081339e-01 -4.015003e-02
    outer loop
      vertex   9.415309e+00 -2.553178e+01 4.391437e+00
      vertex   9.166809e+00 -2.684503e+01 -6.903993e+00
      vertex   8.813440e+00 -2.654522e+01 4.462320e+00
    endloop
  endfacet
  facet normal -8.117115e-01 5.826455e-01 -4.060350e-02
    outer loop
      vertex   8.813440e+00 -2.654522e+01 4.462320e+00
      vertex   9.166809e+00 -2.684503e+01 -6.903993e+00
      vertex   8.644200e+00 -2.757045e+01 -6.865975e+00
    endloop
  endfacet
  facet normal -7.519295e-01 6.574741e-01 -4.826869e-02
    outer loop
      vertex   8.813440e+00 -2.654522e+01 4.462320e+00
      vertex   8.644200e+00 -2.757045e+01 -6.865975e+00
      vertex   8.017526e+00 -2.666942e+01 1.516933e+01
    endloop
  endfacet
  facet normal -7.132855e-01 6.991674e-01 -4.887452e-02
    outer loop
      vertex   8.017526e+00 -2.666942e+01 1.516933e+01
      vertex   8.644200e+00 -2.757045e+01 -6.865975e+00
      vertex   8.017526e+00 -2.820744e+01 -6.832592e+00
    endloop
  endfacet
  facet normal -7.132998e-01 6.994187e-01 -4.491057e-02
    outer loop
      vertex   8.017526e+00 -2.666942e+01 1.516933e+01
      vertex   8.643983e+00 -2.603053e+01 1.516933e+01
      vertex   8.813440e+00 -2.654522e+01 4.462320e+00
    endloop
  endfacet
  facet normal -8.115025e-01 5.829184e-01 -4.086458e-02
    outer loop
      vertex   8.813440e+00 -2.654522e+01 4.462320e+00
      vertex   8.643983e+00 -2.603053e+01 1.516933e+01
      vertex   9.165903e+00 -2.530395e+01 1.516933e+01
    endloop
  endfacet
  facet normal -8.603405e-01 5.087966e-01 -3.066387e-02
    outer loop
      vertex   8.813440e+00 -2.654522e+01 4.462320e+00
      vertex   9.165903e+00 -2.530395e+01 1.516933e+01
      vertex   9.415309e+00 -2.553178e+01 4.391437e+00
    endloop
  endfacet
  facet normal -8.910032e-01 4.529918e-01 -3.019380e-02
    outer loop
      vertex   9.415309e+00 -2.553178e+01 4.391437e+00
      vertex   9.165903e+00 -2.530395e+01 1.516933e+01
      vertex   9.572191e+00 -2.450481e+01 1.516933e+01
    endloop
  endfacet
  facet normal -9.425407e-01 3.336025e-01 -1.806767e-02
    outer loop
      vertex   9.415309e+00 -2.553178e+01 4.391437e+00
      vertex   9.572191e+00 -2.450481e+01 1.516933e+01
      vertex   9.810818e+00 -2.441855e+01 4.313582e+00
    endloop
  endfacet
  facet normal -9.496924e-01 3.126437e-01 -1.839142e-02
    outer loop
      vertex   9.810818e+00 -2.441855e+01 4.313582e+00
      vertex   9.572191e+00 -2.450481e+01 1.516933e+01
      vertex   9.851795e+00 -2.365548e+01 1.516933e+01
    endloop
  endfacet
  facet normal -9.862402e-01 1.651308e-01 -7.884526e-03
    outer loop
      vertex   9.810818e+00 -2.441855e+01 4.313582e+00
      vertex   9.851795e+00 -2.365548e+01 1.516933e+01
      vertex   9.999780e+00 -2.277164e+01 1.516933e+01
    endloop
  endfacet
  facet normal -9.887012e-01 1.497984e-01 -5.515639e-03
    outer loop
      vertex   9.810818e+00 -2.441855e+01 4.313582e+00
      vertex   9.999780e+00 -2.277164e+01 1.516933e+01
      vertex   9.988192e+00 -2.325085e+01 4.231924e+00
    endloop
  endfacet
  facet normal -9.999054e-01 1.374753e-02 4.570870e-04
    outer loop
      vertex   9.988192e+00 -2.325085e+01 4.231924e+00
      vertex   9.999780e+00 -2.277164e+01 1.516933e+01
      vertex   1.001209e+01 -2.187651e+01 1.516933e+01
    endloop
  endfacet
  facet normal -9.999700e-01 -7.111802e-03 3.078308e-03
    outer loop
      vertex   9.988192e+00 -2.325085e+01 4.231924e+00
      vertex   1.001209e+01 -2.187651e+01 1.516933e+01
      vertex   9.982759e+00 -2.250936e+01 4.180074e+00
    endloop
  endfacet
  facet normal -9.904042e-01 -1.377953e-01 1.057863e-02
    outer loop
      vertex   9.982759e+00 -2.250936e+01 4.180074e+00
      vertex   1.001209e+01 -2.187651e+01 1.516933e+01
      vertex   9.888825e+00 -2.099056e+01 1.516933e+01
    endloop
  endfacet
  facet normal 8.347459e-01 -5.492142e-01 3.953510e-02
    outer loop
      vertex   -5.363469e-01 -1.956497e+01 3.974458e+00
      vertex   -5.462299e-01 -1.877413e+01 1.516933e+01
      vertex   -9.407429e-01 -2.017653e+01 4.017233e+00
    endloop
  endfacet
  facet normal 8.499052e-01 -5.257015e-01 3.604205e-02
    outer loop
      vertex   -9.407429e-01 -2.017653e+01 4.017233e+00
      vertex   -5.462299e-01 -1.877413e+01 1.516933e+01
      vertex   -1.017808e+00 -1.953654e+01 1.516933e+01
    endloop
  endfacet
  facet normal 9.029550e-01 -4.286271e-01 3.083776e-02
    outer loop
      vertex   -9.407429e-01 -2.017653e+01 4.017233e+00
      vertex   -1.017808e+00 -1.953654e+01 1.516933e+01
      vertex   -1.260568e+00 -2.084691e+01 4.064118e+00
    endloop
  endfacet
  facet normal 9.201767e-01 -3.906404e-01 2.597900e-02
    outer loop
      vertex   -1.260568e+00 -2.084691e+01 4.064118e+00
      vertex   -1.017808e+00 -1.953654e+01 1.516933e+01
      vertex   -1.367424e+00 -2.036008e+01 1.516933e+01
    endloop
  endfacet
  facet normal 9.541644e-01 -2.984537e-01 2.226477e-02
    outer loop
      vertex   -1.260568e+00 -2.084691e+01 4.064118e+00
      vertex   -1.367424e+00 -2.036008e+01 1.516933e+01
      vertex   -1.482655e+00 -2.155324e+01 4.113516e+00
    endloop
  endfacet
  facet normal 9.689465e-01 -2.467173e-01 1.652722e-02
    outer loop
      vertex   -1.482655e+00 -2.155324e+01 4.113516e+00
      vertex   -1.367424e+00 -2.036008e+01 1.516933e+01
      vertex   -1.588235e+00 -2.122728e+01 1.516933e+01
    endloop
  endfacet
  facet normal 9.855413e-01 -1.688234e-01 1.438914e-02
    outer loop
      vertex   -1.482655e+00 -2.155324e+01 4.113516e+00
      vertex   -1.588235e+00 -2.122728e+01 1.516933e+01
      vertex   -1.608217e+00 -2.228189e+01 4.164472e+00
    endloop
  endfacet
  facet normal 9.952569e-01 -9.699320e-02 7.487888e-03
    outer loop
      vertex   -1.608217e+00 -2.228189e+01 4.164472e+00
      vertex   -1.588235e+00 -2.122728e+01 1.516933e+01
      vertex   -1.675184e+00 -2.211947e+01 1.516933e+01
    endloop
  endfacet
  facet normal 9.998042e-01 1.891719e-02 5.804765e-03
    outer loop
      vertex   -1.608217e+00 -2.228189e+01 4.164472e+00
      vertex   -1.675184e+00 -2.211947e+01 1.516933e+01
      vertex   -1.580762e+00 -2.376477e+01 4.268163e+00
    endloop
  endfacet
  facet normal 9.984925e-01 5.488800e-02 3.643726e-04
    outer loop
      vertex   -1.580762e+00 -2.376477e+01 4.268163e+00
      vertex   -1.675184e+00 -2.211947e+01 1.516933e+01
      vertex   -1.626104e+00 -2.301229e+01 1.516933e+01
    endloop
  endfacet
  facet normal 9.786018e-01 2.055142e-01 -1.011561e-02
    outer loop
      vertex   -1.580762e+00 -2.376477e+01 4.268163e+00
      vertex   -1.626104e+00 -2.301229e+01 1.516933e+01
      vertex   -1.441888e+00 -2.388948e+01 1.516933e+01
    endloop
  endfacet
  facet normal 9.669260e-01 2.548836e-01 -9.402077e-03
    outer loop
      vertex   -1.580762e+00 -2.376477e+01 4.268163e+00
      vertex   -1.441888e+00 -2.388948e+01 1.516933e+01
      vertex   -1.202573e+00 -2.519577e+01 4.368219e+00
    endloop
  endfacet
  facet normal 9.359166e-01 3.515476e-01 -2.177976e-02
    outer loop
      vertex   -1.202573e+00 -2.519577e+01 4.368219e+00
      vertex   -1.441888e+00 -2.388948e+01 1.516933e+01
      vertex   -1.126968e+00 -2.472788e+01 1.516933e+01
    endloop
  endfacet
  facet normal 8.715545e-01 4.895377e-01 -2.730675e-02
    outer loop
      vertex   -1.202573e+00 -2.519577e+01 4.368219e+00
      vertex   -1.126968e+00 -2.472788e+01 1.516933e+01
      vertex   -6.881501e-01 -2.550914e+01 1.516933e+01
    endloop
  endfacet
  facet normal 8.788068e-01 4.763536e-01 -2.803466e-02
    outer loop
      vertex   -1.202573e+00 -2.519577e+01 4.368219e+00
      vertex   -6.881501e-01 -2.550914e+01 1.516933e+01
      vertex   -4.951606e-01 -2.649550e+01 4.459087e+00
    endloop
  endfacet
  facet normal 7.865202e-01 6.160958e-01 -4.256721e-02
    outer loop
      vertex   -4.951606e-01 -2.649550e+01 4.459087e+00
      vertex   -6.881501e-01 -2.550914e+01 1.516933e+01
      vertex   -1.355925e-01 -2.621454e+01 1.516933e+01
    endloop
  endfacet
  facet normal 7.731684e-01 6.327714e-01 -4.255641e-02
    outer loop
      vertex   -4.951606e-01 -2.649550e+01 4.459087e+00
      vertex   -1.355925e-01 -2.621454e+01 1.516933e+01
      vertex   -2.534299e-02 -2.706688e+01 4.499029e+00
    endloop
  endfacet
  facet normal 6.832259e-01 7.284150e-01 -5.112564e-02
    outer loop
      vertex   -2.534299e-02 -2.706688e+01 4.499029e+00
      vertex   -1.355925e-01 -2.621454e+01 1.516933e+01
      vertex   5.175256e-01 -2.682714e+01 1.516933e+01
    endloop
  endfacet
  facet normal 1.000000e+00 8.572287e-15 -1.775753e-16
    outer loop
      vertex   5.175256e-01 -3.048726e+01 -6.713111e+00
      vertex   5.175256e-01 -2.836555e+01 -6.824305e+00
      vertex   5.175256e-01 -3.048726e+01 1.516933e+01
    endloop
  endfacet
  facet normal 1.000000e+00 8.948232e-15 -1.413082e-16
    outer loop
      vertex   5.175256e-01 -3.048726e+01 1.516933e+01
      vertex   5.175256e-01 -2.836555e+01 -6.824305e+00
      vertex   5.175256e-01 -2.682714e+01 1.516933e+01
    endloop
  endfacet
  facet normal -4.736952e-16 -4.853278e-16 -1.000000e+00
    outer loop
      vertex   5.175256e-01 -3.048726e+01 1.516933e+01
      vertex   5.175256e-01 -2.682714e+01 1.516933e+01
      vertex   8.017526e+00 -3.048726e+01 1.516933e+01
    endloop
  endfacet
  facet normal -2.368476e-16 -1.432600e-30 -1.000000e+00
    outer loop
      vertex   8.017526e+00 -3.048726e+01 1.516933e+01
      vertex   5.175256e-01 -2.682714e+01 1.516933e+01
      vertex   8.017526e+00 -2.666942e+01 1.516933e+01
    endloop
  endfacet
  facet normal 6.655600e-17 -1.442754e-14 -1.000000e+00
    outer loop
      vertex   8.017526e+00 -2.666942e+01 1.516933e+01
      vertex   5.175256e-01 -2.682714e+01 1.516933e+01
      vertex   -1.355925e-01 -2.621454e+01 1.516933e+01
    endloop
  endfacet
  facet normal 5.321406e-16 -6.082542e-15 -1.000000e+00
    outer loop
      vertex   8.017526e+00 -2.666942e+01 1.516933e+01
      vertex   -1.355925e-01 -2.621454e+01 1.516933e+01
      vertex   8.643983e+00 -2.603053e+01 1.516933e+01
    endloop
  endfacet
  facet normal 5.019736e-16 -4.643204e-15 -1.000000e+00
    outer loop
      vertex   8.643983e+00 -2.603053e+01 1.516933e+01
      vertex   -1.355925e-01 -2.621454e+01 1.516933e+01
      vertex   -6.881501e-01 -2.550914e+01 1.516933e+01
    endloop
  endfacet
  facet normal 1.125985e-15 6.525591e-15 -1.000000e+00
    outer loop
      vertex   8.643983e+00 -2.603053e+01 1.516933e+01
      vertex   -6.881501e-01 -2.550914e+01 1.516933e+01
      vertex   9.165903e+00 -2.530395e+01 1.516933e+01
    endloop
  endfacet
  facet normal 1.434471e-15 -8.289181e-15 -1.000000e+00
    outer loop
      vertex   9.165903e+00 -2.530395e+01 1.516933e+01
      vertex   -6.881501e-01 -2.550914e+01 1.516933e+01
      vertex   -1.126968e+00 -2.472788e+01 1.516933e+01
    endloop
  endfacet
  facet normal 1.845871e-15 -9.384530e-16 -1.000000e+00
    outer loop
      vertex   9.165903e+00 -2.530395e+01 1.516933e+01
      vertex   -1.126968e+00 -2.472788e+01 1.516933e+01
      vertex   9.572191e+00 -2.450481e+01 1.516933e+01
    endloop
  endfacet
  facet normal 2.075105e-15 -1.193294e-14 -1.000000e+00
    outer loop
      vertex   9.572191e+00 -2.450481e+01 1.516933e+01
      vertex   -1.126968e+00 -2.472788e+01 1.516933e+01
      vertex   -1.441888e+00 -2.388948e+01 1.516933e+01
    endloop
  endfacet
  facet normal 3.265932e-15 9.382228e-15 -1.000000e+00
    outer loop
      vertex   9.572191e+00 -2.450481e+01 1.516933e+01
      vertex   -1.441888e+00 -2.388948e+01 1.516933e+01
      vertex   9.851795e+00 -2.365548e+01 1.516933e+01
    endloop
  endfacet
  facet normal 3.528890e-15 -3.309037e-15 -1.000000e+00
    outer loop
      vertex   9.851795e+00 -2.365548e+01 1.516933e+01
      vertex   -1.441888e+00 -2.388948e+01 1.516933e+01
      vertex   -1.626104e+00 -2.301229e+01 1.516933e+01
    endloop
  endfacet
  facet normal 3.725794e-15 2.048101e-16 -1.000000e+00
    outer loop
      vertex   9.851795e+00 -2.365548e+01 1.516933e+01
      vertex   -1.626104e+00 -2.301229e+01 1.516933e+01
      vertex   -1.675184e+00 -2.211947e+01 1.516933e+01
    endloop
  endfacet
  facet normal 4.174906e-15 3.575161e-15 -1.000000e+00
    outer loop
      vertex   -1.675184e+00 -2.211947e+01 1.516933e+01
      vertex   -1.588235e+00 -2.122728e+01 1.516933e+01
      vertex   9.851795e+00 -2.365548e+01 1.516933e+01
    endloop
  endfacet
  facet normal 5.715812e-15 1.083487e-14 -1.000000e+00
    outer loop
      vertex   9.851795e+00 -2.365548e+01 1.516933e+01
      vertex   -1.588235e+00 -2.122728e+01 1.516933e+01
      vertex   -1.367424e+00 -2.036008e+01 1.516933e+01
    endloop
  endfacet
  facet normal 3.379076e-15 2.879435e-15 -1.000000e+00
    outer loop
      vertex   9.851795e+00 -2.365548e+01 1.516933e+01
      vertex   -1.367424e+00 -2.036008e+01 1.516933e+01
      vertex   -1.017808e+00 -1.953654e+01 1.516933e+01
    endloop
  endfacet
  facet normal 3.284018e-15 2.628582e-15 -1.000000e+00
    outer loop
      vertex   -1.017808e+00 -1.953654e+01 1.516933e+01
      vertex   -5.462299e-01 -1.877413e+01 1.516933e+01
      vertex   9.851795e+00 -2.365548e+01 1.516933e+01
    endloop
  endfacet
  facet normal 4.965504e-15 6.210408e-15 -1.000000e+00
    outer loop
      vertex   9.851795e+00 -2.365548e+01 1.516933e+01
      vertex   -5.462299e-01 -1.877413e+01 1.516933e+01
      vertex   3.423205e-02 -1.809412e+01 1.516933e+01
    endloop
  endfacet
  facet normal 8.734302e-16 -1.013404e-15 -1.000000e+00
    outer loop
      vertex   9.851795e+00 -2.365548e+01 1.516933e+01
      vertex   3.423205e-02 -1.809412e+01 1.516933e+01
      vertex   7.129680e-01 -1.750913e+01 1.516933e+01
    endloop
  endfacet
  facet normal 7.486196e-16 -1.198981e-15 -1.000000e+00
    outer loop
      vertex   7.129680e-01 -1.750913e+01 1.516933e+01
      vertex   1.472101e+00 -1.703515e+01 1.516933e+01
      vertex   9.851795e+00 -2.365548e+01 1.516933e+01
    endloop
  endfacet
  facet normal 5.964043e-16 -1.391648e-15 -1.000000e+00
    outer loop
      vertex   9.851795e+00 -2.365548e+01 1.516933e+01
      vertex   1.472101e+00 -1.703515e+01 1.516933e+01
      vertex   2.294083e+00 -1.668288e+01 1.516933e+01
    endloop
  endfacet
  facet normal -2.791755e-15 -5.064128e-15 -1.000000e+00
    outer loop
      vertex   9.851795e+00 -2.365548e+01 1.516933e+01
      vertex   2.294083e+00 -1.668288e+01 1.516933e+01
      vertex   3.162332e+00 -1.645998e+01 1.516933e+01
    endloop
  endfacet
  facet normal -1.608483e-15 -3.964071e-15 -1.000000e+00
    outer loop
      vertex   3.162332e+00 -1.645998e+01 1.516933e+01
      vertex   4.051998e+00 -1.637286e+01 1.516933e+01
      vertex   9.851795e+00 -2.365548e+01 1.516933e+01
    endloop
  endfacet
  facet normal 1.921614e-15 -1.152739e-15 -1.000000e+00
    outer loop
      vertex   9.851795e+00 -2.365548e+01 1.516933e+01
      vertex   4.051998e+00 -1.637286e+01 1.516933e+01
      vertex   4.946302e+00 -1.642305e+01 1.516933e+01
    endloop
  endfacet
  facet normal 4.131707e-15 3.462869e-16 -1.000000e+00
    outer loop
      vertex   9.851795e+00 -2.365548e+01 1.516933e+01
      vertex   4.946302e+00 -1.642305e+01 1.516933e+01
      vertex   5.821792e+00 -1.660947e+01 1.516933e+01
    endloop
  endfacet
  facet normal -6.411911e-15 -5.684198e-15 -1.000000e+00
    outer loop
      vertex   5.821792e+00 -1.660947e+01 1.516933e+01
      vertex   6.657554e+00 -1.692722e+01 1.516933e+01
      vertex   9.851795e+00 -2.365548e+01 1.516933e+01
    endloop
  endfacet
  facet normal 7.308605e-15 8.296173e-16 -1.000000e+00
    outer loop
      vertex   9.851795e+00 -2.365548e+01 1.516933e+01
      vertex   6.657554e+00 -1.692722e+01 1.516933e+01
      vertex   7.436981e+00 -1.737014e+01 1.516933e+01
    endloop
  endfacet
  facet normal 1.390673e-15 -1.444040e-15 -1.000000e+00
    outer loop
      vertex   9.851795e+00 -2.365548e+01 1.516933e+01
      vertex   7.436981e+00 -1.737014e+01 1.516933e+01
      vertex   8.137800e+00 -1.792535e+01 1.516933e+01
    endloop
  endfacet
  facet normal -2.958977e-15 -2.745108e-15 -1.000000e+00
    outer loop
      vertex   8.137800e+00 -1.792535e+01 1.516933e+01
      vertex   8.746842e+00 -1.858184e+01 1.516933e+01
      vertex   9.851795e+00 -2.365548e+01 1.516933e+01
    endloop
  endfacet
  facet normal 2.150182e-14 2.582051e-15 -1.000000e+00
    outer loop
      vertex   9.851795e+00 -2.365548e+01 1.516933e+01
      vertex   8.746842e+00 -1.858184e+01 1.516933e+01
      vertex   9.248975e+00 -1.932350e+01 1.516933e+01
    endloop
  endfacet
  facet normal 3.815549e-14 4.899508e-15 -1.000000e+00
    outer loop
      vertex   9.851795e+00 -2.365548e+01 1.516933e+01
      vertex   9.248975e+00 -1.932350e+01 1.516933e+01
      vertex   9.632062e+00 -2.013149e+01 1.516933e+01
    endloop
  endfacet
  facet normal 1.065568e-14 3.184796e-15 -1.000000e+00
    outer loop
      vertex   9.632062e+00 -2.013149e+01 1.516933e+01
      vertex   9.888825e+00 -2.099056e+01 1.516933e+01
      vertex   9.851795e+00 -2.365548e+01 1.516933e+01
    endloop
  endfacet
  facet normal 3.065310e-14 2.906924e-15 -1.000000e+00
    outer loop
      vertex   9.851795e+00 -2.365548e+01 1.516933e+01
      vertex   9.888825e+00 -2.099056e+01 1.516933e+01
      vertex   9.999780e+00 -2.277164e+01 1.516933e+01
    endloop
  endfacet
  facet normal -1.311523e-14 1.803192e-16 -1.000000e+00
    outer loop
      vertex   9.999780e+00 -2.277164e+01 1.516933e+01
      vertex   9.888825e+00 -2.099056e+01 1.516933e+01
      vertex   1.001209e+01 -2.187651e+01 1.516933e+01
    endloop
  endfacet
  facet normal -1.000000e+00 -8.566570e-15 8.117727e-17
    outer loop
      vertex   8.017526e+00 -3.048726e+01 -6.713111e+00
      vertex   8.017526e+00 -3.048726e+01 1.516933e+01
      vertex   8.017526e+00 -2.820744e+01 -6.832592e+00
    endloop
  endfacet
  facet normal -1.000000e+00 -6.048616e-15 3.420853e-16
    outer loop
      vertex   8.017526e+00 -2.820744e+01 -6.832592e+00
      vertex   8.017526e+00 -3.048726e+01 1.516933e+01
      vertex   8.017526e+00 -2.666942e+01 1.516933e+01
    endloop
  endfacet
  facet normal 3.714461e-18 -5.233596e-02 -9.986295e-01
    outer loop
      vertex   8.017526e+00 -3.048726e+01 -6.713111e+00
      vertex   8.017526e+00 -2.820744e+01 -6.832592e+00
      vertex   5.264205e+01 -3.048726e+01 -6.713111e+00
    endloop
  endfacet
  facet normal 2.453731e-17 -5.233596e-02 -9.986295e-01
    outer loop
      vertex   5.264205e+01 -3.048726e+01 -6.713111e+00
      vertex   8.017526e+00 -2.820744e+01 -6.832592e+00
      vertex   5.264205e+01 -2.800653e+01 -6.843121e+00
    endloop
  endfacet
  facet normal 3.012523e-17 -5.233596e-02 -9.986295e-01
    outer loop
      vertex   5.264205e+01 -2.800653e+01 -6.843121e+00
      vertex   8.017526e+00 -2.820744e+01 -6.832592e+00
      vertex   3.032979e+01 -2.647815e+01 -6.923220e+00
    endloop
  endfacet
  facet normal 2.066918e-16 -5.233596e-02 -9.986295e-01
    outer loop
      vertex   5.264205e+01 -2.800653e+01 -6.843121e+00
      vertex   3.032979e+01 -2.647815e+01 -6.923220e+00
      vertex   5.205141e+01 -2.737857e+01 -6.876031e+00
    endloop
  endfacet
  facet normal -6.877663e-15 -5.233596e-02 -9.986295e-01
    outer loop
      vertex   5.205141e+01 -2.737857e+01 -6.876031e+00
      vertex   3.032979e+01 -2.647815e+01 -6.923220e+00
      vertex   3.081687e+01 -2.642997e+01 -6.925745e+00
    endloop
  endfacet
  facet normal 7.017937e-16 -5.233596e-02 -9.986295e-01
    outer loop
      vertex   5.205141e+01 -2.737857e+01 -6.876031e+00
      vertex   3.081687e+01 -2.642997e+01 -6.925745e+00
      vertex   5.156237e+01 -2.666901e+01 -6.913217e+00
    endloop
  endfacet
  facet normal 9.354396e-16 -5.233596e-02 -9.986295e-01
    outer loop
      vertex   5.156237e+01 -2.666901e+01 -6.913217e+00
      vertex   3.081687e+01 -2.642997e+01 -6.925745e+00
      vertex   3.127764e+01 -2.626509e+01 -6.934386e+00
    endloop
  endfacet
  facet normal 7.676141e-16 -5.233596e-02 -9.986295e-01
    outer loop
      vertex   5.156237e+01 -2.666901e+01 -6.913217e+00
      vertex   3.127764e+01 -2.626509e+01 -6.934386e+00
      vertex   3.168451e+01 -2.599338e+01 -6.948625e+00
    endloop
  endfacet
  facet normal -2.665332e-16 -5.233596e-02 -9.986295e-01
    outer loop
      vertex   8.017526e+00 -2.820744e+01 -6.832592e+00
      vertex   8.644200e+00 -2.757045e+01 -6.865975e+00
      vertex   3.032979e+01 -2.647815e+01 -6.923220e+00
    endloop
  endfacet
  facet normal 9.861964e-15 -5.233596e-02 -9.986295e-01
    outer loop
      vertex   3.032979e+01 -2.647815e+01 -6.923220e+00
      vertex   8.644200e+00 -2.757045e+01 -6.865975e+00
      vertex   2.984271e+01 -2.642997e+01 -6.925745e+00
    endloop
  endfacet
  facet normal -1.144048e-15 -5.233596e-02 -9.986295e-01
    outer loop
      vertex   2.984271e+01 -2.642997e+01 -6.925745e+00
      vertex   8.644200e+00 -2.757045e+01 -6.865975e+00
      vertex   9.166809e+00 -2.684503e+01 -6.903993e+00
    endloop
  endfacet
  facet normal -1.011899e-15 -5.233596e-02 -9.986295e-01
    outer loop
      vertex   2.984271e+01 -2.642997e+01 -6.925745e+00
      vertex   9.166809e+00 -2.684503e+01 -6.903993e+00
      vertex   2.938194e+01 -2.626509e+01 -6.934386e+00
    endloop
  endfacet
  facet normal -9.673045e-16 -5.233596e-02 -9.986295e-01
    outer loop
      vertex   2.938194e+01 -2.626509e+01 -6.934386e+00
      vertex   9.166809e+00 -2.684503e+01 -6.903993e+00
      vertex   9.572660e+00 -2.604872e+01 -6.945725e+00
    endloop
  endfacet
  facet normal -9.753353e-16 -5.233596e-02 -9.986295e-01
    outer loop
      vertex   2.938194e+01 -2.626509e+01 -6.934386e+00
      vertex   9.572660e+00 -2.604872e+01 -6.945725e+00
      vertex   2.897507e+01 -2.599338e+01 -6.948625e+00
    endloop
  endfacet
  facet normal -9.754275e-16 -5.233596e-02 -9.986295e-01
    outer loop
      vertex   2.897507e+01 -2.599338e+01 -6.948625e+00
      vertex   9.572660e+00 -2.604872e+01 -6.945725e+00
      vertex   2.864647e+01 -2.563112e+01 -6.967611e+00
    endloop
  endfacet
  facet normal -9.589212e-16 -5.233596e-02 -9.986295e-01
    outer loop
      vertex   2.864647e+01 -2.563112e+01 -6.967611e+00
      vertex   9.572660e+00 -2.604872e+01 -6.945725e+00
      vertex   9.852355e+00 -2.520040e+01 -6.990184e+00
    endloop
  endfacet
  facet normal -8.292562e-16 -5.233596e-02 -9.986295e-01
    outer loop
      vertex   2.864647e+01 -2.563112e+01 -6.967611e+00
      vertex   9.852355e+00 -2.520040e+01 -6.990184e+00
      vertex   2.841582e+01 -2.520001e+01 -6.990205e+00
    endloop
  endfacet
  facet normal -8.291688e-16 -5.233596e-02 -9.986295e-01
    outer loop
      vertex   2.841582e+01 -2.520001e+01 -6.990205e+00
      vertex   9.852355e+00 -2.520040e+01 -6.990184e+00
      vertex   2.829693e+01 -2.472586e+01 -7.015054e+00
    endloop
  endfacet
  facet normal -9.086339e-16 -5.233596e-02 -9.986295e-01
    outer loop
      vertex   2.829693e+01 -2.472586e+01 -7.015054e+00
      vertex   9.852355e+00 -2.520040e+01 -6.990184e+00
      vertex   9.999698e+00 -2.431883e+01 -7.036385e+00
    endloop
  endfacet
  facet normal -9.597788e-16 -5.233596e-02 -9.986295e-01
    outer loop
      vertex   2.829693e+01 -2.472586e+01 -7.015054e+00
      vertex   9.999698e+00 -2.431883e+01 -7.036385e+00
      vertex   2.829693e+01 -2.423707e+01 -7.040670e+00
    endloop
  endfacet
  facet normal -9.667294e-16 -5.233596e-02 -9.986295e-01
    outer loop
      vertex   2.829693e+01 -2.423707e+01 -7.040670e+00
      vertex   9.999698e+00 -2.431883e+01 -7.036385e+00
      vertex   2.841582e+01 -2.376292e+01 -7.065519e+00
    endloop
  endfacet
  facet normal -8.923017e-16 -5.233596e-02 -9.986295e-01
    outer loop
      vertex   2.841582e+01 -2.376292e+01 -7.065519e+00
      vertex   9.999698e+00 -2.431883e+01 -7.036385e+00
      vertex   1.001117e+01 -2.342726e+01 -7.083111e+00
    endloop
  endfacet
  facet normal -8.756913e-16 -5.233596e-02 -9.986295e-01
    outer loop
      vertex   2.841582e+01 -2.376292e+01 -7.065519e+00
      vertex   1.001117e+01 -2.342726e+01 -7.083111e+00
      vertex   2.864647e+01 -2.333180e+01 -7.088113e+00
    endloop
  endfacet
  facet normal -8.985030e-16 -5.233596e-02 -9.986295e-01
    outer loop
      vertex   2.864647e+01 -2.333180e+01 -7.088113e+00
      vertex   1.001117e+01 -2.342726e+01 -7.083111e+00
      vertex   2.897507e+01 -2.296954e+01 -7.107098e+00
    endloop
  endfacet
  facet normal -8.406416e-16 -5.233596e-02 -9.986295e-01
    outer loop
      vertex   2.897507e+01 -2.296954e+01 -7.107098e+00
      vertex   1.001117e+01 -2.342726e+01 -7.083111e+00
      vertex   9.886534e+00 -2.254202e+01 -7.129504e+00
    endloop
  endfacet
  facet normal -8.433216e-16 -5.233596e-02 -9.986295e-01
    outer loop
      vertex   2.897507e+01 -2.296954e+01 -7.107098e+00
      vertex   9.886534e+00 -2.254202e+01 -7.129504e+00
      vertex   2.938194e+01 -2.269783e+01 -7.121338e+00
    endloop
  endfacet
  facet normal -8.921511e-16 -5.233596e-02 -9.986295e-01
    outer loop
      vertex   2.938194e+01 -2.269783e+01 -7.121338e+00
      vertex   9.886534e+00 -2.254202e+01 -7.129504e+00
      vertex   2.984271e+01 -2.253295e+01 -7.129979e+00
    endloop
  endfacet
  facet normal -8.940987e-16 -5.233596e-02 -9.986295e-01
    outer loop
      vertex   2.984271e+01 -2.253295e+01 -7.129979e+00
      vertex   9.886534e+00 -2.254202e+01 -7.129504e+00
      vertex   9.629047e+00 -2.168759e+01 -7.174283e+00
    endloop
  endfacet
  facet normal 1.004722e-14 -5.233596e-02 -9.986295e-01
    outer loop
      vertex   2.984271e+01 -2.253295e+01 -7.129979e+00
      vertex   9.629047e+00 -2.168759e+01 -7.174283e+00
      vertex   3.032979e+01 -2.248478e+01 -7.132504e+00
    endloop
  endfacet
  facet normal -6.351107e-17 -5.233596e-02 -9.986295e-01
    outer loop
      vertex   3.032979e+01 -2.248478e+01 -7.132504e+00
      vertex   9.629047e+00 -2.168759e+01 -7.174283e+00
      vertex   9.244574e+00 -2.088220e+01 -7.216492e+00
    endloop
  endfacet
  facet normal -2.063576e-17 -5.233596e-02 -9.986295e-01
    outer loop
      vertex   3.032979e+01 -2.248478e+01 -7.132504e+00
      vertex   9.244574e+00 -2.088220e+01 -7.216492e+00
      vertex   8.740894e+00 -2.014319e+01 -7.255221e+00
    endloop
  endfacet
  facet normal -4.853957e-17 -5.233596e-02 -9.986295e-01
    outer loop
      vertex   8.132060e+00 -1.949106e+01 -7.289398e+00
      vertex   5.266058e+01 -1.957257e+01 -7.285126e+00
      vertex   8.740894e+00 -2.014319e+01 -7.255221e+00
    endloop
  endfacet
  facet normal 3.441966e-17 -5.233596e-02 -9.986295e-01
    outer loop
      vertex   8.740894e+00 -2.014319e+01 -7.255221e+00
      vertex   5.266058e+01 -1.957257e+01 -7.285126e+00
      vertex   5.206656e+01 -2.019868e+01 -7.252313e+00
    endloop
  endfacet
  facet normal 3.792906e-17 -5.233596e-02 -9.986295e-01
    outer loop
      vertex   8.740894e+00 -2.014319e+01 -7.255221e+00
      vertex   5.206656e+01 -2.019868e+01 -7.252313e+00
      vertex   3.032979e+01 -2.248478e+01 -7.132504e+00
    endloop
  endfacet
  facet normal 5.245086e-17 -5.233596e-02 -9.986295e-01
    outer loop
      vertex   3.032979e+01 -2.248478e+01 -7.132504e+00
      vertex   5.206656e+01 -2.019868e+01 -7.252313e+00
      vertex   5.157412e+01 -2.090687e+01 -7.215198e+00
    endloop
  endfacet
  facet normal 4.553516e-17 -5.233596e-02 -9.986295e-01
    outer loop
      vertex   3.032979e+01 -2.248478e+01 -7.132504e+00
      vertex   5.157412e+01 -2.090687e+01 -7.215198e+00
      vertex   5.119467e+01 -2.168002e+01 -7.174679e+00
    endloop
  endfacet
  facet normal -4.566490e-17 -5.233596e-02 -9.986295e-01
    outer loop
      vertex   5.266058e+01 -1.957257e+01 -7.285126e+00
      vertex   8.132060e+00 -1.949106e+01 -7.289398e+00
      vertex   5.334111e+01 -1.904412e+01 -7.312821e+00
    endloop
  endfacet
  facet normal -1.799029e-17 -5.233596e-02 -9.986295e-01
    outer loop
      vertex   5.334111e+01 -1.904412e+01 -7.312821e+00
      vertex   8.132060e+00 -1.949106e+01 -7.289398e+00
      vertex   7.429257e+00 -1.893783e+01 -7.318392e+00
    endloop
  endfacet
  facet normal -3.238509e-17 -5.233596e-02 -9.986295e-01
    outer loop
      vertex   5.334111e+01 -1.904412e+01 -7.312821e+00
      vertex   7.429257e+00 -1.893783e+01 -7.318392e+00
      vertex   5.409579e+01 -1.862322e+01 -7.334879e+00
    endloop
  endfacet
  facet normal -2.209261e-17 -5.233596e-02 -9.986295e-01
    outer loop
      vertex   5.409579e+01 -1.862322e+01 -7.334879e+00
      vertex   7.429257e+00 -1.893783e+01 -7.318392e+00
      vertex   6.651252e+00 -1.849864e+01 -7.341409e+00
    endloop
  endfacet
  facet normal 4.991795e-18 -5.233596e-02 -9.986295e-01
    outer loop
      vertex   5.409579e+01 -1.862322e+01 -7.334879e+00
      vertex   6.651252e+00 -1.849864e+01 -7.341409e+00
      vertex   5.490360e+01 -1.832179e+01 -7.350677e+00
    endloop
  endfacet
  facet normal 2.285075e-17 -5.233596e-02 -9.986295e-01
    outer loop
      vertex   5.490360e+01 -1.832179e+01 -7.350677e+00
      vertex   6.651252e+00 -1.849864e+01 -7.341409e+00
      vertex   5.815825e+00 -1.818315e+01 -7.357942e+00
    endloop
  endfacet
  facet normal 3.013319e-17 -5.233596e-02 -9.986295e-01
    outer loop
      vertex   5.490360e+01 -1.832179e+01 -7.350677e+00
      vertex   5.815825e+00 -1.818315e+01 -7.357942e+00
      vertex   5.574820e+01 -1.814557e+01 -7.359912e+00
    endloop
  endfacet
  facet normal 3.406345e-17 -5.233596e-02 -9.986295e-01
    outer loop
      vertex   5.574820e+01 -1.814557e+01 -7.359912e+00
      vertex   5.815825e+00 -1.818315e+01 -7.357942e+00
      vertex   4.939953e+00 -1.799822e+01 -7.367634e+00
    endloop
  endfacet
  facet normal 4.022820e-17 -5.233596e-02 -9.986295e-01
    outer loop
      vertex   5.574820e+01 -1.814557e+01 -7.359912e+00
      vertex   4.939953e+00 -1.799822e+01 -7.367634e+00
      vertex   3.032979e+01 -7.792659e+00 -7.902485e+00
    endloop
  endfacet
  facet normal -8.572838e-16 -5.233596e-02 -9.986295e-01
    outer loop
      vertex   3.032979e+01 -7.792659e+00 -7.902485e+00
      vertex   4.939953e+00 -1.799822e+01 -7.367634e+00
      vertex   4.048517e+00 -1.794904e+01 -7.370212e+00
    endloop
  endfacet
  facet normal -2.597039e-17 -5.233596e-02 -9.986295e-01
    outer loop
      vertex   3.032979e+01 -7.792659e+00 -7.902485e+00
      vertex   4.048517e+00 -1.794904e+01 -7.370212e+00
      vertex   -2.444415e+01 -8.086628e+00 -7.887079e+00
    endloop
  endfacet
  facet normal -7.083238e-16 -5.233596e-02 -9.986295e-01
    outer loop
      vertex   -2.444415e+01 -8.086628e+00 -7.887079e+00
      vertex   4.048517e+00 -1.794904e+01 -7.370212e+00
      vertex   3.158205e+00 -1.803640e+01 -7.365633e+00
    endloop
  endfacet
  facet normal 1.710790e-17 -5.233596e-02 -9.986295e-01
    outer loop
      vertex   -2.444415e+01 -8.086628e+00 -7.887079e+00
      vertex   3.158205e+00 -1.803640e+01 -7.365633e+00
      vertex   -7.047063e+01 -1.403497e+01 -7.575339e+00
    endloop
  endfacet
  facet normal -1.333537e-17 -5.233596e-02 -9.986295e-01
    outer loop
      vertex   -7.047063e+01 -1.403497e+01 -7.575339e+00
      vertex   3.158205e+00 -1.803640e+01 -7.365633e+00
      vertex   -7.000062e+01 -1.502032e+01 -7.523700e+00
    endloop
  endfacet
  facet normal 1.102875e-16 -5.233596e-02 -9.986295e-01
    outer loop
      vertex   -7.000062e+01 -1.502032e+01 -7.523700e+00
      vertex   3.158205e+00 -1.803640e+01 -7.365633e+00
      vertex   -6.980044e+01 -1.609350e+01 -7.467456e+00
    endloop
  endfacet
  facet normal 2.186998e-16 -5.233596e-02 -9.986295e-01
    outer loop
      vertex   -6.980044e+01 -1.609350e+01 -7.467456e+00
      vertex   3.158205e+00 -1.803640e+01 -7.365633e+00
      vertex   2.292283e+00 -1.825828e+01 -7.354005e+00
    endloop
  endfacet
  facet normal -1.761973e-18 -5.233596e-02 -9.986295e-01
    outer loop
      vertex   -6.980044e+01 -1.609350e+01 -7.467456e+00
      vertex   2.292283e+00 -1.825828e+01 -7.354005e+00
      vertex   -6.988360e+01 -1.718203e+01 -7.410409e+00
    endloop
  endfacet
  facet normal -1.481284e-17 -5.233596e-02 -9.986295e-01
    outer loop
      vertex   -6.988360e+01 -1.718203e+01 -7.410409e+00
      vertex   2.292283e+00 -1.825828e+01 -7.354005e+00
      vertex   1.471235e+00 -1.860899e+01 -7.335625e+00
    endloop
  endfacet
  facet normal 8.049445e-18 -5.233596e-02 -9.986295e-01
    outer loop
      vertex   -6.988360e+01 -1.718203e+01 -7.410409e+00
      vertex   1.471235e+00 -1.860899e+01 -7.335625e+00
      vertex   -7.024450e+01 -1.821235e+01 -7.356412e+00
    endloop
  endfacet
  facet normal 1.600078e-17 -5.233596e-02 -9.986295e-01
    outer loop
      vertex   -7.024450e+01 -1.821235e+01 -7.356412e+00
      vertex   1.471235e+00 -1.860899e+01 -7.335625e+00
      vertex   7.113777e-01 -1.908184e+01 -7.310844e+00
    endloop
  endfacet
  facet normal -2.119753e-17 -5.233596e-02 -9.986295e-01
    outer loop
      vertex   -7.024450e+01 -1.821235e+01 -7.356412e+00
      vertex   7.113777e-01 -1.908184e+01 -7.310844e+00
      vertex   3.435742e-02 -1.966324e+01 -7.280374e+00
    endloop
  endfacet
  facet normal 5.235977e-17 -5.233596e-02 -9.986295e-01
    outer loop
      vertex   -7.024450e+01 -1.821235e+01 -7.356412e+00
      vertex   3.435742e-02 -1.966324e+01 -7.280374e+00
      vertex   -7.085874e+01 -1.911485e+01 -7.309114e+00
    endloop
  endfacet
  facet normal 4.722119e-17 -5.233596e-02 -9.986295e-01
    outer loop
      vertex   -7.085874e+01 -1.911485e+01 -7.309114e+00
      vertex   3.435742e-02 -1.966324e+01 -7.280374e+00
      vertex   -5.470644e-01 -2.034182e+01 -7.244811e+00
    endloop
  endfacet
  facet normal 2.071402e-17 -5.233596e-02 -9.986295e-01
    outer loop
      vertex   -7.085874e+01 -1.911485e+01 -7.309114e+00
      vertex   -5.470644e-01 -2.034182e+01 -7.244811e+00
      vertex   -2.750788e+01 -2.390592e+01 -7.058025e+00
    endloop
  endfacet
  facet normal -3.599795e-16 -5.233596e-02 -9.986295e-01
    outer loop
      vertex   -2.750788e+01 -2.390592e+01 -7.058025e+00
      vertex   -5.470644e-01 -2.034182e+01 -7.244811e+00
      vertex   -1.018317e+00 -2.110096e+01 -7.205027e+00
    endloop
  endfacet
  facet normal 1.602578e-17 -5.233596e-02 -9.986295e-01
    outer loop
      vertex   -2.750788e+01 -2.390592e+01 -7.058025e+00
      vertex   -1.018317e+00 -2.110096e+01 -7.205027e+00
      vertex   -1.367959e+00 -2.192149e+01 -7.162025e+00
    endloop
  endfacet
  facet normal -2.882984e-16 -5.233596e-02 -9.986295e-01
    outer loop
      vertex   -1.367959e+00 -2.192149e+01 -7.162025e+00
      vertex   -1.589208e+00 -2.278789e+01 -7.116618e+00
      vertex   -2.750788e+01 -2.390592e+01 -7.058025e+00
    endloop
  endfacet
  facet normal -4.973056e-16 -5.233596e-02 -9.986295e-01
    outer loop
      vertex   -2.750788e+01 -2.390592e+01 -7.058025e+00
      vertex   -1.589208e+00 -2.278789e+01 -7.116618e+00
      vertex   -2.699024e+01 -2.397398e+01 -7.054458e+00
    endloop
  endfacet
  facet normal -1.122150e-16 -5.233596e-02 -9.986295e-01
    outer loop
      vertex   -2.699024e+01 -2.397398e+01 -7.054458e+00
      vertex   -1.589208e+00 -2.278789e+01 -7.116618e+00
      vertex   -1.675786e+00 -2.367562e+01 -7.070094e+00
    endloop
  endfacet
  facet normal -9.312282e-17 -5.233596e-02 -9.986295e-01
    outer loop
      vertex   -2.699024e+01 -2.397398e+01 -7.054458e+00
      vertex   -1.675786e+00 -2.367562e+01 -7.070094e+00
      vertex   -2.650788e+01 -2.417351e+01 -7.044001e+00
    endloop
  endfacet
  facet normal -1.377227e-16 -5.233596e-02 -9.986295e-01
    outer loop
      vertex   -2.650788e+01 -2.417351e+01 -7.044001e+00
      vertex   -1.675786e+00 -2.367562e+01 -7.070094e+00
      vertex   -2.609366e+01 -2.449091e+01 -7.027367e+00
    endloop
  endfacet
  facet normal -2.209725e-16 -5.233596e-02 -9.986295e-01
    outer loop
      vertex   -2.609366e+01 -2.449091e+01 -7.027367e+00
      vertex   -1.675786e+00 -2.367562e+01 -7.070094e+00
      vertex   -1.626312e+00 -2.456700e+01 -7.023379e+00
    endloop
  endfacet
  facet normal -2.258806e-16 -5.233596e-02 -9.986295e-01
    outer loop
      vertex   -2.609366e+01 -2.449091e+01 -7.027367e+00
      vertex   -1.626312e+00 -2.456700e+01 -7.023379e+00
      vertex   -2.577583e+01 -2.490455e+01 -7.005689e+00
    endloop
  endfacet
  facet normal -2.100761e-16 -5.233596e-02 -9.986295e-01
    outer loop
      vertex   -2.577583e+01 -2.490455e+01 -7.005689e+00
      vertex   -1.626312e+00 -2.456700e+01 -7.023379e+00
      vertex   -1.441544e+00 -2.544131e+01 -6.977559e+00
    endloop
  endfacet
  facet normal -2.237287e-16 -5.233596e-02 -9.986295e-01
    outer loop
      vertex   -2.577583e+01 -2.490455e+01 -7.005689e+00
      vertex   -1.441544e+00 -2.544131e+01 -6.977559e+00
      vertex   -2.557602e+01 -2.538626e+01 -6.980444e+00
    endloop
  endfacet
  facet normal -2.156916e-16 -5.233596e-02 -9.986295e-01
    outer loop
      vertex   -2.557602e+01 -2.538626e+01 -6.980444e+00
      vertex   -1.441544e+00 -2.544131e+01 -6.977559e+00
      vertex   -2.550788e+01 -2.590318e+01 -6.953353e+00
    endloop
  endfacet
  facet normal -1.297676e-16 -5.233596e-02 -9.986295e-01
    outer loop
      vertex   -2.550788e+01 -2.590318e+01 -6.953353e+00
      vertex   -1.441544e+00 -2.544131e+01 -6.977559e+00
      vertex   -1.126547e+00 -2.627563e+01 -6.933833e+00
    endloop
  endfacet
  facet normal -8.696854e-17 -5.233596e-02 -9.986295e-01
    outer loop
      vertex   -2.550788e+01 -2.590318e+01 -6.953353e+00
      vertex   -1.126547e+00 -2.627563e+01 -6.933833e+00
      vertex   -2.557602e+01 -2.642011e+01 -6.926262e+00
    endloop
  endfacet
  facet normal -7.649122e-17 -5.233596e-02 -9.986295e-01
    outer loop
      vertex   -2.557602e+01 -2.642011e+01 -6.926262e+00
      vertex   -1.126547e+00 -2.627563e+01 -6.933833e+00
      vertex   -2.577583e+01 -2.690181e+01 -6.901017e+00
    endloop
  endfacet
  facet normal -9.024961e-17 -5.233596e-02 -9.986295e-01
    outer loop
      vertex   -2.577583e+01 -2.690181e+01 -6.901017e+00
      vertex   -1.126547e+00 -2.627563e+01 -6.933833e+00
      vertex   -6.869941e-01 -2.705449e+01 -6.893016e+00
    endloop
  endfacet
  facet normal -8.216103e-17 -5.233596e-02 -9.986295e-01
    outer loop
      vertex   -2.577583e+01 -2.690181e+01 -6.901017e+00
      vertex   -6.869941e-01 -2.705449e+01 -6.893016e+00
      vertex   -2.609366e+01 -2.731546e+01 -6.879338e+00
    endloop
  endfacet
  facet normal -1.246321e-16 -5.233596e-02 -9.986295e-01
    outer loop
      vertex   -2.609366e+01 -2.731546e+01 -6.879338e+00
      vertex   -6.869941e-01 -2.705449e+01 -6.893016e+00
      vertex   -1.350656e-01 -2.775593e+01 -6.856255e+00
    endloop
  endfacet
  facet normal -1.603424e-16 -5.233596e-02 -9.986295e-01
    outer loop
      vertex   -2.609366e+01 -2.731546e+01 -6.879338e+00
      vertex   -1.350656e-01 -2.775593e+01 -6.856255e+00
      vertex   -2.650788e+01 -2.763286e+01 -6.862704e+00
    endloop
  endfacet
  facet normal -1.824246e-16 -5.233596e-02 -9.986295e-01
    outer loop
      vertex   -2.650788e+01 -2.763286e+01 -6.862704e+00
      vertex   -1.350656e-01 -2.775593e+01 -6.856255e+00
      vertex   -2.699024e+01 -2.783239e+01 -6.852247e+00
    endloop
  endfacet
  facet normal -1.798651e-16 -5.233596e-02 -9.986295e-01
    outer loop
      vertex   -2.699024e+01 -2.783239e+01 -6.852247e+00
      vertex   -1.350656e-01 -2.775593e+01 -6.856255e+00
      vertex   5.175256e-01 -2.836555e+01 -6.824305e+00
    endloop
  endfacet
  facet normal -6.315276e-17 -5.233596e-02 -9.986295e-01
    outer loop
      vertex   -2.699024e+01 -2.783239e+01 -6.852247e+00
      vertex   5.175256e-01 -2.836555e+01 -6.824305e+00
      vertex   -2.803774e+01 -3.037292e+01 -6.719104e+00
    endloop
  endfacet
  facet normal -6.891555e-16 -5.233596e-02 -9.986295e-01
    outer loop
      vertex   -2.803774e+01 -3.037292e+01 -6.719104e+00
      vertex   5.175256e-01 -2.836555e+01 -6.824305e+00
      vertex   -2.750788e+01 -3.048726e+01 -6.713111e+00
    endloop
  endfacet
  facet normal 2.017267e-16 -5.233596e-02 -9.986295e-01
    outer loop
      vertex   -2.750788e+01 -3.048726e+01 -6.713111e+00
      vertex   5.175256e-01 -2.836555e+01 -6.824305e+00
      vertex   5.175256e-01 -3.048726e+01 -6.713111e+00
    endloop
  endfacet
  facet normal 5.249310e-16 -5.233596e-02 -9.986295e-01
    outer loop
      vertex   -7.190970e+01 -2.086633e+01 -7.217323e+00
      vertex   -2.850788e+01 -2.763286e+01 -6.862704e+00
      vertex   -2.803774e+01 -3.037292e+01 -6.719104e+00
    endloop
  endfacet
  facet normal 2.302463e-15 -5.233596e-02 -9.986295e-01
    outer loop
      vertex   -2.803774e+01 -3.037292e+01 -6.719104e+00
      vertex   -2.850788e+01 -2.763286e+01 -6.862704e+00
      vertex   -2.802551e+01 -2.783239e+01 -6.852247e+00
    endloop
  endfacet
  facet normal 6.740289e-16 -5.233596e-02 -9.986295e-01
    outer loop
      vertex   -2.803774e+01 -3.037292e+01 -6.719104e+00
      vertex   -2.802551e+01 -2.783239e+01 -6.852247e+00
      vertex   -2.750788e+01 -2.790044e+01 -6.848681e+00
    endloop
  endfacet
  facet normal -5.563554e-14 -5.233596e-02 -9.986295e-01
    outer loop
      vertex   -7.190946e+01 -2.086520e+01 -7.217382e+00
      vertex   -2.750788e+01 -2.390592e+01 -7.058025e+00
      vertex   -7.190970e+01 -2.086633e+01 -7.217323e+00
    endloop
  endfacet
  facet normal 5.790606e-16 -5.233596e-02 -9.986295e-01
    outer loop
      vertex   -7.190970e+01 -2.086633e+01 -7.217323e+00
      vertex   -2.750788e+01 -2.390592e+01 -7.058025e+00
      vertex   -2.802551e+01 -2.397398e+01 -7.054458e+00
    endloop
  endfacet
  facet normal -5.405615e-17 -5.233596e-02 -9.986295e-01
    outer loop
      vertex   -7.190970e+01 -2.086633e+01 -7.217323e+00
      vertex   -2.802551e+01 -2.397398e+01 -7.054458e+00
      vertex   -2.850788e+01 -2.417351e+01 -7.044001e+00
    endloop
  endfacet
  facet normal 1.495322e-16 -5.233596e-02 -9.986295e-01
    outer loop
      vertex   -7.190946e+01 -2.086520e+01 -7.217382e+00
      vertex   -7.168483e+01 -1.982856e+01 -7.271710e+00
      vertex   -2.750788e+01 -2.390592e+01 -7.058025e+00
    endloop
  endfacet
  facet normal 2.605134e-16 -5.233596e-02 -9.986295e-01
    outer loop
      vertex   -2.750788e+01 -2.390592e+01 -7.058025e+00
      vertex   -7.168483e+01 -1.982856e+01 -7.271710e+00
      vertex   -7.085874e+01 -1.911485e+01 -7.309114e+00
    endloop
  endfacet
  facet normal -5.745053e-17 -5.233596e-02 -9.986295e-01
    outer loop
      vertex   -7.047063e+01 -1.403497e+01 -7.575339e+00
      vertex   -7.117870e+01 -1.320405e+01 -7.618886e+00
      vertex   -2.444415e+01 -8.086628e+00 -7.887079e+00
    endloop
  endfacet
  facet normal -5.941312e-17 -5.233596e-02 -9.986295e-01
    outer loop
      vertex   -2.444415e+01 -8.086628e+00 -7.887079e+00
      vertex   -7.117870e+01 -1.320405e+01 -7.618886e+00
      vertex   -7.207700e+01 -1.258368e+01 -7.651398e+00
    endloop
  endfacet
  facet normal 1.451821e-16 -5.233596e-02 -9.986295e-01
    outer loop
      vertex   -2.444415e+01 -8.086628e+00 -7.887079e+00
      vertex   -7.207700e+01 -1.258368e+01 -7.651398e+00
      vertex   -7.310484e+01 -1.221578e+01 -7.670679e+00
    endloop
  endfacet
  facet normal -1.700374e-16 -5.233596e-02 -9.986295e-01
    outer loop
      vertex   -7.419278e+01 -1.212521e+01 -7.675425e+00
      vertex   -7.365453e+01 -6.382728e+00 -7.976376e+00
      vertex   -7.310484e+01 -1.221578e+01 -7.670679e+00
    endloop
  endfacet
  facet normal -1.185723e-16 -5.233596e-02 -9.986295e-01
    outer loop
      vertex   -7.310484e+01 -1.221578e+01 -7.670679e+00
      vertex   -7.365453e+01 -6.382728e+00 -7.976376e+00
      vertex   -2.509120e+01 -8.001443e+00 -7.891543e+00
    endloop
  endfacet
  facet normal 1.496280e-15 -5.233596e-02 -9.986295e-01
    outer loop
      vertex   -7.310484e+01 -1.221578e+01 -7.670679e+00
      vertex   -2.509120e+01 -8.001443e+00 -7.891543e+00
      vertex   -2.444415e+01 -8.086628e+00 -7.887079e+00
    endloop
  endfacet
  facet normal -5.114135e-16 -5.233596e-02 -9.986295e-01
    outer loop
      vertex   -7.526730e+01 -1.231809e+01 -7.665317e+00
      vertex   -8.366107e+01 -1.195301e+01 -7.684450e+00
      vertex   -7.419278e+01 -1.212521e+01 -7.675425e+00
    endloop
  endfacet
  facet normal -6.934700e-16 -5.233596e-02 -9.986295e-01
    outer loop
      vertex   -7.419278e+01 -1.212521e+01 -7.675425e+00
      vertex   -8.366107e+01 -1.195301e+01 -7.684450e+00
      vertex   -8.414343e+01 -1.175348e+01 -7.694907e+00
    endloop
  endfacet
  facet normal -1.822514e-16 -5.233596e-02 -9.986295e-01
    outer loop
      vertex   -7.419278e+01 -1.212521e+01 -7.675425e+00
      vertex   -8.414343e+01 -1.175348e+01 -7.694907e+00
      vertex   -8.466107e+01 -1.168543e+01 -7.698474e+00
    endloop
  endfacet
  facet normal -7.795396e-16 -5.233596e-02 -9.986295e-01
    outer loop
      vertex   -7.625582e+01 -1.278138e+01 -7.641037e+00
      vertex   -8.292902e+01 -1.268406e+01 -7.646138e+00
      vertex   -7.526730e+01 -1.231809e+01 -7.665317e+00
    endloop
  endfacet
  facet normal -8.374888e-16 -5.233596e-02 -9.986295e-01
    outer loop
      vertex   -7.526730e+01 -1.231809e+01 -7.665317e+00
      vertex   -8.292902e+01 -1.268406e+01 -7.646138e+00
      vertex   -8.324686e+01 -1.227041e+01 -7.667816e+00
    endloop
  endfacet
  facet normal -8.532998e-16 -5.233596e-02 -9.986295e-01
    outer loop
      vertex   -7.526730e+01 -1.231809e+01 -7.665317e+00
      vertex   -8.324686e+01 -1.227041e+01 -7.667816e+00
      vertex   -8.366107e+01 -1.195301e+01 -7.684450e+00
    endloop
  endfacet
  facet normal -7.939144e-16 -5.233596e-02 -9.986295e-01
    outer loop
      vertex   -8.292902e+01 -1.268406e+01 -7.646138e+00
      vertex   -7.625582e+01 -1.278138e+01 -7.641037e+00
      vertex   -8.272922e+01 -1.316576e+01 -7.620893e+00
    endloop
  endfacet
  facet normal -9.756887e-16 -5.233596e-02 -9.986295e-01
    outer loop
      vertex   -8.272922e+01 -1.316576e+01 -7.620893e+00
      vertex   -7.625582e+01 -1.278138e+01 -7.641037e+00
      vertex   -7.709154e+01 -1.348379e+01 -7.604226e+00
    endloop
  endfacet
  facet normal -9.588203e-16 -5.233596e-02 -9.986295e-01
    outer loop
      vertex   -8.272922e+01 -1.316576e+01 -7.620893e+00
      vertex   -7.709154e+01 -1.348379e+01 -7.604226e+00
      vertex   -8.266107e+01 -1.368269e+01 -7.593802e+00
    endloop
  endfacet
  facet normal -9.099016e-16 -5.233596e-02 -9.986295e-01
    outer loop
      vertex   -8.266107e+01 -1.368269e+01 -7.593802e+00
      vertex   -7.709154e+01 -1.348379e+01 -7.604226e+00
      vertex   -7.771801e+01 -1.437785e+01 -7.557370e+00
    endloop
  endfacet
  facet normal -9.238878e-16 -5.233596e-02 -9.986295e-01
    outer loop
      vertex   -8.266107e+01 -1.368269e+01 -7.593802e+00
      vertex   -7.771801e+01 -1.437785e+01 -7.557370e+00
      vertex   -8.272922e+01 -1.419961e+01 -7.566711e+00
    endloop
  endfacet
  facet normal -9.653551e-16 -5.233596e-02 -9.986295e-01
    outer loop
      vertex   -8.272922e+01 -1.419961e+01 -7.566711e+00
      vertex   -7.771801e+01 -1.437785e+01 -7.557370e+00
      vertex   -8.292902e+01 -1.468132e+01 -7.541466e+00
    endloop
  endfacet
  facet normal -1.087942e-15 -5.233596e-02 -9.986295e-01
    outer loop
      vertex   -8.292902e+01 -1.468132e+01 -7.541466e+00
      vertex   -7.771801e+01 -1.437785e+01 -7.557370e+00
      vertex   -7.809289e+01 -1.540316e+01 -7.503635e+00
    endloop
  endfacet
  facet normal -1.005283e-15 -5.233596e-02 -9.986295e-01
    outer loop
      vertex   -8.292902e+01 -1.468132e+01 -7.541466e+00
      vertex   -7.809289e+01 -1.540316e+01 -7.503635e+00
      vertex   -8.324686e+01 -1.509496e+01 -7.519788e+00
    endloop
  endfacet
  facet normal -9.287759e-16 -5.233596e-02 -9.986295e-01
    outer loop
      vertex   -8.324686e+01 -1.509496e+01 -7.519788e+00
      vertex   -7.809289e+01 -1.540316e+01 -7.503635e+00
      vertex   -8.366107e+01 -1.541236e+01 -7.503153e+00
    endloop
  endfacet
  facet normal -9.230307e-16 -5.233596e-02 -9.986295e-01
    outer loop
      vertex   -8.366107e+01 -1.541236e+01 -7.503153e+00
      vertex   -7.809289e+01 -1.540316e+01 -7.503635e+00
      vertex   -8.414343e+01 -1.561189e+01 -7.492697e+00
    endloop
  endfacet
  facet normal -8.951938e-16 -5.233596e-02 -9.986295e-01
    outer loop
      vertex   -8.414343e+01 -1.561189e+01 -7.492697e+00
      vertex   -7.809289e+01 -1.540316e+01 -7.503635e+00
      vertex   -7.819086e+01 -1.649046e+01 -7.446653e+00
    endloop
  endfacet
  facet normal -4.935847e-16 -5.233596e-02 -9.986295e-01
    outer loop
      vertex   -8.414343e+01 -1.561189e+01 -7.492697e+00
      vertex   -7.819086e+01 -1.649046e+01 -7.446653e+00
      vertex   -8.466107e+01 -1.567994e+01 -7.489130e+00
    endloop
  endfacet
  facet normal 2.078842e-17 -5.233596e-02 -9.986295e-01
    outer loop
      vertex   -8.466107e+01 -1.567994e+01 -7.489130e+00
      vertex   -7.819086e+01 -1.649046e+01 -7.446653e+00
      vertex   -8.919088e+01 -1.712168e+01 -7.413572e+00
    endloop
  endfacet
  facet normal 7.375700e-16 -5.233596e-02 -9.986295e-01
    outer loop
      vertex   -8.466107e+01 -1.567994e+01 -7.489130e+00
      vertex   -8.919088e+01 -1.712168e+01 -7.413572e+00
      vertex   -8.517871e+01 -1.561189e+01 -7.492697e+00
    endloop
  endfacet
  facet normal 1.568262e-15 -5.233596e-02 -9.986295e-01
    outer loop
      vertex   -8.517871e+01 -1.561189e+01 -7.492697e+00
      vertex   -8.919088e+01 -1.712168e+01 -7.413572e+00
      vertex   -8.566107e+01 -1.541236e+01 -7.503153e+00
    endloop
  endfacet
  facet normal 7.845046e-16 -5.233596e-02 -9.986295e-01
    outer loop
      vertex   -8.566107e+01 -1.541236e+01 -7.503153e+00
      vertex   -8.919088e+01 -1.712168e+01 -7.413572e+00
      vertex   -8.607528e+01 -1.509496e+01 -7.519788e+00
    endloop
  endfacet
  facet normal 1.240384e-15 -5.233596e-02 -9.986295e-01
    outer loop
      vertex   -8.607528e+01 -1.509496e+01 -7.519788e+00
      vertex   -8.919088e+01 -1.712168e+01 -7.413572e+00
      vertex   -8.639312e+01 -1.468132e+01 -7.541466e+00
    endloop
  endfacet
  facet normal 3.250852e-15 -5.233596e-02 -9.986295e-01
    outer loop
      vertex   -8.639312e+01 -1.468132e+01 -7.541466e+00
      vertex   -8.919088e+01 -1.712168e+01 -7.413572e+00
      vertex   -8.659292e+01 -1.419961e+01 -7.566711e+00
    endloop
  endfacet
  facet normal 1.851317e-15 -5.233596e-02 -9.986295e-01
    outer loop
      vertex   -8.659292e+01 -1.419961e+01 -7.566711e+00
      vertex   -8.919088e+01 -1.712168e+01 -7.413572e+00
      vertex   -8.666107e+01 -1.368269e+01 -7.593802e+00
    endloop
  endfacet
  facet normal 4.092949e-15 -5.233596e-02 -9.986295e-01
    outer loop
      vertex   -8.666107e+01 -1.368269e+01 -7.593802e+00
      vertex   -8.919088e+01 -1.712168e+01 -7.413572e+00
      vertex   -8.843215e+01 -1.103630e+01 -7.732493e+00
    endloop
  endfacet
  facet normal 3.831860e-15 -5.233596e-02 -9.986295e-01
    outer loop
      vertex   -8.666107e+01 -1.368269e+01 -7.593802e+00
      vertex   -8.843215e+01 -1.103630e+01 -7.732493e+00
      vertex   -8.659292e+01 -1.316576e+01 -7.620893e+00
    endloop
  endfacet
  facet normal 3.577180e-15 -5.233596e-02 -9.986295e-01
    outer loop
      vertex   -8.659292e+01 -1.316576e+01 -7.620893e+00
      vertex   -8.843215e+01 -1.103630e+01 -7.732493e+00
      vertex   -8.639312e+01 -1.268406e+01 -7.646138e+00
    endloop
  endfacet
  facet normal 3.051228e-15 -5.233596e-02 -9.986295e-01
    outer loop
      vertex   -8.639312e+01 -1.268406e+01 -7.646138e+00
      vertex   -8.843215e+01 -1.103630e+01 -7.732493e+00
      vertex   -8.607528e+01 -1.227041e+01 -7.667816e+00
    endloop
  endfacet
  facet normal 2.099305e-15 -5.233596e-02 -9.986295e-01
    outer loop
      vertex   -8.607528e+01 -1.227041e+01 -7.667816e+00
      vertex   -8.843215e+01 -1.103630e+01 -7.732493e+00
      vertex   -8.566107e+01 -1.195301e+01 -7.684450e+00
    endloop
  endfacet
  facet normal 1.324824e-15 -5.233596e-02 -9.986295e-01
    outer loop
      vertex   -8.566107e+01 -1.195301e+01 -7.684450e+00
      vertex   -8.843215e+01 -1.103630e+01 -7.732493e+00
      vertex   -8.517871e+01 -1.175348e+01 -7.694907e+00
    endloop
  endfacet
  facet normal 1.752368e-15 -5.233596e-02 -9.986295e-01
    outer loop
      vertex   -8.517871e+01 -1.175348e+01 -7.694907e+00
      vertex   -8.843215e+01 -1.103630e+01 -7.732493e+00
      vertex   -8.466107e+01 -1.168543e+01 -7.698474e+00
    endloop
  endfacet
  facet normal -1.544931e-15 -5.233596e-02 -9.986295e-01
    outer loop
      vertex   -8.466107e+01 -1.168543e+01 -7.698474e+00
      vertex   -8.843215e+01 -1.103630e+01 -7.732493e+00
      vertex   -7.419278e+01 -1.212521e+01 -7.675425e+00
    endloop
  endfacet
  facet normal 2.684528e-16 -5.233596e-02 -9.986295e-01
    outer loop
      vertex   -7.819086e+01 -1.649046e+01 -7.446653e+00
      vertex   -7.800530e+01 -1.756627e+01 -7.390272e+00
      vertex   -8.919088e+01 -1.712168e+01 -7.413572e+00
    endloop
  endfacet
  facet normal 1.533617e-16 -5.233596e-02 -9.986295e-01
    outer loop
      vertex   -8.919088e+01 -1.712168e+01 -7.413572e+00
      vertex   -7.800530e+01 -1.756627e+01 -7.390272e+00
      vertex   -7.754874e+01 -1.855792e+01 -7.338302e+00
    endloop
  endfacet
  facet normal 3.803230e-16 -5.233596e-02 -9.986295e-01
    outer loop
      vertex   -8.919088e+01 -1.712168e+01 -7.413572e+00
      vertex   -7.754874e+01 -1.855792e+01 -7.338302e+00
      vertex   -7.777334e+01 -1.959440e+01 -7.283982e+00
    endloop
  endfacet
  facet normal 9.792087e-14 -5.233596e-02 -9.986295e-01
    outer loop
      vertex   -7.777334e+01 -1.959440e+01 -7.283982e+00
      vertex   -7.777362e+01 -1.959569e+01 -7.283915e+00
      vertex   -8.919088e+01 -1.712168e+01 -7.413572e+00
    endloop
  endfacet
  facet normal 8.699087e-16 -5.233596e-02 -9.986295e-01
    outer loop
      vertex   -7.683419e+01 -7.946018e-01 -8.269238e+00
      vertex   -7.558638e+01 -3.868541e+00 -8.108139e+00
      vertex   -8.843215e+01 -1.103630e+01 -7.732493e+00
    endloop
  endfacet
  facet normal -6.487981e-16 -5.233596e-02 -9.986295e-01
    outer loop
      vertex   -8.843215e+01 -1.103630e+01 -7.732493e+00
      vertex   -7.558638e+01 -3.868541e+00 -8.108139e+00
      vertex   -7.565453e+01 -4.385469e+00 -8.081048e+00
    endloop
  endfacet
  facet normal 1.130949e-15 -5.233596e-02 -9.986295e-01
    outer loop
      vertex   -8.843215e+01 -1.103630e+01 -7.732493e+00
      vertex   -7.565453e+01 -4.385469e+00 -8.081048e+00
      vertex   -7.558638e+01 -4.902398e+00 -8.053957e+00
    endloop
  endfacet
  facet normal 4.405861e-15 -5.233596e-02 -9.986295e-01
    outer loop
      vertex   1.374938e+02 -7.946018e-01 -8.269238e+00
      vertex   -2.444415e+01 -3.086628e+00 -8.149118e+00
      vertex   -7.683419e+01 -7.946018e-01 -8.269238e+00
    endloop
  endfacet
  facet normal 3.822518e-16 -5.233596e-02 -9.986295e-01
    outer loop
      vertex   -7.683419e+01 -7.946018e-01 -8.269238e+00
      vertex   -2.444415e+01 -3.086628e+00 -8.149118e+00
      vertex   -2.509120e+01 -3.171814e+00 -8.144653e+00
    endloop
  endfacet
  facet normal -2.061126e-16 -5.233596e-02 -9.986295e-01
    outer loop
      vertex   -7.683419e+01 -7.946018e-01 -8.269238e+00
      vertex   -2.509120e+01 -3.171814e+00 -8.144653e+00
      vertex   -7.313689e+01 -2.456265e+00 -8.182154e+00
    endloop
  endfacet
  facet normal -8.154413e-17 -5.233596e-02 -9.986295e-01
    outer loop
      vertex   -7.313689e+01 -2.456265e+00 -8.182154e+00
      vertex   -2.509120e+01 -3.171814e+00 -8.144653e+00
      vertex   -7.265453e+01 -2.655792e+00 -8.171697e+00
    endloop
  endfacet
  facet normal -1.522488e-16 -5.233596e-02 -9.986295e-01
    outer loop
      vertex   -7.265453e+01 -2.655792e+00 -8.171697e+00
      vertex   -2.509120e+01 -3.171814e+00 -8.144653e+00
      vertex   -7.224031e+01 -2.973194e+00 -8.155063e+00
    endloop
  endfacet
  facet normal -1.612884e-16 -5.233596e-02 -9.986295e-01
    outer loop
      vertex   -7.224031e+01 -2.973194e+00 -8.155063e+00
      vertex   -2.509120e+01 -3.171814e+00 -8.144653e+00
      vertex   -2.569415e+01 -3.421565e+00 -8.131564e+00
    endloop
  endfacet
  facet normal -1.250914e-16 -5.233596e-02 -9.986295e-01
    outer loop
      vertex   -7.224031e+01 -2.973194e+00 -8.155063e+00
      vertex   -2.569415e+01 -3.421565e+00 -8.131564e+00
      vertex   -7.192247e+01 -3.386840e+00 -8.133384e+00
    endloop
  endfacet
  facet normal -1.257787e-16 -5.233596e-02 -9.986295e-01
    outer loop
      vertex   -7.192247e+01 -3.386840e+00 -8.133384e+00
      vertex   -2.569415e+01 -3.421565e+00 -8.131564e+00
      vertex   -2.621192e+01 -3.818861e+00 -8.110743e+00
    endloop
  endfacet
  facet normal -1.381454e-16 -5.233596e-02 -9.986295e-01
    outer loop
      vertex   -7.192247e+01 -3.386840e+00 -8.133384e+00
      vertex   -2.621192e+01 -3.818861e+00 -8.110743e+00
      vertex   -7.172267e+01 -3.868541e+00 -8.108139e+00
    endloop
  endfacet
  facet normal -1.393207e-16 -5.233596e-02 -9.986295e-01
    outer loop
      vertex   -7.172267e+01 -3.868541e+00 -8.108139e+00
      vertex   -2.621192e+01 -3.818861e+00 -8.110743e+00
      vertex   -2.660921e+01 -4.336628e+00 -8.083608e+00
    endloop
  endfacet
  facet normal -1.161169e-16 -5.233596e-02 -9.986295e-01
    outer loop
      vertex   -7.172267e+01 -3.868541e+00 -8.108139e+00
      vertex   -2.660921e+01 -4.336628e+00 -8.083608e+00
      vertex   -7.165453e+01 -4.385469e+00 -8.081048e+00
    endloop
  endfacet
  facet normal -1.155542e-16 -5.233596e-02 -9.986295e-01
    outer loop
      vertex   -7.165453e+01 -4.385469e+00 -8.081048e+00
      vertex   -2.660921e+01 -4.336628e+00 -8.083608e+00
      vertex   -2.685896e+01 -4.939581e+00 -8.052009e+00
    endloop
  endfacet
  facet normal -1.502012e-16 -5.233596e-02 -9.986295e-01
    outer loop
      vertex   -7.165453e+01 -4.385469e+00 -8.081048e+00
      vertex   -2.685896e+01 -4.939581e+00 -8.052009e+00
      vertex   -7.172267e+01 -4.902398e+00 -8.053957e+00
    endloop
  endfacet
  facet normal -1.502565e-16 -5.233596e-02 -9.986295e-01
    outer loop
      vertex   -7.172267e+01 -4.902398e+00 -8.053957e+00
      vertex   -2.685896e+01 -4.939581e+00 -8.052009e+00
      vertex   -2.694415e+01 -5.586628e+00 -8.018098e+00
    endloop
  endfacet
  facet normal -1.482823e-16 -5.233596e-02 -9.986295e-01
    outer loop
      vertex   -7.172267e+01 -4.902398e+00 -8.053957e+00
      vertex   -2.694415e+01 -5.586628e+00 -8.018098e+00
      vertex   -7.192247e+01 -5.384099e+00 -8.028712e+00
    endloop
  endfacet
  facet normal -1.382576e-16 -5.233596e-02 -9.986295e-01
    outer loop
      vertex   -7.192247e+01 -5.384099e+00 -8.028712e+00
      vertex   -2.694415e+01 -5.586628e+00 -8.018098e+00
      vertex   -7.224031e+01 -5.797745e+00 -8.007034e+00
    endloop
  endfacet
  facet normal -1.402334e-16 -5.233596e-02 -9.986295e-01
    outer loop
      vertex   -7.224031e+01 -5.797745e+00 -8.007034e+00
      vertex   -2.694415e+01 -5.586628e+00 -8.018098e+00
      vertex   -2.685896e+01 -6.233676e+00 -7.984188e+00
    endloop
  endfacet
  facet normal -1.302406e-16 -5.233596e-02 -9.986295e-01
    outer loop
      vertex   -7.224031e+01 -5.797745e+00 -8.007034e+00
      vertex   -2.685896e+01 -6.233676e+00 -7.984188e+00
      vertex   -7.265453e+01 -6.115146e+00 -7.990400e+00
    endloop
  endfacet
  facet normal -1.369777e-16 -5.233596e-02 -9.986295e-01
    outer loop
      vertex   -7.265453e+01 -6.115146e+00 -7.990400e+00
      vertex   -2.685896e+01 -6.233676e+00 -7.984188e+00
      vertex   -2.660921e+01 -6.836628e+00 -7.952588e+00
    endloop
  endfacet
  facet normal -1.717758e-16 -5.233596e-02 -9.986295e-01
    outer loop
      vertex   -7.265453e+01 -6.115146e+00 -7.990400e+00
      vertex   -2.660921e+01 -6.836628e+00 -7.952588e+00
      vertex   -7.313689e+01 -6.314673e+00 -7.979943e+00
    endloop
  endfacet
  facet normal -1.327378e-16 -5.233596e-02 -9.986295e-01
    outer loop
      vertex   -7.313689e+01 -6.314673e+00 -7.979943e+00
      vertex   -2.660921e+01 -6.836628e+00 -7.952588e+00
      vertex   -2.621192e+01 -7.354395e+00 -7.925453e+00
    endloop
  endfacet
  facet normal -2.150985e-16 -5.233596e-02 -9.986295e-01
    outer loop
      vertex   -7.313689e+01 -6.314673e+00 -7.979943e+00
      vertex   -2.621192e+01 -7.354395e+00 -7.925453e+00
      vertex   -2.569415e+01 -7.751692e+00 -7.904632e+00
    endloop
  endfacet
  facet normal 8.589203e-15 -5.233596e-02 -9.986295e-01
    outer loop
      vertex   1.490917e+02 -1.103630e+01 -7.732493e+00
      vertex   1.362460e+02 -3.868541e+00 -8.108139e+00
      vertex   1.374938e+02 -7.946018e-01 -8.269238e+00
    endloop
  endfacet
  facet normal 6.842444e-15 -5.233596e-02 -9.986295e-01
    outer loop
      vertex   1.374938e+02 -7.946018e-01 -8.269238e+00
      vertex   1.362460e+02 -3.868541e+00 -8.108139e+00
      vertex   1.360462e+02 -3.386840e+00 -8.133384e+00
    endloop
  endfacet
  facet normal 6.740852e-15 -5.233596e-02 -9.986295e-01
    outer loop
      vertex   1.374938e+02 -7.946018e-01 -8.269238e+00
      vertex   1.360462e+02 -3.386840e+00 -8.133384e+00
      vertex   1.357283e+02 -2.973194e+00 -8.155063e+00
    endloop
  endfacet
  facet normal 5.012128e-15 -5.233596e-02 -9.986295e-01
    outer loop
      vertex   1.498505e+02 -1.712168e+01 -7.413572e+00
      vertex   1.473206e+02 -1.368269e+01 -7.593802e+00
      vertex   1.490917e+02 -1.103630e+01 -7.732493e+00
    endloop
  endfacet
  facet normal 7.992526e-15 -5.233596e-02 -9.986295e-01
    outer loop
      vertex   1.490917e+02 -1.103630e+01 -7.732493e+00
      vertex   1.473206e+02 -1.368269e+01 -7.593802e+00
      vertex   1.472525e+02 -1.316576e+01 -7.620893e+00
    endloop
  endfacet
  facet normal 4.966838e-15 -5.233596e-02 -9.986295e-01
    outer loop
      vertex   1.490917e+02 -1.103630e+01 -7.732493e+00
      vertex   1.472525e+02 -1.316576e+01 -7.620893e+00
      vertex   1.470527e+02 -1.268406e+01 -7.646138e+00
    endloop
  endfacet
  facet normal 3.870988e-13 -5.233596e-02 -9.986295e-01
    outer loop
      vertex   1.384332e+02 -1.959569e+01 -7.283915e+00
      vertex   1.384329e+02 -1.959440e+01 -7.283982e+00
      vertex   1.498505e+02 -1.712168e+01 -7.413572e+00
    endloop
  endfacet
  facet normal 8.765551e-14 -5.233596e-02 -9.986295e-01
    outer loop
      vertex   1.498505e+02 -1.712168e+01 -7.413572e+00
      vertex   1.384329e+02 -1.959440e+01 -7.283982e+00
      vertex   1.382083e+02 -1.855792e+01 -7.338302e+00
    endloop
  endfacet
  facet normal 9.588927e-14 -5.233596e-02 -9.986295e-01
    outer loop
      vertex   1.498505e+02 -1.712168e+01 -7.413572e+00
      vertex   1.382083e+02 -1.855792e+01 -7.338302e+00
      vertex   1.386649e+02 -1.756627e+01 -7.390272e+00
    endloop
  endfacet
  facet normal 9.464962e-14 -5.233596e-02 -9.986295e-01
    outer loop
      vertex   1.386649e+02 -1.756627e+01 -7.390272e+00
      vertex   1.388504e+02 -1.649046e+01 -7.446653e+00
      vertex   1.498505e+02 -1.712168e+01 -7.413572e+00
    endloop
  endfacet
  facet normal 1.150212e-13 -5.233596e-02 -9.986295e-01
    outer loop
      vertex   1.498505e+02 -1.712168e+01 -7.413572e+00
      vertex   1.388504e+02 -1.649046e+01 -7.446653e+00
      vertex   1.453206e+02 -1.567994e+01 -7.489130e+00
    endloop
  endfacet
  facet normal 1.006643e-14 -5.233596e-02 -9.986295e-01
    outer loop
      vertex   1.498505e+02 -1.712168e+01 -7.413572e+00
      vertex   1.453206e+02 -1.567994e+01 -7.489130e+00
      vertex   1.458383e+02 -1.561189e+01 -7.492697e+00
    endloop
  endfacet
  facet normal 8.464172e-14 -5.233596e-02 -9.986295e-01
    outer loop
      vertex   1.453206e+02 -1.567994e+01 -7.489130e+00
      vertex   1.388504e+02 -1.649046e+01 -7.446653e+00
      vertex   1.448030e+02 -1.561189e+01 -7.492697e+00
    endloop
  endfacet
  facet normal 1.682346e-13 -5.233596e-02 -9.986295e-01
    outer loop
      vertex   1.448030e+02 -1.561189e+01 -7.492697e+00
      vertex   1.388504e+02 -1.649046e+01 -7.446653e+00
      vertex   1.387525e+02 -1.540316e+01 -7.503635e+00
    endloop
  endfacet
  facet normal 1.821083e-13 -5.233596e-02 -9.986295e-01
    outer loop
      vertex   1.448030e+02 -1.561189e+01 -7.492697e+00
      vertex   1.387525e+02 -1.540316e+01 -7.503635e+00
      vertex   1.443206e+02 -1.541236e+01 -7.503153e+00
    endloop
  endfacet
  facet normal 1.817883e-13 -5.233596e-02 -9.986295e-01
    outer loop
      vertex   1.443206e+02 -1.541236e+01 -7.503153e+00
      vertex   1.387525e+02 -1.540316e+01 -7.503635e+00
      vertex   1.439064e+02 -1.509496e+01 -7.519788e+00
    endloop
  endfacet
  facet normal 1.868117e-13 -5.233596e-02 -9.986295e-01
    outer loop
      vertex   1.439064e+02 -1.509496e+01 -7.519788e+00
      vertex   1.387525e+02 -1.540316e+01 -7.503635e+00
      vertex   1.435886e+02 -1.468132e+01 -7.541466e+00
    endloop
  endfacet
  facet normal 1.968509e-13 -5.233596e-02 -9.986295e-01
    outer loop
      vertex   1.435886e+02 -1.468132e+01 -7.541466e+00
      vertex   1.387525e+02 -1.540316e+01 -7.503635e+00
      vertex   1.383776e+02 -1.437785e+01 -7.557370e+00
    endloop
  endfacet
  facet normal 1.972001e-13 -5.233596e-02 -9.986295e-01
    outer loop
      vertex   1.435886e+02 -1.468132e+01 -7.541466e+00
      vertex   1.383776e+02 -1.437785e+01 -7.557370e+00
      vertex   1.433888e+02 -1.419961e+01 -7.566711e+00
    endloop
  endfacet
  facet normal 1.990995e-13 -5.233596e-02 -9.986295e-01
    outer loop
      vertex   1.433888e+02 -1.419961e+01 -7.566711e+00
      vertex   1.383776e+02 -1.437785e+01 -7.557370e+00
      vertex   1.433206e+02 -1.368269e+01 -7.593802e+00
    endloop
  endfacet
  facet normal 1.844478e-13 -5.233596e-02 -9.986295e-01
    outer loop
      vertex   1.433206e+02 -1.368269e+01 -7.593802e+00
      vertex   1.383776e+02 -1.437785e+01 -7.557370e+00
      vertex   1.377511e+02 -1.348379e+01 -7.604226e+00
    endloop
  endfacet
  facet normal 1.791368e-13 -5.233596e-02 -9.986295e-01
    outer loop
      vertex   1.433206e+02 -1.368269e+01 -7.593802e+00
      vertex   1.377511e+02 -1.348379e+01 -7.604226e+00
      vertex   1.433888e+02 -1.316576e+01 -7.620893e+00
    endloop
  endfacet
  facet normal 1.668467e-13 -5.233596e-02 -9.986295e-01
    outer loop
      vertex   1.433888e+02 -1.316576e+01 -7.620893e+00
      vertex   1.377511e+02 -1.348379e+01 -7.604226e+00
      vertex   1.369154e+02 -1.278138e+01 -7.641037e+00
    endloop
  endfacet
  facet normal 1.514149e-13 -5.233596e-02 -9.986295e-01
    outer loop
      vertex   1.433888e+02 -1.316576e+01 -7.620893e+00
      vertex   1.369154e+02 -1.278138e+01 -7.641037e+00
      vertex   1.435886e+02 -1.268406e+01 -7.646138e+00
    endloop
  endfacet
  facet normal 1.459351e-13 -5.233596e-02 -9.986295e-01
    outer loop
      vertex   1.435886e+02 -1.268406e+01 -7.646138e+00
      vertex   1.369154e+02 -1.278138e+01 -7.641037e+00
      vertex   1.359269e+02 -1.231809e+01 -7.665317e+00
    endloop
  endfacet
  facet normal 1.266898e-13 -5.233596e-02 -9.986295e-01
    outer loop
      vertex   1.435886e+02 -1.268406e+01 -7.646138e+00
      vertex   1.359269e+02 -1.231809e+01 -7.665317e+00
      vertex   1.439064e+02 -1.227041e+01 -7.667816e+00
    endloop
  endfacet
  facet normal 1.270756e-13 -5.233596e-02 -9.986295e-01
    outer loop
      vertex   1.439064e+02 -1.227041e+01 -7.667816e+00
      vertex   1.359269e+02 -1.231809e+01 -7.665317e+00
      vertex   1.443206e+02 -1.195301e+01 -7.684450e+00
    endloop
  endfacet
  facet normal 9.697390e-14 -5.233596e-02 -9.986295e-01
    outer loop
      vertex   1.443206e+02 -1.195301e+01 -7.684450e+00
      vertex   1.359269e+02 -1.231809e+01 -7.665317e+00
      vertex   1.348524e+02 -1.212521e+01 -7.675425e+00
    endloop
  endfacet
  facet normal 1.113356e-13 -5.233596e-02 -9.986295e-01
    outer loop
      vertex   1.443206e+02 -1.195301e+01 -7.684450e+00
      vertex   1.348524e+02 -1.212521e+01 -7.675425e+00
      vertex   1.448030e+02 -1.175348e+01 -7.694907e+00
    endloop
  endfacet
  facet normal 1.386366e-13 -5.233596e-02 -9.986295e-01
    outer loop
      vertex   1.448030e+02 -1.175348e+01 -7.694907e+00
      vertex   1.348524e+02 -1.212521e+01 -7.675425e+00
      vertex   1.453206e+02 -1.168543e+01 -7.698474e+00
    endloop
  endfacet
  facet normal 1.266483e-13 -5.233596e-02 -9.986295e-01
    outer loop
      vertex   1.453206e+02 -1.168543e+01 -7.698474e+00
      vertex   1.348524e+02 -1.212521e+01 -7.675425e+00
      vertex   1.490917e+02 -1.103630e+01 -7.732493e+00
    endloop
  endfacet
  facet normal 8.550648e-15 -5.233596e-02 -9.986295e-01
    outer loop
      vertex   1.453206e+02 -1.168543e+01 -7.698474e+00
      vertex   1.490917e+02 -1.103630e+01 -7.732493e+00
      vertex   1.458383e+02 -1.175348e+01 -7.694907e+00
    endloop
  endfacet
  facet normal 7.530256e-15 -5.233596e-02 -9.986295e-01
    outer loop
      vertex   1.458383e+02 -1.175348e+01 -7.694907e+00
      vertex   1.490917e+02 -1.103630e+01 -7.732493e+00
      vertex   1.463206e+02 -1.195301e+01 -7.684450e+00
    endloop
  endfacet
  facet normal 6.337809e-15 -5.233596e-02 -9.986295e-01
    outer loop
      vertex   1.463206e+02 -1.195301e+01 -7.684450e+00
      vertex   1.490917e+02 -1.103630e+01 -7.732493e+00
      vertex   1.467349e+02 -1.227041e+01 -7.667816e+00
    endloop
  endfacet
  facet normal 5.248416e-15 -5.233596e-02 -9.986295e-01
    outer loop
      vertex   1.467349e+02 -1.227041e+01 -7.667816e+00
      vertex   1.490917e+02 -1.103630e+01 -7.732493e+00
      vertex   1.470527e+02 -1.268406e+01 -7.646138e+00
    endloop
  endfacet
  facet normal 6.070864e-14 -5.233596e-02 -9.986295e-01
    outer loop
      vertex   1.490917e+02 -1.103630e+01 -7.732493e+00
      vertex   1.348524e+02 -1.212521e+01 -7.675425e+00
      vertex   1.343141e+02 -6.382728e+00 -7.976376e+00
    endloop
  endfacet
  facet normal -1.317157e-14 -5.233596e-02 -9.986295e-01
    outer loop
      vertex   1.343141e+02 -6.382728e+00 -7.976376e+00
      vertex   1.348524e+02 -1.212521e+01 -7.675425e+00
      vertex   1.337644e+02 -1.221578e+01 -7.670679e+00
    endloop
  endfacet
  facet normal 3.675938e-15 -5.233596e-02 -9.986295e-01
    outer loop
      vertex   1.343141e+02 -6.382728e+00 -7.976376e+00
      vertex   1.337644e+02 -1.221578e+01 -7.670679e+00
      vertex   8.575077e+01 -8.001443e+00 -7.891543e+00
    endloop
  endfacet
  facet normal -3.868270e-15 -5.233596e-02 -9.986295e-01
    outer loop
      vertex   8.575077e+01 -8.001443e+00 -7.891543e+00
      vertex   1.337644e+02 -1.221578e+01 -7.670679e+00
      vertex   8.510373e+01 -8.086628e+00 -7.887079e+00
    endloop
  endfacet
  facet normal -7.914926e-15 -5.233596e-02 -9.986295e-01
    outer loop
      vertex   8.510373e+01 -8.086628e+00 -7.887079e+00
      vertex   1.337644e+02 -1.221578e+01 -7.670679e+00
      vertex   1.327366e+02 -1.258368e+01 -7.651398e+00
    endloop
  endfacet
  facet normal -9.017592e-15 -5.233596e-02 -9.986295e-01
    outer loop
      vertex   8.510373e+01 -8.086628e+00 -7.887079e+00
      vertex   1.327366e+02 -1.258368e+01 -7.651398e+00
      vertex   1.318383e+02 -1.320405e+01 -7.618886e+00
    endloop
  endfacet
  facet normal -9.399690e-15 -5.233596e-02 -9.986295e-01
    outer loop
      vertex   1.318383e+02 -1.320405e+01 -7.618886e+00
      vertex   1.311302e+02 -1.403497e+01 -7.575339e+00
      vertex   8.510373e+01 -8.086628e+00 -7.887079e+00
    endloop
  endfacet
  facet normal -3.208339e-15 -5.233596e-02 -9.986295e-01
    outer loop
      vertex   8.510373e+01 -8.086628e+00 -7.887079e+00
      vertex   1.311302e+02 -1.403497e+01 -7.575339e+00
      vertex   5.746884e+01 -1.818281e+01 -7.357961e+00
    endloop
  endfacet
  facet normal 2.342613e-15 -5.233596e-02 -9.986295e-01
    outer loop
      vertex   8.510373e+01 -8.086628e+00 -7.887079e+00
      vertex   5.746884e+01 -1.818281e+01 -7.357961e+00
      vertex   5.661098e+01 -1.809889e+01 -7.362358e+00
    endloop
  endfacet
  facet normal -2.393767e-17 -5.233596e-02 -9.986295e-01
    outer loop
      vertex   1.311302e+02 -1.403497e+01 -7.575339e+00
      vertex   1.306602e+02 -1.502032e+01 -7.523700e+00
      vertex   5.746884e+01 -1.818281e+01 -7.357961e+00
    endloop
  endfacet
  facet normal -4.766925e-17 -5.233596e-02 -9.986295e-01
    outer loop
      vertex   5.746884e+01 -1.818281e+01 -7.357961e+00
      vertex   1.306602e+02 -1.502032e+01 -7.523700e+00
      vertex   1.304600e+02 -1.609350e+01 -7.467456e+00
    endloop
  endfacet
  facet normal -8.652818e-17 -5.233596e-02 -9.986295e-01
    outer loop
      vertex   5.746884e+01 -1.818281e+01 -7.357961e+00
      vertex   1.304600e+02 -1.609350e+01 -7.467456e+00
      vertex   5.830630e+01 -1.839582e+01 -7.346797e+00
    endloop
  endfacet
  facet normal -2.640347e-17 -5.233596e-02 -9.986295e-01
    outer loop
      vertex   5.830630e+01 -1.839582e+01 -7.346797e+00
      vertex   1.304600e+02 -1.609350e+01 -7.467456e+00
      vertex   1.305432e+02 -1.718203e+01 -7.410409e+00
    endloop
  endfacet
  facet normal -9.132949e-17 -5.233596e-02 -9.986295e-01
    outer loop
      vertex   5.830630e+01 -1.839582e+01 -7.346797e+00
      vertex   1.305432e+02 -1.718203e+01 -7.410409e+00
      vertex   5.910047e+01 -1.873223e+01 -7.329166e+00
    endloop
  endfacet
  facet normal -1.223904e-17 -5.233596e-02 -9.986295e-01
    outer loop
      vertex   5.910047e+01 -1.873223e+01 -7.329166e+00
      vertex   1.305432e+02 -1.718203e+01 -7.410409e+00
      vertex   1.309041e+02 -1.821235e+01 -7.356412e+00
    endloop
  endfacet
  facet normal 4.513790e-17 -5.233596e-02 -9.986295e-01
    outer loop
      vertex   5.910047e+01 -1.873223e+01 -7.329166e+00
      vertex   1.309041e+02 -1.821235e+01 -7.356412e+00
      vertex   5.983456e+01 -1.918445e+01 -7.305467e+00
    endloop
  endfacet
  facet normal -1.203451e-16 -5.233596e-02 -9.986295e-01
    outer loop
      vertex   5.983456e+01 -1.918445e+01 -7.305467e+00
      vertex   1.309041e+02 -1.821235e+01 -7.356412e+00
      vertex   6.049322e+01 -1.974338e+01 -7.276174e+00
    endloop
  endfacet
  facet normal -5.630636e-17 -5.233596e-02 -9.986295e-01
    outer loop
      vertex   6.049322e+01 -1.974338e+01 -7.276174e+00
      vertex   1.309041e+02 -1.821235e+01 -7.356412e+00
      vertex   1.315183e+02 -1.911485e+01 -7.309114e+00
    endloop
  endfacet
  facet normal -5.138369e-17 -5.233596e-02 -9.986295e-01
    outer loop
      vertex   6.049322e+01 -1.974338e+01 -7.276174e+00
      vertex   1.315183e+02 -1.911485e+01 -7.309114e+00
      vertex   6.105837e+01 -2.039343e+01 -7.242107e+00
    endloop
  endfacet
  facet normal 2.292643e-15 -5.233596e-02 -9.986295e-01
    outer loop
      vertex   6.105837e+01 -2.039343e+01 -7.242107e+00
      vertex   1.315183e+02 -1.911485e+01 -7.309114e+00
      vertex   8.816745e+01 -2.390592e+01 -7.058025e+00
    endloop
  endfacet
  facet normal 2.043849e-14 -5.233596e-02 -9.986295e-01
    outer loop
      vertex   6.105837e+01 -2.039343e+01 -7.242107e+00
      vertex   8.816745e+01 -2.390592e+01 -7.058025e+00
      vertex   6.151993e+01 -2.112273e+01 -7.203886e+00
    endloop
  endfacet
  facet normal 2.018076e-14 -5.233596e-02 -9.986295e-01
    outer loop
      vertex   6.151993e+01 -2.112273e+01 -7.203886e+00
      vertex   8.816745e+01 -2.390592e+01 -7.058025e+00
      vertex   6.186580e+01 -2.191247e+01 -7.162497e+00
    endloop
  endfacet
  facet normal 1.988919e-14 -5.233596e-02 -9.986295e-01
    outer loop
      vertex   6.186580e+01 -2.191247e+01 -7.162497e+00
      vertex   8.816745e+01 -2.390592e+01 -7.058025e+00
      vertex   6.208844e+01 -2.274441e+01 -7.118897e+00
    endloop
  endfacet
  facet normal 1.757392e-14 -5.233596e-02 -9.986295e-01
    outer loop
      vertex   6.208844e+01 -2.274441e+01 -7.118897e+00
      vertex   8.816745e+01 -2.390592e+01 -7.058025e+00
      vertex   8.764981e+01 -2.397398e+01 -7.054458e+00
    endloop
  endfacet
  facet normal 2.002709e-14 -5.233596e-02 -9.986295e-01
    outer loop
      vertex   6.208844e+01 -2.274441e+01 -7.118897e+00
      vertex   8.764981e+01 -2.397398e+01 -7.054458e+00
      vertex   6.218329e+01 -2.360253e+01 -7.073925e+00
    endloop
  endfacet
  facet normal 1.947709e-14 -5.233596e-02 -9.986295e-01
    outer loop
      vertex   6.218329e+01 -2.360253e+01 -7.073925e+00
      vertex   8.764981e+01 -2.397398e+01 -7.054458e+00
      vertex   8.716745e+01 -2.417351e+01 -7.044001e+00
    endloop
  endfacet
  facet normal 2.018485e-14 -5.233596e-02 -9.986295e-01
    outer loop
      vertex   6.218329e+01 -2.360253e+01 -7.073925e+00
      vertex   8.716745e+01 -2.417351e+01 -7.044001e+00
      vertex   6.214775e+01 -2.446284e+01 -7.028838e+00
    endloop
  endfacet
  facet normal 2.032369e-14 -5.233596e-02 -9.986295e-01
    outer loop
      vertex   6.214775e+01 -2.446284e+01 -7.028838e+00
      vertex   8.716745e+01 -2.417351e+01 -7.044001e+00
      vertex   8.675324e+01 -2.449091e+01 -7.027367e+00
    endloop
  endfacet
  facet normal 2.033195e-14 -5.233596e-02 -9.986295e-01
    outer loop
      vertex   6.214775e+01 -2.446284e+01 -7.028838e+00
      vertex   8.675324e+01 -2.449091e+01 -7.027367e+00
      vertex   8.643540e+01 -2.490455e+01 -7.005689e+00
    endloop
  endfacet
  facet normal -9.904274e-15 -5.233596e-02 -9.986295e-01
    outer loop
      vertex   1.315183e+02 -1.911485e+01 -7.309114e+00
      vertex   1.323444e+02 -1.982856e+01 -7.271710e+00
      vertex   8.816745e+01 -2.390592e+01 -7.058025e+00
    endloop
  endfacet
  facet normal -1.124340e-14 -5.233596e-02 -9.986295e-01
    outer loop
      vertex   8.816745e+01 -2.390592e+01 -7.058025e+00
      vertex   1.323444e+02 -1.982856e+01 -7.271710e+00
      vertex   1.325690e+02 -2.086520e+01 -7.217382e+00
    endloop
  endfacet
  facet normal -9.084181e-14 -5.233596e-02 -9.986295e-01
    outer loop
      vertex   8.816745e+01 -2.390592e+01 -7.058025e+00
      vertex   1.325690e+02 -2.086520e+01 -7.217382e+00
      vertex   1.325693e+02 -2.086633e+01 -7.217323e+00
    endloop
  endfacet
  facet normal -1.283399e-14 -5.233596e-02 -9.986295e-01
    outer loop
      vertex   8.869732e+01 -3.037292e+01 -6.719104e+00
      vertex   8.916745e+01 -2.763286e+01 -6.862704e+00
      vertex   1.325693e+02 -2.086633e+01 -7.217323e+00
    endloop
  endfacet
  facet normal -1.733826e-14 -5.233596e-02 -9.986295e-01
    outer loop
      vertex   1.325693e+02 -2.086633e+01 -7.217323e+00
      vertex   8.916745e+01 -2.763286e+01 -6.862704e+00
      vertex   8.958167e+01 -2.731546e+01 -6.879338e+00
    endloop
  endfacet
  facet normal -1.516618e-14 -5.233596e-02 -9.986295e-01
    outer loop
      vertex   1.325693e+02 -2.086633e+01 -7.217323e+00
      vertex   8.958167e+01 -2.731546e+01 -6.879338e+00
      vertex   8.989950e+01 -2.690181e+01 -6.901017e+00
    endloop
  endfacet
  facet normal 1.799435e-14 -5.233596e-02 -9.986295e-01
    outer loop
      vertex   8.816745e+01 -3.048726e+01 -6.713111e+00
      vertex   6.014205e+01 -3.048726e+01 -6.713111e+00
      vertex   8.869732e+01 -3.037292e+01 -6.719104e+00
    endloop
  endfacet
  facet normal 1.790909e-14 -5.233596e-02 -9.986295e-01
    outer loop
      vertex   8.869732e+01 -3.037292e+01 -6.719104e+00
      vertex   6.014205e+01 -3.048726e+01 -6.713111e+00
      vertex   6.014205e+01 -2.817192e+01 -6.834453e+00
    endloop
  endfacet
  facet normal 1.836048e-14 -5.233596e-02 -9.986295e-01
    outer loop
      vertex   8.869732e+01 -3.037292e+01 -6.719104e+00
      vertex   6.014205e+01 -2.817192e+01 -6.834453e+00
      vertex   8.764981e+01 -2.783239e+01 -6.852247e+00
    endloop
  endfacet
  facet normal 1.812096e-14 -5.233596e-02 -9.986295e-01
    outer loop
      vertex   8.764981e+01 -2.783239e+01 -6.852247e+00
      vertex   6.014205e+01 -2.817192e+01 -6.834453e+00
      vertex   8.716745e+01 -2.763286e+01 -6.862704e+00
    endloop
  endfacet
  facet normal 1.897205e-14 -5.233596e-02 -9.986295e-01
    outer loop
      vertex   8.716745e+01 -2.763286e+01 -6.862704e+00
      vertex   6.014205e+01 -2.817192e+01 -6.834453e+00
      vertex   6.076043e+01 -2.756988e+01 -6.866005e+00
    endloop
  endfacet
  facet normal 1.904140e-14 -5.233596e-02 -9.986295e-01
    outer loop
      vertex   8.716745e+01 -2.763286e+01 -6.862704e+00
      vertex   6.076043e+01 -2.756988e+01 -6.866005e+00
      vertex   8.675324e+01 -2.731546e+01 -6.879338e+00
    endloop
  endfacet
  facet normal 1.934068e-14 -5.233596e-02 -9.986295e-01
    outer loop
      vertex   8.675324e+01 -2.731546e+01 -6.879338e+00
      vertex   6.076043e+01 -2.756988e+01 -6.866005e+00
      vertex   6.128118e+01 -2.688086e+01 -6.902115e+00
    endloop
  endfacet
  facet normal 1.985413e-14 -5.233596e-02 -9.986295e-01
    outer loop
      vertex   8.675324e+01 -2.731546e+01 -6.879338e+00
      vertex   6.128118e+01 -2.688086e+01 -6.902115e+00
      vertex   8.643540e+01 -2.690181e+01 -6.901017e+00
    endloop
  endfacet
  facet normal 1.984851e-14 -5.233596e-02 -9.986295e-01
    outer loop
      vertex   8.643540e+01 -2.690181e+01 -6.901017e+00
      vertex   6.128118e+01 -2.688086e+01 -6.902115e+00
      vertex   8.623560e+01 -2.642011e+01 -6.926262e+00
    endloop
  endfacet
  facet normal 2.009615e-14 -5.233596e-02 -9.986295e-01
    outer loop
      vertex   8.623560e+01 -2.642011e+01 -6.926262e+00
      vertex   6.128118e+01 -2.688086e+01 -6.902115e+00
      vertex   6.169154e+01 -2.612178e+01 -6.941896e+00
    endloop
  endfacet
  facet normal 2.022438e-14 -5.233596e-02 -9.986295e-01
    outer loop
      vertex   8.623560e+01 -2.642011e+01 -6.926262e+00
      vertex   6.169154e+01 -2.612178e+01 -6.941896e+00
      vertex   8.616745e+01 -2.590318e+01 -6.953353e+00
    endloop
  endfacet
  facet normal 2.031372e-14 -5.233596e-02 -9.986295e-01
    outer loop
      vertex   8.616745e+01 -2.590318e+01 -6.953353e+00
      vertex   6.169154e+01 -2.612178e+01 -6.941896e+00
      vertex   6.198271e+01 -2.530919e+01 -6.984482e+00
    endloop
  endfacet
  facet normal 2.055401e-14 -5.233596e-02 -9.986295e-01
    outer loop
      vertex   8.616745e+01 -2.590318e+01 -6.953353e+00
      vertex   6.198271e+01 -2.530919e+01 -6.984482e+00
      vertex   8.623560e+01 -2.538626e+01 -6.980444e+00
    endloop
  endfacet
  facet normal 2.052595e-14 -5.233596e-02 -9.986295e-01
    outer loop
      vertex   8.623560e+01 -2.538626e+01 -6.980444e+00
      vertex   6.198271e+01 -2.530919e+01 -6.984482e+00
      vertex   8.643540e+01 -2.490455e+01 -7.005689e+00
    endloop
  endfacet
  facet normal 2.043114e-14 -5.233596e-02 -9.986295e-01
    outer loop
      vertex   8.643540e+01 -2.490455e+01 -7.005689e+00
      vertex   6.198271e+01 -2.530919e+01 -6.984482e+00
      vertex   6.214775e+01 -2.446284e+01 -7.028838e+00
    endloop
  endfacet
  facet normal 8.954893e-15 -5.233596e-02 -9.986295e-01
    outer loop
      vertex   8.510373e+01 -8.086628e+00 -7.887079e+00
      vertex   5.661098e+01 -1.809889e+01 -7.362358e+00
      vertex   3.032979e+01 -7.792659e+00 -7.902485e+00
    endloop
  endfacet
  facet normal 8.765481e-17 -5.233596e-02 -9.986295e-01
    outer loop
      vertex   3.032979e+01 -7.792659e+00 -7.902485e+00
      vertex   5.661098e+01 -1.809889e+01 -7.362358e+00
      vertex   5.574820e+01 -1.814557e+01 -7.359912e+00
    endloop
  endfacet
  facet normal -8.806431e-15 -5.233596e-02 -9.986295e-01
    outer loop
      vertex   3.032979e+01 -2.248478e+01 -7.132504e+00
      vertex   5.119467e+01 -2.168002e+01 -7.174679e+00
      vertex   3.081687e+01 -2.253295e+01 -7.129979e+00
    endloop
  endfacet
  facet normal 7.536887e-16 -5.233596e-02 -9.986295e-01
    outer loop
      vertex   3.081687e+01 -2.253295e+01 -7.129979e+00
      vertex   5.119467e+01 -2.168002e+01 -7.174679e+00
      vertex   5.093552e+01 -2.250365e+01 -7.131515e+00
    endloop
  endfacet
  facet normal 8.001728e-16 -5.233596e-02 -9.986295e-01
    outer loop
      vertex   3.081687e+01 -2.253295e+01 -7.129979e+00
      vertex   5.093552e+01 -2.250365e+01 -7.131515e+00
      vertex   3.127764e+01 -2.269783e+01 -7.121338e+00
    endloop
  endfacet
  facet normal 6.259571e-16 -5.233596e-02 -9.986295e-01
    outer loop
      vertex   3.127764e+01 -2.269783e+01 -7.121338e+00
      vertex   5.093552e+01 -2.250365e+01 -7.131515e+00
      vertex   3.168451e+01 -2.296954e+01 -7.107098e+00
    endloop
  endfacet
  facet normal 2.765867e-16 -5.233596e-02 -9.986295e-01
    outer loop
      vertex   3.168451e+01 -2.296954e+01 -7.107098e+00
      vertex   5.093552e+01 -2.250365e+01 -7.131515e+00
      vertex   5.080391e+01 -2.335469e+01 -7.086913e+00
    endloop
  endfacet
  facet normal 1.620343e-16 -5.233596e-02 -9.986295e-01
    outer loop
      vertex   3.168451e+01 -2.296954e+01 -7.107098e+00
      vertex   5.080391e+01 -2.335469e+01 -7.086913e+00
      vertex   3.201311e+01 -2.333180e+01 -7.088113e+00
    endloop
  endfacet
  facet normal 1.604869e-16 -5.233596e-02 -9.986295e-01
    outer loop
      vertex   3.201311e+01 -2.333180e+01 -7.088113e+00
      vertex   5.080391e+01 -2.335469e+01 -7.086913e+00
      vertex   3.224376e+01 -2.376292e+01 -7.065519e+00
    endloop
  endfacet
  facet normal 6.876048e-17 -5.233596e-02 -9.986295e-01
    outer loop
      vertex   3.224376e+01 -2.376292e+01 -7.065519e+00
      vertex   5.080391e+01 -2.335469e+01 -7.086913e+00
      vertex   5.080204e+01 -2.421670e+01 -7.041738e+00
    endloop
  endfacet
  facet normal 3.862645e-17 -5.233596e-02 -9.986295e-01
    outer loop
      vertex   3.224376e+01 -2.376292e+01 -7.065519e+00
      vertex   5.080204e+01 -2.421670e+01 -7.041738e+00
      vertex   3.236265e+01 -2.423707e+01 -7.040670e+00
    endloop
  endfacet
  facet normal 3.623077e-17 -5.233596e-02 -9.986295e-01
    outer loop
      vertex   3.236265e+01 -2.423707e+01 -7.040670e+00
      vertex   5.080204e+01 -2.421670e+01 -7.041738e+00
      vertex   3.236265e+01 -2.472586e+01 -7.015054e+00
    endloop
  endfacet
  facet normal 2.971766e-17 -5.233596e-02 -9.986295e-01
    outer loop
      vertex   3.236265e+01 -2.472586e+01 -7.015054e+00
      vertex   5.080204e+01 -2.421670e+01 -7.041738e+00
      vertex   5.093035e+01 -2.506988e+01 -6.997024e+00
    endloop
  endfacet
  facet normal 1.325974e-16 -5.233596e-02 -9.986295e-01
    outer loop
      vertex   3.236265e+01 -2.472586e+01 -7.015054e+00
      vertex   5.093035e+01 -2.506988e+01 -6.997024e+00
      vertex   3.224376e+01 -2.520001e+01 -6.990205e+00
    endloop
  endfacet
  facet normal 1.279390e-16 -5.233596e-02 -9.986295e-01
    outer loop
      vertex   3.224376e+01 -2.520001e+01 -6.990205e+00
      vertex   5.093035e+01 -2.506988e+01 -6.997024e+00
      vertex   3.201311e+01 -2.563112e+01 -6.967611e+00
    endloop
  endfacet
  facet normal 2.308761e-16 -5.233596e-02 -9.986295e-01
    outer loop
      vertex   3.201311e+01 -2.563112e+01 -6.967611e+00
      vertex   5.093035e+01 -2.506988e+01 -6.997024e+00
      vertex   5.118528e+01 -2.589229e+01 -6.953924e+00
    endloop
  endfacet
  facet normal 2.890069e-16 -5.233596e-02 -9.986295e-01
    outer loop
      vertex   3.201311e+01 -2.563112e+01 -6.967611e+00
      vertex   5.118528e+01 -2.589229e+01 -6.953924e+00
      vertex   3.168451e+01 -2.599338e+01 -6.948625e+00
    endloop
  endfacet
  facet normal 3.266234e-16 -5.233596e-02 -9.986295e-01
    outer loop
      vertex   3.168451e+01 -2.599338e+01 -6.948625e+00
      vertex   5.118528e+01 -2.589229e+01 -6.953924e+00
      vertex   5.156237e+01 -2.666901e+01 -6.913217e+00
    endloop
  endfacet
  facet normal 8.676072e-15 -5.233596e-02 -9.986295e-01
    outer loop
      vertex   8.575077e+01 -8.001443e+00 -7.891543e+00
      vertex   8.635373e+01 -7.751692e+00 -7.904632e+00
      vertex   1.343141e+02 -6.382728e+00 -7.976376e+00
    endloop
  endfacet
  facet normal 8.794148e-15 -5.233596e-02 -9.986295e-01
    outer loop
      vertex   1.343141e+02 -6.382728e+00 -7.976376e+00
      vertex   8.635373e+01 -7.751692e+00 -7.904632e+00
      vertex   1.337965e+02 -6.314673e+00 -7.979943e+00
    endloop
  endfacet
  facet normal 8.995097e-15 -5.233596e-02 -9.986295e-01
    outer loop
      vertex   1.337965e+02 -6.314673e+00 -7.979943e+00
      vertex   8.635373e+01 -7.751692e+00 -7.904632e+00
      vertex   8.687149e+01 -7.354395e+00 -7.925453e+00
    endloop
  endfacet
  facet normal 8.865871e-15 -5.233596e-02 -9.986295e-01
    outer loop
      vertex   1.337965e+02 -6.314673e+00 -7.979943e+00
      vertex   8.687149e+01 -7.354395e+00 -7.925453e+00
      vertex   8.726879e+01 -6.836628e+00 -7.952588e+00
    endloop
  endfacet
  facet normal 8.860395e-15 -5.233596e-02 -9.986295e-01
    outer loop
      vertex   1.337965e+02 -6.314673e+00 -7.979943e+00
      vertex   8.726879e+01 -6.836628e+00 -7.952588e+00
      vertex   1.333141e+02 -6.115146e+00 -7.990400e+00
    endloop
  endfacet
  facet normal 8.907914e-15 -5.233596e-02 -9.986295e-01
    outer loop
      vertex   1.333141e+02 -6.115146e+00 -7.990400e+00
      vertex   8.726879e+01 -6.836628e+00 -7.952588e+00
      vertex   8.751854e+01 -6.233676e+00 -7.984188e+00
    endloop
  endfacet
  facet normal 8.912274e-15 -5.233596e-02 -9.986295e-01
    outer loop
      vertex   1.333141e+02 -6.115146e+00 -7.990400e+00
      vertex   8.751854e+01 -6.233676e+00 -7.984188e+00
      vertex   1.328999e+02 -5.797745e+00 -8.007034e+00
    endloop
  endfacet
  facet normal 8.889489e-15 -5.233596e-02 -9.986295e-01
    outer loop
      vertex   1.328999e+02 -5.797745e+00 -8.007034e+00
      vertex   8.751854e+01 -6.233676e+00 -7.984188e+00
      vertex   8.760373e+01 -5.586628e+00 -8.018098e+00
    endloop
  endfacet
  facet normal 8.900447e-15 -5.233596e-02 -9.986295e-01
    outer loop
      vertex   1.328999e+02 -5.797745e+00 -8.007034e+00
      vertex   8.760373e+01 -5.586628e+00 -8.018098e+00
      vertex   1.325821e+02 -5.384099e+00 -8.028712e+00
    endloop
  endfacet
  facet normal 8.921638e-15 -5.233596e-02 -9.986295e-01
    outer loop
      vertex   1.325821e+02 -5.384099e+00 -8.028712e+00
      vertex   8.760373e+01 -5.586628e+00 -8.018098e+00
      vertex   1.323823e+02 -4.902398e+00 -8.053957e+00
    endloop
  endfacet
  facet normal 8.898375e-15 -5.233596e-02 -9.986295e-01
    outer loop
      vertex   1.323823e+02 -4.902398e+00 -8.053957e+00
      vertex   8.760373e+01 -5.586628e+00 -8.018098e+00
      vertex   8.751854e+01 -4.939581e+00 -8.052009e+00
    endloop
  endfacet
  facet normal 8.898274e-15 -5.233596e-02 -9.986295e-01
    outer loop
      vertex   1.323823e+02 -4.902398e+00 -8.053957e+00
      vertex   8.751854e+01 -4.939581e+00 -8.052009e+00
      vertex   1.323141e+02 -4.385469e+00 -8.081048e+00
    endloop
  endfacet
  facet normal 8.873957e-15 -5.233596e-02 -9.986295e-01
    outer loop
      vertex   1.323141e+02 -4.385469e+00 -8.081048e+00
      vertex   8.751854e+01 -4.939581e+00 -8.052009e+00
      vertex   8.726879e+01 -4.336628e+00 -8.083608e+00
    endloop
  endfacet
  facet normal 8.876821e-15 -5.233596e-02 -9.986295e-01
    outer loop
      vertex   1.323141e+02 -4.385469e+00 -8.081048e+00
      vertex   8.726879e+01 -4.336628e+00 -8.083608e+00
      vertex   1.323823e+02 -3.868541e+00 -8.108139e+00
    endloop
  endfacet
  facet normal 8.935459e-15 -5.233596e-02 -9.986295e-01
    outer loop
      vertex   1.323823e+02 -3.868541e+00 -8.108139e+00
      vertex   8.726879e+01 -4.336628e+00 -8.083608e+00
      vertex   8.687149e+01 -3.818861e+00 -8.110743e+00
    endloop
  endfacet
  facet normal 8.932148e-15 -5.233596e-02 -9.986295e-01
    outer loop
      vertex   1.323823e+02 -3.868541e+00 -8.108139e+00
      vertex   8.687149e+01 -3.818861e+00 -8.110743e+00
      vertex   1.325821e+02 -3.386840e+00 -8.133384e+00
    endloop
  endfacet
  facet normal 8.882129e-15 -5.233596e-02 -9.986295e-01
    outer loop
      vertex   1.325821e+02 -3.386840e+00 -8.133384e+00
      vertex   8.687149e+01 -3.818861e+00 -8.110743e+00
      vertex   8.635373e+01 -3.421565e+00 -8.131564e+00
    endloop
  endfacet
  facet normal 8.880127e-15 -5.233596e-02 -9.986295e-01
    outer loop
      vertex   1.325821e+02 -3.386840e+00 -8.133384e+00
      vertex   8.635373e+01 -3.421565e+00 -8.131564e+00
      vertex   1.328999e+02 -2.973194e+00 -8.155063e+00
    endloop
  endfacet
  facet normal 8.903700e-15 -5.233596e-02 -9.986295e-01
    outer loop
      vertex   1.328999e+02 -2.973194e+00 -8.155063e+00
      vertex   8.635373e+01 -3.421565e+00 -8.131564e+00
      vertex   8.575077e+01 -3.171814e+00 -8.144653e+00
    endloop
  endfacet
  facet normal 8.906378e-15 -5.233596e-02 -9.986295e-01
    outer loop
      vertex   1.328999e+02 -2.973194e+00 -8.155063e+00
      vertex   8.575077e+01 -3.171814e+00 -8.144653e+00
      vertex   1.333141e+02 -2.655792e+00 -8.171697e+00
    endloop
  endfacet
  facet normal 8.950922e-15 -5.233596e-02 -9.986295e-01
    outer loop
      vertex   1.333141e+02 -2.655792e+00 -8.171697e+00
      vertex   8.575077e+01 -3.171814e+00 -8.144653e+00
      vertex   1.337965e+02 -2.456265e+00 -8.182154e+00
    endloop
  endfacet
  facet normal 8.913652e-15 -5.233596e-02 -9.986295e-01
    outer loop
      vertex   1.337965e+02 -2.456265e+00 -8.182154e+00
      vertex   8.575077e+01 -3.171814e+00 -8.144653e+00
      vertex   1.374938e+02 -7.946018e-01 -8.269238e+00
    endloop
  endfacet
  facet normal 9.879874e-15 -5.233596e-02 -9.986295e-01
    outer loop
      vertex   1.337965e+02 -2.456265e+00 -8.182154e+00
      vertex   1.374938e+02 -7.946018e-01 -8.269238e+00
      vertex   1.343141e+02 -2.388210e+00 -8.185720e+00
    endloop
  endfacet
  facet normal 9.721428e-15 -5.233596e-02 -9.986295e-01
    outer loop
      vertex   1.343141e+02 -2.388210e+00 -8.185720e+00
      vertex   1.374938e+02 -7.946018e-01 -8.269238e+00
      vertex   1.348317e+02 -2.456265e+00 -8.182154e+00
    endloop
  endfacet
  facet normal 6.801115e-15 -5.233596e-02 -9.986295e-01
    outer loop
      vertex   1.348317e+02 -2.456265e+00 -8.182154e+00
      vertex   1.374938e+02 -7.946018e-01 -8.269238e+00
      vertex   1.353141e+02 -2.655792e+00 -8.171697e+00
    endloop
  endfacet
  facet normal 9.263599e-15 -5.233596e-02 -9.986295e-01
    outer loop
      vertex   1.353141e+02 -2.655792e+00 -8.171697e+00
      vertex   1.374938e+02 -7.946018e-01 -8.269238e+00
      vertex   1.357283e+02 -2.973194e+00 -8.155063e+00
    endloop
  endfacet
  facet normal 9.275725e-15 -5.233596e-02 -9.986295e-01
    outer loop
      vertex   8.575077e+01 -3.171814e+00 -8.144653e+00
      vertex   8.510373e+01 -3.086628e+00 -8.149118e+00
      vertex   1.374938e+02 -7.946018e-01 -8.269238e+00
    endloop
  endfacet
  facet normal 8.766450e-15 -5.233596e-02 -9.986295e-01
    outer loop
      vertex   1.374938e+02 -7.946018e-01 -8.269238e+00
      vertex   8.510373e+01 -3.086628e+00 -8.149118e+00
      vertex   3.032979e+01 -3.799286e+00 -8.111769e+00
    endloop
  endfacet
  facet normal 2.806614e-15 -5.233596e-02 -9.986295e-01
    outer loop
      vertex   1.374938e+02 -7.946018e-01 -8.269238e+00
      vertex   3.032979e+01 -3.799286e+00 -8.111769e+00
      vertex   -2.444415e+01 -3.086628e+00 -8.149118e+00
    endloop
  endfacet
  facet normal 1.927086e-16 -5.233596e-02 -9.986295e-01
    outer loop
      vertex   -2.444415e+01 -3.086628e+00 -8.149118e+00
      vertex   3.032979e+01 -3.799286e+00 -8.111769e+00
      vertex   -2.379710e+01 -3.171814e+00 -8.144653e+00
    endloop
  endfacet
  facet normal -4.137373e-15 -5.233596e-02 -9.986295e-01
    outer loop
      vertex   -2.379710e+01 -3.171814e+00 -8.144653e+00
      vertex   3.032979e+01 -3.799286e+00 -8.111769e+00
      vertex   2.984271e+01 -3.847464e+00 -8.109244e+00
    endloop
  endfacet
  facet normal 3.556925e-16 -5.233596e-02 -9.986295e-01
    outer loop
      vertex   -2.379710e+01 -3.171814e+00 -8.144653e+00
      vertex   2.984271e+01 -3.847464e+00 -8.109244e+00
      vertex   -2.319415e+01 -3.421565e+00 -8.131564e+00
    endloop
  endfacet
  facet normal 4.595848e-16 -5.233596e-02 -9.986295e-01
    outer loop
      vertex   -2.319415e+01 -3.421565e+00 -8.131564e+00
      vertex   2.984271e+01 -3.847464e+00 -8.109244e+00
      vertex   2.938194e+01 -4.012344e+00 -8.100603e+00
    endloop
  endfacet
  facet normal 3.450819e-16 -5.233596e-02 -9.986295e-01
    outer loop
      vertex   -2.319415e+01 -3.421565e+00 -8.131564e+00
      vertex   2.938194e+01 -4.012344e+00 -8.100603e+00
      vertex   -2.267638e+01 -3.818861e+00 -8.110743e+00
    endloop
  endfacet
  facet normal 3.373760e-16 -5.233596e-02 -9.986295e-01
    outer loop
      vertex   -2.267638e+01 -3.818861e+00 -8.110743e+00
      vertex   2.938194e+01 -4.012344e+00 -8.100603e+00
      vertex   2.897507e+01 -4.284050e+00 -8.086363e+00
    endloop
  endfacet
  facet normal 3.517709e-16 -5.233596e-02 -9.986295e-01
    outer loop
      vertex   -2.267638e+01 -3.818861e+00 -8.110743e+00
      vertex   2.897507e+01 -4.284050e+00 -8.086363e+00
      vertex   -2.227909e+01 -4.336628e+00 -8.083608e+00
    endloop
  endfacet
  facet normal 3.548385e-16 -5.233596e-02 -9.986295e-01
    outer loop
      vertex   -2.227909e+01 -4.336628e+00 -8.083608e+00
      vertex   2.897507e+01 -4.284050e+00 -8.086363e+00
      vertex   2.864647e+01 -4.646310e+00 -8.067378e+00
    endloop
  endfacet
  facet normal 3.836481e-16 -5.233596e-02 -9.986295e-01
    outer loop
      vertex   -2.227909e+01 -4.336628e+00 -8.083608e+00
      vertex   2.864647e+01 -4.646310e+00 -8.067378e+00
      vertex   -2.202934e+01 -4.939581e+00 -8.052009e+00
    endloop
  endfacet
  facet normal 3.829661e-16 -5.233596e-02 -9.986295e-01
    outer loop
      vertex   -2.202934e+01 -4.939581e+00 -8.052009e+00
      vertex   2.864647e+01 -4.646310e+00 -8.067378e+00
      vertex   2.841582e+01 -5.077426e+00 -8.044784e+00
    endloop
  endfacet
  facet normal 3.751534e-16 -5.233596e-02 -9.986295e-01
    outer loop
      vertex   -2.202934e+01 -4.939581e+00 -8.052009e+00
      vertex   2.841582e+01 -5.077426e+00 -8.044784e+00
      vertex   -2.194415e+01 -5.586628e+00 -8.018098e+00
    endloop
  endfacet
  facet normal 3.595760e-16 -5.233596e-02 -9.986295e-01
    outer loop
      vertex   -2.194415e+01 -5.586628e+00 -8.018098e+00
      vertex   2.841582e+01 -5.077426e+00 -8.044784e+00
      vertex   2.829693e+01 -5.551578e+00 -8.019935e+00
    endloop
  endfacet
  facet normal 3.607437e-16 -5.233596e-02 -9.986295e-01
    outer loop
      vertex   -2.194415e+01 -5.586628e+00 -8.018098e+00
      vertex   2.829693e+01 -5.551578e+00 -8.019935e+00
      vertex   2.829693e+01 -6.040367e+00 -7.994319e+00
    endloop
  endfacet
  facet normal 9.145884e-15 -5.233596e-02 -9.986295e-01
    outer loop
      vertex   8.510373e+01 -3.086628e+00 -8.149118e+00
      vertex   8.445668e+01 -3.171814e+00 -8.144653e+00
      vertex   3.032979e+01 -3.799286e+00 -8.111769e+00
    endloop
  endfacet
  facet normal 1.296237e-14 -5.233596e-02 -9.986295e-01
    outer loop
      vertex   3.032979e+01 -3.799286e+00 -8.111769e+00
      vertex   8.445668e+01 -3.171814e+00 -8.144653e+00
      vertex   3.081687e+01 -3.847464e+00 -8.109244e+00
    endloop
  endfacet
  facet normal 8.383514e-15 -5.233596e-02 -9.986295e-01
    outer loop
      vertex   3.081687e+01 -3.847464e+00 -8.109244e+00
      vertex   8.445668e+01 -3.171814e+00 -8.144653e+00
      vertex   8.385373e+01 -3.421565e+00 -8.131564e+00
    endloop
  endfacet
  facet normal 8.365238e-15 -5.233596e-02 -9.986295e-01
    outer loop
      vertex   3.081687e+01 -3.847464e+00 -8.109244e+00
      vertex   8.385373e+01 -3.421565e+00 -8.131564e+00
      vertex   3.127764e+01 -4.012344e+00 -8.100603e+00
    endloop
  endfacet
  facet normal 8.488048e-15 -5.233596e-02 -9.986295e-01
    outer loop
      vertex   3.127764e+01 -4.012344e+00 -8.100603e+00
      vertex   8.385373e+01 -3.421565e+00 -8.131564e+00
      vertex   8.333596e+01 -3.818861e+00 -8.110743e+00
    endloop
  endfacet
  facet normal 8.497337e-15 -5.233596e-02 -9.986295e-01
    outer loop
      vertex   3.127764e+01 -4.012344e+00 -8.100603e+00
      vertex   8.333596e+01 -3.818861e+00 -8.110743e+00
      vertex   3.168451e+01 -4.284050e+00 -8.086363e+00
    endloop
  endfacet
  facet normal 8.459771e-15 -5.233596e-02 -9.986295e-01
    outer loop
      vertex   3.168451e+01 -4.284050e+00 -8.086363e+00
      vertex   8.333596e+01 -3.818861e+00 -8.110743e+00
      vertex   8.293866e+01 -4.336628e+00 -8.083608e+00
    endloop
  endfacet
  facet normal 8.457652e-15 -5.233596e-02 -9.986295e-01
    outer loop
      vertex   3.168451e+01 -4.284050e+00 -8.086363e+00
      vertex   8.293866e+01 -4.336628e+00 -8.083608e+00
      vertex   3.201311e+01 -4.646310e+00 -8.067378e+00
    endloop
  endfacet
  facet normal 8.441671e-15 -5.233596e-02 -9.986295e-01
    outer loop
      vertex   3.201311e+01 -4.646310e+00 -8.067378e+00
      vertex   8.293866e+01 -4.336628e+00 -8.083608e+00
      vertex   8.268891e+01 -4.939581e+00 -8.052009e+00
    endloop
  endfacet
  facet normal 8.443786e-15 -5.233596e-02 -9.986295e-01
    outer loop
      vertex   3.201311e+01 -4.646310e+00 -8.067378e+00
      vertex   8.268891e+01 -4.939581e+00 -8.052009e+00
      vertex   3.224376e+01 -5.077426e+00 -8.044784e+00
    endloop
  endfacet
  facet normal 8.447097e-15 -5.233596e-02 -9.986295e-01
    outer loop
      vertex   3.224376e+01 -5.077426e+00 -8.044784e+00
      vertex   8.268891e+01 -4.939581e+00 -8.052009e+00
      vertex   8.260373e+01 -5.586628e+00 -8.018098e+00
    endloop
  endfacet
  facet normal 8.425734e-15 -5.233596e-02 -9.986295e-01
    outer loop
      vertex   3.224376e+01 -5.077426e+00 -8.044784e+00
      vertex   8.260373e+01 -5.586628e+00 -8.018098e+00
      vertex   3.236265e+01 -5.551578e+00 -8.019935e+00
    endloop
  endfacet
  facet normal 8.425961e-15 -5.233596e-02 -9.986295e-01
    outer loop
      vertex   3.236265e+01 -5.551578e+00 -8.019935e+00
      vertex   8.260373e+01 -5.586628e+00 -8.018098e+00
      vertex   3.236265e+01 -6.040367e+00 -7.994319e+00
    endloop
  endfacet
  facet normal 8.419307e-15 -5.233596e-02 -9.986295e-01
    outer loop
      vertex   3.236265e+01 -6.040367e+00 -7.994319e+00
      vertex   8.260373e+01 -5.586628e+00 -8.018098e+00
      vertex   8.268891e+01 -6.233676e+00 -7.984188e+00
    endloop
  endfacet
  facet normal 8.430267e-15 -5.233596e-02 -9.986295e-01
    outer loop
      vertex   3.236265e+01 -6.040367e+00 -7.994319e+00
      vertex   8.268891e+01 -6.233676e+00 -7.984188e+00
      vertex   3.224376e+01 -6.514519e+00 -7.969470e+00
    endloop
  endfacet
  facet normal 8.443792e-15 -5.233596e-02 -9.986295e-01
    outer loop
      vertex   3.224376e+01 -6.514519e+00 -7.969470e+00
      vertex   8.268891e+01 -6.233676e+00 -7.984188e+00
      vertex   8.293866e+01 -6.836628e+00 -7.952588e+00
    endloop
  endfacet
  facet normal 8.442564e-15 -5.233596e-02 -9.986295e-01
    outer loop
      vertex   3.224376e+01 -6.514519e+00 -7.969470e+00
      vertex   8.293866e+01 -6.836628e+00 -7.952588e+00
      vertex   3.201311e+01 -6.945635e+00 -7.946876e+00
    endloop
  endfacet
  facet normal 8.441939e-15 -5.233596e-02 -9.986295e-01
    outer loop
      vertex   3.201311e+01 -6.945635e+00 -7.946876e+00
      vertex   8.293866e+01 -6.836628e+00 -7.952588e+00
      vertex   8.333596e+01 -7.354395e+00 -7.925453e+00
    endloop
  endfacet
  facet normal 8.460243e-15 -5.233596e-02 -9.986295e-01
    outer loop
      vertex   3.201311e+01 -6.945635e+00 -7.946876e+00
      vertex   8.333596e+01 -7.354395e+00 -7.925453e+00
      vertex   3.168451e+01 -7.307894e+00 -7.927890e+00
    endloop
  endfacet
  facet normal 8.458248e-15 -5.233596e-02 -9.986295e-01
    outer loop
      vertex   3.168451e+01 -7.307894e+00 -7.927890e+00
      vertex   8.333596e+01 -7.354395e+00 -7.925453e+00
      vertex   3.127764e+01 -7.579601e+00 -7.913651e+00
    endloop
  endfacet
  facet normal 8.466190e-15 -5.233596e-02 -9.986295e-01
    outer loop
      vertex   3.127764e+01 -7.579601e+00 -7.913651e+00
      vertex   8.333596e+01 -7.354395e+00 -7.925453e+00
      vertex   8.385373e+01 -7.751692e+00 -7.904632e+00
    endloop
  endfacet
  facet normal 8.473946e-15 -5.233596e-02 -9.986295e-01
    outer loop
      vertex   3.127764e+01 -7.579601e+00 -7.913651e+00
      vertex   8.385373e+01 -7.751692e+00 -7.904632e+00
      vertex   3.081687e+01 -7.744481e+00 -7.905010e+00
    endloop
  endfacet
  facet normal 8.473800e-15 -5.233596e-02 -9.986295e-01
    outer loop
      vertex   3.081687e+01 -7.744481e+00 -7.905010e+00
      vertex   8.385373e+01 -7.751692e+00 -7.904632e+00
      vertex   8.445668e+01 -8.001443e+00 -7.891543e+00
    endloop
  endfacet
  facet normal 8.404688e-15 -5.233596e-02 -9.986295e-01
    outer loop
      vertex   3.081687e+01 -7.744481e+00 -7.905010e+00
      vertex   8.445668e+01 -8.001443e+00 -7.891543e+00
      vertex   8.510373e+01 -8.086628e+00 -7.887079e+00
    endloop
  endfacet
  facet normal 7.041316e-15 -5.233596e-02 -9.986295e-01
    outer loop
      vertex   1.458383e+02 -1.561189e+01 -7.492697e+00
      vertex   1.463206e+02 -1.541236e+01 -7.503153e+00
      vertex   1.498505e+02 -1.712168e+01 -7.413572e+00
    endloop
  endfacet
  facet normal 7.564595e-15 -5.233596e-02 -9.986295e-01
    outer loop
      vertex   1.498505e+02 -1.712168e+01 -7.413572e+00
      vertex   1.463206e+02 -1.541236e+01 -7.503153e+00
      vertex   1.467349e+02 -1.509496e+01 -7.519788e+00
    endloop
  endfacet
  facet normal 6.911735e-15 -5.233596e-02 -9.986295e-01
    outer loop
      vertex   1.498505e+02 -1.712168e+01 -7.413572e+00
      vertex   1.467349e+02 -1.509496e+01 -7.519788e+00
      vertex   1.470527e+02 -1.468132e+01 -7.541466e+00
    endloop
  endfacet
  facet normal 6.029746e-15 -5.233596e-02 -9.986295e-01
    outer loop
      vertex   1.470527e+02 -1.468132e+01 -7.541466e+00
      vertex   1.472525e+02 -1.419961e+01 -7.566711e+00
      vertex   1.498505e+02 -1.712168e+01 -7.413572e+00
    endloop
  endfacet
  facet normal 7.549058e-15 -5.233596e-02 -9.986295e-01
    outer loop
      vertex   1.498505e+02 -1.712168e+01 -7.413572e+00
      vertex   1.472525e+02 -1.419961e+01 -7.566711e+00
      vertex   1.473206e+02 -1.368269e+01 -7.593802e+00
    endloop
  endfacet
  facet normal 1.044557e-14 -5.233596e-02 -9.986295e-01
    outer loop
      vertex   1.362460e+02 -4.902398e+00 -8.053957e+00
      vertex   1.363141e+02 -4.385469e+00 -8.081048e+00
      vertex   1.490917e+02 -1.103630e+01 -7.732493e+00
    endloop
  endfacet
  facet normal 4.181143e-15 -5.233596e-02 -9.986295e-01
    outer loop
      vertex   1.490917e+02 -1.103630e+01 -7.732493e+00
      vertex   1.363141e+02 -4.385469e+00 -8.081048e+00
      vertex   1.362460e+02 -3.868541e+00 -8.108139e+00
    endloop
  endfacet
  facet normal 1.032439e-14 -5.233596e-02 -9.986295e-01
    outer loop
      vertex   1.343141e+02 -6.382728e+00 -7.976376e+00
      vertex   1.348317e+02 -6.314673e+00 -7.979943e+00
      vertex   1.490917e+02 -1.103630e+01 -7.732493e+00
    endloop
  endfacet
  facet normal 8.007741e-15 -5.233596e-02 -9.986295e-01
    outer loop
      vertex   1.490917e+02 -1.103630e+01 -7.732493e+00
      vertex   1.348317e+02 -6.314673e+00 -7.979943e+00
      vertex   1.353141e+02 -6.115146e+00 -7.990400e+00
    endloop
  endfacet
  facet normal 9.372547e-15 -5.233596e-02 -9.986295e-01
    outer loop
      vertex   1.490917e+02 -1.103630e+01 -7.732493e+00
      vertex   1.353141e+02 -6.115146e+00 -7.990400e+00
      vertex   1.357283e+02 -5.797745e+00 -8.007034e+00
    endloop
  endfacet
  facet normal 8.367983e-15 -5.233596e-02 -9.986295e-01
    outer loop
      vertex   1.357283e+02 -5.797745e+00 -8.007034e+00
      vertex   1.360462e+02 -5.384099e+00 -8.028712e+00
      vertex   1.490917e+02 -1.103630e+01 -7.732493e+00
    endloop
  endfacet
  facet normal 8.135746e-15 -5.233596e-02 -9.986295e-01
    outer loop
      vertex   1.490917e+02 -1.103630e+01 -7.732493e+00
      vertex   1.360462e+02 -5.384099e+00 -8.028712e+00
      vertex   1.362460e+02 -4.902398e+00 -8.053957e+00
    endloop
  endfacet
  facet normal -1.333496e-14 -5.233596e-02 -9.986295e-01
    outer loop
      vertex   9.009930e+01 -2.642011e+01 -6.926262e+00
      vertex   9.016745e+01 -2.590318e+01 -6.953353e+00
      vertex   1.325693e+02 -2.086633e+01 -7.217323e+00
    endloop
  endfacet
  facet normal -1.171354e-14 -5.233596e-02 -9.986295e-01
    outer loop
      vertex   1.325693e+02 -2.086633e+01 -7.217323e+00
      vertex   9.016745e+01 -2.590318e+01 -6.953353e+00
      vertex   9.009930e+01 -2.538626e+01 -6.980444e+00
    endloop
  endfacet
  facet normal -1.171976e-14 -5.233596e-02 -9.986295e-01
    outer loop
      vertex   1.325693e+02 -2.086633e+01 -7.217323e+00
      vertex   9.009930e+01 -2.538626e+01 -6.980444e+00
      vertex   8.989950e+01 -2.490455e+01 -7.005689e+00
    endloop
  endfacet
  facet normal -1.109218e-14 -5.233596e-02 -9.986295e-01
    outer loop
      vertex   8.989950e+01 -2.490455e+01 -7.005689e+00
      vertex   8.958167e+01 -2.449091e+01 -7.027367e+00
      vertex   1.325693e+02 -2.086633e+01 -7.217323e+00
    endloop
  endfacet
  facet normal -1.002874e-14 -5.233596e-02 -9.986295e-01
    outer loop
      vertex   1.325693e+02 -2.086633e+01 -7.217323e+00
      vertex   8.958167e+01 -2.449091e+01 -7.027367e+00
      vertex   8.916745e+01 -2.417351e+01 -7.044001e+00
    endloop
  endfacet
  facet normal -8.648983e-15 -5.233596e-02 -9.986295e-01
    outer loop
      vertex   1.325693e+02 -2.086633e+01 -7.217323e+00
      vertex   8.916745e+01 -2.417351e+01 -7.044001e+00
      vertex   8.868509e+01 -2.397398e+01 -7.054458e+00
    endloop
  endfacet
  facet normal -4.765564e-15 -5.233596e-02 -9.986295e-01
    outer loop
      vertex   8.868509e+01 -2.397398e+01 -7.054458e+00
      vertex   8.816745e+01 -2.390592e+01 -7.058025e+00
      vertex   1.325693e+02 -2.086633e+01 -7.217323e+00
    endloop
  endfacet
  facet normal 1.062843e-14 -5.233596e-02 -9.986295e-01
    outer loop
      vertex   8.764981e+01 -2.783239e+01 -6.852247e+00
      vertex   8.816745e+01 -2.790044e+01 -6.848681e+00
      vertex   8.869732e+01 -3.037292e+01 -6.719104e+00
    endloop
  endfacet
  facet normal 9.394277e-15 -5.233596e-02 -9.986295e-01
    outer loop
      vertex   8.869732e+01 -3.037292e+01 -6.719104e+00
      vertex   8.816745e+01 -2.790044e+01 -6.848681e+00
      vertex   8.868509e+01 -2.783239e+01 -6.852247e+00
    endloop
  endfacet
  facet normal 6.094756e-15 -5.233596e-02 -9.986295e-01
    outer loop
      vertex   8.869732e+01 -3.037292e+01 -6.719104e+00
      vertex   8.868509e+01 -2.783239e+01 -6.852247e+00
      vertex   8.916745e+01 -2.763286e+01 -6.862704e+00
    endloop
  endfacet
  facet normal -1.330567e-14 -5.233596e-02 -9.986295e-01
    outer loop
      vertex   8.989950e+01 -2.690181e+01 -6.901017e+00
      vertex   9.009930e+01 -2.642011e+01 -6.926262e+00
      vertex   1.325693e+02 -2.086633e+01 -7.217323e+00
    endloop
  endfacet
  facet normal 1.799115e-16 -5.233596e-02 -9.986295e-01
    outer loop
      vertex   -2.943973e+01 -2.538626e+01 -6.980444e+00
      vertex   -2.950788e+01 -2.590318e+01 -6.953353e+00
      vertex   -7.190970e+01 -2.086633e+01 -7.217323e+00
    endloop
  endfacet
  facet normal 1.849937e-16 -5.233596e-02 -9.986295e-01
    outer loop
      vertex   -7.190970e+01 -2.086633e+01 -7.217323e+00
      vertex   -2.950788e+01 -2.590318e+01 -6.953353e+00
      vertex   -2.943973e+01 -2.642011e+01 -6.926262e+00
    endloop
  endfacet
  facet normal -5.730264e-17 -5.233596e-02 -9.986295e-01
    outer loop
      vertex   -7.190970e+01 -2.086633e+01 -7.217323e+00
      vertex   -2.943973e+01 -2.642011e+01 -6.926262e+00
      vertex   -2.923993e+01 -2.690181e+01 -6.901017e+00
    endloop
  endfacet
  facet normal 2.325670e-16 -5.233596e-02 -9.986295e-01
    outer loop
      vertex   -2.923993e+01 -2.690181e+01 -6.901017e+00
      vertex   -2.892209e+01 -2.731546e+01 -6.879338e+00
      vertex   -7.190970e+01 -2.086633e+01 -7.217323e+00
    endloop
  endfacet
  facet normal 6.062329e-16 -5.233596e-02 -9.986295e-01
    outer loop
      vertex   -7.190970e+01 -2.086633e+01 -7.217323e+00
      vertex   -2.892209e+01 -2.731546e+01 -6.879338e+00
      vertex   -2.850788e+01 -2.763286e+01 -6.862704e+00
    endloop
  endfacet
  facet normal -7.158976e-16 -5.233596e-02 -9.986295e-01
    outer loop
      vertex   -2.750788e+01 -2.790044e+01 -6.848681e+00
      vertex   -2.699024e+01 -2.783239e+01 -6.852247e+00
      vertex   -2.803774e+01 -3.037292e+01 -6.719104e+00
    endloop
  endfacet
  facet normal 9.653573e-17 -5.233596e-02 -9.986295e-01
    outer loop
      vertex   -2.850788e+01 -2.417351e+01 -7.044001e+00
      vertex   -2.892209e+01 -2.449091e+01 -7.027367e+00
      vertex   -7.190970e+01 -2.086633e+01 -7.217323e+00
    endloop
  endfacet
  facet normal 1.756714e-16 -5.233596e-02 -9.986295e-01
    outer loop
      vertex   -7.190970e+01 -2.086633e+01 -7.217323e+00
      vertex   -2.892209e+01 -2.449091e+01 -7.027367e+00
      vertex   -2.923993e+01 -2.490455e+01 -7.005689e+00
    endloop
  endfacet
  facet normal 1.764712e-16 -5.233596e-02 -9.986295e-01
    outer loop
      vertex   -7.190970e+01 -2.086633e+01 -7.217323e+00
      vertex   -2.923993e+01 -2.490455e+01 -7.005689e+00
      vertex   -2.943973e+01 -2.538626e+01 -6.980444e+00
    endloop
  endfacet
  facet normal 9.982740e-16 -5.233596e-02 -9.986295e-01
    outer loop
      vertex   -7.558638e+01 -4.902398e+00 -8.053957e+00
      vertex   -7.538658e+01 -5.384099e+00 -8.028712e+00
      vertex   -8.843215e+01 -1.103630e+01 -7.732493e+00
    endloop
  endfacet
  facet normal 1.233136e-16 -5.233596e-02 -9.986295e-01
    outer loop
      vertex   -8.843215e+01 -1.103630e+01 -7.732493e+00
      vertex   -7.538658e+01 -5.384099e+00 -8.028712e+00
      vertex   -7.506874e+01 -5.797745e+00 -8.007034e+00
    endloop
  endfacet
  facet normal -2.420953e-16 -5.233596e-02 -9.986295e-01
    outer loop
      vertex   -8.843215e+01 -1.103630e+01 -7.732493e+00
      vertex   -7.506874e+01 -5.797745e+00 -8.007034e+00
      vertex   -7.465453e+01 -6.115146e+00 -7.990400e+00
    endloop
  endfacet
  facet normal 7.804842e-16 -5.233596e-02 -9.986295e-01
    outer loop
      vertex   -7.465453e+01 -6.115146e+00 -7.990400e+00
      vertex   -7.417216e+01 -6.314673e+00 -7.979943e+00
      vertex   -8.843215e+01 -1.103630e+01 -7.732493e+00
    endloop
  endfacet
  facet normal -9.091553e-16 -5.233596e-02 -9.986295e-01
    outer loop
      vertex   -8.843215e+01 -1.103630e+01 -7.732493e+00
      vertex   -7.417216e+01 -6.314673e+00 -7.979943e+00
      vertex   -7.365453e+01 -6.382728e+00 -7.976376e+00
    endloop
  endfacet
  facet normal 2.524198e-16 -5.233596e-02 -9.986295e-01
    outer loop
      vertex   -8.843215e+01 -1.103630e+01 -7.732493e+00
      vertex   -7.365453e+01 -6.382728e+00 -7.976376e+00
      vertex   -7.419278e+01 -1.212521e+01 -7.675425e+00
    endloop
  endfacet
  facet normal -1.056239e-17 -5.233596e-02 -9.986295e-01
    outer loop
      vertex   -2.509120e+01 -8.001443e+00 -7.891543e+00
      vertex   -7.365453e+01 -6.382728e+00 -7.976376e+00
      vertex   -2.569415e+01 -7.751692e+00 -7.904632e+00
    endloop
  endfacet
  facet normal 1.569877e-16 -5.233596e-02 -9.986295e-01
    outer loop
      vertex   -2.569415e+01 -7.751692e+00 -7.904632e+00
      vertex   -7.365453e+01 -6.382728e+00 -7.976376e+00
      vertex   -7.313689e+01 -6.314673e+00 -7.979943e+00
    endloop
  endfacet
  facet normal 2.369974e-15 -5.233596e-02 -9.986295e-01
    outer loop
      vertex   -7.313689e+01 -2.456265e+00 -8.182154e+00
      vertex   -7.365453e+01 -2.388210e+00 -8.185720e+00
      vertex   -7.683419e+01 -7.946018e-01 -8.269238e+00
    endloop
  endfacet
  facet normal -1.463995e-15 -5.233596e-02 -9.986295e-01
    outer loop
      vertex   -7.683419e+01 -7.946018e-01 -8.269238e+00
      vertex   -7.365453e+01 -2.388210e+00 -8.185720e+00
      vertex   -7.417216e+01 -2.456265e+00 -8.182154e+00
    endloop
  endfacet
  facet normal 2.017456e-15 -5.233596e-02 -9.986295e-01
    outer loop
      vertex   -7.683419e+01 -7.946018e-01 -8.269238e+00
      vertex   -7.417216e+01 -2.456265e+00 -8.182154e+00
      vertex   -7.465453e+01 -2.655792e+00 -8.171697e+00
    endloop
  endfacet
  facet normal 3.244983e-16 -5.233596e-02 -9.986295e-01
    outer loop
      vertex   -7.465453e+01 -2.655792e+00 -8.171697e+00
      vertex   -7.506874e+01 -2.973194e+00 -8.155063e+00
      vertex   -7.683419e+01 -7.946018e-01 -8.269238e+00
    endloop
  endfacet
  facet normal 1.285827e-15 -5.233596e-02 -9.986295e-01
    outer loop
      vertex   -7.683419e+01 -7.946018e-01 -8.269238e+00
      vertex   -7.506874e+01 -2.973194e+00 -8.155063e+00
      vertex   -7.538658e+01 -3.386840e+00 -8.133384e+00
    endloop
  endfacet
  facet normal -6.386281e-16 -5.233596e-02 -9.986295e-01
    outer loop
      vertex   -7.683419e+01 -7.946018e-01 -8.269238e+00
      vertex   -7.538658e+01 -3.386840e+00 -8.133384e+00
      vertex   -7.558638e+01 -3.868541e+00 -8.108139e+00
    endloop
  endfacet
  facet normal -1.982759e-15 -5.233596e-02 -9.986295e-01
    outer loop
      vertex   3.032979e+01 -7.792659e+00 -7.902485e+00
      vertex   -2.444415e+01 -8.086628e+00 -7.887079e+00
      vertex   2.984271e+01 -7.744481e+00 -7.905010e+00
    endloop
  endfacet
  facet normal 5.154078e-16 -5.233596e-02 -9.986295e-01
    outer loop
      vertex   2.984271e+01 -7.744481e+00 -7.905010e+00
      vertex   -2.444415e+01 -8.086628e+00 -7.887079e+00
      vertex   -2.379710e+01 -8.001443e+00 -7.891543e+00
    endloop
  endfacet
  facet normal 3.480191e-16 -5.233596e-02 -9.986295e-01
    outer loop
      vertex   2.984271e+01 -7.744481e+00 -7.905010e+00
      vertex   -2.379710e+01 -8.001443e+00 -7.891543e+00
      vertex   -2.319415e+01 -7.751692e+00 -7.904632e+00
    endloop
  endfacet
  facet normal 3.476580e-16 -5.233596e-02 -9.986295e-01
    outer loop
      vertex   2.984271e+01 -7.744481e+00 -7.905010e+00
      vertex   -2.319415e+01 -7.751692e+00 -7.904632e+00
      vertex   2.938194e+01 -7.579601e+00 -7.913651e+00
    endloop
  endfacet
  facet normal 3.751757e-16 -5.233596e-02 -9.986295e-01
    outer loop
      vertex   2.938194e+01 -7.579601e+00 -7.913651e+00
      vertex   -2.319415e+01 -7.751692e+00 -7.904632e+00
      vertex   -2.267638e+01 -7.354395e+00 -7.925453e+00
    endloop
  endfacet
  facet normal 3.816218e-16 -5.233596e-02 -9.986295e-01
    outer loop
      vertex   2.938194e+01 -7.579601e+00 -7.913651e+00
      vertex   -2.267638e+01 -7.354395e+00 -7.925453e+00
      vertex   2.897507e+01 -7.307894e+00 -7.927890e+00
    endloop
  endfacet
  facet normal 3.786686e-16 -5.233596e-02 -9.986295e-01
    outer loop
      vertex   2.897507e+01 -7.307894e+00 -7.927890e+00
      vertex   -2.267638e+01 -7.354395e+00 -7.925453e+00
      vertex   2.864647e+01 -6.945635e+00 -7.946876e+00
    endloop
  endfacet
  facet normal 3.846487e-16 -5.233596e-02 -9.986295e-01
    outer loop
      vertex   2.864647e+01 -6.945635e+00 -7.946876e+00
      vertex   -2.267638e+01 -7.354395e+00 -7.925453e+00
      vertex   -2.227909e+01 -6.836628e+00 -7.952588e+00
    endloop
  endfacet
  facet normal 3.819037e-16 -5.233596e-02 -9.986295e-01
    outer loop
      vertex   2.864647e+01 -6.945635e+00 -7.946876e+00
      vertex   -2.227909e+01 -6.836628e+00 -7.952588e+00
      vertex   2.841582e+01 -6.514519e+00 -7.969470e+00
    endloop
  endfacet
  facet normal 3.826813e-16 -5.233596e-02 -9.986295e-01
    outer loop
      vertex   2.841582e+01 -6.514519e+00 -7.969470e+00
      vertex   -2.227909e+01 -6.836628e+00 -7.952588e+00
      vertex   -2.202934e+01 -6.233676e+00 -7.984188e+00
    endloop
  endfacet
  facet normal 3.874434e-16 -5.233596e-02 -9.986295e-01
    outer loop
      vertex   2.841582e+01 -6.514519e+00 -7.969470e+00
      vertex   -2.202934e+01 -6.233676e+00 -7.984188e+00
      vertex   2.829693e+01 -6.040367e+00 -7.994319e+00
    endloop
  endfacet
  facet normal 3.844776e-16 -5.233596e-02 -9.986295e-01
    outer loop
      vertex   2.829693e+01 -6.040367e+00 -7.994319e+00
      vertex   -2.202934e+01 -6.233676e+00 -7.984188e+00
      vertex   -2.194415e+01 -5.586628e+00 -8.018098e+00
    endloop
  endfacet
  facet normal 1.077064e-14 -5.233596e-02 -9.986295e-01
    outer loop
      vertex   3.032979e+01 -7.792659e+00 -7.902485e+00
      vertex   3.081687e+01 -7.744481e+00 -7.905010e+00
      vertex   8.510373e+01 -8.086628e+00 -7.887079e+00
    endloop
  endfacet
  facet normal 7.287981e-01 6.828050e-01 -5.128919e-02
    outer loop
      vertex   5.205141e+01 -2.737857e+01 -6.876031e+00
      vertex   5.189413e+01 -2.636031e+01 4.445141e+00
      vertex   5.264205e+01 -2.800653e+01 -6.843121e+00
    endloop
  endfacet
  facet normal 7.675187e-01 6.396210e-01 -4.242596e-02
    outer loop
      vertex   5.264205e+01 -2.800653e+01 -6.843121e+00
      vertex   5.189413e+01 -2.636031e+01 4.445141e+00
      vertex   5.205068e+01 -2.583682e+01 1.516933e+01
    endloop
  endfacet
  facet normal 7.288001e-01 6.830597e-01 -4.774778e-02
    outer loop
      vertex   5.264205e+01 -2.800653e+01 -6.843121e+00
      vertex   5.205068e+01 -2.583682e+01 1.516933e+01
      vertex   5.264205e+01 -2.646780e+01 1.516933e+01
    endloop
  endfacet
  facet normal 8.237101e-01 5.656384e-01 -3.943222e-02
    outer loop
      vertex   5.205141e+01 -2.737857e+01 -6.876031e+00
      vertex   5.156237e+01 -2.666901e+01 -6.913217e+00
      vertex   5.189413e+01 -2.636031e+01 4.445141e+00
    endloop
  endfacet
  facet normal 8.700028e-01 4.915200e-01 -3.876991e-02
    outer loop
      vertex   5.189413e+01 -2.636031e+01 4.445141e+00
      vertex   5.156237e+01 -2.666901e+01 -6.913217e+00
      vertex   5.133339e+01 -2.537323e+01 4.376103e+00
    endloop
  endfacet
  facet normal 8.700017e-01 4.921513e-01 -2.973450e-02
    outer loop
      vertex   5.189413e+01 -2.636031e+01 4.445141e+00
      vertex   5.133339e+01 -2.537323e+01 4.376103e+00
      vertex   5.156078e+01 -2.512310e+01 1.516933e+01
    endloop
  endfacet
  facet normal 8.999464e-01 4.350322e-01 -2.904164e-02
    outer loop
      vertex   5.156078e+01 -2.512310e+01 1.516933e+01
      vertex   5.133339e+01 -2.537323e+01 4.376103e+00
      vertex   5.118431e+01 -2.434431e+01 1.516933e+01
    endloop
  endfacet
  facet normal 9.480944e-01 3.175249e-01 -1.717457e-02
    outer loop
      vertex   5.118431e+01 -2.434431e+01 1.516933e+01
      vertex   5.133339e+01 -2.537323e+01 4.376103e+00
      vertex   5.097085e+01 -2.429478e+01 4.300682e+00
    endloop
  endfacet
  facet normal 9.554179e-01 2.947423e-01 -1.742221e-02
    outer loop
      vertex   5.118431e+01 -2.434431e+01 1.516933e+01
      vertex   5.097085e+01 -2.429478e+01 4.300682e+00
      vertex   5.092917e+01 -2.351723e+01 1.516933e+01
    endloop
  endfacet
  facet normal 9.889918e-01 1.478148e-01 -6.782141e-03
    outer loop
      vertex   5.092917e+01 -2.351723e+01 1.516933e+01
      vertex   5.097085e+01 -2.429478e+01 4.300682e+00
      vertex   5.080136e+01 -2.266213e+01 1.516933e+01
    endloop
  endfacet
  facet normal 9.908350e-01 1.349912e-01 -4.827075e-03
    outer loop
      vertex   5.080136e+01 -2.266213e+01 1.516933e+01
      vertex   5.097085e+01 -2.429478e+01 4.300682e+00
      vertex   5.081692e+01 -2.316778e+01 4.221870e+00
    endloop
  endfacet
  facet normal 9.999963e-01 -2.251747e-03 1.525086e-03
    outer loop
      vertex   5.080136e+01 -2.266213e+01 1.516933e+01
      vertex   5.081692e+01 -2.316778e+01 4.221870e+00
      vertex   5.080331e+01 -2.179861e+01 1.516933e+01
    endloop
  endfacet
  facet normal 9.964994e-01 -8.279190e-02 1.159368e-02
    outer loop
      vertex   5.080331e+01 -2.179861e+01 1.516933e+01
      vertex   5.081692e+01 -2.316778e+01 4.221870e+00
      vertex   5.093640e+01 -2.174365e+01 4.122288e+00
    endloop
  endfacet
  facet normal 9.882608e-01 -1.523687e-01 1.114826e-02
    outer loop
      vertex   5.080331e+01 -2.179861e+01 1.516933e+01
      vertex   5.093640e+01 -2.174365e+01 4.122288e+00
      vertex   5.093523e+01 -2.094296e+01 1.516933e+01
    endloop
  endfacet
  facet normal 9.616449e-01 -2.735726e-01 1.993032e-02
    outer loop
      vertex   5.093523e+01 -2.094296e+01 1.516933e+01
      vertex   5.093640e+01 -2.174365e+01 4.122288e+00
      vertex   5.113331e+01 -2.105499e+01 4.074138e+00
    endloop
  endfacet
  facet normal 9.540219e-01 -2.990654e-01 2.005164e-02
    outer loop
      vertex   5.093523e+01 -2.094296e+01 1.516933e+01
      vertex   5.113331e+01 -2.105499e+01 4.074138e+00
      vertex   5.119354e+01 -2.011895e+01 1.516933e+01
    endloop
  endfacet
  facet normal 9.154928e-01 -4.012962e-01 2.888547e-02
    outer loop
      vertex   5.119354e+01 -2.011895e+01 1.516933e+01
      vertex   5.113331e+01 -2.105499e+01 4.074138e+00
      vertex   5.142301e+01 -2.039740e+01 4.028162e+00
    endloop
  endfacet
  facet normal 8.980458e-01 -4.389139e-01 2.946633e-02
    outer loop
      vertex   5.119354e+01 -2.011895e+01 1.516933e+01
      vertex   5.142301e+01 -2.039740e+01 4.028162e+00
      vertex   5.157311e+01 -1.934231e+01 1.516933e+01
    endloop
  endfacet
  facet normal 8.206261e-01 -5.698522e-01 4.290952e-02
    outer loop
      vertex   5.157311e+01 -1.934231e+01 1.516933e+01
      vertex   5.142301e+01 -2.039740e+01 4.028162e+00
      vertex   5.224389e+01 -1.922147e+01 3.945954e+00
    endloop
  endfacet
  facet normal 8.213060e-01 -5.688681e-01 4.296074e-02
    outer loop
      vertex   5.157311e+01 -1.934231e+01 1.516933e+01
      vertex   5.224389e+01 -1.922147e+01 3.945954e+00
      vertex   5.206569e+01 -1.863116e+01 1.516933e+01
    endloop
  endfacet
  facet normal 7.260323e-01 -6.860106e-01 4.760929e-02
    outer loop
      vertex   5.206569e+01 -1.863116e+01 1.516933e+01
      vertex   5.224389e+01 -1.922147e+01 3.945954e+00
      vertex   5.265855e+01 -1.800371e+01 1.516933e+01
    endloop
  endfacet
  facet normal 6.558191e-01 -7.527295e-01 5.744255e-02
    outer loop
      vertex   5.265855e+01 -1.800371e+01 1.516933e+01
      vertex   5.224389e+01 -1.922147e+01 3.945954e+00
      vertex   5.332908e+01 -1.828101e+01 3.880219e+00
    endloop
  endfacet
  facet normal 6.138494e-01 -7.874484e-01 5.580253e-02
    outer loop
      vertex   5.265855e+01 -1.800371e+01 1.516933e+01
      vertex   5.332908e+01 -1.828101e+01 3.880219e+00
      vertex   5.334117e+01 -1.747158e+01 1.516933e+01
    endloop
  endfacet
  facet normal 4.874755e-01 -8.709380e-01 6.192413e-02
    outer loop
      vertex   5.334117e+01 -1.747158e+01 1.516933e+01
      vertex   5.332908e+01 -1.828101e+01 3.880219e+00
      vertex   5.409476e+01 -1.704978e+01 1.516933e+01
    endloop
  endfacet
  facet normal 4.512177e-01 -8.899361e-01 6.645530e-02
    outer loop
      vertex   5.409476e+01 -1.704978e+01 1.516933e+01
      vertex   5.332908e+01 -1.828101e+01 3.880219e+00
      vertex   5.461032e+01 -1.763476e+01 3.835063e+00
    endloop
  endfacet
  facet normal 3.499915e-01 -9.345535e-01 6.415361e-02
    outer loop
      vertex   5.409476e+01 -1.704978e+01 1.516933e+01
      vertex   5.461032e+01 -1.763476e+01 3.835063e+00
      vertex   5.490374e+01 -1.674682e+01 1.516933e+01
    endloop
  endfacet
  facet normal 2.706194e-01 -9.602660e-01 6.822271e-02
    outer loop
      vertex   5.490374e+01 -1.674682e+01 1.516933e+01
      vertex   5.461032e+01 -1.763476e+01 3.835063e+00
      vertex   5.530285e+01 -1.744056e+01 3.821501e+00
    endloop
  endfacet
  facet normal 2.041623e-01 -9.766493e-01 6.688692e-02
    outer loop
      vertex   5.490374e+01 -1.674682e+01 1.516933e+01
      vertex   5.530285e+01 -1.744056e+01 3.821501e+00
      vertex   5.575068e+01 -1.656977e+01 1.516933e+01
    endloop
  endfacet
  facet normal 1.355610e-01 -9.882586e-01 7.048504e-02
    outer loop
      vertex   5.575068e+01 -1.656977e+01 1.516933e+01
      vertex   5.530285e+01 -1.744056e+01 3.821501e+00
      vertex   5.601253e+01 -1.734369e+01 3.814746e+00
    endloop
  endfacet
  facet normal 5.363861e-02 -9.961643e-01 6.913469e-02
    outer loop
      vertex   5.575068e+01 -1.656977e+01 1.516933e+01
      vertex   5.601253e+01 -1.734369e+01 3.814746e+00
      vertex   5.661247e+01 -1.652337e+01 1.516933e+01
    endloop
  endfacet
  facet normal -6.194386e-02 -9.952445e-01 7.517524e-02
    outer loop
      vertex   5.661247e+01 -1.652337e+01 1.516933e+01
      vertex   5.601253e+01 -1.734369e+01 3.814746e+00
      vertex   5.743742e+01 -1.743191e+01 3.820952e+00
    endloop
  endfacet
  facet normal -9.809864e-02 -9.925447e-01 7.233088e-02
    outer loop
      vertex   5.661247e+01 -1.652337e+01 1.516933e+01
      vertex   5.743742e+01 -1.743191e+01 3.820952e+00
      vertex   5.747351e+01 -1.660847e+01 1.516933e+01
    endloop
  endfacet
  facet normal -2.476016e-01 -9.662643e-01 7.089941e-02
    outer loop
      vertex   5.747351e+01 -1.660847e+01 1.516933e+01
      vertex   5.743742e+01 -1.743191e+01 3.820952e+00
      vertex   5.831030e+01 -1.682290e+01 1.516933e+01
    endloop
  endfacet
  facet normal -3.024816e-01 -9.502579e-01 7.426161e-02
    outer loop
      vertex   5.831030e+01 -1.682290e+01 1.516933e+01
      vertex   5.743742e+01 -1.743191e+01 3.820952e+00
      vertex   5.880371e+01 -1.786445e+01 3.851234e+00
    endloop
  endfacet
  facet normal -3.911969e-01 -9.178348e-01 6.741034e-02
    outer loop
      vertex   5.831030e+01 -1.682290e+01 1.516933e+01
      vertex   5.880371e+01 -1.786445e+01 3.851234e+00
      vertex   5.910469e+01 -1.716148e+01 1.516933e+01
    endloop
  endfacet
  facet normal -5.163577e-01 -8.537669e-01 6.675947e-02
    outer loop
      vertex   5.910469e+01 -1.716148e+01 1.516933e+01
      vertex   5.880371e+01 -1.786445e+01 3.851234e+00
      vertex   6.003220e+01 -1.860340e+01 3.902939e+00
    endloop
  endfacet
  facet normal -5.257539e-01 -8.481293e-01 6.526440e-02
    outer loop
      vertex   5.910469e+01 -1.716148e+01 1.516933e+01
      vertex   6.003220e+01 -1.860340e+01 3.902939e+00
      vertex   5.984033e+01 -1.761750e+01 1.516933e+01
    endloop
  endfacet
  facet normal -6.483166e-01 -7.593520e-01 5.540831e-02
    outer loop
      vertex   5.984033e+01 -1.761750e+01 1.516933e+01
      vertex   6.003220e+01 -1.860340e+01 3.902939e+00
      vertex   6.049679e+01 -1.817797e+01 1.516933e+01
    endloop
  endfacet
  facet normal -7.067618e-01 -7.052495e-01 5.577545e-02
    outer loop
      vertex   6.049679e+01 -1.817797e+01 1.516933e+01
      vertex   6.003220e+01 -1.860340e+01 3.902939e+00
      vertex   6.104599e+01 -1.961377e+01 3.973617e+00
    endloop
  endfacet
  facet normal -7.558027e-01 -6.531330e-01 4.668606e-02
    outer loop
      vertex   6.049679e+01 -1.817797e+01 1.516933e+01
      vertex   6.104599e+01 -1.961377e+01 3.973617e+00
      vertex   6.106236e+01 -1.883244e+01 1.516933e+01
    endloop
  endfacet
  facet normal -8.298893e-01 -5.564887e-01 4.004975e-02
    outer loop
      vertex   6.106236e+01 -1.883244e+01 1.516933e+01
      vertex   6.104599e+01 -1.961377e+01 3.973617e+00
      vertex   6.144334e+01 -2.020337e+01 4.014857e+00
    endloop
  endfacet
  facet normal -8.459827e-01 -5.319606e-01 3.648548e-02
    outer loop
      vertex   6.106236e+01 -1.883244e+01 1.516933e+01
      vertex   6.144334e+01 -2.020337e+01 4.014857e+00
      vertex   6.152252e+01 -1.956424e+01 1.516933e+01
    endloop
  endfacet
  facet normal -8.986325e-01 -4.375733e-01 3.145101e-02
    outer loop
      vertex   6.152252e+01 -1.956424e+01 1.516933e+01
      vertex   6.144334e+01 -2.020337e+01 4.014857e+00
      vertex   6.175878e+01 -2.084793e+01 4.059937e+00
    endloop
  endfacet
  facet normal -9.166465e-01 -3.988136e-01 2.658926e-02
    outer loop
      vertex   6.152252e+01 -1.956424e+01 1.516933e+01
      vertex   6.175878e+01 -2.084793e+01 4.059937e+00
      vertex   6.186701e+01 -2.035603e+01 1.516933e+01
    endloop
  endfacet
  facet normal -9.507349e-01 -3.091543e-01 2.295142e-02
    outer loop
      vertex   6.186701e+01 -2.035603e+01 1.516933e+01
      vertex   6.175878e+01 -2.084793e+01 4.059937e+00
      vertex   6.198106e+01 -2.152799e+01 4.107497e+00
    endloop
  endfacet
  facet normal -9.663782e-01 -2.565477e-01 1.721662e-02
    outer loop
      vertex   6.186701e+01 -2.035603e+01 1.516933e+01
      vertex   6.198106e+01 -2.152799e+01 4.107497e+00
      vertex   6.208915e+01 -2.119280e+01 1.516933e+01
    endloop
  endfacet
  facet normal -9.833666e-01 -1.810038e-01 1.509347e-02
    outer loop
      vertex   6.208915e+01 -2.119280e+01 1.516933e+01
      vertex   6.198106e+01 -2.152799e+01 4.107497e+00
      vertex   6.211113e+01 -2.223051e+01 4.156626e+00
    endloop
  endfacet
  facet normal -9.940623e-01 -1.085002e-01 8.240176e-03
    outer loop
      vertex   6.208915e+01 -2.119280e+01 1.516933e+01
      vertex   6.211113e+01 -2.223051e+01 4.156626e+00
      vertex   6.218285e+01 -2.205124e+01 1.516933e+01
    endloop
  endfacet
  facet normal -9.999662e-01 5.124030e-03 6.428981e-03
    outer loop
      vertex   6.218285e+01 -2.205124e+01 1.516933e+01
      vertex   6.211113e+01 -2.223051e+01 4.156626e+00
      vertex   6.210443e+01 -2.366411e+01 4.256872e+00
    endloop
  endfacet
  facet normal -9.991225e-01 4.187183e-02 9.915711e-04
    outer loop
      vertex   6.218285e+01 -2.205124e+01 1.516933e+01
      vertex   6.210443e+01 -2.366411e+01 4.256872e+00
      vertex   6.214665e+01 -2.291501e+01 1.516933e+01
    endloop
  endfacet
  facet normal -9.814568e-01 1.914557e-01 -9.345174e-03
    outer loop
      vertex   6.214665e+01 -2.291501e+01 1.516933e+01
      vertex   6.210443e+01 -2.366411e+01 4.256872e+00
      vertex   6.198101e+01 -2.376412e+01 1.516933e+01
    endloop
  endfacet
  facet normal -9.707809e-01 2.398068e-01 -8.781309e-03
    outer loop
      vertex   6.198101e+01 -2.376412e+01 1.516933e+01
      vertex   6.210443e+01 -2.366411e+01 4.256872e+00
      vertex   6.176080e+01 -2.505163e+01 4.353888e+00
    endloop
  endfacet
  facet normal -9.414065e-01 3.366257e-01 -2.090503e-02
    outer loop
      vertex   6.198101e+01 -2.376412e+01 1.516933e+01
      vertex   6.176080e+01 -2.505163e+01 4.353888e+00
      vertex   6.169032e+01 -2.457707e+01 1.516933e+01
    endloop
  endfacet
  facet normal -8.799557e-01 4.743134e-01 -2.654606e-02
    outer loop
      vertex   6.169032e+01 -2.457707e+01 1.516933e+01
      vertex   6.176080e+01 -2.505163e+01 4.353888e+00
      vertex   6.127960e+01 -2.533904e+01 1.516933e+01
    endloop
  endfacet
  facet normal -8.870467e-01 4.608766e-01 -2.721863e-02
    outer loop
      vertex   6.127960e+01 -2.533904e+01 1.516933e+01
      vertex   6.176080e+01 -2.505163e+01 4.353888e+00
      vertex   6.109943e+01 -2.631931e+01 4.442516e+00
    endloop
  endfacet
  facet normal -7.980591e-01 6.011462e-01 -4.153177e-02
    outer loop
      vertex   6.127960e+01 -2.533904e+01 1.516933e+01
      vertex   6.109943e+01 -2.631931e+01 4.442516e+00
      vertex   6.075993e+01 -2.602894e+01 1.516933e+01
    endloop
  endfacet
  facet normal -7.852820e-01 6.177407e-01 -4.157658e-02
    outer loop
      vertex   6.075993e+01 -2.602894e+01 1.516933e+01
      vertex   6.109943e+01 -2.631931e+01 4.442516e+00
      vertex   6.065624e+01 -2.688007e+01 4.481716e+00
    endloop
  endfacet
  facet normal -6.980585e-01 7.142851e-01 -5.011127e-02
    outer loop
      vertex   6.075993e+01 -2.602894e+01 1.516933e+01
      vertex   6.065624e+01 -2.688007e+01 4.481716e+00
      vertex   6.014205e+01 -2.663278e+01 1.516933e+01
    endloop
  endfacet
  facet normal -6.964822e-01 7.158250e-01 -5.007107e-02
    outer loop
      vertex   6.014205e+01 -2.663278e+01 1.516933e+01
      vertex   6.065624e+01 -2.688007e+01 4.481716e+00
      vertex   6.014205e+01 -2.817192e+01 -6.834453e+00
    endloop
  endfacet
  facet normal -6.980098e-01 7.143522e-01 -4.983352e-02
    outer loop
      vertex   6.014205e+01 -2.817192e+01 -6.834453e+00
      vertex   6.065624e+01 -2.688007e+01 4.481716e+00
      vertex   6.076043e+01 -2.756988e+01 -6.866005e+00
    endloop
  endfacet
  facet normal -7.852820e-01 6.175190e-01 -4.474843e-02
    outer loop
      vertex   6.076043e+01 -2.756988e+01 -6.866005e+00
      vertex   6.065624e+01 -2.688007e+01 4.481716e+00
      vertex   6.109943e+01 -2.631931e+01 4.442516e+00
    endloop
  endfacet
  facet normal -7.981302e-01 6.009818e-01 -4.253448e-02
    outer loop
      vertex   6.076043e+01 -2.756988e+01 -6.866005e+00
      vertex   6.109943e+01 -2.631931e+01 4.442516e+00
      vertex   6.128118e+01 -2.688086e+01 -6.902115e+00
    endloop
  endfacet
  facet normal -8.870475e-01 4.601939e-01 -3.699008e-02
    outer loop
      vertex   6.128118e+01 -2.688086e+01 -6.902115e+00
      vertex   6.109943e+01 -2.631931e+01 4.442516e+00
      vertex   6.176080e+01 -2.505163e+01 4.353888e+00
    endloop
  endfacet
  facet normal -8.798606e-01 4.735897e-01 -3.947331e-02
    outer loop
      vertex   6.128118e+01 -2.688086e+01 -6.902115e+00
      vertex   6.176080e+01 -2.505163e+01 4.353888e+00
      vertex   6.169154e+01 -2.612178e+01 -6.941896e+00
    endloop
  endfacet
  facet normal -9.415041e-01 3.359924e-01 -2.605945e-02
    outer loop
      vertex   6.169154e+01 -2.612178e+01 -6.941896e+00
      vertex   6.176080e+01 -2.505163e+01 4.353888e+00
      vertex   6.198271e+01 -2.530919e+01 -6.984482e+00
    endloop
  endfacet
  facet normal -9.707828e-01 2.387137e-01 -2.442265e-02
    outer loop
      vertex   6.198271e+01 -2.530919e+01 -6.984482e+00
      vertex   6.176080e+01 -2.505163e+01 4.353888e+00
      vertex   6.210443e+01 -2.366411e+01 4.256872e+00
    endloop
  endfacet
  facet normal -9.815367e-01 1.904943e-01 -1.724968e-02
    outer loop
      vertex   6.198271e+01 -2.530919e+01 -6.984482e+00
      vertex   6.210443e+01 -2.366411e+01 4.256872e+00
      vertex   6.214775e+01 -2.446284e+01 -7.028838e+00
    endloop
  endfacet
  facet normal -9.991393e-01 4.093058e-02 -6.732060e-03
    outer loop
      vertex   6.214775e+01 -2.446284e+01 -7.028838e+00
      vertex   6.210443e+01 -2.366411e+01 4.256872e+00
      vertex   6.218329e+01 -2.360253e+01 -7.073925e+00
    endloop
  endfacet
  facet normal -9.999672e-01 4.189362e-03 -6.937488e-03
    outer loop
      vertex   6.218329e+01 -2.360253e+01 -7.073925e+00
      vertex   6.210443e+01 -2.366411e+01 4.256872e+00
      vertex   6.211113e+01 -2.223051e+01 4.156626e+00
    endloop
  endfacet
  facet normal -9.939620e-01 -1.095016e-01 6.990560e-03
    outer loop
      vertex   6.218329e+01 -2.360253e+01 -7.073925e+00
      vertex   6.211113e+01 -2.223051e+01 4.156626e+00
      vertex   6.208844e+01 -2.274441e+01 -7.118897e+00
    endloop
  endfacet
  facet normal -9.833666e-01 -1.813429e-01 1.024353e-02
    outer loop
      vertex   6.208844e+01 -2.274441e+01 -7.118897e+00
      vertex   6.211113e+01 -2.223051e+01 4.156626e+00
      vertex   6.198106e+01 -2.152799e+01 4.107497e+00
    endloop
  endfacet
  facet normal -9.660815e-01 -2.575619e-01 1.866746e-02
    outer loop
      vertex   6.208844e+01 -2.274441e+01 -7.118897e+00
      vertex   6.198106e+01 -2.152799e+01 4.107497e+00
      vertex   6.186580e+01 -2.191247e+01 -7.162497e+00
    endloop
  endfacet
  facet normal -9.507349e-01 -3.093413e-01 2.027696e-02
    outer loop
      vertex   6.186580e+01 -2.191247e+01 -7.162497e+00
      vertex   6.198106e+01 -2.152799e+01 4.107497e+00
      vertex   6.175878e+01 -2.084793e+01 4.059937e+00
    endloop
  endfacet
  facet normal -9.161790e-01 -3.997057e-01 2.917828e-02
    outer loop
      vertex   6.186580e+01 -2.191247e+01 -7.162497e+00
      vertex   6.175878e+01 -2.084793e+01 4.059937e+00
      vertex   6.151993e+01 -2.112273e+01 -7.203886e+00
    endloop
  endfacet
  facet normal -8.986325e-01 -4.376935e-01 2.973298e-02
    outer loop
      vertex   6.151993e+01 -2.112273e+01 -7.203886e+00
      vertex   6.175878e+01 -2.084793e+01 4.059937e+00
      vertex   6.144334e+01 -2.020337e+01 4.014857e+00
    endloop
  endfacet
  facet normal -8.452783e-01 -5.329800e-01 3.790578e-02
    outer loop
      vertex   6.151993e+01 -2.112273e+01 -7.203886e+00
      vertex   6.144334e+01 -2.020337e+01 4.014857e+00
      vertex   6.105837e+01 -2.039343e+01 -7.242107e+00
    endloop
  endfacet
  facet normal -8.298893e-01 -5.566476e-01 3.777909e-02
    outer loop
      vertex   6.105837e+01 -2.039343e+01 -7.242107e+00
      vertex   6.144334e+01 -2.020337e+01 4.014857e+00
      vertex   6.104599e+01 -1.961377e+01 3.973617e+00
    endloop
  endfacet
  facet normal -7.550722e-01 -6.541204e-01 4.463747e-02
    outer loop
      vertex   6.105837e+01 -2.039343e+01 -7.242107e+00
      vertex   6.104599e+01 -1.961377e+01 3.973617e+00
      vertex   6.049322e+01 -1.974338e+01 -7.276174e+00
    endloop
  endfacet
  facet normal -7.067613e-01 -7.061524e-01 4.286310e-02
    outer loop
      vertex   6.049322e+01 -1.974338e+01 -7.276174e+00
      vertex   6.104599e+01 -1.961377e+01 3.973617e+00
      vertex   6.003220e+01 -1.860340e+01 3.902939e+00
    endloop
  endfacet
  facet normal -6.474997e-01 -7.603683e-01 5.083560e-02
    outer loop
      vertex   6.049322e+01 -1.974338e+01 -7.276174e+00
      vertex   6.003220e+01 -1.860340e+01 3.902939e+00
      vertex   5.983456e+01 -1.918445e+01 -7.305467e+00
    endloop
  endfacet
  facet normal -5.163598e-01 -8.547043e-01 5.341360e-02
    outer loop
      vertex   5.983456e+01 -1.918445e+01 -7.305467e+00
      vertex   6.003220e+01 -1.860340e+01 3.902939e+00
      vertex   5.880371e+01 -1.786445e+01 3.851234e+00
    endloop
  endfacet
  facet normal -5.249998e-01 -8.495123e-01 5.200099e-02
    outer loop
      vertex   5.983456e+01 -1.918445e+01 -7.305467e+00
      vertex   5.880371e+01 -1.786445e+01 3.851234e+00
      vertex   5.910047e+01 -1.873223e+01 -7.329166e+00
    endloop
  endfacet
  facet normal -3.904735e-01 -9.185954e-01 6.093372e-02
    outer loop
      vertex   5.910047e+01 -1.873223e+01 -7.329166e+00
      vertex   5.880371e+01 -1.786445e+01 3.851234e+00
      vertex   5.830630e+01 -1.839582e+01 -7.346797e+00
    endloop
  endfacet
  facet normal -3.024809e-01 -9.513536e-01 5.857958e-02
    outer loop
      vertex   5.830630e+01 -1.839582e+01 -7.346797e+00
      vertex   5.880371e+01 -1.786445e+01 3.851234e+00
      vertex   5.743742e+01 -1.743191e+01 3.820952e+00
    endloop
  endfacet
  facet normal -2.468009e-01 -9.669335e-01 6.425636e-02
    outer loop
      vertex   5.830630e+01 -1.839582e+01 -7.346797e+00
      vertex   5.743742e+01 -1.743191e+01 3.820952e+00
      vertex   5.746884e+01 -1.818281e+01 -7.357961e+00
    endloop
  endfacet
  facet normal -9.747643e-02 -9.930185e-01 6.642812e-02
    outer loop
      vertex   5.746884e+01 -1.818281e+01 -7.357961e+00
      vertex   5.743742e+01 -1.743191e+01 3.820952e+00
      vertex   5.661098e+01 -1.809889e+01 -7.362358e+00
    endloop
  endfacet
  facet normal -6.194354e-02 -9.960268e-01 6.398169e-02
    outer loop
      vertex   5.661098e+01 -1.809889e+01 -7.362358e+00
      vertex   5.743742e+01 -1.743191e+01 3.820952e+00
      vertex   5.601253e+01 -1.734369e+01 3.814746e+00
    endloop
  endfacet
  facet normal 5.408809e-02 -9.960657e-01 7.019698e-02
    outer loop
      vertex   5.661098e+01 -1.809889e+01 -7.362358e+00
      vertex   5.601253e+01 -1.734369e+01 3.814746e+00
      vertex   5.574820e+01 -1.814557e+01 -7.359912e+00
    endloop
  endfacet
  facet normal 1.355610e-01 -9.884517e-01 6.772343e-02
    outer loop
      vertex   5.574820e+01 -1.814557e+01 -7.359912e+00
      vertex   5.601253e+01 -1.734369e+01 3.814746e+00
      vertex   5.530285e+01 -1.744056e+01 3.821501e+00
    endloop
  endfacet
  facet normal 2.044734e-01 -9.763870e-01 6.970745e-02
    outer loop
      vertex   5.574820e+01 -1.814557e+01 -7.359912e+00
      vertex   5.530285e+01 -1.744056e+01 3.821501e+00
      vertex   5.490360e+01 -1.832179e+01 -7.350677e+00
    endloop
  endfacet
  facet normal 2.706194e-01 -9.604156e-01 6.608383e-02
    outer loop
      vertex   5.490360e+01 -1.832179e+01 -7.350677e+00
      vertex   5.530285e+01 -1.744056e+01 3.821501e+00
      vertex   5.461032e+01 -1.763476e+01 3.835063e+00
    endloop
  endfacet
  facet normal 3.499753e-01 -9.343909e-01 6.656601e-02
    outer loop
      vertex   5.490360e+01 -1.832179e+01 -7.350677e+00
      vertex   5.461032e+01 -1.763476e+01 3.835063e+00
      vertex   5.409579e+01 -1.862322e+01 -7.334879e+00
    endloop
  endfacet
  facet normal 4.512178e-01 -8.905257e-01 5.802070e-02
    outer loop
      vertex   5.409579e+01 -1.862322e+01 -7.334879e+00
      vertex   5.461032e+01 -1.763476e+01 3.835063e+00
      vertex   5.332908e+01 -1.828101e+01 3.880219e+00
    endloop
  endfacet
  facet normal 4.875370e-01 -8.710445e-01 5.990921e-02
    outer loop
      vertex   5.409579e+01 -1.862322e+01 -7.334879e+00
      vertex   5.332908e+01 -1.828101e+01 3.880219e+00
      vertex   5.334111e+01 -1.904412e+01 -7.312821e+00
    endloop
  endfacet
  facet normal 6.138009e-01 -7.875875e-01 5.435505e-02
    outer loop
      vertex   5.334111e+01 -1.904412e+01 -7.312821e+00
      vertex   5.332908e+01 -1.828101e+01 3.880219e+00
      vertex   5.266058e+01 -1.957257e+01 -7.285126e+00
    endloop
  endfacet
  facet normal 6.558193e-01 -7.533977e-01 4.788436e-02
    outer loop
      vertex   5.266058e+01 -1.957257e+01 -7.285126e+00
      vertex   5.332908e+01 -1.828101e+01 3.880219e+00
      vertex   5.224389e+01 -1.922147e+01 3.945954e+00
    endloop
  endfacet
  facet normal 7.258687e-01 -6.861297e-01 4.838039e-02
    outer loop
      vertex   5.266058e+01 -1.957257e+01 -7.285126e+00
      vertex   5.224389e+01 -1.922147e+01 3.945954e+00
      vertex   5.206656e+01 -2.019868e+01 -7.252313e+00
    endloop
  endfacet
  facet normal 8.213725e-01 -5.692125e-01 3.666541e-02
    outer loop
      vertex   5.206656e+01 -2.019868e+01 -7.252313e+00
      vertex   5.224389e+01 -1.922147e+01 3.945954e+00
      vertex   5.157412e+01 -2.090687e+01 -7.215198e+00
    endloop
  endfacet
  facet normal 8.206263e-01 -5.702745e-01 3.687055e-02
    outer loop
      vertex   5.157412e+01 -2.090687e+01 -7.215198e+00
      vertex   5.224389e+01 -1.922147e+01 3.945954e+00
      vertex   5.142301e+01 -2.039740e+01 4.028162e+00
    endloop
  endfacet
  facet normal 8.979126e-01 -4.390119e-01 3.196146e-02
    outer loop
      vertex   5.157412e+01 -2.090687e+01 -7.215198e+00
      vertex   5.142301e+01 -2.039740e+01 4.028162e+00
      vertex   5.119467e+01 -2.168002e+01 -7.174679e+00
    endloop
  endfacet
  facet normal 9.154928e-01 -4.014072e-01 2.729775e-02
    outer loop
      vertex   5.119467e+01 -2.168002e+01 -7.174679e+00
      vertex   5.142301e+01 -2.039740e+01 4.028162e+00
      vertex   5.113331e+01 -2.105499e+01 4.074138e+00
    endloop
  endfacet
  facet normal 9.539955e-01 -2.990261e-01 2.181904e-02
    outer loop
      vertex   5.119467e+01 -2.168002e+01 -7.174679e+00
      vertex   5.113331e+01 -2.105499e+01 4.074138e+00
      vertex   5.093552e+01 -2.250365e+01 -7.131515e+00
    endloop
  endfacet
  facet normal 9.616449e-01 -2.736791e-01 1.840718e-02
    outer loop
      vertex   5.093552e+01 -2.250365e+01 -7.131515e+00
      vertex   5.113331e+01 -2.105499e+01 4.074138e+00
      vertex   5.093640e+01 -2.174365e+01 4.122288e+00
    endloop
  endfacet
  facet normal 9.882815e-01 -1.523005e-01 1.020811e-02
    outer loop
      vertex   5.093552e+01 -2.250365e+01 -7.131515e+00
      vertex   5.093640e+01 -2.174365e+01 4.122288e+00
      vertex   5.080391e+01 -2.335469e+01 -7.086913e+00
    endloop
  endfacet
  facet normal 9.965005e-01 -8.358624e-02 2.350129e-04
    outer loop
      vertex   5.080391e+01 -2.335469e+01 -7.086913e+00
      vertex   5.093640e+01 -2.174365e+01 4.122288e+00
      vertex   5.081692e+01 -2.316778e+01 4.221870e+00
    endloop
  endfacet
  facet normal 9.999969e-01 -2.219805e-03 -1.113822e-03
    outer loop
      vertex   5.080391e+01 -2.335469e+01 -7.086913e+00
      vertex   5.081692e+01 -2.316778e+01 4.221870e+00
      vertex   5.080204e+01 -2.421670e+01 -7.041738e+00
    endloop
  endfacet
  facet normal 9.908359e-01 1.343624e-01 -1.382081e-02
    outer loop
      vertex   5.080204e+01 -2.421670e+01 -7.041738e+00
      vertex   5.081692e+01 -2.316778e+01 4.221870e+00
      vertex   5.097085e+01 -2.429478e+01 4.300682e+00
    endloop
  endfacet
  facet normal 9.888939e-01 1.479908e-01 -1.369808e-02
    outer loop
      vertex   5.080204e+01 -2.421670e+01 -7.041738e+00
      vertex   5.097085e+01 -2.429478e+01 4.300682e+00
      vertex   5.093035e+01 -2.506988e+01 -6.997024e+00
    endloop
  endfacet
  facet normal 9.552449e-01 2.948689e-01 -2.365424e-02
    outer loop
      vertex   5.093035e+01 -2.506988e+01 -6.997024e+00
      vertex   5.097085e+01 -2.429478e+01 4.300682e+00
      vertex   5.118528e+01 -2.589229e+01 -6.953924e+00
    endloop
  endfacet
  facet normal 9.480957e-01 3.168445e-01 -2.690972e-02
    outer loop
      vertex   5.118528e+01 -2.589229e+01 -6.953924e+00
      vertex   5.097085e+01 -2.429478e+01 4.300682e+00
      vertex   5.133339e+01 -2.537323e+01 4.376103e+00
    endloop
  endfacet
  facet normal 8.997837e-01 4.351832e-01 -3.169956e-02
    outer loop
      vertex   5.118528e+01 -2.589229e+01 -6.953924e+00
      vertex   5.133339e+01 -2.537323e+01 4.376103e+00
      vertex   5.156237e+01 -2.666901e+01 -6.913217e+00
    endloop
  endfacet
  facet normal 8.238189e-01 5.654662e-01 -3.962809e-02
    outer loop
      vertex   5.156078e+01 -2.512310e+01 1.516933e+01
      vertex   5.205068e+01 -2.583682e+01 1.516933e+01
      vertex   5.189413e+01 -2.636031e+01 4.445141e+00
    endloop
  endfacet
  facet normal 1.000000e+00 2.044111e-14 7.468309e-15
    outer loop
      vertex   5.264205e+01 -3.048726e+01 -6.713111e+00
      vertex   5.264205e+01 -2.800653e+01 -6.843121e+00
      vertex   5.264205e+01 -3.048726e+01 1.516933e+01
    endloop
  endfacet
  facet normal 1.000000e+00 1.767754e-14 7.156864e-15
    outer loop
      vertex   5.264205e+01 -3.048726e+01 1.516933e+01
      vertex   5.264205e+01 -2.800653e+01 -6.843121e+00
      vertex   5.264205e+01 -2.646780e+01 1.516933e+01
    endloop
  endfacet
  facet normal -1.000000e+00 -1.882145e-14 -7.793018e-15
    outer loop
      vertex   6.014205e+01 -3.048726e+01 -6.713111e+00
      vertex   6.014205e+01 -3.048726e+01 1.516933e+01
      vertex   6.014205e+01 -2.817192e+01 -6.834453e+00
    endloop
  endfacet
  facet normal -1.000000e+00 -1.659077e-14 -7.558294e-15
    outer loop
      vertex   6.014205e+01 -2.817192e+01 -6.834453e+00
      vertex   6.014205e+01 -3.048726e+01 1.516933e+01
      vertex   6.014205e+01 -2.663278e+01 1.516933e+01
    endloop
  endfacet
  facet normal 7.787357e-15 1.668071e-15 -1.000000e+00
    outer loop
      vertex   5.205068e+01 -2.583682e+01 1.516933e+01
      vertex   6.075993e+01 -2.602894e+01 1.516933e+01
      vertex   5.264205e+01 -2.646780e+01 1.516933e+01
    endloop
  endfacet
  facet normal 8.675509e-15 -1.476071e-14 -1.000000e+00
    outer loop
      vertex   5.264205e+01 -2.646780e+01 1.516933e+01
      vertex   6.075993e+01 -2.602894e+01 1.516933e+01
      vertex   6.014205e+01 -2.663278e+01 1.516933e+01
    endloop
  endfacet
  facet normal 8.961322e-15 -1.767754e-15 -1.000000e+00
    outer loop
      vertex   5.264205e+01 -2.646780e+01 1.516933e+01
      vertex   6.014205e+01 -2.663278e+01 1.516933e+01
      vertex   5.264205e+01 -3.048726e+01 1.516933e+01
    endloop
  endfacet
  facet normal 7.579123e-15 9.217094e-16 -1.000000e+00
    outer loop
      vertex   5.264205e+01 -3.048726e+01 1.516933e+01
      vertex   6.014205e+01 -2.663278e+01 1.516933e+01
      vertex   6.014205e+01 -3.048726e+01 1.516933e+01
    endloop
  endfacet
  facet normal 8.070832e-15 1.451912e-14 -1.000000e+00
    outer loop
      vertex   6.075993e+01 -2.602894e+01 1.516933e+01
      vertex   5.205068e+01 -2.583682e+01 1.516933e+01
      vertex   6.127960e+01 -2.533904e+01 1.516933e+01
    endloop
  endfacet
  facet normal 9.055658e-15 -3.739618e-15 -1.000000e+00
    outer loop
      vertex   6.127960e+01 -2.533904e+01 1.516933e+01
      vertex   5.205068e+01 -2.583682e+01 1.516933e+01
      vertex   5.156078e+01 -2.512310e+01 1.516933e+01
    endloop
  endfacet
  facet normal 9.030593e-15 -4.867667e-15 -1.000000e+00
    outer loop
      vertex   6.127960e+01 -2.533904e+01 1.516933e+01
      vertex   5.156078e+01 -2.512310e+01 1.516933e+01
      vertex   6.169032e+01 -2.457707e+01 1.516933e+01
    endloop
  endfacet
  facet normal 9.264506e-15 -9.207021e-15 -1.000000e+00
    outer loop
      vertex   6.169032e+01 -2.457707e+01 1.516933e+01
      vertex   5.156078e+01 -2.512310e+01 1.516933e+01
      vertex   5.118431e+01 -2.434431e+01 1.516933e+01
    endloop
  endfacet
  facet normal 9.586187e-15 5.312553e-15 -1.000000e+00
    outer loop
      vertex   6.169032e+01 -2.457707e+01 1.516933e+01
      vertex   5.118431e+01 -2.434431e+01 1.516933e+01
      vertex   6.198101e+01 -2.376412e+01 1.516933e+01
    endloop
  endfacet
  facet normal 1.016482e-14 -5.455251e-15 -1.000000e+00
    outer loop
      vertex   6.198101e+01 -2.376412e+01 1.516933e+01
      vertex   5.118431e+01 -2.434431e+01 1.516933e+01
      vertex   5.092917e+01 -2.351723e+01 1.516933e+01
    endloop
  endfacet
  facet normal 1.042818e-14 6.333827e-15 -1.000000e+00
    outer loop
      vertex   6.198101e+01 -2.376412e+01 1.516933e+01
      vertex   5.092917e+01 -2.351723e+01 1.516933e+01
      vertex   6.214665e+01 -2.291501e+01 1.516933e+01
    endloop
  endfacet
  facet normal 1.079250e-14 -4.522985e-16 -1.000000e+00
    outer loop
      vertex   6.214665e+01 -2.291501e+01 1.516933e+01
      vertex   5.092917e+01 -2.351723e+01 1.516933e+01
      vertex   6.218285e+01 -2.205124e+01 1.516933e+01
    endloop
  endfacet
  facet normal 1.005154e-14 5.235645e-15 -1.000000e+00
    outer loop
      vertex   6.218285e+01 -2.205124e+01 1.516933e+01
      vertex   5.092917e+01 -2.351723e+01 1.516933e+01
      vertex   6.208915e+01 -2.119280e+01 1.516933e+01
    endloop
  endfacet
  facet normal 1.055824e-14 2.802931e-15 -1.000000e+00
    outer loop
      vertex   6.208915e+01 -2.119280e+01 1.516933e+01
      vertex   5.092917e+01 -2.351723e+01 1.516933e+01
      vertex   6.186701e+01 -2.035603e+01 1.516933e+01
    endloop
  endfacet
  facet normal 1.355436e-14 -7.563730e-15 -1.000000e+00
    outer loop
      vertex   6.186701e+01 -2.035603e+01 1.516933e+01
      vertex   5.092917e+01 -2.351723e+01 1.516933e+01
      vertex   6.152252e+01 -1.956424e+01 1.516933e+01
    endloop
  endfacet
  facet normal 1.162690e-14 -2.398448e-15 -1.000000e+00
    outer loop
      vertex   6.152252e+01 -1.956424e+01 1.516933e+01
      vertex   5.092917e+01 -2.351723e+01 1.516933e+01
      vertex   6.106236e+01 -1.883244e+01 1.516933e+01
    endloop
  endfacet
  facet normal 1.110191e-14 -1.262905e-15 -1.000000e+00
    outer loop
      vertex   6.106236e+01 -1.883244e+01 1.516933e+01
      vertex   5.092917e+01 -2.351723e+01 1.516933e+01
      vertex   6.049679e+01 -1.817797e+01 1.516933e+01
    endloop
  endfacet
  facet normal 1.591365e-14 -9.885250e-15 -1.000000e+00
    outer loop
      vertex   6.049679e+01 -1.817797e+01 1.516933e+01
      vertex   5.092917e+01 -2.351723e+01 1.516933e+01
      vertex   5.984033e+01 -1.761750e+01 1.516933e+01
    endloop
  endfacet
  facet normal 8.271665e-15 1.657470e-15 -1.000000e+00
    outer loop
      vertex   5.984033e+01 -1.761750e+01 1.516933e+01
      vertex   5.092917e+01 -2.351723e+01 1.516933e+01
      vertex   5.910469e+01 -1.716148e+01 1.516933e+01
    endloop
  endfacet
  facet normal 3.385363e-15 7.942814e-15 -1.000000e+00
    outer loop
      vertex   5.910469e+01 -1.716148e+01 1.516933e+01
      vertex   5.092917e+01 -2.351723e+01 1.516933e+01
      vertex   5.831030e+01 -1.682290e+01 1.516933e+01
    endloop
  endfacet
  facet normal 5.643075e-15 5.453474e-15 -1.000000e+00
    outer loop
      vertex   5.831030e+01 -1.682290e+01 1.516933e+01
      vertex   5.092917e+01 -2.351723e+01 1.516933e+01
      vertex   5.747351e+01 -1.660847e+01 1.516933e+01
    endloop
  endfacet
  facet normal 1.606730e-14 -4.420904e-15 -1.000000e+00
    outer loop
      vertex   5.747351e+01 -1.660847e+01 1.516933e+01
      vertex   5.092917e+01 -2.351723e+01 1.516933e+01
      vertex   5.661247e+01 -1.652337e+01 1.516933e+01
    endloop
  endfacet
  facet normal 5.980445e-15 3.775803e-15 -1.000000e+00
    outer loop
      vertex   5.661247e+01 -1.652337e+01 1.516933e+01
      vertex   5.092917e+01 -2.351723e+01 1.516933e+01
      vertex   5.575068e+01 -1.656977e+01 1.516933e+01
    endloop
  endfacet
  facet normal 1.032829e-14 7.584105e-16 -1.000000e+00
    outer loop
      vertex   5.575068e+01 -1.656977e+01 1.516933e+01
      vertex   5.092917e+01 -2.351723e+01 1.516933e+01
      vertex   5.490374e+01 -1.674682e+01 1.516933e+01
    endloop
  endfacet
  facet normal 5.169150e-15 3.787085e-15 -1.000000e+00
    outer loop
      vertex   5.490374e+01 -1.674682e+01 1.516933e+01
      vertex   5.092917e+01 -2.351723e+01 1.516933e+01
      vertex   5.409476e+01 -1.704978e+01 1.516933e+01
    endloop
  endfacet
  facet normal 1.623287e-15 5.522663e-15 -1.000000e+00
    outer loop
      vertex   5.409476e+01 -1.704978e+01 1.516933e+01
      vertex   5.092917e+01 -2.351723e+01 1.516933e+01
      vertex   5.334117e+01 -1.747158e+01 1.516933e+01
    endloop
  endfacet
  facet normal 8.126417e-15 2.928142e-15 -1.000000e+00
    outer loop
      vertex   5.334117e+01 -1.747158e+01 1.516933e+01
      vertex   5.092917e+01 -2.351723e+01 1.516933e+01
      vertex   5.265855e+01 -1.800371e+01 1.516933e+01
    endloop
  endfacet
  facet normal 1.374853e-14 1.164698e-15 -1.000000e+00
    outer loop
      vertex   5.265855e+01 -1.800371e+01 1.516933e+01
      vertex   5.092917e+01 -2.351723e+01 1.516933e+01
      vertex   5.206569e+01 -1.863116e+01 1.516933e+01
    endloop
  endfacet
  facet normal 1.376099e-15 4.042576e-15 -1.000000e+00
    outer loop
      vertex   5.206569e+01 -1.863116e+01 1.516933e+01
      vertex   5.092917e+01 -2.351723e+01 1.516933e+01
      vertex   5.157311e+01 -1.934231e+01 1.516933e+01
    endloop
  endfacet
  facet normal 2.830687e-14 -1.112864e-16 -1.000000e+00
    outer loop
      vertex   5.157311e+01 -1.934231e+01 1.516933e+01
      vertex   5.092917e+01 -2.351723e+01 1.516933e+01
      vertex   5.119354e+01 -2.011895e+01 1.516933e+01
    endloop
  endfacet
  facet normal 1.856878e-14 6.463014e-16 -1.000000e+00
    outer loop
      vertex   5.119354e+01 -2.011895e+01 1.516933e+01
      vertex   5.092917e+01 -2.351723e+01 1.516933e+01
      vertex   5.093523e+01 -2.094296e+01 1.516933e+01
    endloop
  endfacet
  facet normal 4.545262e-15 6.793352e-16 -1.000000e+00
    outer loop
      vertex   5.093523e+01 -2.094296e+01 1.516933e+01
      vertex   5.092917e+01 -2.351723e+01 1.516933e+01
      vertex   5.080136e+01 -2.266213e+01 1.516933e+01
    endloop
  endfacet
  facet normal 6.807430e-14 -4.267531e-15 -1.000000e+00
    outer loop
      vertex   5.093523e+01 -2.094296e+01 1.516933e+01
      vertex   5.080136e+01 -2.266213e+01 1.516933e+01
      vertex   5.080331e+01 -2.179861e+01 1.516933e+01
    endloop
  endfacet
  facet normal 2.272067e-14 -1.000000e+00 -3.247091e-16
    outer loop
      vertex   8.017526e+00 -3.048726e+01 -6.713111e+00
      vertex   1.532979e+01 -3.048726e+01 1.647286e+00
      vertex   8.017526e+00 -3.048726e+01 1.516933e+01
    endloop
  endfacet
  facet normal 2.332113e-14 -1.000000e+00 0.000000e+00
    outer loop
      vertex   8.017526e+00 -3.048726e+01 1.516933e+01
      vertex   1.532979e+01 -3.048726e+01 1.647286e+00
      vertex   1.532979e+01 -3.048726e+01 1.664830e+01
    endloop
  endfacet
  facet normal 7.579123e-15 -1.000000e+00 7.783074e-14
    outer loop
      vertex   8.017526e+00 -3.048726e+01 1.516933e+01
      vertex   1.532979e+01 -3.048726e+01 1.664830e+01
      vertex   5.175256e-01 -3.048726e+01 1.516933e+01
    endloop
  endfacet
  facet normal 3.433306e-16 -1.000000e+00 1.502988e-13
    outer loop
      vertex   5.175256e-01 -3.048726e+01 1.516933e+01
      vertex   1.532979e+01 -3.048726e+01 1.664830e+01
      vertex   -2.750788e+01 -3.048726e+01 1.665161e+01
    endloop
  endfacet
  facet normal -8.557613e-15 -1.000000e+00 -1.799103e-14
    outer loop
      vertex   5.175256e-01 -3.048726e+01 1.516933e+01
      vertex   -2.750788e+01 -3.048726e+01 1.665161e+01
      vertex   -1.418223e+01 -3.048726e+01 9.325774e+00
    endloop
  endfacet
  facet normal 2.575517e-16 -1.000000e+00 -1.956300e-15
    outer loop
      vertex   -1.418223e+01 -3.048726e+01 9.325774e+00
      vertex   -2.750788e+01 -3.048726e+01 1.665161e+01
      vertex   -1.457046e+01 -3.048726e+01 9.274663e+00
    endloop
  endfacet
  facet normal 5.777346e-16 -1.000000e+00 -1.394775e-15
    outer loop
      vertex   -1.457046e+01 -3.048726e+01 9.274663e+00
      vertex   -2.750788e+01 -3.048726e+01 1.665161e+01
      vertex   -1.493223e+01 -3.048726e+01 9.124813e+00
    endloop
  endfacet
  facet normal 7.935565e-16 -1.000000e+00 -1.034183e-15
    outer loop
      vertex   -1.493223e+01 -3.048726e+01 9.124813e+00
      vertex   -2.750788e+01 -3.048726e+01 1.665161e+01
      vertex   -1.524289e+01 -3.048726e+01 8.886435e+00
    endloop
  endfacet
  facet normal 9.747664e-16 -1.000000e+00 -7.479645e-16
    outer loop
      vertex   -1.524289e+01 -3.048726e+01 8.886435e+00
      vertex   -2.750788e+01 -3.048726e+01 1.665161e+01
      vertex   -1.548127e+01 -3.048726e+01 8.575774e+00
    endloop
  endfacet
  facet normal 1.155600e-15 -1.000000e+00 -4.786652e-16
    outer loop
      vertex   -1.548127e+01 -3.048726e+01 8.575774e+00
      vertex   -2.750788e+01 -3.048726e+01 1.665161e+01
      vertex   -1.563112e+01 -3.048726e+01 8.214003e+00
    endloop
  endfacet
  facet normal -4.577424e-15 -1.000000e+00 -8.548458e-15
    outer loop
      vertex   -1.563112e+01 -3.048726e+01 8.214003e+00
      vertex   -2.750788e+01 -3.048726e+01 1.665161e+01
      vertex   -1.568223e+01 -3.048726e+01 7.825774e+00
    endloop
  endfacet
  facet normal 9.572874e-15 -1.000000e+00 1.041138e-14
    outer loop
      vertex   -1.568223e+01 -3.048726e+01 7.825774e+00
      vertex   -2.750788e+01 -3.048726e+01 1.665161e+01
      vertex   -1.563112e+01 -3.048726e+01 7.437546e+00
    endloop
  endfacet
  facet normal 1.023799e-15 -1.000000e+00 -6.082185e-16
    outer loop
      vertex   -1.563112e+01 -3.048726e+01 7.437546e+00
      vertex   -2.750788e+01 -3.048726e+01 1.665161e+01
      vertex   -2.750788e+01 -3.048726e+01 -6.713111e+00
    endloop
  endfacet
  facet normal 2.002866e-16 -1.000000e+00 8.296143e-17
    outer loop
      vertex   -1.563112e+01 -3.048726e+01 7.437546e+00
      vertex   -2.750788e+01 -3.048726e+01 -6.713111e+00
      vertex   -1.548127e+01 -3.048726e+01 7.075774e+00
    endloop
  endfacet
  facet normal 1.571497e-16 -1.000000e+00 1.205852e-16
    outer loop
      vertex   -1.548127e+01 -3.048726e+01 7.075774e+00
      vertex   -2.750788e+01 -3.048726e+01 -6.713111e+00
      vertex   -1.524289e+01 -3.048726e+01 6.765114e+00
    endloop
  endfacet
  facet normal 1.190981e-16 -1.000000e+00 1.552116e-16
    outer loop
      vertex   -1.524289e+01 -3.048726e+01 6.765114e+00
      vertex   -2.750788e+01 -3.048726e+01 -6.713111e+00
      vertex   -1.493223e+01 -3.048726e+01 6.526736e+00
    endloop
  endfacet
  facet normal 7.976552e-17 -1.000000e+00 1.925710e-16
    outer loop
      vertex   -1.493223e+01 -3.048726e+01 6.526736e+00
      vertex   -2.750788e+01 -3.048726e+01 -6.713111e+00
      vertex   -1.457046e+01 -3.048726e+01 6.376886e+00
    endloop
  endfacet
  facet normal 3.161739e-17 -1.000000e+00 2.401579e-16
    outer loop
      vertex   -1.457046e+01 -3.048726e+01 6.376886e+00
      vertex   -2.750788e+01 -3.048726e+01 -6.713111e+00
      vertex   -1.418223e+01 -3.048726e+01 6.325774e+00
    endloop
  endfacet
  facet normal -8.239896e-15 -1.000000e+00 8.693583e-15
    outer loop
      vertex   -1.418223e+01 -3.048726e+01 6.325774e+00
      vertex   -2.750788e+01 -3.048726e+01 -6.713111e+00
      vertex   5.175256e-01 -3.048726e+01 -6.713111e+00
    endloop
  endfacet
  facet normal -2.061537e-15 -1.000000e+00 1.565893e-14
    outer loop
      vertex   -1.418223e+01 -3.048726e+01 6.325774e+00
      vertex   5.175256e-01 -3.048726e+01 -6.713111e+00
      vertex   -1.379400e+01 -3.048726e+01 6.376886e+00
    endloop
  endfacet
  facet normal -5.106967e-15 -1.000000e+00 1.232931e-14
    outer loop
      vertex   -1.379400e+01 -3.048726e+01 6.376886e+00
      vertex   5.175256e-01 -3.048726e+01 -6.713111e+00
      vertex   -1.343223e+01 -3.048726e+01 6.526736e+00
    endloop
  endfacet
  facet normal -7.514329e-15 -1.000000e+00 9.792864e-15
    outer loop
      vertex   -1.343223e+01 -3.048726e+01 6.526736e+00
      vertex   5.175256e-01 -3.048726e+01 -6.713111e+00
      vertex   -1.312157e+01 -3.048726e+01 6.765114e+00
    endloop
  endfacet
  facet normal -9.777579e-15 -1.000000e+00 7.502601e-15
    outer loop
      vertex   -1.312157e+01 -3.048726e+01 6.765114e+00
      vertex   5.175256e-01 -3.048726e+01 -6.713111e+00
      vertex   -1.288319e+01 -3.048726e+01 7.075774e+00
    endloop
  endfacet
  facet normal -1.733044e-14 -1.000000e+00 1.623545e-16
    outer loop
      vertex   -1.288319e+01 -3.048726e+01 7.075774e+00
      vertex   5.175256e-01 -3.048726e+01 -6.713111e+00
      vertex   5.175256e-01 -3.048726e+01 1.516933e+01
    endloop
  endfacet
  facet normal -2.298173e-14 -1.000000e+00 9.519344e-15
    outer loop
      vertex   -1.288319e+01 -3.048726e+01 7.075774e+00
      vertex   5.175256e-01 -3.048726e+01 1.516933e+01
      vertex   -1.273334e+01 -3.048726e+01 7.437546e+00
    endloop
  endfacet
  facet normal -1.887739e-14 -1.000000e+00 2.485256e-15
    outer loop
      vertex   -1.273334e+01 -3.048726e+01 7.437546e+00
      vertex   5.175256e-01 -3.048726e+01 1.516933e+01
      vertex   -1.268223e+01 -3.048726e+01 7.825774e+00
    endloop
  endfacet
  facet normal -1.630081e-14 -1.000000e+00 -2.146043e-15
    outer loop
      vertex   -1.268223e+01 -3.048726e+01 7.825774e+00
      vertex   5.175256e-01 -3.048726e+01 1.516933e+01
      vertex   -1.273334e+01 -3.048726e+01 8.214003e+00
    endloop
  endfacet
  facet normal -1.431493e-14 -1.000000e+00 -5.929437e-15
    outer loop
      vertex   -1.273334e+01 -3.048726e+01 8.214003e+00
      vertex   5.175256e-01 -3.048726e+01 1.516933e+01
      vertex   -1.288319e+01 -3.048726e+01 8.575774e+00
    endloop
  endfacet
  facet normal -1.250947e-14 -1.000000e+00 -9.598851e-15
    outer loop
      vertex   -1.288319e+01 -3.048726e+01 8.575774e+00
      vertex   5.175256e-01 -3.048726e+01 1.516933e+01
      vertex   -1.312157e+01 -3.048726e+01 8.886435e+00
    endloop
  endfacet
  facet normal -1.057979e-14 -1.000000e+00 -1.378785e-14
    outer loop
      vertex   -1.312157e+01 -3.048726e+01 8.886435e+00
      vertex   5.175256e-01 -3.048726e+01 1.516933e+01
      vertex   -1.343223e+01 -3.048726e+01 9.124813e+00
    endloop
  endfacet
  facet normal -8.090612e-15 -1.000000e+00 -1.953247e-14
    outer loop
      vertex   -1.343223e+01 -3.048726e+01 9.124813e+00
      vertex   5.175256e-01 -3.048726e+01 1.516933e+01
      vertex   -1.379400e+01 -3.048726e+01 9.274663e+00
    endloop
  endfacet
  facet normal -3.908312e-15 -1.000000e+00 -2.968658e-14
    outer loop
      vertex   -1.379400e+01 -3.048726e+01 9.274663e+00
      vertex   5.175256e-01 -3.048726e+01 1.516933e+01
      vertex   -1.418223e+01 -3.048726e+01 9.325774e+00
    endloop
  endfacet
  facet normal 1.136868e-14 -1.000000e+00 9.604092e-15
    outer loop
      vertex   1.532979e+01 -3.048726e+01 1.647286e+00
      vertex   8.017526e+00 -3.048726e+01 -6.713111e+00
      vertex   4.532979e+01 -3.048726e+01 1.647286e+00
    endloop
  endfacet
  facet normal 1.146434e-14 -1.000000e+00 9.177176e-15
    outer loop
      vertex   4.532979e+01 -3.048726e+01 1.647286e+00
      vertex   8.017526e+00 -3.048726e+01 -6.713111e+00
      vertex   5.264205e+01 -3.048726e+01 -6.713111e+00
    endloop
  endfacet
  facet normal 9.717139e-16 -1.000000e+00 7.257060e-30
    outer loop
      vertex   4.532979e+01 -3.048726e+01 1.647286e+00
      vertex   5.264205e+01 -3.048726e+01 -6.713111e+00
      vertex   5.264205e+01 -3.048726e+01 1.516933e+01
    endloop
  endfacet
  facet normal 9.580287e-17 -1.000000e+00 4.736630e-16
    outer loop
      vertex   4.532979e+01 -3.048726e+01 1.647286e+00
      vertex   5.264205e+01 -3.048726e+01 1.516933e+01
      vertex   4.532979e+01 -3.048726e+01 1.664830e+01
    endloop
  endfacet
  facet normal 1.278977e-14 -1.000000e+00 6.323444e-14
    outer loop
      vertex   4.532979e+01 -3.048726e+01 1.664830e+01
      vertex   5.264205e+01 -3.048726e+01 1.516933e+01
      vertex   6.014205e+01 -3.048726e+01 1.516933e+01
    endloop
  endfacet
  facet normal 2.254573e-14 -1.000000e+00 1.609425e-13
    outer loop
      vertex   4.532979e+01 -3.048726e+01 1.664830e+01
      vertex   6.014205e+01 -3.048726e+01 1.516933e+01
      vertex   8.816745e+01 -3.048726e+01 1.665161e+01
    endloop
  endfacet
  facet normal 3.198024e-14 -1.000000e+00 -1.743547e-14
    outer loop
      vertex   8.816745e+01 -3.048726e+01 1.665161e+01
      vertex   6.014205e+01 -3.048726e+01 1.516933e+01
      vertex   7.484181e+01 -3.048726e+01 9.325774e+00
    endloop
  endfacet
  facet normal 2.647597e-14 -1.000000e+00 -7.423245e-15
    outer loop
      vertex   8.816745e+01 -3.048726e+01 1.665161e+01
      vertex   7.484181e+01 -3.048726e+01 9.325774e+00
      vertex   7.523004e+01 -3.048726e+01 9.274663e+00
    endloop
  endfacet
  facet normal 4.046433e-14 -1.000000e+00 -1.623545e-16
    outer loop
      vertex   6.014205e+01 -3.048726e+01 -6.713111e+00
      vertex   7.354277e+01 -3.048726e+01 7.075774e+00
      vertex   6.014205e+01 -3.048726e+01 1.516933e+01
    endloop
  endfacet
  facet normal 5.409546e-14 -1.000000e+00 2.240707e-14
    outer loop
      vertex   6.014205e+01 -3.048726e+01 1.516933e+01
      vertex   7.354277e+01 -3.048726e+01 7.075774e+00
      vertex   7.339292e+01 -3.048726e+01 7.437546e+00
    endloop
  endfacet
  facet normal 3.286668e-14 -1.000000e+00 -1.397520e-14
    outer loop
      vertex   6.014205e+01 -3.048726e+01 1.516933e+01
      vertex   7.339292e+01 -3.048726e+01 7.437546e+00
      vertex   7.334181e+01 -3.048726e+01 7.825774e+00
    endloop
  endfacet
  facet normal 3.118484e-14 -1.000000e+00 8.438194e-15
    outer loop
      vertex   8.816745e+01 -3.048726e+01 -6.713111e+00
      vertex   7.484181e+01 -3.048726e+01 6.325774e+00
      vertex   6.014205e+01 -3.048726e+01 -6.713111e+00
    endloop
  endfacet
  facet normal 2.093447e-14 -1.000000e+00 1.999424e-14
    outer loop
      vertex   6.014205e+01 -3.048726e+01 -6.713111e+00
      vertex   7.484181e+01 -3.048726e+01 6.325774e+00
      vertex   7.445358e+01 -3.048726e+01 6.376886e+00
    endloop
  endfacet
  facet normal 3.250359e-14 -1.000000e+00 7.345509e-15
    outer loop
      vertex   6.014205e+01 -3.048726e+01 -6.713111e+00
      vertex   7.445358e+01 -3.048726e+01 6.376886e+00
      vertex   7.409181e+01 -3.048726e+01 6.526736e+00
    endloop
  endfacet
  facet normal 2.267081e-14 -1.000000e+00 -3.041092e-16
    outer loop
      vertex   8.816745e+01 -3.048726e+01 1.665161e+01
      vertex   7.629070e+01 -3.048726e+01 7.437546e+00
      vertex   8.816745e+01 -3.048726e+01 -6.713111e+00
    endloop
  endfacet
  facet normal 1.542207e-14 -1.000000e+00 -6.388030e-15
    outer loop
      vertex   8.816745e+01 -3.048726e+01 -6.713111e+00
      vertex   7.629070e+01 -3.048726e+01 7.437546e+00
      vertex   7.614085e+01 -3.048726e+01 7.075774e+00
    endloop
  endfacet
  facet normal 3.302616e-14 -1.000000e+00 8.966178e-15
    outer loop
      vertex   8.816745e+01 -3.048726e+01 -6.713111e+00
      vertex   7.614085e+01 -3.048726e+01 7.075774e+00
      vertex   7.590247e+01 -3.048726e+01 6.765114e+00
    endloop
  endfacet
  facet normal 1.148659e-14 -1.000000e+00 1.435359e-10
    outer loop
      vertex   8.816745e+01 -3.048726e+01 1.665161e+01
      vertex   -2.750788e+01 -3.048726e+01 1.665161e+01
      vertex   4.532979e+01 -3.048726e+01 1.664830e+01
    endloop
  endfacet
  facet normal 1.160553e-14 -1.000000e+00 1.461579e-10
    outer loop
      vertex   4.532979e+01 -3.048726e+01 1.664830e+01
      vertex   -2.750788e+01 -3.048726e+01 1.665161e+01
      vertex   1.532979e+01 -3.048726e+01 1.664830e+01
    endloop
  endfacet
  facet normal 4.429665e-14 -1.000000e+00 -3.077259e-14
    outer loop
      vertex   7.629070e+01 -3.048726e+01 8.214003e+00
      vertex   7.634181e+01 -3.048726e+01 7.825774e+00
      vertex   8.816745e+01 -3.048726e+01 1.665161e+01
    endloop
  endfacet
  facet normal -6.641339e-15 -1.000000e+00 3.747870e-14
    outer loop
      vertex   8.816745e+01 -3.048726e+01 1.665161e+01
      vertex   7.634181e+01 -3.048726e+01 7.825774e+00
      vertex   7.629070e+01 -3.048726e+01 7.437546e+00
    endloop
  endfacet
  facet normal 1.626182e-14 -1.000000e+00 -6.289116e-15
    outer loop
      vertex   7.590247e+01 -3.048726e+01 6.765114e+00
      vertex   7.559181e+01 -3.048726e+01 6.526736e+00
      vertex   8.816745e+01 -3.048726e+01 -6.713111e+00
    endloop
  endfacet
  facet normal 2.055615e-14 -1.000000e+00 -2.210216e-15
    outer loop
      vertex   8.816745e+01 -3.048726e+01 -6.713111e+00
      vertex   7.559181e+01 -3.048726e+01 6.526736e+00
      vertex   7.523004e+01 -3.048726e+01 6.376886e+00
    endloop
  endfacet
  facet normal 2.691663e-14 -1.000000e+00 4.076121e-15
    outer loop
      vertex   8.816745e+01 -3.048726e+01 -6.713111e+00
      vertex   7.523004e+01 -3.048726e+01 6.376886e+00
      vertex   7.484181e+01 -3.048726e+01 6.325774e+00
    endloop
  endfacet
  facet normal 2.397087e-14 -1.000000e+00 1.633575e-14
    outer loop
      vertex   7.409181e+01 -3.048726e+01 6.526736e+00
      vertex   7.378115e+01 -3.048726e+01 6.765114e+00
      vertex   6.014205e+01 -3.048726e+01 -6.713111e+00
    endloop
  endfacet
  facet normal 3.566913e-14 -1.000000e+00 4.497860e-15
    outer loop
      vertex   6.014205e+01 -3.048726e+01 -6.713111e+00
      vertex   7.378115e+01 -3.048726e+01 6.765114e+00
      vertex   7.354277e+01 -3.048726e+01 7.075774e+00
    endloop
  endfacet
  facet normal 4.735539e-14 -1.000000e+00 1.206772e-14
    outer loop
      vertex   7.334181e+01 -3.048726e+01 7.825774e+00
      vertex   7.339292e+01 -3.048726e+01 8.214003e+00
      vertex   6.014205e+01 -3.048726e+01 1.516933e+01
    endloop
  endfacet
  facet normal 3.369514e-14 -1.000000e+00 -1.395698e-14
    outer loop
      vertex   6.014205e+01 -3.048726e+01 1.516933e+01
      vertex   7.339292e+01 -3.048726e+01 8.214003e+00
      vertex   7.354277e+01 -3.048726e+01 8.575774e+00
    endloop
  endfacet
  facet normal 3.761474e-14 -1.000000e+00 -5.990783e-15
    outer loop
      vertex   6.014205e+01 -3.048726e+01 1.516933e+01
      vertex   7.354277e+01 -3.048726e+01 8.575774e+00
      vertex   7.378115e+01 -3.048726e+01 8.886435e+00
    endloop
  endfacet
  facet normal 2.951873e-14 -1.000000e+00 -2.356586e-14
    outer loop
      vertex   7.378115e+01 -3.048726e+01 8.886435e+00
      vertex   7.409181e+01 -3.048726e+01 9.124813e+00
      vertex   6.014205e+01 -3.048726e+01 1.516933e+01
    endloop
  endfacet
  facet normal 3.447980e-14 -1.000000e+00 -1.211651e-14
    outer loop
      vertex   6.014205e+01 -3.048726e+01 1.516933e+01
      vertex   7.409181e+01 -3.048726e+01 9.124813e+00
      vertex   7.445358e+01 -3.048726e+01 9.274663e+00
    endloop
  endfacet
  facet normal 2.342944e-14 -1.000000e+00 -3.894544e-14
    outer loop
      vertex   6.014205e+01 -3.048726e+01 1.516933e+01
      vertex   7.445358e+01 -3.048726e+01 9.274663e+00
      vertex   7.484181e+01 -3.048726e+01 9.325774e+00
    endloop
  endfacet
  facet normal 2.073574e-14 -1.000000e+00 2.643769e-15
    outer loop
      vertex   7.523004e+01 -3.048726e+01 9.274663e+00
      vertex   7.559181e+01 -3.048726e+01 9.124813e+00
      vertex   8.816745e+01 -3.048726e+01 1.665161e+01
    endloop
  endfacet
  facet normal 1.754951e-14 -1.000000e+00 7.967266e-15
    outer loop
      vertex   8.816745e+01 -3.048726e+01 1.665161e+01
      vertex   7.559181e+01 -3.048726e+01 9.124813e+00
      vertex   7.590247e+01 -3.048726e+01 8.886435e+00
    endloop
  endfacet
  facet normal 2.982535e-14 -1.000000e+00 -1.142225e-14
    outer loop
      vertex   8.816745e+01 -3.048726e+01 1.665161e+01
      vertex   7.590247e+01 -3.048726e+01 8.886435e+00
      vertex   7.614085e+01 -3.048726e+01 8.575774e+00
    endloop
  endfacet
  facet normal 1.733400e-14 -1.000000e+00 7.179979e-15
    outer loop
      vertex   7.614085e+01 -3.048726e+01 8.575774e+00
      vertex   7.629070e+01 -3.048726e+01 8.214003e+00
      vertex   8.816745e+01 -3.048726e+01 1.665161e+01
    endloop
  endfacet
  facet normal -2.094296e-02 -9.992090e-01 3.380539e-02
    outer loop
      vertex   -8.985437e+01 -2.542368e+01 2.171519e+01
      vertex   -9.119369e+01 -2.583757e+01 8.651985e+00
      vertex   -4.654183e+01 -2.636328e+01 2.077559e+01
    endloop
  endfacet
  facet normal -2.094296e-02 -9.992090e-01 3.380539e-02
    outer loop
      vertex   -4.654183e+01 -2.636328e+01 2.077559e+01
      vertex   -9.119369e+01 -2.583757e+01 8.651985e+00
      vertex   -4.580674e+01 -2.652257e+01 1.652283e+01
    endloop
  endfacet
  facet normal -9.666746e-01 1.810251e-01 1.810251e-01
    outer loop
      vertex   -7.150286e+01 6.690874e+01 1.140476e+02
      vertex   -7.132010e+01 6.739672e+01 1.145356e+02
      vertex   -7.150286e+01 7.511118e+01 1.058452e+02
    endloop
  endfacet
  facet normal -9.666746e-01 1.810251e-01 1.810251e-01
    outer loop
      vertex   -7.150286e+01 7.511118e+01 1.058452e+02
      vertex   -7.132010e+01 6.739672e+01 1.145356e+02
      vertex   -7.132010e+01 7.559915e+01 1.063332e+02
    endloop
  endfacet
  facet normal -8.788171e-01 3.374022e-01 3.374022e-01
    outer loop
      vertex   -7.132010e+01 7.559915e+01 1.063332e+02
      vertex   -7.132010e+01 6.739672e+01 1.145356e+02
      vertex   -7.097946e+01 6.784034e+01 1.149792e+02
    endloop
  endfacet
  facet normal -8.788171e-01 3.374022e-01 3.374022e-01
    outer loop
      vertex   -7.132010e+01 7.559915e+01 1.063332e+02
      vertex   -7.097946e+01 6.784034e+01 1.149792e+02
      vertex   -7.097946e+01 7.604277e+01 1.067768e+02
    endloop
  endfacet
  facet normal -7.411953e-01 4.746733e-01 4.746734e-01
    outer loop
      vertex   -7.097946e+01 7.604277e+01 1.067768e+02
      vertex   -7.097946e+01 6.784034e+01 1.149792e+02
      vertex   -7.050024e+01 6.821449e+01 1.153534e+02
    endloop
  endfacet
  facet normal -7.411953e-01 4.746733e-01 4.746734e-01
    outer loop
      vertex   -7.097946e+01 7.604277e+01 1.067768e+02
      vertex   -7.050024e+01 6.821449e+01 1.153534e+02
      vertex   -7.050024e+01 7.641693e+01 1.071509e+02
    endloop
  endfacet
  facet normal -5.616021e-01 5.850654e-01 5.850654e-01
    outer loop
      vertex   -7.050024e+01 7.641693e+01 1.071509e+02
      vertex   -7.050024e+01 6.821449e+01 1.153534e+02
      vertex   -6.990956e+01 6.849799e+01 1.156369e+02
    endloop
  endfacet
  facet normal -5.616021e-01 5.850654e-01 5.850654e-01
    outer loop
      vertex   -7.050024e+01 7.641693e+01 1.071509e+02
      vertex   -6.990956e+01 6.849799e+01 1.156369e+02
      vertex   -6.990956e+01 7.670042e+01 1.074344e+02
    endloop
  endfacet
  facet normal -3.502074e-01 6.623272e-01 6.623273e-01
    outer loop
      vertex   -6.990956e+01 7.670042e+01 1.074344e+02
      vertex   -6.990956e+01 6.849799e+01 1.156369e+02
      vertex   -6.924088e+01 6.867477e+01 1.158136e+02
    endloop
  endfacet
  facet normal -3.502074e-01 6.623272e-01 6.623273e-01
    outer loop
      vertex   -6.990956e+01 7.670042e+01 1.074344e+02
      vertex   -6.924088e+01 6.867477e+01 1.158136e+02
      vertex   -6.924088e+01 7.687720e+01 1.076112e+02
    endloop
  endfacet
  facet normal -1.189816e-01 7.020838e-01 7.020838e-01
    outer loop
      vertex   -6.924088e+01 7.687720e+01 1.076112e+02
      vertex   -6.924088e+01 6.867477e+01 1.158136e+02
      vertex   -6.853206e+01 6.873483e+01 1.158737e+02
    endloop
  endfacet
  facet normal -1.189816e-01 7.020838e-01 7.020838e-01
    outer loop
      vertex   -6.924088e+01 7.687720e+01 1.076112e+02
      vertex   -6.853206e+01 6.873483e+01 1.158737e+02
      vertex   -6.853206e+01 7.693727e+01 1.076713e+02
    endloop
  endfacet
  facet normal 1.189816e-01 7.020838e-01 7.020838e-01
    outer loop
      vertex   1.291916e+02 7.693727e+01 1.076713e+02
      vertex   1.291916e+02 6.873483e+01 1.158737e+02
      vertex   1.299005e+02 7.687720e+01 1.076112e+02
    endloop
  endfacet
  facet normal 1.189816e-01 7.020838e-01 7.020838e-01
    outer loop
      vertex   1.299005e+02 7.687720e+01 1.076112e+02
      vertex   1.291916e+02 6.873483e+01 1.158737e+02
      vertex   1.299005e+02 6.867477e+01 1.158136e+02
    endloop
  endfacet
  facet normal 3.502074e-01 6.623272e-01 6.623273e-01
    outer loop
      vertex   1.299005e+02 7.687720e+01 1.076112e+02
      vertex   1.299005e+02 6.867477e+01 1.158136e+02
      vertex   1.305691e+02 7.670042e+01 1.074344e+02
    endloop
  endfacet
  facet normal 3.502074e-01 6.623272e-01 6.623273e-01
    outer loop
      vertex   1.305691e+02 7.670042e+01 1.074344e+02
      vertex   1.299005e+02 6.867477e+01 1.158136e+02
      vertex   1.305691e+02 6.849799e+01 1.156369e+02
    endloop
  endfacet
  facet normal 5.616021e-01 5.850654e-01 5.850654e-01
    outer loop
      vertex   1.305691e+02 7.670042e+01 1.074344e+02
      vertex   1.305691e+02 6.849799e+01 1.156369e+02
      vertex   1.311598e+02 7.641693e+01 1.071509e+02
    endloop
  endfacet
  facet normal 5.616021e-01 5.850654e-01 5.850654e-01
    outer loop
      vertex   1.311598e+02 7.641693e+01 1.071509e+02
      vertex   1.305691e+02 6.849799e+01 1.156369e+02
      vertex   1.311598e+02 6.821449e+01 1.153534e+02
    endloop
  endfacet
  facet normal 7.411953e-01 4.746733e-01 4.746734e-01
    outer loop
      vertex   1.311598e+02 7.641693e+01 1.071509e+02
      vertex   1.311598e+02 6.821449e+01 1.153534e+02
      vertex   1.316390e+02 7.604277e+01 1.067768e+02
    endloop
  endfacet
  facet normal 7.411953e-01 4.746733e-01 4.746734e-01
    outer loop
      vertex   1.316390e+02 7.604277e+01 1.067768e+02
      vertex   1.311598e+02 6.821449e+01 1.153534e+02
      vertex   1.316390e+02 6.784034e+01 1.149792e+02
    endloop
  endfacet
  facet normal 8.788171e-01 3.374022e-01 3.374022e-01
    outer loop
      vertex   1.316390e+02 7.604277e+01 1.067768e+02
      vertex   1.316390e+02 6.784034e+01 1.149792e+02
      vertex   1.319797e+02 7.559915e+01 1.063332e+02
    endloop
  endfacet
  facet normal 8.788171e-01 3.374022e-01 3.374022e-01
    outer loop
      vertex   1.319797e+02 7.559915e+01 1.063332e+02
      vertex   1.316390e+02 6.784034e+01 1.149792e+02
      vertex   1.319797e+02 6.739672e+01 1.145356e+02
    endloop
  endfacet
  facet normal 9.666746e-01 1.810251e-01 1.810251e-01
    outer loop
      vertex   1.319797e+02 7.559915e+01 1.063332e+02
      vertex   1.319797e+02 6.739672e+01 1.145356e+02
      vertex   1.321624e+02 7.511118e+01 1.058452e+02
    endloop
  endfacet
  facet normal 9.666746e-01 1.810251e-01 1.810251e-01
    outer loop
      vertex   1.321624e+02 7.511118e+01 1.058452e+02
      vertex   1.319797e+02 6.739672e+01 1.145356e+02
      vertex   1.321624e+02 6.690874e+01 1.140476e+02
    endloop
  endfacet
  facet normal 9.773130e-01 2.117999e-01 6.996023e-15
    outer loop
      vertex   1.325690e+02 -2.086520e+01 -7.217382e+00
      vertex   1.325690e+02 -2.086520e+01 8.664160e+00
      vertex   1.325693e+02 -2.086633e+01 -7.217323e+00
    endloop
  endfacet
  facet normal 9.773130e-01 2.117999e-01 6.996049e-15
    outer loop
      vertex   1.325693e+02 -2.086633e+01 -7.217323e+00
      vertex   1.325690e+02 -2.086520e+01 8.664160e+00
      vertex   1.325693e+02 -2.086633e+01 8.664160e+00
    endloop
  endfacet
  facet normal -9.773130e-01 -2.117999e-01 -8.755691e-15
    outer loop
      vertex   1.384329e+02 -1.959440e+01 -7.283982e+00
      vertex   1.384332e+02 -1.959569e+01 -7.283915e+00
      vertex   1.384329e+02 -1.959440e+01 8.664160e+00
    endloop
  endfacet
  facet normal -9.773130e-01 -2.117999e-01 -8.755730e-15
    outer loop
      vertex   1.384329e+02 -1.959440e+01 8.664160e+00
      vertex   1.384332e+02 -1.959569e+01 -7.283915e+00
      vertex   1.384332e+02 -1.959569e+01 8.664160e+00
    endloop
  endfacet
  facet normal -9.773185e-01 -2.117746e-01 -6.990214e-15
    outer loop
      vertex   1.382083e+02 -1.855792e+01 -7.338302e+00
      vertex   1.384329e+02 -1.959440e+01 -7.283982e+00
      vertex   1.382083e+02 -1.855792e+01 8.664160e+00
    endloop
  endfacet
  facet normal -9.773185e-01 -2.117746e-01 -8.756512e-15
    outer loop
      vertex   1.382083e+02 -1.855792e+01 8.664160e+00
      vertex   1.384329e+02 -1.959440e+01 -7.283982e+00
      vertex   1.384329e+02 -1.959440e+01 8.664160e+00
    endloop
  endfacet
  facet normal 6.537619e-01 7.567003e-01 4.832649e-15
    outer loop
      vertex   1.323444e+02 -1.982856e+01 8.664160e+00
      vertex   1.323444e+02 -1.982856e+01 -7.271710e+00
      vertex   1.315183e+02 -1.911485e+01 8.664160e+00
    endloop
  endfacet
  facet normal 6.537619e-01 7.567003e-01 6.152893e-15
    outer loop
      vertex   1.315183e+02 -1.911485e+01 8.664160e+00
      vertex   1.323444e+02 -1.982856e+01 -7.271710e+00
      vertex   1.315183e+02 -1.911485e+01 -7.309114e+00
    endloop
  endfacet
  facet normal 8.266966e-01 5.626480e-01 7.605110e-15
    outer loop
      vertex   1.315183e+02 -1.911485e+01 8.664160e+00
      vertex   1.315183e+02 -1.911485e+01 -7.309114e+00
      vertex   1.309041e+02 -1.821235e+01 8.664160e+00
    endloop
  endfacet
  facet normal 8.266966e-01 5.626480e-01 5.991262e-15
    outer loop
      vertex   1.309041e+02 -1.821235e+01 8.664160e+00
      vertex   1.315183e+02 -1.911485e+01 -7.309114e+00
      vertex   1.309041e+02 -1.821235e+01 -7.356412e+00
    endloop
  endfacet
  facet normal 9.437774e-01 3.305818e-01 6.770640e-15
    outer loop
      vertex   1.309041e+02 -1.821235e+01 8.664160e+00
      vertex   1.309041e+02 -1.821235e+01 -7.356412e+00
      vertex   1.305432e+02 -1.718203e+01 8.664160e+00
    endloop
  endfacet
  facet normal 9.437774e-01 3.305818e-01 6.747896e-15
    outer loop
      vertex   1.305432e+02 -1.718203e+01 8.664160e+00
      vertex   1.309041e+02 -1.821235e+01 -7.356412e+00
      vertex   1.305432e+02 -1.718203e+01 -7.410409e+00
    endloop
  endfacet
  facet normal 9.970940e-01 7.618054e-02 7.068750e-15
    outer loop
      vertex   1.305432e+02 -1.718203e+01 8.664160e+00
      vertex   1.305432e+02 -1.718203e+01 -7.410409e+00
      vertex   1.304600e+02 -1.609350e+01 8.664160e+00
    endloop
  endfacet
  facet normal 9.970940e-01 7.618054e-02 7.060530e-15
    outer loop
      vertex   1.304600e+02 -1.609350e+01 8.664160e+00
      vertex   1.305432e+02 -1.718203e+01 -7.410409e+00
      vertex   1.304600e+02 -1.609350e+01 -7.467456e+00
    endloop
  endfacet
  facet normal 9.830444e-01 -1.833677e-01 6.847194e-15
    outer loop
      vertex   1.304600e+02 -1.609350e+01 8.664160e+00
      vertex   1.304600e+02 -1.609350e+01 -7.467456e+00
      vertex   1.306602e+02 -1.502032e+01 8.664160e+00
    endloop
  endfacet
  facet normal 9.830444e-01 -1.833677e-01 8.569498e-15
    outer loop
      vertex   1.306602e+02 -1.502032e+01 8.664160e+00
      vertex   1.304600e+02 -1.609350e+01 -7.467456e+00
      vertex   1.306602e+02 -1.502032e+01 -7.523700e+00
    endloop
  endfacet
  facet normal 9.025777e-01 -4.305270e-01 7.781739e-15
    outer loop
      vertex   1.306602e+02 -1.502032e+01 8.664160e+00
      vertex   1.306602e+02 -1.502032e+01 -7.523700e+00
      vertex   1.311302e+02 -1.403497e+01 8.664160e+00
    endloop
  endfacet
  facet normal 9.025777e-01 -4.305270e-01 6.083153e-15
    outer loop
      vertex   1.311302e+02 -1.403497e+01 8.664160e+00
      vertex   1.306602e+02 -1.502032e+01 -7.523700e+00
      vertex   1.311302e+02 -1.403497e+01 -7.575339e+00
    endloop
  endfacet
  facet normal 7.611304e-01 -6.485989e-01 4.973663e-15
    outer loop
      vertex   1.311302e+02 -1.403497e+01 8.664160e+00
      vertex   1.311302e+02 -1.403497e+01 -7.575339e+00
      vertex   1.318383e+02 -1.320405e+01 8.664160e+00
    endloop
  endfacet
  facet normal 7.611304e-01 -6.485989e-01 6.501170e-15
    outer loop
      vertex   1.318383e+02 -1.320405e+01 8.664160e+00
      vertex   1.311302e+02 -1.403497e+01 -7.575339e+00
      vertex   1.318383e+02 -1.320405e+01 -7.618886e+00
    endloop
  endfacet
  facet normal 5.682591e-01 -8.228497e-01 4.779888e-15
    outer loop
      vertex   1.318383e+02 -1.320405e+01 8.664160e+00
      vertex   1.318383e+02 -1.320405e+01 -7.618886e+00
      vertex   1.327366e+02 -1.258368e+01 8.664160e+00
    endloop
  endfacet
  facet normal 5.682591e-01 -8.228497e-01 4.770363e-15
    outer loop
      vertex   1.327366e+02 -1.258368e+01 8.664160e+00
      vertex   1.318383e+02 -1.320405e+01 -7.618886e+00
      vertex   1.327366e+02 -1.258368e+01 -7.651398e+00
    endloop
  endfacet
  facet normal 3.369948e-01 -9.415065e-01 2.730212e-15
    outer loop
      vertex   1.327366e+02 -1.258368e+01 8.664160e+00
      vertex   1.327366e+02 -1.258368e+01 -7.651398e+00
      vertex   1.337644e+02 -1.221578e+01 8.664160e+00
    endloop
  endfacet
  facet normal 3.369948e-01 -9.415065e-01 2.624604e-15
    outer loop
      vertex   1.337644e+02 -1.221578e+01 8.664160e+00
      vertex   1.327366e+02 -1.258368e+01 -7.651398e+00
      vertex   1.337644e+02 -1.221578e+01 -7.670679e+00
    endloop
  endfacet
  facet normal 8.296215e-02 -9.965527e-01 3.966327e-16
    outer loop
      vertex   1.337644e+02 -1.221578e+01 8.664160e+00
      vertex   1.337644e+02 -1.221578e+01 -7.670679e+00
      vertex   1.348524e+02 -1.212521e+01 8.664160e+00
    endloop
  endfacet
  facet normal 8.296215e-02 -9.965527e-01 4.688902e-16
    outer loop
      vertex   1.348524e+02 -1.212521e+01 8.664160e+00
      vertex   1.337644e+02 -1.221578e+01 -7.670679e+00
      vertex   1.348524e+02 -1.212521e+01 -7.675425e+00
    endloop
  endfacet
  facet normal -1.766756e-01 -9.842691e-01 -1.336270e-15
    outer loop
      vertex   1.348524e+02 -1.212521e+01 8.664160e+00
      vertex   1.348524e+02 -1.212521e+01 -7.675425e+00
      vertex   1.359269e+02 -1.231809e+01 -7.665317e+00
    endloop
  endfacet
  facet normal -1.766756e-01 -9.842691e-01 -1.644142e-15
    outer loop
      vertex   1.348524e+02 -1.212521e+01 8.664160e+00
      vertex   1.359269e+02 -1.231809e+01 -7.665317e+00
      vertex   1.359269e+02 -1.231809e+01 8.664160e+00
    endloop
  endfacet
  facet normal -4.243767e-01 -9.054857e-01 -3.791672e-15
    outer loop
      vertex   1.359269e+02 -1.231809e+01 8.664160e+00
      vertex   1.359269e+02 -1.231809e+01 -7.665317e+00
      vertex   1.369154e+02 -1.278138e+01 -7.641037e+00
    endloop
  endfacet
  facet normal -4.243767e-01 -9.054857e-01 -2.959496e-15
    outer loop
      vertex   1.359269e+02 -1.231809e+01 8.664160e+00
      vertex   1.369154e+02 -1.278138e+01 -7.641037e+00
      vertex   1.369154e+02 -1.278138e+01 8.664160e+00
    endloop
  endfacet
  facet normal -6.434058e-01 -7.655253e-01 -4.486102e-15
    outer loop
      vertex   1.369154e+02 -1.278138e+01 8.664160e+00
      vertex   1.369154e+02 -1.278138e+01 -7.641037e+00
      vertex   1.377511e+02 -1.348379e+01 -7.604226e+00
    endloop
  endfacet
  facet normal -6.434058e-01 -7.655253e-01 -5.619825e-15
    outer loop
      vertex   1.369154e+02 -1.278138e+01 8.664160e+00
      vertex   1.377511e+02 -1.348379e+01 -7.604226e+00
      vertex   1.377511e+02 -1.348379e+01 8.664160e+00
    endloop
  endfacet
  facet normal -8.189647e-01 -5.738440e-01 -7.153868e-15
    outer loop
      vertex   1.377511e+02 -1.348379e+01 8.664160e+00
      vertex   1.377511e+02 -1.348379e+01 -7.604226e+00
      vertex   1.383776e+02 -1.437785e+01 -7.557370e+00
    endloop
  endfacet
  facet normal -8.189647e-01 -5.738440e-01 -7.109332e-15
    outer loop
      vertex   1.377511e+02 -1.348379e+01 8.664160e+00
      vertex   1.383776e+02 -1.437785e+01 -7.557370e+00
      vertex   1.383776e+02 -1.437785e+01 8.664160e+00
    endloop
  endfacet
  facet normal -9.391921e-01 -3.433922e-01 -8.190179e-15
    outer loop
      vertex   1.383776e+02 -1.437785e+01 8.664160e+00
      vertex   1.383776e+02 -1.437785e+01 -7.557370e+00
      vertex   1.387525e+02 -1.540316e+01 -7.503635e+00
    endloop
  endfacet
  facet normal -9.391921e-01 -3.433922e-01 -6.601448e-15
    outer loop
      vertex   1.383776e+02 -1.437785e+01 8.664160e+00
      vertex   1.387525e+02 -1.540316e+01 -7.503635e+00
      vertex   1.387525e+02 -1.540316e+01 8.664160e+00
    endloop
  endfacet
  facet normal -9.959652e-01 -8.973992e-02 -7.003313e-15
    outer loop
      vertex   1.387525e+02 -1.540316e+01 8.664160e+00
      vertex   1.387525e+02 -1.540316e+01 -7.503635e+00
      vertex   1.388504e+02 -1.649046e+01 -7.446653e+00
    endloop
  endfacet
  facet normal -9.959652e-01 -8.973992e-02 -7.008271e-15
    outer loop
      vertex   1.387525e+02 -1.540316e+01 8.664160e+00
      vertex   1.388504e+02 -1.649046e+01 -7.446653e+00
      vertex   1.388504e+02 -1.649046e+01 8.664160e+00
    endloop
  endfacet
  facet normal -9.854483e-01 1.699754e-01 -6.991353e-15
    outer loop
      vertex   1.388504e+02 -1.649046e+01 8.664160e+00
      vertex   1.388504e+02 -1.649046e+01 -7.446653e+00
      vertex   1.386649e+02 -1.756627e+01 -7.390272e+00
    endloop
  endfacet
  facet normal -9.854483e-01 1.699754e-01 -8.760619e-15
    outer loop
      vertex   1.388504e+02 -1.649046e+01 8.664160e+00
      vertex   1.386649e+02 -1.756627e+01 -7.390272e+00
      vertex   1.386649e+02 -1.756627e+01 8.664160e+00
    endloop
  endfacet
  facet normal -9.083519e-01 4.182067e-01 -8.132977e-15
    outer loop
      vertex   1.386649e+02 -1.756627e+01 8.664160e+00
      vertex   1.386649e+02 -1.756627e+01 -7.390272e+00
      vertex   1.382083e+02 -1.855792e+01 -7.338302e+00
    endloop
  endfacet
  facet normal -9.083519e-01 4.182067e-01 -6.361431e-15
    outer loop
      vertex   1.386649e+02 -1.756627e+01 8.664160e+00
      vertex   1.382083e+02 -1.855792e+01 -7.338302e+00
      vertex   1.382083e+02 -1.855792e+01 8.664160e+00
    endloop
  endfacet
  facet normal 9.773185e-01 2.117746e-01 7.019424e-15
    outer loop
      vertex   1.323444e+02 -1.982856e+01 -7.271710e+00
      vertex   1.323444e+02 -1.982856e+01 8.664160e+00
      vertex   1.325690e+02 -2.086520e+01 -7.217382e+00
    endloop
  endfacet
  facet normal 9.773185e-01 2.117746e-01 6.996062e-15
    outer loop
      vertex   1.325690e+02 -2.086520e+01 -7.217382e+00
      vertex   1.323444e+02 -1.982856e+01 8.664160e+00
      vertex   1.325690e+02 -2.086520e+01 8.664160e+00
    endloop
  endfacet
  facet normal 2.926073e-13 -1.314006e-12 -1.000000e+00
    outer loop
      vertex   1.384332e+02 -1.959569e+01 8.664160e+00
      vertex   1.325693e+02 -2.086633e+01 8.664160e+00
      vertex   1.384329e+02 -1.959440e+01 8.664160e+00
    endloop
  endfacet
  facet normal 3.307503e-13 -1.489845e-12 -1.000000e+00
    outer loop
      vertex   1.384329e+02 -1.959440e+01 8.664160e+00
      vertex   1.325693e+02 -2.086633e+01 8.664160e+00
      vertex   1.325690e+02 -2.086520e+01 8.664160e+00
    endloop
  endfacet
  facet normal 8.232469e-15 -1.643783e-15 -1.000000e+00
    outer loop
      vertex   1.384329e+02 -1.959440e+01 8.664160e+00
      vertex   1.325690e+02 -2.086520e+01 8.664160e+00
      vertex   1.382083e+02 -1.855792e+01 8.664160e+00
    endloop
  endfacet
  facet normal 9.520294e-15 -4.791392e-15 -1.000000e+00
    outer loop
      vertex   1.382083e+02 -1.855792e+01 8.664160e+00
      vertex   1.325690e+02 -2.086520e+01 8.664160e+00
      vertex   1.323444e+02 -1.982856e+01 8.664160e+00
    endloop
  endfacet
  facet normal 2.000019e-13 -8.838452e-13 -1.000000e+00
    outer loop
      vertex   1.382083e+02 -1.855792e+01 8.664160e+00
      vertex   1.323444e+02 -1.982856e+01 8.664160e+00
      vertex   1.386649e+02 -1.756627e+01 8.664160e+00
    endloop
  endfacet
  facet normal -1.240102e-13 2.138994e-14 -1.000000e+00
    outer loop
      vertex   1.386649e+02 -1.756627e+01 8.664160e+00
      vertex   1.323444e+02 -1.982856e+01 8.664160e+00
      vertex   1.388504e+02 -1.649046e+01 8.664160e+00
    endloop
  endfacet
  facet normal -1.080407e-13 -9.734840e-15 -1.000000e+00
    outer loop
      vertex   1.388504e+02 -1.649046e+01 8.664160e+00
      vertex   1.323444e+02 -1.982856e+01 8.664160e+00
      vertex   1.387525e+02 -1.540316e+01 8.664160e+00
    endloop
  endfacet
  facet normal -9.162757e-14 -3.350134e-14 -1.000000e+00
    outer loop
      vertex   1.387525e+02 -1.540316e+01 8.664160e+00
      vertex   1.323444e+02 -1.982856e+01 8.664160e+00
      vertex   1.383776e+02 -1.437785e+01 8.664160e+00
    endloop
  endfacet
  facet normal -7.464242e-14 -5.230152e-14 -1.000000e+00
    outer loop
      vertex   1.383776e+02 -1.437785e+01 8.664160e+00
      vertex   1.323444e+02 -1.982856e+01 8.664160e+00
      vertex   1.377511e+02 -1.348379e+01 8.664160e+00
    endloop
  endfacet
  facet normal -5.676339e-14 -6.753718e-14 -1.000000e+00
    outer loop
      vertex   1.377511e+02 -1.348379e+01 8.664160e+00
      vertex   1.323444e+02 -1.982856e+01 8.664160e+00
      vertex   1.369154e+02 -1.278138e+01 8.664160e+00
    endloop
  endfacet
  facet normal -3.612869e-14 -8.092140e-14 -1.000000e+00
    outer loop
      vertex   1.369154e+02 -1.278138e+01 8.664160e+00
      vertex   1.323444e+02 -1.982856e+01 8.664160e+00
      vertex   1.359269e+02 -1.231809e+01 8.664160e+00
    endloop
  endfacet
  facet normal -1.622915e-14 -9.041343e-14 -1.000000e+00
    outer loop
      vertex   1.359269e+02 -1.231809e+01 8.664160e+00
      vertex   1.323444e+02 -1.982856e+01 8.664160e+00
      vertex   1.348524e+02 -1.212521e+01 8.664160e+00
    endloop
  endfacet
  facet normal 8.188637e-15 -9.836303e-14 -1.000000e+00
    outer loop
      vertex   1.348524e+02 -1.212521e+01 8.664160e+00
      vertex   1.323444e+02 -1.982856e+01 8.664160e+00
      vertex   1.337644e+02 -1.221578e+01 8.664160e+00
    endloop
  endfacet
  facet normal 3.714017e-14 -1.037634e-13 -1.000000e+00
    outer loop
      vertex   1.337644e+02 -1.221578e+01 8.664160e+00
      vertex   1.323444e+02 -1.982856e+01 8.664160e+00
      vertex   1.327366e+02 -1.258368e+01 8.664160e+00
    endloop
  endfacet
  facet normal 7.299940e-14 -1.057045e-13 -1.000000e+00
    outer loop
      vertex   1.327366e+02 -1.258368e+01 8.664160e+00
      vertex   1.323444e+02 -1.982856e+01 8.664160e+00
      vertex   1.318383e+02 -1.320405e+01 8.664160e+00
    endloop
  endfacet
  facet normal 8.525141e-13 -4.614755e-14 -1.000000e+00
    outer loop
      vertex   1.318383e+02 -1.320405e+01 8.664160e+00
      vertex   1.323444e+02 -1.982856e+01 8.664160e+00
      vertex   1.315183e+02 -1.911485e+01 8.664160e+00
    endloop
  endfacet
  facet normal 0.000000e+00 0.000000e+00 -1.000000e+00
    outer loop
      vertex   1.318383e+02 -1.320405e+01 8.664160e+00
      vertex   1.315183e+02 -1.911485e+01 8.664160e+00
      vertex   1.311302e+02 -1.403497e+01 8.664160e+00
    endloop
  endfacet
  facet normal 0.000000e+00 -0.000000e+00 -1.000000e+00
    outer loop
      vertex   1.311302e+02 -1.403497e+01 8.664160e+00
      vertex   1.315183e+02 -1.911485e+01 8.664160e+00
      vertex   1.309041e+02 -1.821235e+01 8.664160e+00
    endloop
  endfacet
  facet normal 0.000000e+00 0.000000e+00 -1.000000e+00
    outer loop
      vertex   1.311302e+02 -1.403497e+01 8.664160e+00
      vertex   1.309041e+02 -1.821235e+01 8.664160e+00
      vertex   1.305432e+02 -1.718203e+01 8.664160e+00
    endloop
  endfacet
  facet normal 0.000000e+00 0.000000e+00 -1.000000e+00
    outer loop
      vertex   1.305432e+02 -1.718203e+01 8.664160e+00
      vertex   1.304600e+02 -1.609350e+01 8.664160e+00
      vertex   1.311302e+02 -1.403497e+01 8.664160e+00
    endloop
  endfacet
  facet normal 0.000000e+00 0.000000e+00 -1.000000e+00
    outer loop
      vertex   1.311302e+02 -1.403497e+01 8.664160e+00
      vertex   1.304600e+02 -1.609350e+01 8.664160e+00
      vertex   1.306602e+02 -1.502032e+01 8.664160e+00
    endloop
  endfacet
  facet normal 2.117746e-01 -9.773185e-01 1.515978e-15
    outer loop
      vertex   1.325693e+02 -2.086633e+01 -7.217323e+00
      vertex   1.325693e+02 -2.086633e+01 8.664160e+00
      vertex   8.869732e+01 -3.037292e+01 -6.719104e+00
    endloop
  endfacet
  facet normal 2.117746e-01 -9.773185e-01 2.333600e-14
    outer loop
      vertex   8.869732e+01 -3.037292e+01 -6.719104e+00
      vertex   1.325693e+02 -2.086633e+01 8.664160e+00
      vertex   1.064663e+02 -2.652257e+01 1.652283e+01
    endloop
  endfacet
  facet normal 2.117746e-01 -9.773185e-01 1.261753e-15
    outer loop
      vertex   8.869732e+01 -3.037292e+01 -6.719104e+00
      vertex   1.064663e+02 -2.652257e+01 1.652283e+01
      vertex   8.869732e+01 -3.037292e+01 1.676595e+01
    endloop
  endfacet
  facet normal 2.117746e-01 -9.773185e-01 5.317351e-15
    outer loop
      vertex   8.869732e+01 -3.037292e+01 1.676595e+01
      vertex   1.064663e+02 -2.652257e+01 1.652283e+01
      vertex   1.072014e+02 -2.636328e+01 2.077559e+01
    endloop
  endfacet
  facet normal 2.117746e-01 -9.773185e-01 9.614140e-14
    outer loop
      vertex   1.325693e+02 -2.086633e+01 8.664160e+00
      vertex   1.384332e+02 -1.959569e+01 8.664160e+00
      vertex   1.064663e+02 -2.652257e+01 1.652283e+01
    endloop
  endfacet
  facet normal 2.117746e-01 -9.773185e-01 4.621944e-13
    outer loop
      vertex   1.064663e+02 -2.652257e+01 1.652283e+01
      vertex   1.384332e+02 -1.959569e+01 8.664160e+00
      vertex   1.509811e+02 -1.687668e+01 8.467104e+00
    endloop
  endfacet
  facet normal 2.117746e-01 -9.773185e-01 -6.630124e-14
    outer loop
      vertex   1.509811e+02 -1.687668e+01 8.467104e+00
      vertex   1.384332e+02 -1.959569e+01 8.664160e+00
      vertex   1.511024e+02 -1.685040e+01 7.220644e+00
    endloop
  endfacet
  facet normal 2.117746e-01 -9.773185e-01 1.684089e-15
    outer loop
      vertex   1.511024e+02 -1.685040e+01 7.220644e+00
      vertex   1.384332e+02 -1.959569e+01 8.664160e+00
      vertex   1.384332e+02 -1.959569e+01 -7.283915e+00
    endloop
  endfacet
  facet normal 2.117746e-01 -9.773185e-01 2.667756e-15
    outer loop
      vertex   1.511024e+02 -1.685040e+01 7.220644e+00
      vertex   1.384332e+02 -1.959569e+01 -7.283915e+00
      vertex   1.498505e+02 -1.712168e+01 -7.413572e+00
    endloop
  endfacet
  facet normal 2.117746e-01 -9.773185e-01 -9.954074e-14
    outer loop
      vertex   1.498441e+02 -1.712306e+01 -8.414872e+00
      vertex   1.511024e+02 -1.685040e+01 -8.429161e+00
      vertex   1.498505e+02 -1.712168e+01 -7.413572e+00
    endloop
  endfacet
  facet normal 2.117746e-01 -9.773185e-01 1.982628e-15
    outer loop
      vertex   1.498505e+02 -1.712168e+01 -7.413572e+00
      vertex   1.511024e+02 -1.685040e+01 -8.429161e+00
      vertex   1.511024e+02 -1.685040e+01 7.220644e+00
    endloop
  endfacet
  facet normal 9.773130e-01 -2.117999e-01 0.000000e+00
    outer loop
      vertex   -7.777334e+01 -1.959440e+01 -7.283982e+00
      vertex   -7.777334e+01 -1.959440e+01 8.664160e+00
      vertex   -7.777362e+01 -1.959569e+01 -7.283915e+00
    endloop
  endfacet
  facet normal 9.773130e-01 -2.117999e-01 0.000000e+00
    outer loop
      vertex   -7.777362e+01 -1.959569e+01 -7.283915e+00
      vertex   -7.777334e+01 -1.959440e+01 8.664160e+00
      vertex   -7.777362e+01 -1.959569e+01 8.664160e+00
    endloop
  endfacet
  facet normal -9.773130e-01 2.117999e-01 0.000000e+00
    outer loop
      vertex   -7.190946e+01 -2.086520e+01 -7.217382e+00
      vertex   -7.190970e+01 -2.086633e+01 -7.217323e+00
      vertex   -7.190946e+01 -2.086520e+01 8.664160e+00
    endloop
  endfacet
  facet normal -9.773130e-01 2.117999e-01 0.000000e+00
    outer loop
      vertex   -7.190946e+01 -2.086520e+01 8.664160e+00
      vertex   -7.190970e+01 -2.086633e+01 -7.217323e+00
      vertex   -7.190970e+01 -2.086633e+01 8.664160e+00
    endloop
  endfacet
  facet normal -9.773185e-01 2.117746e-01 0.000000e+00
    outer loop
      vertex   -7.168483e+01 -1.982856e+01 -7.271710e+00
      vertex   -7.190946e+01 -2.086520e+01 -7.217382e+00
      vertex   -7.168483e+01 -1.982856e+01 8.664160e+00
    endloop
  endfacet
  facet normal -9.773185e-01 2.117746e-01 0.000000e+00
    outer loop
      vertex   -7.168483e+01 -1.982856e+01 8.664160e+00
      vertex   -7.190946e+01 -2.086520e+01 -7.217382e+00
      vertex   -7.190946e+01 -2.086520e+01 8.664160e+00
    endloop
  endfacet
  facet normal 9.083519e-01 4.182067e-01 0.000000e+00
    outer loop
      vertex   -7.754874e+01 -1.855792e+01 8.664160e+00
      vertex   -7.754874e+01 -1.855792e+01 -7.338302e+00
      vertex   -7.800530e+01 -1.756627e+01 8.664160e+00
    endloop
  endfacet
  facet normal 9.083519e-01 4.182067e-01 2.776371e-16
    outer loop
      vertex   -7.800530e+01 -1.756627e+01 8.664160e+00
      vertex   -7.754874e+01 -1.855792e+01 -7.338302e+00
      vertex   -7.800530e+01 -1.756627e+01 -7.390272e+00
    endloop
  endfacet
  facet normal 9.854483e-01 1.699754e-01 1.128425e-16
    outer loop
      vertex   -7.800530e+01 -1.756627e+01 8.664160e+00
      vertex   -7.800530e+01 -1.756627e+01 -7.390272e+00
      vertex   -7.819086e+01 -1.649046e+01 8.664160e+00
    endloop
  endfacet
  facet normal 9.854483e-01 1.699754e-01 -7.567862e-16
    outer loop
      vertex   -7.819086e+01 -1.649046e+01 8.664160e+00
      vertex   -7.800530e+01 -1.756627e+01 -7.390272e+00
      vertex   -7.819086e+01 -1.649046e+01 -7.446653e+00
    endloop
  endfacet
  facet normal 9.959652e-01 -8.973992e-02 -9.378781e-16
    outer loop
      vertex   -7.819086e+01 -1.649046e+01 8.664160e+00
      vertex   -7.819086e+01 -1.649046e+01 -7.446653e+00
      vertex   -7.809289e+01 -1.540316e+01 8.664160e+00
    endloop
  endfacet
  facet normal 9.959652e-01 -8.973992e-02 -5.915839e-17
    outer loop
      vertex   -7.809289e+01 -1.540316e+01 8.664160e+00
      vertex   -7.819086e+01 -1.649046e+01 -7.446653e+00
      vertex   -7.809289e+01 -1.540316e+01 -7.503635e+00
    endloop
  endfacet
  facet normal 9.391921e-01 -3.433922e-01 -2.263711e-16
    outer loop
      vertex   -7.809289e+01 -1.540316e+01 8.664160e+00
      vertex   -7.809289e+01 -1.540316e+01 -7.503635e+00
      vertex   -7.771801e+01 -1.437785e+01 8.664160e+00
    endloop
  endfacet
  facet normal 9.391921e-01 -3.433922e-01 6.347606e-16
    outer loop
      vertex   -7.771801e+01 -1.437785e+01 8.664160e+00
      vertex   -7.809289e+01 -1.540316e+01 -7.503635e+00
      vertex   -7.771801e+01 -1.437785e+01 -7.557370e+00
    endloop
  endfacet
  facet normal 8.189647e-01 -5.738440e-01 4.032560e-16
    outer loop
      vertex   -7.771801e+01 -1.437785e+01 8.664160e+00
      vertex   -7.771801e+01 -1.437785e+01 -7.557370e+00
      vertex   -7.709154e+01 -1.348379e+01 8.664160e+00
    endloop
  endfacet
  facet normal 8.189647e-01 -5.738440e-01 -3.759506e-16
    outer loop
      vertex   -7.709154e+01 -1.348379e+01 8.664160e+00
      vertex   -7.771801e+01 -1.437785e+01 -7.557370e+00
      vertex   -7.709154e+01 -1.348379e+01 -7.604226e+00
    endloop
  endfacet
  facet normal 6.434058e-01 -7.655253e-01 -5.015296e-16
    outer loop
      vertex   -7.709154e+01 -1.348379e+01 8.664160e+00
      vertex   -7.709154e+01 -1.348379e+01 -7.604226e+00
      vertex   -7.625582e+01 -1.278138e+01 8.664160e+00
    endloop
  endfacet
  facet normal 6.434058e-01 -7.655253e-01 -3.335982e-16
    outer loop
      vertex   -7.625582e+01 -1.278138e+01 8.664160e+00
      vertex   -7.709154e+01 -1.348379e+01 -7.604226e+00
      vertex   -7.625582e+01 -1.278138e+01 -7.641037e+00
    endloop
  endfacet
  facet normal 4.243767e-01 -9.054857e-01 -3.945897e-16
    outer loop
      vertex   -7.625582e+01 -1.278138e+01 8.664160e+00
      vertex   -7.625582e+01 -1.278138e+01 -7.641037e+00
      vertex   -7.526730e+01 -1.231809e+01 8.664160e+00
    endloop
  endfacet
  facet normal 4.243767e-01 -9.054857e-01 7.381489e-17
    outer loop
      vertex   -7.526730e+01 -1.231809e+01 8.664160e+00
      vertex   -7.625582e+01 -1.278138e+01 -7.641037e+00
      vertex   -7.526730e+01 -1.231809e+01 -7.665317e+00
    endloop
  endfacet
  facet normal 1.766756e-01 -9.842691e-01 -1.674596e-16
    outer loop
      vertex   -7.526730e+01 -1.231809e+01 8.664160e+00
      vertex   -7.526730e+01 -1.231809e+01 -7.665317e+00
      vertex   -7.419278e+01 -1.212521e+01 8.664160e+00
    endloop
  endfacet
  facet normal 1.766756e-01 -9.842691e-01 4.665347e-17
    outer loop
      vertex   -7.419278e+01 -1.212521e+01 8.664160e+00
      vertex   -7.526730e+01 -1.231809e+01 -7.665317e+00
      vertex   -7.419278e+01 -1.212521e+01 -7.675425e+00
    endloop
  endfacet
  facet normal -8.296215e-02 -9.965527e-01 -1.804939e-16
    outer loop
      vertex   -7.419278e+01 -1.212521e+01 8.664160e+00
      vertex   -7.419278e+01 -1.212521e+01 -7.675425e+00
      vertex   -7.310484e+01 -1.221578e+01 -7.670679e+00
    endloop
  endfacet
  facet normal -8.296215e-02 -9.965527e-01 3.657637e-17
    outer loop
      vertex   -7.419278e+01 -1.212521e+01 8.664160e+00
      vertex   -7.310484e+01 -1.221578e+01 -7.670679e+00
      vertex   -7.310484e+01 -1.221578e+01 8.664160e+00
    endloop
  endfacet
  facet normal -3.369948e-01 -9.415065e-01 -1.907905e-16
    outer loop
      vertex   -7.310484e+01 -1.221578e+01 8.664160e+00
      vertex   -7.310484e+01 -1.221578e+01 -7.670679e+00
      vertex   -7.207700e+01 -1.258368e+01 -7.651398e+00
    endloop
  endfacet
  facet normal -3.369948e-01 -9.415065e-01 1.246624e-17
    outer loop
      vertex   -7.310484e+01 -1.221578e+01 8.664160e+00
      vertex   -7.207700e+01 -1.258368e+01 -7.651398e+00
      vertex   -7.207700e+01 -1.258368e+01 8.664160e+00
    endloop
  endfacet
  facet normal -5.682591e-01 -8.228497e-01 -2.261905e-16
    outer loop
      vertex   -7.207700e+01 -1.258368e+01 8.664160e+00
      vertex   -7.207700e+01 -1.258368e+01 -7.651398e+00
      vertex   -7.117870e+01 -1.320405e+01 -7.618886e+00
    endloop
  endfacet
  facet normal -5.682591e-01 -8.228497e-01 3.559974e-16
    outer loop
      vertex   -7.207700e+01 -1.258368e+01 8.664160e+00
      vertex   -7.117870e+01 -1.320405e+01 -7.618886e+00
      vertex   -7.117870e+01 -1.320405e+01 8.664160e+00
    endloop
  endfacet
  facet normal -7.611304e-01 -6.485989e-01 2.830289e-16
    outer loop
      vertex   -7.117870e+01 -1.320405e+01 8.664160e+00
      vertex   -7.117870e+01 -1.320405e+01 -7.618886e+00
      vertex   -7.047063e+01 -1.403497e+01 -7.575339e+00
    endloop
  endfacet
  facet normal -7.611304e-01 -6.485989e-01 4.258375e-16
    outer loop
      vertex   -7.117870e+01 -1.320405e+01 8.664160e+00
      vertex   -7.047063e+01 -1.403497e+01 -7.575339e+00
      vertex   -7.047063e+01 -1.403497e+01 8.664160e+00
    endloop
  endfacet
  facet normal -9.025777e-01 -4.305270e-01 2.825591e-16
    outer loop
      vertex   -7.047063e+01 -1.403497e+01 8.664160e+00
      vertex   -7.047063e+01 -1.403497e+01 -7.575339e+00
      vertex   -7.000062e+01 -1.502032e+01 -7.523700e+00
    endloop
  endfacet
  facet normal -9.025777e-01 -4.305270e-01 -4.617485e-16
    outer loop
      vertex   -7.047063e+01 -1.403497e+01 8.664160e+00
      vertex   -7.000062e+01 -1.502032e+01 -7.523700e+00
      vertex   -7.000062e+01 -1.502032e+01 8.664160e+00
    endloop
  endfacet
  facet normal -9.830444e-01 -1.833677e-01 -7.221348e-16
    outer loop
      vertex   -7.000062e+01 -1.502032e+01 8.664160e+00
      vertex   -7.000062e+01 -1.502032e+01 -7.523700e+00
      vertex   -6.980044e+01 -1.609350e+01 -7.467456e+00
    endloop
  endfacet
  facet normal -9.830444e-01 -1.833677e-01 1.623330e-16
    outer loop
      vertex   -7.000062e+01 -1.502032e+01 8.664160e+00
      vertex   -6.980044e+01 -1.609350e+01 -7.467456e+00
      vertex   -6.980044e+01 -1.609350e+01 8.664160e+00
    endloop
  endfacet
  facet normal -9.970940e-01 7.618054e-02 -6.710986e-17
    outer loop
      vertex   -6.980044e+01 -1.609350e+01 8.664160e+00
      vertex   -6.980044e+01 -1.609350e+01 -7.467456e+00
      vertex   -6.988360e+01 -1.718203e+01 -7.410409e+00
    endloop
  endfacet
  facet normal -9.970940e-01 7.618054e-02 -6.721979e-17
    outer loop
      vertex   -6.980044e+01 -1.609350e+01 8.664160e+00
      vertex   -6.988360e+01 -1.718203e+01 -7.410409e+00
      vertex   -6.988360e+01 -1.718203e+01 8.664160e+00
    endloop
  endfacet
  facet normal -9.437774e-01 3.305818e-01 -2.922535e-16
    outer loop
      vertex   -6.988360e+01 -1.718203e+01 8.664160e+00
      vertex   -6.988360e+01 -1.718203e+01 -7.410409e+00
      vertex   -7.024450e+01 -1.821235e+01 -7.356412e+00
    endloop
  endfacet
  facet normal -9.437774e-01 3.305818e-01 -2.920030e-16
    outer loop
      vertex   -6.988360e+01 -1.718203e+01 8.664160e+00
      vertex   -7.024450e+01 -1.821235e+01 -7.356412e+00
      vertex   -7.024450e+01 -1.821235e+01 8.664160e+00
    endloop
  endfacet
  facet normal -8.266966e-01 5.626480e-01 -4.990901e-16
    outer loop
      vertex   -7.024450e+01 -1.821235e+01 8.664160e+00
      vertex   -7.024450e+01 -1.821235e+01 -7.356412e+00
      vertex   -7.085874e+01 -1.911485e+01 -7.309114e+00
    endloop
  endfacet
  facet normal -8.266966e-01 5.626480e-01 -3.692680e-16
    outer loop
      vertex   -7.024450e+01 -1.821235e+01 8.664160e+00
      vertex   -7.085874e+01 -1.911485e+01 -7.309114e+00
      vertex   -7.085874e+01 -1.911485e+01 8.664160e+00
    endloop
  endfacet
  facet normal -6.537619e-01 7.567003e-01 -5.049070e-16
    outer loop
      vertex   -7.085874e+01 -1.911485e+01 8.664160e+00
      vertex   -7.085874e+01 -1.911485e+01 -7.309114e+00
      vertex   -7.168483e+01 -1.982856e+01 -7.271710e+00
    endloop
  endfacet
  facet normal -6.537619e-01 7.567003e-01 0.000000e+00
    outer loop
      vertex   -7.085874e+01 -1.911485e+01 8.664160e+00
      vertex   -7.168483e+01 -1.982856e+01 -7.271710e+00
      vertex   -7.168483e+01 -1.982856e+01 8.664160e+00
    endloop
  endfacet
  facet normal 9.773185e-01 -2.117746e-01 0.000000e+00
    outer loop
      vertex   -7.754874e+01 -1.855792e+01 -7.338302e+00
      vertex   -7.754874e+01 -1.855792e+01 8.664160e+00
      vertex   -7.777334e+01 -1.959440e+01 -7.283982e+00
    endloop
  endfacet
  facet normal 9.773185e-01 -2.117746e-01 0.000000e+00
    outer loop
      vertex   -7.777334e+01 -1.959440e+01 -7.283982e+00
      vertex   -7.754874e+01 -1.855792e+01 8.664160e+00
      vertex   -7.777334e+01 -1.959440e+01 8.664160e+00
    endloop
  endfacet
  facet normal -2.850844e-13 -1.315636e-12 -1.000000e+00
    outer loop
      vertex   -7.777362e+01 -1.959569e+01 8.664160e+00
      vertex   -7.777334e+01 -1.959440e+01 8.664160e+00
      vertex   -7.190970e+01 -2.086633e+01 8.664160e+00
    endloop
  endfacet
  facet normal -6.467441e-13 -2.982888e-12 -1.000000e+00
    outer loop
      vertex   -7.190970e+01 -2.086633e+01 8.664160e+00
      vertex   -7.777334e+01 -1.959440e+01 8.664160e+00
      vertex   -7.190946e+01 -2.086520e+01 8.664160e+00
    endloop
  endfacet
  facet normal 6.541278e-17 1.699662e-15 -1.000000e+00
    outer loop
      vertex   -7.190946e+01 -2.086520e+01 8.664160e+00
      vertex   -7.777334e+01 -1.959440e+01 8.664160e+00
      vertex   -7.754874e+01 -1.855792e+01 8.664160e+00
    endloop
  endfacet
  facet normal -5.786888e-16 1.253957e-16 -1.000000e+00
    outer loop
      vertex   -7.190946e+01 -2.086520e+01 8.664160e+00
      vertex   -7.754874e+01 -1.855792e+01 8.664160e+00
      vertex   -7.168483e+01 -1.982856e+01 8.664160e+00
    endloop
  endfacet
  facet normal -1.929776e-13 -8.877764e-13 -1.000000e+00
    outer loop
      vertex   -7.168483e+01 -1.982856e+01 8.664160e+00
      vertex   -7.754874e+01 -1.855792e+01 8.664160e+00
      vertex   -7.800530e+01 -1.756627e+01 8.664160e+00
    endloop
  endfacet
  facet normal 1.323665e-13 2.118011e-14 -1.000000e+00
    outer loop
      vertex   -7.168483e+01 -1.982856e+01 8.664160e+00
      vertex   -7.800530e+01 -1.756627e+01 8.664160e+00
      vertex   -7.819086e+01 -1.649046e+01 8.664160e+00
    endloop
  endfacet
  facet normal 1.161307e-13 -1.046378e-14 -1.000000e+00
    outer loop
      vertex   -7.819086e+01 -1.649046e+01 8.664160e+00
      vertex   -7.809289e+01 -1.540316e+01 8.664160e+00
      vertex   -7.168483e+01 -1.982856e+01 8.664160e+00
    endloop
  endfacet
  facet normal 1.003991e-13 -3.324342e-14 -1.000000e+00
    outer loop
      vertex   -7.168483e+01 -1.982856e+01 8.664160e+00
      vertex   -7.809289e+01 -1.540316e+01 8.664160e+00
      vertex   -7.771801e+01 -1.437785e+01 8.664160e+00
    endloop
  endfacet
  facet normal 8.316855e-14 -5.231522e-14 -1.000000e+00
    outer loop
      vertex   -7.168483e+01 -1.982856e+01 8.664160e+00
      vertex   -7.771801e+01 -1.437785e+01 8.664160e+00
      vertex   -7.709154e+01 -1.348379e+01 8.664160e+00
    endloop
  endfacet
  facet normal 6.404375e-14 -6.861247e-14 -1.000000e+00
    outer loop
      vertex   -7.709154e+01 -1.348379e+01 8.664160e+00
      vertex   -7.625582e+01 -1.278138e+01 8.664160e+00
      vertex   -7.168483e+01 -1.982856e+01 8.664160e+00
    endloop
  endfacet
  facet normal 4.510273e-14 -8.089812e-14 -1.000000e+00
    outer loop
      vertex   -7.168483e+01 -1.982856e+01 8.664160e+00
      vertex   -7.625582e+01 -1.278138e+01 8.664160e+00
      vertex   -7.526730e+01 -1.231809e+01 8.664160e+00
    endloop
  endfacet
  facet normal 2.454693e-14 -9.070318e-14 -1.000000e+00
    outer loop
      vertex   -7.168483e+01 -1.982856e+01 8.664160e+00
      vertex   -7.526730e+01 -1.231809e+01 8.664160e+00
      vertex   -7.419278e+01 -1.212521e+01 8.664160e+00
    endloop
  endfacet
  facet normal -1.732089e-15 -9.925874e-14 -1.000000e+00
    outer loop
      vertex   -7.419278e+01 -1.212521e+01 8.664160e+00
      vertex   -7.310484e+01 -1.221578e+01 8.664160e+00
      vertex   -7.168483e+01 -1.982856e+01 8.664160e+00
    endloop
  endfacet
  facet normal -3.053809e-14 -1.046319e-13 -1.000000e+00
    outer loop
      vertex   -7.168483e+01 -1.982856e+01 8.664160e+00
      vertex   -7.310484e+01 -1.221578e+01 8.664160e+00
      vertex   -7.207700e+01 -1.258368e+01 8.664160e+00
    endloop
  endfacet
  facet normal -6.771616e-14 -1.066444e-13 -1.000000e+00
    outer loop
      vertex   -7.168483e+01 -1.982856e+01 8.664160e+00
      vertex   -7.207700e+01 -1.258368e+01 8.664160e+00
      vertex   -7.117870e+01 -1.320405e+01 8.664160e+00
    endloop
  endfacet
  facet normal -8.520181e-13 -4.672175e-14 -1.000000e+00
    outer loop
      vertex   -7.168483e+01 -1.982856e+01 8.664160e+00
      vertex   -7.117870e+01 -1.320405e+01 8.664160e+00
      vertex   -7.085874e+01 -1.911485e+01 8.664160e+00
    endloop
  endfacet
  facet normal 7.283476e-15 -2.067914e-16 -1.000000e+00
    outer loop
      vertex   -7.085874e+01 -1.911485e+01 8.664160e+00
      vertex   -7.117870e+01 -1.320405e+01 8.664160e+00
      vertex   -7.047063e+01 -1.403497e+01 8.664160e+00
    endloop
  endfacet
  facet normal 9.194179e-15 -3.527740e-16 -1.000000e+00
    outer loop
      vertex   -7.085874e+01 -1.911485e+01 8.664160e+00
      vertex   -7.047063e+01 -1.403497e+01 8.664160e+00
      vertex   -7.024450e+01 -1.821235e+01 8.664160e+00
    endloop
  endfacet
  facet normal 6.366240e-15 -5.058535e-16 -1.000000e+00
    outer loop
      vertex   -7.024450e+01 -1.821235e+01 8.664160e+00
      vertex   -7.047063e+01 -1.403497e+01 8.664160e+00
      vertex   -6.988360e+01 -1.718203e+01 8.664160e+00
    endloop
  endfacet
  facet normal 6.440238e-15 -4.920507e-16 -1.000000e+00
    outer loop
      vertex   -6.988360e+01 -1.718203e+01 8.664160e+00
      vertex   -7.047063e+01 -1.403497e+01 8.664160e+00
      vertex   -6.980044e+01 -1.609350e+01 8.664160e+00
    endloop
  endfacet
  facet normal 6.714526e-15 -4.027520e-16 -1.000000e+00
    outer loop
      vertex   -6.980044e+01 -1.609350e+01 8.664160e+00
      vertex   -7.047063e+01 -1.403497e+01 8.664160e+00
      vertex   -7.000062e+01 -1.502032e+01 8.664160e+00
    endloop
  endfacet
  facet normal -2.117746e-01 -9.773185e-01 8.979022e-16
    outer loop
      vertex   -8.919088e+01 -1.712168e+01 -7.413572e+00
      vertex   -7.777362e+01 -1.959569e+01 -7.283915e+00
      vertex   -9.044281e+01 -1.685040e+01 7.220644e+00
    endloop
  endfacet
  facet normal -2.117746e-01 -9.773185e-01 0.000000e+00
    outer loop
      vertex   -9.044281e+01 -1.685040e+01 7.220644e+00
      vertex   -7.777362e+01 -1.959569e+01 -7.283915e+00
      vertex   -7.777362e+01 -1.959569e+01 8.664160e+00
    endloop
  endfacet
  facet normal -2.117746e-01 -9.773185e-01 -7.341946e-14
    outer loop
      vertex   -9.044281e+01 -1.685040e+01 7.220644e+00
      vertex   -7.777362e+01 -1.959569e+01 8.664160e+00
      vertex   -9.032155e+01 -1.687668e+01 8.467104e+00
    endloop
  endfacet
  facet normal -2.117746e-01 -9.773185e-01 4.602385e-13
    outer loop
      vertex   -9.032155e+01 -1.687668e+01 8.467104e+00
      vertex   -7.777362e+01 -1.959569e+01 8.664160e+00
      vertex   -4.580674e+01 -2.652257e+01 1.652283e+01
    endloop
  endfacet
  facet normal -2.117746e-01 -9.773185e-01 9.523725e-14
    outer loop
      vertex   -4.580674e+01 -2.652257e+01 1.652283e+01
      vertex   -7.777362e+01 -1.959569e+01 8.664160e+00
      vertex   -7.190970e+01 -2.086633e+01 8.664160e+00
    endloop
  endfacet
  facet normal -2.117746e-01 -9.773185e-01 2.190308e-14
    outer loop
      vertex   -4.580674e+01 -2.652257e+01 1.652283e+01
      vertex   -7.190970e+01 -2.086633e+01 8.664160e+00
      vertex   -2.803774e+01 -3.037292e+01 -6.719104e+00
    endloop
  endfacet
  facet normal -2.117746e-01 -9.773185e-01 0.000000e+00
    outer loop
      vertex   -2.803774e+01 -3.037292e+01 -6.719104e+00
      vertex   -7.190970e+01 -2.086633e+01 8.664160e+00
      vertex   -7.190970e+01 -2.086633e+01 -7.217323e+00
    endloop
  endfacet
  facet normal -2.117746e-01 -9.773185e-01 -1.158081e-16
    outer loop
      vertex   -2.803774e+01 -3.037292e+01 -6.719104e+00
      vertex   -2.803774e+01 -3.037292e+01 1.676595e+01
      vertex   -4.580674e+01 -2.652257e+01 1.652283e+01
    endloop
  endfacet
  facet normal -2.117746e-01 -9.773185e-01 4.618303e-15
    outer loop
      vertex   -4.580674e+01 -2.652257e+01 1.652283e+01
      vertex   -2.803774e+01 -3.037292e+01 1.676595e+01
      vertex   -4.654183e+01 -2.636328e+01 2.077559e+01
    endloop
  endfacet
  facet normal -2.117746e-01 -9.773185e-01 2.218643e-16
    outer loop
      vertex   -9.044281e+01 -1.685040e+01 7.220644e+00
      vertex   -9.044281e+01 -1.685040e+01 -8.429161e+00
      vertex   -8.919088e+01 -1.712168e+01 -7.413572e+00
    endloop
  endfacet
  facet normal -2.117746e-01 -9.773185e-01 -1.058452e-13
    outer loop
      vertex   -8.919088e+01 -1.712168e+01 -7.413572e+00
      vertex   -9.044281e+01 -1.685040e+01 -8.429161e+00
      vertex   -8.918453e+01 -1.712306e+01 -8.414872e+00
    endloop
  endfacet
  facet normal -9.914543e-01 -9.224506e-02 -9.224507e-02
    outer loop
      vertex   -6.594676e+01 7.031763e+01 1.088298e+02
      vertex   -6.594676e+01 7.420671e+01 1.049407e+02
      vertex   -6.589568e+01 7.004310e+01 1.085553e+02
    endloop
  endfacet
  facet normal -9.914543e-01 -9.224506e-02 -9.224507e-02
    outer loop
      vertex   -6.589568e+01 7.004310e+01 1.085553e+02
      vertex   -6.594676e+01 7.420671e+01 1.049407e+02
      vertex   -6.589568e+01 7.393219e+01 1.046662e+02
    endloop
  endfacet
  facet normal -9.914354e-01 9.234684e-02 9.234685e-02
    outer loop
      vertex   -6.589568e+01 7.004310e+01 1.085553e+02
      vertex   -6.589568e+01 7.393219e+01 1.046662e+02
      vertex   -6.594682e+01 6.976859e+01 1.082808e+02
    endloop
  endfacet
  facet normal -9.914354e-01 9.234684e-02 9.234685e-02
    outer loop
      vertex   -6.594682e+01 6.976859e+01 1.082808e+02
      vertex   -6.589568e+01 7.393219e+01 1.046662e+02
      vertex   -6.594682e+01 7.365767e+01 1.043917e+02
    endloop
  endfacet
  facet normal -9.238517e-01 2.706455e-01 2.706455e-01
    outer loop
      vertex   -6.594682e+01 6.976859e+01 1.082808e+02
      vertex   -6.594682e+01 7.365767e+01 1.043917e+02
      vertex   -6.609669e+01 6.951278e+01 1.080250e+02
    endloop
  endfacet
  facet normal -9.238517e-01 2.706455e-01 2.706455e-01
    outer loop
      vertex   -6.609669e+01 6.951278e+01 1.080250e+02
      vertex   -6.594682e+01 7.365767e+01 1.043917e+02
      vertex   -6.609669e+01 7.340187e+01 1.041359e+02
    endloop
  endfacet
  facet normal -7.933091e-01 4.305000e-01 4.305001e-01
    outer loop
      vertex   -6.609669e+01 6.951278e+01 1.080250e+02
      vertex   -6.609669e+01 7.340187e+01 1.041359e+02
      vertex   -6.633509e+01 6.929313e+01 1.078053e+02
    endloop
  endfacet
  facet normal -7.933091e-01 4.305000e-01 4.305001e-01
    outer loop
      vertex   -6.633509e+01 6.929313e+01 1.078053e+02
      vertex   -6.609669e+01 7.340187e+01 1.041359e+02
      vertex   -6.633509e+01 7.318221e+01 1.039162e+02
    endloop
  endfacet
  facet normal -6.087038e-01 5.610168e-01 5.610168e-01
    outer loop
      vertex   -6.633509e+01 6.929313e+01 1.078053e+02
      vertex   -6.633509e+01 7.318221e+01 1.039162e+02
      vertex   -6.664577e+01 6.912458e+01 1.076368e+02
    endloop
  endfacet
  facet normal -6.087038e-01 5.610168e-01 5.610168e-01
    outer loop
      vertex   -6.664577e+01 6.912458e+01 1.076368e+02
      vertex   -6.633509e+01 7.318221e+01 1.039162e+02
      vertex   -6.664577e+01 7.301367e+01 1.037477e+02
    endloop
  endfacet
  facet normal -3.826164e-01 6.533011e-01 6.533011e-01
    outer loop
      vertex   -6.664577e+01 6.912458e+01 1.076368e+02
      vertex   -6.664577e+01 7.301367e+01 1.037477e+02
      vertex   -6.700755e+01 6.901864e+01 1.075308e+02
    endloop
  endfacet
  facet normal -3.826164e-01 6.533011e-01 6.533011e-01
    outer loop
      vertex   -6.700755e+01 6.901864e+01 1.075308e+02
      vertex   -6.664577e+01 7.301367e+01 1.037477e+02
      vertex   -6.700755e+01 7.290773e+01 1.036417e+02
    endloop
  endfacet
  facet normal -1.304542e-01 7.010641e-01 7.010641e-01
    outer loop
      vertex   -6.700755e+01 6.901864e+01 1.075308e+02
      vertex   -6.700755e+01 7.290773e+01 1.036417e+02
      vertex   -6.739579e+01 6.898252e+01 1.074947e+02
    endloop
  endfacet
  facet normal -1.304542e-01 7.010641e-01 7.010641e-01
    outer loop
      vertex   -6.739579e+01 6.898252e+01 1.074947e+02
      vertex   -6.700755e+01 7.290773e+01 1.036417e+02
      vertex   -6.739579e+01 7.287161e+01 1.036056e+02
    endloop
  endfacet
  facet normal 1.305982e-01 7.010507e-01 7.010507e-01
    outer loop
      vertex   -6.739579e+01 6.898252e+01 1.074947e+02
      vertex   -6.739579e+01 7.287161e+01 1.036056e+02
      vertex   -6.778401e+01 6.901868e+01 1.075309e+02
    endloop
  endfacet
  facet normal 1.305982e-01 7.010507e-01 7.010507e-01
    outer loop
      vertex   -6.778401e+01 6.901868e+01 1.075309e+02
      vertex   -6.739579e+01 7.287161e+01 1.036056e+02
      vertex   -6.778401e+01 7.290777e+01 1.036418e+02
    endloop
  endfacet
  facet normal 3.827505e-01 6.532618e-01 6.532619e-01
    outer loop
      vertex   -6.778401e+01 6.901868e+01 1.075309e+02
      vertex   -6.778401e+01 7.290777e+01 1.036418e+02
      vertex   -6.814577e+01 6.912466e+01 1.076368e+02
    endloop
  endfacet
  facet normal 3.827505e-01 6.532618e-01 6.532619e-01
    outer loop
      vertex   -6.814577e+01 6.912466e+01 1.076368e+02
      vertex   -6.778401e+01 7.290777e+01 1.036418e+02
      vertex   -6.814577e+01 7.301375e+01 1.037478e+02
    endloop
  endfacet
  facet normal 6.088190e-01 5.609543e-01 5.609543e-01
    outer loop
      vertex   -6.814577e+01 6.912466e+01 1.076368e+02
      vertex   -6.814577e+01 7.301375e+01 1.037478e+02
      vertex   -6.845642e+01 6.929324e+01 1.078054e+02
    endloop
  endfacet
  facet normal 6.088190e-01 5.609543e-01 5.609543e-01
    outer loop
      vertex   -6.845642e+01 6.929324e+01 1.078054e+02
      vertex   -6.814577e+01 7.301375e+01 1.037478e+02
      vertex   -6.845642e+01 7.318232e+01 1.039163e+02
    endloop
  endfacet
  facet normal 7.933975e-01 4.304186e-01 4.304186e-01
    outer loop
      vertex   -6.845642e+01 6.929324e+01 1.078054e+02
      vertex   -6.845642e+01 7.318232e+01 1.039163e+02
      vertex   -6.869477e+01 6.951292e+01 1.080251e+02
    endloop
  endfacet
  facet normal 7.933975e-01 4.304186e-01 4.304186e-01
    outer loop
      vertex   -6.869477e+01 6.951292e+01 1.080251e+02
      vertex   -6.845642e+01 7.318232e+01 1.039163e+02
      vertex   -6.869477e+01 7.340200e+01 1.041360e+02
    endloop
  endfacet
  facet normal 9.239073e-01 2.705506e-01 2.705506e-01
    outer loop
      vertex   -6.869477e+01 6.951292e+01 1.080251e+02
      vertex   -6.869477e+01 7.340200e+01 1.041360e+02
      vertex   -6.884459e+01 6.976874e+01 1.082809e+02
    endloop
  endfacet
  facet normal 9.239073e-01 2.705506e-01 2.705506e-01
    outer loop
      vertex   -6.884459e+01 6.976874e+01 1.082809e+02
      vertex   -6.869477e+01 7.340200e+01 1.041360e+02
      vertex   -6.884459e+01 7.365782e+01 1.043918e+02
    endloop
  endfacet
  facet normal 9.914543e-01 9.224506e-02 9.224507e-02
    outer loop
      vertex   -6.884459e+01 6.976874e+01 1.082809e+02
      vertex   -6.884459e+01 7.365782e+01 1.043918e+02
      vertex   -6.889568e+01 7.004326e+01 1.085554e+02
    endloop
  endfacet
  facet normal 9.914543e-01 9.224506e-02 9.224507e-02
    outer loop
      vertex   -6.889568e+01 7.004326e+01 1.085554e+02
      vertex   -6.884459e+01 7.365782e+01 1.043918e+02
      vertex   -6.889568e+01 7.393234e+01 1.046663e+02
    endloop
  endfacet
  facet normal 9.914354e-01 -9.234684e-02 -9.234685e-02
    outer loop
      vertex   -6.889568e+01 7.004326e+01 1.085554e+02
      vertex   -6.889568e+01 7.393234e+01 1.046663e+02
      vertex   -6.884454e+01 7.031777e+01 1.088300e+02
    endloop
  endfacet
  facet normal 9.914354e-01 -9.234684e-02 -9.234685e-02
    outer loop
      vertex   -6.884454e+01 7.031777e+01 1.088300e+02
      vertex   -6.889568e+01 7.393234e+01 1.046663e+02
      vertex   -6.884454e+01 7.420686e+01 1.049409e+02
    endloop
  endfacet
  facet normal 9.238517e-01 -2.706455e-01 -2.706455e-01
    outer loop
      vertex   -6.884454e+01 7.031777e+01 1.088300e+02
      vertex   -6.884454e+01 7.420686e+01 1.049409e+02
      vertex   -6.869466e+01 7.057358e+01 1.090858e+02
    endloop
  endfacet
  facet normal 9.238517e-01 -2.706455e-01 -2.706455e-01
    outer loop
      vertex   -6.869466e+01 7.057358e+01 1.090858e+02
      vertex   -6.884454e+01 7.420686e+01 1.049409e+02
      vertex   -6.869466e+01 7.446266e+01 1.051967e+02
    endloop
  endfacet
  facet normal 7.933091e-01 -4.305000e-01 -4.305001e-01
    outer loop
      vertex   -6.869466e+01 7.057358e+01 1.090858e+02
      vertex   -6.869466e+01 7.446266e+01 1.051967e+02
      vertex   -6.845626e+01 7.079324e+01 1.093054e+02
    endloop
  endfacet
  facet normal 7.933091e-01 -4.305000e-01 -4.305001e-01
    outer loop
      vertex   -6.845626e+01 7.079324e+01 1.093054e+02
      vertex   -6.869466e+01 7.446266e+01 1.051967e+02
      vertex   -6.845626e+01 7.468232e+01 1.054163e+02
    endloop
  endfacet
  facet normal 6.087038e-01 -5.610168e-01 -5.610168e-01
    outer loop
      vertex   -6.845626e+01 7.079324e+01 1.093054e+02
      vertex   -6.845626e+01 7.468232e+01 1.054163e+02
      vertex   -6.814558e+01 7.096178e+01 1.094740e+02
    endloop
  endfacet
  facet normal 6.087038e-01 -5.610168e-01 -5.610168e-01
    outer loop
      vertex   -6.814558e+01 7.096178e+01 1.094740e+02
      vertex   -6.845626e+01 7.468232e+01 1.054163e+02
      vertex   -6.814558e+01 7.485086e+01 1.055849e+02
    endloop
  endfacet
  facet normal 3.826164e-01 -6.533011e-01 -6.533011e-01
    outer loop
      vertex   -6.814558e+01 7.096178e+01 1.094740e+02
      vertex   -6.814558e+01 7.485086e+01 1.055849e+02
      vertex   -6.778380e+01 7.106772e+01 1.095799e+02
    endloop
  endfacet
  facet normal 3.826164e-01 -6.533011e-01 -6.533011e-01
    outer loop
      vertex   -6.778380e+01 7.106772e+01 1.095799e+02
      vertex   -6.814558e+01 7.485086e+01 1.055849e+02
      vertex   -6.778380e+01 7.495681e+01 1.056908e+02
    endloop
  endfacet
  facet normal 1.304542e-01 -7.010641e-01 -7.010641e-01
    outer loop
      vertex   -6.778380e+01 7.106772e+01 1.095799e+02
      vertex   -6.778380e+01 7.495681e+01 1.056908e+02
      vertex   -6.739557e+01 7.110384e+01 1.096160e+02
    endloop
  endfacet
  facet normal 1.304542e-01 -7.010641e-01 -7.010641e-01
    outer loop
      vertex   -6.739557e+01 7.110384e+01 1.096160e+02
      vertex   -6.778380e+01 7.495681e+01 1.056908e+02
      vertex   -6.739557e+01 7.499293e+01 1.057269e+02
    endloop
  endfacet
  facet normal -1.305982e-01 -7.010507e-01 -7.010507e-01
    outer loop
      vertex   -6.739557e+01 7.110384e+01 1.096160e+02
      vertex   -6.739557e+01 7.499293e+01 1.057269e+02
      vertex   -6.700734e+01 7.106768e+01 1.095799e+02
    endloop
  endfacet
  facet normal -1.305982e-01 -7.010507e-01 -7.010507e-01
    outer loop
      vertex   -6.700734e+01 7.106768e+01 1.095799e+02
      vertex   -6.739557e+01 7.499293e+01 1.057269e+02
      vertex   -6.700734e+01 7.495677e+01 1.056908e+02
    endloop
  endfacet
  facet normal -3.827505e-01 -6.532618e-01 -6.532619e-01
    outer loop
      vertex   -6.700734e+01 7.106768e+01 1.095799e+02
      vertex   -6.700734e+01 7.495677e+01 1.056908e+02
      vertex   -6.664558e+01 7.096170e+01 1.094739e+02
    endloop
  endfacet
  facet normal -3.827505e-01 -6.532618e-01 -6.532619e-01
    outer loop
      vertex   -6.664558e+01 7.096170e+01 1.094739e+02
      vertex   -6.700734e+01 7.495677e+01 1.056908e+02
      vertex   -6.664558e+01 7.485079e+01 1.055848e+02
    endloop
  endfacet
  facet normal -6.088190e-01 -5.609543e-01 -5.609543e-01
    outer loop
      vertex   -6.664558e+01 7.096170e+01 1.094739e+02
      vertex   -6.664558e+01 7.485079e+01 1.055848e+02
      vertex   -6.633494e+01 7.079313e+01 1.093053e+02
    endloop
  endfacet
  facet normal -6.088190e-01 -5.609543e-01 -5.609543e-01
    outer loop
      vertex   -6.633494e+01 7.079313e+01 1.093053e+02
      vertex   -6.664558e+01 7.485079e+01 1.055848e+02
      vertex   -6.633494e+01 7.468221e+01 1.054162e+02
    endloop
  endfacet
  facet normal -7.933975e-01 -4.304186e-01 -4.304186e-01
    outer loop
      vertex   -6.633494e+01 7.079313e+01 1.093053e+02
      vertex   -6.633494e+01 7.468221e+01 1.054162e+02
      vertex   -6.609659e+01 7.057344e+01 1.090856e+02
    endloop
  endfacet
  facet normal -7.933975e-01 -4.304186e-01 -4.304186e-01
    outer loop
      vertex   -6.609659e+01 7.057344e+01 1.090856e+02
      vertex   -6.633494e+01 7.468221e+01 1.054162e+02
      vertex   -6.609659e+01 7.446253e+01 1.051965e+02
    endloop
  endfacet
  facet normal -9.239073e-01 -2.705506e-01 -2.705506e-01
    outer loop
      vertex   -6.609659e+01 7.057344e+01 1.090856e+02
      vertex   -6.609659e+01 7.446253e+01 1.051965e+02
      vertex   -6.594676e+01 7.031763e+01 1.088298e+02
    endloop
  endfacet
  facet normal -9.239073e-01 -2.705506e-01 -2.705506e-01
    outer loop
      vertex   -6.594676e+01 7.031763e+01 1.088298e+02
      vertex   -6.609659e+01 7.446253e+01 1.051965e+02
      vertex   -6.594676e+01 7.420671e+01 1.049407e+02
    endloop
  endfacet
  facet normal -1.833127e-15 7.071068e-01 -7.071068e-01
    outer loop
      vertex   -6.594682e+01 6.976859e+01 1.082808e+02
      vertex   -6.884459e+01 6.976874e+01 1.082809e+02
      vertex   -6.589568e+01 7.004310e+01 1.085553e+02
    endloop
  endfacet
  facet normal -1.011344e-15 7.071068e-01 -7.071068e-01
    outer loop
      vertex   -6.589568e+01 7.004310e+01 1.085553e+02
      vertex   -6.884459e+01 6.976874e+01 1.082809e+02
      vertex   -6.889568e+01 7.004326e+01 1.085554e+02
    endloop
  endfacet
  facet normal -1.009464e-15 7.071068e-01 -7.071068e-01
    outer loop
      vertex   -6.589568e+01 7.004310e+01 1.085553e+02
      vertex   -6.889568e+01 7.004326e+01 1.085554e+02
      vertex   -6.594676e+01 7.031763e+01 1.088298e+02
    endloop
  endfacet
  facet normal -1.831248e-15 7.071068e-01 -7.071068e-01
    outer loop
      vertex   -6.594676e+01 7.031763e+01 1.088298e+02
      vertex   -6.889568e+01 7.004326e+01 1.085554e+02
      vertex   -6.884454e+01 7.031777e+01 1.088300e+02
    endloop
  endfacet
  facet normal -1.830677e-15 7.071068e-01 -7.071068e-01
    outer loop
      vertex   -6.594676e+01 7.031763e+01 1.088298e+02
      vertex   -6.884454e+01 7.031777e+01 1.088300e+02
      vertex   -6.609659e+01 7.057344e+01 1.090856e+02
    endloop
  endfacet
  facet normal 2.236490e-15 7.071068e-01 -7.071068e-01
    outer loop
      vertex   -6.609659e+01 7.057344e+01 1.090856e+02
      vertex   -6.884454e+01 7.031777e+01 1.088300e+02
      vertex   -6.869466e+01 7.057358e+01 1.090858e+02
    endloop
  endfacet
  facet normal 2.236132e-15 7.071068e-01 -7.071068e-01
    outer loop
      vertex   -6.609659e+01 7.057344e+01 1.090856e+02
      vertex   -6.869466e+01 7.057358e+01 1.090858e+02
      vertex   -6.633494e+01 7.079313e+01 1.093053e+02
    endloop
  endfacet
  facet normal 1.226408e-15 7.071068e-01 -7.071068e-01
    outer loop
      vertex   -6.633494e+01 7.079313e+01 1.093053e+02
      vertex   -6.869466e+01 7.057358e+01 1.090858e+02
      vertex   -6.845626e+01 7.079324e+01 1.093054e+02
    endloop
  endfacet
  facet normal 1.226003e-15 7.071068e-01 -7.071068e-01
    outer loop
      vertex   -6.633494e+01 7.079313e+01 1.093053e+02
      vertex   -6.845626e+01 7.079324e+01 1.093054e+02
      vertex   -6.664558e+01 7.096170e+01 1.094739e+02
    endloop
  endfacet
  facet normal -1.009654e-15 7.071068e-01 -7.071068e-01
    outer loop
      vertex   -6.664558e+01 7.096170e+01 1.094739e+02
      vertex   -6.845626e+01 7.079324e+01 1.093054e+02
      vertex   -6.814558e+01 7.096178e+01 1.094740e+02
    endloop
  endfacet
  facet normal -1.004294e-15 7.071068e-01 -7.071068e-01
    outer loop
      vertex   -6.664558e+01 7.096170e+01 1.094739e+02
      vertex   -6.814558e+01 7.096178e+01 1.094740e+02
      vertex   -6.700734e+01 7.106768e+01 1.095799e+02
    endloop
  endfacet
  facet normal 1.568975e-14 7.071068e-01 -7.071068e-01
    outer loop
      vertex   -6.700734e+01 7.106768e+01 1.095799e+02
      vertex   -6.814558e+01 7.096178e+01 1.094740e+02
      vertex   -6.778380e+01 7.106772e+01 1.095799e+02
    endloop
  endfacet
  facet normal 1.567303e-14 7.071068e-01 -7.071068e-01
    outer loop
      vertex   -6.700734e+01 7.106768e+01 1.095799e+02
      vertex   -6.778380e+01 7.106772e+01 1.095799e+02
      vertex   -6.739557e+01 7.110384e+01 1.096160e+02
    endloop
  endfacet
  facet normal -1.832694e-15 7.071068e-01 -7.071068e-01
    outer loop
      vertex   -6.884459e+01 6.976874e+01 1.082809e+02
      vertex   -6.594682e+01 6.976859e+01 1.082808e+02
      vertex   -6.869477e+01 6.951292e+01 1.080251e+02
    endloop
  endfacet
  facet normal 2.234471e-15 7.071068e-01 -7.071068e-01
    outer loop
      vertex   -6.869477e+01 6.951292e+01 1.080251e+02
      vertex   -6.594682e+01 6.976859e+01 1.082808e+02
      vertex   -6.609669e+01 6.951278e+01 1.080250e+02
    endloop
  endfacet
  facet normal 2.238482e-15 7.071068e-01 -7.071068e-01
    outer loop
      vertex   -6.869477e+01 6.951292e+01 1.080251e+02
      vertex   -6.609669e+01 6.951278e+01 1.080250e+02
      vertex   -6.845642e+01 6.929324e+01 1.078054e+02
    endloop
  endfacet
  facet normal 1.228758e-15 7.071068e-01 -7.071068e-01
    outer loop
      vertex   -6.845642e+01 6.929324e+01 1.078054e+02
      vertex   -6.609669e+01 6.951278e+01 1.080250e+02
      vertex   -6.633509e+01 6.929313e+01 1.078053e+02
    endloop
  endfacet
  facet normal 1.226003e-15 7.071068e-01 -7.071068e-01
    outer loop
      vertex   -6.845642e+01 6.929324e+01 1.078054e+02
      vertex   -6.633509e+01 6.929313e+01 1.078053e+02
      vertex   -6.814577e+01 6.912466e+01 1.076368e+02
    endloop
  endfacet
  facet normal -1.009654e-15 7.071068e-01 -7.071068e-01
    outer loop
      vertex   -6.814577e+01 6.912466e+01 1.076368e+02
      vertex   -6.633509e+01 6.929313e+01 1.078053e+02
      vertex   -6.664577e+01 6.912458e+01 1.076368e+02
    endloop
  endfacet
  facet normal -1.009162e-15 7.071068e-01 -7.071068e-01
    outer loop
      vertex   -6.814577e+01 6.912466e+01 1.076368e+02
      vertex   -6.664577e+01 6.912458e+01 1.076368e+02
      vertex   -6.778401e+01 6.901868e+01 1.075309e+02
    endloop
  endfacet
  facet normal 1.568488e-14 7.071068e-01 -7.071068e-01
    outer loop
      vertex   -6.778401e+01 6.901868e+01 1.075309e+02
      vertex   -6.664577e+01 6.912458e+01 1.076368e+02
      vertex   -6.700755e+01 6.901864e+01 1.075308e+02
    endloop
  endfacet
  facet normal 1.567303e-14 7.071068e-01 -7.071068e-01
    outer loop
      vertex   -6.778401e+01 6.901868e+01 1.075309e+02
      vertex   -6.700755e+01 6.901864e+01 1.075308e+02
      vertex   -6.739579e+01 6.898252e+01 1.074947e+02
    endloop
  endfacet
  facet normal -9.914543e-01 -9.224506e-02 -9.224507e-02
    outer loop
      vertex   1.295048e+02 7.031721e+01 1.088294e+02
      vertex   1.295048e+02 7.420630e+01 1.049403e+02
      vertex   1.295558e+02 7.004269e+01 1.085549e+02
    endloop
  endfacet
  facet normal -9.914543e-01 -9.224506e-02 -9.224507e-02
    outer loop
      vertex   1.295558e+02 7.004269e+01 1.085549e+02
      vertex   1.295048e+02 7.420630e+01 1.049403e+02
      vertex   1.295558e+02 7.393178e+01 1.046658e+02
    endloop
  endfacet
  facet normal -9.914354e-01 9.234684e-02 9.234685e-02
    outer loop
      vertex   1.295558e+02 7.004269e+01 1.085549e+02
      vertex   1.295558e+02 7.393178e+01 1.046658e+02
      vertex   1.295047e+02 6.976818e+01 1.082804e+02
    endloop
  endfacet
  facet normal -9.914354e-01 9.234684e-02 9.234685e-02
    outer loop
      vertex   1.295047e+02 6.976818e+01 1.082804e+02
      vertex   1.295558e+02 7.393178e+01 1.046658e+02
      vertex   1.295047e+02 7.365726e+01 1.043913e+02
    endloop
  endfacet
  facet normal -9.238517e-01 2.706455e-01 2.706455e-01
    outer loop
      vertex   1.295047e+02 6.976818e+01 1.082804e+02
      vertex   1.295047e+02 7.365726e+01 1.043913e+02
      vertex   1.293548e+02 6.951237e+01 1.080245e+02
    endloop
  endfacet
  facet normal -9.238517e-01 2.706455e-01 2.706455e-01
    outer loop
      vertex   1.293548e+02 6.951237e+01 1.080245e+02
      vertex   1.295047e+02 7.365726e+01 1.043913e+02
      vertex   1.293548e+02 7.340146e+01 1.041355e+02
    endloop
  endfacet
  facet normal -7.933091e-01 4.305000e-01 4.305001e-01
    outer loop
      vertex   1.293548e+02 6.951237e+01 1.080245e+02
      vertex   1.293548e+02 7.340146e+01 1.041355e+02
      vertex   1.291164e+02 6.929272e+01 1.078049e+02
    endloop
  endfacet
  facet normal -7.933091e-01 4.305000e-01 4.305001e-01
    outer loop
      vertex   1.291164e+02 6.929272e+01 1.078049e+02
      vertex   1.293548e+02 7.340146e+01 1.041355e+02
      vertex   1.291164e+02 7.318180e+01 1.039158e+02
    endloop
  endfacet
  facet normal -6.087038e-01 5.610168e-01 5.610168e-01
    outer loop
      vertex   1.291164e+02 6.929272e+01 1.078049e+02
      vertex   1.291164e+02 7.318180e+01 1.039158e+02
      vertex   1.288057e+02 6.912417e+01 1.076363e+02
    endloop
  endfacet
  facet normal -6.087038e-01 5.610168e-01 5.610168e-01
    outer loop
      vertex   1.288057e+02 6.912417e+01 1.076363e+02
      vertex   1.291164e+02 7.318180e+01 1.039158e+02
      vertex   1.288057e+02 7.301326e+01 1.037473e+02
    endloop
  endfacet
  facet normal -3.826164e-01 6.533011e-01 6.533011e-01
    outer loop
      vertex   1.288057e+02 6.912417e+01 1.076363e+02
      vertex   1.288057e+02 7.301326e+01 1.037473e+02
      vertex   1.284440e+02 6.901823e+01 1.075304e+02
    endloop
  endfacet
  facet normal -3.826164e-01 6.533011e-01 6.533011e-01
    outer loop
      vertex   1.284440e+02 6.901823e+01 1.075304e+02
      vertex   1.288057e+02 7.301326e+01 1.037473e+02
      vertex   1.284440e+02 7.290732e+01 1.036413e+02
    endloop
  endfacet
  facet normal -1.304542e-01 7.010641e-01 7.010641e-01
    outer loop
      vertex   1.284440e+02 6.901823e+01 1.075304e+02
      vertex   1.284440e+02 7.290732e+01 1.036413e+02
      vertex   1.280557e+02 6.898211e+01 1.074943e+02
    endloop
  endfacet
  facet normal -1.304542e-01 7.010641e-01 7.010641e-01
    outer loop
      vertex   1.280557e+02 6.898211e+01 1.074943e+02
      vertex   1.284440e+02 7.290732e+01 1.036413e+02
      vertex   1.280557e+02 7.287120e+01 1.036052e+02
    endloop
  endfacet
  facet normal 1.305982e-01 7.010507e-01 7.010507e-01
    outer loop
      vertex   1.280557e+02 6.898211e+01 1.074943e+02
      vertex   1.280557e+02 7.287120e+01 1.036052e+02
      vertex   1.276675e+02 6.901827e+01 1.075304e+02
    endloop
  endfacet
  facet normal 1.305982e-01 7.010507e-01 7.010507e-01
    outer loop
      vertex   1.276675e+02 6.901827e+01 1.075304e+02
      vertex   1.280557e+02 7.287120e+01 1.036052e+02
      vertex   1.276675e+02 7.290736e+01 1.036414e+02
    endloop
  endfacet
  facet normal 3.827505e-01 6.532618e-01 6.532619e-01
    outer loop
      vertex   1.276675e+02 6.901827e+01 1.075304e+02
      vertex   1.276675e+02 7.290736e+01 1.036414e+02
      vertex   1.273057e+02 6.912425e+01 1.076364e+02
    endloop
  endfacet
  facet normal 3.827505e-01 6.532618e-01 6.532619e-01
    outer loop
      vertex   1.273057e+02 6.912425e+01 1.076364e+02
      vertex   1.276675e+02 7.290736e+01 1.036414e+02
      vertex   1.273057e+02 7.301334e+01 1.037473e+02
    endloop
  endfacet
  facet normal 6.088190e-01 5.609543e-01 5.609543e-01
    outer loop
      vertex   1.273057e+02 6.912425e+01 1.076364e+02
      vertex   1.273057e+02 7.301334e+01 1.037473e+02
      vertex   1.269951e+02 6.929282e+01 1.078050e+02
    endloop
  endfacet
  facet normal 6.088190e-01 5.609543e-01 5.609543e-01
    outer loop
      vertex   1.269951e+02 6.929282e+01 1.078050e+02
      vertex   1.273057e+02 7.301334e+01 1.037473e+02
      vertex   1.269951e+02 7.318191e+01 1.039159e+02
    endloop
  endfacet
  facet normal 7.933975e-01 4.304186e-01 4.304186e-01
    outer loop
      vertex   1.269951e+02 6.929282e+01 1.078050e+02
      vertex   1.269951e+02 7.318191e+01 1.039159e+02
      vertex   1.267567e+02 6.951251e+01 1.080247e+02
    endloop
  endfacet
  facet normal 7.933975e-01 4.304186e-01 4.304186e-01
    outer loop
      vertex   1.267567e+02 6.951251e+01 1.080247e+02
      vertex   1.269951e+02 7.318191e+01 1.039159e+02
      vertex   1.267567e+02 7.340159e+01 1.041356e+02
    endloop
  endfacet
  facet normal 9.239073e-01 2.705506e-01 2.705506e-01
    outer loop
      vertex   1.267567e+02 6.951251e+01 1.080247e+02
      vertex   1.267567e+02 7.340159e+01 1.041356e+02
      vertex   1.266069e+02 6.976833e+01 1.082805e+02
    endloop
  endfacet
  facet normal 9.239073e-01 2.705506e-01 2.705506e-01
    outer loop
      vertex   1.266069e+02 6.976833e+01 1.082805e+02
      vertex   1.267567e+02 7.340159e+01 1.041356e+02
      vertex   1.266069e+02 7.365741e+01 1.043914e+02
    endloop
  endfacet
  facet normal 9.914543e-01 9.224506e-02 9.224507e-02
    outer loop
      vertex   1.266069e+02 6.976833e+01 1.082805e+02
      vertex   1.266069e+02 7.365741e+01 1.043914e+02
      vertex   1.265558e+02 7.004285e+01 1.085550e+02
    endloop
  endfacet
  facet normal 9.914543e-01 9.224506e-02 9.224507e-02
    outer loop
      vertex   1.265558e+02 7.004285e+01 1.085550e+02
      vertex   1.266069e+02 7.365741e+01 1.043914e+02
      vertex   1.265558e+02 7.393193e+01 1.046659e+02
    endloop
  endfacet
  facet normal 9.914354e-01 -9.234684e-02 -9.234685e-02
    outer loop
      vertex   1.265558e+02 7.004285e+01 1.085550e+02
      vertex   1.265558e+02 7.393193e+01 1.046659e+02
      vertex   1.266070e+02 7.031736e+01 1.088295e+02
    endloop
  endfacet
  facet normal 9.914354e-01 -9.234684e-02 -9.234685e-02
    outer loop
      vertex   1.266070e+02 7.031736e+01 1.088295e+02
      vertex   1.265558e+02 7.393193e+01 1.046659e+02
      vertex   1.266070e+02 7.420645e+01 1.049405e+02
    endloop
  endfacet
  facet normal 9.238517e-01 -2.706455e-01 -2.706455e-01
    outer loop
      vertex   1.266070e+02 7.031736e+01 1.088295e+02
      vertex   1.266070e+02 7.420645e+01 1.049405e+02
      vertex   1.267569e+02 7.057317e+01 1.090853e+02
    endloop
  endfacet
  facet normal 9.238517e-01 -2.706455e-01 -2.706455e-01
    outer loop
      vertex   1.267569e+02 7.057317e+01 1.090853e+02
      vertex   1.266070e+02 7.420645e+01 1.049405e+02
      vertex   1.267569e+02 7.446225e+01 1.051963e+02
    endloop
  endfacet
  facet normal 7.933091e-01 -4.305000e-01 -4.305001e-01
    outer loop
      vertex   1.267569e+02 7.057317e+01 1.090853e+02
      vertex   1.267569e+02 7.446225e+01 1.051963e+02
      vertex   1.269953e+02 7.079282e+01 1.093050e+02
    endloop
  endfacet
  facet normal 7.933091e-01 -4.305000e-01 -4.305001e-01
    outer loop
      vertex   1.269953e+02 7.079282e+01 1.093050e+02
      vertex   1.267569e+02 7.446225e+01 1.051963e+02
      vertex   1.269953e+02 7.468191e+01 1.054159e+02
    endloop
  endfacet
  facet normal 6.087038e-01 -5.610168e-01 -5.610168e-01
    outer loop
      vertex   1.269953e+02 7.079282e+01 1.093050e+02
      vertex   1.269953e+02 7.468191e+01 1.054159e+02
      vertex   1.273059e+02 7.096137e+01 1.094735e+02
    endloop
  endfacet
  facet normal 6.087038e-01 -5.610168e-01 -5.610168e-01
    outer loop
      vertex   1.273059e+02 7.096137e+01 1.094735e+02
      vertex   1.269953e+02 7.468191e+01 1.054159e+02
      vertex   1.273059e+02 7.485045e+01 1.055845e+02
    endloop
  endfacet
  facet normal 3.826164e-01 -6.533011e-01 -6.533011e-01
    outer loop
      vertex   1.273059e+02 7.096137e+01 1.094735e+02
      vertex   1.273059e+02 7.485045e+01 1.055845e+02
      vertex   1.276677e+02 7.106731e+01 1.095795e+02
    endloop
  endfacet
  facet normal 3.826164e-01 -6.533011e-01 -6.533011e-01
    outer loop
      vertex   1.276677e+02 7.106731e+01 1.095795e+02
      vertex   1.273059e+02 7.485045e+01 1.055845e+02
      vertex   1.276677e+02 7.495640e+01 1.056904e+02
    endloop
  endfacet
  facet normal 1.304542e-01 -7.010641e-01 -7.010641e-01
    outer loop
      vertex   1.276677e+02 7.106731e+01 1.095795e+02
      vertex   1.276677e+02 7.495640e+01 1.056904e+02
      vertex   1.280559e+02 7.110343e+01 1.096156e+02
    endloop
  endfacet
  facet normal 1.304542e-01 -7.010641e-01 -7.010641e-01
    outer loop
      vertex   1.280559e+02 7.110343e+01 1.096156e+02
      vertex   1.276677e+02 7.495640e+01 1.056904e+02
      vertex   1.280559e+02 7.499252e+01 1.057265e+02
    endloop
  endfacet
  facet normal -1.305982e-01 -7.010507e-01 -7.010507e-01
    outer loop
      vertex   1.280559e+02 7.110343e+01 1.096156e+02
      vertex   1.280559e+02 7.499252e+01 1.057265e+02
      vertex   1.284442e+02 7.106727e+01 1.095794e+02
    endloop
  endfacet
  facet normal -1.305982e-01 -7.010507e-01 -7.010507e-01
    outer loop
      vertex   1.284442e+02 7.106727e+01 1.095794e+02
      vertex   1.280559e+02 7.499252e+01 1.057265e+02
      vertex   1.284442e+02 7.495636e+01 1.056904e+02
    endloop
  endfacet
  facet normal -3.827505e-01 -6.532618e-01 -6.532619e-01
    outer loop
      vertex   1.284442e+02 7.106727e+01 1.095794e+02
      vertex   1.284442e+02 7.495636e+01 1.056904e+02
      vertex   1.288059e+02 7.096129e+01 1.094735e+02
    endloop
  endfacet
  facet normal -3.827505e-01 -6.532618e-01 -6.532619e-01
    outer loop
      vertex   1.288059e+02 7.096129e+01 1.094735e+02
      vertex   1.284442e+02 7.495636e+01 1.056904e+02
      vertex   1.288059e+02 7.485038e+01 1.055844e+02
    endloop
  endfacet
  facet normal -6.088190e-01 -5.609543e-01 -5.609543e-01
    outer loop
      vertex   1.288059e+02 7.096129e+01 1.094735e+02
      vertex   1.288059e+02 7.485038e+01 1.055844e+02
      vertex   1.291166e+02 7.079272e+01 1.093049e+02
    endloop
  endfacet
  facet normal -6.088190e-01 -5.609543e-01 -5.609543e-01
    outer loop
      vertex   1.291166e+02 7.079272e+01 1.093049e+02
      vertex   1.288059e+02 7.485038e+01 1.055844e+02
      vertex   1.291166e+02 7.468180e+01 1.054158e+02
    endloop
  endfacet
  facet normal -7.933975e-01 -4.304186e-01 -4.304186e-01
    outer loop
      vertex   1.291166e+02 7.079272e+01 1.093049e+02
      vertex   1.291166e+02 7.468180e+01 1.054158e+02
      vertex   1.293549e+02 7.057303e+01 1.090852e+02
    endloop
  endfacet
  facet normal -7.933975e-01 -4.304186e-01 -4.304186e-01
    outer loop
      vertex   1.293549e+02 7.057303e+01 1.090852e+02
      vertex   1.291166e+02 7.468180e+01 1.054158e+02
      vertex   1.293549e+02 7.446212e+01 1.051961e+02
    endloop
  endfacet
  facet normal -9.239073e-01 -2.705506e-01 -2.705506e-01
    outer loop
      vertex   1.293549e+02 7.057303e+01 1.090852e+02
      vertex   1.293549e+02 7.446212e+01 1.051961e+02
      vertex   1.295048e+02 7.031721e+01 1.088294e+02
    endloop
  endfacet
  facet normal -9.239073e-01 -2.705506e-01 -2.705506e-01
    outer loop
      vertex   1.295048e+02 7.031721e+01 1.088294e+02
      vertex   1.293549e+02 7.446212e+01 1.051961e+02
      vertex   1.295048e+02 7.420630e+01 1.049403e+02
    endloop
  endfacet
  facet normal 1.634531e-15 7.071068e-01 -7.071068e-01
    outer loop
      vertex   1.295047e+02 6.976818e+01 1.082804e+02
      vertex   1.266069e+02 6.976833e+01 1.082805e+02
      vertex   1.295558e+02 7.004269e+01 1.085549e+02
    endloop
  endfacet
  facet normal -1.009464e-15 7.071068e-01 -7.071068e-01
    outer loop
      vertex   1.295558e+02 7.004269e+01 1.085549e+02
      vertex   1.266069e+02 6.976833e+01 1.082805e+02
      vertex   1.265558e+02 7.004285e+01 1.085550e+02
    endloop
  endfacet
  facet normal -1.009464e-15 7.071068e-01 -7.071068e-01
    outer loop
      vertex   1.295558e+02 7.004269e+01 1.085549e+02
      vertex   1.265558e+02 7.004285e+01 1.085550e+02
      vertex   1.295048e+02 7.031721e+01 1.088294e+02
    endloop
  endfacet
  facet normal 1.634525e-15 7.071068e-01 -7.071068e-01
    outer loop
      vertex   1.295048e+02 7.031721e+01 1.088294e+02
      vertex   1.265558e+02 7.004285e+01 1.085550e+02
      vertex   1.266070e+02 7.031736e+01 1.088295e+02
    endloop
  endfacet
  facet normal 1.635101e-15 7.071068e-01 -7.071068e-01
    outer loop
      vertex   1.295048e+02 7.031721e+01 1.088294e+02
      vertex   1.266070e+02 7.031736e+01 1.088295e+02
      vertex   1.293549e+02 7.057303e+01 1.090852e+02
    endloop
  endfacet
  facet normal 2.236490e-15 7.071068e-01 -7.071068e-01
    outer loop
      vertex   1.293549e+02 7.057303e+01 1.090852e+02
      vertex   1.266070e+02 7.031736e+01 1.088295e+02
      vertex   1.267569e+02 7.057317e+01 1.090853e+02
    endloop
  endfacet
  facet normal 2.238482e-15 7.071068e-01 -7.071068e-01
    outer loop
      vertex   1.293549e+02 7.057303e+01 1.090852e+02
      vertex   1.267569e+02 7.057317e+01 1.090853e+02
      vertex   1.291166e+02 7.079272e+01 1.093049e+02
    endloop
  endfacet
  facet normal 5.963096e-15 7.071068e-01 -7.071068e-01
    outer loop
      vertex   1.291166e+02 7.079272e+01 1.093049e+02
      vertex   1.267569e+02 7.057317e+01 1.090853e+02
      vertex   1.269953e+02 7.079282e+01 1.093050e+02
    endloop
  endfacet
  facet normal 5.963402e-15 7.071068e-01 -7.071068e-01
    outer loop
      vertex   1.291166e+02 7.079272e+01 1.093049e+02
      vertex   1.269953e+02 7.079282e+01 1.093050e+02
      vertex   1.288059e+02 7.096129e+01 1.094735e+02
    endloop
  endfacet
  facet normal -1.006594e-15 7.071068e-01 -7.071068e-01
    outer loop
      vertex   1.288059e+02 7.096129e+01 1.094735e+02
      vertex   1.269953e+02 7.079282e+01 1.093050e+02
      vertex   1.273059e+02 7.096137e+01 1.094735e+02
    endloop
  endfacet
  facet normal -1.004294e-15 7.071068e-01 -7.071068e-01
    outer loop
      vertex   1.288059e+02 7.096129e+01 1.094735e+02
      vertex   1.273059e+02 7.096137e+01 1.094735e+02
      vertex   1.284442e+02 7.106727e+01 1.095794e+02
    endloop
  endfacet
  facet normal 4.155867e-14 7.071068e-01 -7.071068e-01
    outer loop
      vertex   1.284442e+02 7.106727e+01 1.095794e+02
      vertex   1.273059e+02 7.096137e+01 1.094735e+02
      vertex   1.276677e+02 7.106731e+01 1.095795e+02
    endloop
  endfacet
  facet normal 4.157049e-14 7.071068e-01 -7.071068e-01
    outer loop
      vertex   1.284442e+02 7.106727e+01 1.095794e+02
      vertex   1.276677e+02 7.106731e+01 1.095795e+02
      vertex   1.280559e+02 7.110343e+01 1.096156e+02
    endloop
  endfacet
  facet normal 1.633084e-15 7.071068e-01 -7.071068e-01
    outer loop
      vertex   1.266069e+02 6.976833e+01 1.082805e+02
      vertex   1.295047e+02 6.976818e+01 1.082804e+02
      vertex   1.267567e+02 6.951251e+01 1.080247e+02
    endloop
  endfacet
  facet normal -1.631102e-15 7.071068e-01 -7.071068e-01
    outer loop
      vertex   1.267567e+02 6.951251e+01 1.080247e+02
      vertex   1.295047e+02 6.976818e+01 1.082804e+02
      vertex   1.293548e+02 6.951237e+01 1.080245e+02
    endloop
  endfacet
  facet normal -1.629435e-15 7.071068e-01 -7.071068e-01
    outer loop
      vertex   1.267567e+02 6.951251e+01 1.080247e+02
      vertex   1.293548e+02 6.951237e+01 1.080245e+02
      vertex   1.269951e+02 6.929282e+01 1.078050e+02
    endloop
  endfacet
  facet normal 1.226408e-15 7.071068e-01 -7.071068e-01
    outer loop
      vertex   1.269951e+02 6.929282e+01 1.078050e+02
      vertex   1.293548e+02 6.951237e+01 1.080245e+02
      vertex   1.291164e+02 6.929272e+01 1.078049e+02
    endloop
  endfacet
  facet normal 1.226003e-15 7.071068e-01 -7.071068e-01
    outer loop
      vertex   1.269951e+02 6.929282e+01 1.078050e+02
      vertex   1.291164e+02 6.929272e+01 1.078049e+02
      vertex   1.273057e+02 6.912425e+01 1.076364e+02
    endloop
  endfacet
  facet normal -1.009654e-15 7.071068e-01 -7.071068e-01
    outer loop
      vertex   1.273057e+02 6.912425e+01 1.076364e+02
      vertex   1.291164e+02 6.929272e+01 1.078049e+02
      vertex   1.288057e+02 6.912417e+01 1.076363e+02
    endloop
  endfacet
  facet normal -1.009162e-15 7.071068e-01 -7.071068e-01
    outer loop
      vertex   1.273057e+02 6.912425e+01 1.076364e+02
      vertex   1.288057e+02 6.912417e+01 1.076363e+02
      vertex   1.276675e+02 6.901827e+01 1.075304e+02
    endloop
  endfacet
  facet normal 2.750426e-15 7.071068e-01 -7.071068e-01
    outer loop
      vertex   1.276675e+02 6.901827e+01 1.075304e+02
      vertex   1.288057e+02 6.912417e+01 1.076363e+02
      vertex   1.284440e+02 6.901823e+01 1.075304e+02
    endloop
  endfacet
  facet normal 2.738572e-15 7.071068e-01 -7.071068e-01
    outer loop
      vertex   1.276675e+02 6.901827e+01 1.075304e+02
      vertex   1.284440e+02 6.901823e+01 1.075304e+02
      vertex   1.280557e+02 6.898211e+01 1.074943e+02
    endloop
  endfacet
  facet normal 5.315588e-05 -1.000000e+00 -1.412780e-09
    outer loop
      vertex   -6.739597e+01 6.877521e+01 1.041661e+02
      vertex   -6.339572e+01 6.877542e+01 1.041659e+02
      vertex   -6.739542e+01 6.877521e+01 1.098229e+02
    endloop
  endfacet
  facet normal 5.315588e-05 -1.000000e+00 -1.412781e-09
    outer loop
      vertex   -6.739542e+01 6.877521e+01 1.098229e+02
      vertex   -6.339572e+01 6.877542e+01 1.041659e+02
      vertex   -6.339542e+01 6.877542e+01 1.098227e+02
    endloop
  endfacet
  facet normal 4.270651e-14 -7.071068e-01 -7.071068e-01
    outer loop
      vertex   -6.739597e+01 7.110364e+01 1.018376e+02
      vertex   -6.339597e+01 7.110363e+01 1.018376e+02
      vertex   -6.739597e+01 6.877521e+01 1.041661e+02
    endloop
  endfacet
  facet normal 3.014322e-14 -7.071068e-01 -7.071068e-01
    outer loop
      vertex   -6.739597e+01 6.877521e+01 1.041661e+02
      vertex   -6.339597e+01 7.110363e+01 1.018376e+02
      vertex   -6.339572e+01 6.877542e+01 1.041659e+02
    endloop
  endfacet
  facet normal 1.000000e+00 5.315588e-05 -5.315588e-05
    outer loop
      vertex   -6.339597e+01 7.110363e+01 1.018376e+02
      vertex   -6.339597e+01 7.393228e+01 1.046659e+02
      vertex   -6.339572e+01 6.877542e+01 1.041659e+02
    endloop
  endfacet
  facet normal 1.000000e+00 5.315588e-05 -5.315588e-05
    outer loop
      vertex   -6.339572e+01 6.877542e+01 1.041659e+02
      vertex   -6.339597e+01 7.393228e+01 1.046659e+02
      vertex   -6.339542e+01 6.877542e+01 1.098227e+02
    endloop
  endfacet
  facet normal -1.184378e-08 -7.071068e-01 -7.071068e-01
    outer loop
      vertex   3.432979e+01 7.393206e+01 1.046661e+02
      vertex   1.240555e+02 7.393206e+01 1.046661e+02
      vertex   3.432979e+01 6.887338e+01 1.097247e+02
    endloop
  endfacet
  facet normal -9.605018e-09 -7.071068e-01 -7.071068e-01
    outer loop
      vertex   3.432979e+01 6.887338e+01 1.097247e+02
      vertex   1.240555e+02 7.393206e+01 1.046661e+02
      vertex   1.240561e+02 6.877500e+01 1.098231e+02
    endloop
  endfacet
  facet normal -9.626287e-09 -7.071068e-01 -7.071068e-01
    outer loop
      vertex   3.432979e+01 6.887338e+01 1.097247e+02
      vertex   1.240561e+02 6.877500e+01 1.098231e+02
      vertex   1.280555e+02 6.679029e+01 1.118078e+02
    endloop
  endfacet
  facet normal -2.511800e-14 -7.071068e-01 -7.071068e-01
    outer loop
      vertex   1.280555e+02 6.679029e+01 1.118078e+02
      vertex   1.240561e+02 6.877500e+01 1.098231e+02
      vertex   1.280555e+02 6.877521e+01 1.098229e+02
    endloop
  endfacet
  facet normal 1.048809e-14 -7.071066e-01 -7.071070e-01
    outer loop
      vertex   1.280555e+02 6.679029e+01 1.118078e+02
      vertex   -6.739597e+01 6.679029e+01 1.118078e+02
      vertex   3.432979e+01 6.887338e+01 1.097247e+02
    endloop
  endfacet
  facet normal 2.160966e-07 -7.071119e-01 -7.071017e-01
    outer loop
      vertex   3.432979e+01 6.887338e+01 1.097247e+02
      vertex   -6.739597e+01 6.679029e+01 1.118078e+02
      vertex   3.034166e+01 6.887338e+01 1.097247e+02
    endloop
  endfacet
  facet normal -1.739280e-14 -7.071068e-01 -7.071068e-01
    outer loop
      vertex   3.034166e+01 6.887338e+01 1.097247e+02
      vertex   -6.739597e+01 6.679029e+01 1.118078e+02
      vertex   2.632979e+01 6.887359e+01 1.097245e+02
    endloop
  endfacet
  facet normal -1.126561e-08 -7.071065e-01 -7.071070e-01
    outer loop
      vertex   2.632979e+01 6.887359e+01 1.097245e+02
      vertex   -6.739597e+01 6.679029e+01 1.118078e+02
      vertex   -6.339542e+01 6.877542e+01 1.098227e+02
    endloop
  endfacet
  facet normal -1.094093e-08 -7.071067e-01 -7.071069e-01
    outer loop
      vertex   2.632979e+01 6.887359e+01 1.097245e+02
      vertex   -6.339542e+01 6.877542e+01 1.098227e+02
      vertex   2.632979e+01 7.393206e+01 1.046661e+02
    endloop
  endfacet
  facet normal 1.132632e-09 -7.071068e-01 -7.071068e-01
    outer loop
      vertex   2.632979e+01 7.393206e+01 1.046661e+02
      vertex   -6.339542e+01 6.877542e+01 1.098227e+02
      vertex   -6.339597e+01 7.393228e+01 1.046659e+02
    endloop
  endfacet
  facet normal -2.569680e-11 -7.071065e-01 -7.071070e-01
    outer loop
      vertex   -6.739597e+01 6.679029e+01 1.118078e+02
      vertex   -6.739542e+01 6.877521e+01 1.098229e+02
      vertex   -6.339542e+01 6.877542e+01 1.098227e+02
    endloop
  endfacet
  facet normal -2.260934e-14 -7.071068e-01 -7.071068e-01
    outer loop
      vertex   1.280555e+02 7.110364e+01 1.018376e+02
      vertex   1.280555e+02 6.877521e+01 1.041661e+02
      vertex   1.240555e+02 7.110363e+01 1.018376e+02
    endloop
  endfacet
  facet normal -2.764610e-14 -7.071068e-01 -7.071068e-01
    outer loop
      vertex   1.240555e+02 7.110363e+01 1.018376e+02
      vertex   1.280555e+02 6.877521e+01 1.041661e+02
      vertex   1.240558e+02 6.877500e+01 1.041663e+02
    endloop
  endfacet
  facet normal 5.315588e-05 -1.000000e+00 -1.412778e-09
    outer loop
      vertex   1.240558e+02 6.877500e+01 1.041663e+02
      vertex   1.280555e+02 6.877521e+01 1.041661e+02
      vertex   1.240561e+02 6.877500e+01 1.098231e+02
    endloop
  endfacet
  facet normal 5.315588e-05 -1.000000e+00 -1.412780e-09
    outer loop
      vertex   1.240561e+02 6.877500e+01 1.098231e+02
      vertex   1.280555e+02 6.877521e+01 1.041661e+02
      vertex   1.280555e+02 6.877521e+01 1.098229e+02
    endloop
  endfacet
  facet normal -1.000000e+00 -5.315588e-05 5.315588e-05
    outer loop
      vertex   1.240555e+02 7.110363e+01 1.018376e+02
      vertex   1.240558e+02 6.877500e+01 1.041663e+02
      vertex   1.240555e+02 7.393206e+01 1.046661e+02
    endloop
  endfacet
  facet normal -1.000000e+00 -5.315588e-05 5.315588e-05
    outer loop
      vertex   1.240555e+02 7.393206e+01 1.046661e+02
      vertex   1.240558e+02 6.877500e+01 1.041663e+02
      vertex   1.240561e+02 6.877500e+01 1.098231e+02
    endloop
  endfacet
  facet normal -3.445807e-10 7.071068e-01 -7.071068e-01
    outer loop
      vertex   -3.245969e+00 -1.481922e+01 1.591478e+01
      vertex   -2.015847e+01 -1.481922e+01 1.591478e+01
      vertex   -3.245969e+00 -1.183999e+01 1.889401e+01
    endloop
  endfacet
  facet normal 5.827798e-10 7.071068e-01 -7.071068e-01
    outer loop
      vertex   -3.245969e+00 -1.183999e+01 1.889401e+01
      vertex   -2.015847e+01 -1.481922e+01 1.591478e+01
      vertex   -3.015824e+01 -1.481922e+01 1.591478e+01
    endloop
  endfacet
  facet normal -1.918212e-14 7.071068e-01 -7.071068e-01
    outer loop
      vertex   -3.245969e+00 -1.183999e+01 1.889401e+01
      vertex   -3.015824e+01 -1.481922e+01 1.591478e+01
      vertex   -4.398324e+01 -1.481922e+01 1.591478e+01
    endloop
  endfacet
  facet normal -3.880554e-15 7.071068e-01 -7.071068e-01
    outer loop
      vertex   -3.245969e+00 -1.183999e+01 1.889401e+01
      vertex   -4.398324e+01 -1.481922e+01 1.591478e+01
      vertex   -7.089597e+01 -1.183999e+01 1.889401e+01
    endloop
  endfacet
  facet normal 8.917057e-15 7.071068e-01 -7.071068e-01
    outer loop
      vertex   -7.089597e+01 -1.183999e+01 1.889401e+01
      vertex   -4.398324e+01 -1.481922e+01 1.591478e+01
      vertex   -6.398324e+01 -1.481922e+01 1.591478e+01
    endloop
  endfacet
  facet normal -1.829714e-16 7.071068e-01 -7.071068e-01
    outer loop
      vertex   -7.089597e+01 -1.183999e+01 1.889401e+01
      vertex   -6.398324e+01 -1.481922e+01 1.591478e+01
      vertex   -7.089597e+01 -1.481922e+01 1.591478e+01
    endloop
  endfacet
  facet normal -5.827910e-10 7.071068e-01 -7.071068e-01
    outer loop
      vertex   8.081805e+01 -1.481922e+01 1.591478e+01
      vertex   6.390555e+01 -1.183999e+01 1.889401e+01
      vertex   9.081782e+01 -1.481922e+01 1.591478e+01
    endloop
  endfacet
  facet normal -6.886613e-15 7.071068e-01 -7.071068e-01
    outer loop
      vertex   9.081782e+01 -1.481922e+01 1.591478e+01
      vertex   6.390555e+01 -1.183999e+01 1.889401e+01
      vertex   1.315555e+02 -1.183999e+01 1.889401e+01
    endloop
  endfacet
  facet normal 8.086118e-15 7.071068e-01 -7.071068e-01
    outer loop
      vertex   9.081782e+01 -1.481922e+01 1.591478e+01
      vertex   1.315555e+02 -1.183999e+01 1.889401e+01
      vertex   1.046428e+02 -1.481922e+01 1.591478e+01
    endloop
  endfacet
  facet normal -1.997158e-14 7.071068e-01 -7.071068e-01
    outer loop
      vertex   1.046428e+02 -1.481922e+01 1.591478e+01
      vertex   1.315555e+02 -1.183999e+01 1.889401e+01
      vertex   1.246428e+02 -1.481922e+01 1.591478e+01
    endloop
  endfacet
  facet normal -8.903525e-15 7.071068e-01 -7.071068e-01
    outer loop
      vertex   1.246428e+02 -1.481922e+01 1.591478e+01
      vertex   1.315555e+02 -1.183999e+01 1.889401e+01
      vertex   1.315555e+02 -1.481922e+01 1.591478e+01
    endloop
  endfacet
  facet normal 3.445703e-10 7.071068e-01 -7.071068e-01
    outer loop
      vertex   8.081805e+01 -1.481922e+01 1.591478e+01
      vertex   6.390555e+01 -1.481922e+01 1.591478e+01
      vertex   6.390555e+01 -1.183999e+01 1.889401e+01
    endloop
  endfacet
  facet normal -5.274830e-15 7.071068e-01 -7.071068e-01
    outer loop
      vertex   -3.245969e+00 -1.567344e+01 2.272746e+01
      vertex   6.390555e+01 -1.567344e+01 2.272746e+01
      vertex   -3.245969e+00 -1.972423e+01 1.867667e+01
    endloop
  endfacet
  facet normal -5.349651e-15 7.071068e-01 -7.071068e-01
    outer loop
      vertex   -3.245969e+00 -1.972423e+01 1.867667e+01
      vertex   6.390555e+01 -1.567344e+01 2.272746e+01
      vertex   6.390555e+01 -1.972423e+01 1.867667e+01
    endloop
  endfacet
  facet normal -1.282996e-14 7.071068e-01 7.071068e-01
    outer loop
      vertex   6.390555e+01 -1.183999e+01 1.889401e+01
      vertex   6.390555e+01 -1.567344e+01 2.272746e+01
      vertex   1.315555e+02 -1.183999e+01 1.889401e+01
    endloop
  endfacet
  facet normal -1.265067e-14 7.071068e-01 7.071068e-01
    outer loop
      vertex   1.315555e+02 -1.183999e+01 1.889401e+01
      vertex   6.390555e+01 -1.567344e+01 2.272746e+01
      vertex   1.315555e+02 -1.898176e+01 2.603579e+01
    endloop
  endfacet
  facet normal -1.069625e-14 7.071068e-01 7.071068e-01
    outer loop
      vertex   1.315555e+02 -1.898176e+01 2.603579e+01
      vertex   6.390555e+01 -1.567344e+01 2.272746e+01
      vertex   -7.089597e+01 -1.898176e+01 2.603579e+01
    endloop
  endfacet
  facet normal -1.066333e-14 7.071068e-01 7.071068e-01
    outer loop
      vertex   -7.089597e+01 -1.898176e+01 2.603579e+01
      vertex   6.390555e+01 -1.567344e+01 2.272746e+01
      vertex   -3.245969e+00 -1.567344e+01 2.272746e+01
    endloop
  endfacet
  facet normal -8.896543e-15 7.071068e-01 7.071068e-01
    outer loop
      vertex   -7.089597e+01 -1.898176e+01 2.603579e+01
      vertex   -3.245969e+00 -1.567344e+01 2.272746e+01
      vertex   -7.089597e+01 -1.183999e+01 1.889401e+01
    endloop
  endfacet
  facet normal -8.782306e-15 7.071068e-01 7.071068e-01
    outer loop
      vertex   -7.089597e+01 -1.183999e+01 1.889401e+01
      vertex   -3.245969e+00 -1.567344e+01 2.272746e+01
      vertex   -3.245969e+00 -1.183999e+01 1.889401e+01
    endloop
  endfacet
  facet normal 1.000000e+00 -1.105345e-12 2.081489e-12
    outer loop
      vertex   1.315555e+02 -1.382927e+01 1.492483e+01
      vertex   1.315555e+02 -1.481922e+01 1.591478e+01
      vertex   1.315555e+02 -1.665770e+01 1.492483e+01
    endloop
  endfacet
  facet normal 1.000000e+00 -7.486050e-13 1.418974e-12
    outer loop
      vertex   1.315555e+02 -1.665770e+01 1.492483e+01
      vertex   1.315555e+02 -1.481922e+01 1.591478e+01
      vertex   1.315555e+02 -2.285004e+01 2.287461e+01
    endloop
  endfacet
  facet normal 1.000000e+00 -1.125443e-12 1.125443e-12
    outer loop
      vertex   1.315555e+02 -1.665770e+01 1.492483e+01
      vertex   1.315555e+02 -2.285004e+01 2.287461e+01
      vertex   1.315555e+02 -2.380008e+01 2.192457e+01
    endloop
  endfacet
  facet normal 1.000000e+00 -9.758307e-13 1.013991e-12
    outer loop
      vertex   1.315555e+02 -1.183999e+01 1.889401e+01
      vertex   1.315555e+02 -1.898176e+01 2.603579e+01
      vertex   1.315555e+02 -1.481922e+01 1.591478e+01
    endloop
  endfacet
  facet normal 1.000000e+00 -1.168116e-12 9.349078e-13
    outer loop
      vertex   1.315555e+02 -1.481922e+01 1.591478e+01
      vertex   1.315555e+02 -1.898176e+01 2.603579e+01
      vertex   1.315555e+02 -2.285004e+01 2.287461e+01
    endloop
  endfacet
  facet normal 1.000000e+00 -1.488341e-12 1.566432e-12
    outer loop
      vertex   1.315555e+02 -1.825385e+01 2.676370e+01
      vertex   1.315555e+02 -1.931451e+01 2.782436e+01
      vertex   1.315555e+02 -1.898176e+01 2.603579e+01
    endloop
  endfacet
  facet normal 1.000000e+00 -1.531589e-12 1.558386e-12
    outer loop
      vertex   1.315555e+02 -1.898176e+01 2.603579e+01
      vertex   1.315555e+02 -1.931451e+01 2.782436e+01
      vertex   1.315555e+02 -2.355715e+01 2.358172e+01
    endloop
  endfacet
  facet normal 1.000000e+00 -1.252685e-12 1.038393e-12
    outer loop
      vertex   1.315555e+02 -1.898176e+01 2.603579e+01
      vertex   1.315555e+02 -2.355715e+01 2.358172e+01
      vertex   1.315555e+02 -2.285004e+01 2.287461e+01
    endloop
  endfacet
  facet normal 1.000000e+00 -1.125444e-12 1.125442e-12
    outer loop
      vertex   1.315555e+02 -2.380008e+01 2.192457e+01
      vertex   1.315555e+02 -1.672902e+01 1.485351e+01
      vertex   1.315555e+02 -1.665770e+01 1.492483e+01
    endloop
  endfacet
  facet normal 1.000000e+00 8.058985e-29 -2.692613e-14
    outer loop
      vertex   -3.245969e+00 -9.586628e+00 8.308173e+00
      vertex   -3.245969e+00 -7.212612e+00 8.308173e+00
      vertex   -3.245969e+00 -9.471178e+00 8.423623e+00
    endloop
  endfacet
  facet normal 1.000000e+00 1.658089e-15 5.511303e-15
    outer loop
      vertex   -3.245969e+00 -9.471178e+00 8.423623e+00
      vertex   -3.245969e+00 -7.212612e+00 8.308173e+00
      vertex   -3.245969e+00 -1.481922e+01 1.591478e+01
    endloop
  endfacet
  facet normal 1.000000e+00 1.119046e-14 1.231659e-14
    outer loop
      vertex   -3.245969e+00 -9.471178e+00 8.423623e+00
      vertex   -3.245969e+00 -1.481922e+01 1.591478e+01
      vertex   -3.245969e+00 -1.972423e+01 1.867667e+01
    endloop
  endfacet
  facet normal 1.000000e+00 5.526364e-15 2.257389e-15
    outer loop
      vertex   -3.245969e+00 -1.972423e+01 1.867667e+01
      vertex   -3.245969e+00 -1.481922e+01 1.591478e+01
      vertex   -3.245969e+00 -1.567344e+01 2.272746e+01
    endloop
  endfacet
  facet normal 1.000000e+00 -1.278118e-14 -3.813089e-17
    outer loop
      vertex   -3.245969e+00 -1.567344e+01 2.272746e+01
      vertex   -3.245969e+00 -1.481922e+01 1.591478e+01
      vertex   -3.245969e+00 -1.183999e+01 1.889401e+01
    endloop
  endfacet
  facet normal -7.374503e-09 7.071068e-01 7.071068e-01
    outer loop
      vertex   1.440555e+02 -1.446566e+01 1.556123e+01
      vertex   1.440555e+02 -1.481922e+01 1.591478e+01
      vertex   1.500365e+02 -1.446566e+01 1.556123e+01
    endloop
  endfacet
  facet normal -7.374502e-09 7.071068e-01 7.071068e-01
    outer loop
      vertex   1.500365e+02 -1.446566e+01 1.556123e+01
      vertex   1.440555e+02 -1.481922e+01 1.591478e+01
      vertex   1.500365e+02 -1.481922e+01 1.591478e+01
    endloop
  endfacet
  facet normal 7.374914e-09 7.071068e-01 7.071068e-01
    outer loop
      vertex   -8.339597e+01 -1.446566e+01 1.556123e+01
      vertex   -8.937696e+01 -1.446566e+01 1.556123e+01
      vertex   -8.339597e+01 -1.481922e+01 1.591478e+01
    endloop
  endfacet
  facet normal 7.374914e-09 7.071068e-01 7.071068e-01
    outer loop
      vertex   -8.339597e+01 -1.481922e+01 1.591478e+01
      vertex   -8.937696e+01 -1.446566e+01 1.556123e+01
      vertex   -8.937696e+01 -1.481922e+01 1.591478e+01
    endloop
  endfacet
  facet normal -9.994177e-01 -2.412866e-02 -2.412608e-02
    outer loop
      vertex   1.440555e+02 -3.706884e+00 2.787564e+01
      vertex   1.440555e+02 -3.282618e+00 2.745138e+01
      vertex   1.440555e+02 -3.706932e+00 2.787559e+01
    endloop
  endfacet
  facet normal -1.000000e+00 -5.533831e-05 -4.732573e-05
    outer loop
      vertex   1.440555e+02 -3.706932e+00 2.787559e+01
      vertex   1.440555e+02 -3.282618e+00 2.745138e+01
      vertex   1.440555e+02 -3.284499e+00 2.744950e+01
    endloop
  endfacet
  facet normal -9.999997e-01 5.757597e-04 5.783430e-04
    outer loop
      vertex   1.440555e+02 -3.706932e+00 2.787559e+01
      vertex   1.440555e+02 -3.284499e+00 2.744950e+01
      vertex   1.440555e+02 -3.708765e+00 2.787376e+01
    endloop
  endfacet
  facet normal -1.000000e+00 1.513988e-12 -1.540784e-12
    outer loop
      vertex   1.440555e+02 -1.931451e+01 2.782436e+01
      vertex   1.440555e+02 -1.825385e+01 2.676370e+01
      vertex   1.440555e+02 -2.355715e+01 2.358172e+01
    endloop
  endfacet
  facet normal -1.000000e+00 -5.094577e-08 8.491059e-08
    outer loop
      vertex   1.440555e+02 -2.355715e+01 2.358172e+01
      vertex   1.440555e+02 -1.825385e+01 2.676370e+01
      vertex   1.440555e+02 -1.481922e+01 1.591478e+01
    endloop
  endfacet
  facet normal -1.000000e+00 -1.023520e-06 -1.023522e-06
    outer loop
      vertex   1.440555e+02 -2.355715e+01 2.358172e+01
      vertex   1.440555e+02 -1.481922e+01 1.591478e+01
      vertex   1.440555e+02 -1.490026e+01 1.492483e+01
    endloop
  endfacet
  facet normal -1.000000e+00 -1.023522e-06 -1.023522e-06
    outer loop
      vertex   1.440555e+02 -1.490026e+01 1.492483e+01
      vertex   1.440555e+02 -1.481922e+01 1.591478e+01
      vertex   1.440555e+02 -1.446566e+01 1.556123e+01
    endloop
  endfacet
  facet normal -1.000000e+00 8.808629e-13 -1.722492e-06
    outer loop
      vertex   1.440555e+02 -1.490026e+01 1.492483e+01
      vertex   1.440555e+02 -1.446566e+01 1.556123e+01
      vertex   1.440555e+02 -1.382927e+01 1.492483e+01
    endloop
  endfacet
  facet normal -1.000000e+00 -7.528332e-09 9.865601e-08
    outer loop
      vertex   1.440555e+02 -1.481922e+01 1.591478e+01
      vertex   1.440555e+02 -1.825385e+01 2.676370e+01
      vertex   1.440555e+02 -3.708765e+00 2.787376e+01
    endloop
  endfacet
  facet normal -1.000000e+00 1.047453e-12 -1.076494e-12
    outer loop
      vertex   1.440555e+02 -3.708765e+00 2.787376e+01
      vertex   1.440555e+02 -1.825385e+01 2.676370e+01
      vertex   1.440555e+02 -1.042444e+01 3.459311e+01
    endloop
  endfacet
  facet normal -9.999997e-01 5.772088e-04 5.768939e-04
    outer loop
      vertex   1.440555e+02 -3.708765e+00 2.787376e+01
      vertex   1.440555e+02 -1.042444e+01 3.459311e+01
      vertex   1.440555e+02 -3.706932e+00 2.787559e+01
    endloop
  endfacet
  facet normal -1.000000e+00 -1.291591e-06 1.291610e-06
    outer loop
      vertex   1.440555e+02 -3.708765e+00 2.787376e+01
      vertex   1.440555e+02 -3.284499e+00 2.744950e+01
      vertex   1.440555e+02 -1.481922e+01 1.591478e+01
    endloop
  endfacet
  facet normal 9.902681e-01 9.841024e-02 9.841024e-02
    outer loop
      vertex   1.321624e+02 6.690874e+01 1.140476e+02
      vertex   1.505139e+02 -2.542368e+01 2.171519e+01
      vertex   1.500365e+02 -1.481922e+01 1.591478e+01
    endloop
  endfacet
  facet normal 9.902681e-01 9.841024e-02 9.841024e-02
    outer loop
      vertex   1.500365e+02 -1.481922e+01 1.591478e+01
      vertex   1.505139e+02 -2.542368e+01 2.171519e+01
      vertex   1.518533e+02 -2.583757e+01 8.651985e+00
    endloop
  endfacet
  facet normal 9.902681e-01 9.841024e-02 9.841024e-02
    outer loop
      vertex   1.500365e+02 -1.481922e+01 1.591478e+01
      vertex   1.518533e+02 -2.583757e+01 8.651985e+00
      vertex   1.509811e+02 -1.687668e+01 8.467104e+00
    endloop
  endfacet
  facet normal 9.902681e-01 9.841024e-02 9.841024e-02
    outer loop
      vertex   1.511024e+02 -1.685040e+01 7.220644e+00
      vertex   1.503204e+02 -1.057894e+01 8.817558e+00
      vertex   1.509811e+02 -1.687668e+01 8.467104e+00
    endloop
  endfacet
  facet normal 9.902681e-01 9.841024e-02 9.841024e-02
    outer loop
      vertex   1.509811e+02 -1.687668e+01 8.467104e+00
      vertex   1.503204e+02 -1.057894e+01 8.817558e+00
      vertex   1.500365e+02 -1.032822e+01 1.142378e+01
    endloop
  endfacet
  facet normal 9.902681e-01 9.841024e-02 9.841024e-02
    outer loop
      vertex   1.509811e+02 -1.687668e+01 8.467104e+00
      vertex   1.500365e+02 -1.032822e+01 1.142378e+01
      vertex   1.500365e+02 -1.446566e+01 1.556123e+01
    endloop
  endfacet
  facet normal 9.902681e-01 9.841024e-02 9.841025e-02
    outer loop
      vertex   1.500365e+02 -1.446566e+01 1.556123e+01
      vertex   1.500365e+02 -1.481922e+01 1.591478e+01
      vertex   1.509811e+02 -1.687668e+01 8.467104e+00
    endloop
  endfacet
  facet normal 9.902681e-01 9.841024e-02 9.841024e-02
    outer loop
      vertex   1.500365e+02 -1.481922e+01 1.591478e+01
      vertex   1.321624e+02 7.511118e+01 1.058452e+02
      vertex   1.321624e+02 6.690874e+01 1.140476e+02
    endloop
  endfacet
  facet normal -2.201939e-22 7.071068e-01 7.071068e-01
    outer loop
      vertex   1.291916e+02 7.693727e+01 1.076713e+02
      vertex   -6.853206e+01 7.693727e+01 1.076713e+02
      vertex   1.291916e+02 6.873483e+01 1.158737e+02
    endloop
  endfacet
  facet normal -2.159909e-14 7.071068e-01 7.071068e-01
    outer loop
      vertex   1.291916e+02 6.873483e+01 1.158737e+02
      vertex   -6.853206e+01 7.693727e+01 1.076713e+02
      vertex   -6.853206e+01 6.873483e+01 1.158737e+02
    endloop
  endfacet
  facet normal -5.620913e-17 7.071068e-01 -7.071068e-01
    outer loop
      vertex   -5.905597e+01 6.471847e+01 1.097360e+02
      vertex   1.280555e+02 6.679029e+01 1.118078e+02
      vertex   1.197155e+02 6.471847e+01 1.097360e+02
    endloop
  endfacet
  facet normal 4.493244e-15 7.071068e-01 -7.071068e-01
    outer loop
      vertex   1.197155e+02 6.471847e+01 1.097360e+02
      vertex   1.280555e+02 6.679029e+01 1.118078e+02
      vertex   1.280555e+02 -1.043715e+01 3.458040e+01
    endloop
  endfacet
  facet normal -9.487743e-16 7.071068e-01 -7.071068e-01
    outer loop
      vertex   1.197155e+02 6.471847e+01 1.097360e+02
      vertex   1.280555e+02 -1.043715e+01 3.458040e+01
      vertex   1.197155e+02 -1.655639e+01 2.846116e+01
    endloop
  endfacet
  facet normal 1.595315e-16 7.071068e-01 -7.071068e-01
    outer loop
      vertex   1.197155e+02 -1.655639e+01 2.846116e+01
      vertex   1.280555e+02 -1.043715e+01 3.458040e+01
      vertex   1.315555e+02 -1.825385e+01 2.676370e+01
    endloop
  endfacet
  facet normal 2.331865e-15 7.071068e-01 -7.071068e-01
    outer loop
      vertex   1.197155e+02 -1.655639e+01 2.846116e+01
      vertex   1.315555e+02 -1.825385e+01 2.676370e+01
      vertex   1.315555e+02 -1.898176e+01 2.603579e+01
    endloop
  endfacet
  facet normal 5.929840e-17 7.071068e-01 -7.071068e-01
    outer loop
      vertex   -5.905597e+01 -1.655639e+01 2.846116e+01
      vertex   -6.739597e+01 -1.043715e+01 3.458040e+01
      vertex   -5.905597e+01 6.471847e+01 1.097360e+02
    endloop
  endfacet
  facet normal -3.276324e-15 7.071068e-01 -7.071068e-01
    outer loop
      vertex   -5.905597e+01 6.471847e+01 1.097360e+02
      vertex   -6.739597e+01 -1.043715e+01 3.458040e+01
      vertex   -6.739597e+01 6.679029e+01 1.118078e+02
    endloop
  endfacet
  facet normal 0.000000e+00 7.071068e-01 -7.071068e-01
    outer loop
      vertex   -5.905597e+01 6.471847e+01 1.097360e+02
      vertex   -6.739597e+01 6.679029e+01 1.118078e+02
      vertex   1.280555e+02 6.679029e+01 1.118078e+02
    endloop
  endfacet
  facet normal 2.810457e-17 7.071068e-01 -7.071068e-01
    outer loop
      vertex   1.197155e+02 -1.655639e+01 2.846116e+01
      vertex   -7.089597e+01 -1.898176e+01 2.603579e+01
      vertex   -5.905597e+01 -1.655639e+01 2.846116e+01
    endloop
  endfacet
  facet normal 2.623348e-15 7.071068e-01 -7.071068e-01
    outer loop
      vertex   -5.905597e+01 -1.655639e+01 2.846116e+01
      vertex   -7.089597e+01 -1.898176e+01 2.603579e+01
      vertex   -7.089597e+01 -1.825385e+01 2.676370e+01
    endloop
  endfacet
  facet normal -2.320459e-16 7.071068e-01 -7.071068e-01
    outer loop
      vertex   -5.905597e+01 -1.655639e+01 2.846116e+01
      vertex   -7.089597e+01 -1.825385e+01 2.676370e+01
      vertex   -6.739597e+01 -1.043715e+01 3.458040e+01
    endloop
  endfacet
  facet normal -6.886834e-16 7.071068e-01 -7.071068e-01
    outer loop
      vertex   -6.739597e+01 -1.043715e+01 3.458040e+01
      vertex   -7.089597e+01 -1.825385e+01 2.676370e+01
      vertex   -7.524597e+01 -1.754674e+01 2.747081e+01
    endloop
  endfacet
  facet normal -8.222580e-17 7.071068e-01 -7.071068e-01
    outer loop
      vertex   -6.739597e+01 -1.043715e+01 3.458040e+01
      vertex   -7.524597e+01 -1.754674e+01 2.747081e+01
      vertex   -8.339597e+01 -1.042444e+01 3.459311e+01
    endloop
  endfacet
  facet normal 2.042039e-15 7.071068e-01 -7.071068e-01
    outer loop
      vertex   -8.339597e+01 -1.042444e+01 3.459311e+01
      vertex   -7.524597e+01 -1.754674e+01 2.747081e+01
      vertex   -7.904597e+01 -1.754674e+01 2.747081e+01
    endloop
  endfacet
  facet normal 0.000000e+00 7.071068e-01 -7.071068e-01
    outer loop
      vertex   -8.339597e+01 -1.042444e+01 3.459311e+01
      vertex   -7.904597e+01 -1.754674e+01 2.747081e+01
      vertex   -8.339597e+01 -1.825385e+01 2.676370e+01
    endloop
  endfacet
  facet normal 5.775054e-16 7.071068e-01 -7.071068e-01
    outer loop
      vertex   -8.339597e+01 -1.825385e+01 2.676370e+01
      vertex   -7.904597e+01 -1.754674e+01 2.747081e+01
      vertex   -7.904597e+01 -1.825385e+01 2.676370e+01
    endloop
  endfacet
  facet normal 6.525715e-15 7.071068e-01 -7.071068e-01
    outer loop
      vertex   1.440555e+02 -1.042132e+01 3.459623e+01
      vertex   1.440555e+02 -1.042444e+01 3.459311e+01
      vertex   1.280555e+02 -1.043715e+01 3.458040e+01
    endloop
  endfacet
  facet normal 7.863165e-16 7.071068e-01 -7.071068e-01
    outer loop
      vertex   1.280555e+02 -1.043715e+01 3.458040e+01
      vertex   1.440555e+02 -1.042444e+01 3.459311e+01
      vertex   1.359055e+02 -1.754674e+01 2.747081e+01
    endloop
  endfacet
  facet normal -3.581153e-15 7.071068e-01 -7.071068e-01
    outer loop
      vertex   1.280555e+02 -1.043715e+01 3.458040e+01
      vertex   1.359055e+02 -1.754674e+01 2.747081e+01
      vertex   1.315555e+02 -1.825385e+01 2.676370e+01
    endloop
  endfacet
  facet normal -1.155010e-15 7.071068e-01 -7.071068e-01
    outer loop
      vertex   1.315555e+02 -1.825385e+01 2.676370e+01
      vertex   1.359055e+02 -1.754674e+01 2.747081e+01
      vertex   1.359055e+02 -1.825385e+01 2.676370e+01
    endloop
  endfacet
  facet normal -6.610916e-16 7.071068e-01 -7.071068e-01
    outer loop
      vertex   1.359055e+02 -1.754674e+01 2.747081e+01
      vertex   1.440555e+02 -1.042444e+01 3.459311e+01
      vertex   1.397055e+02 -1.754674e+01 2.747081e+01
    endloop
  endfacet
  facet normal 9.957744e-16 7.071068e-01 -7.071068e-01
    outer loop
      vertex   1.397055e+02 -1.754674e+01 2.747081e+01
      vertex   1.440555e+02 -1.042444e+01 3.459311e+01
      vertex   1.440555e+02 -1.825385e+01 2.676370e+01
    endloop
  endfacet
  facet normal 0.000000e+00 7.071068e-01 -7.071068e-01
    outer loop
      vertex   1.397055e+02 -1.754674e+01 2.747081e+01
      vertex   1.440555e+02 -1.825385e+01 2.676370e+01
      vertex   1.397055e+02 -1.825385e+01 2.676370e+01
    endloop
  endfacet
  facet normal -9.926912e-17 7.071068e-01 -7.071068e-01
    outer loop
      vertex   1.315555e+02 -1.898176e+01 2.603579e+01
      vertex   -7.089597e+01 -1.898176e+01 2.603579e+01
      vertex   1.197155e+02 -1.655639e+01 2.846116e+01
    endloop
  endfacet
  facet normal 2.310021e-15 7.071068e-01 -7.071068e-01
    outer loop
      vertex   -7.089597e+01 -1.825385e+01 2.676370e+01
      vertex   -7.524597e+01 -1.825385e+01 2.676370e+01
      vertex   -7.524597e+01 -1.754674e+01 2.747081e+01
    endloop
  endfacet
  facet normal -1.354220e-15 7.071068e-01 -7.071068e-01
    outer loop
      vertex   -8.339597e+01 -1.042444e+01 3.459311e+01
      vertex   -8.339596e+01 -1.042132e+01 3.459623e+01
      vertex   -6.739597e+01 -1.043715e+01 3.458040e+01
    endloop
  endfacet
  facet normal -1.000000e+00 -1.154006e-14 -1.154006e-14
    outer loop
      vertex   1.197155e+02 6.471847e+01 1.097360e+02
      vertex   1.197155e+02 -1.655639e+01 2.846116e+01
      vertex   1.197155e+02 6.365781e+01 1.107967e+02
    endloop
  endfacet
  facet normal -1.000000e+00 4.275184e-14 -6.443316e-14
    outer loop
      vertex   1.197155e+02 6.365781e+01 1.107967e+02
      vertex   1.197155e+02 -1.655639e+01 2.846116e+01
      vertex   1.197155e+02 -1.761705e+01 2.952182e+01
    endloop
  endfacet
  facet normal -4.974508e-15 7.071068e-01 7.071068e-01
    outer loop
      vertex   -5.905597e+01 -1.655639e+01 2.846116e+01
      vertex   -5.905597e+01 -1.761705e+01 2.952182e+01
      vertex   1.197155e+02 -1.655639e+01 2.846116e+01
    endloop
  endfacet
  facet normal -1.080591e-14 7.071068e-01 7.071068e-01
    outer loop
      vertex   1.197155e+02 -1.655639e+01 2.846116e+01
      vertex   -5.905597e+01 -1.761705e+01 2.952182e+01
      vertex   1.197155e+02 -1.761705e+01 2.952182e+01
    endloop
  endfacet
  facet normal -1.000000e+00 1.412832e-11 1.099316e-11
    outer loop
      vertex   1.397055e+02 -1.860740e+01 2.853147e+01
      vertex   1.397055e+02 -1.754674e+01 2.747081e+01
      vertex   1.397055e+02 -1.931451e+01 2.782436e+01
    endloop
  endfacet
  facet normal -1.000000e+00 1.414842e-11 1.109364e-11
    outer loop
      vertex   1.397055e+02 -1.931451e+01 2.782436e+01
      vertex   1.397055e+02 -1.754674e+01 2.747081e+01
      vertex   1.397055e+02 -1.825385e+01 2.676370e+01
    endloop
  endfacet
  facet normal 2.887527e-14 -7.071068e-01 -7.071068e-01
    outer loop
      vertex   1.397055e+02 -1.825385e+01 2.676370e+01
      vertex   1.440555e+02 -1.825385e+01 2.676370e+01
      vertex   1.397055e+02 -1.931451e+01 2.782436e+01
    endloop
  endfacet
  facet normal 2.252271e-14 -7.071068e-01 -7.071068e-01
    outer loop
      vertex   1.397055e+02 -1.931451e+01 2.782436e+01
      vertex   1.440555e+02 -1.825385e+01 2.676370e+01
      vertex   1.440555e+02 -1.931451e+01 2.782436e+01
    endloop
  endfacet
  facet normal 1.399172e-03 7.071061e-01 7.071061e-01
    outer loop
      vertex   -7.089597e+01 -1.672902e+01 1.485351e+01
      vertex   -8.339695e+01 -1.671665e+01 1.486588e+01
      vertex   -7.089597e+01 -2.380008e+01 2.192457e+01
    endloop
  endfacet
  facet normal 1.399172e-03 7.071061e-01 7.071061e-01
    outer loop
      vertex   -7.089597e+01 -2.380008e+01 2.192457e+01
      vertex   -8.339695e+01 -1.671665e+01 1.486588e+01
      vertex   -8.339695e+01 -2.378772e+01 2.193694e+01
    endloop
  endfacet
  facet normal 1.896951e-13 7.071068e-01 -7.071068e-01
    outer loop
      vertex   -7.089597e+01 -2.380008e+01 2.192457e+01
      vertex   -8.339695e+01 -2.378772e+01 2.193694e+01
      vertex   -7.089597e+01 -2.285004e+01 2.287461e+01
    endloop
  endfacet
  facet normal 1.895297e-13 7.071068e-01 -7.071068e-01
    outer loop
      vertex   -7.089597e+01 -2.285004e+01 2.287461e+01
      vertex   -8.339695e+01 -2.378772e+01 2.193694e+01
      vertex   -8.339510e+01 -2.285004e+01 2.287461e+01
    endloop
  endfacet
  facet normal -1.212965e-09 -7.071074e-01 7.071062e-01
    outer loop
      vertex   -7.089597e+01 -1.672902e+01 1.485351e+01
      vertex   -7.089597e+01 -1.665770e+01 1.492483e+01
      vertex   -8.339695e+01 -1.671665e+01 1.486588e+01
    endloop
  endfacet
  facet normal 2.363969e-12 -7.071075e-01 7.071060e-01
    outer loop
      vertex   -8.339695e+01 -1.671665e+01 1.486588e+01
      vertex   -7.089597e+01 -1.665770e+01 1.492483e+01
      vertex   -8.339684e+01 -1.665770e+01 1.492483e+01
    endloop
  endfacet
  facet normal 9.999990e-01 -9.897878e-04 -9.897878e-04
    outer loop
      vertex   -8.339695e+01 -1.671665e+01 1.486588e+01
      vertex   -8.339684e+01 -1.665770e+01 1.492483e+01
      vertex   -8.339695e+01 -2.378772e+01 2.193694e+01
    endloop
  endfacet
  facet normal 9.999990e-01 -9.897878e-04 -9.897878e-04
    outer loop
      vertex   -8.339695e+01 -2.378772e+01 2.193694e+01
      vertex   -8.339684e+01 -1.665770e+01 1.492483e+01
      vertex   -8.339510e+01 -2.285004e+01 2.287461e+01
    endloop
  endfacet
  facet normal 9.999990e-01 -9.897878e-04 -9.897878e-04
    outer loop
      vertex   -8.339510e+01 -2.285004e+01 2.287461e+01
      vertex   -8.339684e+01 -1.665770e+01 1.492483e+01
      vertex   -8.339510e+01 -1.490026e+01 1.492483e+01
    endloop
  endfacet
  facet normal -1.065044e-26 7.071068e-01 7.071068e-01
    outer loop
      vertex   -7.089597e+01 -1.382927e+01 1.492483e+01
      vertex   -8.937696e+01 -1.032822e+01 1.142378e+01
      vertex   -8.339597e+01 -1.382927e+01 1.492483e+01
    endloop
  endfacet
  facet normal -1.192829e-15 7.071068e-01 7.071068e-01
    outer loop
      vertex   -8.339597e+01 -1.382927e+01 1.492483e+01
      vertex   -8.937696e+01 -1.032822e+01 1.142378e+01
      vertex   -8.937696e+01 -1.446566e+01 1.556123e+01
    endloop
  endfacet
  facet normal 7.374916e-09 7.071067e-01 7.071068e-01
    outer loop
      vertex   -8.339597e+01 -1.382927e+01 1.492483e+01
      vertex   -8.937696e+01 -1.446566e+01 1.556123e+01
      vertex   -8.339597e+01 -1.446566e+01 1.556123e+01
    endloop
  endfacet
  facet normal -1.271932e-15 7.071068e-01 7.071068e-01
    outer loop
      vertex   -7.089597e+01 -1.481922e+01 1.591478e+01
      vertex   -6.398324e+01 -1.481922e+01 1.591478e+01
      vertex   -7.089597e+01 -1.382927e+01 1.492483e+01
    endloop
  endfacet
  facet normal -5.035646e-16 7.071068e-01 7.071068e-01
    outer loop
      vertex   -7.089597e+01 -1.382927e+01 1.492483e+01
      vertex   -6.398324e+01 -1.481922e+01 1.591478e+01
      vertex   -4.398324e+01 -1.481922e+01 1.591478e+01
    endloop
  endfacet
  facet normal 1.048730e-16 7.071068e-01 7.071068e-01
    outer loop
      vertex   -7.089597e+01 -1.382927e+01 1.492483e+01
      vertex   -4.398324e+01 -1.481922e+01 1.591478e+01
      vertex   -1.504039e+01 -1.165602e+01 1.275158e+01
    endloop
  endfacet
  facet normal 4.796670e-15 7.071068e-01 7.071068e-01
    outer loop
      vertex   -1.504039e+01 -1.165602e+01 1.275158e+01
      vertex   -4.398324e+01 -1.481922e+01 1.591478e+01
      vertex   -3.015824e+01 -1.481922e+01 1.591478e+01
    endloop
  endfacet
  facet normal -8.288037e-16 7.071068e-01 7.071068e-01
    outer loop
      vertex   -1.504039e+01 -1.165602e+01 1.275158e+01
      vertex   -3.015824e+01 -1.481922e+01 1.591478e+01
      vertex   -1.418223e+01 -1.173021e+01 1.282577e+01
    endloop
  endfacet
  facet normal -3.131100e-15 7.071068e-01 7.071068e-01
    outer loop
      vertex   -1.418223e+01 -1.173021e+01 1.282577e+01
      vertex   -3.015824e+01 -1.481922e+01 1.591478e+01
      vertex   -2.015847e+01 -1.481922e+01 1.591478e+01
    endloop
  endfacet
  facet normal -1.322365e-15 7.071068e-01 7.071068e-01
    outer loop
      vertex   -1.418223e+01 -1.173021e+01 1.282577e+01
      vertex   -2.015847e+01 -1.481922e+01 1.591478e+01
      vertex   -3.245969e+00 -1.481922e+01 1.591478e+01
    endloop
  endfacet
  facet normal 6.878013e-16 7.071068e-01 7.071068e-01
    outer loop
      vertex   -3.245969e+00 -7.212612e+00 8.308173e+00
      vertex   -1.044846e+01 -1.005571e+01 1.115127e+01
      vertex   -3.245969e+00 -1.481922e+01 1.591478e+01
    endloop
  endfacet
  facet normal -7.789436e-16 7.071068e-01 7.071068e-01
    outer loop
      vertex   -3.245969e+00 -1.481922e+01 1.591478e+01
      vertex   -1.044846e+01 -1.005571e+01 1.115127e+01
      vertex   -1.099977e+01 -1.058663e+01 1.168219e+01
    endloop
  endfacet
  facet normal 1.479288e-15 7.071068e-01 7.071068e-01
    outer loop
      vertex   -3.245969e+00 -1.481922e+01 1.591478e+01
      vertex   -1.099977e+01 -1.058663e+01 1.168219e+01
      vertex   -1.170888e+01 -1.107561e+01 1.217118e+01
    endloop
  endfacet
  facet normal 3.380949e-17 7.071068e-01 7.071068e-01
    outer loop
      vertex   1.532979e+01 -7.212612e+00 8.308173e+00
      vertex   -9.185940e+00 -6.537688e+00 7.633249e+00
      vertex   -3.245969e+00 -7.212612e+00 8.308173e+00
    endloop
  endfacet
  facet normal 6.000395e-16 7.071068e-01 7.071068e-01
    outer loop
      vertex   -3.245969e+00 -7.212612e+00 8.308173e+00
      vertex   -9.185940e+00 -6.537688e+00 7.633249e+00
      vertex   -9.215094e+00 -7.302524e+00 8.398085e+00
    endloop
  endfacet
  facet normal 6.626508e-16 7.071068e-01 7.071068e-01
    outer loop
      vertex   -3.245969e+00 -7.212612e+00 8.308173e+00
      vertex   -9.215094e+00 -7.302524e+00 8.398085e+00
      vertex   -9.360643e+00 -8.053949e+00 9.149510e+00
    endloop
  endfacet
  facet normal 2.101963e-16 7.071068e-01 7.071068e-01
    outer loop
      vertex   1.532979e+01 -5.517256e-01 1.647286e+00
      vertex   -9.790009e+00 -4.340992e+00 5.436553e+00
      vertex   1.532979e+01 -7.212612e+00 8.308173e+00
    endloop
  endfacet
  facet normal -1.509374e-16 7.071068e-01 7.071068e-01
    outer loop
      vertex   1.532979e+01 -7.212612e+00 8.308173e+00
      vertex   -9.790009e+00 -4.340992e+00 5.436553e+00
      vertex   -9.476806e+00 -5.039367e+00 6.134928e+00
    endloop
  endfacet
  facet normal 2.284904e-16 7.071068e-01 7.071068e-01
    outer loop
      vertex   1.532979e+01 -7.212612e+00 8.308173e+00
      vertex   -9.476806e+00 -5.039367e+00 6.134928e+00
      vertex   -9.273864e+00 -5.777363e+00 6.872924e+00
    endloop
  endfacet
  facet normal -1.072635e-14 7.071068e-01 7.071068e-01
    outer loop
      vertex   4.532979e+01 -5.517256e-01 1.647286e+00
      vertex   1.346290e+02 3.277546e+00 -2.181985e+00
      vertex   1.532979e+01 -5.517256e-01 1.647286e+00
    endloop
  endfacet
  facet normal -1.079043e-14 7.071068e-01 7.071068e-01
    outer loop
      vertex   1.532979e+01 -5.517256e-01 1.647286e+00
      vertex   1.346290e+02 3.277546e+00 -2.181985e+00
      vertex   -7.396945e+01 3.277546e+00 -2.181985e+00
    endloop
  endfacet
  facet normal 8.920669e-17 7.071068e-01 7.071068e-01
    outer loop
      vertex   1.532979e+01 -5.517256e-01 1.647286e+00
      vertex   -7.396945e+01 3.277546e+00 -2.181985e+00
      vertex   -1.418223e+01 -1.730214e+00 2.825774e+00
    endloop
  endfacet
  facet normal -1.179049e-16 7.071068e-01 7.071068e-01
    outer loop
      vertex   -1.418223e+01 -1.730214e+00 2.825774e+00
      vertex   -7.396945e+01 3.277546e+00 -2.181985e+00
      vertex   -1.494538e+01 -1.788796e+00 2.884357e+00
    endloop
  endfacet
  facet normal -5.580347e-18 7.071068e-01 7.071068e-01
    outer loop
      vertex   -1.494538e+01 -1.788796e+00 2.884357e+00
      vertex   -7.396945e+01 3.277546e+00 -2.181985e+00
      vertex   -1.569064e+01 -1.963171e+00 3.058731e+00
    endloop
  endfacet
  facet normal -5.389447e-17 7.071068e-01 7.071068e-01
    outer loop
      vertex   -1.569064e+01 -1.963171e+00 3.058731e+00
      vertex   -7.396945e+01 3.277546e+00 -2.181985e+00
      vertex   -1.640056e+01 -2.249251e+00 3.344812e+00
    endloop
  endfacet
  facet normal -1.561058e-16 7.071068e-01 7.071068e-01
    outer loop
      vertex   -1.640056e+01 -2.249251e+00 3.344812e+00
      vertex   -7.396945e+01 3.277546e+00 -2.181985e+00
      vertex   -1.705849e+01 -2.640334e+00 3.735895e+00
    endloop
  endfacet
  facet normal -9.056529e-17 7.071068e-01 7.071068e-01
    outer loop
      vertex   -1.705849e+01 -2.640334e+00 3.735895e+00
      vertex   -7.396945e+01 3.277546e+00 -2.181985e+00
      vertex   -1.764903e+01 -3.127255e+00 4.222815e+00
    endloop
  endfacet
  facet normal -9.746470e-17 7.071068e-01 7.071068e-01
    outer loop
      vertex   -1.764903e+01 -3.127255e+00 4.222815e+00
      vertex   -7.396945e+01 3.277546e+00 -2.181985e+00
      vertex   -1.815833e+01 -3.698603e+00 4.794164e+00
    endloop
  endfacet
  facet normal -6.955340e-17 7.071068e-01 7.071068e-01
    outer loop
      vertex   -1.815833e+01 -3.698603e+00 4.794164e+00
      vertex   -7.396945e+01 3.277546e+00 -2.181985e+00
      vertex   -8.937696e+01 -1.032822e+01 1.142378e+01
    endloop
  endfacet
  facet normal -7.304240e-17 7.071068e-01 7.071068e-01
    outer loop
      vertex   -1.815833e+01 -3.698603e+00 4.794164e+00
      vertex   -8.937696e+01 -1.032822e+01 1.142378e+01
      vertex   -1.857445e+01 -4.340992e+00 5.436553e+00
    endloop
  endfacet
  facet normal -5.280786e-17 7.071068e-01 7.071068e-01
    outer loop
      vertex   -1.857445e+01 -4.340992e+00 5.436553e+00
      vertex   -8.937696e+01 -1.032822e+01 1.142378e+01
      vertex   -1.888766e+01 -5.039367e+00 6.134928e+00
    endloop
  endfacet
  facet normal -8.628993e-17 7.071068e-01 7.071068e-01
    outer loop
      vertex   -1.888766e+01 -5.039367e+00 6.134928e+00
      vertex   -8.937696e+01 -1.032822e+01 1.142378e+01
      vertex   -1.909060e+01 -5.777363e+00 6.872924e+00
    endloop
  endfacet
  facet normal 4.144261e-17 7.071068e-01 7.071068e-01
    outer loop
      vertex   -1.909060e+01 -5.777363e+00 6.872924e+00
      vertex   -8.937696e+01 -1.032822e+01 1.142378e+01
      vertex   -1.917852e+01 -6.537688e+00 7.633249e+00
    endloop
  endfacet
  facet normal -5.253019e-17 7.071068e-01 7.071068e-01
    outer loop
      vertex   -1.917852e+01 -6.537688e+00 7.633249e+00
      vertex   -8.937696e+01 -1.032822e+01 1.142378e+01
      vertex   -1.914937e+01 -7.302524e+00 8.398085e+00
    endloop
  endfacet
  facet normal -8.852047e-17 7.071068e-01 7.071068e-01
    outer loop
      vertex   -1.914937e+01 -7.302524e+00 8.398085e+00
      vertex   -8.937696e+01 -1.032822e+01 1.142378e+01
      vertex   -1.900382e+01 -8.053949e+00 9.149510e+00
    endloop
  endfacet
  facet normal -4.592237e-17 7.071068e-01 7.071068e-01
    outer loop
      vertex   -1.900382e+01 -8.053949e+00 9.149510e+00
      vertex   -8.937696e+01 -1.032822e+01 1.142378e+01
      vertex   -1.874529e+01 -8.774355e+00 9.869916e+00
    endloop
  endfacet
  facet normal -1.633196e-17 7.071068e-01 7.071068e-01
    outer loop
      vertex   -1.874529e+01 -8.774355e+00 9.869916e+00
      vertex   -8.937696e+01 -1.032822e+01 1.142378e+01
      vertex   -1.837983e+01 -9.446861e+00 1.054242e+01
    endloop
  endfacet
  facet normal -4.857607e-17 7.071068e-01 7.071068e-01
    outer loop
      vertex   -1.837983e+01 -9.446861e+00 1.054242e+01
      vertex   -8.937696e+01 -1.032822e+01 1.142378e+01
      vertex   -1.791601e+01 -1.005571e+01 1.115127e+01
    endloop
  endfacet
  facet normal -5.358632e-17 7.071068e-01 7.071068e-01
    outer loop
      vertex   -1.791601e+01 -1.005571e+01 1.115127e+01
      vertex   -8.937696e+01 -1.032822e+01 1.142378e+01
      vertex   -1.736469e+01 -1.058663e+01 1.168219e+01
    endloop
  endfacet
  facet normal -7.843791e-17 7.071068e-01 7.071068e-01
    outer loop
      vertex   -1.736469e+01 -1.058663e+01 1.168219e+01
      vertex   -8.937696e+01 -1.032822e+01 1.142378e+01
      vertex   -1.665559e+01 -1.107561e+01 1.217118e+01
    endloop
  endfacet
  facet normal -9.128887e-18 7.071068e-01 7.071068e-01
    outer loop
      vertex   -1.665559e+01 -1.107561e+01 1.217118e+01
      vertex   -8.937696e+01 -1.032822e+01 1.142378e+01
      vertex   -7.089597e+01 -1.382927e+01 1.492483e+01
    endloop
  endfacet
  facet normal -6.155047e-17 7.071068e-01 7.071068e-01
    outer loop
      vertex   -1.665559e+01 -1.107561e+01 1.217118e+01
      vertex   -7.089597e+01 -1.382927e+01 1.492483e+01
      vertex   -1.587308e+01 -1.143564e+01 1.253120e+01
    endloop
  endfacet
  facet normal 1.223239e-16 7.071068e-01 7.071068e-01
    outer loop
      vertex   -1.587308e+01 -1.143564e+01 1.253120e+01
      vertex   -7.089597e+01 -1.382927e+01 1.492483e+01
      vertex   -1.504039e+01 -1.165602e+01 1.275158e+01
    endloop
  endfacet
  facet normal -2.165022e-14 7.071068e-01 7.071068e-01
    outer loop
      vertex   4.532979e+01 -7.212612e+00 8.308173e+00
      vertex   7.044959e+01 -4.340992e+00 5.436553e+00
      vertex   4.532979e+01 -5.517256e-01 1.647286e+00
    endloop
  endfacet
  facet normal -2.169865e-14 7.071068e-01 7.071068e-01
    outer loop
      vertex   4.532979e+01 -5.517256e-01 1.647286e+00
      vertex   7.044959e+01 -4.340992e+00 5.436553e+00
      vertex   7.086571e+01 -3.698603e+00 4.794164e+00
    endloop
  endfacet
  facet normal -2.179739e-14 7.071068e-01 7.071068e-01
    outer loop
      vertex   4.532979e+01 -5.517256e-01 1.647286e+00
      vertex   7.086571e+01 -3.698603e+00 4.794164e+00
      vertex   7.137501e+01 -3.127255e+00 4.222815e+00
    endloop
  endfacet
  facet normal -2.150284e-14 7.071068e-01 7.071068e-01
    outer loop
      vertex   6.390555e+01 -7.212612e+00 8.308173e+00
      vertex   6.984552e+01 -6.537688e+00 7.633249e+00
      vertex   4.532979e+01 -7.212612e+00 8.308173e+00
    endloop
  endfacet
  facet normal -2.156909e-14 7.071068e-01 7.071068e-01
    outer loop
      vertex   4.532979e+01 -7.212612e+00 8.308173e+00
      vertex   6.984552e+01 -6.537688e+00 7.633249e+00
      vertex   6.993344e+01 -5.777363e+00 6.872924e+00
    endloop
  endfacet
  facet normal -2.153082e-14 7.071068e-01 7.071068e-01
    outer loop
      vertex   4.532979e+01 -7.212612e+00 8.308173e+00
      vertex   6.993344e+01 -5.777363e+00 6.872924e+00
      vertex   7.013638e+01 -5.039367e+00 6.134928e+00
    endloop
  endfacet
  facet normal -2.200964e-14 7.071068e-01 7.071068e-01
    outer loop
      vertex   6.390555e+01 -1.481922e+01 1.591478e+01
      vertex   7.110803e+01 -1.005571e+01 1.115127e+01
      vertex   6.390555e+01 -7.212612e+00 8.308173e+00
    endloop
  endfacet
  facet normal -2.211887e-14 7.071068e-01 7.071068e-01
    outer loop
      vertex   6.390555e+01 -7.212612e+00 8.308173e+00
      vertex   7.110803e+01 -1.005571e+01 1.115127e+01
      vertex   7.064421e+01 -9.446861e+00 1.054242e+01
    endloop
  endfacet
  facet normal -2.256715e-14 7.071068e-01 7.071068e-01
    outer loop
      vertex   6.390555e+01 -7.212612e+00 8.308173e+00
      vertex   7.064421e+01 -9.446861e+00 1.054242e+01
      vertex   7.027875e+01 -8.774355e+00 9.869916e+00
    endloop
  endfacet
  facet normal -2.020116e-14 7.071068e-01 7.071068e-01
    outer loop
      vertex   8.081805e+01 -1.481922e+01 1.591478e+01
      vertex   7.484181e+01 -1.173021e+01 1.282577e+01
      vertex   6.390555e+01 -1.481922e+01 1.591478e+01
    endloop
  endfacet
  facet normal -2.140463e-14 7.071068e-01 7.071068e-01
    outer loop
      vertex   6.390555e+01 -1.481922e+01 1.591478e+01
      vertex   7.484181e+01 -1.173021e+01 1.282577e+01
      vertex   7.398365e+01 -1.165602e+01 1.275158e+01
    endloop
  endfacet
  facet normal -2.224983e-14 7.071068e-01 7.071068e-01
    outer loop
      vertex   6.390555e+01 -1.481922e+01 1.591478e+01
      vertex   7.398365e+01 -1.165602e+01 1.275158e+01
      vertex   7.315096e+01 -1.143564e+01 1.253120e+01
    endloop
  endfacet
  facet normal -1.934398e-14 7.071068e-01 7.071068e-01
    outer loop
      vertex   8.081805e+01 -1.481922e+01 1.591478e+01
      vertex   9.081782e+01 -1.481922e+01 1.591478e+01
      vertex   7.484181e+01 -1.173021e+01 1.282577e+01
    endloop
  endfacet
  facet normal -2.023407e-14 7.071068e-01 7.071068e-01
    outer loop
      vertex   7.484181e+01 -1.173021e+01 1.282577e+01
      vertex   9.081782e+01 -1.481922e+01 1.591478e+01
      vertex   7.569997e+01 -1.165602e+01 1.275158e+01
    endloop
  endfacet
  facet normal -2.536203e-14 7.071068e-01 7.071068e-01
    outer loop
      vertex   7.569997e+01 -1.165602e+01 1.275158e+01
      vertex   9.081782e+01 -1.481922e+01 1.591478e+01
      vertex   1.046428e+02 -1.481922e+01 1.591478e+01
    endloop
  endfacet
  facet normal -2.190191e-14 7.071068e-01 7.071068e-01
    outer loop
      vertex   7.569997e+01 -1.165602e+01 1.275158e+01
      vertex   1.046428e+02 -1.481922e+01 1.591478e+01
      vertex   1.315555e+02 -1.382927e+01 1.492483e+01
    endloop
  endfacet
  facet normal -2.122902e-14 7.071068e-01 7.071068e-01
    outer loop
      vertex   1.315555e+02 -1.382927e+01 1.492483e+01
      vertex   1.046428e+02 -1.481922e+01 1.591478e+01
      vertex   1.246428e+02 -1.481922e+01 1.591478e+01
    endloop
  endfacet
  facet normal -2.089018e-14 7.071068e-01 7.071068e-01
    outer loop
      vertex   1.315555e+02 -1.382927e+01 1.492483e+01
      vertex   1.246428e+02 -1.481922e+01 1.591478e+01
      vertex   1.315555e+02 -1.481922e+01 1.591478e+01
    endloop
  endfacet
  facet normal -2.090107e-14 7.071068e-01 7.071068e-01
    outer loop
      vertex   1.440555e+02 -1.382927e+01 1.492483e+01
      vertex   1.500365e+02 -1.032822e+01 1.142378e+01
      vertex   1.315555e+02 -1.382927e+01 1.492483e+01
    endloop
  endfacet
  facet normal -2.165894e-14 7.071068e-01 7.071068e-01
    outer loop
      vertex   1.315555e+02 -1.382927e+01 1.492483e+01
      vertex   1.500365e+02 -1.032822e+01 1.142378e+01
      vertex   7.731516e+01 -1.107561e+01 1.217118e+01
    endloop
  endfacet
  facet normal -2.172370e-14 7.071068e-01 7.071068e-01
    outer loop
      vertex   1.315555e+02 -1.382927e+01 1.492483e+01
      vertex   7.731516e+01 -1.107561e+01 1.217118e+01
      vertex   7.653266e+01 -1.143564e+01 1.253120e+01
    endloop
  endfacet
  facet normal -7.374504e-09 7.071067e-01 7.071068e-01
    outer loop
      vertex   1.440555e+02 -1.446566e+01 1.556123e+01
      vertex   1.500365e+02 -1.446566e+01 1.556123e+01
      vertex   1.440555e+02 -1.382927e+01 1.492483e+01
    endloop
  endfacet
  facet normal 3.445626e-13 7.071068e-01 7.071068e-01
    outer loop
      vertex   1.440555e+02 -1.382927e+01 1.492483e+01
      vertex   1.500365e+02 -1.446566e+01 1.556123e+01
      vertex   1.500365e+02 -1.032822e+01 1.142378e+01
    endloop
  endfacet
  facet normal -2.156155e-14 7.071068e-01 7.071068e-01
    outer loop
      vertex   1.346290e+02 3.277546e+00 -2.181985e+00
      vertex   7.881790e+01 -3.698603e+00 4.794164e+00
      vertex   1.500365e+02 -1.032822e+01 1.142378e+01
    endloop
  endfacet
  facet normal -2.150368e-14 7.071068e-01 7.071068e-01
    outer loop
      vertex   1.500365e+02 -1.032822e+01 1.142378e+01
      vertex   7.881790e+01 -3.698603e+00 4.794164e+00
      vertex   7.923403e+01 -4.340992e+00 5.436553e+00
    endloop
  endfacet
  facet normal -2.159842e-14 7.071068e-01 7.071068e-01
    outer loop
      vertex   1.500365e+02 -1.032822e+01 1.142378e+01
      vertex   7.923403e+01 -4.340992e+00 5.436553e+00
      vertex   7.954724e+01 -5.039367e+00 6.134928e+00
    endloop
  endfacet
  facet normal 1.287334e-15 7.071068e-01 7.071068e-01
    outer loop
      vertex   -1.170888e+01 -1.107561e+01 1.217118e+01
      vertex   -1.249139e+01 -1.143564e+01 1.253120e+01
      vertex   -3.245969e+00 -1.481922e+01 1.591478e+01
    endloop
  endfacet
  facet normal 1.034876e-15 7.071068e-01 7.071068e-01
    outer loop
      vertex   -3.245969e+00 -1.481922e+01 1.591478e+01
      vertex   -1.249139e+01 -1.143564e+01 1.253120e+01
      vertex   -1.332407e+01 -1.165602e+01 1.275158e+01
    endloop
  endfacet
  facet normal 0.000000e+00 7.071068e-01 7.071068e-01
    outer loop
      vertex   -3.245969e+00 -1.481922e+01 1.591478e+01
      vertex   -1.332407e+01 -1.165602e+01 1.275158e+01
      vertex   -1.418223e+01 -1.173021e+01 1.282577e+01
    endloop
  endfacet
  facet normal 2.240220e-17 7.071068e-01 7.071068e-01
    outer loop
      vertex   -1.418223e+01 -1.730214e+00 2.825774e+00
      vertex   -1.341909e+01 -1.788796e+00 2.884357e+00
      vertex   1.532979e+01 -5.517256e-01 1.647286e+00
    endloop
  endfacet
  facet normal 1.851832e-16 7.071068e-01 7.071068e-01
    outer loop
      vertex   1.532979e+01 -5.517256e-01 1.647286e+00
      vertex   -1.341909e+01 -1.788796e+00 2.884357e+00
      vertex   -1.267382e+01 -1.963171e+00 3.058731e+00
    endloop
  endfacet
  facet normal 1.741974e-16 7.071068e-01 7.071068e-01
    outer loop
      vertex   1.532979e+01 -5.517256e-01 1.647286e+00
      vertex   -1.267382e+01 -1.963171e+00 3.058731e+00
      vertex   -1.196391e+01 -2.249251e+00 3.344812e+00
    endloop
  endfacet
  facet normal 1.198447e-16 7.071068e-01 7.071068e-01
    outer loop
      vertex   -1.196391e+01 -2.249251e+00 3.344812e+00
      vertex   -1.130597e+01 -2.640334e+00 3.735895e+00
      vertex   1.532979e+01 -5.517256e-01 1.647286e+00
    endloop
  endfacet
  facet normal 2.210946e-16 7.071068e-01 7.071068e-01
    outer loop
      vertex   1.532979e+01 -5.517256e-01 1.647286e+00
      vertex   -1.130597e+01 -2.640334e+00 3.735895e+00
      vertex   -1.071543e+01 -3.127255e+00 4.222815e+00
    endloop
  endfacet
  facet normal 1.551415e-16 7.071068e-01 7.071068e-01
    outer loop
      vertex   1.532979e+01 -5.517256e-01 1.647286e+00
      vertex   -1.071543e+01 -3.127255e+00 4.222815e+00
      vertex   -1.020614e+01 -3.698603e+00 4.794164e+00
    endloop
  endfacet
  facet normal 1.240936e-16 7.071068e-01 7.071068e-01
    outer loop
      vertex   -1.020614e+01 -3.698603e+00 4.794164e+00
      vertex   -9.790009e+00 -4.340992e+00 5.436553e+00
      vertex   1.532979e+01 -5.517256e-01 1.647286e+00
    endloop
  endfacet
  facet normal 1.098524e-16 7.071068e-01 7.071068e-01
    outer loop
      vertex   -9.273864e+00 -5.777363e+00 6.872924e+00
      vertex   -9.185940e+00 -6.537688e+00 7.633249e+00
      vertex   1.532979e+01 -7.212612e+00 8.308173e+00
    endloop
  endfacet
  facet normal 1.499777e-16 7.071068e-01 7.071068e-01
    outer loop
      vertex   -9.360643e+00 -8.053949e+00 9.149510e+00
      vertex   -9.619176e+00 -8.774355e+00 9.869916e+00
      vertex   -3.245969e+00 -7.212612e+00 8.308173e+00
    endloop
  endfacet
  facet normal 5.071269e-16 7.071068e-01 7.071068e-01
    outer loop
      vertex   -3.245969e+00 -7.212612e+00 8.308173e+00
      vertex   -9.619176e+00 -8.774355e+00 9.869916e+00
      vertex   -9.984634e+00 -9.446861e+00 1.054242e+01
    endloop
  endfacet
  facet normal 2.048043e-15 7.071068e-01 7.071068e-01
    outer loop
      vertex   -3.245969e+00 -7.212612e+00 8.308173e+00
      vertex   -9.984634e+00 -9.446861e+00 1.054242e+01
      vertex   -1.044846e+01 -1.005571e+01 1.115127e+01
    endloop
  endfacet
  facet normal -2.292896e-14 7.071068e-01 7.071068e-01
    outer loop
      vertex   7.236845e+01 -1.107561e+01 1.217118e+01
      vertex   7.165935e+01 -1.058663e+01 1.168219e+01
      vertex   6.390555e+01 -1.481922e+01 1.591478e+01
    endloop
  endfacet
  facet normal -2.258936e-14 7.071068e-01 7.071068e-01
    outer loop
      vertex   6.390555e+01 -1.481922e+01 1.591478e+01
      vertex   7.165935e+01 -1.058663e+01 1.168219e+01
      vertex   7.110803e+01 -1.005571e+01 1.115127e+01
    endloop
  endfacet
  facet normal -2.170928e-14 7.071068e-01 7.071068e-01
    outer loop
      vertex   7.027875e+01 -8.774355e+00 9.869916e+00
      vertex   7.002022e+01 -8.053949e+00 9.149510e+00
      vertex   6.390555e+01 -7.212612e+00 8.308173e+00
    endloop
  endfacet
  facet normal -2.188942e-14 7.071068e-01 7.071068e-01
    outer loop
      vertex   6.390555e+01 -7.212612e+00 8.308173e+00
      vertex   7.002022e+01 -8.053949e+00 9.149510e+00
      vertex   6.987467e+01 -7.302524e+00 8.398085e+00
    endloop
  endfacet
  facet normal -2.186596e-14 7.071068e-01 7.071068e-01
    outer loop
      vertex   6.390555e+01 -7.212612e+00 8.308173e+00
      vertex   6.987467e+01 -7.302524e+00 8.398085e+00
      vertex   6.984552e+01 -6.537688e+00 7.633249e+00
    endloop
  endfacet
  facet normal -2.155575e-14 7.071068e-01 7.071068e-01
    outer loop
      vertex   7.013638e+01 -5.039367e+00 6.134928e+00
      vertex   7.044959e+01 -4.340992e+00 5.436553e+00
      vertex   4.532979e+01 -7.212612e+00 8.308173e+00
    endloop
  endfacet
  facet normal -2.177782e-14 7.071068e-01 7.071068e-01
    outer loop
      vertex   7.137501e+01 -3.127255e+00 4.222815e+00
      vertex   7.196555e+01 -2.640334e+00 3.735895e+00
      vertex   4.532979e+01 -5.517256e-01 1.647286e+00
    endloop
  endfacet
  facet normal -2.165194e-14 7.071068e-01 7.071068e-01
    outer loop
      vertex   4.532979e+01 -5.517256e-01 1.647286e+00
      vertex   7.196555e+01 -2.640334e+00 3.735895e+00
      vertex   7.262348e+01 -2.249251e+00 3.344812e+00
    endloop
  endfacet
  facet normal -2.170499e-14 7.071068e-01 7.071068e-01
    outer loop
      vertex   4.532979e+01 -5.517256e-01 1.647286e+00
      vertex   7.262348e+01 -2.249251e+00 3.344812e+00
      vertex   7.333340e+01 -1.963171e+00 3.058731e+00
    endloop
  endfacet
  facet normal -2.188468e-14 7.071068e-01 7.071068e-01
    outer loop
      vertex   7.333340e+01 -1.963171e+00 3.058731e+00
      vertex   7.407866e+01 -1.788796e+00 2.884357e+00
      vertex   4.532979e+01 -5.517256e-01 1.647286e+00
    endloop
  endfacet
  facet normal -2.150612e-14 7.071068e-01 7.071068e-01
    outer loop
      vertex   4.532979e+01 -5.517256e-01 1.647286e+00
      vertex   7.407866e+01 -1.788796e+00 2.884357e+00
      vertex   7.484181e+01 -1.730214e+00 2.825774e+00
    endloop
  endfacet
  facet normal -2.168010e-14 7.071068e-01 7.071068e-01
    outer loop
      vertex   4.532979e+01 -5.517256e-01 1.647286e+00
      vertex   7.484181e+01 -1.730214e+00 2.825774e+00
      vertex   1.346290e+02 3.277546e+00 -2.181985e+00
    endloop
  endfacet
  facet normal -2.160874e-14 7.071068e-01 7.071068e-01
    outer loop
      vertex   1.346290e+02 3.277546e+00 -2.181985e+00
      vertex   7.484181e+01 -1.730214e+00 2.825774e+00
      vertex   7.560496e+01 -1.788796e+00 2.884357e+00
    endloop
  endfacet
  facet normal -2.178568e-14 7.071068e-01 7.071068e-01
    outer loop
      vertex   1.346290e+02 3.277546e+00 -2.181985e+00
      vertex   7.560496e+01 -1.788796e+00 2.884357e+00
      vertex   7.635022e+01 -1.963171e+00 3.058731e+00
    endloop
  endfacet
  facet normal -2.153469e-14 7.071068e-01 7.071068e-01
    outer loop
      vertex   7.635022e+01 -1.963171e+00 3.058731e+00
      vertex   7.706014e+01 -2.249251e+00 3.344812e+00
      vertex   1.346290e+02 3.277546e+00 -2.181985e+00
    endloop
  endfacet
  facet normal -2.132645e-14 7.071068e-01 7.071068e-01
    outer loop
      vertex   1.346290e+02 3.277546e+00 -2.181985e+00
      vertex   7.706014e+01 -2.249251e+00 3.344812e+00
      vertex   7.771807e+01 -2.640334e+00 3.735895e+00
    endloop
  endfacet
  facet normal -2.141366e-14 7.071068e-01 7.071068e-01
    outer loop
      vertex   1.346290e+02 3.277546e+00 -2.181985e+00
      vertex   7.771807e+01 -2.640334e+00 3.735895e+00
      vertex   7.830861e+01 -3.127255e+00 4.222815e+00
    endloop
  endfacet
  facet normal -2.145996e-14 7.071068e-01 7.071068e-01
    outer loop
      vertex   7.830861e+01 -3.127255e+00 4.222815e+00
      vertex   7.881790e+01 -3.698603e+00 4.794164e+00
      vertex   1.346290e+02 3.277546e+00 -2.181985e+00
    endloop
  endfacet
  facet normal -2.161563e-14 7.071068e-01 7.071068e-01
    outer loop
      vertex   7.954724e+01 -5.039367e+00 6.134928e+00
      vertex   7.975018e+01 -5.777363e+00 6.872924e+00
      vertex   1.500365e+02 -1.032822e+01 1.142378e+01
    endloop
  endfacet
  facet normal -2.169225e-14 7.071068e-01 7.071068e-01
    outer loop
      vertex   1.500365e+02 -1.032822e+01 1.142378e+01
      vertex   7.975018e+01 -5.777363e+00 6.872924e+00
      vertex   7.983810e+01 -6.537688e+00 7.633249e+00
    endloop
  endfacet
  facet normal -2.164244e-14 7.071068e-01 7.071068e-01
    outer loop
      vertex   1.500365e+02 -1.032822e+01 1.142378e+01
      vertex   7.983810e+01 -6.537688e+00 7.633249e+00
      vertex   7.980895e+01 -7.302524e+00 8.398085e+00
    endloop
  endfacet
  facet normal -2.160490e-14 7.071068e-01 7.071068e-01
    outer loop
      vertex   7.980895e+01 -7.302524e+00 8.398085e+00
      vertex   7.966340e+01 -8.053949e+00 9.149510e+00
      vertex   1.500365e+02 -1.032822e+01 1.142378e+01
    endloop
  endfacet
  facet normal -2.154065e-14 7.071068e-01 7.071068e-01
    outer loop
      vertex   1.500365e+02 -1.032822e+01 1.142378e+01
      vertex   7.966340e+01 -8.053949e+00 9.149510e+00
      vertex   7.940487e+01 -8.774355e+00 9.869916e+00
    endloop
  endfacet
  facet normal -2.161372e-14 7.071068e-01 7.071068e-01
    outer loop
      vertex   1.500365e+02 -1.032822e+01 1.142378e+01
      vertex   7.940487e+01 -8.774355e+00 9.869916e+00
      vertex   7.903941e+01 -9.446861e+00 1.054242e+01
    endloop
  endfacet
  facet normal -2.163794e-14 7.071068e-01 7.071068e-01
    outer loop
      vertex   7.903941e+01 -9.446861e+00 1.054242e+01
      vertex   7.857559e+01 -1.005571e+01 1.115127e+01
      vertex   1.500365e+02 -1.032822e+01 1.142378e+01
    endloop
  endfacet
  facet normal -2.159632e-14 7.071068e-01 7.071068e-01
    outer loop
      vertex   1.500365e+02 -1.032822e+01 1.142378e+01
      vertex   7.857559e+01 -1.005571e+01 1.115127e+01
      vertex   7.802427e+01 -1.058663e+01 1.168219e+01
    endloop
  endfacet
  facet normal -2.153345e-14 7.071068e-01 7.071068e-01
    outer loop
      vertex   1.500365e+02 -1.032822e+01 1.142378e+01
      vertex   7.802427e+01 -1.058663e+01 1.168219e+01
      vertex   7.731516e+01 -1.107561e+01 1.217118e+01
    endloop
  endfacet
  facet normal -2.174586e-14 7.071068e-01 7.071068e-01
    outer loop
      vertex   7.653266e+01 -1.143564e+01 1.253120e+01
      vertex   7.569997e+01 -1.165602e+01 1.275158e+01
      vertex   1.315555e+02 -1.382927e+01 1.492483e+01
    endloop
  endfacet
  facet normal -2.091261e-14 7.071068e-01 7.071068e-01
    outer loop
      vertex   7.315096e+01 -1.143564e+01 1.253120e+01
      vertex   7.236845e+01 -1.107561e+01 1.217118e+01
      vertex   6.390555e+01 -1.481922e+01 1.591478e+01
    endloop
  endfacet
  facet normal 9.999997e-01 5.757597e-04 5.783430e-04
    outer loop
      vertex   -8.339597e+01 -3.708765e+00 2.787376e+01
      vertex   -8.339597e+01 -3.284499e+00 2.744950e+01
      vertex   -8.339597e+01 -3.706932e+00 2.787559e+01
    endloop
  endfacet
  facet normal 1.000000e+00 -5.533830e-05 -4.732573e-05
    outer loop
      vertex   -8.339597e+01 -3.706932e+00 2.787559e+01
      vertex   -8.339597e+01 -3.284499e+00 2.744950e+01
      vertex   -8.339597e+01 -3.282618e+00 2.745138e+01
    endloop
  endfacet
  facet normal 9.994177e-01 -2.412866e-02 -2.412608e-02
    outer loop
      vertex   -8.339597e+01 -3.706932e+00 2.787559e+01
      vertex   -8.339597e+01 -3.282618e+00 2.745138e+01
      vertex   -8.339597e+01 -3.706884e+00 2.787564e+01
    endloop
  endfacet
  facet normal -1.399098e-03 -7.071061e-01 -7.071061e-01
    outer loop
      vertex   -8.339596e+01 -6.107968e+00 3.028288e+01
      vertex   -6.739597e+01 -6.123797e+00 3.026706e+01
      vertex   -8.339596e+01 -1.042132e+01 3.459623e+01
    endloop
  endfacet
  facet normal -1.399098e-03 -7.071061e-01 -7.071061e-01
    outer loop
      vertex   -8.339596e+01 -1.042132e+01 3.459623e+01
      vertex   -6.739597e+01 -6.123797e+00 3.026706e+01
      vertex   -6.739597e+01 -1.043715e+01 3.458040e+01
    endloop
  endfacet
  facet normal 1.000000e+00 -1.010612e-13 2.042352e-07
    outer loop
      vertex   -6.739597e+01 -6.123797e+00 3.026706e+01
      vertex   -6.739597e+01 -4.669401e-01 3.026706e+01
      vertex   -6.739597e+01 -1.043715e+01 3.458040e+01
    endloop
  endfacet
  facet normal 1.000000e+00 -6.287142e-08 5.890949e-08
    outer loop
      vertex   -6.739597e+01 -1.043715e+01 3.458040e+01
      vertex   -6.739597e+01 -4.669401e-01 3.026706e+01
      vertex   -6.739597e+01 6.877521e+01 1.041661e+02
    endloop
  endfacet
  facet normal 1.000000e+00 -9.150990e-08 9.150990e-08
    outer loop
      vertex   -6.739597e+01 -1.043715e+01 3.458040e+01
      vertex   -6.739597e+01 6.877521e+01 1.041661e+02
      vertex   -6.739597e+01 6.679029e+01 1.118078e+02
    endloop
  endfacet
  facet normal 9.999999e-01 -3.735572e-04 -9.691477e-05
    outer loop
      vertex   -6.739597e+01 6.679029e+01 1.118078e+02
      vertex   -6.739597e+01 6.877521e+01 1.041661e+02
      vertex   -6.739542e+01 6.877521e+01 1.098229e+02
    endloop
  endfacet
  facet normal 1.000000e+00 3.255145e-10 -3.050009e-10
    outer loop
      vertex   -6.739597e+01 -4.669401e-01 3.026706e+01
      vertex   -6.739597e+01 7.110364e+01 1.018376e+02
      vertex   -6.739597e+01 6.877521e+01 1.041661e+02
    endloop
  endfacet
  facet normal 1.000000e+00 -1.291590e-06 1.291610e-06
    outer loop
      vertex   -8.339597e+01 -3.284499e+00 2.744950e+01
      vertex   -8.339597e+01 -3.708765e+00 2.787376e+01
      vertex   -8.339597e+01 -1.481922e+01 1.591478e+01
    endloop
  endfacet
  facet normal 1.000000e+00 -7.528307e-09 9.865601e-08
    outer loop
      vertex   -8.339597e+01 -1.481922e+01 1.591478e+01
      vertex   -8.339597e+01 -3.708765e+00 2.787376e+01
      vertex   -8.339597e+01 -1.825385e+01 2.676370e+01
    endloop
  endfacet
  facet normal 1.000000e+00 -5.094575e-08 8.491059e-08
    outer loop
      vertex   -8.339597e+01 -1.481922e+01 1.591478e+01
      vertex   -8.339597e+01 -1.825385e+01 2.676370e+01
      vertex   -8.339597e+01 -2.355715e+01 2.358172e+01
    endloop
  endfacet
  facet normal 1.000000e+00 1.508964e-12 -1.505614e-12
    outer loop
      vertex   -8.339597e+01 -2.355715e+01 2.358172e+01
      vertex   -8.339597e+01 -1.825385e+01 2.676370e+01
      vertex   -8.339597e+01 -1.931451e+01 2.782436e+01
    endloop
  endfacet
  facet normal 9.999997e-01 5.772088e-04 5.768939e-04
    outer loop
      vertex   -8.339597e+01 -3.706932e+00 2.787559e+01
      vertex   -8.339597e+01 -1.042444e+01 3.459311e+01
      vertex   -8.339597e+01 -3.708765e+00 2.787376e+01
    endloop
  endfacet
  facet normal 1.000000e+00 1.072405e-12 -1.070590e-12
    outer loop
      vertex   -8.339597e+01 -3.708765e+00 2.787376e+01
      vertex   -8.339597e+01 -1.042444e+01 3.459311e+01
      vertex   -8.339597e+01 -1.825385e+01 2.676370e+01
    endloop
  endfacet
  facet normal 1.000000e+00 -1.023520e-06 -1.023522e-06
    outer loop
      vertex   -8.339597e+01 -2.355715e+01 2.358172e+01
      vertex   -8.339597e+01 -1.490026e+01 1.492483e+01
      vertex   -8.339597e+01 -1.481922e+01 1.591478e+01
    endloop
  endfacet
  facet normal 1.000000e+00 -1.023522e-06 -1.023522e-06
    outer loop
      vertex   -8.339597e+01 -1.481922e+01 1.591478e+01
      vertex   -8.339597e+01 -1.490026e+01 1.492483e+01
      vertex   -8.339597e+01 -1.446566e+01 1.556123e+01
    endloop
  endfacet
  facet normal 1.000000e+00 8.410563e-13 -1.722492e-06
    outer loop
      vertex   -8.339597e+01 -1.446566e+01 1.556123e+01
      vertex   -8.339597e+01 -1.490026e+01 1.492483e+01
      vertex   -8.339597e+01 -1.382927e+01 1.492483e+01
    endloop
  endfacet
  facet normal -1.000000e+00 -1.883605e-14 7.803079e-16
    outer loop
      vertex   6.390555e+01 -7.212612e+00 8.308173e+00
      vertex   6.390555e+01 -9.471178e+00 8.423623e+00
      vertex   6.390555e+01 -1.481922e+01 1.591478e+01
    endloop
  endfacet
  facet normal -1.000000e+00 -8.404897e-15 8.227255e-15
    outer loop
      vertex   6.390555e+01 -1.481922e+01 1.591478e+01
      vertex   6.390555e+01 -9.471178e+00 8.423623e+00
      vertex   6.390555e+01 -1.972423e+01 1.867667e+01
    endloop
  endfacet
  facet normal -1.000000e+00 -1.465975e-14 -2.881106e-15
    outer loop
      vertex   6.390555e+01 -1.481922e+01 1.591478e+01
      vertex   6.390555e+01 -1.972423e+01 1.867667e+01
      vertex   6.390555e+01 -1.567344e+01 2.272746e+01
    endloop
  endfacet
  facet normal -1.000000e+00 -2.095099e-14 -4.059445e-14
    outer loop
      vertex   6.390555e+01 -7.212612e+00 8.308173e+00
      vertex   6.390555e+01 -9.586628e+00 8.308173e+00
      vertex   6.390555e+01 -9.471178e+00 8.423623e+00
    endloop
  endfacet
  facet normal -1.000000e+00 -3.510067e-14 -5.444123e-15
    outer loop
      vertex   6.390555e+01 -1.567344e+01 2.272746e+01
      vertex   6.390555e+01 -1.183999e+01 1.889401e+01
      vertex   6.390555e+01 -1.481922e+01 1.591478e+01
    endloop
  endfacet
  facet normal 5.901959e-15 -7.071068e-01 -7.071068e-01
    outer loop
      vertex   -5.905597e+01 6.471847e+01 1.097360e+02
      vertex   1.197155e+02 6.471847e+01 1.097360e+02
      vertex   -5.905597e+01 6.365781e+01 1.107967e+02
    endloop
  endfacet
  facet normal 1.070784e-14 -7.071068e-01 -7.071068e-01
    outer loop
      vertex   -5.905597e+01 6.365781e+01 1.107967e+02
      vertex   1.197155e+02 6.471847e+01 1.097360e+02
      vertex   1.197155e+02 6.365781e+01 1.107967e+02
    endloop
  endfacet
  facet normal 1.000000e+00 -1.655649e-14 2.363789e-14
    outer loop
      vertex   -5.905597e+01 6.471847e+01 1.097360e+02
      vertex   -5.905597e+01 6.365781e+01 1.107967e+02
      vertex   -5.905597e+01 -1.655639e+01 2.846116e+01
    endloop
  endfacet
  facet normal 1.000000e+00 3.802973e-15 3.802973e-15
    outer loop
      vertex   -5.905597e+01 -1.655639e+01 2.846116e+01
      vertex   -5.905597e+01 6.365781e+01 1.107967e+02
      vertex   -5.905597e+01 -1.761705e+01 2.952182e+01
    endloop
  endfacet
  facet normal -9.923167e-01 1.237240e-01 1.592201e-15
    outer loop
      vertex   -8.966087e+01 -1.057894e+01 8.817558e+00
      vertex   -8.966087e+01 -1.057894e+01 -8.757835e+00
      vertex   -9.044281e+01 -1.685040e+01 7.220644e+00
    endloop
  endfacet
  facet normal -9.923167e-01 1.237240e-01 -2.808700e-17
    outer loop
      vertex   -9.044281e+01 -1.685040e+01 7.220644e+00
      vertex   -8.966087e+01 -1.057894e+01 -8.757835e+00
      vertex   -9.044281e+01 -1.685040e+01 -8.429161e+00
    endloop
  endfacet
  facet normal -6.619199e-01 7.495746e-01 5.641444e-15
    outer loop
      vertex   -8.937696e+01 -1.032822e+01 1.142378e+01
      vertex   -7.396945e+01 3.277546e+00 -2.181985e+00
      vertex   -8.966087e+01 -1.057894e+01 8.817558e+00
    endloop
  endfacet
  facet normal -6.619199e-01 7.495746e-01 9.946511e-16
    outer loop
      vertex   -8.966087e+01 -1.057894e+01 8.817558e+00
      vertex   -7.396945e+01 3.277546e+00 -2.181985e+00
      vertex   -8.966087e+01 -1.057894e+01 -8.757835e+00
    endloop
  endfacet
  facet normal -6.619199e-01 7.495746e-01 0.000000e+00
    outer loop
      vertex   -8.966087e+01 -1.057894e+01 -8.757835e+00
      vertex   -7.396945e+01 3.277546e+00 -2.181985e+00
      vertex   -7.396945e+01 3.277546e+00 -9.484022e+00
    endloop
  endfacet
  facet normal 6.619199e-01 7.495746e-01 -1.391455e-15
    outer loop
      vertex   1.500365e+02 -1.032822e+01 1.142378e+01
      vertex   1.503204e+02 -1.057894e+01 8.817558e+00
      vertex   1.346290e+02 3.277546e+00 -2.181985e+00
    endloop
  endfacet
  facet normal 6.619199e-01 7.495746e-01 5.330239e-15
    outer loop
      vertex   1.346290e+02 3.277546e+00 -2.181985e+00
      vertex   1.503204e+02 -1.057894e+01 8.817558e+00
      vertex   1.503204e+02 -1.057894e+01 -8.757835e+00
    endloop
  endfacet
  facet normal 6.619199e-01 7.495746e-01 5.107193e-15
    outer loop
      vertex   1.346290e+02 3.277546e+00 -2.181985e+00
      vertex   1.503204e+02 -1.057894e+01 -8.757835e+00
      vertex   1.346290e+02 3.277546e+00 -9.484022e+00
    endloop
  endfacet
  facet normal 9.923167e-01 1.237240e-01 8.023529e-15
    outer loop
      vertex   1.503204e+02 -1.057894e+01 8.817558e+00
      vertex   1.511024e+02 -1.685040e+01 7.220644e+00
      vertex   1.503204e+02 -1.057894e+01 -8.757835e+00
    endloop
  endfacet
  facet normal 9.923167e-01 1.237240e-01 7.148015e-15
    outer loop
      vertex   1.503204e+02 -1.057894e+01 -8.757835e+00
      vertex   1.511024e+02 -1.685040e+01 7.220644e+00
      vertex   1.511024e+02 -1.685040e+01 -8.429161e+00
    endloop
  endfacet
  facet normal -8.319609e-15 -9.960230e-29 1.000000e+00
    outer loop
      vertex   4.532979e+01 -9.586628e+00 8.308173e+00
      vertex   6.390555e+01 -9.586628e+00 8.308173e+00
      vertex   4.532979e+01 -7.212612e+00 8.308173e+00
    endloop
  endfacet
  facet normal -8.606492e-15 -2.244749e-15 1.000000e+00
    outer loop
      vertex   4.532979e+01 -7.212612e+00 8.308173e+00
      vertex   6.390555e+01 -9.586628e+00 8.308173e+00
      vertex   6.390555e+01 -7.212612e+00 8.308173e+00
    endloop
  endfacet
  facet normal -1.000000e+00 5.506607e-14 6.802480e-14
    outer loop
      vertex   4.532979e+01 -9.471178e+00 8.423623e+00
      vertex   4.532979e+01 -9.586628e+00 8.308173e+00
      vertex   4.532979e+01 -1.769586e+01 1.664830e+01
    endloop
  endfacet
  facet normal -1.000000e+00 -2.247014e-14 -7.364788e-15
    outer loop
      vertex   4.532979e+01 -1.769586e+01 1.664830e+01
      vertex   4.532979e+01 -9.586628e+00 8.308173e+00
      vertex   4.532979e+01 -3.048726e+01 1.647286e+00
    endloop
  endfacet
  facet normal -1.000000e+00 -2.277487e-14 -7.104945e-15
    outer loop
      vertex   4.532979e+01 -1.769586e+01 1.664830e+01
      vertex   4.532979e+01 -3.048726e+01 1.647286e+00
      vertex   4.532979e+01 -3.048726e+01 1.664830e+01
    endloop
  endfacet
  facet normal -1.000000e+00 -1.197199e-14 -3.438080e-15
    outer loop
      vertex   4.532979e+01 -7.212612e+00 8.308173e+00
      vertex   4.532979e+01 -5.517256e-01 1.647286e+00
      vertex   4.532979e+01 -9.586628e+00 8.308173e+00
    endloop
  endfacet
  facet normal -1.000000e+00 -2.017540e-14 -1.456527e-14
    outer loop
      vertex   4.532979e+01 -9.586628e+00 8.308173e+00
      vertex   4.532979e+01 -5.517256e-01 1.647286e+00
      vertex   4.532979e+01 -3.048726e+01 1.647286e+00
    endloop
  endfacet
  facet normal 7.283720e-01 7.532137e-02 -6.810293e-01
    outer loop
      vertex   7.165935e+01 -1.058663e+01 1.168219e+01
      vertex   7.078053e+01 -1.058663e+01 1.074228e+01
      vertex   7.110803e+01 -1.005571e+01 1.115127e+01
    endloop
  endfacet
  facet normal 7.889075e-01 -1.337449e-02 -6.143664e-01
    outer loop
      vertex   7.110803e+01 -1.005571e+01 1.115127e+01
      vertex   7.078053e+01 -1.058663e+01 1.074228e+01
      vertex   7.064421e+01 -9.446861e+00 1.054242e+01
    endloop
  endfacet
  facet normal 8.803439e-01 2.220614e-02 -4.738159e-01
    outer loop
      vertex   7.064421e+01 -9.446861e+00 1.054242e+01
      vertex   7.078053e+01 -1.058663e+01 1.074228e+01
      vertex   7.017069e+01 -1.058663e+01 9.609201e+00
    endloop
  endfacet
  facet normal 8.844997e-01 1.434222e-02 -4.663202e-01
    outer loop
      vertex   7.064421e+01 -9.446861e+00 1.054242e+01
      vertex   7.017069e+01 -1.058663e+01 9.609201e+00
      vertex   7.027875e+01 -8.774355e+00 9.869916e+00
    endloop
  endfacet
  facet normal 9.390984e-01 -6.570262e-03 -3.435855e-01
    outer loop
      vertex   7.027875e+01 -8.774355e+00 9.869916e+00
      vertex   7.017069e+01 -1.058663e+01 9.609201e+00
      vertex   7.002022e+01 -8.053949e+00 9.149510e+00
    endloop
  endfacet
  facet normal 9.722400e-01 1.538329e-02 -2.334797e-01
    outer loop
      vertex   7.002022e+01 -8.053949e+00 9.149510e+00
      vertex   7.017069e+01 -1.058663e+01 9.609201e+00
      vertex   6.987022e+01 -1.058663e+01 8.358009e+00
    endloop
  endfacet
  facet normal 9.819342e-01 9.773805e-04 -1.892202e-01
    outer loop
      vertex   7.002022e+01 -8.053949e+00 9.149510e+00
      vertex   6.987022e+01 -1.058663e+01 8.358009e+00
      vertex   6.987467e+01 -7.302524e+00 8.398085e+00
    endloop
  endfacet
  facet normal 9.992401e-01 -8.796309e-04 -3.896855e-02
    outer loop
      vertex   6.987467e+01 -7.302524e+00 8.398085e+00
      vertex   6.987022e+01 -1.058663e+01 8.358009e+00
      vertex   6.984552e+01 -6.537688e+00 7.633249e+00
    endloop
  endfacet
  facet normal 9.996984e-01 1.010497e-02 2.238235e-02
    outer loop
      vertex   6.984552e+01 -6.537688e+00 7.633249e+00
      vertex   6.987022e+01 -1.058663e+01 8.358009e+00
      vertex   6.989902e+01 -1.058663e+01 7.071566e+00
    endloop
  endfacet
  facet normal 9.936556e-01 -2.467793e-03 1.124386e-01
    outer loop
      vertex   6.984552e+01 -6.537688e+00 7.633249e+00
      vertex   6.989902e+01 -1.058663e+01 7.071566e+00
      vertex   6.993344e+01 -5.777363e+00 6.872924e+00
    endloop
  endfacet
  facet normal 9.609199e-01 4.554837e-03 2.767889e-01
    outer loop
      vertex   6.993344e+01 -5.777363e+00 6.872924e+00
      vertex   6.989902e+01 -1.058663e+01 7.071566e+00
      vertex   7.025519e+01 -1.058663e+01 5.835075e+00
    endloop
  endfacet
  facet normal 9.626447e-01 5.983895e-03 2.707015e-01
    outer loop
      vertex   6.993344e+01 -5.777363e+00 6.872924e+00
      vertex   7.025519e+01 -1.058663e+01 5.835075e+00
      vertex   7.013638e+01 -5.039367e+00 6.134928e+00
    endloop
  endfacet
  facet normal 9.133506e-01 -2.448307e-03 4.071667e-01
    outer loop
      vertex   7.013638e+01 -5.039367e+00 6.134928e+00
      vertex   7.025519e+01 -1.058663e+01 5.835075e+00
      vertex   7.044959e+01 -4.340992e+00 5.436553e+00
    endloop
  endfacet
  facet normal 8.584520e-01 6.004487e-03 5.128588e-01
    outer loop
      vertex   7.044959e+01 -4.340992e+00 5.436553e+00
      vertex   7.025519e+01 -1.058663e+01 5.835075e+00
      vertex   7.091513e+01 -1.058663e+01 4.730430e+00
    endloop
  endfacet
  facet normal 8.388457e-01 9.806381e-04 5.443684e-01
    outer loop
      vertex   7.044959e+01 -4.340992e+00 5.436553e+00
      vertex   7.091513e+01 -1.058663e+01 4.730430e+00
      vertex   7.086571e+01 -3.698603e+00 4.794164e+00
    endloop
  endfacet
  facet normal 7.468736e-01 -7.950213e-04 6.649655e-01
    outer loop
      vertex   7.086571e+01 -3.698603e+00 4.794164e+00
      vertex   7.091513e+01 -1.058663e+01 4.730430e+00
      vertex   7.137501e+01 -3.127255e+00 4.222815e+00
    endloop
  endfacet
  facet normal 6.991375e-01 5.550551e-03 7.149657e-01
    outer loop
      vertex   7.137501e+01 -3.127255e+00 4.222815e+00
      vertex   7.091513e+01 -1.058663e+01 4.730430e+00
      vertex   7.183513e+01 -1.058663e+01 3.830790e+00
    endloop
  endfacet
  facet normal 6.367815e-01 -1.242929e-03 7.710433e-01
    outer loop
      vertex   7.137501e+01 -3.127255e+00 4.222815e+00
      vertex   7.183513e+01 -1.058663e+01 3.830790e+00
      vertex   7.196555e+01 -2.640334e+00 3.735895e+00
    endloop
  endfacet
  facet normal 5.101224e-01 1.899322e-03 8.600997e-01
    outer loop
      vertex   7.196555e+01 -2.640334e+00 3.735895e+00
      vertex   7.183513e+01 -1.058663e+01 3.830790e+00
      vertex   7.262348e+01 -2.249251e+00 3.344812e+00
    endloop
  endfacet
  facet normal 4.935200e-01 4.030225e-03 8.697251e-01
    outer loop
      vertex   7.262348e+01 -2.249251e+00 3.344812e+00
      vertex   7.183513e+01 -1.058663e+01 3.830790e+00
      vertex   7.295427e+01 -1.058663e+01 3.195741e+00
    endloop
  endfacet
  facet normal 3.743679e-01 -1.726266e-03 9.272786e-01
    outer loop
      vertex   7.262348e+01 -2.249251e+00 3.344812e+00
      vertex   7.295427e+01 -1.058663e+01 3.195741e+00
      vertex   7.333340e+01 -1.963171e+00 3.058731e+00
    endloop
  endfacet
  facet normal 2.552113e-01 4.141523e-03 9.668764e-01
    outer loop
      vertex   7.333340e+01 -1.963171e+00 3.058731e+00
      vertex   7.295427e+01 -1.058663e+01 3.195741e+00
      vertex   7.419843e+01 -1.058663e+01 2.867341e+00
    endloop
  endfacet
  facet normal 2.275544e-01 1.214352e-03 9.737646e-01
    outer loop
      vertex   7.333340e+01 -1.963171e+00 3.058731e+00
      vertex   7.419843e+01 -1.058663e+01 2.867341e+00
      vertex   7.407866e+01 -1.788796e+00 2.884357e+00
    endloop
  endfacet
  facet normal 7.660671e-02 -8.855389e-04 9.970610e-01
    outer loop
      vertex   7.407866e+01 -1.788796e+00 2.884357e+00
      vertex   7.419843e+01 -1.058663e+01 2.867341e+00
      vertex   7.484181e+01 -1.730214e+00 2.825774e+00
    endloop
  endfacet
  facet normal -8.392737e-15 4.693368e-03 9.999890e-01
    outer loop
      vertex   7.484181e+01 -1.730214e+00 2.825774e+00
      vertex   7.419843e+01 -1.058663e+01 2.867341e+00
      vertex   7.548519e+01 -1.058663e+01 2.867341e+00
    endloop
  endfacet
  facet normal -7.660671e-02 -8.855389e-04 9.970610e-01
    outer loop
      vertex   7.484181e+01 -1.730214e+00 2.825774e+00
      vertex   7.548519e+01 -1.058663e+01 2.867341e+00
      vertex   7.560496e+01 -1.788796e+00 2.884357e+00
    endloop
  endfacet
  facet normal -2.275544e-01 1.214352e-03 9.737646e-01
    outer loop
      vertex   7.560496e+01 -1.788796e+00 2.884357e+00
      vertex   7.548519e+01 -1.058663e+01 2.867341e+00
      vertex   7.635022e+01 -1.963171e+00 3.058731e+00
    endloop
  endfacet
  facet normal -2.552113e-01 4.141523e-03 9.668764e-01
    outer loop
      vertex   7.635022e+01 -1.963171e+00 3.058731e+00
      vertex   7.548519e+01 -1.058663e+01 2.867341e+00
      vertex   7.672934e+01 -1.058663e+01 3.195741e+00
    endloop
  endfacet
  facet normal -3.743679e-01 -1.726266e-03 9.272786e-01
    outer loop
      vertex   7.635022e+01 -1.963171e+00 3.058731e+00
      vertex   7.672934e+01 -1.058663e+01 3.195741e+00
      vertex   7.706014e+01 -2.249251e+00 3.344812e+00
    endloop
  endfacet
  facet normal -4.935200e-01 4.030225e-03 8.697251e-01
    outer loop
      vertex   7.706014e+01 -2.249251e+00 3.344812e+00
      vertex   7.672934e+01 -1.058663e+01 3.195741e+00
      vertex   7.784849e+01 -1.058663e+01 3.830790e+00
    endloop
  endfacet
  facet normal -5.101224e-01 1.899322e-03 8.600997e-01
    outer loop
      vertex   7.706014e+01 -2.249251e+00 3.344812e+00
      vertex   7.784849e+01 -1.058663e+01 3.830790e+00
      vertex   7.771807e+01 -2.640334e+00 3.735895e+00
    endloop
  endfacet
  facet normal -6.367815e-01 -1.242929e-03 7.710433e-01
    outer loop
      vertex   7.771807e+01 -2.640334e+00 3.735895e+00
      vertex   7.784849e+01 -1.058663e+01 3.830790e+00
      vertex   7.830861e+01 -3.127255e+00 4.222815e+00
    endloop
  endfacet
  facet normal -6.991375e-01 5.550551e-03 7.149657e-01
    outer loop
      vertex   7.830861e+01 -3.127255e+00 4.222815e+00
      vertex   7.784849e+01 -1.058663e+01 3.830790e+00
      vertex   7.876849e+01 -1.058663e+01 4.730430e+00
    endloop
  endfacet
  facet normal -7.468736e-01 -7.950213e-04 6.649655e-01
    outer loop
      vertex   7.830861e+01 -3.127255e+00 4.222815e+00
      vertex   7.876849e+01 -1.058663e+01 4.730430e+00
      vertex   7.881790e+01 -3.698603e+00 4.794164e+00
    endloop
  endfacet
  facet normal -8.388457e-01 9.806381e-04 5.443684e-01
    outer loop
      vertex   7.881790e+01 -3.698603e+00 4.794164e+00
      vertex   7.876849e+01 -1.058663e+01 4.730430e+00
      vertex   7.923403e+01 -4.340992e+00 5.436553e+00
    endloop
  endfacet
  facet normal -8.584520e-01 6.004487e-03 5.128588e-01
    outer loop
      vertex   7.923403e+01 -4.340992e+00 5.436553e+00
      vertex   7.876849e+01 -1.058663e+01 4.730430e+00
      vertex   7.942843e+01 -1.058663e+01 5.835075e+00
    endloop
  endfacet
  facet normal -9.133506e-01 -2.448307e-03 4.071667e-01
    outer loop
      vertex   7.923403e+01 -4.340992e+00 5.436553e+00
      vertex   7.942843e+01 -1.058663e+01 5.835075e+00
      vertex   7.954724e+01 -5.039367e+00 6.134928e+00
    endloop
  endfacet
  facet normal -9.609148e-01 5.617878e-03 2.767874e-01
    outer loop
      vertex   7.954724e+01 -5.039367e+00 6.134928e+00
      vertex   7.942843e+01 -1.058663e+01 5.835075e+00
      vertex   7.978460e+01 -1.058663e+01 7.071566e+00
    endloop
  endfacet
  facet normal -9.631124e-01 4.220175e-03 2.690664e-01
    outer loop
      vertex   7.954724e+01 -5.039367e+00 6.134928e+00
      vertex   7.978460e+01 -1.058663e+01 7.071566e+00
      vertex   7.975018e+01 -5.777363e+00 6.872924e+00
    endloop
  endfacet
  facet normal -9.936556e-01 -2.467793e-03 1.124386e-01
    outer loop
      vertex   7.975018e+01 -5.777363e+00 6.872924e+00
      vertex   7.978460e+01 -1.058663e+01 7.071566e+00
      vertex   7.983810e+01 -6.537688e+00 7.633249e+00
    endloop
  endfacet
  facet normal -9.996984e-01 1.010497e-02 2.238235e-02
    outer loop
      vertex   7.983810e+01 -6.537688e+00 7.633249e+00
      vertex   7.978460e+01 -1.058663e+01 7.071566e+00
      vertex   7.981340e+01 -1.058663e+01 8.358009e+00
    endloop
  endfacet
  facet normal -9.992401e-01 -8.796309e-04 -3.896855e-02
    outer loop
      vertex   7.983810e+01 -6.537688e+00 7.633249e+00
      vertex   7.981340e+01 -1.058663e+01 8.358009e+00
      vertex   7.980895e+01 -7.302524e+00 8.398085e+00
    endloop
  endfacet
  facet normal -9.819342e-01 9.773805e-04 -1.892202e-01
    outer loop
      vertex   7.980895e+01 -7.302524e+00 8.398085e+00
      vertex   7.981340e+01 -1.058663e+01 8.358009e+00
      vertex   7.966340e+01 -8.053949e+00 9.149510e+00
    endloop
  endfacet
  facet normal -9.722400e-01 1.538329e-02 -2.334797e-01
    outer loop
      vertex   7.966340e+01 -8.053949e+00 9.149510e+00
      vertex   7.981340e+01 -1.058663e+01 8.358009e+00
      vertex   7.951293e+01 -1.058663e+01 9.609201e+00
    endloop
  endfacet
  facet normal -9.390984e-01 -6.570262e-03 -3.435855e-01
    outer loop
      vertex   7.966340e+01 -8.053949e+00 9.149510e+00
      vertex   7.951293e+01 -1.058663e+01 9.609201e+00
      vertex   7.940487e+01 -8.774355e+00 9.869916e+00
    endloop
  endfacet
  facet normal -8.804529e-01 1.567031e-02 -4.738746e-01
    outer loop
      vertex   7.940487e+01 -8.774355e+00 9.869916e+00
      vertex   7.951293e+01 -1.058663e+01 9.609201e+00
      vertex   7.890309e+01 -1.058663e+01 1.074228e+01
    endloop
  endfacet
  facet normal -8.891041e-01 2.621051e-02 -4.569540e-01
    outer loop
      vertex   7.940487e+01 -8.774355e+00 9.869916e+00
      vertex   7.890309e+01 -1.058663e+01 1.074228e+01
      vertex   7.903941e+01 -9.446861e+00 1.054242e+01
    endloop
  endfacet
  facet normal -7.889075e-01 -1.337449e-02 -6.143664e-01
    outer loop
      vertex   7.903941e+01 -9.446861e+00 1.054242e+01
      vertex   7.890309e+01 -1.058663e+01 1.074228e+01
      vertex   7.857559e+01 -1.005571e+01 1.115127e+01
    endloop
  endfacet
  facet normal -7.283720e-01 7.532137e-02 -6.810293e-01
    outer loop
      vertex   7.857559e+01 -1.005571e+01 1.115127e+01
      vertex   7.890309e+01 -1.058663e+01 1.074228e+01
      vertex   7.802427e+01 -1.058663e+01 1.168219e+01
    endloop
  endfacet
  facet normal -5.430985e-01 5.056767e-02 8.381449e-01
    outer loop
      vertex   7.165935e+01 -1.058663e+01 1.168219e+01
      vertex   7.236845e+01 -1.107561e+01 1.217118e+01
      vertex   7.262224e+01 -1.058663e+01 1.230612e+01
    endloop
  endfacet
  facet normal -4.280884e-01 -2.711313e-02 9.033301e-01
    outer loop
      vertex   7.262224e+01 -1.058663e+01 1.230612e+01
      vertex   7.236845e+01 -1.107561e+01 1.217118e+01
      vertex   7.315096e+01 -1.143564e+01 1.253120e+01
    endloop
  endfacet
  facet normal -3.379139e-01 3.886353e-02 9.403743e-01
    outer loop
      vertex   7.262224e+01 -1.058663e+01 1.230612e+01
      vertex   7.315096e+01 -1.143564e+01 1.253120e+01
      vertex   7.370202e+01 -1.058663e+01 1.269413e+01
    endloop
  endfacet
  facet normal -2.599150e-01 -1.658146e-02 9.654891e-01
    outer loop
      vertex   7.370202e+01 -1.058663e+01 1.269413e+01
      vertex   7.315096e+01 -1.143564e+01 1.253120e+01
      vertex   7.398365e+01 -1.165602e+01 1.275158e+01
    endloop
  endfacet
  facet normal -1.147063e-01 2.314582e-02 9.931298e-01
    outer loop
      vertex   7.370202e+01 -1.058663e+01 1.269413e+01
      vertex   7.398365e+01 -1.165602e+01 1.275158e+01
      vertex   7.484181e+01 -1.058663e+01 1.282577e+01
    endloop
  endfacet
  facet normal -8.613587e-02 -6.783398e-15 9.962834e-01
    outer loop
      vertex   7.484181e+01 -1.058663e+01 1.282577e+01
      vertex   7.398365e+01 -1.165602e+01 1.275158e+01
      vertex   7.484181e+01 -1.173021e+01 1.282577e+01
    endloop
  endfacet
  facet normal 8.613587e-02 -2.501900e-15 9.962834e-01
    outer loop
      vertex   7.484181e+01 -1.058663e+01 1.282577e+01
      vertex   7.484181e+01 -1.173021e+01 1.282577e+01
      vertex   7.569997e+01 -1.165602e+01 1.275158e+01
    endloop
  endfacet
  facet normal 1.147063e-01 2.314582e-02 9.931298e-01
    outer loop
      vertex   7.484181e+01 -1.058663e+01 1.282577e+01
      vertex   7.569997e+01 -1.165602e+01 1.275158e+01
      vertex   7.598160e+01 -1.058663e+01 1.269413e+01
    endloop
  endfacet
  facet normal 2.599150e-01 -1.658146e-02 9.654891e-01
    outer loop
      vertex   7.598160e+01 -1.058663e+01 1.269413e+01
      vertex   7.569997e+01 -1.165602e+01 1.275158e+01
      vertex   7.653266e+01 -1.143564e+01 1.253120e+01
    endloop
  endfacet
  facet normal 3.379139e-01 3.886353e-02 9.403743e-01
    outer loop
      vertex   7.598160e+01 -1.058663e+01 1.269413e+01
      vertex   7.653266e+01 -1.143564e+01 1.253120e+01
      vertex   7.706138e+01 -1.058663e+01 1.230612e+01
    endloop
  endfacet
  facet normal 4.280884e-01 -2.711313e-02 9.033301e-01
    outer loop
      vertex   7.706138e+01 -1.058663e+01 1.230612e+01
      vertex   7.653266e+01 -1.143564e+01 1.253120e+01
      vertex   7.731516e+01 -1.107561e+01 1.217118e+01
    endloop
  endfacet
  facet normal 5.430985e-01 5.056767e-02 8.381449e-01
    outer loop
      vertex   7.706138e+01 -1.058663e+01 1.230612e+01
      vertex   7.731516e+01 -1.107561e+01 1.217118e+01
      vertex   7.802427e+01 -1.058663e+01 1.168219e+01
    endloop
  endfacet
  facet normal -9.994177e-01 -2.415702e-02 -2.409771e-02
    outer loop
      vertex   1.440555e+02 -3.706932e+00 2.787559e+01
      vertex   1.440555e+02 -6.107968e+00 3.028288e+01
      vertex   1.440555e+02 -3.706884e+00 2.787564e+01
    endloop
  endfacet
  facet normal -9.999990e-01 -9.893115e-04 -9.892706e-04
    outer loop
      vertex   1.440555e+02 -3.706884e+00 2.787564e+01
      vertex   1.440555e+02 -6.107968e+00 3.028288e+01
      vertex   1.440499e+02 -4.511167e-01 3.028288e+01
    endloop
  endfacet
  facet normal -9.999990e-01 -9.903921e-04 -9.878091e-04
    outer loop
      vertex   1.440555e+02 -3.706884e+00 2.787564e+01
      vertex   1.440499e+02 -4.511167e-01 3.028288e+01
      vertex   1.440555e+02 -3.282618e+00 2.745138e+01
    endloop
  endfacet
  facet normal -9.999985e-01 -1.206359e-03 -1.206674e-03
    outer loop
      vertex   1.440555e+02 -3.706932e+00 2.787559e+01
      vertex   1.440555e+02 -1.042444e+01 3.459311e+01
      vertex   1.440555e+02 -6.107968e+00 3.028288e+01
    endloop
  endfacet
  facet normal -9.999990e-01 -9.893115e-04 -9.893115e-04
    outer loop
      vertex   1.440555e+02 -6.107968e+00 3.028288e+01
      vertex   1.440555e+02 -1.042444e+01 3.459311e+01
      vertex   1.440555e+02 -1.042132e+01 3.459623e+01
    endloop
  endfacet
  facet normal -2.110204e-14 7.071068e-01 7.071068e-01
    outer loop
      vertex   1.315555e+02 -2.355715e+01 2.358172e+01
      vertex   1.440555e+02 -2.355715e+01 2.358172e+01
      vertex   1.440547e+02 -2.285004e+01 2.287461e+01
    endloop
  endfacet
  facet normal 1.287259e-11 7.071068e-01 7.071068e-01
    outer loop
      vertex   1.440547e+02 -2.285004e+01 2.287461e+01
      vertex   1.440555e+02 -2.355715e+01 2.358172e+01
      vertex   1.440555e+02 -1.490026e+01 1.492483e+01
    endloop
  endfacet
  facet normal 2.893950e-12 7.071068e-01 7.071068e-01
    outer loop
      vertex   1.440547e+02 -2.285004e+01 2.287461e+01
      vertex   1.440555e+02 -1.490026e+01 1.492483e+01
      vertex   1.440547e+02 -1.490026e+01 1.492483e+01
    endloop
  endfacet
  facet normal -2.170648e-14 7.071068e-01 7.071068e-01
    outer loop
      vertex   1.440547e+02 -2.285004e+01 2.287461e+01
      vertex   1.315555e+02 -2.285004e+01 2.287461e+01
      vertex   1.315555e+02 -2.355715e+01 2.358172e+01
    endloop
  endfacet
  facet normal -1.702096e-01 -3.688262e-02 -9.847174e-01
    outer loop
      vertex   1.509811e+02 -1.687668e+01 8.467104e+00
      vertex   1.518533e+02 -2.583757e+01 8.651985e+00
      vertex   1.064663e+02 -2.652257e+01 1.652283e+01
    endloop
  endfacet
  facet normal 2.109328e-01 -9.775006e-01 1.498838e-15
    outer loop
      vertex   8.816745e+01 -3.048726e+01 -6.713111e+00
      vertex   8.869732e+01 -3.037292e+01 -6.719104e+00
      vertex   8.816745e+01 -3.048726e+01 1.665161e+01
    endloop
  endfacet
  facet normal 2.109328e-01 -9.775006e-01 1.255827e-15
    outer loop
      vertex   8.816745e+01 -3.048726e+01 1.665161e+01
      vertex   8.869732e+01 -3.037292e+01 -6.719104e+00
      vertex   8.869732e+01 -3.037292e+01 1.676595e+01
    endloop
  endfacet
  facet normal 2.181602e-14 -7.071068e-01 -7.071068e-01
    outer loop
      vertex   1.359055e+02 -1.754674e+01 2.747081e+01
      vertex   1.397055e+02 -1.754674e+01 2.747081e+01
      vertex   1.359055e+02 -1.860740e+01 2.853147e+01
    endloop
  endfacet
  facet normal 1.983275e-14 -7.071068e-01 -7.071068e-01
    outer loop
      vertex   1.359055e+02 -1.860740e+01 2.853147e+01
      vertex   1.397055e+02 -1.754674e+01 2.747081e+01
      vertex   1.397055e+02 -1.860740e+01 2.853147e+01
    endloop
  endfacet
  facet normal 1.000000e+00 -1.416182e-11 -1.108025e-11
    outer loop
      vertex   1.359055e+02 -1.825385e+01 2.676370e+01
      vertex   1.359055e+02 -1.754674e+01 2.747081e+01
      vertex   1.359055e+02 -1.931451e+01 2.782436e+01
    endloop
  endfacet
  facet normal 1.000000e+00 -1.415512e-11 -1.104675e-11
    outer loop
      vertex   1.359055e+02 -1.931451e+01 2.782436e+01
      vertex   1.359055e+02 -1.754674e+01 2.747081e+01
      vertex   1.359055e+02 -1.860740e+01 2.853147e+01
    endloop
  endfacet
  facet normal 2.194520e-14 -7.071068e-01 -7.071068e-01
    outer loop
      vertex   1.315555e+02 -1.825385e+01 2.676370e+01
      vertex   1.359055e+02 -1.825385e+01 2.676370e+01
      vertex   1.315555e+02 -1.931451e+01 2.782436e+01
    endloop
  endfacet
  facet normal 2.136769e-14 -7.071068e-01 -7.071068e-01
    outer loop
      vertex   1.315555e+02 -1.931451e+01 2.782436e+01
      vertex   1.359055e+02 -1.825385e+01 2.676370e+01
      vertex   1.359055e+02 -1.931451e+01 2.782436e+01
    endloop
  endfacet
  facet normal 7.259378e-05 -7.071068e-01 -7.071068e-01
    outer loop
      vertex   1.343669e+02 -9.671321e+00 3.746755e+01
      vertex   1.343669e+02 -9.671321e+00 3.746755e+01
      vertex   1.343669e+02 -8.964215e+00 3.676044e+01
    endloop
  endfacet
  facet normal 7.259551e-05 -7.071068e-01 -7.071068e-01
    outer loop
      vertex   1.343669e+02 -8.964215e+00 3.676044e+01
      vertex   1.343669e+02 -9.671321e+00 3.746755e+01
      vertex   1.343669e+02 -8.964215e+00 3.676044e+01
    endloop
  endfacet
  facet normal 1.000000e+00 5.133203e-05 5.133203e-05
    outer loop
      vertex   1.343669e+02 -9.954168e+00 3.718470e+01
      vertex   1.343669e+02 -9.247062e+00 3.647760e+01
      vertex   1.343669e+02 -9.671321e+00 3.746755e+01
    endloop
  endfacet
  facet normal 1.000000e+00 5.133203e-05 5.133203e-05
    outer loop
      vertex   1.343669e+02 -9.671321e+00 3.746755e+01
      vertex   1.343669e+02 -9.247062e+00 3.647760e+01
      vertex   1.343669e+02 -8.964215e+00 3.676044e+01
    endloop
  endfacet
  facet normal -1.000000e+00 6.029011e-14 1.406789e-13
    outer loop
      vertex   1.343669e+02 -9.671321e+00 3.746755e+01
      vertex   1.343669e+02 -8.964215e+00 3.676044e+01
      vertex   1.343669e+02 -9.954168e+00 3.718470e+01
    endloop
  endfacet
  facet normal -1.000000e+00 0.000000e+00 0.000000e+00
    outer loop
      vertex   1.343669e+02 -9.954168e+00 3.718470e+01
      vertex   1.343669e+02 -8.964215e+00 3.676044e+01
      vertex   1.343669e+02 -9.247062e+00 3.647760e+01
    endloop
  endfacet
  facet normal 1.469860e-09 -7.071075e-01 7.071060e-01
    outer loop
      vertex   1.440565e+02 -1.671665e+01 1.486588e+01
      vertex   1.440564e+02 -1.665770e+01 1.492483e+01
      vertex   1.430562e+02 -1.671764e+01 1.486488e+01
    endloop
  endfacet
  facet normal -2.352715e-12 -7.071075e-01 7.071061e-01
    outer loop
      vertex   1.430562e+02 -1.671764e+01 1.486488e+01
      vertex   1.440564e+02 -1.665770e+01 1.492483e+01
      vertex   1.315555e+02 -1.665770e+01 1.492483e+01
    endloop
  endfacet
  facet normal 1.212818e-09 -7.071074e-01 7.071062e-01
    outer loop
      vertex   1.430562e+02 -1.671764e+01 1.486488e+01
      vertex   1.315555e+02 -1.665770e+01 1.492483e+01
      vertex   1.315555e+02 -1.672902e+01 1.485351e+01
    endloop
  endfacet
  facet normal -9.999990e-01 -9.897878e-04 -9.897878e-04
    outer loop
      vertex   1.440547e+02 -1.490026e+01 1.492483e+01
      vertex   1.440564e+02 -1.665770e+01 1.492483e+01
      vertex   1.440547e+02 -2.285004e+01 2.287461e+01
    endloop
  endfacet
  facet normal -9.999990e-01 -9.897878e-04 -9.897878e-04
    outer loop
      vertex   1.440547e+02 -2.285004e+01 2.287461e+01
      vertex   1.440564e+02 -1.665770e+01 1.492483e+01
      vertex   1.440565e+02 -2.378772e+01 2.193694e+01
    endloop
  endfacet
  facet normal -9.999990e-01 -9.897878e-04 -9.897878e-04
    outer loop
      vertex   1.440565e+02 -2.378772e+01 2.193694e+01
      vertex   1.440564e+02 -1.665770e+01 1.492483e+01
      vertex   1.440565e+02 -1.671665e+01 1.486588e+01
    endloop
  endfacet
  facet normal -1.399120e-03 7.071061e-01 7.071061e-01
    outer loop
      vertex   1.430562e+02 -1.671764e+01 1.486488e+01
      vertex   1.315555e+02 -1.672902e+01 1.485351e+01
      vertex   1.430562e+02 -2.378871e+01 2.193595e+01
    endloop
  endfacet
  facet normal -1.399120e-03 7.071061e-01 7.071061e-01
    outer loop
      vertex   1.430562e+02 -2.378871e+01 2.193595e+01
      vertex   1.315555e+02 -1.672902e+01 1.485351e+01
      vertex   1.315555e+02 -2.380008e+01 2.192457e+01
    endloop
  endfacet
  facet normal -8.844406e-14 7.071068e-01 -7.071068e-01
    outer loop
      vertex   1.315555e+02 -2.380008e+01 2.192457e+01
      vertex   1.315555e+02 -2.285004e+01 2.287461e+01
      vertex   1.430562e+02 -2.378871e+01 2.193595e+01
    endloop
  endfacet
  facet normal -2.005831e-13 7.071068e-01 -7.071068e-01
    outer loop
      vertex   1.430562e+02 -2.378871e+01 2.193595e+01
      vertex   1.315555e+02 -2.285004e+01 2.287461e+01
      vertex   1.440547e+02 -2.285004e+01 2.287461e+01
    endloop
  endfacet
  facet normal -1.494421e-12 7.071068e-01 -7.071068e-01
    outer loop
      vertex   1.430562e+02 -2.378871e+01 2.193595e+01
      vertex   1.440547e+02 -2.285004e+01 2.287461e+01
      vertex   1.440565e+02 -2.378772e+01 2.193694e+01
    endloop
  endfacet
  facet normal -1.142761e-14 7.071068e-01 -7.071068e-01
    outer loop
      vertex   4.532979e+01 -9.471178e+00 8.423623e+00
      vertex   6.390555e+01 -9.471178e+00 8.423623e+00
      vertex   4.532979e+01 -9.586628e+00 8.308173e+00
    endloop
  endfacet
  facet normal -1.122475e-14 7.071068e-01 -7.071068e-01
    outer loop
      vertex   4.532979e+01 -9.586628e+00 8.308173e+00
      vertex   6.390555e+01 -9.471178e+00 8.423623e+00
      vertex   6.390555e+01 -9.586628e+00 8.308173e+00
    endloop
  endfacet
  facet normal -2.356261e-14 1.000000e+00 9.638978e-16
    outer loop
      vertex   7.590297e+01 -1.058663e+01 3.865479e+00
      vertex   7.548519e+01 -1.058663e+01 2.867341e+00
      vertex   7.484181e+01 -1.058663e+01 3.725774e+00
    endloop
  endfacet
  facet normal -2.346821e-14 1.000000e+00 1.034651e-15
    outer loop
      vertex   7.484181e+01 -1.058663e+01 3.725774e+00
      vertex   7.548519e+01 -1.058663e+01 2.867341e+00
      vertex   7.419843e+01 -1.058663e+01 2.867341e+00
    endloop
  endfacet
  facet normal -2.331465e-14 1.000000e+00 9.195599e-16
    outer loop
      vertex   7.484181e+01 -1.058663e+01 3.725774e+00
      vertex   7.419843e+01 -1.058663e+01 2.867341e+00
      vertex   7.378065e+01 -1.058663e+01 3.865479e+00
    endloop
  endfacet
  facet normal -2.411802e-14 1.000000e+00 5.833063e-16
    outer loop
      vertex   7.378065e+01 -1.058663e+01 3.865479e+00
      vertex   7.419843e+01 -1.058663e+01 2.867341e+00
      vertex   7.295427e+01 -1.058663e+01 3.195741e+00
    endloop
  endfacet
  facet normal -2.345200e-14 1.000000e+00 -2.384823e-16
    outer loop
      vertex   7.378065e+01 -1.058663e+01 3.865479e+00
      vertex   7.295427e+01 -1.058663e+01 3.195741e+00
      vertex   7.279181e+01 -1.058663e+01 4.275070e+00
    endloop
  endfacet
  facet normal -2.399004e-14 1.000000e+00 -3.194703e-16
    outer loop
      vertex   7.279181e+01 -1.058663e+01 4.275070e+00
      vertex   7.295427e+01 -1.058663e+01 3.195741e+00
      vertex   7.183513e+01 -1.058663e+01 3.830790e+00
    endloop
  endfacet
  facet normal -2.371352e-14 1.000000e+00 -9.149064e-16
    outer loop
      vertex   7.279181e+01 -1.058663e+01 4.275070e+00
      vertex   7.183513e+01 -1.058663e+01 3.830790e+00
      vertex   7.194267e+01 -1.058663e+01 4.926637e+00
    endloop
  endfacet
  facet normal -2.403363e-14 1.000000e+00 -8.834930e-16
    outer loop
      vertex   7.194267e+01 -1.058663e+01 4.926637e+00
      vertex   7.183513e+01 -1.058663e+01 3.830790e+00
      vertex   7.091513e+01 -1.058663e+01 4.730430e+00
    endloop
  endfacet
  facet normal -2.424505e-14 1.000000e+00 2.237025e-16
    outer loop
      vertex   7.194267e+01 -1.058663e+01 4.926637e+00
      vertex   7.091513e+01 -1.058663e+01 4.730430e+00
      vertex   7.129110e+01 -1.058663e+01 5.775774e+00
    endloop
  endfacet
  facet normal -2.399895e-14 1.000000e+00 1.351873e-16
    outer loop
      vertex   7.129110e+01 -1.058663e+01 5.775774e+00
      vertex   7.091513e+01 -1.058663e+01 4.730430e+00
      vertex   7.025519e+01 -1.058663e+01 5.835075e+00
    endloop
  endfacet
  facet normal -2.406309e-14 1.000000e+00 -9.852503e-16
    outer loop
      vertex   7.129110e+01 -1.058663e+01 5.775774e+00
      vertex   7.025519e+01 -1.058663e+01 5.835075e+00
      vertex   7.088151e+01 -1.058663e+01 6.764616e+00
    endloop
  endfacet
  facet normal -2.534919e-14 1.000000e+00 -1.186694e-16
    outer loop
      vertex   7.088151e+01 -1.058663e+01 6.764616e+00
      vertex   7.025519e+01 -1.058663e+01 5.835075e+00
      vertex   6.989902e+01 -1.058663e+01 7.071566e+00
    endloop
  endfacet
  facet normal -2.476163e-14 1.000000e+00 1.762008e-15
    outer loop
      vertex   7.088151e+01 -1.058663e+01 6.764616e+00
      vertex   6.989902e+01 -1.058663e+01 7.071566e+00
      vertex   7.074181e+01 -1.058663e+01 7.825774e+00
    endloop
  endfacet
  facet normal -2.272941e-14 1.000000e+00 -5.088911e-16
    outer loop
      vertex   7.074181e+01 -1.058663e+01 7.825774e+00
      vertex   6.989902e+01 -1.058663e+01 7.071566e+00
      vertex   6.987022e+01 -1.058663e+01 8.358009e+00
    endloop
  endfacet
  facet normal -2.358890e-14 1.000000e+00 -1.916400e-15
    outer loop
      vertex   7.074181e+01 -1.058663e+01 7.825774e+00
      vertex   6.987022e+01 -1.058663e+01 8.358009e+00
      vertex   7.088151e+01 -1.058663e+01 8.886933e+00
    endloop
  endfacet
  facet normal -2.472673e-14 1.000000e+00 2.591017e-16
    outer loop
      vertex   7.088151e+01 -1.058663e+01 8.886933e+00
      vertex   6.987022e+01 -1.058663e+01 8.358009e+00
      vertex   7.017069e+01 -1.058663e+01 9.609201e+00
    endloop
  endfacet
  facet normal -2.401087e-14 1.000000e+00 9.636206e-16
    outer loop
      vertex   7.088151e+01 -1.058663e+01 8.886933e+00
      vertex   7.017069e+01 -1.058663e+01 9.609201e+00
      vertex   7.129110e+01 -1.058663e+01 9.875774e+00
    endloop
  endfacet
  facet normal -2.385195e-14 1.000000e+00 2.956693e-16
    outer loop
      vertex   7.129110e+01 -1.058663e+01 9.875774e+00
      vertex   7.017069e+01 -1.058663e+01 9.609201e+00
      vertex   7.078053e+01 -1.058663e+01 1.074228e+01
    endloop
  endfacet
  facet normal -2.445716e-14 1.000000e+00 -6.094591e-17
    outer loop
      vertex   7.129110e+01 -1.058663e+01 9.875774e+00
      vertex   7.078053e+01 -1.058663e+01 1.074228e+01
      vertex   7.194267e+01 -1.058663e+01 1.072491e+01
    endloop
  endfacet
  facet normal -2.439778e-14 1.000000e+00 3.912824e-15
    outer loop
      vertex   7.194267e+01 -1.058663e+01 1.072491e+01
      vertex   7.078053e+01 -1.058663e+01 1.074228e+01
      vertex   7.165935e+01 -1.058663e+01 1.168219e+01
    endloop
  endfacet
  facet normal -2.571480e-14 1.000000e+00 3.523027e-15
    outer loop
      vertex   7.194267e+01 -1.058663e+01 1.072491e+01
      vertex   7.165935e+01 -1.058663e+01 1.168219e+01
      vertex   7.279181e+01 -1.058663e+01 1.137648e+01
    endloop
  endfacet
  facet normal -2.641925e-14 1.000000e+00 9.135035e-16
    outer loop
      vertex   7.279181e+01 -1.058663e+01 1.137648e+01
      vertex   7.165935e+01 -1.058663e+01 1.168219e+01
      vertex   7.262224e+01 -1.058663e+01 1.230612e+01
    endloop
  endfacet
  facet normal -2.392040e-14 1.000000e+00 1.369294e-15
    outer loop
      vertex   7.279181e+01 -1.058663e+01 1.137648e+01
      vertex   7.262224e+01 -1.058663e+01 1.230612e+01
      vertex   7.378065e+01 -1.058663e+01 1.178607e+01
    endloop
  endfacet
  facet normal -2.461381e-14 1.000000e+00 -1.752734e-16
    outer loop
      vertex   7.378065e+01 -1.058663e+01 1.178607e+01
      vertex   7.262224e+01 -1.058663e+01 1.230612e+01
      vertex   7.370202e+01 -1.058663e+01 1.269413e+01
    endloop
  endfacet
  facet normal -2.342618e-14 1.000000e+00 -7.242771e-17
    outer loop
      vertex   7.378065e+01 -1.058663e+01 1.178607e+01
      vertex   7.370202e+01 -1.058663e+01 1.269413e+01
      vertex   7.484181e+01 -1.058663e+01 1.192577e+01
    endloop
  endfacet
  facet normal -2.204683e-14 1.000000e+00 1.973730e-15
    outer loop
      vertex   7.484181e+01 -1.058663e+01 1.192577e+01
      vertex   7.370202e+01 -1.058663e+01 1.269413e+01
      vertex   7.484181e+01 -1.058663e+01 1.282577e+01
    endloop
  endfacet
  facet normal -2.470788e-14 1.000000e+00 1.973730e-15
    outer loop
      vertex   7.484181e+01 -1.058663e+01 1.192577e+01
      vertex   7.484181e+01 -1.058663e+01 1.282577e+01
      vertex   7.598160e+01 -1.058663e+01 1.269413e+01
    endloop
  endfacet
  facet normal -2.304102e-14 1.000000e+00 7.455825e-16
    outer loop
      vertex   7.548519e+01 -1.058663e+01 2.867341e+00
      vertex   7.590297e+01 -1.058663e+01 3.865479e+00
      vertex   7.672934e+01 -1.058663e+01 3.195741e+00
    endloop
  endfacet
  facet normal -2.464081e-14 1.000000e+00 -1.228371e-15
    outer loop
      vertex   7.672934e+01 -1.058663e+01 3.195741e+00
      vertex   7.590297e+01 -1.058663e+01 3.865479e+00
      vertex   7.689181e+01 -1.058663e+01 4.275070e+00
    endloop
  endfacet
  facet normal -2.296893e-14 1.000000e+00 -1.480028e-15
    outer loop
      vertex   7.672934e+01 -1.058663e+01 3.195741e+00
      vertex   7.689181e+01 -1.058663e+01 4.275070e+00
      vertex   7.784849e+01 -1.058663e+01 3.830790e+00
    endloop
  endfacet
  facet normal -2.255679e-14 1.000000e+00 -5.925715e-16
    outer loop
      vertex   7.784849e+01 -1.058663e+01 3.830790e+00
      vertex   7.689181e+01 -1.058663e+01 4.275070e+00
      vertex   7.774095e+01 -1.058663e+01 4.926637e+00
    endloop
  endfacet
  facet normal -2.434907e-14 1.000000e+00 -7.684524e-16
    outer loop
      vertex   7.784849e+01 -1.058663e+01 3.830790e+00
      vertex   7.774095e+01 -1.058663e+01 4.926637e+00
      vertex   7.876849e+01 -1.058663e+01 4.730430e+00
    endloop
  endfacet
  facet normal -2.424505e-14 1.000000e+00 -2.237025e-16
    outer loop
      vertex   7.876849e+01 -1.058663e+01 4.730430e+00
      vertex   7.774095e+01 -1.058663e+01 4.926637e+00
      vertex   7.839251e+01 -1.058663e+01 5.775774e+00
    endloop
  endfacet
  facet normal -2.399895e-14 1.000000e+00 -1.351873e-16
    outer loop
      vertex   7.876849e+01 -1.058663e+01 4.730430e+00
      vertex   7.839251e+01 -1.058663e+01 5.775774e+00
      vertex   7.942843e+01 -1.058663e+01 5.835075e+00
    endloop
  endfacet
  facet normal -2.406309e-14 1.000000e+00 9.852503e-16
    outer loop
      vertex   7.942843e+01 -1.058663e+01 5.835075e+00
      vertex   7.839251e+01 -1.058663e+01 5.775774e+00
      vertex   7.880210e+01 -1.058663e+01 6.764616e+00
    endloop
  endfacet
  facet normal -2.385560e-14 1.000000e+00 1.125058e-15
    outer loop
      vertex   7.942843e+01 -1.058663e+01 5.835075e+00
      vertex   7.880210e+01 -1.058663e+01 6.764616e+00
      vertex   7.978460e+01 -1.058663e+01 7.071566e+00
    endloop
  endfacet
  facet normal -2.342148e-14 1.000000e+00 -2.644621e-16
    outer loop
      vertex   7.978460e+01 -1.058663e+01 7.071566e+00
      vertex   7.880210e+01 -1.058663e+01 6.764616e+00
      vertex   7.894181e+01 -1.058663e+01 7.825774e+00
    endloop
  endfacet
  facet normal -2.272941e-14 1.000000e+00 5.088911e-16
    outer loop
      vertex   7.978460e+01 -1.058663e+01 7.071566e+00
      vertex   7.894181e+01 -1.058663e+01 7.825774e+00
      vertex   7.981340e+01 -1.058663e+01 8.358009e+00
    endloop
  endfacet
  facet normal -2.264276e-14 1.000000e+00 3.669833e-16
    outer loop
      vertex   7.981340e+01 -1.058663e+01 8.358009e+00
      vertex   7.894181e+01 -1.058663e+01 7.825774e+00
      vertex   7.880210e+01 -1.058663e+01 8.886933e+00
    endloop
  endfacet
  facet normal -2.356710e-14 1.000000e+00 -1.400354e-15
    outer loop
      vertex   7.981340e+01 -1.058663e+01 8.358009e+00
      vertex   7.880210e+01 -1.058663e+01 8.886933e+00
      vertex   7.951293e+01 -1.058663e+01 9.609201e+00
    endloop
  endfacet
  facet normal -2.401087e-14 1.000000e+00 -9.636206e-16
    outer loop
      vertex   7.951293e+01 -1.058663e+01 9.609201e+00
      vertex   7.880210e+01 -1.058663e+01 8.886933e+00
      vertex   7.839251e+01 -1.058663e+01 9.875774e+00
    endloop
  endfacet
  facet normal -2.342417e-14 1.000000e+00 1.502299e-15
    outer loop
      vertex   7.951293e+01 -1.058663e+01 9.609201e+00
      vertex   7.839251e+01 -1.058663e+01 9.875774e+00
      vertex   7.890309e+01 -1.058663e+01 1.074228e+01
    endloop
  endfacet
  facet normal -2.294597e-14 1.000000e+00 1.220523e-15
    outer loop
      vertex   7.890309e+01 -1.058663e+01 1.074228e+01
      vertex   7.839251e+01 -1.058663e+01 9.875774e+00
      vertex   7.774095e+01 -1.058663e+01 1.072491e+01
    endloop
  endfacet
  facet normal -2.291818e-14 1.000000e+00 -6.394720e-16
    outer loop
      vertex   7.890309e+01 -1.058663e+01 1.074228e+01
      vertex   7.774095e+01 -1.058663e+01 1.072491e+01
      vertex   7.802427e+01 -1.058663e+01 1.168219e+01
    endloop
  endfacet
  facet normal -2.339409e-14 1.000000e+00 -4.986160e-16
    outer loop
      vertex   7.802427e+01 -1.058663e+01 1.168219e+01
      vertex   7.774095e+01 -1.058663e+01 1.072491e+01
      vertex   7.689181e+01 -1.058663e+01 1.137648e+01
    endloop
  endfacet
  facet normal -2.366216e-14 1.000000e+00 4.943945e-16
    outer loop
      vertex   7.802427e+01 -1.058663e+01 1.168219e+01
      vertex   7.689181e+01 -1.058663e+01 1.137648e+01
      vertex   7.706138e+01 -1.058663e+01 1.230612e+01
    endloop
  endfacet
  facet normal -2.485473e-14 1.000000e+00 7.119202e-16
    outer loop
      vertex   7.706138e+01 -1.058663e+01 1.230612e+01
      vertex   7.689181e+01 -1.058663e+01 1.137648e+01
      vertex   7.590297e+01 -1.058663e+01 1.178607e+01
    endloop
  endfacet
  facet normal -2.461381e-14 1.000000e+00 1.752734e-16
    outer loop
      vertex   7.706138e+01 -1.058663e+01 1.230612e+01
      vertex   7.590297e+01 -1.058663e+01 1.178607e+01
      vertex   7.598160e+01 -1.058663e+01 1.269413e+01
    endloop
  endfacet
  facet normal -2.342618e-14 1.000000e+00 7.242771e-17
    outer loop
      vertex   7.598160e+01 -1.058663e+01 1.269413e+01
      vertex   7.590297e+01 -1.058663e+01 1.178607e+01
      vertex   7.484181e+01 -1.058663e+01 1.192577e+01
    endloop
  endfacet
  facet normal -9.914449e-01 -2.268196e-14 -1.305262e-01
    outer loop
      vertex   7.629070e+01 -3.048726e+01 8.214003e+00
      vertex   7.629070e+01 -2.548726e+01 8.214003e+00
      vertex   7.634181e+01 -3.048726e+01 7.825774e+00
    endloop
  endfacet
  facet normal -9.914449e-01 -1.984092e-14 -1.305262e-01
    outer loop
      vertex   7.634181e+01 -3.048726e+01 7.825774e+00
      vertex   7.629070e+01 -2.548726e+01 8.214003e+00
      vertex   7.634181e+01 -2.548726e+01 7.825774e+00
    endloop
  endfacet
  facet normal -9.914449e-01 -1.960906e-14 1.305262e-01
    outer loop
      vertex   7.634181e+01 -3.048726e+01 7.825774e+00
      vertex   7.634181e+01 -2.548726e+01 7.825774e+00
      vertex   7.629070e+01 -3.048726e+01 7.437546e+00
    endloop
  endfacet
  facet normal -9.914449e-01 -2.240373e-14 1.305262e-01
    outer loop
      vertex   7.629070e+01 -3.048726e+01 7.437546e+00
      vertex   7.634181e+01 -2.548726e+01 7.825774e+00
      vertex   7.629070e+01 -2.548726e+01 7.437546e+00
    endloop
  endfacet
  facet normal -9.238795e-01 -2.059872e-14 3.826834e-01
    outer loop
      vertex   7.629070e+01 -3.048726e+01 7.437546e+00
      vertex   7.629070e+01 -2.548726e+01 7.437546e+00
      vertex   7.614085e+01 -3.048726e+01 7.075774e+00
    endloop
  endfacet
  facet normal -9.238795e-01 -2.059872e-14 3.826834e-01
    outer loop
      vertex   7.614085e+01 -3.048726e+01 7.075774e+00
      vertex   7.629070e+01 -2.548726e+01 7.437546e+00
      vertex   7.614085e+01 -2.548726e+01 7.075774e+00
    endloop
  endfacet
  facet normal -7.933533e-01 -1.738994e-14 6.087614e-01
    outer loop
      vertex   7.614085e+01 -3.048726e+01 7.075774e+00
      vertex   7.614085e+01 -2.548726e+01 7.075774e+00
      vertex   7.590247e+01 -3.048726e+01 6.765114e+00
    endloop
  endfacet
  facet normal -7.933533e-01 -1.717366e-14 6.087614e-01
    outer loop
      vertex   7.590247e+01 -3.048726e+01 6.765114e+00
      vertex   7.614085e+01 -2.548726e+01 7.075774e+00
      vertex   7.590247e+01 -2.548726e+01 6.765114e+00
    endloop
  endfacet
  facet normal -6.087614e-01 -1.271421e-14 7.933533e-01
    outer loop
      vertex   7.590247e+01 -3.048726e+01 6.765114e+00
      vertex   7.590247e+01 -2.548726e+01 6.765114e+00
      vertex   7.559181e+01 -3.048726e+01 6.526736e+00
    endloop
  endfacet
  facet normal -6.087614e-01 -1.285514e-14 7.933533e-01
    outer loop
      vertex   7.559181e+01 -3.048726e+01 6.526736e+00
      vertex   7.590247e+01 -2.548726e+01 6.765114e+00
      vertex   7.559181e+01 -2.548726e+01 6.526736e+00
    endloop
  endfacet
  facet normal -3.826834e-01 -7.552416e-15 9.238795e-01
    outer loop
      vertex   7.559181e+01 -3.048726e+01 6.526736e+00
      vertex   7.559181e+01 -2.548726e+01 6.526736e+00
      vertex   7.523004e+01 -3.048726e+01 6.376886e+00
    endloop
  endfacet
  facet normal -3.826834e-01 -7.552416e-15 9.238795e-01
    outer loop
      vertex   7.523004e+01 -3.048726e+01 6.376886e+00
      vertex   7.559181e+01 -2.548726e+01 6.526736e+00
      vertex   7.523004e+01 -2.548726e+01 6.376886e+00
    endloop
  endfacet
  facet normal -1.305262e-01 -1.735010e-15 9.914449e-01
    outer loop
      vertex   7.523004e+01 -3.048726e+01 6.376886e+00
      vertex   7.523004e+01 -2.548726e+01 6.376886e+00
      vertex   7.484181e+01 -3.048726e+01 6.325774e+00
    endloop
  endfacet
  facet normal -1.305262e-01 -1.735010e-15 9.914449e-01
    outer loop
      vertex   7.484181e+01 -3.048726e+01 6.325774e+00
      vertex   7.523004e+01 -2.548726e+01 6.376886e+00
      vertex   7.484181e+01 -2.548726e+01 6.325774e+00
    endloop
  endfacet
  facet normal 1.305262e-01 4.200634e-15 9.914449e-01
    outer loop
      vertex   7.484181e+01 -3.048726e+01 6.325774e+00
      vertex   7.484181e+01 -2.548726e+01 6.325774e+00
      vertex   7.445358e+01 -3.048726e+01 6.376886e+00
    endloop
  endfacet
  facet normal 1.305262e-01 4.376750e-15 9.914449e-01
    outer loop
      vertex   7.445358e+01 -3.048726e+01 6.376886e+00
      vertex   7.484181e+01 -2.548726e+01 6.325774e+00
      vertex   7.445358e+01 -2.548726e+01 6.376886e+00
    endloop
  endfacet
  facet normal 3.826834e-01 1.001413e-14 9.238795e-01
    outer loop
      vertex   7.445358e+01 -3.048726e+01 6.376886e+00
      vertex   7.445358e+01 -2.548726e+01 6.376886e+00
      vertex   7.409181e+01 -3.048726e+01 6.526736e+00
    endloop
  endfacet
  facet normal 3.826834e-01 1.017824e-14 9.238795e-01
    outer loop
      vertex   7.409181e+01 -3.048726e+01 6.526736e+00
      vertex   7.445358e+01 -2.548726e+01 6.376886e+00
      vertex   7.409181e+01 -2.548726e+01 6.526736e+00
    endloop
  endfacet
  facet normal 6.087614e-01 1.510998e-14 7.933533e-01
    outer loop
      vertex   7.409181e+01 -3.048726e+01 6.526736e+00
      vertex   7.409181e+01 -2.548726e+01 6.526736e+00
      vertex   7.378115e+01 -3.048726e+01 6.765114e+00
    endloop
  endfacet
  facet normal 6.087614e-01 1.496906e-14 7.933533e-01
    outer loop
      vertex   7.378115e+01 -3.048726e+01 6.765114e+00
      vertex   7.409181e+01 -2.548726e+01 6.526736e+00
      vertex   7.378115e+01 -2.548726e+01 6.765114e+00
    endloop
  endfacet
  facet normal 7.933533e-01 1.890387e-14 6.087614e-01
    outer loop
      vertex   7.378115e+01 -3.048726e+01 6.765114e+00
      vertex   7.378115e+01 -2.548726e+01 6.765114e+00
      vertex   7.354277e+01 -3.048726e+01 7.075774e+00
    endloop
  endfacet
  facet normal 7.933533e-01 1.890387e-14 6.087614e-01
    outer loop
      vertex   7.354277e+01 -3.048726e+01 7.075774e+00
      vertex   7.378115e+01 -2.548726e+01 6.765114e+00
      vertex   7.354277e+01 -2.548726e+01 7.075774e+00
    endloop
  endfacet
  facet normal 9.238795e-01 2.155041e-14 3.826834e-01
    outer loop
      vertex   7.354277e+01 -3.048726e+01 7.075774e+00
      vertex   7.354277e+01 -2.548726e+01 7.075774e+00
      vertex   7.339292e+01 -3.048726e+01 7.437546e+00
    endloop
  endfacet
  facet normal 9.238795e-01 2.161839e-14 3.826834e-01
    outer loop
      vertex   7.339292e+01 -3.048726e+01 7.437546e+00
      vertex   7.354277e+01 -2.548726e+01 7.075774e+00
      vertex   7.339292e+01 -2.548726e+01 7.437546e+00
    endloop
  endfacet
  facet normal 9.914449e-01 2.275152e-14 1.305262e-01
    outer loop
      vertex   7.339292e+01 -3.048726e+01 7.437546e+00
      vertex   7.339292e+01 -2.548726e+01 7.437546e+00
      vertex   7.334181e+01 -3.048726e+01 7.825774e+00
    endloop
  endfacet
  facet normal 9.914449e-01 1.995685e-14 1.305262e-01
    outer loop
      vertex   7.334181e+01 -3.048726e+01 7.825774e+00
      vertex   7.339292e+01 -2.548726e+01 7.437546e+00
      vertex   7.334181e+01 -2.548726e+01 7.825774e+00
    endloop
  endfacet
  facet normal 9.914449e-01 1.949313e-14 -1.305262e-01
    outer loop
      vertex   7.334181e+01 -3.048726e+01 7.825774e+00
      vertex   7.334181e+01 -2.548726e+01 7.825774e+00
      vertex   7.339292e+01 -3.048726e+01 8.214003e+00
    endloop
  endfacet
  facet normal 9.914449e-01 2.235736e-14 -1.305262e-01
    outer loop
      vertex   7.339292e+01 -3.048726e+01 8.214003e+00
      vertex   7.334181e+01 -2.548726e+01 7.825774e+00
      vertex   7.339292e+01 -2.548726e+01 8.214003e+00
    endloop
  endfacet
  facet normal 9.238795e-01 2.046276e-14 -3.826834e-01
    outer loop
      vertex   7.339292e+01 -3.048726e+01 8.214003e+00
      vertex   7.339292e+01 -2.548726e+01 8.214003e+00
      vertex   7.354277e+01 -3.048726e+01 8.575774e+00
    endloop
  endfacet
  facet normal 9.238795e-01 2.046276e-14 -3.826834e-01
    outer loop
      vertex   7.354277e+01 -3.048726e+01 8.575774e+00
      vertex   7.339292e+01 -2.548726e+01 8.214003e+00
      vertex   7.354277e+01 -2.548726e+01 8.575774e+00
    endloop
  endfacet
  facet normal 7.933533e-01 1.717366e-14 -6.087614e-01
    outer loop
      vertex   7.354277e+01 -3.048726e+01 8.575774e+00
      vertex   7.354277e+01 -2.548726e+01 8.575774e+00
      vertex   7.378115e+01 -3.048726e+01 8.886435e+00
    endloop
  endfacet
  facet normal 7.933533e-01 1.738994e-14 -6.087614e-01
    outer loop
      vertex   7.378115e+01 -3.048726e+01 8.886435e+00
      vertex   7.354277e+01 -2.548726e+01 8.575774e+00
      vertex   7.378115e+01 -2.548726e+01 8.886435e+00
    endloop
  endfacet
  facet normal 6.087614e-01 1.299607e-14 -7.933533e-01
    outer loop
      vertex   7.378115e+01 -3.048726e+01 8.886435e+00
      vertex   7.378115e+01 -2.548726e+01 8.886435e+00
      vertex   7.409181e+01 -3.048726e+01 9.124813e+00
    endloop
  endfacet
  facet normal 6.087614e-01 1.271421e-14 -7.933533e-01
    outer loop
      vertex   7.409181e+01 -3.048726e+01 9.124813e+00
      vertex   7.378115e+01 -2.548726e+01 8.886435e+00
      vertex   7.409181e+01 -2.548726e+01 9.124813e+00
    endloop
  endfacet
  facet normal 3.826834e-01 7.388302e-15 -9.238795e-01
    outer loop
      vertex   7.409181e+01 -3.048726e+01 9.124813e+00
      vertex   7.409181e+01 -2.548726e+01 9.124813e+00
      vertex   7.445358e+01 -3.048726e+01 9.274663e+00
    endloop
  endfacet
  facet normal 3.826834e-01 7.388302e-15 -9.238795e-01
    outer loop
      vertex   7.445358e+01 -3.048726e+01 9.274663e+00
      vertex   7.409181e+01 -2.548726e+01 9.124813e+00
      vertex   7.445358e+01 -2.548726e+01 9.274663e+00
    endloop
  endfacet
  facet normal 1.305262e-01 1.558894e-15 -9.914449e-01
    outer loop
      vertex   7.445358e+01 -3.048726e+01 9.274663e+00
      vertex   7.445358e+01 -2.548726e+01 9.274663e+00
      vertex   7.484181e+01 -3.048726e+01 9.325774e+00
    endloop
  endfacet
  facet normal 1.305262e-01 1.558894e-15 -9.914449e-01
    outer loop
      vertex   7.484181e+01 -3.048726e+01 9.325774e+00
      vertex   7.445358e+01 -2.548726e+01 9.274663e+00
      vertex   7.484181e+01 -2.548726e+01 9.325774e+00
    endloop
  endfacet
  facet normal -1.305262e-01 -4.376750e-15 -9.914449e-01
    outer loop
      vertex   7.484181e+01 -3.048726e+01 9.325774e+00
      vertex   7.484181e+01 -2.548726e+01 9.325774e+00
      vertex   7.523004e+01 -3.048726e+01 9.274663e+00
    endloop
  endfacet
  facet normal -1.305262e-01 -4.376750e-15 -9.914449e-01
    outer loop
      vertex   7.523004e+01 -3.048726e+01 9.274663e+00
      vertex   7.484181e+01 -2.548726e+01 9.325774e+00
      vertex   7.523004e+01 -2.548726e+01 9.274663e+00
    endloop
  endfacet
  facet normal -3.826834e-01 -1.001413e-14 -9.238795e-01
    outer loop
      vertex   7.523004e+01 -3.048726e+01 9.274663e+00
      vertex   7.523004e+01 -2.548726e+01 9.274663e+00
      vertex   7.559181e+01 -3.048726e+01 9.124813e+00
    endloop
  endfacet
  facet normal -3.826834e-01 -1.001413e-14 -9.238795e-01
    outer loop
      vertex   7.559181e+01 -3.048726e+01 9.124813e+00
      vertex   7.523004e+01 -2.548726e+01 9.274663e+00
      vertex   7.559181e+01 -2.548726e+01 9.124813e+00
    endloop
  endfacet
  facet normal -6.087614e-01 -1.496906e-14 -7.933533e-01
    outer loop
      vertex   7.559181e+01 -3.048726e+01 9.124813e+00
      vertex   7.559181e+01 -2.548726e+01 9.124813e+00
      vertex   7.590247e+01 -3.048726e+01 8.886435e+00
    endloop
  endfacet
  facet normal -6.087614e-01 -1.468720e-14 -7.933533e-01
    outer loop
      vertex   7.590247e+01 -3.048726e+01 8.886435e+00
      vertex   7.559181e+01 -2.548726e+01 9.124813e+00
      vertex   7.590247e+01 -2.548726e+01 8.886435e+00
    endloop
  endfacet
  facet normal -7.933533e-01 -1.868759e-14 -6.087614e-01
    outer loop
      vertex   7.590247e+01 -3.048726e+01 8.886435e+00
      vertex   7.590247e+01 -2.548726e+01 8.886435e+00
      vertex   7.614085e+01 -3.048726e+01 8.575774e+00
    endloop
  endfacet
  facet normal -7.933533e-01 -1.868759e-14 -6.087614e-01
    outer loop
      vertex   7.614085e+01 -3.048726e+01 8.575774e+00
      vertex   7.590247e+01 -2.548726e+01 8.886435e+00
      vertex   7.614085e+01 -2.548726e+01 8.575774e+00
    endloop
  endfacet
  facet normal -9.238795e-01 -2.141446e-14 -3.826834e-01
    outer loop
      vertex   7.614085e+01 -3.048726e+01 8.575774e+00
      vertex   7.614085e+01 -2.548726e+01 8.575774e+00
      vertex   7.629070e+01 -3.048726e+01 8.214003e+00
    endloop
  endfacet
  facet normal -9.238795e-01 -2.141446e-14 -3.826834e-01
    outer loop
      vertex   7.629070e+01 -3.048726e+01 8.214003e+00
      vertex   7.614085e+01 -2.548726e+01 8.575774e+00
      vertex   7.629070e+01 -2.548726e+01 8.214003e+00
    endloop
  endfacet
  facet normal -9.923375e-01 -1.233877e-01 6.466477e-03
    outer loop
      vertex   1.490917e+02 -1.108864e+01 -8.731122e+00
      vertex   1.498441e+02 -1.712306e+01 -8.414872e+00
      vertex   1.490917e+02 -1.103630e+01 -7.732493e+00
    endloop
  endfacet
  facet normal -9.923375e-01 -1.233877e-01 6.466477e-03
    outer loop
      vertex   1.490917e+02 -1.103630e+01 -7.732493e+00
      vertex   1.498441e+02 -1.712306e+01 -8.414872e+00
      vertex   1.498505e+02 -1.712168e+01 -7.413572e+00
    endloop
  endfacet
  facet normal -4.301173e-11 -7.071068e-01 7.071068e-01
    outer loop
      vertex   1.343669e+02 -9.247062e+00 3.647760e+01
      vertex   1.343669e+02 -8.964215e+00 3.676044e+01
      vertex   1.343669e+02 -8.964215e+00 3.676044e+01
    endloop
  endfacet
  facet normal -6.624298e-01 -7.480973e-01 3.920612e-02
    outer loop
      vertex   1.374938e+02 -8.469377e-01 -9.267867e+00
      vertex   1.490917e+02 -1.108864e+01 -8.731122e+00
      vertex   1.374938e+02 -7.946018e-01 -8.269238e+00
    endloop
  endfacet
  facet normal -6.624298e-01 -7.480973e-01 3.920612e-02
    outer loop
      vertex   1.374938e+02 -7.946018e-01 -8.269238e+00
      vertex   1.490917e+02 -1.108864e+01 -8.731122e+00
      vertex   1.490917e+02 -1.103630e+01 -7.732493e+00
    endloop
  endfacet
  facet normal -1.399771e-03 7.071061e-01 7.071061e-01
    outer loop
      vertex   1.440565e+02 -2.378772e+01 2.193694e+01
      vertex   1.440565e+02 -1.671665e+01 1.486588e+01
      vertex   1.430562e+02 -2.378871e+01 2.193595e+01
    endloop
  endfacet
  facet normal -1.399771e-03 7.071061e-01 7.071061e-01
    outer loop
      vertex   1.430562e+02 -2.378871e+01 2.193595e+01
      vertex   1.440565e+02 -1.671665e+01 1.486588e+01
      vertex   1.430562e+02 -1.671764e+01 1.486488e+01
    endloop
  endfacet
  facet normal 9.914449e-01 2.174763e-14 1.305262e-01
    outer loop
      vertex   7.088151e+01 -2.548726e+01 6.764616e+00
      vertex   7.088151e+01 -1.058663e+01 6.764616e+00
      vertex   7.074181e+01 -2.548726e+01 7.825774e+00
    endloop
  endfacet
  facet normal 9.914449e-01 2.176319e-14 1.305262e-01
    outer loop
      vertex   7.074181e+01 -2.548726e+01 7.825774e+00
      vertex   7.088151e+01 -1.058663e+01 6.764616e+00
      vertex   7.074181e+01 -1.058663e+01 7.825774e+00
    endloop
  endfacet
  facet normal 9.914449e-01 2.173207e-14 -1.305262e-01
    outer loop
      vertex   7.074181e+01 -2.548726e+01 7.825774e+00
      vertex   7.074181e+01 -1.058663e+01 7.825774e+00
      vertex   7.088151e+01 -2.548726e+01 8.886933e+00
    endloop
  endfacet
  facet normal 9.914449e-01 2.171651e-14 -1.305262e-01
    outer loop
      vertex   7.088151e+01 -2.548726e+01 8.886933e+00
      vertex   7.074181e+01 -1.058663e+01 7.825774e+00
      vertex   7.088151e+01 -1.058663e+01 8.886933e+00
    endloop
  endfacet
  facet normal 9.238795e-01 2.017432e-14 -3.826834e-01
    outer loop
      vertex   7.088151e+01 -2.548726e+01 8.886933e+00
      vertex   7.088151e+01 -1.058663e+01 8.886933e+00
      vertex   7.129110e+01 -2.548726e+01 9.875774e+00
    endloop
  endfacet
  facet normal 9.238795e-01 2.021994e-14 -3.826834e-01
    outer loop
      vertex   7.129110e+01 -2.548726e+01 9.875774e+00
      vertex   7.088151e+01 -1.058663e+01 8.886933e+00
      vertex   7.129110e+01 -1.058663e+01 9.875774e+00
    endloop
  endfacet
  facet normal 7.933533e-01 1.732986e-14 -6.087614e-01
    outer loop
      vertex   7.129110e+01 -2.548726e+01 9.875774e+00
      vertex   7.129110e+01 -1.058663e+01 9.875774e+00
      vertex   7.194267e+01 -2.548726e+01 1.072491e+01
    endloop
  endfacet
  facet normal 7.933533e-01 1.725729e-14 -6.087614e-01
    outer loop
      vertex   7.194267e+01 -2.548726e+01 1.072491e+01
      vertex   7.129110e+01 -1.058663e+01 9.875774e+00
      vertex   7.194267e+01 -1.058663e+01 1.072491e+01
    endloop
  endfacet
  facet normal 6.087614e-01 1.316420e-14 -7.933533e-01
    outer loop
      vertex   7.194267e+01 -2.548726e+01 1.072491e+01
      vertex   7.194267e+01 -1.058663e+01 1.072491e+01
      vertex   7.279181e+01 -2.548726e+01 1.137648e+01
    endloop
  endfacet
  facet normal 6.087614e-01 1.325878e-14 -7.933533e-01
    outer loop
      vertex   7.279181e+01 -2.548726e+01 1.137648e+01
      vertex   7.194267e+01 -1.058663e+01 1.072491e+01
      vertex   7.279181e+01 -1.058663e+01 1.137648e+01
    endloop
  endfacet
  facet normal 3.826834e-01 8.284132e-15 -9.238795e-01
    outer loop
      vertex   7.279181e+01 -2.548726e+01 1.137648e+01
      vertex   7.279181e+01 -1.058663e+01 1.137648e+01
      vertex   7.378065e+01 -2.548726e+01 1.178607e+01
    endloop
  endfacet
  facet normal 3.826834e-01 8.759239e-15 -9.238795e-01
    outer loop
      vertex   7.378065e+01 -2.548726e+01 1.178607e+01
      vertex   7.279181e+01 -1.058663e+01 1.137648e+01
      vertex   7.378065e+01 -1.058663e+01 1.178607e+01
    endloop
  endfacet
  facet normal 1.305262e-01 2.987613e-15 -9.914449e-01
    outer loop
      vertex   7.378065e+01 -2.548726e+01 1.178607e+01
      vertex   7.378065e+01 -1.058663e+01 1.178607e+01
      vertex   7.484181e+01 -2.548726e+01 1.192577e+01
    endloop
  endfacet
  facet normal 1.305262e-01 2.863129e-15 -9.914449e-01
    outer loop
      vertex   7.484181e+01 -2.548726e+01 1.192577e+01
      vertex   7.378065e+01 -1.058663e+01 1.178607e+01
      vertex   7.484181e+01 -1.058663e+01 1.192577e+01
    endloop
  endfacet
  facet normal -1.305262e-01 -2.863129e-15 -9.914449e-01
    outer loop
      vertex   7.484181e+01 -2.548726e+01 1.192577e+01
      vertex   7.484181e+01 -1.058663e+01 1.192577e+01
      vertex   7.590297e+01 -2.548726e+01 1.178607e+01
    endloop
  endfacet
  facet normal -1.305262e-01 -2.508549e-15 -9.914449e-01
    outer loop
      vertex   7.590297e+01 -2.548726e+01 1.178607e+01
      vertex   7.484181e+01 -1.058663e+01 1.192577e+01
      vertex   7.590297e+01 -1.058663e+01 1.178607e+01
    endloop
  endfacet
  facet normal -3.826834e-01 -8.063854e-15 -9.238795e-01
    outer loop
      vertex   7.590297e+01 -2.548726e+01 1.178607e+01
      vertex   7.590297e+01 -1.058663e+01 1.178607e+01
      vertex   7.689181e+01 -2.548726e+01 1.137648e+01
    endloop
  endfacet
  facet normal -3.826834e-01 -8.538961e-15 -9.238795e-01
    outer loop
      vertex   7.689181e+01 -2.548726e+01 1.137648e+01
      vertex   7.590297e+01 -1.058663e+01 1.178607e+01
      vertex   7.689181e+01 -1.058663e+01 1.137648e+01
    endloop
  endfacet
  facet normal -6.087614e-01 -1.374478e-14 -7.933533e-01
    outer loop
      vertex   7.689181e+01 -2.548726e+01 1.137648e+01
      vertex   7.689181e+01 -1.058663e+01 1.137648e+01
      vertex   7.774095e+01 -2.548726e+01 1.072491e+01
    endloop
  endfacet
  facet normal -6.087614e-01 -1.306962e-14 -7.933533e-01
    outer loop
      vertex   7.774095e+01 -2.548726e+01 1.072491e+01
      vertex   7.689181e+01 -1.058663e+01 1.137648e+01
      vertex   7.774095e+01 -1.058663e+01 1.072491e+01
    endloop
  endfacet
  facet normal -7.933533e-01 -1.718471e-14 -6.087614e-01
    outer loop
      vertex   7.774095e+01 -2.548726e+01 1.072491e+01
      vertex   7.774095e+01 -1.058663e+01 1.072491e+01
      vertex   7.839251e+01 -2.548726e+01 9.875774e+00
    endloop
  endfacet
  facet normal -7.933533e-01 -1.801391e-14 -6.087614e-01
    outer loop
      vertex   7.839251e+01 -2.548726e+01 9.875774e+00
      vertex   7.774095e+01 -1.058663e+01 1.072491e+01
      vertex   7.839251e+01 -1.058663e+01 9.875774e+00
    endloop
  endfacet
  facet normal -9.238795e-01 -2.105543e-14 -3.826834e-01
    outer loop
      vertex   7.839251e+01 -2.548726e+01 9.875774e+00
      vertex   7.839251e+01 -1.058663e+01 9.875774e+00
      vertex   7.880210e+01 -2.548726e+01 8.886933e+00
    endloop
  endfacet
  facet normal -9.238795e-01 -2.008308e-14 -3.826834e-01
    outer loop
      vertex   7.880210e+01 -2.548726e+01 8.886933e+00
      vertex   7.839251e+01 -1.058663e+01 9.875774e+00
      vertex   7.880210e+01 -1.058663e+01 8.886933e+00
    endloop
  endfacet
  facet normal -9.914449e-01 -2.168538e-14 -1.305262e-01
    outer loop
      vertex   7.880210e+01 -2.548726e+01 8.886933e+00
      vertex   7.880210e+01 -1.058663e+01 8.886933e+00
      vertex   7.894181e+01 -2.548726e+01 7.825774e+00
    endloop
  endfacet
  facet normal -9.914449e-01 -2.170095e-14 -1.305262e-01
    outer loop
      vertex   7.894181e+01 -2.548726e+01 7.825774e+00
      vertex   7.880210e+01 -1.058663e+01 8.886933e+00
      vertex   7.894181e+01 -1.058663e+01 7.825774e+00
    endloop
  endfacet
  facet normal -9.914449e-01 -2.179431e-14 1.305262e-01
    outer loop
      vertex   7.894181e+01 -2.548726e+01 7.825774e+00
      vertex   7.894181e+01 -1.058663e+01 7.825774e+00
      vertex   7.880210e+01 -2.548726e+01 6.764616e+00
    endloop
  endfacet
  facet normal -9.914449e-01 -2.178653e-14 1.305262e-01
    outer loop
      vertex   7.880210e+01 -2.548726e+01 6.764616e+00
      vertex   7.894181e+01 -1.058663e+01 7.825774e+00
      vertex   7.880210e+01 -1.058663e+01 6.764616e+00
    endloop
  endfacet
  facet normal -9.238795e-01 -2.037961e-14 3.826834e-01
    outer loop
      vertex   7.880210e+01 -2.548726e+01 6.764616e+00
      vertex   7.880210e+01 -1.058663e+01 6.764616e+00
      vertex   7.839251e+01 -2.548726e+01 5.775774e+00
    endloop
  endfacet
  facet normal -9.238795e-01 -2.044805e-14 3.826834e-01
    outer loop
      vertex   7.839251e+01 -2.548726e+01 5.775774e+00
      vertex   7.880210e+01 -1.058663e+01 6.764616e+00
      vertex   7.839251e+01 -1.058663e+01 5.775774e+00
    endloop
  endfacet
  facet normal -7.933533e-01 -1.769272e-14 6.087614e-01
    outer loop
      vertex   7.839251e+01 -2.548726e+01 5.775774e+00
      vertex   7.839251e+01 -1.058663e+01 5.775774e+00
      vertex   7.774095e+01 -2.548726e+01 4.926637e+00
    endloop
  endfacet
  facet normal -7.933533e-01 -1.751129e-14 6.087614e-01
    outer loop
      vertex   7.774095e+01 -2.548726e+01 4.926637e+00
      vertex   7.839251e+01 -1.058663e+01 5.775774e+00
      vertex   7.774095e+01 -1.058663e+01 4.926637e+00
    endloop
  endfacet
  facet normal -6.087614e-01 -1.349522e-14 7.933533e-01
    outer loop
      vertex   7.774095e+01 -2.548726e+01 4.926637e+00
      vertex   7.774095e+01 -1.058663e+01 4.926637e+00
      vertex   7.689181e+01 -2.548726e+01 4.275070e+00
    endloop
  endfacet
  facet normal -6.087614e-01 -1.354251e-14 7.933533e-01
    outer loop
      vertex   7.689181e+01 -2.548726e+01 4.275070e+00
      vertex   7.774095e+01 -1.058663e+01 4.926637e+00
      vertex   7.689181e+01 -1.058663e+01 4.275070e+00
    endloop
  endfacet
  facet normal -3.826834e-01 -8.614548e-15 9.238795e-01
    outer loop
      vertex   7.689181e+01 -2.548726e+01 4.275070e+00
      vertex   7.689181e+01 -1.058663e+01 4.275070e+00
      vertex   7.590297e+01 -2.548726e+01 3.865479e+00
    endloop
  endfacet
  facet normal -3.826834e-01 -8.559479e-15 9.238795e-01
    outer loop
      vertex   7.590297e+01 -2.548726e+01 3.865479e+00
      vertex   7.689181e+01 -1.058663e+01 4.275070e+00
      vertex   7.590297e+01 -1.058663e+01 3.865479e+00
    endloop
  endfacet
  facet normal -1.305262e-01 -3.040420e-15 9.914449e-01
    outer loop
      vertex   7.590297e+01 -2.548726e+01 3.865479e+00
      vertex   7.590297e+01 -1.058663e+01 3.865479e+00
      vertex   7.484181e+01 -2.548726e+01 3.725774e+00
    endloop
  endfacet
  facet normal -1.305262e-01 -2.951775e-15 9.914449e-01
    outer loop
      vertex   7.484181e+01 -2.548726e+01 3.725774e+00
      vertex   7.590297e+01 -1.058663e+01 3.865479e+00
      vertex   7.484181e+01 -1.058663e+01 3.725774e+00
    endloop
  endfacet
  facet normal 1.305262e-01 2.774484e-15 9.914449e-01
    outer loop
      vertex   7.484181e+01 -2.548726e+01 3.725774e+00
      vertex   7.484181e+01 -1.058663e+01 3.725774e+00
      vertex   7.378065e+01 -2.548726e+01 3.865479e+00
    endloop
  endfacet
  facet normal 1.305262e-01 2.804033e-15 9.914449e-01
    outer loop
      vertex   7.378065e+01 -2.548726e+01 3.865479e+00
      vertex   7.484181e+01 -1.058663e+01 3.725774e+00
      vertex   7.378065e+01 -1.058663e+01 3.865479e+00
    endloop
  endfacet
  facet normal 3.826834e-01 8.339201e-15 9.238795e-01
    outer loop
      vertex   7.378065e+01 -2.548726e+01 3.865479e+00
      vertex   7.378065e+01 -1.058663e+01 3.865479e+00
      vertex   7.279181e+01 -2.548726e+01 4.275070e+00
    endloop
  endfacet
  facet normal 3.826834e-01 8.339201e-15 9.238795e-01
    outer loop
      vertex   7.279181e+01 -2.548726e+01 4.275070e+00
      vertex   7.378065e+01 -1.058663e+01 3.865479e+00
      vertex   7.279181e+01 -1.058663e+01 4.275070e+00
    endloop
  endfacet
  facet normal 6.087614e-01 1.330607e-14 7.933533e-01
    outer loop
      vertex   7.279181e+01 -2.548726e+01 4.275070e+00
      vertex   7.279181e+01 -1.058663e+01 4.275070e+00
      vertex   7.194267e+01 -2.548726e+01 4.926637e+00
    endloop
  endfacet
  facet normal 6.087614e-01 1.344793e-14 7.933533e-01
    outer loop
      vertex   7.194267e+01 -2.548726e+01 4.926637e+00
      vertex   7.279181e+01 -1.058663e+01 4.275070e+00
      vertex   7.194267e+01 -1.058663e+01 4.926637e+00
    endloop
  endfacet
  facet normal 7.933533e-01 1.747501e-14 6.087614e-01
    outer loop
      vertex   7.194267e+01 -2.548726e+01 4.926637e+00
      vertex   7.194267e+01 -1.058663e+01 4.926637e+00
      vertex   7.129110e+01 -2.548726e+01 5.775774e+00
    endloop
  endfacet
  facet normal 7.933533e-01 1.664581e-14 6.087614e-01
    outer loop
      vertex   7.129110e+01 -2.548726e+01 5.775774e+00
      vertex   7.194267e+01 -1.058663e+01 4.926637e+00
      vertex   7.129110e+01 -1.058663e+01 5.775774e+00
    endloop
  endfacet
  facet normal 9.238795e-01 1.938445e-14 3.826834e-01
    outer loop
      vertex   7.129110e+01 -2.548726e+01 5.775774e+00
      vertex   7.129110e+01 -1.058663e+01 5.775774e+00
      vertex   7.088151e+01 -2.548726e+01 6.764616e+00
    endloop
  endfacet
  facet normal 9.238795e-01 2.026556e-14 3.826834e-01
    outer loop
      vertex   7.088151e+01 -2.548726e+01 6.764616e+00
      vertex   7.129110e+01 -1.058663e+01 5.775774e+00
      vertex   7.088151e+01 -1.058663e+01 6.764616e+00
    endloop
  endfacet
  facet normal -9.856635e-02 9.937667e-01 -5.208111e-02
    outer loop
      vertex   3.032979e+01 -7.792659e+00 -7.902485e+00
      vertex   3.032979e+01 -7.321635e+00 1.085181e+00
      vertex   3.081687e+01 -7.744481e+00 -7.905010e+00
    endloop
  endfacet
  facet normal -9.856635e-02 9.937667e-01 -5.208111e-02
    outer loop
      vertex   3.081687e+01 -7.744481e+00 -7.905010e+00
      vertex   3.032979e+01 -7.321635e+00 1.085181e+00
      vertex   3.081687e+01 -7.273457e+00 1.082656e+00
    endloop
  endfacet
  facet normal -3.373228e-01 9.400989e-01 -4.926850e-02
    outer loop
      vertex   3.081687e+01 -7.744481e+00 -7.905010e+00
      vertex   3.081687e+01 -7.273457e+00 1.082656e+00
      vertex   3.127764e+01 -7.579601e+00 -7.913651e+00
    endloop
  endfacet
  facet normal -3.373228e-01 9.400989e-01 -4.926850e-02
    outer loop
      vertex   3.127764e+01 -7.579601e+00 -7.913651e+00
      vertex   3.081687e+01 -7.273457e+00 1.082656e+00
      vertex   3.127764e+01 -7.108577e+00 1.074015e+00
    endloop
  endfacet
  facet normal -5.558761e-01 8.301259e-01 -4.350506e-02
    outer loop
      vertex   3.127764e+01 -7.579601e+00 -7.913651e+00
      vertex   3.127764e+01 -7.108577e+00 1.074015e+00
      vertex   3.168451e+01 -7.307894e+00 -7.927890e+00
    endloop
  endfacet
  facet normal -5.558761e-01 8.301259e-01 -4.350506e-02
    outer loop
      vertex   3.168451e+01 -7.307894e+00 -7.927890e+00
      vertex   3.127764e+01 -7.108577e+00 1.074015e+00
      vertex   3.168451e+01 -6.836871e+00 1.059775e+00
    endloop
  endfacet
  facet normal -7.411364e-01 6.704344e-01 -3.513598e-02
    outer loop
      vertex   3.168451e+01 -7.307894e+00 -7.927890e+00
      vertex   3.168451e+01 -6.836871e+00 1.059775e+00
      vertex   3.201311e+01 -6.945635e+00 -7.946876e+00
    endloop
  endfacet
  facet normal -7.411364e-01 6.704344e-01 -3.513598e-02
    outer loop
      vertex   3.201311e+01 -6.945635e+00 -7.946876e+00
      vertex   3.168451e+01 -6.836871e+00 1.059775e+00
      vertex   3.201311e+01 -6.474611e+00 1.040790e+00
    endloop
  endfacet
  facet normal -8.820080e-01 4.705887e-01 -2.466251e-02
    outer loop
      vertex   3.201311e+01 -6.945635e+00 -7.946876e+00
      vertex   3.201311e+01 -6.474611e+00 1.040790e+00
      vertex   3.224376e+01 -6.514519e+00 -7.969470e+00
    endloop
  endfacet
  facet normal -8.820080e-01 4.705887e-01 -2.466251e-02
    outer loop
      vertex   3.224376e+01 -6.514519e+00 -7.969470e+00
      vertex   3.201311e+01 -6.474611e+00 1.040790e+00
      vertex   3.224376e+01 -6.043495e+00 1.018196e+00
    endloop
  endfacet
  facet normal -9.700536e-01 2.425581e-01 -1.271193e-02
    outer loop
      vertex   3.224376e+01 -6.514519e+00 -7.969470e+00
      vertex   3.224376e+01 -6.043495e+00 1.018196e+00
      vertex   3.236265e+01 -6.040367e+00 -7.994319e+00
    endloop
  endfacet
  facet normal -9.700536e-01 2.425581e-01 -1.271193e-02
    outer loop
      vertex   3.236265e+01 -6.040367e+00 -7.994319e+00
      vertex   3.224376e+01 -6.043495e+00 1.018196e+00
      vertex   3.236265e+01 -5.569343e+00 9.933470e-01
    endloop
  endfacet
  facet normal -1.000000e+00 -4.545070e-16 -8.672510e-15
    outer loop
      vertex   3.236265e+01 -6.040367e+00 -7.994319e+00
      vertex   3.236265e+01 -5.569343e+00 9.933470e-01
      vertex   3.236265e+01 -5.551578e+00 -8.019935e+00
    endloop
  endfacet
  facet normal -1.000000e+00 -1.499280e-14 -8.701165e-15
    outer loop
      vertex   3.236265e+01 -5.551578e+00 -8.019935e+00
      vertex   3.236265e+01 -5.569343e+00 9.933470e-01
      vertex   3.236265e+01 -5.080554e+00 9.677307e-01
    endloop
  endfacet
  facet normal -9.700536e-01 -2.425581e-01 1.271193e-02
    outer loop
      vertex   3.236265e+01 -5.551578e+00 -8.019935e+00
      vertex   3.236265e+01 -5.080554e+00 9.677307e-01
      vertex   3.224376e+01 -5.077426e+00 -8.044784e+00
    endloop
  endfacet
  facet normal -9.700536e-01 -2.425581e-01 1.271193e-02
    outer loop
      vertex   3.224376e+01 -5.077426e+00 -8.044784e+00
      vertex   3.236265e+01 -5.080554e+00 9.677307e-01
      vertex   3.224376e+01 -4.606402e+00 9.428814e-01
    endloop
  endfacet
  facet normal -8.820080e-01 -4.705887e-01 2.466251e-02
    outer loop
      vertex   3.224376e+01 -5.077426e+00 -8.044784e+00
      vertex   3.224376e+01 -4.606402e+00 9.428814e-01
      vertex   3.201311e+01 -4.646310e+00 -8.067378e+00
    endloop
  endfacet
  facet normal -8.820080e-01 -4.705887e-01 2.466251e-02
    outer loop
      vertex   3.201311e+01 -4.646310e+00 -8.067378e+00
      vertex   3.224376e+01 -4.606402e+00 9.428814e-01
      vertex   3.201311e+01 -4.175286e+00 9.202876e-01
    endloop
  endfacet
  facet normal -7.411364e-01 -6.704344e-01 3.513598e-02
    outer loop
      vertex   3.201311e+01 -4.646310e+00 -8.067378e+00
      vertex   3.201311e+01 -4.175286e+00 9.202876e-01
      vertex   3.168451e+01 -4.284050e+00 -8.086363e+00
    endloop
  endfacet
  facet normal -7.411364e-01 -6.704344e-01 3.513598e-02
    outer loop
      vertex   3.168451e+01 -4.284050e+00 -8.086363e+00
      vertex   3.201311e+01 -4.175286e+00 9.202876e-01
      vertex   3.168451e+01 -3.813026e+00 9.013024e-01
    endloop
  endfacet
  facet normal -5.558761e-01 -8.301259e-01 4.350506e-02
    outer loop
      vertex   3.168451e+01 -4.284050e+00 -8.086363e+00
      vertex   3.168451e+01 -3.813026e+00 9.013024e-01
      vertex   3.127764e+01 -4.012344e+00 -8.100603e+00
    endloop
  endfacet
  facet normal -5.558761e-01 -8.301259e-01 4.350506e-02
    outer loop
      vertex   3.127764e+01 -4.012344e+00 -8.100603e+00
      vertex   3.168451e+01 -3.813026e+00 9.013024e-01
      vertex   3.127764e+01 -3.541320e+00 8.870628e-01
    endloop
  endfacet
  facet normal -3.373228e-01 -9.400989e-01 4.926850e-02
    outer loop
      vertex   3.127764e+01 -4.012344e+00 -8.100603e+00
      vertex   3.127764e+01 -3.541320e+00 8.870628e-01
      vertex   3.081687e+01 -3.847464e+00 -8.109244e+00
    endloop
  endfacet
  facet normal -3.373228e-01 -9.400989e-01 4.926850e-02
    outer loop
      vertex   3.081687e+01 -3.847464e+00 -8.109244e+00
      vertex   3.127764e+01 -3.541320e+00 8.870628e-01
      vertex   3.081687e+01 -3.376440e+00 8.784218e-01
    endloop
  endfacet
  facet normal -9.856635e-02 -9.937667e-01 5.208111e-02
    outer loop
      vertex   3.081687e+01 -3.847464e+00 -8.109244e+00
      vertex   3.081687e+01 -3.376440e+00 8.784218e-01
      vertex   3.032979e+01 -3.799286e+00 -8.111769e+00
    endloop
  endfacet
  facet normal -9.856635e-02 -9.937667e-01 5.208111e-02
    outer loop
      vertex   3.032979e+01 -3.799286e+00 -8.111769e+00
      vertex   3.081687e+01 -3.376440e+00 8.784218e-01
      vertex   3.032979e+01 -3.328262e+00 8.758969e-01
    endloop
  endfacet
  facet normal 1.305262e-01 9.914449e-01 1.115059e-15
    outer loop
      vertex   8.445668e+01 -8.001443e+00 -7.891543e+00
      vertex   8.445668e+01 -8.001443e+00 3.668827e+00
      vertex   8.510373e+01 -8.086628e+00 -7.887079e+00
    endloop
  endfacet
  facet normal 1.305262e-01 9.914449e-01 1.444629e-15
    outer loop
      vertex   8.510373e+01 -8.086628e+00 -7.887079e+00
      vertex   8.445668e+01 -8.001443e+00 3.668827e+00
      vertex   8.510373e+01 -8.086628e+00 3.668827e+00
    endloop
  endfacet
  facet normal -1.305262e-01 9.914449e-01 -1.444629e-15
    outer loop
      vertex   8.510373e+01 -8.086628e+00 -7.887079e+00
      vertex   8.510373e+01 -8.086628e+00 3.668827e+00
      vertex   8.575077e+01 -8.001443e+00 3.668827e+00
    endloop
  endfacet
  facet normal 3.826834e-01 9.238795e-01 2.964498e-15
    outer loop
      vertex   8.445668e+01 -8.001443e+00 3.668827e+00
      vertex   8.445668e+01 -8.001443e+00 -7.891543e+00
      vertex   8.385373e+01 -7.751692e+00 3.668827e+00
    endloop
  endfacet
  facet normal 3.826834e-01 9.238795e-01 2.890244e-15
    outer loop
      vertex   8.385373e+01 -7.751692e+00 3.668827e+00
      vertex   8.445668e+01 -8.001443e+00 -7.891543e+00
      vertex   8.385373e+01 -7.751692e+00 -7.904632e+00
    endloop
  endfacet
  facet normal 6.087614e-01 7.933533e-01 4.545811e-15
    outer loop
      vertex   8.385373e+01 -7.751692e+00 3.668827e+00
      vertex   8.385373e+01 -7.751692e+00 -7.904632e+00
      vertex   8.333596e+01 -7.354395e+00 3.668827e+00
    endloop
  endfacet
  facet normal 6.087614e-01 7.933533e-01 4.476873e-15
    outer loop
      vertex   8.333596e+01 -7.354395e+00 3.668827e+00
      vertex   8.385373e+01 -7.751692e+00 -7.904632e+00
      vertex   8.333596e+01 -7.354395e+00 -7.925453e+00
    endloop
  endfacet
  facet normal 7.933533e-01 6.087614e-01 5.834374e-15
    outer loop
      vertex   8.333596e+01 -7.354395e+00 3.668827e+00
      vertex   8.333596e+01 -7.354395e+00 -7.925453e+00
      vertex   8.293866e+01 -6.836628e+00 3.668827e+00
    endloop
  endfacet
  facet normal 7.933533e-01 6.087614e-01 5.960327e-15
    outer loop
      vertex   8.293866e+01 -6.836628e+00 3.668827e+00
      vertex   8.333596e+01 -7.354395e+00 -7.925453e+00
      vertex   8.293866e+01 -6.836628e+00 -7.952588e+00
    endloop
  endfacet
  facet normal 9.238795e-01 3.826834e-01 6.866150e-15
    outer loop
      vertex   8.293866e+01 -6.836628e+00 3.668827e+00
      vertex   8.293866e+01 -6.836628e+00 -7.952588e+00
      vertex   8.268891e+01 -6.233676e+00 3.668827e+00
    endloop
  endfacet
  facet normal 9.238795e-01 3.826834e-01 7.945034e-15
    outer loop
      vertex   8.268891e+01 -6.233676e+00 3.668827e+00
      vertex   8.293866e+01 -6.836628e+00 -7.952588e+00
      vertex   8.268891e+01 -6.233676e+00 -7.984188e+00
    endloop
  endfacet
  facet normal 9.914449e-01 1.305262e-01 8.483368e-15
    outer loop
      vertex   8.268891e+01 -6.233676e+00 3.668827e+00
      vertex   8.268891e+01 -6.233676e+00 -7.984188e+00
      vertex   8.260373e+01 -5.586628e+00 3.668827e+00
    endloop
  endfacet
  facet normal 9.914449e-01 1.305262e-01 7.233354e-15
    outer loop
      vertex   8.260373e+01 -5.586628e+00 3.668827e+00
      vertex   8.268891e+01 -6.233676e+00 -7.984188e+00
      vertex   8.260373e+01 -5.586628e+00 -8.018098e+00
    endloop
  endfacet
  facet normal 9.914449e-01 -1.305262e-01 7.233354e-15
    outer loop
      vertex   8.260373e+01 -5.586628e+00 3.668827e+00
      vertex   8.260373e+01 -5.586628e+00 -8.018098e+00
      vertex   8.268891e+01 -4.939581e+00 3.668827e+00
    endloop
  endfacet
  facet normal 9.914449e-01 -1.305262e-01 7.192645e-15
    outer loop
      vertex   8.268891e+01 -4.939581e+00 3.668827e+00
      vertex   8.260373e+01 -5.586628e+00 -8.018098e+00
      vertex   8.268891e+01 -4.939581e+00 -8.052009e+00
    endloop
  endfacet
  facet normal 9.238795e-01 -3.826834e-01 6.662914e-15
    outer loop
      vertex   8.268891e+01 -4.939581e+00 3.668827e+00
      vertex   8.268891e+01 -4.939581e+00 -8.052009e+00
      vertex   8.293866e+01 -4.336628e+00 3.668827e+00
    endloop
  endfacet
  facet normal 9.238795e-01 -3.826834e-01 6.616078e-15
    outer loop
      vertex   8.293866e+01 -4.336628e+00 3.668827e+00
      vertex   8.268891e+01 -4.939581e+00 -8.052009e+00
      vertex   8.293866e+01 -4.336628e+00 -8.083608e+00
    endloop
  endfacet
  facet normal 7.933533e-01 -6.087614e-01 5.617841e-15
    outer loop
      vertex   8.293866e+01 -4.336628e+00 3.668827e+00
      vertex   8.293866e+01 -4.336628e+00 -8.083608e+00
      vertex   8.333596e+01 -3.818861e+00 3.668827e+00
    endloop
  endfacet
  facet normal 7.933533e-01 -6.087614e-01 5.673750e-15
    outer loop
      vertex   8.333596e+01 -3.818861e+00 3.668827e+00
      vertex   8.293866e+01 -4.336628e+00 -8.083608e+00
      vertex   8.333596e+01 -3.818861e+00 -8.110743e+00
    endloop
  endfacet
  facet normal 6.087614e-01 -7.933533e-01 4.316725e-15
    outer loop
      vertex   8.333596e+01 -3.818861e+00 3.668827e+00
      vertex   8.333596e+01 -3.818861e+00 -8.110743e+00
      vertex   8.385373e+01 -3.421565e+00 3.668827e+00
    endloop
  endfacet
  facet normal 6.087614e-01 -7.933533e-01 5.101934e-15
    outer loop
      vertex   8.385373e+01 -3.421565e+00 3.668827e+00
      vertex   8.333596e+01 -3.818861e+00 -8.110743e+00
      vertex   8.385373e+01 -3.421565e+00 -8.131564e+00
    endloop
  endfacet
  facet normal 3.826834e-01 -9.238795e-01 3.191210e-15
    outer loop
      vertex   8.385373e+01 -3.421565e+00 3.668827e+00
      vertex   8.385373e+01 -3.421565e+00 -8.131564e+00
      vertex   8.445668e+01 -3.171814e+00 3.668827e+00
    endloop
  endfacet
  facet normal 3.826834e-01 -9.238795e-01 2.727331e-15
    outer loop
      vertex   8.445668e+01 -3.171814e+00 3.668827e+00
      vertex   8.385373e+01 -3.421565e+00 -8.131564e+00
      vertex   8.445668e+01 -3.171814e+00 -8.144653e+00
    endloop
  endfacet
  facet normal 1.305262e-01 -9.914449e-01 9.048174e-16
    outer loop
      vertex   8.445668e+01 -3.171814e+00 3.668827e+00
      vertex   8.445668e+01 -3.171814e+00 -8.144653e+00
      vertex   8.510373e+01 -3.086628e+00 3.668827e+00
    endloop
  endfacet
  facet normal 1.305262e-01 -9.914449e-01 1.098687e-15
    outer loop
      vertex   8.510373e+01 -3.086628e+00 3.668827e+00
      vertex   8.445668e+01 -3.171814e+00 -8.144653e+00
      vertex   8.510373e+01 -3.086628e+00 -8.149118e+00
    endloop
  endfacet
  facet normal -1.305262e-01 -9.914449e-01 -1.098687e-15
    outer loop
      vertex   8.510373e+01 -3.086628e+00 3.668827e+00
      vertex   8.510373e+01 -3.086628e+00 -8.149118e+00
      vertex   8.575077e+01 -3.171814e+00 -8.144653e+00
    endloop
  endfacet
  facet normal -1.305262e-01 -9.914449e-01 -9.423047e-16
    outer loop
      vertex   8.510373e+01 -3.086628e+00 3.668827e+00
      vertex   8.575077e+01 -3.171814e+00 -8.144653e+00
      vertex   8.575077e+01 -3.171814e+00 3.668827e+00
    endloop
  endfacet
  facet normal -3.826834e-01 -9.238795e-01 -2.762061e-15
    outer loop
      vertex   8.575077e+01 -3.171814e+00 3.668827e+00
      vertex   8.575077e+01 -3.171814e+00 -8.144653e+00
      vertex   8.635373e+01 -3.421565e+00 -8.131564e+00
    endloop
  endfacet
  facet normal -3.826834e-01 -9.238795e-01 -3.085034e-15
    outer loop
      vertex   8.575077e+01 -3.171814e+00 3.668827e+00
      vertex   8.635373e+01 -3.421565e+00 -8.131564e+00
      vertex   8.635373e+01 -3.421565e+00 3.668827e+00
    endloop
  endfacet
  facet normal -6.087614e-01 -7.933533e-01 -5.012364e-15
    outer loop
      vertex   8.635373e+01 -3.421565e+00 3.668827e+00
      vertex   8.635373e+01 -3.421565e+00 -8.131564e+00
      vertex   8.687149e+01 -3.818861e+00 -8.110743e+00
    endloop
  endfacet
  facet normal -6.087614e-01 -7.933533e-01 -5.170067e-15
    outer loop
      vertex   8.635373e+01 -3.421565e+00 3.668827e+00
      vertex   8.687149e+01 -3.818861e+00 -8.110743e+00
      vertex   8.687149e+01 -3.818861e+00 3.668827e+00
    endloop
  endfacet
  facet normal -7.933533e-01 -6.087614e-01 -6.722652e-15
    outer loop
      vertex   8.687149e+01 -3.818861e+00 3.668827e+00
      vertex   8.687149e+01 -3.818861e+00 -8.110743e+00
      vertex   8.726879e+01 -4.336628e+00 -8.083608e+00
    endloop
  endfacet
  facet normal -7.933533e-01 -6.087614e-01 -5.663293e-15
    outer loop
      vertex   8.687149e+01 -3.818861e+00 3.668827e+00
      vertex   8.726879e+01 -4.336628e+00 -8.083608e+00
      vertex   8.726879e+01 -4.336628e+00 3.668827e+00
    endloop
  endfacet
  facet normal -9.238795e-01 -3.826834e-01 -6.644999e-15
    outer loop
      vertex   8.726879e+01 -4.336628e+00 3.668827e+00
      vertex   8.726879e+01 -4.336628e+00 -8.083608e+00
      vertex   8.751854e+01 -4.939581e+00 -8.052009e+00
    endloop
  endfacet
  facet normal -9.238795e-01 -3.826834e-01 -6.665506e-15
    outer loop
      vertex   8.726879e+01 -4.336628e+00 3.668827e+00
      vertex   8.751854e+01 -4.939581e+00 -8.052009e+00
      vertex   8.751854e+01 -4.939581e+00 3.668827e+00
    endloop
  endfacet
  facet normal -9.914449e-01 -1.305262e-01 -7.192645e-15
    outer loop
      vertex   8.751854e+01 -4.939581e+00 3.668827e+00
      vertex   8.751854e+01 -4.939581e+00 -8.052009e+00
      vertex   8.760373e+01 -5.586628e+00 -8.018098e+00
    endloop
  endfacet
  facet normal -9.914449e-01 -1.305262e-01 -3.646280e-15
    outer loop
      vertex   8.751854e+01 -4.939581e+00 3.668827e+00
      vertex   8.760373e+01 -5.586628e+00 -8.018098e+00
      vertex   8.760373e+01 -5.586628e+00 3.668827e+00
    endloop
  endfacet
  facet normal -9.914449e-01 1.305262e-01 -3.586918e-15
    outer loop
      vertex   8.760373e+01 -5.586628e+00 3.668827e+00
      vertex   8.760373e+01 -5.586628e+00 -8.018098e+00
      vertex   8.751854e+01 -6.233676e+00 -7.984188e+00
    endloop
  endfacet
  facet normal -9.914449e-01 1.305262e-01 -8.463403e-15
    outer loop
      vertex   8.760373e+01 -5.586628e+00 3.668827e+00
      vertex   8.751854e+01 -6.233676e+00 -7.984188e+00
      vertex   8.751854e+01 -6.233676e+00 3.668827e+00
    endloop
  endfacet
  facet normal -9.238795e-01 3.826834e-01 -7.886699e-15
    outer loop
      vertex   8.751854e+01 -6.233676e+00 3.668827e+00
      vertex   8.751854e+01 -6.233676e+00 -7.984188e+00
      vertex   8.726879e+01 -6.836628e+00 -7.952588e+00
    endloop
  endfacet
  facet normal -9.238795e-01 3.826834e-01 -7.937488e-15
    outer loop
      vertex   8.751854e+01 -6.233676e+00 3.668827e+00
      vertex   8.726879e+01 -6.836628e+00 -7.952588e+00
      vertex   8.726879e+01 -6.836628e+00 3.668827e+00
    endloop
  endfacet
  facet normal -7.933533e-01 6.087614e-01 -6.837402e-15
    outer loop
      vertex   8.726879e+01 -6.836628e+00 3.668827e+00
      vertex   8.726879e+01 -6.836628e+00 -7.952588e+00
      vertex   8.687149e+01 -7.354395e+00 -7.925453e+00
    endloop
  endfacet
  facet normal -7.933533e-01 6.087614e-01 -5.835915e-15
    outer loop
      vertex   8.726879e+01 -6.836628e+00 3.668827e+00
      vertex   8.687149e+01 -7.354395e+00 -7.925453e+00
      vertex   8.687149e+01 -7.354395e+00 3.668827e+00
    endloop
  endfacet
  facet normal -6.087614e-01 7.933533e-01 -4.476873e-15
    outer loop
      vertex   8.687149e+01 -7.354395e+00 3.668827e+00
      vertex   8.687149e+01 -7.354395e+00 -7.925453e+00
      vertex   8.635373e+01 -7.751692e+00 -7.904632e+00
    endloop
  endfacet
  facet normal -6.087614e-01 7.933533e-01 -4.483108e-15
    outer loop
      vertex   8.687149e+01 -7.354395e+00 3.668827e+00
      vertex   8.635373e+01 -7.751692e+00 -7.904632e+00
      vertex   8.635373e+01 -7.751692e+00 3.668827e+00
    endloop
  endfacet
  facet normal -3.826834e-01 9.238795e-01 -2.819343e-15
    outer loop
      vertex   8.635373e+01 -7.751692e+00 3.668827e+00
      vertex   8.635373e+01 -7.751692e+00 -7.904632e+00
      vertex   8.575077e+01 -8.001443e+00 -7.891543e+00
    endloop
  endfacet
  facet normal -3.826834e-01 9.238795e-01 -2.825349e-15
    outer loop
      vertex   8.635373e+01 -7.751692e+00 3.668827e+00
      vertex   8.575077e+01 -8.001443e+00 -7.891543e+00
      vertex   8.575077e+01 -8.001443e+00 3.668827e+00
    endloop
  endfacet
  facet normal -1.305262e-01 9.914449e-01 -9.627142e-16
    outer loop
      vertex   8.575077e+01 -8.001443e+00 3.668827e+00
      vertex   8.575077e+01 -8.001443e+00 -7.891543e+00
      vertex   8.510373e+01 -8.086628e+00 -7.887079e+00
    endloop
  endfacet
  facet normal -9.914449e-01 1.303473e-01 -6.831213e-03
    outer loop
      vertex   1.472525e+02 -1.419961e+01 -7.566711e+00
      vertex   1.472525e+02 -1.378093e+01 4.223255e-01
      vertex   1.473206e+02 -1.368269e+01 -7.593802e+00
    endloop
  endfacet
  facet normal -9.914449e-01 1.303473e-01 -6.831213e-03
    outer loop
      vertex   1.473206e+02 -1.368269e+01 -7.593802e+00
      vertex   1.472525e+02 -1.378093e+01 4.223255e-01
      vertex   1.473206e+02 -1.326400e+01 3.952344e-01
    endloop
  endfacet
  facet normal -9.914449e-01 -1.303473e-01 6.831213e-03
    outer loop
      vertex   1.473206e+02 -1.368269e+01 -7.593802e+00
      vertex   1.473206e+02 -1.326400e+01 3.952344e-01
      vertex   1.472525e+02 -1.316576e+01 -7.620893e+00
    endloop
  endfacet
  facet normal -9.914449e-01 -1.303473e-01 6.831213e-03
    outer loop
      vertex   1.472525e+02 -1.316576e+01 -7.620893e+00
      vertex   1.473206e+02 -1.326400e+01 3.952344e-01
      vertex   1.472525e+02 -1.274707e+01 3.681433e-01
    endloop
  endfacet
  facet normal -9.238795e-01 -3.821590e-01 2.002810e-02
    outer loop
      vertex   1.472525e+02 -1.316576e+01 -7.620893e+00
      vertex   1.472525e+02 -1.274707e+01 3.681433e-01
      vertex   1.470527e+02 -1.268406e+01 -7.646138e+00
    endloop
  endfacet
  facet normal -9.238795e-01 -3.821590e-01 2.002810e-02
    outer loop
      vertex   1.470527e+02 -1.268406e+01 -7.646138e+00
      vertex   1.472525e+02 -1.274707e+01 3.681433e-01
      vertex   1.470527e+02 -1.226537e+01 3.428985e-01
    endloop
  endfacet
  facet normal -7.933533e-01 -6.079271e-01 3.186011e-02
    outer loop
      vertex   1.470527e+02 -1.268406e+01 -7.646138e+00
      vertex   1.470527e+02 -1.226537e+01 3.428985e-01
      vertex   1.467349e+02 -1.227041e+01 -7.667816e+00
    endloop
  endfacet
  facet normal -7.933533e-01 -6.079271e-01 3.186011e-02
    outer loop
      vertex   1.467349e+02 -1.227041e+01 -7.667816e+00
      vertex   1.470527e+02 -1.226537e+01 3.428985e-01
      vertex   1.467349e+02 -1.185172e+01 3.212202e-01
    endloop
  endfacet
  facet normal -6.087614e-01 -7.922661e-01 4.152091e-02
    outer loop
      vertex   1.467349e+02 -1.227041e+01 -7.667816e+00
      vertex   1.467349e+02 -1.185172e+01 3.212202e-01
      vertex   1.463206e+02 -1.195301e+01 -7.684450e+00
    endloop
  endfacet
  facet normal -6.087614e-01 -7.922661e-01 4.152091e-02
    outer loop
      vertex   1.463206e+02 -1.195301e+01 -7.684450e+00
      vertex   1.467349e+02 -1.185172e+01 3.212202e-01
      vertex   1.463206e+02 -1.153432e+01 3.045859e-01
    endloop
  endfacet
  facet normal -3.826834e-01 -9.226134e-01 4.835212e-02
    outer loop
      vertex   1.463206e+02 -1.195301e+01 -7.684450e+00
      vertex   1.463206e+02 -1.153432e+01 3.045859e-01
      vertex   1.458383e+02 -1.175348e+01 -7.694907e+00
    endloop
  endfacet
  facet normal -3.826834e-01 -9.226134e-01 4.835212e-02
    outer loop
      vertex   1.458383e+02 -1.175348e+01 -7.694907e+00
      vertex   1.463206e+02 -1.153432e+01 3.045859e-01
      vertex   1.458383e+02 -1.133479e+01 2.941291e-01
    endloop
  endfacet
  facet normal -1.305262e-01 -9.900861e-01 5.188821e-02
    outer loop
      vertex   1.458383e+02 -1.175348e+01 -7.694907e+00
      vertex   1.458383e+02 -1.133479e+01 2.941291e-01
      vertex   1.453206e+02 -1.168543e+01 -7.698474e+00
    endloop
  endfacet
  facet normal -1.305262e-01 -9.900861e-01 5.188821e-02
    outer loop
      vertex   1.453206e+02 -1.168543e+01 -7.698474e+00
      vertex   1.458383e+02 -1.133479e+01 2.941291e-01
      vertex   1.453206e+02 -1.126674e+01 2.905625e-01
    endloop
  endfacet
  facet normal 1.305262e-01 -9.900861e-01 5.188821e-02
    outer loop
      vertex   1.453206e+02 -1.168543e+01 -7.698474e+00
      vertex   1.453206e+02 -1.126674e+01 2.905625e-01
      vertex   1.448030e+02 -1.175348e+01 -7.694907e+00
    endloop
  endfacet
  facet normal 1.305262e-01 -9.900861e-01 5.188821e-02
    outer loop
      vertex   1.448030e+02 -1.175348e+01 -7.694907e+00
      vertex   1.453206e+02 -1.126674e+01 2.905625e-01
      vertex   1.448030e+02 -1.133479e+01 2.941291e-01
    endloop
  endfacet
  facet normal 3.826834e-01 -9.226134e-01 4.835212e-02
    outer loop
      vertex   1.448030e+02 -1.175348e+01 -7.694907e+00
      vertex   1.448030e+02 -1.133479e+01 2.941291e-01
      vertex   1.443206e+02 -1.195301e+01 -7.684450e+00
    endloop
  endfacet
  facet normal 3.826834e-01 -9.226134e-01 4.835212e-02
    outer loop
      vertex   1.443206e+02 -1.195301e+01 -7.684450e+00
      vertex   1.448030e+02 -1.133479e+01 2.941291e-01
      vertex   1.443206e+02 -1.153432e+01 3.045859e-01
    endloop
  endfacet
  facet normal 6.087614e-01 -7.922661e-01 4.152091e-02
    outer loop
      vertex   1.443206e+02 -1.195301e+01 -7.684450e+00
      vertex   1.443206e+02 -1.153432e+01 3.045859e-01
      vertex   1.439064e+02 -1.227041e+01 -7.667816e+00
    endloop
  endfacet
  facet normal 6.087614e-01 -7.922661e-01 4.152091e-02
    outer loop
      vertex   1.439064e+02 -1.227041e+01 -7.667816e+00
      vertex   1.443206e+02 -1.153432e+01 3.045859e-01
      vertex   1.439064e+02 -1.185172e+01 3.212202e-01
    endloop
  endfacet
  facet normal 7.933533e-01 -6.079271e-01 3.186011e-02
    outer loop
      vertex   1.439064e+02 -1.227041e+01 -7.667816e+00
      vertex   1.439064e+02 -1.185172e+01 3.212202e-01
      vertex   1.435886e+02 -1.268406e+01 -7.646138e+00
    endloop
  endfacet
  facet normal 7.933533e-01 -6.079271e-01 3.186011e-02
    outer loop
      vertex   1.435886e+02 -1.268406e+01 -7.646138e+00
      vertex   1.439064e+02 -1.185172e+01 3.212202e-01
      vertex   1.435886e+02 -1.226537e+01 3.428985e-01
    endloop
  endfacet
  facet normal 9.238795e-01 -3.821590e-01 2.002810e-02
    outer loop
      vertex   1.435886e+02 -1.268406e+01 -7.646138e+00
      vertex   1.435886e+02 -1.226537e+01 3.428985e-01
      vertex   1.433888e+02 -1.316576e+01 -7.620893e+00
    endloop
  endfacet
  facet normal 9.238795e-01 -3.821590e-01 2.002810e-02
    outer loop
      vertex   1.433888e+02 -1.316576e+01 -7.620893e+00
      vertex   1.435886e+02 -1.226537e+01 3.428985e-01
      vertex   1.433888e+02 -1.274707e+01 3.681433e-01
    endloop
  endfacet
  facet normal 9.914449e-01 -1.303473e-01 6.831213e-03
    outer loop
      vertex   1.433888e+02 -1.316576e+01 -7.620893e+00
      vertex   1.433888e+02 -1.274707e+01 3.681433e-01
      vertex   1.433206e+02 -1.368269e+01 -7.593802e+00
    endloop
  endfacet
  facet normal 9.914449e-01 -1.303473e-01 6.831213e-03
    outer loop
      vertex   1.433206e+02 -1.368269e+01 -7.593802e+00
      vertex   1.433888e+02 -1.274707e+01 3.681433e-01
      vertex   1.433206e+02 -1.326400e+01 3.952344e-01
    endloop
  endfacet
  facet normal 9.914449e-01 1.303473e-01 -6.831213e-03
    outer loop
      vertex   1.433206e+02 -1.368269e+01 -7.593802e+00
      vertex   1.433206e+02 -1.326400e+01 3.952344e-01
      vertex   1.433888e+02 -1.419961e+01 -7.566711e+00
    endloop
  endfacet
  facet normal 9.914449e-01 1.303473e-01 -6.831213e-03
    outer loop
      vertex   1.433888e+02 -1.419961e+01 -7.566711e+00
      vertex   1.433206e+02 -1.326400e+01 3.952344e-01
      vertex   1.433888e+02 -1.378093e+01 4.223255e-01
    endloop
  endfacet
  facet normal 9.238795e-01 3.821590e-01 -2.002810e-02
    outer loop
      vertex   1.433888e+02 -1.419961e+01 -7.566711e+00
      vertex   1.433888e+02 -1.378093e+01 4.223255e-01
      vertex   1.435886e+02 -1.468132e+01 -7.541466e+00
    endloop
  endfacet
  facet normal 9.238795e-01 3.821590e-01 -2.002810e-02
    outer loop
      vertex   1.435886e+02 -1.468132e+01 -7.541466e+00
      vertex   1.433888e+02 -1.378093e+01 4.223255e-01
      vertex   1.435886e+02 -1.426263e+01 4.475704e-01
    endloop
  endfacet
  facet normal 7.933533e-01 6.079271e-01 -3.186011e-02
    outer loop
      vertex   1.435886e+02 -1.468132e+01 -7.541466e+00
      vertex   1.435886e+02 -1.426263e+01 4.475704e-01
      vertex   1.439064e+02 -1.509496e+01 -7.519788e+00
    endloop
  endfacet
  facet normal 7.933533e-01 6.079271e-01 -3.186011e-02
    outer loop
      vertex   1.439064e+02 -1.509496e+01 -7.519788e+00
      vertex   1.435886e+02 -1.426263e+01 4.475704e-01
      vertex   1.439064e+02 -1.467627e+01 4.692487e-01
    endloop
  endfacet
  facet normal 6.087614e-01 7.922661e-01 -4.152091e-02
    outer loop
      vertex   1.439064e+02 -1.509496e+01 -7.519788e+00
      vertex   1.439064e+02 -1.467627e+01 4.692487e-01
      vertex   1.443206e+02 -1.541236e+01 -7.503153e+00
    endloop
  endfacet
  facet normal 6.087614e-01 7.922661e-01 -4.152091e-02
    outer loop
      vertex   1.443206e+02 -1.541236e+01 -7.503153e+00
      vertex   1.439064e+02 -1.467627e+01 4.692487e-01
      vertex   1.443206e+02 -1.499368e+01 4.858830e-01
    endloop
  endfacet
  facet normal 3.826834e-01 9.226134e-01 -4.835212e-02
    outer loop
      vertex   1.443206e+02 -1.541236e+01 -7.503153e+00
      vertex   1.443206e+02 -1.499368e+01 4.858830e-01
      vertex   1.448030e+02 -1.561189e+01 -7.492697e+00
    endloop
  endfacet
  facet normal 3.826834e-01 9.226134e-01 -4.835212e-02
    outer loop
      vertex   1.448030e+02 -1.561189e+01 -7.492697e+00
      vertex   1.443206e+02 -1.499368e+01 4.858830e-01
      vertex   1.448030e+02 -1.519320e+01 4.963397e-01
    endloop
  endfacet
  facet normal 1.305262e-01 9.900861e-01 -5.188821e-02
    outer loop
      vertex   1.448030e+02 -1.561189e+01 -7.492697e+00
      vertex   1.448030e+02 -1.519320e+01 4.963397e-01
      vertex   1.453206e+02 -1.567994e+01 -7.489130e+00
    endloop
  endfacet
  facet normal 1.305262e-01 9.900861e-01 -5.188821e-02
    outer loop
      vertex   1.453206e+02 -1.567994e+01 -7.489130e+00
      vertex   1.448030e+02 -1.519320e+01 4.963397e-01
      vertex   1.453206e+02 -1.526126e+01 4.999063e-01
    endloop
  endfacet
  facet normal -1.305262e-01 9.900861e-01 -5.188821e-02
    outer loop
      vertex   1.453206e+02 -1.567994e+01 -7.489130e+00
      vertex   1.453206e+02 -1.526126e+01 4.999063e-01
      vertex   1.458383e+02 -1.561189e+01 -7.492697e+00
    endloop
  endfacet
  facet normal -1.305262e-01 9.900861e-01 -5.188821e-02
    outer loop
      vertex   1.458383e+02 -1.561189e+01 -7.492697e+00
      vertex   1.453206e+02 -1.526126e+01 4.999063e-01
      vertex   1.458383e+02 -1.519320e+01 4.963397e-01
    endloop
  endfacet
  facet normal -3.826834e-01 9.226134e-01 -4.835212e-02
    outer loop
      vertex   1.458383e+02 -1.561189e+01 -7.492697e+00
      vertex   1.458383e+02 -1.519320e+01 4.963397e-01
      vertex   1.463206e+02 -1.541236e+01 -7.503153e+00
    endloop
  endfacet
  facet normal -3.826834e-01 9.226134e-01 -4.835212e-02
    outer loop
      vertex   1.463206e+02 -1.541236e+01 -7.503153e+00
      vertex   1.458383e+02 -1.519320e+01 4.963397e-01
      vertex   1.463206e+02 -1.499368e+01 4.858830e-01
    endloop
  endfacet
  facet normal -6.087614e-01 7.922661e-01 -4.152091e-02
    outer loop
      vertex   1.463206e+02 -1.541236e+01 -7.503153e+00
      vertex   1.463206e+02 -1.499368e+01 4.858830e-01
      vertex   1.467349e+02 -1.509496e+01 -7.519788e+00
    endloop
  endfacet
  facet normal -6.087614e-01 7.922661e-01 -4.152091e-02
    outer loop
      vertex   1.467349e+02 -1.509496e+01 -7.519788e+00
      vertex   1.463206e+02 -1.499368e+01 4.858830e-01
      vertex   1.467349e+02 -1.467627e+01 4.692487e-01
    endloop
  endfacet
  facet normal -7.933533e-01 6.079271e-01 -3.186011e-02
    outer loop
      vertex   1.467349e+02 -1.509496e+01 -7.519788e+00
      vertex   1.467349e+02 -1.467627e+01 4.692487e-01
      vertex   1.470527e+02 -1.468132e+01 -7.541466e+00
    endloop
  endfacet
  facet normal -7.933533e-01 6.079271e-01 -3.186011e-02
    outer loop
      vertex   1.470527e+02 -1.468132e+01 -7.541466e+00
      vertex   1.467349e+02 -1.467627e+01 4.692487e-01
      vertex   1.470527e+02 -1.426263e+01 4.475704e-01
    endloop
  endfacet
  facet normal -9.238795e-01 3.821590e-01 -2.002810e-02
    outer loop
      vertex   1.470527e+02 -1.468132e+01 -7.541466e+00
      vertex   1.470527e+02 -1.426263e+01 4.475704e-01
      vertex   1.472525e+02 -1.419961e+01 -7.566711e+00
    endloop
  endfacet
  facet normal -9.238795e-01 3.821590e-01 -2.002810e-02
    outer loop
      vertex   1.472525e+02 -1.419961e+01 -7.566711e+00
      vertex   1.470527e+02 -1.426263e+01 4.475704e-01
      vertex   1.472525e+02 -1.378093e+01 4.223255e-01
    endloop
  endfacet
  facet normal -5.589816e-01 -8.281226e-01 4.186374e-02
    outer loop
      vertex   1.352060e+02 -2.179140e+00 -1.856984e-01
      vertex   1.353141e+02 -2.655792e+00 -8.171697e+00
      vertex   1.356390e+02 -2.470587e+00 -1.704243e-01
    endloop
  endfacet
  facet normal -6.087607e-01 -7.921848e-01 4.305297e-02
    outer loop
      vertex   1.356390e+02 -2.470587e+00 -1.704243e-01
      vertex   1.353141e+02 -2.655792e+00 -8.171697e+00
      vertex   1.357283e+02 -2.973194e+00 -8.155063e+00
    endloop
  endfacet
  facet normal -7.545420e-01 -6.554309e-01 3.281335e-02
    outer loop
      vertex   1.356390e+02 -2.470587e+00 -1.704243e-01
      vertex   1.357283e+02 -2.973194e+00 -8.155063e+00
      vertex   1.359816e+02 -2.863997e+00 -1.498065e-01
    endloop
  endfacet
  facet normal -7.933524e-01 -6.078461e-01 3.339219e-02
    outer loop
      vertex   1.359816e+02 -2.863997e+00 -1.498065e-01
      vertex   1.357283e+02 -2.973194e+00 -8.155063e+00
      vertex   1.360462e+02 -3.386840e+00 -8.133384e+00
    endloop
  endfacet
  facet normal -8.986816e-01 -4.380782e-01 2.142238e-02
    outer loop
      vertex   1.359816e+02 -2.863997e+00 -1.498065e-01
      vertex   1.360462e+02 -3.386840e+00 -8.133384e+00
      vertex   1.362106e+02 -3.332561e+00 -1.252501e-01
    endloop
  endfacet
  facet normal -9.238784e-01 -3.820782e-01 2.156020e-02
    outer loop
      vertex   1.362106e+02 -3.332561e+00 -1.252501e-01
      vertex   1.360462e+02 -3.386840e+00 -8.133384e+00
      vertex   1.362460e+02 -3.868541e+00 -8.108139e+00
    endloop
  endfacet
  facet normal -9.815775e-01 -1.908766e-01 8.467096e-03
    outer loop
      vertex   1.362106e+02 -3.332561e+00 -1.252501e-01
      vertex   1.362460e+02 -3.868541e+00 -8.108139e+00
      vertex   1.363103e+02 -3.844345e+00 -9.842864e-02
    endloop
  endfacet
  facet normal -9.914437e-01 -1.302669e-01 8.363321e-03
    outer loop
      vertex   1.363103e+02 -3.844345e+00 -9.842864e-02
      vertex   1.362460e+02 -3.868541e+00 -8.108139e+00
      vertex   1.363141e+02 -4.385469e+00 -8.081048e+00
    endloop
  endfacet
  facet normal -9.975806e-01 6.932739e-02 -5.169618e-03
    outer loop
      vertex   1.363103e+02 -3.844345e+00 -9.842864e-02
      vertex   1.363141e+02 -4.385469e+00 -8.081048e+00
      vertex   1.362741e+02 -4.364474e+00 -7.116986e-02
    endloop
  endfacet
  facet normal -9.914437e-01 1.304275e-01 -5.299089e-03
    outer loop
      vertex   1.362741e+02 -4.364474e+00 -7.116986e-02
      vertex   1.363141e+02 -4.385469e+00 -8.081048e+00
      vertex   1.362460e+02 -4.902398e+00 -8.053957e+00
    endloop
  endfacet
  facet normal -9.456002e-01 3.248014e-01 -1.855844e-02
    outer loop
      vertex   1.362741e+02 -4.364474e+00 -7.116986e-02
      vertex   1.362460e+02 -4.902398e+00 -8.053957e+00
      vertex   1.361042e+02 -4.857500e+00 -4.533145e-02
    endloop
  endfacet
  facet normal -9.238784e-01 3.822388e-01 -1.849596e-02
    outer loop
      vertex   1.361042e+02 -4.857500e+00 -4.533145e-02
      vertex   1.362460e+02 -4.902398e+00 -8.053957e+00
      vertex   1.360462e+02 -5.384099e+00 -8.028712e+00
    endloop
  endfacet
  facet normal -8.291786e-01 5.581352e-01 -3.078695e-02
    outer loop
      vertex   1.361042e+02 -4.857500e+00 -4.533145e-02
      vertex   1.360462e+02 -5.384099e+00 -8.028712e+00
      vertex   1.358124e+02 -5.289825e+00 -2.267424e-02
    endloop
  endfacet
  facet normal -7.933524e-01 6.080067e-01 -3.032796e-02
    outer loop
      vertex   1.358124e+02 -5.289825e+00 -2.267424e-02
      vertex   1.360462e+02 -5.384099e+00 -8.028712e+00
      vertex   1.357283e+02 -5.797745e+00 -8.007034e+00
    endloop
  endfacet
  facet normal -6.562500e-01 7.534276e-01 -4.102179e-02
    outer loop
      vertex   1.358124e+02 -5.289825e+00 -2.267424e-02
      vertex   1.357283e+02 -5.797745e+00 -8.007034e+00
      vertex   1.354184e+02 -5.631988e+00 -4.742283e-03
    endloop
  endfacet
  facet normal -6.087607e-01 7.923454e-01 -3.998874e-02
    outer loop
      vertex   1.354184e+02 -5.631988e+00 -4.742283e-03
      vertex   1.357283e+02 -5.797745e+00 -8.007034e+00
      vertex   1.353141e+02 -6.115146e+00 -7.990400e+00
    endloop
  endfacet
  facet normal -4.385990e-01 8.973697e-01 -4.856548e-02
    outer loop
      vertex   1.354184e+02 -5.631988e+00 -4.742283e-03
      vertex   1.353141e+02 -6.115146e+00 -7.990400e+00
      vertex   1.349492e+02 -5.860669e+00 7.242383e-03
    endloop
  endfacet
  facet normal -3.826830e-01 9.226926e-01 -4.681995e-02
    outer loop
      vertex   1.349492e+02 -5.860669e+00 7.242383e-03
      vertex   1.353141e+02 -6.115146e+00 -7.990400e+00
      vertex   1.348317e+02 -6.314673e+00 -7.979943e+00
    endloop
  endfacet
  facet normal -1.910582e-01 9.801520e-01 -5.290391e-02
    outer loop
      vertex   1.349492e+02 -5.860669e+00 7.242383e-03
      vertex   1.348317e+02 -6.314673e+00 -7.979943e+00
      vertex   1.344367e+02 -5.960284e+00 1.246303e-02
    endloop
  endfacet
  facet normal -1.305260e-01 9.901653e-01 -5.035604e-02
    outer loop
      vertex   1.344367e+02 -5.960284e+00 1.246303e-02
      vertex   1.348317e+02 -6.314673e+00 -7.979943e+00
      vertex   1.343141e+02 -6.382728e+00 -7.976376e+00
    endloop
  endfacet
  facet normal 6.950294e-02 9.961331e-01 -5.374145e-02
    outer loop
      vertex   1.344367e+02 -5.960284e+00 1.246303e-02
      vertex   1.343141e+02 -6.382728e+00 -7.976376e+00
      vertex   1.339159e+02 -5.924046e+00 1.056387e-02
    endloop
  endfacet
  facet normal 1.305260e-01 9.901653e-01 -5.035604e-02
    outer loop
      vertex   1.339159e+02 -5.924046e+00 1.056387e-02
      vertex   1.343141e+02 -6.382728e+00 -7.976376e+00
      vertex   1.337965e+02 -6.314673e+00 -7.979943e+00
    endloop
  endfacet
  facet normal 3.253275e-01 9.442239e-01 -5.102100e-02
    outer loop
      vertex   1.339159e+02 -5.924046e+00 1.056387e-02
      vertex   1.337965e+02 -6.314673e+00 -7.979943e+00
      vertex   1.334222e+02 -5.754424e+00 1.674328e-03
    endloop
  endfacet
  facet normal 3.826830e-01 9.226926e-01 -4.681995e-02
    outer loop
      vertex   1.334222e+02 -5.754424e+00 1.674328e-03
      vertex   1.337965e+02 -6.314673e+00 -7.979943e+00
      vertex   1.333141e+02 -6.115146e+00 -7.990400e+00
    endloop
  endfacet
  facet normal 5.589816e-01 8.279620e-01 -4.492797e-02
    outer loop
      vertex   1.334222e+02 -5.754424e+00 1.674328e-03
      vertex   1.333141e+02 -6.115146e+00 -7.990400e+00
      vertex   1.329892e+02 -5.462976e+00 -1.359978e-02
    endloop
  endfacet
  facet normal 6.087607e-01 7.923454e-01 -3.998874e-02
    outer loop
      vertex   1.329892e+02 -5.462976e+00 -1.359978e-02
      vertex   1.333141e+02 -6.115146e+00 -7.990400e+00
      vertex   1.328999e+02 -5.797745e+00 -8.007034e+00
    endloop
  endfacet
  facet normal 7.545420e-01 6.552703e-01 -3.587759e-02
    outer loop
      vertex   1.329892e+02 -5.462976e+00 -1.359978e-02
      vertex   1.328999e+02 -5.797745e+00 -8.007034e+00
      vertex   1.326466e+02 -5.069566e+00 -3.421755e-02
    endloop
  endfacet
  facet normal 7.933524e-01 6.080067e-01 -3.032796e-02
    outer loop
      vertex   1.326466e+02 -5.069566e+00 -3.421755e-02
      vertex   1.328999e+02 -5.797745e+00 -8.007034e+00
      vertex   1.325821e+02 -5.384099e+00 -8.028712e+00
    endloop
  endfacet
  facet normal 8.986816e-01 4.379176e-01 -2.448661e-02
    outer loop
      vertex   1.326466e+02 -5.069566e+00 -3.421755e-02
      vertex   1.325821e+02 -5.384099e+00 -8.028712e+00
      vertex   1.324176e+02 -4.601002e+00 -5.877392e-02
    endloop
  endfacet
  facet normal 9.238784e-01 3.822388e-01 -1.849596e-02
    outer loop
      vertex   1.324176e+02 -4.601002e+00 -5.877392e-02
      vertex   1.325821e+02 -5.384099e+00 -8.028712e+00
      vertex   1.323823e+02 -4.902398e+00 -8.053957e+00
    endloop
  endfacet
  facet normal 9.815775e-01 1.907160e-01 -1.153133e-02
    outer loop
      vertex   1.324176e+02 -4.601002e+00 -5.877392e-02
      vertex   1.323823e+02 -4.902398e+00 -8.053957e+00
      vertex   1.323179e+02 -4.089218e+00 -8.559541e-02
    endloop
  endfacet
  facet normal 9.914437e-01 1.304275e-01 -5.299089e-03
    outer loop
      vertex   1.323179e+02 -4.089218e+00 -8.559541e-02
      vertex   1.323823e+02 -4.902398e+00 -8.053957e+00
      vertex   1.323141e+02 -4.385469e+00 -8.081048e+00
    endloop
  endfacet
  facet normal 9.975806e-01 -6.948798e-02 2.105387e-03
    outer loop
      vertex   1.323179e+02 -4.089218e+00 -8.559541e-02
      vertex   1.323141e+02 -4.385469e+00 -8.081048e+00
      vertex   1.323542e+02 -3.569090e+00 -1.128542e-01
    endloop
  endfacet
  facet normal 9.914437e-01 -1.302669e-01 8.363321e-03
    outer loop
      vertex   1.323542e+02 -3.569090e+00 -1.128542e-01
      vertex   1.323141e+02 -4.385469e+00 -8.081048e+00
      vertex   1.323823e+02 -3.868541e+00 -8.108139e+00
    endloop
  endfacet
  facet normal 9.456002e-01 -3.249620e-01 1.549421e-02
    outer loop
      vertex   1.323542e+02 -3.569090e+00 -1.128542e-01
      vertex   1.323823e+02 -3.868541e+00 -8.108139e+00
      vertex   1.325240e+02 -3.076063e+00 -1.386926e-01
    endloop
  endfacet
  facet normal 9.238784e-01 -3.820782e-01 2.156020e-02
    outer loop
      vertex   1.325240e+02 -3.076063e+00 -1.386926e-01
      vertex   1.323823e+02 -3.868541e+00 -8.108139e+00
      vertex   1.325821e+02 -3.386840e+00 -8.133384e+00
    endloop
  endfacet
  facet normal 8.291786e-01 -5.582958e-01 2.772272e-02
    outer loop
      vertex   1.325240e+02 -3.076063e+00 -1.386926e-01
      vertex   1.325821e+02 -3.386840e+00 -8.133384e+00
      vertex   1.328159e+02 -2.643738e+00 -1.613498e-01
    endloop
  endfacet
  facet normal 7.933524e-01 -6.078461e-01 3.339219e-02
    outer loop
      vertex   1.328159e+02 -2.643738e+00 -1.613498e-01
      vertex   1.325821e+02 -3.386840e+00 -8.133384e+00
      vertex   1.328999e+02 -2.973194e+00 -8.155063e+00
    endloop
  endfacet
  facet normal 6.562500e-01 -7.535882e-01 3.795756e-02
    outer loop
      vertex   1.328159e+02 -2.643738e+00 -1.613498e-01
      vertex   1.328999e+02 -2.973194e+00 -8.155063e+00
      vertex   1.332098e+02 -2.301576e+00 -1.792818e-01
    endloop
  endfacet
  facet normal 6.087607e-01 -7.921848e-01 4.305297e-02
    outer loop
      vertex   1.332098e+02 -2.301576e+00 -1.792818e-01
      vertex   1.328999e+02 -2.973194e+00 -8.155063e+00
      vertex   1.333141e+02 -2.655792e+00 -8.171697e+00
    endloop
  endfacet
  facet normal 4.385990e-01 -8.975303e-01 4.550124e-02
    outer loop
      vertex   1.332098e+02 -2.301576e+00 -1.792818e-01
      vertex   1.333141e+02 -2.655792e+00 -8.171697e+00
      vertex   1.336790e+02 -2.072895e+00 -1.912664e-01
    endloop
  endfacet
  facet normal 3.826830e-01 -9.225320e-01 4.988418e-02
    outer loop
      vertex   1.336790e+02 -2.072895e+00 -1.912664e-01
      vertex   1.333141e+02 -2.655792e+00 -8.171697e+00
      vertex   1.337965e+02 -2.456265e+00 -8.182154e+00
    endloop
  endfacet
  facet normal 1.910582e-01 -9.803126e-01 4.983968e-02
    outer loop
      vertex   1.336790e+02 -2.072895e+00 -1.912664e-01
      vertex   1.337965e+02 -2.456265e+00 -8.182154e+00
      vertex   1.341915e+02 -1.973279e+00 -1.964871e-01
    endloop
  endfacet
  facet normal 1.305260e-01 -9.900047e-01 5.342027e-02
    outer loop
      vertex   1.341915e+02 -1.973279e+00 -1.964871e-01
      vertex   1.337965e+02 -2.456265e+00 -8.182154e+00
      vertex   1.343141e+02 -2.388210e+00 -8.185720e+00
    endloop
  endfacet
  facet normal -6.950294e-02 -9.962937e-01 5.067722e-02
    outer loop
      vertex   1.341915e+02 -1.973279e+00 -1.964871e-01
      vertex   1.343141e+02 -2.388210e+00 -8.185720e+00
      vertex   1.347123e+02 -2.009517e+00 -1.945879e-01
    endloop
  endfacet
  facet normal -1.305260e-01 -9.900047e-01 5.342027e-02
    outer loop
      vertex   1.347123e+02 -2.009517e+00 -1.945879e-01
      vertex   1.343141e+02 -2.388210e+00 -8.185720e+00
      vertex   1.348317e+02 -2.456265e+00 -8.182154e+00
    endloop
  endfacet
  facet normal -3.253275e-01 -9.443845e-01 4.795677e-02
    outer loop
      vertex   1.347123e+02 -2.009517e+00 -1.945879e-01
      vertex   1.348317e+02 -2.456265e+00 -8.182154e+00
      vertex   1.352060e+02 -2.179140e+00 -1.856984e-01
    endloop
  endfacet
  facet normal -3.826830e-01 -9.225320e-01 4.988418e-02
    outer loop
      vertex   1.352060e+02 -2.179140e+00 -1.856984e-01
      vertex   1.348317e+02 -2.456265e+00 -8.182154e+00
      vertex   1.353141e+02 -2.655792e+00 -8.171697e+00
    endloop
  endfacet
  facet normal -1.305262e-01 9.900861e-01 -5.188821e-02
    outer loop
      vertex   8.868509e+01 -2.741370e+01 1.136789e+00
      vertex   8.868509e+01 -2.783239e+01 -6.852247e+00
      vertex   8.816745e+01 -2.748176e+01 1.140356e+00
    endloop
  endfacet
  facet normal -1.305262e-01 9.900861e-01 -5.188821e-02
    outer loop
      vertex   8.816745e+01 -2.748176e+01 1.140356e+00
      vertex   8.868509e+01 -2.783239e+01 -6.852247e+00
      vertex   8.816745e+01 -2.790044e+01 -6.848681e+00
    endloop
  endfacet
  facet normal 1.305262e-01 9.900861e-01 -5.188821e-02
    outer loop
      vertex   8.816745e+01 -2.748176e+01 1.140356e+00
      vertex   8.816745e+01 -2.790044e+01 -6.848681e+00
      vertex   8.764981e+01 -2.741370e+01 1.136789e+00
    endloop
  endfacet
  facet normal 1.305262e-01 9.900861e-01 -5.188821e-02
    outer loop
      vertex   8.764981e+01 -2.741370e+01 1.136789e+00
      vertex   8.816745e+01 -2.790044e+01 -6.848681e+00
      vertex   8.764981e+01 -2.783239e+01 -6.852247e+00
    endloop
  endfacet
  facet normal 3.826834e-01 9.226134e-01 -4.835212e-02
    outer loop
      vertex   8.764981e+01 -2.741370e+01 1.136789e+00
      vertex   8.764981e+01 -2.783239e+01 -6.852247e+00
      vertex   8.716745e+01 -2.721417e+01 1.126332e+00
    endloop
  endfacet
  facet normal 3.826834e-01 9.226134e-01 -4.835212e-02
    outer loop
      vertex   8.716745e+01 -2.721417e+01 1.126332e+00
      vertex   8.764981e+01 -2.783239e+01 -6.852247e+00
      vertex   8.716745e+01 -2.763286e+01 -6.862704e+00
    endloop
  endfacet
  facet normal 6.087614e-01 7.922661e-01 -4.152091e-02
    outer loop
      vertex   8.716745e+01 -2.721417e+01 1.126332e+00
      vertex   8.716745e+01 -2.763286e+01 -6.862704e+00
      vertex   8.675324e+01 -2.689677e+01 1.109698e+00
    endloop
  endfacet
  facet normal 6.087614e-01 7.922661e-01 -4.152091e-02
    outer loop
      vertex   8.675324e+01 -2.689677e+01 1.109698e+00
      vertex   8.716745e+01 -2.763286e+01 -6.862704e+00
      vertex   8.675324e+01 -2.731546e+01 -6.879338e+00
    endloop
  endfacet
  facet normal 7.933533e-01 6.079271e-01 -3.186011e-02
    outer loop
      vertex   8.675324e+01 -2.689677e+01 1.109698e+00
      vertex   8.675324e+01 -2.731546e+01 -6.879338e+00
      vertex   8.643540e+01 -2.648313e+01 1.088020e+00
    endloop
  endfacet
  facet normal 7.933533e-01 6.079271e-01 -3.186011e-02
    outer loop
      vertex   8.643540e+01 -2.648313e+01 1.088020e+00
      vertex   8.675324e+01 -2.731546e+01 -6.879338e+00
      vertex   8.643540e+01 -2.690181e+01 -6.901017e+00
    endloop
  endfacet
  facet normal 9.238795e-01 3.821590e-01 -2.002810e-02
    outer loop
      vertex   8.643540e+01 -2.648313e+01 1.088020e+00
      vertex   8.643540e+01 -2.690181e+01 -6.901017e+00
      vertex   8.623560e+01 -2.600142e+01 1.062775e+00
    endloop
  endfacet
  facet normal 9.238795e-01 3.821590e-01 -2.002810e-02
    outer loop
      vertex   8.623560e+01 -2.600142e+01 1.062775e+00
      vertex   8.643540e+01 -2.690181e+01 -6.901017e+00
      vertex   8.623560e+01 -2.642011e+01 -6.926262e+00
    endloop
  endfacet
  facet normal 9.914449e-01 1.303473e-01 -6.831213e-03
    outer loop
      vertex   8.623560e+01 -2.600142e+01 1.062775e+00
      vertex   8.623560e+01 -2.642011e+01 -6.926262e+00
      vertex   8.616745e+01 -2.548450e+01 1.035684e+00
    endloop
  endfacet
  facet normal 9.914449e-01 1.303473e-01 -6.831213e-03
    outer loop
      vertex   8.616745e+01 -2.548450e+01 1.035684e+00
      vertex   8.623560e+01 -2.642011e+01 -6.926262e+00
      vertex   8.616745e+01 -2.590318e+01 -6.953353e+00
    endloop
  endfacet
  facet normal 9.914449e-01 -1.303473e-01 6.831213e-03
    outer loop
      vertex   8.616745e+01 -2.548450e+01 1.035684e+00
      vertex   8.616745e+01 -2.590318e+01 -6.953353e+00
      vertex   8.623560e+01 -2.496757e+01 1.008593e+00
    endloop
  endfacet
  facet normal 9.914449e-01 -1.303473e-01 6.831213e-03
    outer loop
      vertex   8.623560e+01 -2.496757e+01 1.008593e+00
      vertex   8.616745e+01 -2.590318e+01 -6.953353e+00
      vertex   8.623560e+01 -2.538626e+01 -6.980444e+00
    endloop
  endfacet
  facet normal 9.238795e-01 -3.821590e-01 2.002810e-02
    outer loop
      vertex   8.623560e+01 -2.496757e+01 1.008593e+00
      vertex   8.623560e+01 -2.538626e+01 -6.980444e+00
      vertex   8.643540e+01 -2.448587e+01 9.833477e-01
    endloop
  endfacet
  facet normal 9.238795e-01 -3.821590e-01 2.002810e-02
    outer loop
      vertex   8.643540e+01 -2.448587e+01 9.833477e-01
      vertex   8.623560e+01 -2.538626e+01 -6.980444e+00
      vertex   8.643540e+01 -2.490455e+01 -7.005689e+00
    endloop
  endfacet
  facet normal 7.933533e-01 -6.079271e-01 3.186011e-02
    outer loop
      vertex   8.643540e+01 -2.448587e+01 9.833477e-01
      vertex   8.643540e+01 -2.490455e+01 -7.005689e+00
      vertex   8.675324e+01 -2.407222e+01 9.616694e-01
    endloop
  endfacet
  facet normal 7.933533e-01 -6.079271e-01 3.186011e-02
    outer loop
      vertex   8.675324e+01 -2.407222e+01 9.616694e-01
      vertex   8.643540e+01 -2.490455e+01 -7.005689e+00
      vertex   8.675324e+01 -2.449091e+01 -7.027367e+00
    endloop
  endfacet
  facet normal 6.087614e-01 -7.922661e-01 4.152091e-02
    outer loop
      vertex   8.675324e+01 -2.407222e+01 9.616694e-01
      vertex   8.675324e+01 -2.449091e+01 -7.027367e+00
      vertex   8.716745e+01 -2.375482e+01 9.450351e-01
    endloop
  endfacet
  facet normal 6.087614e-01 -7.922661e-01 4.152091e-02
    outer loop
      vertex   8.716745e+01 -2.375482e+01 9.450351e-01
      vertex   8.675324e+01 -2.449091e+01 -7.027367e+00
      vertex   8.716745e+01 -2.417351e+01 -7.044001e+00
    endloop
  endfacet
  facet normal 3.826834e-01 -9.226134e-01 4.835212e-02
    outer loop
      vertex   8.716745e+01 -2.375482e+01 9.450351e-01
      vertex   8.716745e+01 -2.417351e+01 -7.044001e+00
      vertex   8.764981e+01 -2.355529e+01 9.345783e-01
    endloop
  endfacet
  facet normal 3.826834e-01 -9.226134e-01 4.835212e-02
    outer loop
      vertex   8.764981e+01 -2.355529e+01 9.345783e-01
      vertex   8.716745e+01 -2.417351e+01 -7.044001e+00
      vertex   8.764981e+01 -2.397398e+01 -7.054458e+00
    endloop
  endfacet
  facet normal 1.305262e-01 -9.900861e-01 5.188821e-02
    outer loop
      vertex   8.764981e+01 -2.355529e+01 9.345783e-01
      vertex   8.764981e+01 -2.397398e+01 -7.054458e+00
      vertex   8.816745e+01 -2.348724e+01 9.310117e-01
    endloop
  endfacet
  facet normal 1.305262e-01 -9.900861e-01 5.188821e-02
    outer loop
      vertex   8.816745e+01 -2.348724e+01 9.310117e-01
      vertex   8.764981e+01 -2.397398e+01 -7.054458e+00
      vertex   8.816745e+01 -2.390592e+01 -7.058025e+00
    endloop
  endfacet
  facet normal -1.305262e-01 -9.900861e-01 5.188821e-02
    outer loop
      vertex   8.816745e+01 -2.348724e+01 9.310117e-01
      vertex   8.816745e+01 -2.390592e+01 -7.058025e+00
      vertex   8.868509e+01 -2.355529e+01 9.345783e-01
    endloop
  endfacet
  facet normal -1.305262e-01 -9.900861e-01 5.188821e-02
    outer loop
      vertex   8.868509e+01 -2.355529e+01 9.345783e-01
      vertex   8.816745e+01 -2.390592e+01 -7.058025e+00
      vertex   8.868509e+01 -2.397398e+01 -7.054458e+00
    endloop
  endfacet
  facet normal -3.826834e-01 -9.226134e-01 4.835212e-02
    outer loop
      vertex   8.868509e+01 -2.355529e+01 9.345783e-01
      vertex   8.868509e+01 -2.397398e+01 -7.054458e+00
      vertex   8.916745e+01 -2.375482e+01 9.450351e-01
    endloop
  endfacet
  facet normal -3.826834e-01 -9.226134e-01 4.835212e-02
    outer loop
      vertex   8.916745e+01 -2.375482e+01 9.450351e-01
      vertex   8.868509e+01 -2.397398e+01 -7.054458e+00
      vertex   8.916745e+01 -2.417351e+01 -7.044001e+00
    endloop
  endfacet
  facet normal -6.087614e-01 -7.922661e-01 4.152091e-02
    outer loop
      vertex   8.916745e+01 -2.375482e+01 9.450351e-01
      vertex   8.916745e+01 -2.417351e+01 -7.044001e+00
      vertex   8.958167e+01 -2.407222e+01 9.616694e-01
    endloop
  endfacet
  facet normal -6.087614e-01 -7.922661e-01 4.152091e-02
    outer loop
      vertex   8.958167e+01 -2.407222e+01 9.616694e-01
      vertex   8.916745e+01 -2.417351e+01 -7.044001e+00
      vertex   8.958167e+01 -2.449091e+01 -7.027367e+00
    endloop
  endfacet
  facet normal -7.933533e-01 -6.079271e-01 3.186011e-02
    outer loop
      vertex   8.958167e+01 -2.407222e+01 9.616694e-01
      vertex   8.958167e+01 -2.449091e+01 -7.027367e+00
      vertex   8.989950e+01 -2.448587e+01 9.833477e-01
    endloop
  endfacet
  facet normal -7.933533e-01 -6.079271e-01 3.186011e-02
    outer loop
      vertex   8.989950e+01 -2.448587e+01 9.833477e-01
      vertex   8.958167e+01 -2.449091e+01 -7.027367e+00
      vertex   8.989950e+01 -2.490455e+01 -7.005689e+00
    endloop
  endfacet
  facet normal -9.238795e-01 -3.821590e-01 2.002810e-02
    outer loop
      vertex   8.989950e+01 -2.448587e+01 9.833477e-01
      vertex   8.989950e+01 -2.490455e+01 -7.005689e+00
      vertex   9.009930e+01 -2.496757e+01 1.008593e+00
    endloop
  endfacet
  facet normal -9.238795e-01 -3.821590e-01 2.002810e-02
    outer loop
      vertex   9.009930e+01 -2.496757e+01 1.008593e+00
      vertex   8.989950e+01 -2.490455e+01 -7.005689e+00
      vertex   9.009930e+01 -2.538626e+01 -6.980444e+00
    endloop
  endfacet
  facet normal -9.914449e-01 -1.303473e-01 6.831213e-03
    outer loop
      vertex   9.009930e+01 -2.496757e+01 1.008593e+00
      vertex   9.009930e+01 -2.538626e+01 -6.980444e+00
      vertex   9.016745e+01 -2.548450e+01 1.035684e+00
    endloop
  endfacet
  facet normal -9.914449e-01 -1.303473e-01 6.831213e-03
    outer loop
      vertex   9.016745e+01 -2.548450e+01 1.035684e+00
      vertex   9.009930e+01 -2.538626e+01 -6.980444e+00
      vertex   9.016745e+01 -2.590318e+01 -6.953353e+00
    endloop
  endfacet
  facet normal -9.914449e-01 1.303473e-01 -6.831213e-03
    outer loop
      vertex   9.016745e+01 -2.548450e+01 1.035684e+00
      vertex   9.016745e+01 -2.590318e+01 -6.953353e+00
      vertex   9.009930e+01 -2.600142e+01 1.062775e+00
    endloop
  endfacet
  facet normal -9.914449e-01 1.303473e-01 -6.831213e-03
    outer loop
      vertex   9.009930e+01 -2.600142e+01 1.062775e+00
      vertex   9.016745e+01 -2.590318e+01 -6.953353e+00
      vertex   9.009930e+01 -2.642011e+01 -6.926262e+00
    endloop
  endfacet
  facet normal -9.238795e-01 3.821590e-01 -2.002810e-02
    outer loop
      vertex   9.009930e+01 -2.600142e+01 1.062775e+00
      vertex   9.009930e+01 -2.642011e+01 -6.926262e+00
      vertex   8.989950e+01 -2.648313e+01 1.088020e+00
    endloop
  endfacet
  facet normal -9.238795e-01 3.821590e-01 -2.002810e-02
    outer loop
      vertex   8.989950e+01 -2.648313e+01 1.088020e+00
      vertex   9.009930e+01 -2.642011e+01 -6.926262e+00
      vertex   8.989950e+01 -2.690181e+01 -6.901017e+00
    endloop
  endfacet
  facet normal -7.933533e-01 6.079271e-01 -3.186011e-02
    outer loop
      vertex   8.989950e+01 -2.648313e+01 1.088020e+00
      vertex   8.989950e+01 -2.690181e+01 -6.901017e+00
      vertex   8.958167e+01 -2.689677e+01 1.109698e+00
    endloop
  endfacet
  facet normal -7.933533e-01 6.079271e-01 -3.186011e-02
    outer loop
      vertex   8.958167e+01 -2.689677e+01 1.109698e+00
      vertex   8.989950e+01 -2.690181e+01 -6.901017e+00
      vertex   8.958167e+01 -2.731546e+01 -6.879338e+00
    endloop
  endfacet
  facet normal -6.087614e-01 7.922661e-01 -4.152091e-02
    outer loop
      vertex   8.958167e+01 -2.689677e+01 1.109698e+00
      vertex   8.958167e+01 -2.731546e+01 -6.879338e+00
      vertex   8.916745e+01 -2.721417e+01 1.126332e+00
    endloop
  endfacet
  facet normal -6.087614e-01 7.922661e-01 -4.152091e-02
    outer loop
      vertex   8.916745e+01 -2.721417e+01 1.126332e+00
      vertex   8.958167e+01 -2.731546e+01 -6.879338e+00
      vertex   8.916745e+01 -2.763286e+01 -6.862704e+00
    endloop
  endfacet
  facet normal -3.826834e-01 9.226134e-01 -4.835212e-02
    outer loop
      vertex   8.916745e+01 -2.721417e+01 1.126332e+00
      vertex   8.916745e+01 -2.763286e+01 -6.862704e+00
      vertex   8.868509e+01 -2.741370e+01 1.136789e+00
    endloop
  endfacet
  facet normal -3.826834e-01 9.226134e-01 -4.835212e-02
    outer loop
      vertex   8.868509e+01 -2.741370e+01 1.136789e+00
      vertex   8.916745e+01 -2.763286e+01 -6.862704e+00
      vertex   8.868509e+01 -2.783239e+01 -6.852247e+00
    endloop
  endfacet
  facet normal -9.856635e-02 9.937667e-01 -5.208111e-02
    outer loop
      vertex   3.032979e+01 -2.647815e+01 -6.923220e+00
      vertex   3.032979e+01 -2.608139e+01 6.472865e-01
      vertex   3.081687e+01 -2.642997e+01 -6.925745e+00
    endloop
  endfacet
  facet normal -9.856635e-02 9.937667e-01 -5.208111e-02
    outer loop
      vertex   3.081687e+01 -2.642997e+01 -6.925745e+00
      vertex   3.032979e+01 -2.608139e+01 6.472865e-01
      vertex   3.081687e+01 -2.603308e+01 6.472865e-01
    endloop
  endfacet
  facet normal -3.373228e-01 9.400989e-01 -4.926850e-02
    outer loop
      vertex   3.081687e+01 -2.642997e+01 -6.925745e+00
      vertex   3.081687e+01 -2.603308e+01 6.472865e-01
      vertex   3.127764e+01 -2.626509e+01 -6.934386e+00
    endloop
  endfacet
  facet normal -3.373228e-01 9.400989e-01 -4.926850e-02
    outer loop
      vertex   3.127764e+01 -2.626509e+01 -6.934386e+00
      vertex   3.081687e+01 -2.603308e+01 6.472865e-01
      vertex   3.127764e+01 -2.586775e+01 6.472865e-01
    endloop
  endfacet
  facet normal -5.558761e-01 8.301259e-01 -4.350506e-02
    outer loop
      vertex   3.127764e+01 -2.626509e+01 -6.934386e+00
      vertex   3.127764e+01 -2.586775e+01 6.472865e-01
      vertex   3.168451e+01 -2.599338e+01 -6.948625e+00
    endloop
  endfacet
  facet normal -5.558761e-01 8.301259e-01 -4.350506e-02
    outer loop
      vertex   3.168451e+01 -2.599338e+01 -6.948625e+00
      vertex   3.127764e+01 -2.586775e+01 6.472865e-01
      vertex   3.168451e+01 -2.559530e+01 6.472865e-01
    endloop
  endfacet
  facet normal -7.411364e-01 6.704344e-01 -3.513598e-02
    outer loop
      vertex   3.168451e+01 -2.599338e+01 -6.948625e+00
      vertex   3.168451e+01 -2.559530e+01 6.472865e-01
      vertex   3.201311e+01 -2.563112e+01 -6.967611e+00
    endloop
  endfacet
  facet normal -7.411364e-01 6.704344e-01 -3.513598e-02
    outer loop
      vertex   3.201311e+01 -2.563112e+01 -6.967611e+00
      vertex   3.168451e+01 -2.559530e+01 6.472865e-01
      vertex   3.201311e+01 -2.523204e+01 6.472865e-01
    endloop
  endfacet
  facet normal -8.820080e-01 4.705887e-01 -2.466251e-02
    outer loop
      vertex   3.201311e+01 -2.563112e+01 -6.967611e+00
      vertex   3.201311e+01 -2.523204e+01 6.472865e-01
      vertex   3.224376e+01 -2.520001e+01 -6.990205e+00
    endloop
  endfacet
  facet normal -8.820080e-01 4.705887e-01 -2.466251e-02
    outer loop
      vertex   3.224376e+01 -2.520001e+01 -6.990205e+00
      vertex   3.201311e+01 -2.523204e+01 6.472865e-01
      vertex   3.224376e+01 -2.479974e+01 6.472865e-01
    endloop
  endfacet
  facet normal -9.700536e-01 2.425581e-01 -1.271193e-02
    outer loop
      vertex   3.224376e+01 -2.520001e+01 -6.990205e+00
      vertex   3.224376e+01 -2.479974e+01 6.472865e-01
      vertex   3.236265e+01 -2.472586e+01 -7.015054e+00
    endloop
  endfacet
  facet normal -9.700536e-01 2.425581e-01 -1.271193e-02
    outer loop
      vertex   3.236265e+01 -2.472586e+01 -7.015054e+00
      vertex   3.224376e+01 -2.479974e+01 6.472865e-01
      vertex   3.236265e+01 -2.432429e+01 6.472865e-01
    endloop
  endfacet
  facet normal -1.000000e+00 -1.498163e-14 -8.488028e-15
    outer loop
      vertex   3.236265e+01 -2.472586e+01 -7.015054e+00
      vertex   3.236265e+01 -2.432429e+01 6.472865e-01
      vertex   3.236265e+01 -2.423707e+01 -7.040670e+00
    endloop
  endfacet
  facet normal -1.000000e+00 -1.449697e-14 -8.482529e-15
    outer loop
      vertex   3.236265e+01 -2.423707e+01 -7.040670e+00
      vertex   3.236265e+01 -2.432429e+01 6.472865e-01
      vertex   3.236265e+01 -2.383416e+01 6.472865e-01
    endloop
  endfacet
  facet normal -9.700536e-01 -2.425581e-01 1.271193e-02
    outer loop
      vertex   3.236265e+01 -2.423707e+01 -7.040670e+00
      vertex   3.236265e+01 -2.383416e+01 6.472865e-01
      vertex   3.224376e+01 -2.376292e+01 -7.065519e+00
    endloop
  endfacet
  facet normal -9.700536e-01 -2.425581e-01 1.271193e-02
    outer loop
      vertex   3.224376e+01 -2.376292e+01 -7.065519e+00
      vertex   3.236265e+01 -2.383416e+01 6.472865e-01
      vertex   3.224376e+01 -2.335870e+01 6.472865e-01
    endloop
  endfacet
  facet normal -8.820080e-01 -4.705887e-01 2.466251e-02
    outer loop
      vertex   3.224376e+01 -2.376292e+01 -7.065519e+00
      vertex   3.224376e+01 -2.335870e+01 6.472865e-01
      vertex   3.201311e+01 -2.333180e+01 -7.088113e+00
    endloop
  endfacet
  facet normal -8.820080e-01 -4.705887e-01 2.466251e-02
    outer loop
      vertex   3.201311e+01 -2.333180e+01 -7.088113e+00
      vertex   3.224376e+01 -2.335870e+01 6.472865e-01
      vertex   3.201311e+01 -2.292640e+01 6.472865e-01
    endloop
  endfacet
  facet normal -7.411364e-01 -6.704344e-01 3.513598e-02
    outer loop
      vertex   3.201311e+01 -2.333180e+01 -7.088113e+00
      vertex   3.201311e+01 -2.292640e+01 6.472865e-01
      vertex   3.168451e+01 -2.296954e+01 -7.107098e+00
    endloop
  endfacet
  facet normal -7.411364e-01 -6.704344e-01 3.513598e-02
    outer loop
      vertex   3.168451e+01 -2.296954e+01 -7.107098e+00
      vertex   3.201311e+01 -2.292640e+01 6.472865e-01
      vertex   3.168451e+01 -2.256315e+01 6.472865e-01
    endloop
  endfacet
  facet normal -5.558761e-01 -8.301259e-01 4.350506e-02
    outer loop
      vertex   3.168451e+01 -2.296954e+01 -7.107098e+00
      vertex   3.168451e+01 -2.256315e+01 6.472865e-01
      vertex   3.127764e+01 -2.269783e+01 -7.121338e+00
    endloop
  endfacet
  facet normal -5.558761e-01 -8.301259e-01 4.350506e-02
    outer loop
      vertex   3.127764e+01 -2.269783e+01 -7.121338e+00
      vertex   3.168451e+01 -2.256315e+01 6.472865e-01
      vertex   3.127764e+01 -2.229070e+01 6.472865e-01
    endloop
  endfacet
  facet normal -3.373228e-01 -9.400989e-01 4.926850e-02
    outer loop
      vertex   3.127764e+01 -2.269783e+01 -7.121338e+00
      vertex   3.127764e+01 -2.229070e+01 6.472865e-01
      vertex   3.081687e+01 -2.253295e+01 -7.129979e+00
    endloop
  endfacet
  facet normal -3.373228e-01 -9.400989e-01 4.926850e-02
    outer loop
      vertex   3.081687e+01 -2.253295e+01 -7.129979e+00
      vertex   3.127764e+01 -2.229070e+01 6.472865e-01
      vertex   3.081687e+01 -2.212536e+01 6.472865e-01
    endloop
  endfacet
  facet normal -9.856635e-02 -9.937667e-01 5.208111e-02
    outer loop
      vertex   3.081687e+01 -2.253295e+01 -7.129979e+00
      vertex   3.081687e+01 -2.212536e+01 6.472865e-01
      vertex   3.032979e+01 -2.248478e+01 -7.132504e+00
    endloop
  endfacet
  facet normal -9.856635e-02 -9.937667e-01 5.208111e-02
    outer loop
      vertex   3.032979e+01 -2.248478e+01 -7.132504e+00
      vertex   3.081687e+01 -2.212536e+01 6.472865e-01
      vertex   3.032979e+01 -2.207705e+01 6.472865e-01
    endloop
  endfacet
  facet normal -2.869500e-14 1.000000e+00 4.038212e-14
    outer loop
      vertex   7.339292e+01 -2.548726e+01 8.214003e+00
      vertex   7.334181e+01 -2.548726e+01 7.825774e+00
      vertex   7.074181e+01 -2.548726e+01 7.825774e+00
    endloop
  endfacet
  facet normal -2.869500e-14 1.000000e+00 -4.038212e-14
    outer loop
      vertex   7.074181e+01 -2.548726e+01 7.825774e+00
      vertex   7.334181e+01 -2.548726e+01 7.825774e+00
      vertex   7.339292e+01 -2.548726e+01 7.437546e+00
    endloop
  endfacet
  facet normal -2.272937e-14 1.000000e+00 3.555807e-16
    outer loop
      vertex   7.074181e+01 -2.548726e+01 7.825774e+00
      vertex   7.339292e+01 -2.548726e+01 7.437546e+00
      vertex   7.088151e+01 -2.548726e+01 6.764616e+00
    endloop
  endfacet
  facet normal -2.037294e-14 1.000000e+00 -8.438746e-15
    outer loop
      vertex   7.088151e+01 -2.548726e+01 6.764616e+00
      vertex   7.339292e+01 -2.548726e+01 7.437546e+00
      vertex   7.354277e+01 -2.548726e+01 7.075774e+00
    endloop
  endfacet
  facet normal -2.117428e-14 1.000000e+00 -1.585068e-15
    outer loop
      vertex   7.088151e+01 -2.548726e+01 6.764616e+00
      vertex   7.354277e+01 -2.548726e+01 7.075774e+00
      vertex   7.129110e+01 -2.548726e+01 5.775774e+00
    endloop
  endfacet
  facet normal -2.903444e-14 1.000000e+00 1.202913e-14
    outer loop
      vertex   7.129110e+01 -2.548726e+01 5.775774e+00
      vertex   7.354277e+01 -2.548726e+01 7.075774e+00
      vertex   7.378115e+01 -2.548726e+01 6.765114e+00
    endloop
  endfacet
  facet normal -2.368385e-14 1.000000e+00 -1.437629e-15
    outer loop
      vertex   7.129110e+01 -2.548726e+01 5.775774e+00
      vertex   7.378115e+01 -2.548726e+01 6.765114e+00
      vertex   7.194267e+01 -2.548726e+01 4.926637e+00
    endloop
  endfacet
  facet normal -1.737788e-14 1.000000e+00 -7.743596e-15
    outer loop
      vertex   7.194267e+01 -2.548726e+01 4.926637e+00
      vertex   7.378115e+01 -2.548726e+01 6.765114e+00
      vertex   7.409181e+01 -2.548726e+01 6.526736e+00
    endloop
  endfacet
  facet normal -2.204815e-14 1.000000e+00 -1.470836e-15
    outer loop
      vertex   7.194267e+01 -2.548726e+01 4.926637e+00
      vertex   7.409181e+01 -2.548726e+01 6.526736e+00
      vertex   7.279181e+01 -2.548726e+01 4.275070e+00
    endloop
  endfacet
  facet normal -2.059694e-14 1.000000e+00 -2.308689e-15
    outer loop
      vertex   7.279181e+01 -2.548726e+01 4.275070e+00
      vertex   7.409181e+01 -2.548726e+01 6.526736e+00
      vertex   7.445358e+01 -2.548726e+01 6.376886e+00
    endloop
  endfacet
  facet normal -2.745330e-14 1.000000e+00 3.112199e-15
    outer loop
      vertex   7.279181e+01 -2.548726e+01 4.275070e+00
      vertex   7.445358e+01 -2.548726e+01 6.376886e+00
      vertex   7.378065e+01 -2.548726e+01 3.865479e+00
    endloop
  endfacet
  facet normal -2.705750e-14 1.000000e+00 3.006142e-15
    outer loop
      vertex   7.378065e+01 -2.548726e+01 3.865479e+00
      vertex   7.445358e+01 -2.548726e+01 6.376886e+00
      vertex   7.484181e+01 -2.548726e+01 6.325774e+00
    endloop
  endfacet
  facet normal -2.008775e-14 1.000000e+00 -2.195878e-28
    outer loop
      vertex   7.378065e+01 -2.548726e+01 3.865479e+00
      vertex   7.484181e+01 -2.548726e+01 6.325774e+00
      vertex   7.484181e+01 -2.548726e+01 3.725774e+00
    endloop
  endfacet
  facet normal -2.008775e-14 1.000000e+00 -2.195878e-28
    outer loop
      vertex   7.484181e+01 -2.548726e+01 3.725774e+00
      vertex   7.484181e+01 -2.548726e+01 6.325774e+00
      vertex   7.590297e+01 -2.548726e+01 3.865479e+00
    endloop
  endfacet
  facet normal -1.839812e-14 1.000000e+00 7.287618e-16
    outer loop
      vertex   7.590297e+01 -2.548726e+01 3.865479e+00
      vertex   7.484181e+01 -2.548726e+01 6.325774e+00
      vertex   7.523004e+01 -2.548726e+01 6.376886e+00
    endloop
  endfacet
  facet normal -2.798073e-14 1.000000e+00 -1.838890e-15
    outer loop
      vertex   7.590297e+01 -2.548726e+01 3.865479e+00
      vertex   7.523004e+01 -2.548726e+01 6.376886e+00
      vertex   7.689181e+01 -2.548726e+01 4.275070e+00
    endloop
  endfacet
  facet normal -2.852202e-14 1.000000e+00 -2.266855e-15
    outer loop
      vertex   7.689181e+01 -2.548726e+01 4.275070e+00
      vertex   7.523004e+01 -2.548726e+01 6.376886e+00
      vertex   7.559181e+01 -2.548726e+01 6.526736e+00
    endloop
  endfacet
  facet normal -1.914873e-14 1.000000e+00 3.144815e-15
    outer loop
      vertex   7.689181e+01 -2.548726e+01 4.275070e+00
      vertex   7.559181e+01 -2.548726e+01 6.526736e+00
      vertex   7.774095e+01 -2.548726e+01 4.926637e+00
    endloop
  endfacet
  facet normal -1.653888e-14 1.000000e+00 6.650181e-15
    outer loop
      vertex   7.774095e+01 -2.548726e+01 4.926637e+00
      vertex   7.559181e+01 -2.548726e+01 6.526736e+00
      vertex   7.590247e+01 -2.548726e+01 6.765114e+00
    endloop
  endfacet
  facet normal -2.259044e-14 1.000000e+00 5.986224e-16
    outer loop
      vertex   7.774095e+01 -2.548726e+01 4.926637e+00
      vertex   7.590247e+01 -2.548726e+01 6.765114e+00
      vertex   7.839251e+01 -2.548726e+01 5.775774e+00
    endloop
  endfacet
  facet normal -2.445889e-14 1.000000e+00 -4.104055e-15
    outer loop
      vertex   7.839251e+01 -2.548726e+01 5.775774e+00
      vertex   7.590247e+01 -2.548726e+01 6.765114e+00
      vertex   7.614085e+01 -2.548726e+01 7.075774e+00
    endloop
  endfacet
  facet normal -2.284826e-14 1.000000e+00 -1.314349e-15
    outer loop
      vertex   7.839251e+01 -2.548726e+01 5.775774e+00
      vertex   7.614085e+01 -2.548726e+01 7.075774e+00
      vertex   7.880210e+01 -2.548726e+01 6.764616e+00
    endloop
  endfacet
  facet normal -2.164624e-14 1.000000e+00 8.966168e-15
    outer loop
      vertex   7.880210e+01 -2.548726e+01 6.764616e+00
      vertex   7.614085e+01 -2.548726e+01 7.075774e+00
      vertex   7.629070e+01 -2.548726e+01 7.437546e+00
    endloop
  endfacet
  facet normal -2.409580e-14 1.000000e+00 -1.756870e-16
    outer loop
      vertex   7.880210e+01 -2.548726e+01 6.764616e+00
      vertex   7.629070e+01 -2.548726e+01 7.437546e+00
      vertex   7.894181e+01 -2.548726e+01 7.825774e+00
    endloop
  endfacet
  facet normal -2.186285e-14 1.000000e+00 -1.542388e-14
    outer loop
      vertex   7.894181e+01 -2.548726e+01 7.825774e+00
      vertex   7.629070e+01 -2.548726e+01 7.437546e+00
      vertex   7.634181e+01 -2.548726e+01 7.825774e+00
    endloop
  endfacet
  facet normal -2.186285e-14 1.000000e+00 4.696597e-16
    outer loop
      vertex   7.894181e+01 -2.548726e+01 7.825774e+00
      vertex   7.634181e+01 -2.548726e+01 7.825774e+00
      vertex   7.880210e+01 -2.548726e+01 8.886933e+00
    endloop
  endfacet
  facet normal -2.796623e-14 1.000000e+00 1.462035e-14
    outer loop
      vertex   7.880210e+01 -2.548726e+01 8.886933e+00
      vertex   7.634181e+01 -2.548726e+01 7.825774e+00
      vertex   7.629070e+01 -2.548726e+01 8.214003e+00
    endloop
  endfacet
  facet normal -2.164624e-14 1.000000e+00 -8.966168e-15
    outer loop
      vertex   7.880210e+01 -2.548726e+01 8.886933e+00
      vertex   7.629070e+01 -2.548726e+01 8.214003e+00
      vertex   7.614085e+01 -2.548726e+01 8.575774e+00
    endloop
  endfacet
  facet normal -2.284826e-14 1.000000e+00 1.314349e-15
    outer loop
      vertex   7.880210e+01 -2.548726e+01 8.886933e+00
      vertex   7.614085e+01 -2.548726e+01 8.575774e+00
      vertex   7.839251e+01 -2.548726e+01 9.875774e+00
    endloop
  endfacet
  facet normal -2.445889e-14 1.000000e+00 4.104055e-15
    outer loop
      vertex   7.839251e+01 -2.548726e+01 9.875774e+00
      vertex   7.614085e+01 -2.548726e+01 8.575774e+00
      vertex   7.590247e+01 -2.548726e+01 8.886435e+00
    endloop
  endfacet
  facet normal -2.259044e-14 1.000000e+00 -5.986224e-16
    outer loop
      vertex   7.839251e+01 -2.548726e+01 9.875774e+00
      vertex   7.590247e+01 -2.548726e+01 8.886435e+00
      vertex   7.774095e+01 -2.548726e+01 1.072491e+01
    endloop
  endfacet
  facet normal -1.653888e-14 1.000000e+00 -6.650181e-15
    outer loop
      vertex   7.774095e+01 -2.548726e+01 1.072491e+01
      vertex   7.590247e+01 -2.548726e+01 8.886435e+00
      vertex   7.559181e+01 -2.548726e+01 9.124813e+00
    endloop
  endfacet
  facet normal -1.914873e-14 1.000000e+00 -3.144815e-15
    outer loop
      vertex   7.774095e+01 -2.548726e+01 1.072491e+01
      vertex   7.559181e+01 -2.548726e+01 9.124813e+00
      vertex   7.689181e+01 -2.548726e+01 1.137648e+01
    endloop
  endfacet
  facet normal -2.852202e-14 1.000000e+00 2.266855e-15
    outer loop
      vertex   7.689181e+01 -2.548726e+01 1.137648e+01
      vertex   7.559181e+01 -2.548726e+01 9.124813e+00
      vertex   7.523004e+01 -2.548726e+01 9.274663e+00
    endloop
  endfacet
  facet normal -2.798073e-14 1.000000e+00 1.838890e-15
    outer loop
      vertex   7.689181e+01 -2.548726e+01 1.137648e+01
      vertex   7.523004e+01 -2.548726e+01 9.274663e+00
      vertex   7.590297e+01 -2.548726e+01 1.178607e+01
    endloop
  endfacet
  facet normal -1.839812e-14 1.000000e+00 -7.287618e-16
    outer loop
      vertex   7.590297e+01 -2.548726e+01 1.178607e+01
      vertex   7.523004e+01 -2.548726e+01 9.274663e+00
      vertex   7.484181e+01 -2.548726e+01 9.325774e+00
    endloop
  endfacet
  facet normal -2.008775e-14 1.000000e+00 -2.195878e-28
    outer loop
      vertex   7.590297e+01 -2.548726e+01 1.178607e+01
      vertex   7.484181e+01 -2.548726e+01 9.325774e+00
      vertex   7.484181e+01 -2.548726e+01 1.192577e+01
    endloop
  endfacet
  facet normal -2.008775e-14 1.000000e+00 -2.195878e-28
    outer loop
      vertex   7.484181e+01 -2.548726e+01 1.192577e+01
      vertex   7.484181e+01 -2.548726e+01 9.325774e+00
      vertex   7.378065e+01 -2.548726e+01 1.178607e+01
    endloop
  endfacet
  facet normal -2.705750e-14 1.000000e+00 -3.006142e-15
    outer loop
      vertex   7.378065e+01 -2.548726e+01 1.178607e+01
      vertex   7.484181e+01 -2.548726e+01 9.325774e+00
      vertex   7.445358e+01 -2.548726e+01 9.274663e+00
    endloop
  endfacet
  facet normal -2.745330e-14 1.000000e+00 -3.112199e-15
    outer loop
      vertex   7.378065e+01 -2.548726e+01 1.178607e+01
      vertex   7.445358e+01 -2.548726e+01 9.274663e+00
      vertex   7.279181e+01 -2.548726e+01 1.137648e+01
    endloop
  endfacet
  facet normal -2.059694e-14 1.000000e+00 2.308689e-15
    outer loop
      vertex   7.279181e+01 -2.548726e+01 1.137648e+01
      vertex   7.445358e+01 -2.548726e+01 9.274663e+00
      vertex   7.409181e+01 -2.548726e+01 9.124813e+00
    endloop
  endfacet
  facet normal -2.204815e-14 1.000000e+00 1.470836e-15
    outer loop
      vertex   7.279181e+01 -2.548726e+01 1.137648e+01
      vertex   7.409181e+01 -2.548726e+01 9.124813e+00
      vertex   7.194267e+01 -2.548726e+01 1.072491e+01
    endloop
  endfacet
  facet normal -1.737788e-14 1.000000e+00 7.743596e-15
    outer loop
      vertex   7.194267e+01 -2.548726e+01 1.072491e+01
      vertex   7.409181e+01 -2.548726e+01 9.124813e+00
      vertex   7.378115e+01 -2.548726e+01 8.886435e+00
    endloop
  endfacet
  facet normal -2.368385e-14 1.000000e+00 1.437629e-15
    outer loop
      vertex   7.194267e+01 -2.548726e+01 1.072491e+01
      vertex   7.378115e+01 -2.548726e+01 8.886435e+00
      vertex   7.129110e+01 -2.548726e+01 9.875774e+00
    endloop
  endfacet
  facet normal -2.903444e-14 1.000000e+00 -1.202913e-14
    outer loop
      vertex   7.129110e+01 -2.548726e+01 9.875774e+00
      vertex   7.378115e+01 -2.548726e+01 8.886435e+00
      vertex   7.354277e+01 -2.548726e+01 8.575774e+00
    endloop
  endfacet
  facet normal -2.117428e-14 1.000000e+00 1.585068e-15
    outer loop
      vertex   7.129110e+01 -2.548726e+01 9.875774e+00
      vertex   7.354277e+01 -2.548726e+01 8.575774e+00
      vertex   7.088151e+01 -2.548726e+01 8.886933e+00
    endloop
  endfacet
  facet normal -2.037294e-14 1.000000e+00 8.438746e-15
    outer loop
      vertex   7.088151e+01 -2.548726e+01 8.886933e+00
      vertex   7.354277e+01 -2.548726e+01 8.575774e+00
      vertex   7.339292e+01 -2.548726e+01 8.214003e+00
    endloop
  endfacet
  facet normal -2.272937e-14 1.000000e+00 -3.555807e-16
    outer loop
      vertex   7.088151e+01 -2.548726e+01 8.886933e+00
      vertex   7.339292e+01 -2.548726e+01 8.214003e+00
      vertex   7.074181e+01 -2.548726e+01 7.825774e+00
    endloop
  endfacet
  facet normal 7.631933e-15 -2.377426e-15 -1.000000e+00
    outer loop
      vertex   8.751854e+01 -6.233676e+00 3.668827e+00
      vertex   8.268891e+01 -6.233676e+00 3.668827e+00
      vertex   8.760373e+01 -5.586628e+00 3.668827e+00
    endloop
  endfacet
  facet normal 7.283063e-15 2.725019e-16 -1.000000e+00
    outer loop
      vertex   8.760373e+01 -5.586628e+00 3.668827e+00
      vertex   8.268891e+01 -6.233676e+00 3.668827e+00
      vertex   8.260373e+01 -5.586628e+00 3.668827e+00
    endloop
  endfacet
  facet normal 7.283063e-15 2.331497e-15 -1.000000e+00
    outer loop
      vertex   8.760373e+01 -5.586628e+00 3.668827e+00
      vertex   8.260373e+01 -5.586628e+00 3.668827e+00
      vertex   8.751854e+01 -4.939581e+00 3.668827e+00
    endloop
  endfacet
  facet normal 7.631933e-15 -3.184314e-16 -1.000000e+00
    outer loop
      vertex   8.751854e+01 -4.939581e+00 3.668827e+00
      vertex   8.260373e+01 -5.586628e+00 3.668827e+00
      vertex   8.268891e+01 -4.939581e+00 3.668827e+00
    endloop
  endfacet
  facet normal 7.631933e-15 2.151520e-16 -1.000000e+00
    outer loop
      vertex   8.751854e+01 -4.939581e+00 3.668827e+00
      vertex   8.268891e+01 -4.939581e+00 3.668827e+00
      vertex   8.726879e+01 -4.336628e+00 3.668827e+00
    endloop
  endfacet
  facet normal 7.691851e-15 -2.399709e-16 -1.000000e+00
    outer loop
      vertex   8.726879e+01 -4.336628e+00 3.668827e+00
      vertex   8.268891e+01 -4.939581e+00 3.668827e+00
      vertex   8.293866e+01 -4.336628e+00 3.668827e+00
    endloop
  endfacet
  facet normal 7.691851e-15 -9.594430e-16 -1.000000e+00
    outer loop
      vertex   8.726879e+01 -4.336628e+00 3.668827e+00
      vertex   8.293866e+01 -4.336628e+00 3.668827e+00
      vertex   8.687149e+01 -3.818861e+00 3.668827e+00
    endloop
  endfacet
  facet normal 7.536444e-15 2.209900e-16 -1.000000e+00
    outer loop
      vertex   8.687149e+01 -3.818861e+00 3.668827e+00
      vertex   8.293866e+01 -4.336628e+00 3.668827e+00
      vertex   8.333596e+01 -3.818861e+00 3.668827e+00
    endloop
  endfacet
  facet normal 7.536444e-15 8.794636e-16 -1.000000e+00
    outer loop
      vertex   8.687149e+01 -3.818861e+00 3.668827e+00
      vertex   8.333596e+01 -3.818861e+00 3.668827e+00
      vertex   8.635373e+01 -3.421565e+00 3.668827e+00
    endloop
  endfacet
  facet normal 7.638334e-15 1.055276e-16 -1.000000e+00
    outer loop
      vertex   8.635373e+01 -3.421565e+00 3.668827e+00
      vertex   8.333596e+01 -3.818861e+00 3.668827e+00
      vertex   8.385373e+01 -3.421565e+00 3.668827e+00
    endloop
  endfacet
  facet normal 7.638334e-15 6.592960e-16 -1.000000e+00
    outer loop
      vertex   8.635373e+01 -3.421565e+00 3.668827e+00
      vertex   8.385373e+01 -3.421565e+00 3.668827e+00
      vertex   8.575077e+01 -3.171814e+00 3.668827e+00
    endloop
  endfacet
  facet normal 7.892813e-15 -1.273662e-15 -1.000000e+00
    outer loop
      vertex   8.575077e+01 -3.171814e+00 3.668827e+00
      vertex   8.385373e+01 -3.421565e+00 3.668827e+00
      vertex   8.445668e+01 -3.171814e+00 3.668827e+00
    endloop
  endfacet
  facet normal 7.892813e-15 -2.606603e-15 -1.000000e+00
    outer loop
      vertex   8.575077e+01 -3.171814e+00 3.668827e+00
      vertex   8.445668e+01 -3.171814e+00 3.668827e+00
      vertex   8.510373e+01 -3.086628e+00 3.668827e+00
    endloop
  endfacet
  facet normal 7.631933e-15 2.151520e-16 -1.000000e+00
    outer loop
      vertex   8.268891e+01 -6.233676e+00 3.668827e+00
      vertex   8.751854e+01 -6.233676e+00 3.668827e+00
      vertex   8.293866e+01 -6.836628e+00 3.668827e+00
    endloop
  endfacet
  facet normal 7.691851e-15 -2.399709e-16 -1.000000e+00
    outer loop
      vertex   8.293866e+01 -6.836628e+00 3.668827e+00
      vertex   8.751854e+01 -6.233676e+00 3.668827e+00
      vertex   8.726879e+01 -6.836628e+00 3.668827e+00
    endloop
  endfacet
  facet normal 7.691851e-15 -1.017420e-16 -1.000000e+00
    outer loop
      vertex   8.293866e+01 -6.836628e+00 3.668827e+00
      vertex   8.726879e+01 -6.836628e+00 3.668827e+00
      vertex   8.333596e+01 -7.354395e+00 3.668827e+00
    endloop
  endfacet
  facet normal 7.536444e-15 1.078691e-15 -1.000000e+00
    outer loop
      vertex   8.333596e+01 -7.354395e+00 3.668827e+00
      vertex   8.726879e+01 -6.836628e+00 3.668827e+00
      vertex   8.687149e+01 -7.354395e+00 3.668827e+00
    endloop
  endfacet
  facet normal 7.536444e-15 -2.383140e-16 -1.000000e+00
    outer loop
      vertex   8.333596e+01 -7.354395e+00 3.668827e+00
      vertex   8.687149e+01 -7.354395e+00 3.668827e+00
      vertex   8.385373e+01 -7.751692e+00 3.668827e+00
    endloop
  endfacet
  facet normal 7.638334e-15 -1.012250e-15 -1.000000e+00
    outer loop
      vertex   8.385373e+01 -7.751692e+00 3.668827e+00
      vertex   8.687149e+01 -7.354395e+00 3.668827e+00
      vertex   8.635373e+01 -7.751692e+00 3.668827e+00
    endloop
  endfacet
  facet normal 7.638334e-15 6.592960e-16 -1.000000e+00
    outer loop
      vertex   8.385373e+01 -7.751692e+00 3.668827e+00
      vertex   8.635373e+01 -7.751692e+00 3.668827e+00
      vertex   8.445668e+01 -8.001443e+00 3.668827e+00
    endloop
  endfacet
  facet normal 7.892813e-15 -1.273662e-15 -1.000000e+00
    outer loop
      vertex   8.445668e+01 -8.001443e+00 3.668827e+00
      vertex   8.635373e+01 -7.751692e+00 3.668827e+00
      vertex   8.575077e+01 -8.001443e+00 3.668827e+00
    endloop
  endfacet
  facet normal 7.892813e-15 2.606603e-15 -1.000000e+00
    outer loop
      vertex   8.445668e+01 -8.001443e+00 3.668827e+00
      vertex   8.575077e+01 -8.001443e+00 3.668827e+00
      vertex   8.510373e+01 -8.086628e+00 3.668827e+00
    endloop
  endfacet
  facet normal 8.850385e-15 -5.233596e-02 -9.986295e-01
    outer loop
      vertex   1.472525e+02 -1.378093e+01 4.223255e-01
      vertex   1.433888e+02 -1.378093e+01 4.223255e-01
      vertex   1.473206e+02 -1.326400e+01 3.952344e-01
    endloop
  endfacet
  facet normal 8.623017e-15 -5.233596e-02 -9.986295e-01
    outer loop
      vertex   1.473206e+02 -1.326400e+01 3.952344e-01
      vertex   1.433888e+02 -1.378093e+01 4.223255e-01
      vertex   1.433206e+02 -1.326400e+01 3.952344e-01
    endloop
  endfacet
  facet normal 8.623017e-15 -5.233596e-02 -9.986295e-01
    outer loop
      vertex   1.473206e+02 -1.326400e+01 3.952344e-01
      vertex   1.433206e+02 -1.326400e+01 3.952344e-01
      vertex   1.472525e+02 -1.274707e+01 3.681433e-01
    endloop
  endfacet
  facet normal 8.831404e-15 -5.233596e-02 -9.986295e-01
    outer loop
      vertex   1.472525e+02 -1.274707e+01 3.681433e-01
      vertex   1.433206e+02 -1.326400e+01 3.952344e-01
      vertex   1.433888e+02 -1.274707e+01 3.681433e-01
    endloop
  endfacet
  facet normal 8.831404e-15 -5.233596e-02 -9.986295e-01
    outer loop
      vertex   1.472525e+02 -1.274707e+01 3.681433e-01
      vertex   1.433888e+02 -1.274707e+01 3.681433e-01
      vertex   1.470527e+02 -1.226537e+01 3.428985e-01
    endloop
  endfacet
  facet normal 8.867820e-15 -5.233596e-02 -9.986295e-01
    outer loop
      vertex   1.470527e+02 -1.226537e+01 3.428985e-01
      vertex   1.433888e+02 -1.274707e+01 3.681433e-01
      vertex   1.435886e+02 -1.226537e+01 3.428985e-01
    endloop
  endfacet
  facet normal 8.867820e-15 -5.233596e-02 -9.986295e-01
    outer loop
      vertex   1.470527e+02 -1.226537e+01 3.428985e-01
      vertex   1.435886e+02 -1.226537e+01 3.428985e-01
      vertex   1.467349e+02 -1.185172e+01 3.212202e-01
    endloop
  endfacet
  facet normal 8.873130e-15 -5.233596e-02 -9.986295e-01
    outer loop
      vertex   1.467349e+02 -1.185172e+01 3.212202e-01
      vertex   1.435886e+02 -1.226537e+01 3.428985e-01
      vertex   1.439064e+02 -1.185172e+01 3.212202e-01
    endloop
  endfacet
  facet normal 8.873130e-15 -5.233596e-02 -9.986295e-01
    outer loop
      vertex   1.467349e+02 -1.185172e+01 3.212202e-01
      vertex   1.439064e+02 -1.185172e+01 3.212202e-01
      vertex   1.463206e+02 -1.153432e+01 3.045859e-01
    endloop
  endfacet
  facet normal 8.803181e-15 -5.233596e-02 -9.986295e-01
    outer loop
      vertex   1.463206e+02 -1.153432e+01 3.045859e-01
      vertex   1.439064e+02 -1.185172e+01 3.212202e-01
      vertex   1.443206e+02 -1.153432e+01 3.045859e-01
    endloop
  endfacet
  facet normal 8.803181e-15 -5.233596e-02 -9.986295e-01
    outer loop
      vertex   1.463206e+02 -1.153432e+01 3.045859e-01
      vertex   1.443206e+02 -1.153432e+01 3.045859e-01
      vertex   1.458383e+02 -1.133479e+01 2.941291e-01
    endloop
  endfacet
  facet normal 8.770950e-15 -5.233596e-02 -9.986295e-01
    outer loop
      vertex   1.458383e+02 -1.133479e+01 2.941291e-01
      vertex   1.443206e+02 -1.153432e+01 3.045859e-01
      vertex   1.448030e+02 -1.133479e+01 2.941291e-01
    endloop
  endfacet
  facet normal 8.770950e-15 -5.233596e-02 -9.986295e-01
    outer loop
      vertex   1.458383e+02 -1.133479e+01 2.941291e-01
      vertex   1.448030e+02 -1.133479e+01 2.941291e-01
      vertex   1.453206e+02 -1.126674e+01 2.905625e-01
    endloop
  endfacet
  facet normal 8.850385e-15 -5.233596e-02 -9.986295e-01
    outer loop
      vertex   1.433888e+02 -1.378093e+01 4.223255e-01
      vertex   1.472525e+02 -1.378093e+01 4.223255e-01
      vertex   1.435886e+02 -1.426263e+01 4.475704e-01
    endloop
  endfacet
  facet normal 8.910660e-15 -5.233596e-02 -9.986295e-01
    outer loop
      vertex   1.435886e+02 -1.426263e+01 4.475704e-01
      vertex   1.472525e+02 -1.378093e+01 4.223255e-01
      vertex   1.470527e+02 -1.426263e+01 4.475704e-01
    endloop
  endfacet
  facet normal 8.910660e-15 -5.233596e-02 -9.986295e-01
    outer loop
      vertex   1.435886e+02 -1.426263e+01 4.475704e-01
      vertex   1.470527e+02 -1.426263e+01 4.475704e-01
      vertex   1.439064e+02 -1.467627e+01 4.692487e-01
    endloop
  endfacet
  facet normal 8.859861e-15 -5.233596e-02 -9.986295e-01
    outer loop
      vertex   1.439064e+02 -1.467627e+01 4.692487e-01
      vertex   1.470527e+02 -1.426263e+01 4.475704e-01
      vertex   1.467349e+02 -1.467627e+01 4.692487e-01
    endloop
  endfacet
  facet normal 8.859861e-15 -5.233596e-02 -9.986295e-01
    outer loop
      vertex   1.439064e+02 -1.467627e+01 4.692487e-01
      vertex   1.467349e+02 -1.467627e+01 4.692487e-01
      vertex   1.443206e+02 -1.499368e+01 4.858830e-01
    endloop
  endfacet
  facet normal 8.765648e-15 -5.233596e-02 -9.986295e-01
    outer loop
      vertex   1.443206e+02 -1.499368e+01 4.858830e-01
      vertex   1.467349e+02 -1.467627e+01 4.692487e-01
      vertex   1.463206e+02 -1.499368e+01 4.858830e-01
    endloop
  endfacet
  facet normal 8.765648e-15 -5.233596e-02 -9.986295e-01
    outer loop
      vertex   1.443206e+02 -1.499368e+01 4.858830e-01
      vertex   1.463206e+02 -1.499368e+01 4.858830e-01
      vertex   1.448030e+02 -1.519320e+01 4.963397e-01
    endloop
  endfacet
  facet normal 8.824497e-15 -5.233596e-02 -9.986295e-01
    outer loop
      vertex   1.448030e+02 -1.519320e+01 4.963397e-01
      vertex   1.463206e+02 -1.499368e+01 4.858830e-01
      vertex   1.458383e+02 -1.519320e+01 4.963397e-01
    endloop
  endfacet
  facet normal 8.824497e-15 -5.233596e-02 -9.986295e-01
    outer loop
      vertex   1.448030e+02 -1.519320e+01 4.963397e-01
      vertex   1.458383e+02 -1.519320e+01 4.963397e-01
      vertex   1.453206e+02 -1.526126e+01 4.999063e-01
    endloop
  endfacet
  facet normal 8.933677e-15 -5.233596e-02 -9.986295e-01
    outer loop
      vertex   1.359816e+02 -2.863997e+00 -1.498065e-01
      vertex   1.328159e+02 -2.643738e+00 -1.613498e-01
      vertex   1.356390e+02 -2.470587e+00 -1.704243e-01
    endloop
  endfacet
  facet normal 9.053717e-15 -5.233596e-02 -9.986295e-01
    outer loop
      vertex   1.356390e+02 -2.470587e+00 -1.704243e-01
      vertex   1.328159e+02 -2.643738e+00 -1.613498e-01
      vertex   1.332098e+02 -2.301576e+00 -1.792818e-01
    endloop
  endfacet
  facet normal 8.957776e-15 -5.233596e-02 -9.986295e-01
    outer loop
      vertex   1.356390e+02 -2.470587e+00 -1.704243e-01
      vertex   1.332098e+02 -2.301576e+00 -1.792818e-01
      vertex   1.352060e+02 -2.179140e+00 -1.856984e-01
    endloop
  endfacet
  facet normal 8.840714e-15 -5.233596e-02 -9.986295e-01
    outer loop
      vertex   1.352060e+02 -2.179140e+00 -1.856984e-01
      vertex   1.332098e+02 -2.301576e+00 -1.792818e-01
      vertex   1.336790e+02 -2.072895e+00 -1.912664e-01
    endloop
  endfacet
  facet normal 8.825137e-15 -5.233596e-02 -9.986295e-01
    outer loop
      vertex   1.352060e+02 -2.179140e+00 -1.856984e-01
      vertex   1.336790e+02 -2.072895e+00 -1.912664e-01
      vertex   1.347123e+02 -2.009517e+00 -1.945879e-01
    endloop
  endfacet
  facet normal 8.806063e-15 -5.233596e-02 -9.986295e-01
    outer loop
      vertex   1.347123e+02 -2.009517e+00 -1.945879e-01
      vertex   1.336790e+02 -2.072895e+00 -1.912664e-01
      vertex   1.341915e+02 -1.973279e+00 -1.964871e-01
    endloop
  endfacet
  facet normal 8.826081e-15 -5.233596e-02 -9.986295e-01
    outer loop
      vertex   1.328159e+02 -2.643738e+00 -1.613498e-01
      vertex   1.359816e+02 -2.863997e+00 -1.498065e-01
      vertex   1.325240e+02 -3.076063e+00 -1.386926e-01
    endloop
  endfacet
  facet normal 8.828301e-15 -5.233596e-02 -9.986295e-01
    outer loop
      vertex   1.325240e+02 -3.076063e+00 -1.386926e-01
      vertex   1.359816e+02 -2.863997e+00 -1.498065e-01
      vertex   1.362106e+02 -3.332561e+00 -1.252501e-01
    endloop
  endfacet
  facet normal 8.825321e-15 -5.233596e-02 -9.986295e-01
    outer loop
      vertex   1.325240e+02 -3.076063e+00 -1.386926e-01
      vertex   1.362106e+02 -3.332561e+00 -1.252501e-01
      vertex   1.323542e+02 -3.569090e+00 -1.128542e-01
    endloop
  endfacet
  facet normal 8.818900e-15 -5.233596e-02 -9.986295e-01
    outer loop
      vertex   1.323542e+02 -3.569090e+00 -1.128542e-01
      vertex   1.362106e+02 -3.332561e+00 -1.252501e-01
      vertex   1.363103e+02 -3.844345e+00 -9.842864e-02
    endloop
  endfacet
  facet normal 8.814569e-15 -5.233596e-02 -9.986295e-01
    outer loop
      vertex   1.323542e+02 -3.569090e+00 -1.128542e-01
      vertex   1.363103e+02 -3.844345e+00 -9.842864e-02
      vertex   1.323179e+02 -4.089218e+00 -8.559541e-02
    endloop
  endfacet
  facet normal 8.815197e-15 -5.233596e-02 -9.986295e-01
    outer loop
      vertex   1.323179e+02 -4.089218e+00 -8.559541e-02
      vertex   1.363103e+02 -3.844345e+00 -9.842864e-02
      vertex   1.362741e+02 -4.364474e+00 -7.116986e-02
    endloop
  endfacet
  facet normal 8.818033e-15 -5.233596e-02 -9.986295e-01
    outer loop
      vertex   1.323179e+02 -4.089218e+00 -8.559541e-02
      vertex   1.362741e+02 -4.364474e+00 -7.116986e-02
      vertex   1.324176e+02 -4.601002e+00 -5.877392e-02
    endloop
  endfacet
  facet normal 8.822064e-15 -5.233596e-02 -9.986295e-01
    outer loop
      vertex   1.324176e+02 -4.601002e+00 -5.877392e-02
      vertex   1.362741e+02 -4.364474e+00 -7.116986e-02
      vertex   1.361042e+02 -4.857500e+00 -4.533145e-02
    endloop
  endfacet
  facet normal 8.828041e-15 -5.233596e-02 -9.986295e-01
    outer loop
      vertex   1.324176e+02 -4.601002e+00 -5.877392e-02
      vertex   1.361042e+02 -4.857500e+00 -4.533145e-02
      vertex   1.326466e+02 -5.069566e+00 -3.421755e-02
    endloop
  endfacet
  facet normal 8.828197e-15 -5.233596e-02 -9.986295e-01
    outer loop
      vertex   1.326466e+02 -5.069566e+00 -3.421755e-02
      vertex   1.361042e+02 -4.857500e+00 -4.533145e-02
      vertex   1.358124e+02 -5.289825e+00 -2.267424e-02
    endloop
  endfacet
  facet normal 8.813742e-15 -5.233596e-02 -9.986295e-01
    outer loop
      vertex   1.326466e+02 -5.069566e+00 -3.421755e-02
      vertex   1.358124e+02 -5.289825e+00 -2.267424e-02
      vertex   1.329892e+02 -5.462976e+00 -1.359978e-02
    endloop
  endfacet
  facet normal 8.815645e-15 -5.233596e-02 -9.986295e-01
    outer loop
      vertex   1.329892e+02 -5.462976e+00 -1.359978e-02
      vertex   1.358124e+02 -5.289825e+00 -2.267424e-02
      vertex   1.354184e+02 -5.631988e+00 -4.742283e-03
    endloop
  endfacet
  facet normal 8.826104e-15 -5.233596e-02 -9.986295e-01
    outer loop
      vertex   1.329892e+02 -5.462976e+00 -1.359978e-02
      vertex   1.354184e+02 -5.631988e+00 -4.742283e-03
      vertex   1.334222e+02 -5.754424e+00 1.674328e-03
    endloop
  endfacet
  facet normal 8.815481e-15 -5.233596e-02 -9.986295e-01
    outer loop
      vertex   1.334222e+02 -5.754424e+00 1.674328e-03
      vertex   1.354184e+02 -5.631988e+00 -4.742283e-03
      vertex   1.349492e+02 -5.860669e+00 7.242383e-03
    endloop
  endfacet
  facet normal 8.790019e-15 -5.233596e-02 -9.986295e-01
    outer loop
      vertex   1.334222e+02 -5.754424e+00 1.674328e-03
      vertex   1.349492e+02 -5.860669e+00 7.242383e-03
      vertex   1.339159e+02 -5.924046e+00 1.056387e-02
    endloop
  endfacet
  facet normal 8.774560e-15 -5.233596e-02 -9.986295e-01
    outer loop
      vertex   1.339159e+02 -5.924046e+00 1.056387e-02
      vertex   1.349492e+02 -5.860669e+00 7.242383e-03
      vertex   1.344367e+02 -5.960284e+00 1.246303e-02
    endloop
  endfacet
  facet normal 8.753621e-15 -5.233596e-02 -9.986295e-01
    outer loop
      vertex   8.816745e+01 -2.748176e+01 1.140356e+00
      vertex   8.764981e+01 -2.741370e+01 1.136789e+00
      vertex   8.868509e+01 -2.741370e+01 1.136789e+00
    endloop
  endfacet
  facet normal 8.753658e-15 -5.233596e-02 -9.986295e-01
    outer loop
      vertex   8.868509e+01 -2.741370e+01 1.136789e+00
      vertex   8.764981e+01 -2.741370e+01 1.136789e+00
      vertex   8.916745e+01 -2.721417e+01 1.126332e+00
    endloop
  endfacet
  facet normal 8.747746e-15 -5.233596e-02 -9.986295e-01
    outer loop
      vertex   8.916745e+01 -2.721417e+01 1.126332e+00
      vertex   8.764981e+01 -2.741370e+01 1.136789e+00
      vertex   8.716745e+01 -2.721417e+01 1.126332e+00
    endloop
  endfacet
  facet normal 8.747746e-15 -5.233596e-02 -9.986295e-01
    outer loop
      vertex   8.916745e+01 -2.721417e+01 1.126332e+00
      vertex   8.716745e+01 -2.721417e+01 1.126332e+00
      vertex   8.958167e+01 -2.689677e+01 1.109698e+00
    endloop
  endfacet
  facet normal 8.722056e-15 -5.233596e-02 -9.986295e-01
    outer loop
      vertex   8.958167e+01 -2.689677e+01 1.109698e+00
      vertex   8.716745e+01 -2.721417e+01 1.126332e+00
      vertex   8.675324e+01 -2.689677e+01 1.109698e+00
    endloop
  endfacet
  facet normal 8.722056e-15 -5.233596e-02 -9.986295e-01
    outer loop
      vertex   8.958167e+01 -2.689677e+01 1.109698e+00
      vertex   8.675324e+01 -2.689677e+01 1.109698e+00
      vertex   8.989950e+01 -2.648313e+01 1.088020e+00
    endloop
  endfacet
  facet normal 8.798142e-15 -5.233596e-02 -9.986295e-01
    outer loop
      vertex   8.989950e+01 -2.648313e+01 1.088020e+00
      vertex   8.675324e+01 -2.689677e+01 1.109698e+00
      vertex   8.643540e+01 -2.648313e+01 1.088020e+00
    endloop
  endfacet
  facet normal 8.798142e-15 -5.233596e-02 -9.986295e-01
    outer loop
      vertex   8.989950e+01 -2.648313e+01 1.088020e+00
      vertex   8.643540e+01 -2.648313e+01 1.088020e+00
      vertex   9.009930e+01 -2.600142e+01 1.062775e+00
    endloop
  endfacet
  facet normal 8.730523e-15 -5.233596e-02 -9.986295e-01
    outer loop
      vertex   9.009930e+01 -2.600142e+01 1.062775e+00
      vertex   8.643540e+01 -2.648313e+01 1.088020e+00
      vertex   8.623560e+01 -2.600142e+01 1.062775e+00
    endloop
  endfacet
  facet normal 8.730523e-15 -5.233596e-02 -9.986295e-01
    outer loop
      vertex   9.009930e+01 -2.600142e+01 1.062775e+00
      vertex   8.623560e+01 -2.600142e+01 1.062775e+00
      vertex   9.016745e+01 -2.548450e+01 1.035684e+00
    endloop
  endfacet
  facet normal 8.812132e-15 -5.233596e-02 -9.986295e-01
    outer loop
      vertex   9.016745e+01 -2.548450e+01 1.035684e+00
      vertex   8.623560e+01 -2.600142e+01 1.062775e+00
      vertex   8.616745e+01 -2.548450e+01 1.035684e+00
    endloop
  endfacet
  facet normal 8.812132e-15 -5.233596e-02 -9.986295e-01
    outer loop
      vertex   9.016745e+01 -2.548450e+01 1.035684e+00
      vertex   8.616745e+01 -2.548450e+01 1.035684e+00
      vertex   9.009930e+01 -2.496757e+01 1.008593e+00
    endloop
  endfacet
  facet normal 8.826770e-15 -5.233596e-02 -9.986295e-01
    outer loop
      vertex   9.009930e+01 -2.496757e+01 1.008593e+00
      vertex   8.616745e+01 -2.548450e+01 1.035684e+00
      vertex   8.623560e+01 -2.496757e+01 1.008593e+00
    endloop
  endfacet
  facet normal 8.826770e-15 -5.233596e-02 -9.986295e-01
    outer loop
      vertex   9.009930e+01 -2.496757e+01 1.008593e+00
      vertex   8.623560e+01 -2.496757e+01 1.008593e+00
      vertex   8.989950e+01 -2.448587e+01 9.833477e-01
    endloop
  endfacet
  facet normal 8.798142e-15 -5.233596e-02 -9.986295e-01
    outer loop
      vertex   8.989950e+01 -2.448587e+01 9.833477e-01
      vertex   8.623560e+01 -2.496757e+01 1.008593e+00
      vertex   8.643540e+01 -2.448587e+01 9.833477e-01
    endloop
  endfacet
  facet normal 8.798142e-15 -5.233596e-02 -9.986295e-01
    outer loop
      vertex   8.989950e+01 -2.448587e+01 9.833477e-01
      vertex   8.643540e+01 -2.448587e+01 9.833477e-01
      vertex   8.958167e+01 -2.407222e+01 9.616694e-01
    endloop
  endfacet
  facet normal 8.787793e-15 -5.233596e-02 -9.986295e-01
    outer loop
      vertex   8.958167e+01 -2.407222e+01 9.616694e-01
      vertex   8.643540e+01 -2.448587e+01 9.833477e-01
      vertex   8.675324e+01 -2.407222e+01 9.616694e-01
    endloop
  endfacet
  facet normal 8.787793e-15 -5.233596e-02 -9.986295e-01
    outer loop
      vertex   8.958167e+01 -2.407222e+01 9.616694e-01
      vertex   8.675324e+01 -2.407222e+01 9.616694e-01
      vertex   8.916745e+01 -2.375482e+01 9.450351e-01
    endloop
  endfacet
  facet normal 8.858616e-15 -5.233596e-02 -9.986295e-01
    outer loop
      vertex   8.916745e+01 -2.375482e+01 9.450351e-01
      vertex   8.675324e+01 -2.407222e+01 9.616694e-01
      vertex   8.716745e+01 -2.375482e+01 9.450351e-01
    endloop
  endfacet
  facet normal 8.858616e-15 -5.233596e-02 -9.986295e-01
    outer loop
      vertex   8.916745e+01 -2.375482e+01 9.450351e-01
      vertex   8.716745e+01 -2.375482e+01 9.450351e-01
      vertex   8.868509e+01 -2.355529e+01 9.345783e-01
    endloop
  endfacet
  facet normal 8.933257e-15 -5.233596e-02 -9.986295e-01
    outer loop
      vertex   8.868509e+01 -2.355529e+01 9.345783e-01
      vertex   8.716745e+01 -2.375482e+01 9.450351e-01
      vertex   8.764981e+01 -2.355529e+01 9.345783e-01
    endloop
  endfacet
  facet normal 8.933257e-15 -5.233596e-02 -9.986295e-01
    outer loop
      vertex   8.868509e+01 -2.355529e+01 9.345783e-01
      vertex   8.764981e+01 -2.355529e+01 9.345783e-01
      vertex   8.816745e+01 -2.348724e+01 9.310117e-01
    endloop
  endfacet
  facet normal -1.139205e-12 1.665008e-07 1.000000e+00
    outer loop
      vertex   1.440564e+02 -1.665770e+01 1.492483e+01
      vertex   1.440547e+02 -1.490026e+01 1.492483e+01
      vertex   1.315555e+02 -1.665770e+01 1.492483e+01
    endloop
  endfacet
  facet normal -1.139652e-12 1.665008e-07 1.000000e+00
    outer loop
      vertex   1.315555e+02 -1.665770e+01 1.492483e+01
      vertex   1.440547e+02 -1.490026e+01 1.492483e+01
      vertex   1.315555e+02 -1.382927e+01 1.492483e+01
    endloop
  endfacet
  facet normal -1.139000e-12 1.665008e-07 1.000000e+00
    outer loop
      vertex   1.315555e+02 -1.382927e+01 1.492483e+01
      vertex   1.440547e+02 -1.490026e+01 1.492483e+01
      vertex   1.440555e+02 -1.382927e+01 1.492483e+01
    endloop
  endfacet
  facet normal 6.790250e-19 1.665008e-07 1.000000e+00
    outer loop
      vertex   1.440555e+02 -1.382927e+01 1.492483e+01
      vertex   1.440547e+02 -1.490026e+01 1.492483e+01
      vertex   1.440555e+02 -1.490026e+01 1.492483e+01
    endloop
  endfacet
  facet normal 1.919170e-11 7.071068e-01 -7.071068e-01
    outer loop
      vertex   1.311315e+02 5.286316e+01 9.137534e+01
      vertex   1.311315e+02 5.081412e+01 8.932630e+01
      vertex   1.307433e+02 5.289930e+01 9.141148e+01
    endloop
  endfacet
  facet normal 1.926914e-11 7.071068e-01 -7.071068e-01
    outer loop
      vertex   1.307433e+02 5.289930e+01 9.141148e+01
      vertex   1.311315e+02 5.081412e+01 8.932630e+01
      vertex   1.307433e+02 5.077798e+01 8.929016e+01
    endloop
  endfacet
  facet normal 1.929525e-11 7.071068e-01 -7.071068e-01
    outer loop
      vertex   1.307433e+02 5.289930e+01 9.141148e+01
      vertex   1.307433e+02 5.077798e+01 8.929016e+01
      vertex   1.303550e+02 5.286316e+01 9.137534e+01
    endloop
  endfacet
  facet normal 1.921702e-11 7.071068e-01 -7.071068e-01
    outer loop
      vertex   1.303550e+02 5.286316e+01 9.137534e+01
      vertex   1.307433e+02 5.077798e+01 8.929016e+01
      vertex   1.303550e+02 5.081412e+01 8.932630e+01
    endloop
  endfacet
  facet normal 1.921534e-11 7.071068e-01 -7.071068e-01
    outer loop
      vertex   1.303550e+02 5.286316e+01 9.137534e+01
      vertex   1.303550e+02 5.081412e+01 8.932630e+01
      vertex   1.299933e+02 5.275720e+01 9.126938e+01
    endloop
  endfacet
  facet normal 1.925690e-11 7.071068e-01 -7.071068e-01
    outer loop
      vertex   1.299933e+02 5.275720e+01 9.126938e+01
      vertex   1.303550e+02 5.081412e+01 8.932630e+01
      vertex   1.299933e+02 5.092009e+01 8.943226e+01
    endloop
  endfacet
  facet normal 1.927652e-11 7.071068e-01 -7.071068e-01
    outer loop
      vertex   1.299933e+02 5.275720e+01 9.126938e+01
      vertex   1.299933e+02 5.092009e+01 8.943226e+01
      vertex   1.296826e+02 5.258864e+01 9.110082e+01
    endloop
  endfacet
  facet normal 1.922629e-11 7.071068e-01 -7.071068e-01
    outer loop
      vertex   1.296826e+02 5.258864e+01 9.110082e+01
      vertex   1.299933e+02 5.092009e+01 8.943226e+01
      vertex   1.296826e+02 5.108864e+01 8.960082e+01
    endloop
  endfacet
  facet normal 1.920742e-11 7.071068e-01 -7.071068e-01
    outer loop
      vertex   1.296826e+02 5.258864e+01 9.110082e+01
      vertex   1.296826e+02 5.108864e+01 8.960082e+01
      vertex   1.294442e+02 5.236897e+01 9.088115e+01
    endloop
  endfacet
  facet normal 1.921770e-11 7.071068e-01 -7.071068e-01
    outer loop
      vertex   1.294442e+02 5.236897e+01 9.088115e+01
      vertex   1.296826e+02 5.108864e+01 8.960082e+01
      vertex   1.294442e+02 5.130831e+01 8.982049e+01
    endloop
  endfacet
  facet normal 1.925440e-11 7.071068e-01 -7.071068e-01
    outer loop
      vertex   1.294442e+02 5.236897e+01 9.088115e+01
      vertex   1.294442e+02 5.130831e+01 8.982049e+01
      vertex   1.292944e+02 5.211316e+01 9.062534e+01
    endloop
  endfacet
  facet normal 1.927699e-11 7.071068e-01 -7.071068e-01
    outer loop
      vertex   1.292944e+02 5.211316e+01 9.062534e+01
      vertex   1.294442e+02 5.130831e+01 8.982049e+01
      vertex   1.292944e+02 5.156412e+01 9.007630e+01
    endloop
  endfacet
  facet normal 1.941422e-11 7.071068e-01 -7.071068e-01
    outer loop
      vertex   1.292944e+02 5.211316e+01 9.062534e+01
      vertex   1.292944e+02 5.156412e+01 9.007630e+01
      vertex   1.292433e+02 5.183864e+01 9.035082e+01
    endloop
  endfacet
  facet normal 1.921534e-11 7.071068e-01 -7.071068e-01
    outer loop
      vertex   1.311315e+02 5.081412e+01 8.932630e+01
      vertex   1.311315e+02 5.286316e+01 9.137534e+01
      vertex   1.314933e+02 5.092009e+01 8.943226e+01
    endloop
  endfacet
  facet normal 1.922760e-11 7.071068e-01 -7.071068e-01
    outer loop
      vertex   1.314933e+02 5.092009e+01 8.943226e+01
      vertex   1.311315e+02 5.286316e+01 9.137534e+01
      vertex   1.314933e+02 5.275720e+01 9.126938e+01
    endloop
  endfacet
  facet normal 1.923092e-11 7.071068e-01 -7.071068e-01
    outer loop
      vertex   1.314933e+02 5.092009e+01 8.943226e+01
      vertex   1.314933e+02 5.275720e+01 9.126938e+01
      vertex   1.318039e+02 5.108864e+01 8.960082e+01
    endloop
  endfacet
  facet normal 1.922831e-11 7.071068e-01 -7.071068e-01
    outer loop
      vertex   1.318039e+02 5.108864e+01 8.960082e+01
      vertex   1.314933e+02 5.275720e+01 9.126938e+01
      vertex   1.318039e+02 5.258864e+01 9.110082e+01
    endloop
  endfacet
  facet normal 1.920435e-11 7.071068e-01 -7.071068e-01
    outer loop
      vertex   1.318039e+02 5.108864e+01 8.960082e+01
      vertex   1.318039e+02 5.258864e+01 9.110082e+01
      vertex   1.320423e+02 5.130831e+01 8.982049e+01
    endloop
  endfacet
  facet normal 1.922205e-11 7.071068e-01 -7.071068e-01
    outer loop
      vertex   1.320423e+02 5.130831e+01 8.982049e+01
      vertex   1.318039e+02 5.258864e+01 9.110082e+01
      vertex   1.320423e+02 5.236897e+01 9.088115e+01
    endloop
  endfacet
  facet normal 1.927984e-11 7.071068e-01 -7.071068e-01
    outer loop
      vertex   1.320423e+02 5.130831e+01 8.982049e+01
      vertex   1.320423e+02 5.236897e+01 9.088115e+01
      vertex   1.321922e+02 5.156412e+01 9.007630e+01
    endloop
  endfacet
  facet normal 1.922785e-11 7.071068e-01 -7.071068e-01
    outer loop
      vertex   1.321922e+02 5.156412e+01 9.007630e+01
      vertex   1.320423e+02 5.236897e+01 9.088115e+01
      vertex   1.321922e+02 5.211316e+01 9.062534e+01
    endloop
  endfacet
  facet normal 1.956249e-11 7.071068e-01 -7.071068e-01
    outer loop
      vertex   1.321922e+02 5.156412e+01 9.007630e+01
      vertex   1.321922e+02 5.211316e+01 9.062534e+01
      vertex   1.322433e+02 5.183864e+01 9.035082e+01
    endloop
  endfacet
  facet normal -1.305262e-01 7.010574e-01 7.010574e-01
    outer loop
      vertex   1.311315e+02 5.470321e+01 8.543721e+01
      vertex   1.307433e+02 5.466707e+01 8.540107e+01
      vertex   1.307433e+02 5.077798e+01 8.929016e+01
    endloop
  endfacet
  facet normal 1.305262e-01 7.010574e-01 7.010574e-01
    outer loop
      vertex   1.307433e+02 5.077798e+01 8.929016e+01
      vertex   1.307433e+02 5.466707e+01 8.540107e+01
      vertex   1.303550e+02 5.470321e+01 8.543721e+01
    endloop
  endfacet
  facet normal 1.305262e-01 7.010574e-01 7.010574e-01
    outer loop
      vertex   1.307433e+02 5.077798e+01 8.929016e+01
      vertex   1.303550e+02 5.470321e+01 8.543721e+01
      vertex   1.303550e+02 5.081412e+01 8.932630e+01
    endloop
  endfacet
  facet normal 3.826834e-01 6.532815e-01 6.532815e-01
    outer loop
      vertex   1.303550e+02 5.081412e+01 8.932630e+01
      vertex   1.303550e+02 5.470321e+01 8.543721e+01
      vertex   1.299933e+02 5.480917e+01 8.554317e+01
    endloop
  endfacet
  facet normal 3.826834e-01 6.532815e-01 6.532815e-01
    outer loop
      vertex   1.303550e+02 5.081412e+01 8.932630e+01
      vertex   1.299933e+02 5.480917e+01 8.554317e+01
      vertex   1.299933e+02 5.092009e+01 8.943226e+01
    endloop
  endfacet
  facet normal 6.087614e-01 5.609855e-01 5.609855e-01
    outer loop
      vertex   1.299933e+02 5.092009e+01 8.943226e+01
      vertex   1.299933e+02 5.480917e+01 8.554317e+01
      vertex   1.296826e+02 5.497773e+01 8.571173e+01
    endloop
  endfacet
  facet normal 6.087614e-01 5.609855e-01 5.609855e-01
    outer loop
      vertex   1.299933e+02 5.092009e+01 8.943226e+01
      vertex   1.296826e+02 5.497773e+01 8.571173e+01
      vertex   1.296826e+02 5.108864e+01 8.960082e+01
    endloop
  endfacet
  facet normal 7.933533e-01 4.304593e-01 4.304593e-01
    outer loop
      vertex   1.296826e+02 5.108864e+01 8.960082e+01
      vertex   1.296826e+02 5.497773e+01 8.571173e+01
      vertex   1.294442e+02 5.519740e+01 8.593140e+01
    endloop
  endfacet
  facet normal 7.933533e-01 4.304593e-01 4.304593e-01
    outer loop
      vertex   1.296826e+02 5.108864e+01 8.960082e+01
      vertex   1.294442e+02 5.519740e+01 8.593140e+01
      vertex   1.294442e+02 5.130831e+01 8.982049e+01
    endloop
  endfacet
  facet normal 9.238795e-01 2.705980e-01 2.705981e-01
    outer loop
      vertex   1.294442e+02 5.130831e+01 8.982049e+01
      vertex   1.294442e+02 5.519740e+01 8.593140e+01
      vertex   1.292944e+02 5.545321e+01 8.618721e+01
    endloop
  endfacet
  facet normal 9.238795e-01 2.705980e-01 2.705981e-01
    outer loop
      vertex   1.294442e+02 5.130831e+01 8.982049e+01
      vertex   1.292944e+02 5.545321e+01 8.618721e+01
      vertex   1.292944e+02 5.156412e+01 9.007630e+01
    endloop
  endfacet
  facet normal 9.914449e-01 9.229595e-02 9.229596e-02
    outer loop
      vertex   1.292944e+02 5.156412e+01 9.007630e+01
      vertex   1.292944e+02 5.545321e+01 8.618721e+01
      vertex   1.292433e+02 5.572773e+01 8.646173e+01
    endloop
  endfacet
  facet normal 9.914449e-01 9.229595e-02 9.229596e-02
    outer loop
      vertex   1.292944e+02 5.156412e+01 9.007630e+01
      vertex   1.292433e+02 5.572773e+01 8.646173e+01
      vertex   1.292433e+02 5.183864e+01 9.035082e+01
    endloop
  endfacet
  facet normal 9.914449e-01 -9.229595e-02 -9.229596e-02
    outer loop
      vertex   1.292433e+02 5.183864e+01 9.035082e+01
      vertex   1.292433e+02 5.572773e+01 8.646173e+01
      vertex   1.292944e+02 5.600225e+01 8.673625e+01
    endloop
  endfacet
  facet normal 9.914449e-01 -9.229595e-02 -9.229596e-02
    outer loop
      vertex   1.292433e+02 5.183864e+01 9.035082e+01
      vertex   1.292944e+02 5.600225e+01 8.673625e+01
      vertex   1.292944e+02 5.211316e+01 9.062534e+01
    endloop
  endfacet
  facet normal 9.238795e-01 -2.705980e-01 -2.705981e-01
    outer loop
      vertex   1.292944e+02 5.211316e+01 9.062534e+01
      vertex   1.292944e+02 5.600225e+01 8.673625e+01
      vertex   1.294442e+02 5.625806e+01 8.699206e+01
    endloop
  endfacet
  facet normal 9.238795e-01 -2.705980e-01 -2.705981e-01
    outer loop
      vertex   1.292944e+02 5.211316e+01 9.062534e+01
      vertex   1.294442e+02 5.625806e+01 8.699206e+01
      vertex   1.294442e+02 5.236897e+01 9.088115e+01
    endloop
  endfacet
  facet normal 7.933533e-01 -4.304593e-01 -4.304593e-01
    outer loop
      vertex   1.294442e+02 5.236897e+01 9.088115e+01
      vertex   1.294442e+02 5.625806e+01 8.699206e+01
      vertex   1.296826e+02 5.647773e+01 8.721173e+01
    endloop
  endfacet
  facet normal 7.933533e-01 -4.304593e-01 -4.304593e-01
    outer loop
      vertex   1.294442e+02 5.236897e+01 9.088115e+01
      vertex   1.296826e+02 5.647773e+01 8.721173e+01
      vertex   1.296826e+02 5.258864e+01 9.110082e+01
    endloop
  endfacet
  facet normal 6.087614e-01 -5.609855e-01 -5.609855e-01
    outer loop
      vertex   1.296826e+02 5.258864e+01 9.110082e+01
      vertex   1.296826e+02 5.647773e+01 8.721173e+01
      vertex   1.299933e+02 5.664629e+01 8.738029e+01
    endloop
  endfacet
  facet normal 6.087614e-01 -5.609855e-01 -5.609855e-01
    outer loop
      vertex   1.296826e+02 5.258864e+01 9.110082e+01
      vertex   1.299933e+02 5.664629e+01 8.738029e+01
      vertex   1.299933e+02 5.275720e+01 9.126938e+01
    endloop
  endfacet
  facet normal 3.826834e-01 -6.532815e-01 -6.532815e-01
    outer loop
      vertex   1.299933e+02 5.275720e+01 9.126938e+01
      vertex   1.299933e+02 5.664629e+01 8.738029e+01
      vertex   1.303550e+02 5.675225e+01 8.748625e+01
    endloop
  endfacet
  facet normal 3.826834e-01 -6.532815e-01 -6.532815e-01
    outer loop
      vertex   1.299933e+02 5.275720e+01 9.126938e+01
      vertex   1.303550e+02 5.675225e+01 8.748625e+01
      vertex   1.303550e+02 5.286316e+01 9.137534e+01
    endloop
  endfacet
  facet normal 1.305262e-01 -7.010574e-01 -7.010574e-01
    outer loop
      vertex   1.303550e+02 5.286316e+01 9.137534e+01
      vertex   1.303550e+02 5.675225e+01 8.748625e+01
      vertex   1.307433e+02 5.289930e+01 9.141148e+01
    endloop
  endfacet
  facet normal 1.305262e-01 -7.010574e-01 -7.010574e-01
    outer loop
      vertex   1.307433e+02 5.289930e+01 9.141148e+01
      vertex   1.303550e+02 5.675225e+01 8.748625e+01
      vertex   1.307433e+02 5.678839e+01 8.752239e+01
    endloop
  endfacet
  facet normal -1.305262e-01 -7.010574e-01 -7.010574e-01
    outer loop
      vertex   1.307433e+02 5.289930e+01 9.141148e+01
      vertex   1.307433e+02 5.678839e+01 8.752239e+01
      vertex   1.311315e+02 5.286316e+01 9.137534e+01
    endloop
  endfacet
  facet normal -1.305262e-01 -7.010574e-01 -7.010574e-01
    outer loop
      vertex   1.311315e+02 5.286316e+01 9.137534e+01
      vertex   1.307433e+02 5.678839e+01 8.752239e+01
      vertex   1.311315e+02 5.675225e+01 8.748625e+01
    endloop
  endfacet
  facet normal -3.826834e-01 -6.532815e-01 -6.532815e-01
    outer loop
      vertex   1.311315e+02 5.286316e+01 9.137534e+01
      vertex   1.311315e+02 5.675225e+01 8.748625e+01
      vertex   1.314933e+02 5.275720e+01 9.126938e+01
    endloop
  endfacet
  facet normal -3.826834e-01 -6.532815e-01 -6.532815e-01
    outer loop
      vertex   1.314933e+02 5.275720e+01 9.126938e+01
      vertex   1.311315e+02 5.675225e+01 8.748625e+01
      vertex   1.314933e+02 5.664629e+01 8.738029e+01
    endloop
  endfacet
  facet normal -6.087614e-01 -5.609855e-01 -5.609855e-01
    outer loop
      vertex   1.314933e+02 5.275720e+01 9.126938e+01
      vertex   1.314933e+02 5.664629e+01 8.738029e+01
      vertex   1.318039e+02 5.258864e+01 9.110082e+01
    endloop
  endfacet
  facet normal -6.087614e-01 -5.609855e-01 -5.609855e-01
    outer loop
      vertex   1.318039e+02 5.258864e+01 9.110082e+01
      vertex   1.314933e+02 5.664629e+01 8.738029e+01
      vertex   1.318039e+02 5.647773e+01 8.721173e+01
    endloop
  endfacet
  facet normal -7.933533e-01 -4.304593e-01 -4.304593e-01
    outer loop
      vertex   1.318039e+02 5.258864e+01 9.110082e+01
      vertex   1.318039e+02 5.647773e+01 8.721173e+01
      vertex   1.320423e+02 5.236897e+01 9.088115e+01
    endloop
  endfacet
  facet normal -7.933533e-01 -4.304593e-01 -4.304593e-01
    outer loop
      vertex   1.320423e+02 5.236897e+01 9.088115e+01
      vertex   1.318039e+02 5.647773e+01 8.721173e+01
      vertex   1.320423e+02 5.625806e+01 8.699206e+01
    endloop
  endfacet
  facet normal -9.238795e-01 -2.705980e-01 -2.705981e-01
    outer loop
      vertex   1.320423e+02 5.236897e+01 9.088115e+01
      vertex   1.320423e+02 5.625806e+01 8.699206e+01
      vertex   1.321922e+02 5.211316e+01 9.062534e+01
    endloop
  endfacet
  facet normal -9.238795e-01 -2.705980e-01 -2.705981e-01
    outer loop
      vertex   1.321922e+02 5.211316e+01 9.062534e+01
      vertex   1.320423e+02 5.625806e+01 8.699206e+01
      vertex   1.321922e+02 5.600225e+01 8.673625e+01
    endloop
  endfacet
  facet normal -9.914449e-01 -9.229595e-02 -9.229596e-02
    outer loop
      vertex   1.321922e+02 5.211316e+01 9.062534e+01
      vertex   1.321922e+02 5.600225e+01 8.673625e+01
      vertex   1.322433e+02 5.183864e+01 9.035082e+01
    endloop
  endfacet
  facet normal -9.914449e-01 -9.229595e-02 -9.229596e-02
    outer loop
      vertex   1.322433e+02 5.183864e+01 9.035082e+01
      vertex   1.321922e+02 5.600225e+01 8.673625e+01
      vertex   1.322433e+02 5.572773e+01 8.646173e+01
    endloop
  endfacet
  facet normal -9.914449e-01 9.229595e-02 9.229596e-02
    outer loop
      vertex   1.322433e+02 5.183864e+01 9.035082e+01
      vertex   1.322433e+02 5.572773e+01 8.646173e+01
      vertex   1.321922e+02 5.156412e+01 9.007630e+01
    endloop
  endfacet
  facet normal -9.914449e-01 9.229595e-02 9.229596e-02
    outer loop
      vertex   1.321922e+02 5.156412e+01 9.007630e+01
      vertex   1.322433e+02 5.572773e+01 8.646173e+01
      vertex   1.321922e+02 5.545321e+01 8.618721e+01
    endloop
  endfacet
  facet normal -9.238795e-01 2.705980e-01 2.705981e-01
    outer loop
      vertex   1.321922e+02 5.156412e+01 9.007630e+01
      vertex   1.321922e+02 5.545321e+01 8.618721e+01
      vertex   1.320423e+02 5.130831e+01 8.982049e+01
    endloop
  endfacet
  facet normal -9.238795e-01 2.705980e-01 2.705981e-01
    outer loop
      vertex   1.320423e+02 5.130831e+01 8.982049e+01
      vertex   1.321922e+02 5.545321e+01 8.618721e+01
      vertex   1.320423e+02 5.519740e+01 8.593140e+01
    endloop
  endfacet
  facet normal -7.933533e-01 4.304593e-01 4.304593e-01
    outer loop
      vertex   1.320423e+02 5.130831e+01 8.982049e+01
      vertex   1.320423e+02 5.519740e+01 8.593140e+01
      vertex   1.318039e+02 5.108864e+01 8.960082e+01
    endloop
  endfacet
  facet normal -7.933533e-01 4.304593e-01 4.304593e-01
    outer loop
      vertex   1.318039e+02 5.108864e+01 8.960082e+01
      vertex   1.320423e+02 5.519740e+01 8.593140e+01
      vertex   1.318039e+02 5.497773e+01 8.571173e+01
    endloop
  endfacet
  facet normal -6.087614e-01 5.609855e-01 5.609855e-01
    outer loop
      vertex   1.318039e+02 5.108864e+01 8.960082e+01
      vertex   1.318039e+02 5.497773e+01 8.571173e+01
      vertex   1.314933e+02 5.092009e+01 8.943226e+01
    endloop
  endfacet
  facet normal -6.087614e-01 5.609855e-01 5.609855e-01
    outer loop
      vertex   1.314933e+02 5.092009e+01 8.943226e+01
      vertex   1.318039e+02 5.497773e+01 8.571173e+01
      vertex   1.314933e+02 5.480917e+01 8.554317e+01
    endloop
  endfacet
  facet normal -3.826834e-01 6.532815e-01 6.532815e-01
    outer loop
      vertex   1.314933e+02 5.092009e+01 8.943226e+01
      vertex   1.314933e+02 5.480917e+01 8.554317e+01
      vertex   1.311315e+02 5.081412e+01 8.932630e+01
    endloop
  endfacet
  facet normal -3.826834e-01 6.532815e-01 6.532815e-01
    outer loop
      vertex   1.311315e+02 5.081412e+01 8.932630e+01
      vertex   1.314933e+02 5.480917e+01 8.554317e+01
      vertex   1.311315e+02 5.470321e+01 8.543721e+01
    endloop
  endfacet
  facet normal -1.305262e-01 7.010574e-01 7.010574e-01
    outer loop
      vertex   1.311315e+02 5.081412e+01 8.932630e+01
      vertex   1.311315e+02 5.470321e+01 8.543721e+01
      vertex   1.307433e+02 5.077798e+01 8.929016e+01
    endloop
  endfacet
  facet normal 1.919842e-11 7.071068e-01 -7.071068e-01
    outer loop
      vertex   1.366669e+02 -1.667963e+00 3.684421e+01
      vertex   1.366669e+02 -3.717002e+00 3.479517e+01
      vertex   1.362787e+02 -1.631822e+00 3.688035e+01
    endloop
  endfacet
  facet normal 1.922949e-11 7.071068e-01 -7.071068e-01
    outer loop
      vertex   1.362787e+02 -1.631822e+00 3.688035e+01
      vertex   1.366669e+02 -3.717002e+00 3.479517e+01
      vertex   1.362787e+02 -3.753143e+00 3.475903e+01
    endloop
  endfacet
  facet normal 1.926629e-11 7.071068e-01 -7.071068e-01
    outer loop
      vertex   1.362787e+02 -1.631822e+00 3.688035e+01
      vertex   1.362787e+02 -3.753143e+00 3.475903e+01
      vertex   1.358904e+02 -1.667963e+00 3.684421e+01
    endloop
  endfacet
  facet normal 1.923597e-11 7.071068e-01 -7.071068e-01
    outer loop
      vertex   1.358904e+02 -1.667963e+00 3.684421e+01
      vertex   1.362787e+02 -3.753143e+00 3.475903e+01
      vertex   1.358904e+02 -3.717002e+00 3.479517e+01
    endloop
  endfacet
  facet normal 1.924272e-11 7.071068e-01 -7.071068e-01
    outer loop
      vertex   1.358904e+02 -1.667963e+00 3.684421e+01
      vertex   1.358904e+02 -3.717002e+00 3.479517e+01
      vertex   1.355287e+02 -1.773924e+00 3.673825e+01
    endloop
  endfacet
  facet normal 1.924414e-11 7.071068e-01 -7.071068e-01
    outer loop
      vertex   1.355287e+02 -1.773924e+00 3.673825e+01
      vertex   1.358904e+02 -3.717002e+00 3.479517e+01
      vertex   1.355287e+02 -3.611041e+00 3.490113e+01
    endloop
  endfacet
  facet normal 1.921951e-11 7.071068e-01 -7.071068e-01
    outer loop
      vertex   1.355287e+02 -1.773924e+00 3.673825e+01
      vertex   1.355287e+02 -3.611041e+00 3.490113e+01
      vertex   1.352180e+02 -1.942483e+00 3.656969e+01
    endloop
  endfacet
  facet normal 1.923639e-11 7.071068e-01 -7.071068e-01
    outer loop
      vertex   1.352180e+02 -1.942483e+00 3.656969e+01
      vertex   1.355287e+02 -3.611041e+00 3.490113e+01
      vertex   1.352180e+02 -3.442482e+00 3.506969e+01
    endloop
  endfacet
  facet normal 1.923453e-11 7.071068e-01 -7.071068e-01
    outer loop
      vertex   1.352180e+02 -1.942483e+00 3.656969e+01
      vertex   1.352180e+02 -3.442482e+00 3.506969e+01
      vertex   1.349796e+02 -2.162152e+00 3.635002e+01
    endloop
  endfacet
  facet normal 1.923695e-11 7.071068e-01 -7.071068e-01
    outer loop
      vertex   1.349796e+02 -2.162152e+00 3.635002e+01
      vertex   1.352180e+02 -3.442482e+00 3.506969e+01
      vertex   1.349796e+02 -3.222813e+00 3.528936e+01
    endloop
  endfacet
  facet normal 1.925021e-11 7.071068e-01 -7.071068e-01
    outer loop
      vertex   1.349796e+02 -2.162152e+00 3.635002e+01
      vertex   1.349796e+02 -3.222813e+00 3.528936e+01
      vertex   1.348298e+02 -2.417963e+00 3.609421e+01
    endloop
  endfacet
  facet normal 1.923024e-11 7.071068e-01 -7.071068e-01
    outer loop
      vertex   1.348298e+02 -2.417963e+00 3.609421e+01
      vertex   1.349796e+02 -3.222813e+00 3.528936e+01
      vertex   1.348298e+02 -2.967002e+00 3.554517e+01
    endloop
  endfacet
  facet normal 1.930092e-11 7.071068e-01 -7.071068e-01
    outer loop
      vertex   1.348298e+02 -2.417963e+00 3.609421e+01
      vertex   1.348298e+02 -2.967002e+00 3.554517e+01
      vertex   1.347787e+02 -2.692483e+00 3.581969e+01
    endloop
  endfacet
  facet normal 1.924148e-11 7.071068e-01 -7.071068e-01
    outer loop
      vertex   1.366669e+02 -3.717002e+00 3.479517e+01
      vertex   1.366669e+02 -1.667963e+00 3.684421e+01
      vertex   1.370287e+02 -3.611041e+00 3.490113e+01
    endloop
  endfacet
  facet normal 1.924414e-11 7.071068e-01 -7.071068e-01
    outer loop
      vertex   1.370287e+02 -3.611041e+00 3.490113e+01
      vertex   1.366669e+02 -1.667963e+00 3.684421e+01
      vertex   1.370287e+02 -1.773924e+00 3.673825e+01
    endloop
  endfacet
  facet normal 1.923753e-11 7.071068e-01 -7.071068e-01
    outer loop
      vertex   1.370287e+02 -3.611041e+00 3.490113e+01
      vertex   1.370287e+02 -1.773924e+00 3.673825e+01
      vertex   1.373393e+02 -3.442482e+00 3.506969e+01
    endloop
  endfacet
  facet normal 1.923370e-11 7.071068e-01 -7.071068e-01
    outer loop
      vertex   1.373393e+02 -3.442482e+00 3.506969e+01
      vertex   1.370287e+02 -1.773924e+00 3.673825e+01
      vertex   1.373393e+02 -1.942483e+00 3.656969e+01
    endloop
  endfacet
  facet normal 1.921829e-11 7.071068e-01 -7.071068e-01
    outer loop
      vertex   1.373393e+02 -3.442482e+00 3.506969e+01
      vertex   1.373393e+02 -1.942483e+00 3.656969e+01
      vertex   1.375777e+02 -3.222813e+00 3.528936e+01
    endloop
  endfacet
  facet normal 1.923757e-11 7.071068e-01 -7.071068e-01
    outer loop
      vertex   1.375777e+02 -3.222813e+00 3.528936e+01
      vertex   1.373393e+02 -1.942483e+00 3.656969e+01
      vertex   1.375777e+02 -2.162152e+00 3.635002e+01
    endloop
  endfacet
  facet normal 1.925119e-11 7.071068e-01 -7.071068e-01
    outer loop
      vertex   1.375777e+02 -3.222813e+00 3.528936e+01
      vertex   1.375777e+02 -2.162152e+00 3.635002e+01
      vertex   1.377276e+02 -2.967002e+00 3.554517e+01
    endloop
  endfacet
  facet normal 1.923167e-11 7.071068e-01 -7.071068e-01
    outer loop
      vertex   1.377276e+02 -2.967002e+00 3.554517e+01
      vertex   1.375777e+02 -2.162152e+00 3.635002e+01
      vertex   1.377276e+02 -2.417963e+00 3.609421e+01
    endloop
  endfacet
  facet normal 1.928484e-11 7.071068e-01 -7.071068e-01
    outer loop
      vertex   1.377276e+02 -2.967002e+00 3.554517e+01
      vertex   1.377276e+02 -2.417963e+00 3.609421e+01
      vertex   1.377787e+02 -2.692483e+00 3.581969e+01
    endloop
  endfacet
  facet normal -1.305262e-01 7.010574e-01 7.010574e-01
    outer loop
      vertex   1.366669e+02 1.720850e-01 3.090608e+01
      vertex   1.362787e+02 1.359448e-01 3.086994e+01
      vertex   1.362787e+02 -3.753143e+00 3.475903e+01
    endloop
  endfacet
  facet normal 1.305262e-01 7.010574e-01 7.010574e-01
    outer loop
      vertex   1.362787e+02 -3.753143e+00 3.475903e+01
      vertex   1.362787e+02 1.359448e-01 3.086994e+01
      vertex   1.358904e+02 1.720850e-01 3.090608e+01
    endloop
  endfacet
  facet normal 1.305262e-01 7.010574e-01 7.010574e-01
    outer loop
      vertex   1.362787e+02 -3.753143e+00 3.475903e+01
      vertex   1.358904e+02 1.720850e-01 3.090608e+01
      vertex   1.358904e+02 -3.717002e+00 3.479517e+01
    endloop
  endfacet
  facet normal 3.826834e-01 6.532815e-01 6.532815e-01
    outer loop
      vertex   1.358904e+02 -3.717002e+00 3.479517e+01
      vertex   1.358904e+02 1.720850e-01 3.090608e+01
      vertex   1.355287e+02 2.780454e-01 3.101204e+01
    endloop
  endfacet
  facet normal 3.826834e-01 6.532815e-01 6.532815e-01
    outer loop
      vertex   1.358904e+02 -3.717002e+00 3.479517e+01
      vertex   1.355287e+02 2.780454e-01 3.101204e+01
      vertex   1.355287e+02 -3.611041e+00 3.490113e+01
    endloop
  endfacet
  facet normal 6.087614e-01 5.609855e-01 5.609855e-01
    outer loop
      vertex   1.355287e+02 -3.611041e+00 3.490113e+01
      vertex   1.355287e+02 2.780454e-01 3.101204e+01
      vertex   1.352180e+02 4.466041e-01 3.118060e+01
    endloop
  endfacet
  facet normal 6.087614e-01 5.609855e-01 5.609855e-01
    outer loop
      vertex   1.355287e+02 -3.611041e+00 3.490113e+01
      vertex   1.352180e+02 4.466041e-01 3.118060e+01
      vertex   1.352180e+02 -3.442482e+00 3.506969e+01
    endloop
  endfacet
  facet normal 7.933533e-01 4.304593e-01 4.304593e-01
    outer loop
      vertex   1.352180e+02 -3.442482e+00 3.506969e+01
      vertex   1.352180e+02 4.466041e-01 3.118060e+01
      vertex   1.349796e+02 6.662740e-01 3.140027e+01
    endloop
  endfacet
  facet normal 7.933533e-01 4.304593e-01 4.304593e-01
    outer loop
      vertex   1.352180e+02 -3.442482e+00 3.506969e+01
      vertex   1.349796e+02 6.662740e-01 3.140027e+01
      vertex   1.349796e+02 -3.222813e+00 3.528936e+01
    endloop
  endfacet
  facet normal 9.238795e-01 2.705980e-01 2.705981e-01
    outer loop
      vertex   1.349796e+02 -3.222813e+00 3.528936e+01
      vertex   1.349796e+02 6.662740e-01 3.140027e+01
      vertex   1.348298e+02 9.220850e-01 3.165608e+01
    endloop
  endfacet
  facet normal 9.238795e-01 2.705980e-01 2.705981e-01
    outer loop
      vertex   1.349796e+02 -3.222813e+00 3.528936e+01
      vertex   1.348298e+02 9.220850e-01 3.165608e+01
      vertex   1.348298e+02 -2.967002e+00 3.554517e+01
    endloop
  endfacet
  facet normal 9.914449e-01 9.229595e-02 9.229596e-02
    outer loop
      vertex   1.348298e+02 -2.967002e+00 3.554517e+01
      vertex   1.348298e+02 9.220850e-01 3.165608e+01
      vertex   1.347787e+02 1.196604e+00 3.193060e+01
    endloop
  endfacet
  facet normal 9.914449e-01 9.229595e-02 9.229596e-02
    outer loop
      vertex   1.348298e+02 -2.967002e+00 3.554517e+01
      vertex   1.347787e+02 1.196604e+00 3.193060e+01
      vertex   1.347787e+02 -2.692483e+00 3.581969e+01
    endloop
  endfacet
  facet normal 9.914449e-01 -9.229595e-02 -9.229596e-02
    outer loop
      vertex   1.347787e+02 -2.692483e+00 3.581969e+01
      vertex   1.347787e+02 1.196604e+00 3.193060e+01
      vertex   1.348298e+02 1.471123e+00 3.220512e+01
    endloop
  endfacet
  facet normal 9.914449e-01 -9.229595e-02 -9.229596e-02
    outer loop
      vertex   1.347787e+02 -2.692483e+00 3.581969e+01
      vertex   1.348298e+02 1.471123e+00 3.220512e+01
      vertex   1.348298e+02 -2.417963e+00 3.609421e+01
    endloop
  endfacet
  facet normal 9.238795e-01 -2.705980e-01 -2.705981e-01
    outer loop
      vertex   1.348298e+02 -2.417963e+00 3.609421e+01
      vertex   1.348298e+02 1.471123e+00 3.220512e+01
      vertex   1.349796e+02 1.726934e+00 3.246093e+01
    endloop
  endfacet
  facet normal 9.238795e-01 -2.705980e-01 -2.705981e-01
    outer loop
      vertex   1.348298e+02 -2.417963e+00 3.609421e+01
      vertex   1.349796e+02 1.726934e+00 3.246093e+01
      vertex   1.349796e+02 -2.162152e+00 3.635002e+01
    endloop
  endfacet
  facet normal 7.933533e-01 -4.304593e-01 -4.304593e-01
    outer loop
      vertex   1.349796e+02 -2.162152e+00 3.635002e+01
      vertex   1.349796e+02 1.726934e+00 3.246093e+01
      vertex   1.352180e+02 1.946604e+00 3.268060e+01
    endloop
  endfacet
  facet normal 7.933533e-01 -4.304593e-01 -4.304593e-01
    outer loop
      vertex   1.349796e+02 -2.162152e+00 3.635002e+01
      vertex   1.352180e+02 1.946604e+00 3.268060e+01
      vertex   1.352180e+02 -1.942483e+00 3.656969e+01
    endloop
  endfacet
  facet normal 6.087614e-01 -5.609855e-01 -5.609855e-01
    outer loop
      vertex   1.352180e+02 -1.942483e+00 3.656969e+01
      vertex   1.352180e+02 1.946604e+00 3.268060e+01
      vertex   1.355287e+02 2.115163e+00 3.284916e+01
    endloop
  endfacet
  facet normal 6.087614e-01 -5.609855e-01 -5.609855e-01
    outer loop
      vertex   1.352180e+02 -1.942483e+00 3.656969e+01
      vertex   1.355287e+02 2.115163e+00 3.284916e+01
      vertex   1.355287e+02 -1.773924e+00 3.673825e+01
    endloop
  endfacet
  facet normal 3.826834e-01 -6.532815e-01 -6.532815e-01
    outer loop
      vertex   1.355287e+02 -1.773924e+00 3.673825e+01
      vertex   1.355287e+02 2.115163e+00 3.284916e+01
      vertex   1.358904e+02 2.221123e+00 3.295512e+01
    endloop
  endfacet
  facet normal 3.826834e-01 -6.532815e-01 -6.532815e-01
    outer loop
      vertex   1.355287e+02 -1.773924e+00 3.673825e+01
      vertex   1.358904e+02 2.221123e+00 3.295512e+01
      vertex   1.358904e+02 -1.667963e+00 3.684421e+01
    endloop
  endfacet
  facet normal 1.305262e-01 -7.010574e-01 -7.010574e-01
    outer loop
      vertex   1.358904e+02 -1.667963e+00 3.684421e+01
      vertex   1.358904e+02 2.221123e+00 3.295512e+01
      vertex   1.362787e+02 -1.631822e+00 3.688035e+01
    endloop
  endfacet
  facet normal 1.305262e-01 -7.010574e-01 -7.010574e-01
    outer loop
      vertex   1.362787e+02 -1.631822e+00 3.688035e+01
      vertex   1.358904e+02 2.221123e+00 3.295512e+01
      vertex   1.362787e+02 2.257264e+00 3.299126e+01
    endloop
  endfacet
  facet normal -1.305262e-01 -7.010574e-01 -7.010574e-01
    outer loop
      vertex   1.362787e+02 -1.631822e+00 3.688035e+01
      vertex   1.362787e+02 2.257264e+00 3.299126e+01
      vertex   1.366669e+02 -1.667963e+00 3.684421e+01
    endloop
  endfacet
  facet normal -1.305262e-01 -7.010574e-01 -7.010574e-01
    outer loop
      vertex   1.366669e+02 -1.667963e+00 3.684421e+01
      vertex   1.362787e+02 2.257264e+00 3.299126e+01
      vertex   1.366669e+02 2.221123e+00 3.295512e+01
    endloop
  endfacet
  facet normal -3.826834e-01 -6.532815e-01 -6.532815e-01
    outer loop
      vertex   1.366669e+02 -1.667963e+00 3.684421e+01
      vertex   1.366669e+02 2.221123e+00 3.295512e+01
      vertex   1.370287e+02 -1.773924e+00 3.673825e+01
    endloop
  endfacet
  facet normal -3.826834e-01 -6.532815e-01 -6.532815e-01
    outer loop
      vertex   1.370287e+02 -1.773924e+00 3.673825e+01
      vertex   1.366669e+02 2.221123e+00 3.295512e+01
      vertex   1.370287e+02 2.115163e+00 3.284916e+01
    endloop
  endfacet
  facet normal -6.087614e-01 -5.609855e-01 -5.609855e-01
    outer loop
      vertex   1.370287e+02 -1.773924e+00 3.673825e+01
      vertex   1.370287e+02 2.115163e+00 3.284916e+01
      vertex   1.373393e+02 -1.942483e+00 3.656969e+01
    endloop
  endfacet
  facet normal -6.087614e-01 -5.609855e-01 -5.609855e-01
    outer loop
      vertex   1.373393e+02 -1.942483e+00 3.656969e+01
      vertex   1.370287e+02 2.115163e+00 3.284916e+01
      vertex   1.373393e+02 1.946604e+00 3.268060e+01
    endloop
  endfacet
  facet normal -7.933533e-01 -4.304593e-01 -4.304593e-01
    outer loop
      vertex   1.373393e+02 -1.942483e+00 3.656969e+01
      vertex   1.373393e+02 1.946604e+00 3.268060e+01
      vertex   1.375777e+02 -2.162152e+00 3.635002e+01
    endloop
  endfacet
  facet normal -7.933533e-01 -4.304593e-01 -4.304593e-01
    outer loop
      vertex   1.375777e+02 -2.162152e+00 3.635002e+01
      vertex   1.373393e+02 1.946604e+00 3.268060e+01
      vertex   1.375777e+02 1.726934e+00 3.246093e+01
    endloop
  endfacet
  facet normal -9.238795e-01 -2.705980e-01 -2.705981e-01
    outer loop
      vertex   1.375777e+02 -2.162152e+00 3.635002e+01
      vertex   1.375777e+02 1.726934e+00 3.246093e+01
      vertex   1.377276e+02 -2.417963e+00 3.609421e+01
    endloop
  endfacet
  facet normal -9.238795e-01 -2.705980e-01 -2.705981e-01
    outer loop
      vertex   1.377276e+02 -2.417963e+00 3.609421e+01
      vertex   1.375777e+02 1.726934e+00 3.246093e+01
      vertex   1.377276e+02 1.471123e+00 3.220512e+01
    endloop
  endfacet
  facet normal -9.914449e-01 -9.229595e-02 -9.229596e-02
    outer loop
      vertex   1.377276e+02 -2.417963e+00 3.609421e+01
      vertex   1.377276e+02 1.471123e+00 3.220512e+01
      vertex   1.377787e+02 -2.692483e+00 3.581969e+01
    endloop
  endfacet
  facet normal -9.914449e-01 -9.229595e-02 -9.229596e-02
    outer loop
      vertex   1.377787e+02 -2.692483e+00 3.581969e+01
      vertex   1.377276e+02 1.471123e+00 3.220512e+01
      vertex   1.377787e+02 1.196604e+00 3.193060e+01
    endloop
  endfacet
  facet normal -9.914449e-01 9.229595e-02 9.229596e-02
    outer loop
      vertex   1.377787e+02 -2.692483e+00 3.581969e+01
      vertex   1.377787e+02 1.196604e+00 3.193060e+01
      vertex   1.377276e+02 -2.967002e+00 3.554517e+01
    endloop
  endfacet
  facet normal -9.914449e-01 9.229595e-02 9.229596e-02
    outer loop
      vertex   1.377276e+02 -2.967002e+00 3.554517e+01
      vertex   1.377787e+02 1.196604e+00 3.193060e+01
      vertex   1.377276e+02 9.220850e-01 3.165608e+01
    endloop
  endfacet
  facet normal -9.238795e-01 2.705980e-01 2.705981e-01
    outer loop
      vertex   1.377276e+02 -2.967002e+00 3.554517e+01
      vertex   1.377276e+02 9.220850e-01 3.165608e+01
      vertex   1.375777e+02 -3.222813e+00 3.528936e+01
    endloop
  endfacet
  facet normal -9.238795e-01 2.705980e-01 2.705981e-01
    outer loop
      vertex   1.375777e+02 -3.222813e+00 3.528936e+01
      vertex   1.377276e+02 9.220850e-01 3.165608e+01
      vertex   1.375777e+02 6.662740e-01 3.140027e+01
    endloop
  endfacet
  facet normal -7.933533e-01 4.304593e-01 4.304593e-01
    outer loop
      vertex   1.375777e+02 -3.222813e+00 3.528936e+01
      vertex   1.375777e+02 6.662740e-01 3.140027e+01
      vertex   1.373393e+02 -3.442482e+00 3.506969e+01
    endloop
  endfacet
  facet normal -7.933533e-01 4.304593e-01 4.304593e-01
    outer loop
      vertex   1.373393e+02 -3.442482e+00 3.506969e+01
      vertex   1.375777e+02 6.662740e-01 3.140027e+01
      vertex   1.373393e+02 4.466041e-01 3.118060e+01
    endloop
  endfacet
  facet normal -6.087614e-01 5.609855e-01 5.609855e-01
    outer loop
      vertex   1.373393e+02 -3.442482e+00 3.506969e+01
      vertex   1.373393e+02 4.466041e-01 3.118060e+01
      vertex   1.370287e+02 -3.611041e+00 3.490113e+01
    endloop
  endfacet
  facet normal -6.087614e-01 5.609855e-01 5.609855e-01
    outer loop
      vertex   1.370287e+02 -3.611041e+00 3.490113e+01
      vertex   1.373393e+02 4.466041e-01 3.118060e+01
      vertex   1.370287e+02 2.780454e-01 3.101204e+01
    endloop
  endfacet
  facet normal -3.826834e-01 6.532815e-01 6.532815e-01
    outer loop
      vertex   1.370287e+02 -3.611041e+00 3.490113e+01
      vertex   1.370287e+02 2.780454e-01 3.101204e+01
      vertex   1.366669e+02 -3.717002e+00 3.479517e+01
    endloop
  endfacet
  facet normal -3.826834e-01 6.532815e-01 6.532815e-01
    outer loop
      vertex   1.366669e+02 -3.717002e+00 3.479517e+01
      vertex   1.370287e+02 2.780454e-01 3.101204e+01
      vertex   1.366669e+02 1.720850e-01 3.090608e+01
    endloop
  endfacet
  facet normal -1.305262e-01 7.010574e-01 7.010574e-01
    outer loop
      vertex   1.366669e+02 -3.717002e+00 3.479517e+01
      vertex   1.366669e+02 1.720850e-01 3.090608e+01
      vertex   1.362787e+02 -3.753143e+00 3.475903e+01
    endloop
  endfacet
  facet normal 1.147532e-15 8.586405e-30 1.000000e+00
    outer loop
      vertex   1.532979e+01 -7.212612e+00 8.308173e+00
      vertex   -3.245969e+00 -7.212612e+00 8.308173e+00
      vertex   1.532979e+01 -9.586628e+00 8.308173e+00
    endloop
  endfacet
  facet normal 7.650215e-16 -2.992998e-15 1.000000e+00
    outer loop
      vertex   1.532979e+01 -9.586628e+00 8.308173e+00
      vertex   -3.245969e+00 -7.212612e+00 8.308173e+00
      vertex   -3.245969e+00 -9.586628e+00 8.308173e+00
    endloop
  endfacet
  facet normal 1.000000e+00 4.745495e-14 4.486320e-14
    outer loop
      vertex   1.532979e+01 -9.471178e+00 8.423623e+00
      vertex   1.532979e+01 -1.769586e+01 1.664830e+01
      vertex   1.532979e+01 -9.586628e+00 8.308173e+00
    endloop
  endfacet
  facet normal 1.000000e+00 7.002316e-16 -5.970891e-16
    outer loop
      vertex   1.532979e+01 -9.586628e+00 8.308173e+00
      vertex   1.532979e+01 -1.769586e+01 1.664830e+01
      vertex   1.532979e+01 -3.048726e+01 1.647286e+00
    endloop
  endfacet
  facet normal 1.000000e+00 2.373576e-15 -5.847736e-15
    outer loop
      vertex   1.532979e+01 -9.586628e+00 8.308173e+00
      vertex   1.532979e+01 -3.048726e+01 1.647286e+00
      vertex   1.532979e+01 -5.517256e-01 1.647286e+00
    endloop
  endfacet
  facet normal 1.000000e+00 0.000000e+00 0.000000e+00
    outer loop
      vertex   1.532979e+01 -1.769586e+01 1.664830e+01
      vertex   1.532979e+01 -3.048726e+01 1.664830e+01
      vertex   1.532979e+01 -3.048726e+01 1.647286e+00
    endloop
  endfacet
  facet normal 1.000000e+00 7.482495e-15 1.082061e-15
    outer loop
      vertex   1.532979e+01 -5.517256e-01 1.647286e+00
      vertex   1.532979e+01 -7.212612e+00 8.308173e+00
      vertex   1.532979e+01 -9.586628e+00 8.308173e+00
    endloop
  endfacet
  facet normal 7.283720e-01 7.532137e-02 -6.810293e-01
    outer loop
      vertex   -1.736469e+01 -1.058663e+01 1.168219e+01
      vertex   -1.824352e+01 -1.058663e+01 1.074228e+01
      vertex   -1.791601e+01 -1.005571e+01 1.115127e+01
    endloop
  endfacet
  facet normal 7.889075e-01 -1.337449e-02 -6.143664e-01
    outer loop
      vertex   -1.791601e+01 -1.005571e+01 1.115127e+01
      vertex   -1.824352e+01 -1.058663e+01 1.074228e+01
      vertex   -1.837983e+01 -9.446861e+00 1.054242e+01
    endloop
  endfacet
  facet normal 8.891041e-01 2.621051e-02 -4.569540e-01
    outer loop
      vertex   -1.837983e+01 -9.446861e+00 1.054242e+01
      vertex   -1.824352e+01 -1.058663e+01 1.074228e+01
      vertex   -1.874529e+01 -8.774355e+00 9.869916e+00
    endloop
  endfacet
  facet normal 8.804529e-01 1.567031e-02 -4.738746e-01
    outer loop
      vertex   -1.874529e+01 -8.774355e+00 9.869916e+00
      vertex   -1.824352e+01 -1.058663e+01 1.074228e+01
      vertex   -1.885336e+01 -1.058663e+01 9.609201e+00
    endloop
  endfacet
  facet normal 9.390984e-01 -6.570262e-03 -3.435855e-01
    outer loop
      vertex   -1.874529e+01 -8.774355e+00 9.869916e+00
      vertex   -1.885336e+01 -1.058663e+01 9.609201e+00
      vertex   -1.900382e+01 -8.053949e+00 9.149510e+00
    endloop
  endfacet
  facet normal 9.722400e-01 1.538329e-02 -2.334797e-01
    outer loop
      vertex   -1.900382e+01 -8.053949e+00 9.149510e+00
      vertex   -1.885336e+01 -1.058663e+01 9.609201e+00
      vertex   -1.915382e+01 -1.058663e+01 8.358009e+00
    endloop
  endfacet
  facet normal 9.819342e-01 9.773805e-04 -1.892202e-01
    outer loop
      vertex   -1.900382e+01 -8.053949e+00 9.149510e+00
      vertex   -1.915382e+01 -1.058663e+01 8.358009e+00
      vertex   -1.914937e+01 -7.302524e+00 8.398085e+00
    endloop
  endfacet
  facet normal 9.992401e-01 -8.796309e-04 -3.896855e-02
    outer loop
      vertex   -1.914937e+01 -7.302524e+00 8.398085e+00
      vertex   -1.915382e+01 -1.058663e+01 8.358009e+00
      vertex   -1.917852e+01 -6.537688e+00 7.633249e+00
    endloop
  endfacet
  facet normal 9.996984e-01 1.010497e-02 2.238235e-02
    outer loop
      vertex   -1.917852e+01 -6.537688e+00 7.633249e+00
      vertex   -1.915382e+01 -1.058663e+01 8.358009e+00
      vertex   -1.912502e+01 -1.058663e+01 7.071566e+00
    endloop
  endfacet
  facet normal 9.936556e-01 -2.467793e-03 1.124386e-01
    outer loop
      vertex   -1.917852e+01 -6.537688e+00 7.633249e+00
      vertex   -1.912502e+01 -1.058663e+01 7.071566e+00
      vertex   -1.909060e+01 -5.777363e+00 6.872924e+00
    endloop
  endfacet
  facet normal 9.631124e-01 4.220175e-03 2.690664e-01
    outer loop
      vertex   -1.909060e+01 -5.777363e+00 6.872924e+00
      vertex   -1.912502e+01 -1.058663e+01 7.071566e+00
      vertex   -1.888766e+01 -5.039367e+00 6.134928e+00
    endloop
  endfacet
  facet normal 9.609148e-01 5.617878e-03 2.767874e-01
    outer loop
      vertex   -1.888766e+01 -5.039367e+00 6.134928e+00
      vertex   -1.912502e+01 -1.058663e+01 7.071566e+00
      vertex   -1.876886e+01 -1.058663e+01 5.835075e+00
    endloop
  endfacet
  facet normal 9.133506e-01 -2.448307e-03 4.071667e-01
    outer loop
      vertex   -1.888766e+01 -5.039367e+00 6.134928e+00
      vertex   -1.876886e+01 -1.058663e+01 5.835075e+00
      vertex   -1.857445e+01 -4.340992e+00 5.436553e+00
    endloop
  endfacet
  facet normal 8.584520e-01 6.004487e-03 5.128588e-01
    outer loop
      vertex   -1.857445e+01 -4.340992e+00 5.436553e+00
      vertex   -1.876886e+01 -1.058663e+01 5.835075e+00
      vertex   -1.810892e+01 -1.058663e+01 4.730430e+00
    endloop
  endfacet
  facet normal 8.388457e-01 9.806381e-04 5.443684e-01
    outer loop
      vertex   -1.857445e+01 -4.340992e+00 5.436553e+00
      vertex   -1.810892e+01 -1.058663e+01 4.730430e+00
      vertex   -1.815833e+01 -3.698603e+00 4.794164e+00
    endloop
  endfacet
  facet normal 7.468736e-01 -7.950213e-04 6.649655e-01
    outer loop
      vertex   -1.815833e+01 -3.698603e+00 4.794164e+00
      vertex   -1.810892e+01 -1.058663e+01 4.730430e+00
      vertex   -1.764903e+01 -3.127255e+00 4.222815e+00
    endloop
  endfacet
  facet normal 6.991375e-01 5.550551e-03 7.149657e-01
    outer loop
      vertex   -1.764903e+01 -3.127255e+00 4.222815e+00
      vertex   -1.810892e+01 -1.058663e+01 4.730430e+00
      vertex   -1.718891e+01 -1.058663e+01 3.830790e+00
    endloop
  endfacet
  facet normal 6.367815e-01 -1.242929e-03 7.710433e-01
    outer loop
      vertex   -1.764903e+01 -3.127255e+00 4.222815e+00
      vertex   -1.718891e+01 -1.058663e+01 3.830790e+00
      vertex   -1.705849e+01 -2.640334e+00 3.735895e+00
    endloop
  endfacet
  facet normal 5.101224e-01 1.899322e-03 8.600997e-01
    outer loop
      vertex   -1.705849e+01 -2.640334e+00 3.735895e+00
      vertex   -1.718891e+01 -1.058663e+01 3.830790e+00
      vertex   -1.640056e+01 -2.249251e+00 3.344812e+00
    endloop
  endfacet
  facet normal 4.935200e-01 4.030225e-03 8.697251e-01
    outer loop
      vertex   -1.640056e+01 -2.249251e+00 3.344812e+00
      vertex   -1.718891e+01 -1.058663e+01 3.830790e+00
      vertex   -1.606977e+01 -1.058663e+01 3.195741e+00
    endloop
  endfacet
  facet normal 3.743679e-01 -1.726266e-03 9.272786e-01
    outer loop
      vertex   -1.640056e+01 -2.249251e+00 3.344812e+00
      vertex   -1.606977e+01 -1.058663e+01 3.195741e+00
      vertex   -1.569064e+01 -1.963171e+00 3.058731e+00
    endloop
  endfacet
  facet normal 2.552113e-01 4.141523e-03 9.668764e-01
    outer loop
      vertex   -1.569064e+01 -1.963171e+00 3.058731e+00
      vertex   -1.606977e+01 -1.058663e+01 3.195741e+00
      vertex   -1.482561e+01 -1.058663e+01 2.867341e+00
    endloop
  endfacet
  facet normal 2.275544e-01 1.214352e-03 9.737646e-01
    outer loop
      vertex   -1.569064e+01 -1.963171e+00 3.058731e+00
      vertex   -1.482561e+01 -1.058663e+01 2.867341e+00
      vertex   -1.494538e+01 -1.788796e+00 2.884357e+00
    endloop
  endfacet
  facet normal 7.660671e-02 -8.855389e-04 9.970610e-01
    outer loop
      vertex   -1.494538e+01 -1.788796e+00 2.884357e+00
      vertex   -1.482561e+01 -1.058663e+01 2.867341e+00
      vertex   -1.418223e+01 -1.730214e+00 2.825774e+00
    endloop
  endfacet
  facet normal -3.458412e-16 4.693368e-03 9.999890e-01
    outer loop
      vertex   -1.418223e+01 -1.730214e+00 2.825774e+00
      vertex   -1.482561e+01 -1.058663e+01 2.867341e+00
      vertex   -1.353885e+01 -1.058663e+01 2.867341e+00
    endloop
  endfacet
  facet normal -7.660671e-02 -8.855389e-04 9.970610e-01
    outer loop
      vertex   -1.418223e+01 -1.730214e+00 2.825774e+00
      vertex   -1.353885e+01 -1.058663e+01 2.867341e+00
      vertex   -1.341909e+01 -1.788796e+00 2.884357e+00
    endloop
  endfacet
  facet normal -2.275544e-01 1.214352e-03 9.737646e-01
    outer loop
      vertex   -1.341909e+01 -1.788796e+00 2.884357e+00
      vertex   -1.353885e+01 -1.058663e+01 2.867341e+00
      vertex   -1.267382e+01 -1.963171e+00 3.058731e+00
    endloop
  endfacet
  facet normal -2.552113e-01 4.141523e-03 9.668764e-01
    outer loop
      vertex   -1.267382e+01 -1.963171e+00 3.058731e+00
      vertex   -1.353885e+01 -1.058663e+01 2.867341e+00
      vertex   -1.229470e+01 -1.058663e+01 3.195741e+00
    endloop
  endfacet
  facet normal -3.743679e-01 -1.726266e-03 9.272786e-01
    outer loop
      vertex   -1.267382e+01 -1.963171e+00 3.058731e+00
      vertex   -1.229470e+01 -1.058663e+01 3.195741e+00
      vertex   -1.196391e+01 -2.249251e+00 3.344812e+00
    endloop
  endfacet
  facet normal -4.935200e-01 4.030225e-03 8.697251e-01
    outer loop
      vertex   -1.196391e+01 -2.249251e+00 3.344812e+00
      vertex   -1.229470e+01 -1.058663e+01 3.195741e+00
      vertex   -1.117556e+01 -1.058663e+01 3.830790e+00
    endloop
  endfacet
  facet normal -5.101224e-01 1.899322e-03 8.600997e-01
    outer loop
      vertex   -1.196391e+01 -2.249251e+00 3.344812e+00
      vertex   -1.117556e+01 -1.058663e+01 3.830790e+00
      vertex   -1.130597e+01 -2.640334e+00 3.735895e+00
    endloop
  endfacet
  facet normal -6.367815e-01 -1.242929e-03 7.710433e-01
    outer loop
      vertex   -1.130597e+01 -2.640334e+00 3.735895e+00
      vertex   -1.117556e+01 -1.058663e+01 3.830790e+00
      vertex   -1.071543e+01 -3.127255e+00 4.222815e+00
    endloop
  endfacet
  facet normal -6.991375e-01 5.550551e-03 7.149657e-01
    outer loop
      vertex   -1.071543e+01 -3.127255e+00 4.222815e+00
      vertex   -1.117556e+01 -1.058663e+01 3.830790e+00
      vertex   -1.025555e+01 -1.058663e+01 4.730430e+00
    endloop
  endfacet
  facet normal -7.468736e-01 -7.950213e-04 6.649655e-01
    outer loop
      vertex   -1.071543e+01 -3.127255e+00 4.222815e+00
      vertex   -1.025555e+01 -1.058663e+01 4.730430e+00
      vertex   -1.020614e+01 -3.698603e+00 4.794164e+00
    endloop
  endfacet
  facet normal -8.388457e-01 9.806381e-04 5.443684e-01
    outer loop
      vertex   -1.020614e+01 -3.698603e+00 4.794164e+00
      vertex   -1.025555e+01 -1.058663e+01 4.730430e+00
      vertex   -9.790009e+00 -4.340992e+00 5.436553e+00
    endloop
  endfacet
  facet normal -8.584520e-01 6.004487e-03 5.128588e-01
    outer loop
      vertex   -9.790009e+00 -4.340992e+00 5.436553e+00
      vertex   -1.025555e+01 -1.058663e+01 4.730430e+00
      vertex   -9.595608e+00 -1.058663e+01 5.835075e+00
    endloop
  endfacet
  facet normal -9.133506e-01 -2.448307e-03 4.071667e-01
    outer loop
      vertex   -9.790009e+00 -4.340992e+00 5.436553e+00
      vertex   -9.595608e+00 -1.058663e+01 5.835075e+00
      vertex   -9.476806e+00 -5.039367e+00 6.134928e+00
    endloop
  endfacet
  facet normal -9.626447e-01 5.983895e-03 2.707015e-01
    outer loop
      vertex   -9.476806e+00 -5.039367e+00 6.134928e+00
      vertex   -9.595608e+00 -1.058663e+01 5.835075e+00
      vertex   -9.273864e+00 -5.777363e+00 6.872924e+00
    endloop
  endfacet
  facet normal -9.609199e-01 4.554837e-03 2.767889e-01
    outer loop
      vertex   -9.273864e+00 -5.777363e+00 6.872924e+00
      vertex   -9.595608e+00 -1.058663e+01 5.835075e+00
      vertex   -9.239442e+00 -1.058663e+01 7.071566e+00
    endloop
  endfacet
  facet normal -9.936556e-01 -2.467793e-03 1.124386e-01
    outer loop
      vertex   -9.273864e+00 -5.777363e+00 6.872924e+00
      vertex   -9.239442e+00 -1.058663e+01 7.071566e+00
      vertex   -9.185940e+00 -6.537688e+00 7.633249e+00
    endloop
  endfacet
  facet normal -9.996984e-01 1.010497e-02 2.238235e-02
    outer loop
      vertex   -9.185940e+00 -6.537688e+00 7.633249e+00
      vertex   -9.239442e+00 -1.058663e+01 7.071566e+00
      vertex   -9.210640e+00 -1.058663e+01 8.358009e+00
    endloop
  endfacet
  facet normal -9.992401e-01 -8.796309e-04 -3.896855e-02
    outer loop
      vertex   -9.185940e+00 -6.537688e+00 7.633249e+00
      vertex   -9.210640e+00 -1.058663e+01 8.358009e+00
      vertex   -9.215094e+00 -7.302524e+00 8.398085e+00
    endloop
  endfacet
  facet normal -9.819342e-01 9.773805e-04 -1.892202e-01
    outer loop
      vertex   -9.215094e+00 -7.302524e+00 8.398085e+00
      vertex   -9.210640e+00 -1.058663e+01 8.358009e+00
      vertex   -9.360643e+00 -8.053949e+00 9.149510e+00
    endloop
  endfacet
  facet normal -9.722400e-01 1.538329e-02 -2.334797e-01
    outer loop
      vertex   -9.360643e+00 -8.053949e+00 9.149510e+00
      vertex   -9.210640e+00 -1.058663e+01 8.358009e+00
      vertex   -9.511109e+00 -1.058663e+01 9.609201e+00
    endloop
  endfacet
  facet normal -9.390984e-01 -6.570262e-03 -3.435855e-01
    outer loop
      vertex   -9.360643e+00 -8.053949e+00 9.149510e+00
      vertex   -9.511109e+00 -1.058663e+01 9.609201e+00
      vertex   -9.619176e+00 -8.774355e+00 9.869916e+00
    endloop
  endfacet
  facet normal -8.844997e-01 1.434222e-02 -4.663202e-01
    outer loop
      vertex   -9.619176e+00 -8.774355e+00 9.869916e+00
      vertex   -9.511109e+00 -1.058663e+01 9.609201e+00
      vertex   -9.984634e+00 -9.446861e+00 1.054242e+01
    endloop
  endfacet
  facet normal -8.803439e-01 2.220614e-02 -4.738159e-01
    outer loop
      vertex   -9.984634e+00 -9.446861e+00 1.054242e+01
      vertex   -9.511109e+00 -1.058663e+01 9.609201e+00
      vertex   -1.012095e+01 -1.058663e+01 1.074228e+01
    endloop
  endfacet
  facet normal -7.889075e-01 -1.337449e-02 -6.143664e-01
    outer loop
      vertex   -9.984634e+00 -9.446861e+00 1.054242e+01
      vertex   -1.012095e+01 -1.058663e+01 1.074228e+01
      vertex   -1.044846e+01 -1.005571e+01 1.115127e+01
    endloop
  endfacet
  facet normal -7.283720e-01 7.532137e-02 -6.810293e-01
    outer loop
      vertex   -1.044846e+01 -1.005571e+01 1.115127e+01
      vertex   -1.012095e+01 -1.058663e+01 1.074228e+01
      vertex   -1.099977e+01 -1.058663e+01 1.168219e+01
    endloop
  endfacet
  facet normal -5.430985e-01 5.056767e-02 8.381449e-01
    outer loop
      vertex   -1.736469e+01 -1.058663e+01 1.168219e+01
      vertex   -1.665559e+01 -1.107561e+01 1.217118e+01
      vertex   -1.640180e+01 -1.058663e+01 1.230612e+01
    endloop
  endfacet
  facet normal -4.280884e-01 -2.711313e-02 9.033301e-01
    outer loop
      vertex   -1.640180e+01 -1.058663e+01 1.230612e+01
      vertex   -1.665559e+01 -1.107561e+01 1.217118e+01
      vertex   -1.587308e+01 -1.143564e+01 1.253120e+01
    endloop
  endfacet
  facet normal -3.379139e-01 3.886353e-02 9.403743e-01
    outer loop
      vertex   -1.640180e+01 -1.058663e+01 1.230612e+01
      vertex   -1.587308e+01 -1.143564e+01 1.253120e+01
      vertex   -1.532203e+01 -1.058663e+01 1.269413e+01
    endloop
  endfacet
  facet normal -2.599150e-01 -1.658146e-02 9.654891e-01
    outer loop
      vertex   -1.532203e+01 -1.058663e+01 1.269413e+01
      vertex   -1.587308e+01 -1.143564e+01 1.253120e+01
      vertex   -1.504039e+01 -1.165602e+01 1.275158e+01
    endloop
  endfacet
  facet normal -1.147063e-01 2.314582e-02 9.931298e-01
    outer loop
      vertex   -1.532203e+01 -1.058663e+01 1.269413e+01
      vertex   -1.504039e+01 -1.165602e+01 1.275158e+01
      vertex   -1.418223e+01 -1.058663e+01 1.282577e+01
    endloop
  endfacet
  facet normal -8.613587e-02 -4.776446e-15 9.962834e-01
    outer loop
      vertex   -1.418223e+01 -1.058663e+01 1.282577e+01
      vertex   -1.504039e+01 -1.165602e+01 1.275158e+01
      vertex   -1.418223e+01 -1.173021e+01 1.282577e+01
    endloop
  endfacet
  facet normal 8.613587e-02 -4.508852e-15 9.962834e-01
    outer loop
      vertex   -1.418223e+01 -1.058663e+01 1.282577e+01
      vertex   -1.418223e+01 -1.173021e+01 1.282577e+01
      vertex   -1.332407e+01 -1.165602e+01 1.275158e+01
    endloop
  endfacet
  facet normal 1.147063e-01 2.314582e-02 9.931298e-01
    outer loop
      vertex   -1.418223e+01 -1.058663e+01 1.282577e+01
      vertex   -1.332407e+01 -1.165602e+01 1.275158e+01
      vertex   -1.304244e+01 -1.058663e+01 1.269413e+01
    endloop
  endfacet
  facet normal 2.599150e-01 -1.658146e-02 9.654891e-01
    outer loop
      vertex   -1.304244e+01 -1.058663e+01 1.269413e+01
      vertex   -1.332407e+01 -1.165602e+01 1.275158e+01
      vertex   -1.249139e+01 -1.143564e+01 1.253120e+01
    endloop
  endfacet
  facet normal 3.379139e-01 3.886353e-02 9.403743e-01
    outer loop
      vertex   -1.304244e+01 -1.058663e+01 1.269413e+01
      vertex   -1.249139e+01 -1.143564e+01 1.253120e+01
      vertex   -1.196266e+01 -1.058663e+01 1.230612e+01
    endloop
  endfacet
  facet normal 4.280884e-01 -2.711313e-02 9.033301e-01
    outer loop
      vertex   -1.196266e+01 -1.058663e+01 1.230612e+01
      vertex   -1.249139e+01 -1.143564e+01 1.253120e+01
      vertex   -1.170888e+01 -1.107561e+01 1.217118e+01
    endloop
  endfacet
  facet normal 5.430985e-01 5.056767e-02 8.381449e-01
    outer loop
      vertex   -1.196266e+01 -1.058663e+01 1.230612e+01
      vertex   -1.170888e+01 -1.107561e+01 1.217118e+01
      vertex   -1.099977e+01 -1.058663e+01 1.168219e+01
    endloop
  endfacet
  facet normal 9.999990e-01 -9.893115e-04 -9.893115e-04
    outer loop
      vertex   -8.339596e+01 -1.042132e+01 3.459623e+01
      vertex   -8.339597e+01 -1.042444e+01 3.459311e+01
      vertex   -8.339596e+01 -6.107968e+00 3.028288e+01
    endloop
  endfacet
  facet normal 9.999985e-01 -1.206359e-03 -1.206674e-03
    outer loop
      vertex   -8.339596e+01 -6.107968e+00 3.028288e+01
      vertex   -8.339597e+01 -1.042444e+01 3.459311e+01
      vertex   -8.339597e+01 -3.706932e+00 2.787559e+01
    endloop
  endfacet
  facet normal 9.994177e-01 -2.415702e-02 -2.409771e-02
    outer loop
      vertex   -8.339596e+01 -6.107968e+00 3.028288e+01
      vertex   -8.339597e+01 -3.706932e+00 2.787559e+01
      vertex   -8.339597e+01 -3.706884e+00 2.787564e+01
    endloop
  endfacet
  facet normal 9.999990e-01 -9.903921e-04 -9.878091e-04
    outer loop
      vertex   -8.339597e+01 -3.282618e+00 2.745138e+01
      vertex   -8.339037e+01 -4.511167e-01 3.028288e+01
      vertex   -8.339597e+01 -3.706884e+00 2.787564e+01
    endloop
  endfacet
  facet normal 9.999990e-01 -9.893115e-04 -9.892706e-04
    outer loop
      vertex   -8.339597e+01 -3.706884e+00 2.787564e+01
      vertex   -8.339037e+01 -4.511167e-01 3.028288e+01
      vertex   -8.339596e+01 -6.107968e+00 3.028288e+01
    endloop
  endfacet
  facet normal -1.212761e-14 -7.071068e-01 -7.071068e-01
    outer loop
      vertex   -8.339597e+01 -1.825385e+01 2.676370e+01
      vertex   -7.904597e+01 -1.825385e+01 2.676370e+01
      vertex   -8.339597e+01 -1.931451e+01 2.782436e+01
    endloop
  endfacet
  facet normal -5.775054e-16 -7.071068e-01 -7.071068e-01
    outer loop
      vertex   -8.339597e+01 -1.931451e+01 2.782436e+01
      vertex   -7.904597e+01 -1.825385e+01 2.676370e+01
      vertex   -7.904597e+01 -1.931451e+01 2.782436e+01
    endloop
  endfacet
  facet normal 4.313676e-12 7.071068e-01 7.071068e-01
    outer loop
      vertex   -8.339510e+01 -1.490026e+01 1.492483e+01
      vertex   -8.339597e+01 -1.490026e+01 1.492483e+01
      vertex   -8.339510e+01 -2.285004e+01 2.287461e+01
    endloop
  endfacet
  facet normal -9.799781e-12 7.071068e-01 7.071068e-01
    outer loop
      vertex   -8.339510e+01 -2.285004e+01 2.287461e+01
      vertex   -8.339597e+01 -1.490026e+01 1.492483e+01
      vertex   -8.339597e+01 -2.355715e+01 2.358172e+01
    endloop
  endfacet
  facet normal -4.085620e-16 7.071068e-01 7.071068e-01
    outer loop
      vertex   -8.339510e+01 -2.285004e+01 2.287461e+01
      vertex   -8.339597e+01 -2.355715e+01 2.358172e+01
      vertex   -7.089597e+01 -2.355715e+01 2.358172e+01
    endloop
  endfacet
  facet normal -2.042953e-16 7.071068e-01 7.071068e-01
    outer loop
      vertex   -7.089597e+01 -2.355715e+01 2.358172e+01
      vertex   -7.089597e+01 -2.285004e+01 2.287461e+01
      vertex   -8.339510e+01 -2.285004e+01 2.287461e+01
    endloop
  endfacet
  facet normal 1.702096e-01 -3.688262e-02 -9.847174e-01
    outer loop
      vertex   -9.119369e+01 -2.583757e+01 8.651985e+00
      vertex   -9.032155e+01 -1.687668e+01 8.467104e+00
      vertex   -4.580674e+01 -2.652257e+01 1.652283e+01
    endloop
  endfacet
  facet normal -2.109328e-01 -9.775006e-01 -4.341674e-16
    outer loop
      vertex   -2.750788e+01 -3.048726e+01 -6.713111e+00
      vertex   -2.750788e+01 -3.048726e+01 1.665161e+01
      vertex   -2.803774e+01 -3.037292e+01 -6.719104e+00
    endloop
  endfacet
  facet normal -2.109328e-01 -9.775006e-01 -1.159630e-16
    outer loop
      vertex   -2.803774e+01 -3.037292e+01 -6.719104e+00
      vertex   -2.750788e+01 -3.048726e+01 1.665161e+01
      vertex   -2.803774e+01 -3.037292e+01 1.676595e+01
    endloop
  endfacet
  facet normal 1.000000e+00 1.412497e-11 1.109699e-11
    outer loop
      vertex   -7.904597e+01 -1.825385e+01 2.676370e+01
      vertex   -7.904597e+01 -1.754674e+01 2.747081e+01
      vertex   -7.904597e+01 -1.931451e+01 2.782436e+01
    endloop
  endfacet
  facet normal 1.000000e+00 1.412497e-11 1.109699e-11
    outer loop
      vertex   -7.904597e+01 -1.931451e+01 2.782436e+01
      vertex   -7.904597e+01 -1.754674e+01 2.747081e+01
      vertex   -7.904597e+01 -1.860740e+01 2.853147e+01
    endloop
  endfacet
  facet normal 1.983275e-15 -7.071068e-01 -7.071068e-01
    outer loop
      vertex   -7.904597e+01 -1.754674e+01 2.747081e+01
      vertex   -7.524597e+01 -1.754674e+01 2.747081e+01
      vertex   -7.904597e+01 -1.860740e+01 2.853147e+01
    endloop
  endfacet
  facet normal 1.588967e-23 -7.071068e-01 -7.071068e-01
    outer loop
      vertex   -7.904597e+01 -1.860740e+01 2.853147e+01
      vertex   -7.524597e+01 -1.754674e+01 2.747081e+01
      vertex   -7.524597e+01 -1.860740e+01 2.853147e+01
    endloop
  endfacet
  facet normal -1.000000e+00 -1.411157e-11 -1.107020e-11
    outer loop
      vertex   -7.524597e+01 -1.825385e+01 2.676370e+01
      vertex   -7.524597e+01 -1.931451e+01 2.782436e+01
      vertex   -7.524597e+01 -1.754674e+01 2.747081e+01
    endloop
  endfacet
  facet normal -1.000000e+00 -1.411492e-11 -1.108695e-11
    outer loop
      vertex   -7.524597e+01 -1.754674e+01 2.747081e+01
      vertex   -7.524597e+01 -1.931451e+01 2.782436e+01
      vertex   -7.524597e+01 -1.860740e+01 2.853147e+01
    endloop
  endfacet
  facet normal 2.310021e-15 -7.071068e-01 -7.071068e-01
    outer loop
      vertex   -7.524597e+01 -1.825385e+01 2.676370e+01
      vertex   -7.089597e+01 -1.825385e+01 2.676370e+01
      vertex   -7.524597e+01 -1.931451e+01 2.782436e+01
    endloop
  endfacet
  facet normal 1.155010e-15 -7.071068e-01 -7.071068e-01
    outer loop
      vertex   -7.524597e+01 -1.931451e+01 2.782436e+01
      vertex   -7.089597e+01 -1.825385e+01 2.676370e+01
      vertex   -7.089597e+01 -1.931451e+01 2.782436e+01
    endloop
  endfacet
  facet normal -7.259339e-05 -7.071068e-01 -7.071068e-01
    outer loop
      vertex   -7.370734e+01 -9.671321e+00 3.746755e+01
      vertex   -7.370734e+01 -8.964215e+00 3.676044e+01
      vertex   -7.370731e+01 -9.671321e+00 3.746755e+01
    endloop
  endfacet
  facet normal -7.259585e-05 -7.071068e-01 -7.071068e-01
    outer loop
      vertex   -7.370731e+01 -9.671321e+00 3.746755e+01
      vertex   -7.370734e+01 -8.964215e+00 3.676044e+01
      vertex   -7.370731e+01 -8.964215e+00 3.676044e+01
    endloop
  endfacet
  facet normal -1.000000e+00 5.133203e-05 5.133203e-05
    outer loop
      vertex   -7.370734e+01 -9.247062e+00 3.647760e+01
      vertex   -7.370734e+01 -9.954168e+00 3.718470e+01
      vertex   -7.370731e+01 -8.964215e+00 3.676044e+01
    endloop
  endfacet
  facet normal -1.000000e+00 5.133203e-05 5.133203e-05
    outer loop
      vertex   -7.370731e+01 -8.964215e+00 3.676044e+01
      vertex   -7.370734e+01 -9.954168e+00 3.718470e+01
      vertex   -7.370731e+01 -9.671321e+00 3.746755e+01
    endloop
  endfacet
  facet normal 1.000000e+00 5.024224e-14 5.024224e-14
    outer loop
      vertex   -7.370734e+01 -9.671321e+00 3.746755e+01
      vertex   -7.370734e+01 -9.954168e+00 3.718470e+01
      vertex   -7.370734e+01 -8.964215e+00 3.676044e+01
    endloop
  endfacet
  facet normal 1.000000e+00 5.024224e-14 5.024224e-14
    outer loop
      vertex   -7.370734e+01 -8.964215e+00 3.676044e+01
      vertex   -7.370734e+01 -9.954168e+00 3.718470e+01
      vertex   -7.370734e+01 -9.247062e+00 3.647760e+01
    endloop
  endfacet
  facet normal -1.063476e-14 7.071068e-01 7.071068e-01
    outer loop
      vertex   1.532979e+01 -1.769586e+01 1.664830e+01
      vertex   6.390555e+01 -1.972423e+01 1.867667e+01
      vertex   4.532979e+01 -1.769586e+01 1.664830e+01
    endloop
  endfacet
  facet normal -1.635563e-14 7.071068e-01 7.071068e-01
    outer loop
      vertex   4.532979e+01 -1.769586e+01 1.664830e+01
      vertex   6.390555e+01 -1.972423e+01 1.867667e+01
      vertex   6.390555e+01 -9.471178e+00 8.423623e+00
    endloop
  endfacet
  facet normal -1.657449e-14 7.071068e-01 7.071068e-01
    outer loop
      vertex   4.532979e+01 -1.769586e+01 1.664830e+01
      vertex   6.390555e+01 -9.471178e+00 8.423623e+00
      vertex   4.532979e+01 -9.471178e+00 8.423623e+00
    endloop
  endfacet
  facet normal -4.936186e-15 7.071068e-01 7.071068e-01
    outer loop
      vertex   1.532979e+01 -9.471178e+00 8.423623e+00
      vertex   -3.245969e+00 -9.471178e+00 8.423623e+00
      vertex   1.532979e+01 -1.769586e+01 1.664830e+01
    endloop
  endfacet
  facet normal -5.328771e-15 7.071068e-01 7.071068e-01
    outer loop
      vertex   1.532979e+01 -1.769586e+01 1.664830e+01
      vertex   -3.245969e+00 -9.471178e+00 8.423623e+00
      vertex   -3.245969e+00 -1.972423e+01 1.867667e+01
    endloop
  endfacet
  facet normal -1.073872e-14 7.071068e-01 7.071068e-01
    outer loop
      vertex   1.532979e+01 -1.769586e+01 1.664830e+01
      vertex   -3.245969e+00 -1.972423e+01 1.867667e+01
      vertex   6.390555e+01 -1.972423e+01 1.867667e+01
    endloop
  endfacet
  facet normal 2.028570e-16 7.071068e-01 -7.071068e-01
    outer loop
      vertex   1.532979e+01 -9.586628e+00 8.308173e+00
      vertex   -3.245969e+00 -9.586628e+00 8.308173e+00
      vertex   1.532979e+01 -9.471178e+00 8.423623e+00
    endloop
  endfacet
  facet normal 6.085709e-16 7.071068e-01 -7.071068e-01
    outer loop
      vertex   1.532979e+01 -9.471178e+00 8.423623e+00
      vertex   -3.245969e+00 -9.586628e+00 8.308173e+00
      vertex   -3.245969e+00 -9.471178e+00 8.423623e+00
    endloop
  endfacet
  facet normal 0.000000e+00 1.000000e+00 0.000000e+00
    outer loop
      vertex   -1.312107e+01 -1.058663e+01 3.865479e+00
      vertex   -1.353885e+01 -1.058663e+01 2.867341e+00
      vertex   -1.418223e+01 -1.058663e+01 3.725774e+00
    endloop
  endfacet
  facet normal 0.000000e+00 1.000000e+00 0.000000e+00
    outer loop
      vertex   -1.418223e+01 -1.058663e+01 3.725774e+00
      vertex   -1.353885e+01 -1.058663e+01 2.867341e+00
      vertex   -1.482561e+01 -1.058663e+01 2.867341e+00
    endloop
  endfacet
  facet normal 0.000000e+00 1.000000e+00 0.000000e+00
    outer loop
      vertex   -1.418223e+01 -1.058663e+01 3.725774e+00
      vertex   -1.482561e+01 -1.058663e+01 2.867341e+00
      vertex   -1.524339e+01 -1.058663e+01 3.865479e+00
    endloop
  endfacet
  facet normal 1.605094e-15 1.000000e+00 6.718206e-16
    outer loop
      vertex   -1.524339e+01 -1.058663e+01 3.865479e+00
      vertex   -1.482561e+01 -1.058663e+01 2.867341e+00
      vertex   -1.606977e+01 -1.058663e+01 3.195741e+00
    endloop
  endfacet
  facet normal 1.915852e-15 1.000000e+00 2.883808e-16
    outer loop
      vertex   -1.524339e+01 -1.058663e+01 3.865479e+00
      vertex   -1.606977e+01 -1.058663e+01 3.195741e+00
      vertex   -1.623223e+01 -1.058663e+01 4.275070e+00
    endloop
  endfacet
  facet normal 0.000000e+00 1.000000e+00 0.000000e+00
    outer loop
      vertex   -1.623223e+01 -1.058663e+01 4.275070e+00
      vertex   -1.606977e+01 -1.058663e+01 3.195741e+00
      vertex   -1.718891e+01 -1.058663e+01 3.830790e+00
    endloop
  endfacet
  facet normal 0.000000e+00 1.000000e+00 0.000000e+00
    outer loop
      vertex   -1.623223e+01 -1.058663e+01 4.275070e+00
      vertex   -1.718891e+01 -1.058663e+01 3.830790e+00
      vertex   -1.708137e+01 -1.058663e+01 4.926637e+00
    endloop
  endfacet
  facet normal 1.761750e-15 1.000000e+00 -1.728856e-16
    outer loop
      vertex   -1.708137e+01 -1.058663e+01 4.926637e+00
      vertex   -1.718891e+01 -1.058663e+01 3.830790e+00
      vertex   -1.810892e+01 -1.058663e+01 4.730430e+00
    endloop
  endfacet
  facet normal 1.507815e-15 1.000000e+00 1.156987e-15
    outer loop
      vertex   -1.708137e+01 -1.058663e+01 4.926637e+00
      vertex   -1.810892e+01 -1.058663e+01 4.730430e+00
      vertex   -1.773294e+01 -1.058663e+01 5.775774e+00
    endloop
  endfacet
  facet normal 1.775484e-15 1.000000e+00 1.060714e-15
    outer loop
      vertex   -1.773294e+01 -1.058663e+01 5.775774e+00
      vertex   -1.810892e+01 -1.058663e+01 4.730430e+00
      vertex   -1.876886e+01 -1.058663e+01 5.835075e+00
    endloop
  endfacet
  facet normal 1.651078e-15 1.000000e+00 -1.112502e-15
    outer loop
      vertex   -1.773294e+01 -1.058663e+01 5.775774e+00
      vertex   -1.876886e+01 -1.058663e+01 5.835075e+00
      vertex   -1.814253e+01 -1.058663e+01 6.764616e+00
    endloop
  endfacet
  facet normal 0.000000e+00 1.000000e+00 0.000000e+00
    outer loop
      vertex   -1.814253e+01 -1.058663e+01 6.764616e+00
      vertex   -1.876886e+01 -1.058663e+01 5.835075e+00
      vertex   -1.912502e+01 -1.058663e+01 7.071566e+00
    endloop
  endfacet
  facet normal 0.000000e+00 1.000000e+00 0.000000e+00
    outer loop
      vertex   -1.814253e+01 -1.058663e+01 6.764616e+00
      vertex   -1.912502e+01 -1.058663e+01 7.071566e+00
      vertex   -1.828223e+01 -1.058663e+01 7.825774e+00
    endloop
  endfacet
  facet normal 0.000000e+00 1.000000e+00 0.000000e+00
    outer loop
      vertex   -1.828223e+01 -1.058663e+01 7.825774e+00
      vertex   -1.912502e+01 -1.058663e+01 7.071566e+00
      vertex   -1.915382e+01 -1.058663e+01 8.358009e+00
    endloop
  endfacet
  facet normal 0.000000e+00 1.000000e+00 -0.000000e+00
    outer loop
      vertex   -1.828223e+01 -1.058663e+01 7.825774e+00
      vertex   -1.915382e+01 -1.058663e+01 8.358009e+00
      vertex   -1.814253e+01 -1.058663e+01 8.886933e+00
    endloop
  endfacet
  facet normal 0.000000e+00 1.000000e+00 0.000000e+00
    outer loop
      vertex   -1.814253e+01 -1.058663e+01 8.886933e+00
      vertex   -1.915382e+01 -1.058663e+01 8.358009e+00
      vertex   -1.885336e+01 -1.058663e+01 9.609201e+00
    endloop
  endfacet
  facet normal 1.284637e-15 1.000000e+00 1.264287e-15
    outer loop
      vertex   -1.814253e+01 -1.058663e+01 8.886933e+00
      vertex   -1.885336e+01 -1.058663e+01 9.609201e+00
      vertex   -1.773294e+01 -1.058663e+01 9.875774e+00
    endloop
  endfacet
  facet normal 1.818278e-15 1.000000e+00 -9.786279e-16
    outer loop
      vertex   -1.773294e+01 -1.058663e+01 9.875774e+00
      vertex   -1.885336e+01 -1.058663e+01 9.609201e+00
      vertex   -1.824352e+01 -1.058663e+01 1.074228e+01
    endloop
  endfacet
  facet normal 1.511190e-15 1.000000e+00 -1.159577e-15
    outer loop
      vertex   -1.773294e+01 -1.058663e+01 9.875774e+00
      vertex   -1.824352e+01 -1.058663e+01 1.074228e+01
      vertex   -1.708137e+01 -1.058663e+01 1.072491e+01
    endloop
  endfacet
  facet normal 1.535305e-15 1.000000e+00 4.544025e-16
    outer loop
      vertex   -1.708137e+01 -1.058663e+01 1.072491e+01
      vertex   -1.824352e+01 -1.058663e+01 1.074228e+01
      vertex   -1.736469e+01 -1.058663e+01 1.168219e+01
    endloop
  endfacet
  facet normal 0.000000e+00 1.000000e+00 -0.000000e+00
    outer loop
      vertex   -1.708137e+01 -1.058663e+01 1.072491e+01
      vertex   -1.736469e+01 -1.058663e+01 1.168219e+01
      vertex   -1.623223e+01 -1.058663e+01 1.137648e+01
    endloop
  endfacet
  facet normal 0.000000e+00 1.000000e+00 0.000000e+00
    outer loop
      vertex   -1.623223e+01 -1.058663e+01 1.137648e+01
      vertex   -1.736469e+01 -1.058663e+01 1.168219e+01
      vertex   -1.640180e+01 -1.058663e+01 1.230612e+01
    endloop
  endfacet
  facet normal 1.670212e-15 1.000000e+00 3.046468e-16
    outer loop
      vertex   -1.623223e+01 -1.058663e+01 1.137648e+01
      vertex   -1.640180e+01 -1.058663e+01 1.230612e+01
      vertex   -1.524339e+01 -1.058663e+01 1.178607e+01
    endloop
  endfacet
  facet normal 1.595472e-15 1.000000e+00 1.381635e-16
    outer loop
      vertex   -1.524339e+01 -1.058663e+01 1.178607e+01
      vertex   -1.640180e+01 -1.058663e+01 1.230612e+01
      vertex   -1.532203e+01 -1.058663e+01 1.269413e+01
    endloop
  endfacet
  facet normal 0.000000e+00 1.000000e+00 -0.000000e+00
    outer loop
      vertex   -1.524339e+01 -1.058663e+01 1.178607e+01
      vertex   -1.532203e+01 -1.058663e+01 1.269413e+01
      vertex   -1.418223e+01 -1.058663e+01 1.192577e+01
    endloop
  endfacet
  facet normal 2.661049e-15 1.000000e+00 3.947460e-15
    outer loop
      vertex   -1.418223e+01 -1.058663e+01 1.192577e+01
      vertex   -1.532203e+01 -1.058663e+01 1.269413e+01
      vertex   -1.418223e+01 -1.058663e+01 1.282577e+01
    endloop
  endfacet
  facet normal -2.661049e-15 1.000000e+00 3.947460e-15
    outer loop
      vertex   -1.418223e+01 -1.058663e+01 1.192577e+01
      vertex   -1.418223e+01 -1.058663e+01 1.282577e+01
      vertex   -1.304244e+01 -1.058663e+01 1.269413e+01
    endloop
  endfacet
  facet normal 3.210187e-15 1.000000e+00 -1.343641e-15
    outer loop
      vertex   -1.353885e+01 -1.058663e+01 2.867341e+00
      vertex   -1.312107e+01 -1.058663e+01 3.865479e+00
      vertex   -1.229470e+01 -1.058663e+01 3.195741e+00
    endloop
  endfacet
  facet normal 3.831705e-15 1.000000e+00 -5.767615e-16
    outer loop
      vertex   -1.229470e+01 -1.058663e+01 3.195741e+00
      vertex   -1.312107e+01 -1.058663e+01 3.865479e+00
      vertex   -1.213223e+01 -1.058663e+01 4.275070e+00
    endloop
  endfacet
  facet normal 0.000000e+00 1.000000e+00 0.000000e+00
    outer loop
      vertex   -1.229470e+01 -1.058663e+01 3.195741e+00
      vertex   -1.213223e+01 -1.058663e+01 4.275070e+00
      vertex   -1.117556e+01 -1.058663e+01 3.830790e+00
    endloop
  endfacet
  facet normal 0.000000e+00 1.000000e+00 0.000000e+00
    outer loop
      vertex   -1.117556e+01 -1.058663e+01 3.830790e+00
      vertex   -1.213223e+01 -1.058663e+01 4.275070e+00
      vertex   -1.128309e+01 -1.058663e+01 4.926637e+00
    endloop
  endfacet
  facet normal 1.761750e-15 1.000000e+00 1.728856e-16
    outer loop
      vertex   -1.117556e+01 -1.058663e+01 3.830790e+00
      vertex   -1.128309e+01 -1.058663e+01 4.926637e+00
      vertex   -1.025555e+01 -1.058663e+01 4.730430e+00
    endloop
  endfacet
  facet normal 1.507815e-15 1.000000e+00 -1.156987e-15
    outer loop
      vertex   -1.025555e+01 -1.058663e+01 4.730430e+00
      vertex   -1.128309e+01 -1.058663e+01 4.926637e+00
      vertex   -1.063153e+01 -1.058663e+01 5.775774e+00
    endloop
  endfacet
  facet normal 1.775484e-15 1.000000e+00 -1.060714e-15
    outer loop
      vertex   -1.025555e+01 -1.058663e+01 4.730430e+00
      vertex   -1.063153e+01 -1.058663e+01 5.775774e+00
      vertex   -9.595608e+00 -1.058663e+01 5.835075e+00
    endloop
  endfacet
  facet normal 1.651078e-15 1.000000e+00 1.112502e-15
    outer loop
      vertex   -9.595608e+00 -1.058663e+01 5.835075e+00
      vertex   -1.063153e+01 -1.058663e+01 5.775774e+00
      vertex   -1.022194e+01 -1.058663e+01 6.764616e+00
    endloop
  endfacet
  facet normal 0.000000e+00 1.000000e+00 -0.000000e+00
    outer loop
      vertex   -9.595608e+00 -1.058663e+01 5.835075e+00
      vertex   -1.022194e+01 -1.058663e+01 6.764616e+00
      vertex   -9.239442e+00 -1.058663e+01 7.071566e+00
    endloop
  endfacet
  facet normal 0.000000e+00 1.000000e+00 0.000000e+00
    outer loop
      vertex   -9.239442e+00 -1.058663e+01 7.071566e+00
      vertex   -1.022194e+01 -1.058663e+01 6.764616e+00
      vertex   -1.008223e+01 -1.058663e+01 7.825774e+00
    endloop
  endfacet
  facet normal 0.000000e+00 1.000000e+00 -0.000000e+00
    outer loop
      vertex   -9.239442e+00 -1.058663e+01 7.071566e+00
      vertex   -1.008223e+01 -1.058663e+01 7.825774e+00
      vertex   -9.210640e+00 -1.058663e+01 8.358009e+00
    endloop
  endfacet
  facet normal 0.000000e+00 1.000000e+00 0.000000e+00
    outer loop
      vertex   -9.210640e+00 -1.058663e+01 8.358009e+00
      vertex   -1.008223e+01 -1.058663e+01 7.825774e+00
      vertex   -1.022194e+01 -1.058663e+01 8.886933e+00
    endloop
  endfacet
  facet normal 0.000000e+00 1.000000e+00 0.000000e+00
    outer loop
      vertex   -9.210640e+00 -1.058663e+01 8.358009e+00
      vertex   -1.022194e+01 -1.058663e+01 8.886933e+00
      vertex   -9.511109e+00 -1.058663e+01 9.609201e+00
    endloop
  endfacet
  facet normal 1.284637e-15 1.000000e+00 -1.264287e-15
    outer loop
      vertex   -9.511109e+00 -1.058663e+01 9.609201e+00
      vertex   -1.022194e+01 -1.058663e+01 8.886933e+00
      vertex   -1.063153e+01 -1.058663e+01 9.875774e+00
    endloop
  endfacet
  facet normal 1.818278e-15 1.000000e+00 9.786279e-16
    outer loop
      vertex   -9.511109e+00 -1.058663e+01 9.609201e+00
      vertex   -1.063153e+01 -1.058663e+01 9.875774e+00
      vertex   -1.012095e+01 -1.058663e+01 1.074228e+01
    endloop
  endfacet
  facet normal 1.511190e-15 1.000000e+00 1.159577e-15
    outer loop
      vertex   -1.012095e+01 -1.058663e+01 1.074228e+01
      vertex   -1.063153e+01 -1.058663e+01 9.875774e+00
      vertex   -1.128309e+01 -1.058663e+01 1.072491e+01
    endloop
  endfacet
  facet normal 1.451760e-15 1.000000e+00 5.137229e-15
    outer loop
      vertex   -1.012095e+01 -1.058663e+01 1.074228e+01
      vertex   -1.128309e+01 -1.058663e+01 1.072491e+01
      vertex   -1.099977e+01 -1.058663e+01 1.168219e+01
    endloop
  endfacet
  facet normal 3.481069e-15 1.000000e+00 4.536617e-15
    outer loop
      vertex   -1.099977e+01 -1.058663e+01 1.168219e+01
      vertex   -1.128309e+01 -1.058663e+01 1.072491e+01
      vertex   -1.213223e+01 -1.058663e+01 1.137648e+01
    endloop
  endfacet
  facet normal 4.949446e-15 1.000000e+00 -9.027792e-16
    outer loop
      vertex   -1.099977e+01 -1.058663e+01 1.168219e+01
      vertex   -1.213223e+01 -1.058663e+01 1.137648e+01
      vertex   -1.196266e+01 -1.058663e+01 1.230612e+01
    endloop
  endfacet
  facet normal 3.340425e-15 1.000000e+00 -6.092937e-16
    outer loop
      vertex   -1.196266e+01 -1.058663e+01 1.230612e+01
      vertex   -1.213223e+01 -1.058663e+01 1.137648e+01
      vertex   -1.312107e+01 -1.058663e+01 1.178607e+01
    endloop
  endfacet
  facet normal 3.190944e-15 1.000000e+00 -2.763270e-16
    outer loop
      vertex   -1.196266e+01 -1.058663e+01 1.230612e+01
      vertex   -1.312107e+01 -1.058663e+01 1.178607e+01
      vertex   -1.304244e+01 -1.058663e+01 1.269413e+01
    endloop
  endfacet
  facet normal 0.000000e+00 1.000000e+00 0.000000e+00
    outer loop
      vertex   -1.304244e+01 -1.058663e+01 1.269413e+01
      vertex   -1.312107e+01 -1.058663e+01 1.178607e+01
      vertex   -1.418223e+01 -1.058663e+01 1.192577e+01
    endloop
  endfacet
  facet normal 9.914449e-01 1.663975e-15 1.305262e-01
    outer loop
      vertex   -1.563112e+01 -3.048726e+01 7.437546e+00
      vertex   -1.563112e+01 -2.548726e+01 7.437546e+00
      vertex   -1.568223e+01 -3.048726e+01 7.825774e+00
    endloop
  endfacet
  facet normal 9.914449e-01 8.667667e-16 1.305262e-01
    outer loop
      vertex   -1.568223e+01 -3.048726e+01 7.825774e+00
      vertex   -1.563112e+01 -2.548726e+01 7.437546e+00
      vertex   -1.568223e+01 -2.548726e+01 7.825774e+00
    endloop
  endfacet
  facet normal 9.914449e-01 5.421612e-16 -1.305262e-01
    outer loop
      vertex   -1.568223e+01 -3.048726e+01 7.825774e+00
      vertex   -1.568223e+01 -2.548726e+01 7.825774e+00
      vertex   -1.563112e+01 -3.048726e+01 8.214003e+00
    endloop
  endfacet
  facet normal 9.914449e-01 1.130695e-15 -1.305262e-01
    outer loop
      vertex   -1.563112e+01 -3.048726e+01 8.214003e+00
      vertex   -1.568223e+01 -2.548726e+01 7.825774e+00
      vertex   -1.563112e+01 -2.548726e+01 8.214003e+00
    endloop
  endfacet
  facet normal 9.238795e-01 4.971730e-16 -3.826834e-01
    outer loop
      vertex   -1.563112e+01 -3.048726e+01 8.214003e+00
      vertex   -1.563112e+01 -2.548726e+01 8.214003e+00
      vertex   -1.548127e+01 -3.048726e+01 8.575774e+00
    endloop
  endfacet
  facet normal 9.238795e-01 4.971730e-16 -3.826834e-01
    outer loop
      vertex   -1.548127e+01 -3.048726e+01 8.575774e+00
      vertex   -1.563112e+01 -2.548726e+01 8.214003e+00
      vertex   -1.548127e+01 -2.548726e+01 8.575774e+00
    endloop
  endfacet
  facet normal 7.933533e-01 -1.702301e-16 -6.087614e-01
    outer loop
      vertex   -1.548127e+01 -3.048726e+01 8.575774e+00
      vertex   -1.548127e+01 -2.548726e+01 8.575774e+00
      vertex   -1.524289e+01 -3.048726e+01 8.886435e+00
    endloop
  endfacet
  facet normal 7.933533e-01 -1.702301e-16 -6.087614e-01
    outer loop
      vertex   -1.524289e+01 -3.048726e+01 8.886435e+00
      vertex   -1.548127e+01 -2.548726e+01 8.575774e+00
      vertex   -1.524289e+01 -2.548726e+01 8.886435e+00
    endloop
  endfacet
  facet normal 6.087614e-01 -8.260323e-16 -7.933533e-01
    outer loop
      vertex   -1.524289e+01 -3.048726e+01 8.886435e+00
      vertex   -1.524289e+01 -2.548726e+01 8.886435e+00
      vertex   -1.493223e+01 -3.048726e+01 9.124813e+00
    endloop
  endfacet
  facet normal 6.087614e-01 -8.260323e-16 -7.933533e-01
    outer loop
      vertex   -1.493223e+01 -3.048726e+01 9.124813e+00
      vertex   -1.524289e+01 -2.548726e+01 8.886435e+00
      vertex   -1.493223e+01 -2.548726e+01 9.124813e+00
    endloop
  endfacet
  facet normal 3.826834e-01 -1.425542e-15 -9.238795e-01
    outer loop
      vertex   -1.493223e+01 -3.048726e+01 9.124813e+00
      vertex   -1.493223e+01 -2.548726e+01 9.124813e+00
      vertex   -1.457046e+01 -3.048726e+01 9.274663e+00
    endloop
  endfacet
  facet normal 3.826834e-01 -1.561498e-15 -9.238795e-01
    outer loop
      vertex   -1.457046e+01 -3.048726e+01 9.274663e+00
      vertex   -1.493223e+01 -2.548726e+01 9.124813e+00
      vertex   -1.457046e+01 -2.548726e+01 9.274663e+00
    endloop
  endfacet
  facet normal 1.305262e-01 -1.974275e-15 -9.914449e-01
    outer loop
      vertex   -1.457046e+01 -3.048726e+01 9.274663e+00
      vertex   -1.457046e+01 -2.548726e+01 9.274663e+00
      vertex   -1.418223e+01 -3.048726e+01 9.325774e+00
    endloop
  endfacet
  facet normal 1.305262e-01 -1.927903e-15 -9.914449e-01
    outer loop
      vertex   -1.418223e+01 -3.048726e+01 9.325774e+00
      vertex   -1.457046e+01 -2.548726e+01 9.274663e+00
      vertex   -1.418223e+01 -2.548726e+01 9.325774e+00
    endloop
  endfacet
  facet normal -1.305262e-01 -2.298881e-15 -9.914449e-01
    outer loop
      vertex   -1.418223e+01 -3.048726e+01 9.325774e+00
      vertex   -1.418223e+01 -2.548726e+01 9.325774e+00
      vertex   -1.379400e+01 -3.048726e+01 9.274663e+00
    endloop
  endfacet
  facet normal -1.305262e-01 -2.651113e-15 -9.914449e-01
    outer loop
      vertex   -1.379400e+01 -3.048726e+01 9.274663e+00
      vertex   -1.418223e+01 -2.548726e+01 9.325774e+00
      vertex   -1.379400e+01 -2.548726e+01 9.274663e+00
    endloop
  endfacet
  facet normal -3.826834e-01 -2.841421e-15 -9.238795e-01
    outer loop
      vertex   -1.379400e+01 -3.048726e+01 9.274663e+00
      vertex   -1.379400e+01 -2.548726e+01 9.274663e+00
      vertex   -1.343223e+01 -3.048726e+01 9.124813e+00
    endloop
  endfacet
  facet normal -3.826834e-01 -2.513194e-15 -9.238795e-01
    outer loop
      vertex   -1.343223e+01 -3.048726e+01 9.124813e+00
      vertex   -1.379400e+01 -2.548726e+01 9.274663e+00
      vertex   -1.343223e+01 -2.548726e+01 9.124813e+00
    endloop
  endfacet
  facet normal -6.087614e-01 -2.556236e-15 -7.933533e-01
    outer loop
      vertex   -1.343223e+01 -3.048726e+01 9.124813e+00
      vertex   -1.343223e+01 -2.548726e+01 9.124813e+00
      vertex   -1.312157e+01 -3.048726e+01 8.886435e+00
    endloop
  endfacet
  facet normal -6.087614e-01 -2.339961e-15 -7.933533e-01
    outer loop
      vertex   -1.312157e+01 -3.048726e+01 8.886435e+00
      vertex   -1.343223e+01 -2.548726e+01 9.124813e+00
      vertex   -1.312157e+01 -2.548726e+01 8.886435e+00
    endloop
  endfacet
  facet normal -7.933533e-01 -2.143220e-15 -6.087614e-01
    outer loop
      vertex   -1.312157e+01 -3.048726e+01 8.886435e+00
      vertex   -1.312157e+01 -2.548726e+01 8.886435e+00
      vertex   -1.288319e+01 -3.048726e+01 8.575774e+00
    endloop
  endfacet
  facet normal -7.933533e-01 -2.425076e-15 -6.087614e-01
    outer loop
      vertex   -1.288319e+01 -3.048726e+01 8.575774e+00
      vertex   -1.312157e+01 -2.548726e+01 8.886435e+00
      vertex   -1.288319e+01 -2.548726e+01 8.575774e+00
    endloop
  endfacet
  facet normal -9.238795e-01 -2.128651e-15 -3.826834e-01
    outer loop
      vertex   -1.288319e+01 -3.048726e+01 8.575774e+00
      vertex   -1.288319e+01 -2.548726e+01 8.575774e+00
      vertex   -1.273334e+01 -3.048726e+01 8.214003e+00
    endloop
  endfacet
  facet normal -9.238795e-01 -2.128651e-15 -3.826834e-01
    outer loop
      vertex   -1.273334e+01 -3.048726e+01 8.214003e+00
      vertex   -1.288319e+01 -2.548726e+01 8.575774e+00
      vertex   -1.273334e+01 -2.548726e+01 8.214003e+00
    endloop
  endfacet
  facet normal -9.914449e-01 -1.687161e-15 -1.305262e-01
    outer loop
      vertex   -1.273334e+01 -3.048726e+01 8.214003e+00
      vertex   -1.273334e+01 -2.548726e+01 8.214003e+00
      vertex   -1.268223e+01 -3.048726e+01 7.825774e+00
    endloop
  endfacet
  facet normal -9.914449e-01 7.399866e-17 -1.305262e-01
    outer loop
      vertex   -1.268223e+01 -3.048726e+01 7.825774e+00
      vertex   -1.273334e+01 -2.548726e+01 8.214003e+00
      vertex   -1.268223e+01 -2.548726e+01 7.825774e+00
    endloop
  endfacet
  facet normal -9.914449e-01 6.304653e-16 1.305262e-01
    outer loop
      vertex   -1.268223e+01 -3.048726e+01 7.825774e+00
      vertex   -1.268223e+01 -2.548726e+01 7.825774e+00
      vertex   -1.273334e+01 -3.048726e+01 7.437546e+00
    endloop
  endfacet
  facet normal -9.914449e-01 -1.084322e-15 1.305262e-01
    outer loop
      vertex   -1.273334e+01 -3.048726e+01 7.437546e+00
      vertex   -1.268223e+01 -2.548726e+01 7.825774e+00
      vertex   -1.273334e+01 -2.548726e+01 7.437546e+00
    endloop
  endfacet
  facet normal -9.238795e-01 -3.612165e-16 3.826834e-01
    outer loop
      vertex   -1.273334e+01 -3.048726e+01 7.437546e+00
      vertex   -1.273334e+01 -2.548726e+01 7.437546e+00
      vertex   -1.288319e+01 -3.048726e+01 7.075774e+00
    endloop
  endfacet
  facet normal -9.238795e-01 -3.612165e-16 3.826834e-01
    outer loop
      vertex   -1.288319e+01 -3.048726e+01 7.075774e+00
      vertex   -1.273334e+01 -2.548726e+01 7.437546e+00
      vertex   -1.288319e+01 -2.548726e+01 7.075774e+00
    endloop
  endfacet
  facet normal -7.933533e-01 3.865056e-16 6.087614e-01
    outer loop
      vertex   -1.288319e+01 -3.048726e+01 7.075774e+00
      vertex   -1.288319e+01 -2.548726e+01 7.075774e+00
      vertex   -1.312157e+01 -3.048726e+01 6.765114e+00
    endloop
  endfacet
  facet normal -7.933533e-01 5.602236e-16 6.087614e-01
    outer loop
      vertex   -1.312157e+01 -3.048726e+01 6.765114e+00
      vertex   -1.288319e+01 -2.548726e+01 7.075774e+00
      vertex   -1.312157e+01 -2.548726e+01 6.765114e+00
    endloop
  endfacet
  facet normal -6.087614e-01 1.183236e-15 7.933533e-01
    outer loop
      vertex   -1.312157e+01 -3.048726e+01 6.765114e+00
      vertex   -1.312157e+01 -2.548726e+01 6.765114e+00
      vertex   -1.343223e+01 -3.048726e+01 6.526736e+00
    endloop
  endfacet
  facet normal -6.087614e-01 6.097568e-16 7.933533e-01
    outer loop
      vertex   -1.343223e+01 -3.048726e+01 6.526736e+00
      vertex   -1.312157e+01 -2.548726e+01 6.765114e+00
      vertex   -1.343223e+01 -2.548726e+01 6.526736e+00
    endloop
  endfacet
  facet normal -3.826834e-01 1.289585e-15 9.238795e-01
    outer loop
      vertex   -1.343223e+01 -3.048726e+01 6.526736e+00
      vertex   -1.343223e+01 -2.548726e+01 6.526736e+00
      vertex   -1.379400e+01 -3.048726e+01 6.376886e+00
    endloop
  endfacet
  facet normal -3.826834e-01 1.589656e-15 9.238795e-01
    outer loop
      vertex   -1.379400e+01 -3.048726e+01 6.376886e+00
      vertex   -1.343223e+01 -2.548726e+01 6.526736e+00
      vertex   -1.379400e+01 -2.548726e+01 6.376886e+00
    endloop
  endfacet
  facet normal -1.305262e-01 2.104019e-15 9.914449e-01
    outer loop
      vertex   -1.379400e+01 -3.048726e+01 6.376886e+00
      vertex   -1.379400e+01 -2.548726e+01 6.376886e+00
      vertex   -1.418223e+01 -3.048726e+01 6.325774e+00
    endloop
  endfacet
  facet normal -1.305262e-01 2.104019e-15 9.914449e-01
    outer loop
      vertex   -1.418223e+01 -3.048726e+01 6.325774e+00
      vertex   -1.379400e+01 -2.548726e+01 6.376886e+00
      vertex   -1.418223e+01 -2.548726e+01 6.325774e+00
    endloop
  endfacet
  facet normal 1.305262e-01 2.474997e-15 9.914449e-01
    outer loop
      vertex   -1.418223e+01 -3.048726e+01 6.325774e+00
      vertex   -1.418223e+01 -2.548726e+01 6.325774e+00
      vertex   -1.457046e+01 -3.048726e+01 6.376886e+00
    endloop
  endfacet
  facet normal 1.305262e-01 2.169137e-15 9.914449e-01
    outer loop
      vertex   -1.457046e+01 -3.048726e+01 6.376886e+00
      vertex   -1.418223e+01 -2.548726e+01 6.325774e+00
      vertex   -1.457046e+01 -2.548726e+01 6.376886e+00
    endloop
  endfacet
  facet normal 3.826834e-01 2.485036e-15 9.238795e-01
    outer loop
      vertex   -1.457046e+01 -3.048726e+01 6.376886e+00
      vertex   -1.457046e+01 -2.548726e+01 6.376886e+00
      vertex   -1.493223e+01 -3.048726e+01 6.526736e+00
    endloop
  endfacet
  facet normal 3.826834e-01 2.649150e-15 9.238795e-01
    outer loop
      vertex   -1.493223e+01 -3.048726e+01 6.526736e+00
      vertex   -1.457046e+01 -2.548726e+01 6.376886e+00
      vertex   -1.493223e+01 -2.548726e+01 6.526736e+00
    endloop
  endfacet
  facet normal 6.087614e-01 2.772512e-15 7.933533e-01
    outer loop
      vertex   -1.493223e+01 -3.048726e+01 6.526736e+00
      vertex   -1.493223e+01 -2.548726e+01 6.526736e+00
      vertex   -1.524289e+01 -3.048726e+01 6.765114e+00
    endloop
  endfacet
  facet normal 6.087614e-01 2.697164e-15 7.933533e-01
    outer loop
      vertex   -1.524289e+01 -3.048726e+01 6.765114e+00
      vertex   -1.493223e+01 -2.548726e+01 6.526736e+00
      vertex   -1.524289e+01 -2.548726e+01 6.765114e+00
    endloop
  endfacet
  facet normal 7.933533e-01 2.533214e-15 6.087614e-01
    outer loop
      vertex   -1.524289e+01 -3.048726e+01 6.765114e+00
      vertex   -1.524289e+01 -2.548726e+01 6.765114e+00
      vertex   -1.548127e+01 -3.048726e+01 7.075774e+00
    endloop
  endfacet
  facet normal 7.933533e-01 2.316938e-15 6.087614e-01
    outer loop
      vertex   -1.548127e+01 -3.048726e+01 7.075774e+00
      vertex   -1.524289e+01 -2.548726e+01 6.765114e+00
      vertex   -1.548127e+01 -2.548726e+01 7.075774e+00
    endloop
  endfacet
  facet normal 9.238795e-01 2.060672e-15 3.826834e-01
    outer loop
      vertex   -1.548127e+01 -3.048726e+01 7.075774e+00
      vertex   -1.548127e+01 -2.548726e+01 7.075774e+00
      vertex   -1.563112e+01 -3.048726e+01 7.437546e+00
    endloop
  endfacet
  facet normal 9.238795e-01 2.060672e-15 3.826834e-01
    outer loop
      vertex   -1.563112e+01 -3.048726e+01 7.437546e+00
      vertex   -1.548127e+01 -2.548726e+01 7.075774e+00
      vertex   -1.563112e+01 -2.548726e+01 7.437546e+00
    endloop
  endfacet
  facet normal 9.923375e-01 -1.233877e-01 6.466477e-03
    outer loop
      vertex   -8.843215e+01 -1.108864e+01 -8.731122e+00
      vertex   -8.843215e+01 -1.103630e+01 -7.732493e+00
      vertex   -8.918453e+01 -1.712306e+01 -8.414872e+00
    endloop
  endfacet
  facet normal 9.923375e-01 -1.233877e-01 6.466477e-03
    outer loop
      vertex   -8.918453e+01 -1.712306e+01 -8.414872e+00
      vertex   -8.843215e+01 -1.103630e+01 -7.732493e+00
      vertex   -8.919088e+01 -1.712168e+01 -7.413572e+00
    endloop
  endfacet
  facet normal 3.893033e-10 -7.071068e-01 7.071068e-01
    outer loop
      vertex   -7.370734e+01 -8.964215e+00 3.676044e+01
      vertex   -7.370734e+01 -9.247062e+00 3.647760e+01
      vertex   -7.370731e+01 -8.964215e+00 3.676044e+01
    endloop
  endfacet
  facet normal 6.624298e-01 -7.480973e-01 3.920612e-02
    outer loop
      vertex   -8.843215e+01 -1.108864e+01 -8.731122e+00
      vertex   -7.683419e+01 -8.469377e-01 -9.267867e+00
      vertex   -8.843215e+01 -1.103630e+01 -7.732493e+00
    endloop
  endfacet
  facet normal 6.624298e-01 -7.480973e-01 3.920612e-02
    outer loop
      vertex   -8.843215e+01 -1.103630e+01 -7.732493e+00
      vertex   -7.683419e+01 -8.469377e-01 -9.267867e+00
      vertex   -7.683419e+01 -7.946018e-01 -8.269238e+00
    endloop
  endfacet
  facet normal -9.914449e-01 1.741453e-16 -1.305262e-01
    outer loop
      vertex   -1.022194e+01 -2.548726e+01 8.886933e+00
      vertex   -1.022194e+01 -1.058663e+01 8.886933e+00
      vertex   -1.008223e+01 -2.548726e+01 7.825774e+00
    endloop
  endfacet
  facet normal -9.914449e-01 -6.224194e-17 -1.305262e-01
    outer loop
      vertex   -1.008223e+01 -2.548726e+01 7.825774e+00
      vertex   -1.022194e+01 -1.058663e+01 8.886933e+00
      vertex   -1.008223e+01 -1.058663e+01 7.825774e+00
    endloop
  endfacet
  facet normal -9.914449e-01 6.224194e-17 1.305262e-01
    outer loop
      vertex   -1.008223e+01 -2.548726e+01 7.825774e+00
      vertex   -1.008223e+01 -1.058663e+01 7.825774e+00
      vertex   -1.022194e+01 -2.548726e+01 6.764616e+00
    endloop
  endfacet
  facet normal -9.914449e-01 -7.151217e-17 1.305262e-01
    outer loop
      vertex   -1.022194e+01 -2.548726e+01 6.764616e+00
      vertex   -1.008223e+01 -1.058663e+01 7.825774e+00
      vertex   -1.022194e+01 -1.058663e+01 6.764616e+00
    endloop
  endfacet
  facet normal -9.238795e-01 2.672418e-17 3.826834e-01
    outer loop
      vertex   -1.022194e+01 -2.548726e+01 6.764616e+00
      vertex   -1.022194e+01 -1.058663e+01 6.764616e+00
      vertex   -1.063153e+01 -2.548726e+01 5.775774e+00
    endloop
  endfacet
  facet normal -9.238795e-01 2.672418e-17 3.826834e-01
    outer loop
      vertex   -1.063153e+01 -2.548726e+01 5.775774e+00
      vertex   -1.022194e+01 -1.058663e+01 6.764616e+00
      vertex   -1.063153e+01 -1.058663e+01 5.775774e+00
    endloop
  endfacet
  facet normal -7.933533e-01 1.231393e-16 6.087614e-01
    outer loop
      vertex   -1.063153e+01 -2.548726e+01 5.775774e+00
      vertex   -1.063153e+01 -1.058663e+01 5.775774e+00
      vertex   -1.128309e+01 -2.548726e+01 4.926637e+00
    endloop
  endfacet
  facet normal -7.933533e-01 -6.601755e-17 6.087614e-01
    outer loop
      vertex   -1.128309e+01 -2.548726e+01 4.926637e+00
      vertex   -1.063153e+01 -1.058663e+01 5.775774e+00
      vertex   -1.128309e+01 -1.058663e+01 4.926637e+00
    endloop
  endfacet
  facet normal -6.087614e-01 6.601755e-17 7.933533e-01
    outer loop
      vertex   -1.128309e+01 -2.548726e+01 4.926637e+00
      vertex   -1.128309e+01 -1.058663e+01 4.926637e+00
      vertex   -1.213223e+01 -2.548726e+01 4.275070e+00
    endloop
  endfacet
  facet normal -6.087614e-01 -1.231393e-16 7.933533e-01
    outer loop
      vertex   -1.213223e+01 -2.548726e+01 4.275070e+00
      vertex   -1.128309e+01 -1.058663e+01 4.926637e+00
      vertex   -1.213223e+01 -1.058663e+01 4.275070e+00
    endloop
  endfacet
  facet normal -3.826834e-01 -2.672418e-17 9.238795e-01
    outer loop
      vertex   -1.213223e+01 -2.548726e+01 4.275070e+00
      vertex   -1.213223e+01 -1.058663e+01 4.275070e+00
      vertex   -1.312107e+01 -2.548726e+01 3.865479e+00
    endloop
  endfacet
  facet normal -3.826834e-01 -8.637879e-18 9.238795e-01
    outer loop
      vertex   -1.312107e+01 -2.548726e+01 3.865479e+00
      vertex   -1.213223e+01 -1.058663e+01 4.275070e+00
      vertex   -1.312107e+01 -1.058663e+01 3.865479e+00
    endloop
  endfacet
  facet normal -1.305262e-01 5.752425e-17 9.914449e-01
    outer loop
      vertex   -1.312107e+01 -2.548726e+01 3.865479e+00
      vertex   -1.312107e+01 -1.058663e+01 3.865479e+00
      vertex   -1.418223e+01 -2.548726e+01 3.725774e+00
    endloop
  endfacet
  facet normal -1.305262e-01 0.000000e+00 9.914449e-01
    outer loop
      vertex   -1.418223e+01 -2.548726e+01 3.725774e+00
      vertex   -1.312107e+01 -1.058663e+01 3.865479e+00
      vertex   -1.418223e+01 -1.058663e+01 3.725774e+00
    endloop
  endfacet
  facet normal 1.305262e-01 -0.000000e+00 9.914449e-01
    outer loop
      vertex   -1.418223e+01 -2.548726e+01 3.725774e+00
      vertex   -1.418223e+01 -1.058663e+01 3.725774e+00
      vertex   -1.524339e+01 -2.548726e+01 3.865479e+00
    endloop
  endfacet
  facet normal 1.305262e-01 -2.640327e-17 9.914449e-01
    outer loop
      vertex   -1.524339e+01 -2.548726e+01 3.865479e+00
      vertex   -1.418223e+01 -1.058663e+01 3.725774e+00
      vertex   -1.524339e+01 -1.058663e+01 3.865479e+00
    endloop
  endfacet
  facet normal 3.826834e-01 9.987995e-17 9.238795e-01
    outer loop
      vertex   -1.524339e+01 -2.548726e+01 3.865479e+00
      vertex   -1.524339e+01 -1.058663e+01 3.865479e+00
      vertex   -1.623223e+01 -2.548726e+01 4.275070e+00
    endloop
  endfacet
  facet normal 3.826834e-01 -3.779370e-17 9.238795e-01
    outer loop
      vertex   -1.623223e+01 -2.548726e+01 4.275070e+00
      vertex   -1.524339e+01 -1.058663e+01 3.865479e+00
      vertex   -1.623223e+01 -1.058663e+01 4.275070e+00
    endloop
  endfacet
  facet normal 6.087614e-01 1.011335e-16 7.933533e-01
    outer loop
      vertex   -1.623223e+01 -2.548726e+01 4.275070e+00
      vertex   -1.623223e+01 -1.058663e+01 4.275070e+00
      vertex   -1.708137e+01 -2.548726e+01 4.926637e+00
    endloop
  endfacet
  facet normal 6.087614e-01 -9.130092e-17 7.933533e-01
    outer loop
      vertex   -1.708137e+01 -2.548726e+01 4.926637e+00
      vertex   -1.623223e+01 -1.058663e+01 4.275070e+00
      vertex   -1.708137e+01 -1.058663e+01 4.926637e+00
    endloop
  endfacet
  facet normal 7.933533e-01 7.725406e-18 6.087614e-01
    outer loop
      vertex   -1.708137e+01 -2.548726e+01 4.926637e+00
      vertex   -1.708137e+01 -1.058663e+01 4.926637e+00
      vertex   -1.773294e+01 -2.548726e+01 5.775774e+00
    endloop
  endfacet
  facet normal 7.933533e-01 1.545081e-17 6.087614e-01
    outer loop
      vertex   -1.773294e+01 -2.548726e+01 5.775774e+00
      vertex   -1.708137e+01 -1.058663e+01 4.926637e+00
      vertex   -1.773294e+01 -1.058663e+01 5.775774e+00
    endloop
  endfacet
  facet normal 9.238795e-01 2.124505e-16 3.826834e-01
    outer loop
      vertex   -1.773294e+01 -2.548726e+01 5.775774e+00
      vertex   -1.773294e+01 -1.058663e+01 5.775774e+00
      vertex   -1.814253e+01 -2.548726e+01 6.764616e+00
    endloop
  endfacet
  facet normal 9.238795e-01 3.779370e-17 3.826834e-01
    outer loop
      vertex   -1.814253e+01 -2.548726e+01 6.764616e+00
      vertex   -1.773294e+01 -1.058663e+01 5.775774e+00
      vertex   -1.814253e+01 -1.058663e+01 6.764616e+00
    endloop
  endfacet
  facet normal 9.914449e-01 1.741453e-16 1.305262e-01
    outer loop
      vertex   -1.814253e+01 -2.548726e+01 6.764616e+00
      vertex   -1.814253e+01 -1.058663e+01 6.764616e+00
      vertex   -1.828223e+01 -2.548726e+01 7.825774e+00
    endloop
  endfacet
  facet normal 9.914449e-01 -7.002219e-17 1.305262e-01
    outer loop
      vertex   -1.828223e+01 -2.548726e+01 7.825774e+00
      vertex   -1.814253e+01 -1.058663e+01 6.764616e+00
      vertex   -1.828223e+01 -1.058663e+01 7.825774e+00
    endloop
  endfacet
  facet normal 9.914449e-01 7.002219e-17 -1.305262e-01
    outer loop
      vertex   -1.828223e+01 -2.548726e+01 7.825774e+00
      vertex   -1.828223e+01 -1.058663e+01 7.825774e+00
      vertex   -1.814253e+01 -2.548726e+01 8.886933e+00
    endloop
  endfacet
  facet normal 9.914449e-01 -1.585848e-16 -1.305262e-01
    outer loop
      vertex   -1.814253e+01 -2.548726e+01 8.886933e+00
      vertex   -1.828223e+01 -1.058663e+01 7.825774e+00
      vertex   -1.814253e+01 -1.058663e+01 8.886933e+00
    endloop
  endfacet
  facet normal 9.238795e-01 7.827332e-18 -3.826834e-01
    outer loop
      vertex   -1.814253e+01 -2.548726e+01 8.886933e+00
      vertex   -1.814253e+01 -1.058663e+01 8.886933e+00
      vertex   -1.773294e+01 -2.548726e+01 9.875774e+00
    endloop
  endfacet
  facet normal 9.238795e-01 -3.779370e-17 -3.826834e-01
    outer loop
      vertex   -1.773294e+01 -2.548726e+01 9.875774e+00
      vertex   -1.814253e+01 -1.058663e+01 8.886933e+00
      vertex   -1.773294e+01 -1.058663e+01 9.875774e+00
    endloop
  endfacet
  facet normal 7.933533e-01 1.011335e-16 -6.087614e-01
    outer loop
      vertex   -1.773294e+01 -2.548726e+01 9.875774e+00
      vertex   -1.773294e+01 -1.058663e+01 9.875774e+00
      vertex   -1.708137e+01 -2.548726e+01 1.072491e+01
    endloop
  endfacet
  facet normal 7.933533e-01 -1.605960e-16 -6.087614e-01
    outer loop
      vertex   -1.708137e+01 -2.548726e+01 1.072491e+01
      vertex   -1.773294e+01 -1.058663e+01 9.875774e+00
      vertex   -1.708137e+01 -1.058663e+01 1.072491e+01
    endloop
  endfacet
  facet normal 6.087614e-01 -6.555038e-18 -7.933533e-01
    outer loop
      vertex   -1.708137e+01 -2.548726e+01 1.072491e+01
      vertex   -1.708137e+01 -1.058663e+01 1.072491e+01
      vertex   -1.623223e+01 -2.548726e+01 1.137648e+01
    endloop
  endfacet
  facet normal 6.087614e-01 1.385901e-16 -7.933533e-01
    outer loop
      vertex   -1.623223e+01 -2.548726e+01 1.137648e+01
      vertex   -1.708137e+01 -1.058663e+01 1.072491e+01
      vertex   -1.623223e+01 -1.058663e+01 1.137648e+01
    endloop
  endfacet
  facet normal 3.826834e-01 2.391747e-16 -9.238795e-01
    outer loop
      vertex   -1.623223e+01 -2.548726e+01 1.137648e+01
      vertex   -1.623223e+01 -1.058663e+01 1.137648e+01
      vertex   -1.524339e+01 -2.548726e+01 1.178607e+01
    endloop
  endfacet
  facet normal 3.826834e-01 -1.179663e-16 -9.238795e-01
    outer loop
      vertex   -1.524339e+01 -2.548726e+01 1.178607e+01
      vertex   -1.623223e+01 -1.058663e+01 1.137648e+01
      vertex   -1.524339e+01 -1.058663e+01 1.178607e+01
    endloop
  endfacet
  facet normal 1.305262e-01 4.039119e-17 -9.914449e-01
    outer loop
      vertex   -1.524339e+01 -2.548726e+01 1.178607e+01
      vertex   -1.524339e+01 -1.058663e+01 1.178607e+01
      vertex   -1.418223e+01 -2.548726e+01 1.192577e+01
    endloop
  endfacet
  facet normal 1.305262e-01 -6.224194e-17 -9.914449e-01
    outer loop
      vertex   -1.418223e+01 -2.548726e+01 1.192577e+01
      vertex   -1.524339e+01 -1.058663e+01 1.178607e+01
      vertex   -1.418223e+01 -1.058663e+01 1.192577e+01
    endloop
  endfacet
  facet normal -1.305262e-01 6.224194e-17 -9.914449e-01
    outer loop
      vertex   -1.418223e+01 -2.548726e+01 1.192577e+01
      vertex   -1.418223e+01 -1.058663e+01 1.192577e+01
      vertex   -1.312107e+01 -2.548726e+01 1.178607e+01
    endloop
  endfacet
  facet normal -1.305262e-01 -7.151217e-17 -9.914449e-01
    outer loop
      vertex   -1.312107e+01 -2.548726e+01 1.178607e+01
      vertex   -1.418223e+01 -1.058663e+01 1.192577e+01
      vertex   -1.312107e+01 -1.058663e+01 1.178607e+01
    endloop
  endfacet
  facet normal -3.826834e-01 2.672418e-17 -9.238795e-01
    outer loop
      vertex   -1.312107e+01 -2.548726e+01 1.178607e+01
      vertex   -1.312107e+01 -1.058663e+01 1.178607e+01
      vertex   -1.213223e+01 -2.548726e+01 1.137648e+01
    endloop
  endfacet
  facet normal -3.826834e-01 -3.779370e-17 -9.238795e-01
    outer loop
      vertex   -1.213223e+01 -2.548726e+01 1.137648e+01
      vertex   -1.312107e+01 -1.058663e+01 1.178607e+01
      vertex   -1.213223e+01 -1.058663e+01 1.137648e+01
    endloop
  endfacet
  facet normal -6.087614e-01 1.011335e-16 -7.933533e-01
    outer loop
      vertex   -1.213223e+01 -2.548726e+01 1.137648e+01
      vertex   -1.213223e+01 -1.058663e+01 1.137648e+01
      vertex   -1.128309e+01 -2.548726e+01 1.072491e+01
    endloop
  endfacet
  facet normal -6.087614e-01 6.555038e-18 -7.933533e-01
    outer loop
      vertex   -1.128309e+01 -2.548726e+01 1.072491e+01
      vertex   -1.213223e+01 -1.058663e+01 1.137648e+01
      vertex   -1.128309e+01 -1.058663e+01 1.072491e+01
    endloop
  endfacet
  facet normal -7.933533e-01 1.605960e-16 -6.087614e-01
    outer loop
      vertex   -1.128309e+01 -2.548726e+01 1.072491e+01
      vertex   -1.128309e+01 -1.058663e+01 1.072491e+01
      vertex   -1.063153e+01 -2.548726e+01 9.875774e+00
    endloop
  endfacet
  facet normal -7.933533e-01 -1.011335e-16 -6.087614e-01
    outer loop
      vertex   -1.063153e+01 -2.548726e+01 9.875774e+00
      vertex   -1.128309e+01 -1.058663e+01 1.072491e+01
      vertex   -1.063153e+01 -1.058663e+01 9.875774e+00
    endloop
  endfacet
  facet normal -9.238795e-01 3.779370e-17 -3.826834e-01
    outer loop
      vertex   -1.063153e+01 -2.548726e+01 9.875774e+00
      vertex   -1.063153e+01 -1.058663e+01 9.875774e+00
      vertex   -1.022194e+01 -2.548726e+01 8.886933e+00
    endloop
  endfacet
  facet normal -9.238795e-01 3.779370e-17 -3.826834e-01
    outer loop
      vertex   -1.022194e+01 -2.548726e+01 8.886933e+00
      vertex   -1.063153e+01 -1.058663e+01 9.875774e+00
      vertex   -1.022194e+01 -1.058663e+01 8.886933e+00
    endloop
  endfacet
  facet normal 9.856635e-02 9.937667e-01 -5.208111e-02
    outer loop
      vertex   3.032979e+01 -7.321635e+00 1.085181e+00
      vertex   3.032979e+01 -7.792659e+00 -7.902485e+00
      vertex   2.984271e+01 -7.273457e+00 1.082656e+00
    endloop
  endfacet
  facet normal 9.856635e-02 9.937667e-01 -5.208111e-02
    outer loop
      vertex   2.984271e+01 -7.273457e+00 1.082656e+00
      vertex   3.032979e+01 -7.792659e+00 -7.902485e+00
      vertex   2.984271e+01 -7.744481e+00 -7.905010e+00
    endloop
  endfacet
  facet normal 3.373228e-01 9.400989e-01 -4.926850e-02
    outer loop
      vertex   2.984271e+01 -7.273457e+00 1.082656e+00
      vertex   2.984271e+01 -7.744481e+00 -7.905010e+00
      vertex   2.938194e+01 -7.108577e+00 1.074015e+00
    endloop
  endfacet
  facet normal 3.373228e-01 9.400989e-01 -4.926850e-02
    outer loop
      vertex   2.938194e+01 -7.108577e+00 1.074015e+00
      vertex   2.984271e+01 -7.744481e+00 -7.905010e+00
      vertex   2.938194e+01 -7.579601e+00 -7.913651e+00
    endloop
  endfacet
  facet normal 5.558761e-01 8.301259e-01 -4.350506e-02
    outer loop
      vertex   2.938194e+01 -7.108577e+00 1.074015e+00
      vertex   2.938194e+01 -7.579601e+00 -7.913651e+00
      vertex   2.897507e+01 -6.836871e+00 1.059775e+00
    endloop
  endfacet
  facet normal 5.558761e-01 8.301259e-01 -4.350506e-02
    outer loop
      vertex   2.897507e+01 -6.836871e+00 1.059775e+00
      vertex   2.938194e+01 -7.579601e+00 -7.913651e+00
      vertex   2.897507e+01 -7.307894e+00 -7.927890e+00
    endloop
  endfacet
  facet normal 7.411364e-01 6.704344e-01 -3.513598e-02
    outer loop
      vertex   2.897507e+01 -6.836871e+00 1.059775e+00
      vertex   2.897507e+01 -7.307894e+00 -7.927890e+00
      vertex   2.864647e+01 -6.474611e+00 1.040790e+00
    endloop
  endfacet
  facet normal 7.411364e-01 6.704344e-01 -3.513598e-02
    outer loop
      vertex   2.864647e+01 -6.474611e+00 1.040790e+00
      vertex   2.897507e+01 -7.307894e+00 -7.927890e+00
      vertex   2.864647e+01 -6.945635e+00 -7.946876e+00
    endloop
  endfacet
  facet normal 8.820080e-01 4.705887e-01 -2.466251e-02
    outer loop
      vertex   2.864647e+01 -6.474611e+00 1.040790e+00
      vertex   2.864647e+01 -6.945635e+00 -7.946876e+00
      vertex   2.841582e+01 -6.043495e+00 1.018196e+00
    endloop
  endfacet
  facet normal 8.820080e-01 4.705887e-01 -2.466251e-02
    outer loop
      vertex   2.841582e+01 -6.043495e+00 1.018196e+00
      vertex   2.864647e+01 -6.945635e+00 -7.946876e+00
      vertex   2.841582e+01 -6.514519e+00 -7.969470e+00
    endloop
  endfacet
  facet normal 9.700536e-01 2.425581e-01 -1.271193e-02
    outer loop
      vertex   2.841582e+01 -6.043495e+00 1.018196e+00
      vertex   2.841582e+01 -6.514519e+00 -7.969470e+00
      vertex   2.829693e+01 -5.569343e+00 9.933470e-01
    endloop
  endfacet
  facet normal 9.700536e-01 2.425581e-01 -1.271193e-02
    outer loop
      vertex   2.829693e+01 -5.569343e+00 9.933470e-01
      vertex   2.841582e+01 -6.514519e+00 -7.969470e+00
      vertex   2.829693e+01 -6.040367e+00 -7.994319e+00
    endloop
  endfacet
  facet normal 1.000000e+00 0.000000e+00 0.000000e+00
    outer loop
      vertex   2.829693e+01 -5.569343e+00 9.933470e-01
      vertex   2.829693e+01 -6.040367e+00 -7.994319e+00
      vertex   2.829693e+01 -5.080554e+00 9.677307e-01
    endloop
  endfacet
  facet normal 1.000000e+00 1.445565e-14 -1.548164e-15
    outer loop
      vertex   2.829693e+01 -5.080554e+00 9.677307e-01
      vertex   2.829693e+01 -6.040367e+00 -7.994319e+00
      vertex   2.829693e+01 -5.551578e+00 -8.019935e+00
    endloop
  endfacet
  facet normal 9.700536e-01 -2.425581e-01 1.271193e-02
    outer loop
      vertex   2.829693e+01 -5.080554e+00 9.677307e-01
      vertex   2.829693e+01 -5.551578e+00 -8.019935e+00
      vertex   2.841582e+01 -4.606402e+00 9.428814e-01
    endloop
  endfacet
  facet normal 9.700536e-01 -2.425581e-01 1.271193e-02
    outer loop
      vertex   2.841582e+01 -4.606402e+00 9.428814e-01
      vertex   2.829693e+01 -5.551578e+00 -8.019935e+00
      vertex   2.841582e+01 -5.077426e+00 -8.044784e+00
    endloop
  endfacet
  facet normal 8.820080e-01 -4.705887e-01 2.466251e-02
    outer loop
      vertex   2.841582e+01 -4.606402e+00 9.428814e-01
      vertex   2.841582e+01 -5.077426e+00 -8.044784e+00
      vertex   2.864647e+01 -4.175286e+00 9.202876e-01
    endloop
  endfacet
  facet normal 8.820080e-01 -4.705887e-01 2.466251e-02
    outer loop
      vertex   2.864647e+01 -4.175286e+00 9.202876e-01
      vertex   2.841582e+01 -5.077426e+00 -8.044784e+00
      vertex   2.864647e+01 -4.646310e+00 -8.067378e+00
    endloop
  endfacet
  facet normal 7.411364e-01 -6.704344e-01 3.513598e-02
    outer loop
      vertex   2.864647e+01 -4.175286e+00 9.202876e-01
      vertex   2.864647e+01 -4.646310e+00 -8.067378e+00
      vertex   2.897507e+01 -3.813026e+00 9.013024e-01
    endloop
  endfacet
  facet normal 7.411364e-01 -6.704344e-01 3.513598e-02
    outer loop
      vertex   2.897507e+01 -3.813026e+00 9.013024e-01
      vertex   2.864647e+01 -4.646310e+00 -8.067378e+00
      vertex   2.897507e+01 -4.284050e+00 -8.086363e+00
    endloop
  endfacet
  facet normal 5.558761e-01 -8.301259e-01 4.350506e-02
    outer loop
      vertex   2.897507e+01 -3.813026e+00 9.013024e-01
      vertex   2.897507e+01 -4.284050e+00 -8.086363e+00
      vertex   2.938194e+01 -3.541320e+00 8.870628e-01
    endloop
  endfacet
  facet normal 5.558761e-01 -8.301259e-01 4.350506e-02
    outer loop
      vertex   2.938194e+01 -3.541320e+00 8.870628e-01
      vertex   2.897507e+01 -4.284050e+00 -8.086363e+00
      vertex   2.938194e+01 -4.012344e+00 -8.100603e+00
    endloop
  endfacet
  facet normal 3.373228e-01 -9.400989e-01 4.926850e-02
    outer loop
      vertex   2.938194e+01 -3.541320e+00 8.870628e-01
      vertex   2.938194e+01 -4.012344e+00 -8.100603e+00
      vertex   2.984271e+01 -3.376440e+00 8.784218e-01
    endloop
  endfacet
  facet normal 3.373228e-01 -9.400989e-01 4.926850e-02
    outer loop
      vertex   2.984271e+01 -3.376440e+00 8.784218e-01
      vertex   2.938194e+01 -4.012344e+00 -8.100603e+00
      vertex   2.984271e+01 -3.847464e+00 -8.109244e+00
    endloop
  endfacet
  facet normal 9.856635e-02 -9.937667e-01 5.208111e-02
    outer loop
      vertex   2.984271e+01 -3.376440e+00 8.784218e-01
      vertex   2.984271e+01 -3.847464e+00 -8.109244e+00
      vertex   3.032979e+01 -3.328262e+00 8.758969e-01
    endloop
  endfacet
  facet normal 9.856635e-02 -9.937667e-01 5.208111e-02
    outer loop
      vertex   3.032979e+01 -3.328262e+00 8.758969e-01
      vertex   2.984271e+01 -3.847464e+00 -8.109244e+00
      vertex   3.032979e+01 -3.799286e+00 -8.111769e+00
    endloop
  endfacet
  facet normal 1.305262e-01 9.914449e-01 2.005655e-16
    outer loop
      vertex   -2.509120e+01 -8.001443e+00 -7.891543e+00
      vertex   -2.509120e+01 -8.001443e+00 3.668827e+00
      vertex   -2.444415e+01 -8.086628e+00 -7.887079e+00
    endloop
  endfacet
  facet normal 1.305262e-01 9.914449e-01 4.012859e-17
    outer loop
      vertex   -2.444415e+01 -8.086628e+00 -7.887079e+00
      vertex   -2.509120e+01 -8.001443e+00 3.668827e+00
      vertex   -2.444415e+01 -8.086628e+00 3.668827e+00
    endloop
  endfacet
  facet normal -1.305262e-01 9.914449e-01 -4.012859e-17
    outer loop
      vertex   -2.444415e+01 -8.086628e+00 -7.887079e+00
      vertex   -2.444415e+01 -8.086628e+00 3.668827e+00
      vertex   -2.379710e+01 -8.001443e+00 3.668827e+00
    endloop
  endfacet
  facet normal 3.826834e-01 9.238795e-01 5.880281e-16
    outer loop
      vertex   -2.509120e+01 -8.001443e+00 3.668827e+00
      vertex   -2.509120e+01 -8.001443e+00 -7.891543e+00
      vertex   -2.569415e+01 -7.751692e+00 3.668827e+00
    endloop
  endfacet
  facet normal 3.826834e-01 9.238795e-01 5.873631e-16
    outer loop
      vertex   -2.569415e+01 -7.751692e+00 3.668827e+00
      vertex   -2.509120e+01 -8.001443e+00 -7.891543e+00
      vertex   -2.569415e+01 -7.751692e+00 -7.904632e+00
    endloop
  endfacet
  facet normal 6.087614e-01 7.933533e-01 9.343598e-16
    outer loop
      vertex   -2.569415e+01 -7.751692e+00 3.668827e+00
      vertex   -2.569415e+01 -7.751692e+00 -7.904632e+00
      vertex   -2.621192e+01 -7.354395e+00 3.668827e+00
    endloop
  endfacet
  facet normal 6.087614e-01 7.933533e-01 9.326818e-16
    outer loop
      vertex   -2.621192e+01 -7.354395e+00 3.668827e+00
      vertex   -2.569415e+01 -7.751692e+00 -7.904632e+00
      vertex   -2.621192e+01 -7.354395e+00 -7.925453e+00
    endloop
  endfacet
  facet normal 7.933533e-01 6.087614e-01 1.215495e-15
    outer loop
      vertex   -2.621192e+01 -7.354395e+00 3.668827e+00
      vertex   -2.621192e+01 -7.354395e+00 -7.925453e+00
      vertex   -2.660921e+01 -6.836628e+00 3.668827e+00
    endloop
  endfacet
  facet normal 7.933533e-01 6.087614e-01 1.212657e-15
    outer loop
      vertex   -2.660921e+01 -6.836628e+00 3.668827e+00
      vertex   -2.621192e+01 -7.354395e+00 -7.925453e+00
      vertex   -2.660921e+01 -6.836628e+00 -7.952588e+00
    endloop
  endfacet
  facet normal 9.238795e-01 3.826834e-01 1.412168e-15
    outer loop
      vertex   -2.660921e+01 -6.836628e+00 3.668827e+00
      vertex   -2.660921e+01 -6.836628e+00 -7.952588e+00
      vertex   -2.685896e+01 -6.233676e+00 3.668827e+00
    endloop
  endfacet
  facet normal 9.238795e-01 3.826834e-01 1.690007e-15
    outer loop
      vertex   -2.685896e+01 -6.233676e+00 3.668827e+00
      vertex   -2.660921e+01 -6.836628e+00 -7.952588e+00
      vertex   -2.685896e+01 -6.233676e+00 -7.984188e+00
    endloop
  endfacet
  facet normal 9.914449e-01 1.305262e-01 1.813601e-15
    outer loop
      vertex   -2.685896e+01 -6.233676e+00 3.668827e+00
      vertex   -2.685896e+01 -6.233676e+00 -7.984188e+00
      vertex   -2.694415e+01 -5.586628e+00 3.668827e+00
    endloop
  endfacet
  facet normal 9.914449e-01 1.305262e-01 1.546628e-15
    outer loop
      vertex   -2.694415e+01 -5.586628e+00 3.668827e+00
      vertex   -2.685896e+01 -6.233676e+00 -7.984188e+00
      vertex   -2.694415e+01 -5.586628e+00 -8.018098e+00
    endloop
  endfacet
  facet normal 9.914449e-01 -1.305262e-01 1.467270e-15
    outer loop
      vertex   -2.694415e+01 -5.586628e+00 3.668827e+00
      vertex   -2.694415e+01 -5.586628e+00 -8.018098e+00
      vertex   -2.685896e+01 -4.939581e+00 3.668827e+00
    endloop
  endfacet
  facet normal 9.914449e-01 -1.305262e-01 1.822889e-15
    outer loop
      vertex   -2.685896e+01 -4.939581e+00 3.668827e+00
      vertex   -2.694415e+01 -5.586628e+00 -8.018098e+00
      vertex   -2.685896e+01 -4.939581e+00 -8.052009e+00
    endloop
  endfacet
  facet normal 9.238795e-01 -3.826834e-01 1.738226e-15
    outer loop
      vertex   -2.685896e+01 -4.939581e+00 3.668827e+00
      vertex   -2.685896e+01 -4.939581e+00 -8.052009e+00
      vertex   -2.660921e+01 -4.336628e+00 3.668827e+00
    endloop
  endfacet
  facet normal 9.238795e-01 -3.826834e-01 1.454267e-15
    outer loop
      vertex   -2.660921e+01 -4.336628e+00 3.668827e+00
      vertex   -2.685896e+01 -4.939581e+00 -8.052009e+00
      vertex   -2.660921e+01 -4.336628e+00 -8.083608e+00
    endloop
  endfacet
  facet normal 7.933533e-01 -6.087614e-01 1.291151e-15
    outer loop
      vertex   -2.660921e+01 -4.336628e+00 3.668827e+00
      vertex   -2.660921e+01 -4.336628e+00 -8.083608e+00
      vertex   -2.621192e+01 -3.818861e+00 3.668827e+00
    endloop
  endfacet
  facet normal 7.933533e-01 -6.087614e-01 1.196375e-15
    outer loop
      vertex   -2.621192e+01 -3.818861e+00 3.668827e+00
      vertex   -2.660921e+01 -4.336628e+00 -8.083608e+00
      vertex   -2.621192e+01 -3.818861e+00 -8.110743e+00
    endloop
  endfacet
  facet normal 6.087614e-01 -7.933533e-01 9.180110e-16
    outer loop
      vertex   -2.621192e+01 -3.818861e+00 3.668827e+00
      vertex   -2.621192e+01 -3.818861e+00 -8.110743e+00
      vertex   -2.569415e+01 -3.421565e+00 3.668827e+00
    endloop
  endfacet
  facet normal 6.087614e-01 -7.933533e-01 1.035818e-15
    outer loop
      vertex   -2.569415e+01 -3.421565e+00 3.668827e+00
      vertex   -2.621192e+01 -3.818861e+00 -8.110743e+00
      vertex   -2.569415e+01 -3.421565e+00 -8.131564e+00
    endloop
  endfacet
  facet normal 3.826834e-01 -9.238795e-01 7.151426e-16
    outer loop
      vertex   -2.569415e+01 -3.421565e+00 3.668827e+00
      vertex   -2.569415e+01 -3.421565e+00 -8.131564e+00
      vertex   -2.509120e+01 -3.171814e+00 3.668827e+00
    endloop
  endfacet
  facet normal 3.826834e-01 -9.238795e-01 4.950737e-16
    outer loop
      vertex   -2.509120e+01 -3.171814e+00 3.668827e+00
      vertex   -2.569415e+01 -3.421565e+00 -8.131564e+00
      vertex   -2.509120e+01 -3.171814e+00 -8.144653e+00
    endloop
  endfacet
  facet normal 1.305262e-01 -9.914449e-01 1.942847e-16
    outer loop
      vertex   -2.509120e+01 -3.171814e+00 3.668827e+00
      vertex   -2.509120e+01 -3.171814e+00 -8.144653e+00
      vertex   -2.444415e+01 -3.086628e+00 3.668827e+00
    endloop
  endfacet
  facet normal 1.305262e-01 -9.914449e-01 1.961941e-16
    outer loop
      vertex   -2.444415e+01 -3.086628e+00 3.668827e+00
      vertex   -2.509120e+01 -3.171814e+00 -8.144653e+00
      vertex   -2.444415e+01 -3.086628e+00 -8.149118e+00
    endloop
  endfacet
  facet normal -1.305262e-01 -9.914449e-01 -1.961941e-16
    outer loop
      vertex   -2.444415e+01 -3.086628e+00 3.668827e+00
      vertex   -2.444415e+01 -3.086628e+00 -8.149118e+00
      vertex   -2.379710e+01 -3.171814e+00 -8.144653e+00
    endloop
  endfacet
  facet normal -1.305262e-01 -9.914449e-01 -2.691014e-16
    outer loop
      vertex   -2.444415e+01 -3.086628e+00 3.668827e+00
      vertex   -2.379710e+01 -3.171814e+00 -8.144653e+00
      vertex   -2.379710e+01 -3.171814e+00 3.668827e+00
    endloop
  endfacet
  facet normal -3.826834e-01 -9.238795e-01 -5.645342e-16
    outer loop
      vertex   -2.379710e+01 -3.171814e+00 3.668827e+00
      vertex   -2.379710e+01 -3.171814e+00 -8.144653e+00
      vertex   -2.319415e+01 -3.421565e+00 -8.131564e+00
    endloop
  endfacet
  facet normal -3.826834e-01 -9.238795e-01 -6.487220e-16
    outer loop
      vertex   -2.379710e+01 -3.171814e+00 3.668827e+00
      vertex   -2.319415e+01 -3.421565e+00 -8.131564e+00
      vertex   -2.319415e+01 -3.421565e+00 3.668827e+00
    endloop
  endfacet
  facet normal -6.087614e-01 -7.933533e-01 -9.761044e-16
    outer loop
      vertex   -2.319415e+01 -3.421565e+00 3.668827e+00
      vertex   -2.319415e+01 -3.421565e+00 -8.131564e+00
      vertex   -2.267638e+01 -3.818861e+00 -8.110743e+00
    endloop
  endfacet
  facet normal -6.087614e-01 -7.933533e-01 -1.039790e-15
    outer loop
      vertex   -2.319415e+01 -3.421565e+00 3.668827e+00
      vertex   -2.267638e+01 -3.818861e+00 -8.110743e+00
      vertex   -2.267638e+01 -3.818861e+00 3.668827e+00
    endloop
  endfacet
  facet normal -7.933533e-01 -6.087614e-01 -1.288176e-15
    outer loop
      vertex   -2.267638e+01 -3.818861e+00 3.668827e+00
      vertex   -2.267638e+01 -3.818861e+00 -8.110743e+00
      vertex   -2.227909e+01 -4.336628e+00 -8.083608e+00
    endloop
  endfacet
  facet normal -7.933533e-01 -6.087614e-01 -1.291882e-15
    outer loop
      vertex   -2.267638e+01 -3.818861e+00 3.668827e+00
      vertex   -2.227909e+01 -4.336628e+00 -8.083608e+00
      vertex   -2.227909e+01 -4.336628e+00 3.668827e+00
    endloop
  endfacet
  facet normal -9.238795e-01 -3.826834e-01 -1.454267e-15
    outer loop
      vertex   -2.227909e+01 -4.336628e+00 3.668827e+00
      vertex   -2.227909e+01 -4.336628e+00 -8.083608e+00
      vertex   -2.202934e+01 -4.939581e+00 -8.052009e+00
    endloop
  endfacet
  facet normal -9.238795e-01 -3.826834e-01 -1.204653e-15
    outer loop
      vertex   -2.227909e+01 -4.336628e+00 3.668827e+00
      vertex   -2.202934e+01 -4.939581e+00 -8.052009e+00
      vertex   -2.202934e+01 -4.939581e+00 3.668827e+00
    endloop
  endfacet
  facet normal -9.914449e-01 -1.305262e-01 -1.231744e-15
    outer loop
      vertex   -2.202934e+01 -4.939581e+00 3.668827e+00
      vertex   -2.202934e+01 -4.939581e+00 -8.052009e+00
      vertex   -2.194415e+01 -5.586628e+00 -8.018098e+00
    endloop
  endfacet
  facet normal -9.914449e-01 -1.305262e-01 -1.507457e-15
    outer loop
      vertex   -2.202934e+01 -4.939581e+00 3.668827e+00
      vertex   -2.194415e+01 -5.586628e+00 -8.018098e+00
      vertex   -2.194415e+01 -5.586628e+00 3.668827e+00
    endloop
  endfacet
  facet normal -9.914449e-01 1.305262e-01 -1.506949e-15
    outer loop
      vertex   -2.194415e+01 -5.586628e+00 3.668827e+00
      vertex   -2.194415e+01 -5.586628e+00 -8.018098e+00
      vertex   -2.202934e+01 -6.233676e+00 -7.984188e+00
    endloop
  endfacet
  facet normal -9.914449e-01 1.305262e-01 -1.198891e-15
    outer loop
      vertex   -2.194415e+01 -5.586628e+00 3.668827e+00
      vertex   -2.202934e+01 -6.233676e+00 -7.984188e+00
      vertex   -2.202934e+01 -6.233676e+00 3.668827e+00
    endloop
  endfacet
  facet normal -9.238795e-01 3.826834e-01 -1.097504e-15
    outer loop
      vertex   -2.202934e+01 -6.233676e+00 3.668827e+00
      vertex   -2.202934e+01 -6.233676e+00 -7.984188e+00
      vertex   -2.227909e+01 -6.836628e+00 -7.952588e+00
    endloop
  endfacet
  facet normal -9.238795e-01 3.826834e-01 -1.354021e-15
    outer loop
      vertex   -2.202934e+01 -6.233676e+00 3.668827e+00
      vertex   -2.227909e+01 -6.836628e+00 -7.952588e+00
      vertex   -2.227909e+01 -6.836628e+00 3.668827e+00
    endloop
  endfacet
  facet normal -7.933533e-01 6.087614e-01 -1.119606e-15
    outer loop
      vertex   -2.227909e+01 -6.836628e+00 3.668827e+00
      vertex   -2.227909e+01 -6.836628e+00 -7.952588e+00
      vertex   -2.267638e+01 -7.354395e+00 -7.925453e+00
    endloop
  endfacet
  facet normal -7.933533e-01 6.087614e-01 -1.217802e-15
    outer loop
      vertex   -2.227909e+01 -6.836628e+00 3.668827e+00
      vertex   -2.267638e+01 -7.354395e+00 -7.925453e+00
      vertex   -2.267638e+01 -7.354395e+00 3.668827e+00
    endloop
  endfacet
  facet normal -6.087614e-01 7.933533e-01 -9.326818e-16
    outer loop
      vertex   -2.267638e+01 -7.354395e+00 3.668827e+00
      vertex   -2.267638e+01 -7.354395e+00 -7.925453e+00
      vertex   -2.319415e+01 -7.751692e+00 -7.904632e+00
    endloop
  endfacet
  facet normal -6.087614e-01 7.933533e-01 -8.745735e-16
    outer loop
      vertex   -2.267638e+01 -7.354395e+00 3.668827e+00
      vertex   -2.319415e+01 -7.751692e+00 -7.904632e+00
      vertex   -2.319415e+01 -7.751692e+00 3.668827e+00
    endloop
  endfacet
  facet normal -3.826834e-01 9.238795e-01 -5.164621e-16
    outer loop
      vertex   -2.319415e+01 -7.751692e+00 3.668827e+00
      vertex   -2.319415e+01 -7.751692e+00 -7.904632e+00
      vertex   -2.379710e+01 -8.001443e+00 -7.891543e+00
    endloop
  endfacet
  facet normal -3.826834e-01 9.238795e-01 -4.451395e-16
    outer loop
      vertex   -2.319415e+01 -7.751692e+00 3.668827e+00
      vertex   -2.379710e+01 -8.001443e+00 -7.891543e+00
      vertex   -2.379710e+01 -8.001443e+00 3.668827e+00
    endloop
  endfacet
  facet normal -1.305262e-01 9.914449e-01 -4.822087e-17
    outer loop
      vertex   -2.379710e+01 -8.001443e+00 3.668827e+00
      vertex   -2.379710e+01 -8.001443e+00 -7.891543e+00
      vertex   -2.444415e+01 -8.086628e+00 -7.887079e+00
    endloop
  endfacet
  facet normal 9.914449e-01 -1.303473e-01 6.831213e-03
    outer loop
      vertex   -8.659292e+01 -1.316576e+01 -7.620893e+00
      vertex   -8.659292e+01 -1.274707e+01 3.681433e-01
      vertex   -8.666107e+01 -1.368269e+01 -7.593802e+00
    endloop
  endfacet
  facet normal 9.914449e-01 -1.303473e-01 6.831213e-03
    outer loop
      vertex   -8.666107e+01 -1.368269e+01 -7.593802e+00
      vertex   -8.659292e+01 -1.274707e+01 3.681433e-01
      vertex   -8.666107e+01 -1.326400e+01 3.952344e-01
    endloop
  endfacet
  facet normal 9.914449e-01 1.303473e-01 -6.831213e-03
    outer loop
      vertex   -8.666107e+01 -1.368269e+01 -7.593802e+00
      vertex   -8.666107e+01 -1.326400e+01 3.952344e-01
      vertex   -8.659292e+01 -1.419961e+01 -7.566711e+00
    endloop
  endfacet
  facet normal 9.914449e-01 1.303473e-01 -6.831213e-03
    outer loop
      vertex   -8.659292e+01 -1.419961e+01 -7.566711e+00
      vertex   -8.666107e+01 -1.326400e+01 3.952344e-01
      vertex   -8.659292e+01 -1.378093e+01 4.223255e-01
    endloop
  endfacet
  facet normal 9.238795e-01 3.821590e-01 -2.002810e-02
    outer loop
      vertex   -8.659292e+01 -1.419961e+01 -7.566711e+00
      vertex   -8.659292e+01 -1.378093e+01 4.223255e-01
      vertex   -8.639312e+01 -1.468132e+01 -7.541466e+00
    endloop
  endfacet
  facet normal 9.238795e-01 3.821590e-01 -2.002810e-02
    outer loop
      vertex   -8.639312e+01 -1.468132e+01 -7.541466e+00
      vertex   -8.659292e+01 -1.378093e+01 4.223255e-01
      vertex   -8.639312e+01 -1.426263e+01 4.475704e-01
    endloop
  endfacet
  facet normal 7.933533e-01 6.079271e-01 -3.186011e-02
    outer loop
      vertex   -8.639312e+01 -1.468132e+01 -7.541466e+00
      vertex   -8.639312e+01 -1.426263e+01 4.475704e-01
      vertex   -8.607528e+01 -1.509496e+01 -7.519788e+00
    endloop
  endfacet
  facet normal 7.933533e-01 6.079271e-01 -3.186011e-02
    outer loop
      vertex   -8.607528e+01 -1.509496e+01 -7.519788e+00
      vertex   -8.639312e+01 -1.426263e+01 4.475704e-01
      vertex   -8.607528e+01 -1.467627e+01 4.692487e-01
    endloop
  endfacet
  facet normal 6.087614e-01 7.922661e-01 -4.152091e-02
    outer loop
      vertex   -8.607528e+01 -1.509496e+01 -7.519788e+00
      vertex   -8.607528e+01 -1.467627e+01 4.692487e-01
      vertex   -8.566107e+01 -1.541236e+01 -7.503153e+00
    endloop
  endfacet
  facet normal 6.087614e-01 7.922661e-01 -4.152091e-02
    outer loop
      vertex   -8.566107e+01 -1.541236e+01 -7.503153e+00
      vertex   -8.607528e+01 -1.467627e+01 4.692487e-01
      vertex   -8.566107e+01 -1.499368e+01 4.858830e-01
    endloop
  endfacet
  facet normal 3.826834e-01 9.226134e-01 -4.835212e-02
    outer loop
      vertex   -8.566107e+01 -1.541236e+01 -7.503153e+00
      vertex   -8.566107e+01 -1.499368e+01 4.858830e-01
      vertex   -8.517871e+01 -1.561189e+01 -7.492697e+00
    endloop
  endfacet
  facet normal 3.826834e-01 9.226134e-01 -4.835212e-02
    outer loop
      vertex   -8.517871e+01 -1.561189e+01 -7.492697e+00
      vertex   -8.566107e+01 -1.499368e+01 4.858830e-01
      vertex   -8.517871e+01 -1.519320e+01 4.963397e-01
    endloop
  endfacet
  facet normal 1.305262e-01 9.900861e-01 -5.188821e-02
    outer loop
      vertex   -8.517871e+01 -1.561189e+01 -7.492697e+00
      vertex   -8.517871e+01 -1.519320e+01 4.963397e-01
      vertex   -8.466107e+01 -1.567994e+01 -7.489130e+00
    endloop
  endfacet
  facet normal 1.305262e-01 9.900861e-01 -5.188821e-02
    outer loop
      vertex   -8.466107e+01 -1.567994e+01 -7.489130e+00
      vertex   -8.517871e+01 -1.519320e+01 4.963397e-01
      vertex   -8.466107e+01 -1.526126e+01 4.999063e-01
    endloop
  endfacet
  facet normal -1.305262e-01 9.900861e-01 -5.188821e-02
    outer loop
      vertex   -8.466107e+01 -1.567994e+01 -7.489130e+00
      vertex   -8.466107e+01 -1.526126e+01 4.999063e-01
      vertex   -8.414343e+01 -1.561189e+01 -7.492697e+00
    endloop
  endfacet
  facet normal -1.305262e-01 9.900861e-01 -5.188821e-02
    outer loop
      vertex   -8.414343e+01 -1.561189e+01 -7.492697e+00
      vertex   -8.466107e+01 -1.526126e+01 4.999063e-01
      vertex   -8.414343e+01 -1.519320e+01 4.963397e-01
    endloop
  endfacet
  facet normal -3.826834e-01 9.226134e-01 -4.835212e-02
    outer loop
      vertex   -8.414343e+01 -1.561189e+01 -7.492697e+00
      vertex   -8.414343e+01 -1.519320e+01 4.963397e-01
      vertex   -8.366107e+01 -1.541236e+01 -7.503153e+00
    endloop
  endfacet
  facet normal -3.826834e-01 9.226134e-01 -4.835212e-02
    outer loop
      vertex   -8.366107e+01 -1.541236e+01 -7.503153e+00
      vertex   -8.414343e+01 -1.519320e+01 4.963397e-01
      vertex   -8.366107e+01 -1.499368e+01 4.858830e-01
    endloop
  endfacet
  facet normal -6.087614e-01 7.922661e-01 -4.152091e-02
    outer loop
      vertex   -8.366107e+01 -1.541236e+01 -7.503153e+00
      vertex   -8.366107e+01 -1.499368e+01 4.858830e-01
      vertex   -8.324686e+01 -1.509496e+01 -7.519788e+00
    endloop
  endfacet
  facet normal -6.087614e-01 7.922661e-01 -4.152091e-02
    outer loop
      vertex   -8.324686e+01 -1.509496e+01 -7.519788e+00
      vertex   -8.366107e+01 -1.499368e+01 4.858830e-01
      vertex   -8.324686e+01 -1.467627e+01 4.692487e-01
    endloop
  endfacet
  facet normal -7.933533e-01 6.079271e-01 -3.186011e-02
    outer loop
      vertex   -8.324686e+01 -1.509496e+01 -7.519788e+00
      vertex   -8.324686e+01 -1.467627e+01 4.692487e-01
      vertex   -8.292902e+01 -1.468132e+01 -7.541466e+00
    endloop
  endfacet
  facet normal -7.933533e-01 6.079271e-01 -3.186011e-02
    outer loop
      vertex   -8.292902e+01 -1.468132e+01 -7.541466e+00
      vertex   -8.324686e+01 -1.467627e+01 4.692487e-01
      vertex   -8.292902e+01 -1.426263e+01 4.475704e-01
    endloop
  endfacet
  facet normal -9.238795e-01 3.821590e-01 -2.002810e-02
    outer loop
      vertex   -8.292902e+01 -1.468132e+01 -7.541466e+00
      vertex   -8.292902e+01 -1.426263e+01 4.475704e-01
      vertex   -8.272922e+01 -1.419961e+01 -7.566711e+00
    endloop
  endfacet
  facet normal -9.238795e-01 3.821590e-01 -2.002810e-02
    outer loop
      vertex   -8.272922e+01 -1.419961e+01 -7.566711e+00
      vertex   -8.292902e+01 -1.426263e+01 4.475704e-01
      vertex   -8.272922e+01 -1.378093e+01 4.223255e-01
    endloop
  endfacet
  facet normal -9.914449e-01 1.303473e-01 -6.831213e-03
    outer loop
      vertex   -8.272922e+01 -1.419961e+01 -7.566711e+00
      vertex   -8.272922e+01 -1.378093e+01 4.223255e-01
      vertex   -8.266107e+01 -1.368269e+01 -7.593802e+00
    endloop
  endfacet
  facet normal -9.914449e-01 1.303473e-01 -6.831213e-03
    outer loop
      vertex   -8.266107e+01 -1.368269e+01 -7.593802e+00
      vertex   -8.272922e+01 -1.378093e+01 4.223255e-01
      vertex   -8.266107e+01 -1.326400e+01 3.952344e-01
    endloop
  endfacet
  facet normal -9.914449e-01 -1.303473e-01 6.831213e-03
    outer loop
      vertex   -8.266107e+01 -1.368269e+01 -7.593802e+00
      vertex   -8.266107e+01 -1.326400e+01 3.952344e-01
      vertex   -8.272922e+01 -1.316576e+01 -7.620893e+00
    endloop
  endfacet
  facet normal -9.914449e-01 -1.303473e-01 6.831213e-03
    outer loop
      vertex   -8.272922e+01 -1.316576e+01 -7.620893e+00
      vertex   -8.266107e+01 -1.326400e+01 3.952344e-01
      vertex   -8.272922e+01 -1.274707e+01 3.681433e-01
    endloop
  endfacet
  facet normal -9.238795e-01 -3.821590e-01 2.002810e-02
    outer loop
      vertex   -8.272922e+01 -1.316576e+01 -7.620893e+00
      vertex   -8.272922e+01 -1.274707e+01 3.681433e-01
      vertex   -8.292902e+01 -1.268406e+01 -7.646138e+00
    endloop
  endfacet
  facet normal -9.238795e-01 -3.821590e-01 2.002810e-02
    outer loop
      vertex   -8.292902e+01 -1.268406e+01 -7.646138e+00
      vertex   -8.272922e+01 -1.274707e+01 3.681433e-01
      vertex   -8.292902e+01 -1.226537e+01 3.428985e-01
    endloop
  endfacet
  facet normal -7.933533e-01 -6.079271e-01 3.186011e-02
    outer loop
      vertex   -8.292902e+01 -1.268406e+01 -7.646138e+00
      vertex   -8.292902e+01 -1.226537e+01 3.428985e-01
      vertex   -8.324686e+01 -1.227041e+01 -7.667816e+00
    endloop
  endfacet
  facet normal -7.933533e-01 -6.079271e-01 3.186011e-02
    outer loop
      vertex   -8.324686e+01 -1.227041e+01 -7.667816e+00
      vertex   -8.292902e+01 -1.226537e+01 3.428985e-01
      vertex   -8.324686e+01 -1.185172e+01 3.212202e-01
    endloop
  endfacet
  facet normal -6.087614e-01 -7.922661e-01 4.152091e-02
    outer loop
      vertex   -8.324686e+01 -1.227041e+01 -7.667816e+00
      vertex   -8.324686e+01 -1.185172e+01 3.212202e-01
      vertex   -8.366107e+01 -1.195301e+01 -7.684450e+00
    endloop
  endfacet
  facet normal -6.087614e-01 -7.922661e-01 4.152091e-02
    outer loop
      vertex   -8.366107e+01 -1.195301e+01 -7.684450e+00
      vertex   -8.324686e+01 -1.185172e+01 3.212202e-01
      vertex   -8.366107e+01 -1.153432e+01 3.045859e-01
    endloop
  endfacet
  facet normal -3.826834e-01 -9.226134e-01 4.835212e-02
    outer loop
      vertex   -8.366107e+01 -1.195301e+01 -7.684450e+00
      vertex   -8.366107e+01 -1.153432e+01 3.045859e-01
      vertex   -8.414343e+01 -1.175348e+01 -7.694907e+00
    endloop
  endfacet
  facet normal -3.826834e-01 -9.226134e-01 4.835212e-02
    outer loop
      vertex   -8.414343e+01 -1.175348e+01 -7.694907e+00
      vertex   -8.366107e+01 -1.153432e+01 3.045859e-01
      vertex   -8.414343e+01 -1.133479e+01 2.941291e-01
    endloop
  endfacet
  facet normal -1.305262e-01 -9.900861e-01 5.188821e-02
    outer loop
      vertex   -8.414343e+01 -1.175348e+01 -7.694907e+00
      vertex   -8.414343e+01 -1.133479e+01 2.941291e-01
      vertex   -8.466107e+01 -1.168543e+01 -7.698474e+00
    endloop
  endfacet
  facet normal -1.305262e-01 -9.900861e-01 5.188821e-02
    outer loop
      vertex   -8.466107e+01 -1.168543e+01 -7.698474e+00
      vertex   -8.414343e+01 -1.133479e+01 2.941291e-01
      vertex   -8.466107e+01 -1.126674e+01 2.905625e-01
    endloop
  endfacet
  facet normal 1.305262e-01 -9.900861e-01 5.188821e-02
    outer loop
      vertex   -8.466107e+01 -1.168543e+01 -7.698474e+00
      vertex   -8.466107e+01 -1.126674e+01 2.905625e-01
      vertex   -8.517871e+01 -1.175348e+01 -7.694907e+00
    endloop
  endfacet
  facet normal 1.305262e-01 -9.900861e-01 5.188821e-02
    outer loop
      vertex   -8.517871e+01 -1.175348e+01 -7.694907e+00
      vertex   -8.466107e+01 -1.126674e+01 2.905625e-01
      vertex   -8.517871e+01 -1.133479e+01 2.941291e-01
    endloop
  endfacet
  facet normal 3.826834e-01 -9.226134e-01 4.835212e-02
    outer loop
      vertex   -8.517871e+01 -1.175348e+01 -7.694907e+00
      vertex   -8.517871e+01 -1.133479e+01 2.941291e-01
      vertex   -8.566107e+01 -1.195301e+01 -7.684450e+00
    endloop
  endfacet
  facet normal 3.826834e-01 -9.226134e-01 4.835212e-02
    outer loop
      vertex   -8.566107e+01 -1.195301e+01 -7.684450e+00
      vertex   -8.517871e+01 -1.133479e+01 2.941291e-01
      vertex   -8.566107e+01 -1.153432e+01 3.045859e-01
    endloop
  endfacet
  facet normal 6.087614e-01 -7.922661e-01 4.152091e-02
    outer loop
      vertex   -8.566107e+01 -1.195301e+01 -7.684450e+00
      vertex   -8.566107e+01 -1.153432e+01 3.045859e-01
      vertex   -8.607528e+01 -1.227041e+01 -7.667816e+00
    endloop
  endfacet
  facet normal 6.087614e-01 -7.922661e-01 4.152091e-02
    outer loop
      vertex   -8.607528e+01 -1.227041e+01 -7.667816e+00
      vertex   -8.566107e+01 -1.153432e+01 3.045859e-01
      vertex   -8.607528e+01 -1.185172e+01 3.212202e-01
    endloop
  endfacet
  facet normal 7.933533e-01 -6.079271e-01 3.186011e-02
    outer loop
      vertex   -8.607528e+01 -1.227041e+01 -7.667816e+00
      vertex   -8.607528e+01 -1.185172e+01 3.212202e-01
      vertex   -8.639312e+01 -1.268406e+01 -7.646138e+00
    endloop
  endfacet
  facet normal 7.933533e-01 -6.079271e-01 3.186011e-02
    outer loop
      vertex   -8.639312e+01 -1.268406e+01 -7.646138e+00
      vertex   -8.607528e+01 -1.185172e+01 3.212202e-01
      vertex   -8.639312e+01 -1.226537e+01 3.428985e-01
    endloop
  endfacet
  facet normal 9.238795e-01 -3.821590e-01 2.002810e-02
    outer loop
      vertex   -8.639312e+01 -1.268406e+01 -7.646138e+00
      vertex   -8.639312e+01 -1.226537e+01 3.428985e-01
      vertex   -8.659292e+01 -1.316576e+01 -7.620893e+00
    endloop
  endfacet
  facet normal 9.238795e-01 -3.821590e-01 2.002810e-02
    outer loop
      vertex   -8.659292e+01 -1.316576e+01 -7.620893e+00
      vertex   -8.639312e+01 -1.226537e+01 3.428985e-01
      vertex   -8.659292e+01 -1.274707e+01 3.681433e-01
    endloop
  endfacet
  facet normal 7.545420e-01 -6.554309e-01 3.281335e-02
    outer loop
      vertex   -7.532202e+01 -2.863997e+00 -1.498065e-01
      vertex   -7.506874e+01 -2.973194e+00 -8.155063e+00
      vertex   -7.497938e+01 -2.470587e+00 -1.704243e-01
    endloop
  endfacet
  facet normal 6.087607e-01 -7.921848e-01 4.305297e-02
    outer loop
      vertex   -7.497938e+01 -2.470587e+00 -1.704243e-01
      vertex   -7.506874e+01 -2.973194e+00 -8.155063e+00
      vertex   -7.465453e+01 -2.655792e+00 -8.171697e+00
    endloop
  endfacet
  facet normal 5.589816e-01 -8.281226e-01 4.186374e-02
    outer loop
      vertex   -7.497938e+01 -2.470587e+00 -1.704243e-01
      vertex   -7.465453e+01 -2.655792e+00 -8.171697e+00
      vertex   -7.454647e+01 -2.179140e+00 -1.856984e-01
    endloop
  endfacet
  facet normal 3.826830e-01 -9.225320e-01 4.988418e-02
    outer loop
      vertex   -7.454647e+01 -2.179140e+00 -1.856984e-01
      vertex   -7.465453e+01 -2.655792e+00 -8.171697e+00
      vertex   -7.417216e+01 -2.456265e+00 -8.182154e+00
    endloop
  endfacet
  facet normal 3.253275e-01 -9.443845e-01 4.795677e-02
    outer loop
      vertex   -7.454647e+01 -2.179140e+00 -1.856984e-01
      vertex   -7.417216e+01 -2.456265e+00 -8.182154e+00
      vertex   -7.405276e+01 -2.009517e+00 -1.945879e-01
    endloop
  endfacet
  facet normal 1.305260e-01 -9.900047e-01 5.342027e-02
    outer loop
      vertex   -7.405276e+01 -2.009517e+00 -1.945879e-01
      vertex   -7.417216e+01 -2.456265e+00 -8.182154e+00
      vertex   -7.365453e+01 -2.388210e+00 -8.185720e+00
    endloop
  endfacet
  facet normal 6.950294e-02 -9.962937e-01 5.067722e-02
    outer loop
      vertex   -7.405276e+01 -2.009517e+00 -1.945879e-01
      vertex   -7.365453e+01 -2.388210e+00 -8.185720e+00
      vertex   -7.353192e+01 -1.973279e+00 -1.964871e-01
    endloop
  endfacet
  facet normal -1.305260e-01 -9.900047e-01 5.342027e-02
    outer loop
      vertex   -7.353192e+01 -1.973279e+00 -1.964871e-01
      vertex   -7.365453e+01 -2.388210e+00 -8.185720e+00
      vertex   -7.313689e+01 -2.456265e+00 -8.182154e+00
    endloop
  endfacet
  facet normal -1.910582e-01 -9.803126e-01 4.983968e-02
    outer loop
      vertex   -7.353192e+01 -1.973279e+00 -1.964871e-01
      vertex   -7.313689e+01 -2.456265e+00 -8.182154e+00
      vertex   -7.301943e+01 -2.072895e+00 -1.912664e-01
    endloop
  endfacet
  facet normal -3.826830e-01 -9.225320e-01 4.988418e-02
    outer loop
      vertex   -7.301943e+01 -2.072895e+00 -1.912664e-01
      vertex   -7.313689e+01 -2.456265e+00 -8.182154e+00
      vertex   -7.265453e+01 -2.655792e+00 -8.171697e+00
    endloop
  endfacet
  facet normal -4.385990e-01 -8.975303e-01 4.550124e-02
    outer loop
      vertex   -7.301943e+01 -2.072895e+00 -1.912664e-01
      vertex   -7.265453e+01 -2.655792e+00 -8.171697e+00
      vertex   -7.255023e+01 -2.301576e+00 -1.792818e-01
    endloop
  endfacet
  facet normal -6.087607e-01 -7.921848e-01 4.305297e-02
    outer loop
      vertex   -7.255023e+01 -2.301576e+00 -1.792818e-01
      vertex   -7.265453e+01 -2.655792e+00 -8.171697e+00
      vertex   -7.224031e+01 -2.973194e+00 -8.155063e+00
    endloop
  endfacet
  facet normal -6.562500e-01 -7.535882e-01 3.795756e-02
    outer loop
      vertex   -7.255023e+01 -2.301576e+00 -1.792818e-01
      vertex   -7.224031e+01 -2.973194e+00 -8.155063e+00
      vertex   -7.215628e+01 -2.643738e+00 -1.613498e-01
    endloop
  endfacet
  facet normal -7.933524e-01 -6.078461e-01 3.339219e-02
    outer loop
      vertex   -7.215628e+01 -2.643738e+00 -1.613498e-01
      vertex   -7.224031e+01 -2.973194e+00 -8.155063e+00
      vertex   -7.192247e+01 -3.386840e+00 -8.133384e+00
    endloop
  endfacet
  facet normal -8.291786e-01 -5.582958e-01 2.772272e-02
    outer loop
      vertex   -7.215628e+01 -2.643738e+00 -1.613498e-01
      vertex   -7.192247e+01 -3.386840e+00 -8.133384e+00
      vertex   -7.186443e+01 -3.076063e+00 -1.386926e-01
    endloop
  endfacet
  facet normal -9.238784e-01 -3.820782e-01 2.156020e-02
    outer loop
      vertex   -7.186443e+01 -3.076063e+00 -1.386926e-01
      vertex   -7.192247e+01 -3.386840e+00 -8.133384e+00
      vertex   -7.172267e+01 -3.868541e+00 -8.108139e+00
    endloop
  endfacet
  facet normal -9.456002e-01 -3.249620e-01 1.549421e-02
    outer loop
      vertex   -7.186443e+01 -3.076063e+00 -1.386926e-01
      vertex   -7.172267e+01 -3.868541e+00 -8.108139e+00
      vertex   -7.169457e+01 -3.569090e+00 -1.128542e-01
    endloop
  endfacet
  facet normal -9.914437e-01 -1.302669e-01 8.363321e-03
    outer loop
      vertex   -7.169457e+01 -3.569090e+00 -1.128542e-01
      vertex   -7.172267e+01 -3.868541e+00 -8.108139e+00
      vertex   -7.165453e+01 -4.385469e+00 -8.081048e+00
    endloop
  endfacet
  facet normal -9.975806e-01 -6.948798e-02 2.105387e-03
    outer loop
      vertex   -7.169457e+01 -3.569090e+00 -1.128542e-01
      vertex   -7.165453e+01 -4.385469e+00 -8.081048e+00
      vertex   -7.165829e+01 -4.089218e+00 -8.559541e-02
    endloop
  endfacet
  facet normal -9.914437e-01 1.304275e-01 -5.299089e-03
    outer loop
      vertex   -7.165829e+01 -4.089218e+00 -8.559541e-02
      vertex   -7.165453e+01 -4.385469e+00 -8.081048e+00
      vertex   -7.172267e+01 -4.902398e+00 -8.053957e+00
    endloop
  endfacet
  facet normal -9.815775e-01 1.907160e-01 -1.153133e-02
    outer loop
      vertex   -7.165829e+01 -4.089218e+00 -8.559541e-02
      vertex   -7.172267e+01 -4.902398e+00 -8.053957e+00
      vertex   -7.175804e+01 -4.601002e+00 -5.877392e-02
    endloop
  endfacet
  facet normal -9.238784e-01 3.822388e-01 -1.849596e-02
    outer loop
      vertex   -7.175804e+01 -4.601002e+00 -5.877392e-02
      vertex   -7.172267e+01 -4.902398e+00 -8.053957e+00
      vertex   -7.192247e+01 -5.384099e+00 -8.028712e+00
    endloop
  endfacet
  facet normal -8.986816e-01 4.379176e-01 -2.448661e-02
    outer loop
      vertex   -7.175804e+01 -4.601002e+00 -5.877392e-02
      vertex   -7.192247e+01 -5.384099e+00 -8.028712e+00
      vertex   -7.198703e+01 -5.069566e+00 -3.421755e-02
    endloop
  endfacet
  facet normal -7.933524e-01 6.080067e-01 -3.032796e-02
    outer loop
      vertex   -7.198703e+01 -5.069566e+00 -3.421755e-02
      vertex   -7.192247e+01 -5.384099e+00 -8.028712e+00
      vertex   -7.224031e+01 -5.797745e+00 -8.007034e+00
    endloop
  endfacet
  facet normal -7.545420e-01 6.552703e-01 -3.587759e-02
    outer loop
      vertex   -7.198703e+01 -5.069566e+00 -3.421755e-02
      vertex   -7.224031e+01 -5.797745e+00 -8.007034e+00
      vertex   -7.232967e+01 -5.462976e+00 -1.359978e-02
    endloop
  endfacet
  facet normal -6.087607e-01 7.923454e-01 -3.998874e-02
    outer loop
      vertex   -7.232967e+01 -5.462976e+00 -1.359978e-02
      vertex   -7.224031e+01 -5.797745e+00 -8.007034e+00
      vertex   -7.265453e+01 -6.115146e+00 -7.990400e+00
    endloop
  endfacet
  facet normal -5.589816e-01 8.279620e-01 -4.492797e-02
    outer loop
      vertex   -7.232967e+01 -5.462976e+00 -1.359978e-02
      vertex   -7.265453e+01 -6.115146e+00 -7.990400e+00
      vertex   -7.276258e+01 -5.754424e+00 1.674328e-03
    endloop
  endfacet
  facet normal -3.826830e-01 9.226926e-01 -4.681995e-02
    outer loop
      vertex   -7.276258e+01 -5.754424e+00 1.674328e-03
      vertex   -7.265453e+01 -6.115146e+00 -7.990400e+00
      vertex   -7.313689e+01 -6.314673e+00 -7.979943e+00
    endloop
  endfacet
  facet normal -3.253275e-01 9.442239e-01 -5.102100e-02
    outer loop
      vertex   -7.276258e+01 -5.754424e+00 1.674328e-03
      vertex   -7.313689e+01 -6.314673e+00 -7.979943e+00
      vertex   -7.325629e+01 -5.924046e+00 1.056387e-02
    endloop
  endfacet
  facet normal -1.305260e-01 9.901653e-01 -5.035604e-02
    outer loop
      vertex   -7.325629e+01 -5.924046e+00 1.056387e-02
      vertex   -7.313689e+01 -6.314673e+00 -7.979943e+00
      vertex   -7.365453e+01 -6.382728e+00 -7.976376e+00
    endloop
  endfacet
  facet normal -6.950294e-02 9.961331e-01 -5.374145e-02
    outer loop
      vertex   -7.325629e+01 -5.924046e+00 1.056387e-02
      vertex   -7.365453e+01 -6.382728e+00 -7.976376e+00
      vertex   -7.377713e+01 -5.960284e+00 1.246303e-02
    endloop
  endfacet
  facet normal 1.305260e-01 9.901653e-01 -5.035604e-02
    outer loop
      vertex   -7.377713e+01 -5.960284e+00 1.246303e-02
      vertex   -7.365453e+01 -6.382728e+00 -7.976376e+00
      vertex   -7.417216e+01 -6.314673e+00 -7.979943e+00
    endloop
  endfacet
  facet normal 1.910582e-01 9.801520e-01 -5.290391e-02
    outer loop
      vertex   -7.377713e+01 -5.960284e+00 1.246303e-02
      vertex   -7.417216e+01 -6.314673e+00 -7.979943e+00
      vertex   -7.428962e+01 -5.860669e+00 7.242383e-03
    endloop
  endfacet
  facet normal 3.826830e-01 9.226926e-01 -4.681995e-02
    outer loop
      vertex   -7.428962e+01 -5.860669e+00 7.242383e-03
      vertex   -7.417216e+01 -6.314673e+00 -7.979943e+00
      vertex   -7.465453e+01 -6.115146e+00 -7.990400e+00
    endloop
  endfacet
  facet normal 4.385990e-01 8.973697e-01 -4.856548e-02
    outer loop
      vertex   -7.428962e+01 -5.860669e+00 7.242383e-03
      vertex   -7.465453e+01 -6.115146e+00 -7.990400e+00
      vertex   -7.475882e+01 -5.631988e+00 -4.742283e-03
    endloop
  endfacet
  facet normal 6.087607e-01 7.923454e-01 -3.998874e-02
    outer loop
      vertex   -7.475882e+01 -5.631988e+00 -4.742283e-03
      vertex   -7.465453e+01 -6.115146e+00 -7.990400e+00
      vertex   -7.506874e+01 -5.797745e+00 -8.007034e+00
    endloop
  endfacet
  facet normal 6.562500e-01 7.534276e-01 -4.102179e-02
    outer loop
      vertex   -7.475882e+01 -5.631988e+00 -4.742283e-03
      vertex   -7.506874e+01 -5.797745e+00 -8.007034e+00
      vertex   -7.515277e+01 -5.289825e+00 -2.267424e-02
    endloop
  endfacet
  facet normal 7.933524e-01 6.080067e-01 -3.032796e-02
    outer loop
      vertex   -7.515277e+01 -5.289825e+00 -2.267424e-02
      vertex   -7.506874e+01 -5.797745e+00 -8.007034e+00
      vertex   -7.538658e+01 -5.384099e+00 -8.028712e+00
    endloop
  endfacet
  facet normal 8.291786e-01 5.581352e-01 -3.078695e-02
    outer loop
      vertex   -7.515277e+01 -5.289825e+00 -2.267424e-02
      vertex   -7.538658e+01 -5.384099e+00 -8.028712e+00
      vertex   -7.544462e+01 -4.857500e+00 -4.533145e-02
    endloop
  endfacet
  facet normal 9.238784e-01 3.822388e-01 -1.849596e-02
    outer loop
      vertex   -7.544462e+01 -4.857500e+00 -4.533145e-02
      vertex   -7.538658e+01 -5.384099e+00 -8.028712e+00
      vertex   -7.558638e+01 -4.902398e+00 -8.053957e+00
    endloop
  endfacet
  facet normal 9.456002e-01 3.248014e-01 -1.855844e-02
    outer loop
      vertex   -7.544462e+01 -4.857500e+00 -4.533145e-02
      vertex   -7.558638e+01 -4.902398e+00 -8.053957e+00
      vertex   -7.561448e+01 -4.364474e+00 -7.116986e-02
    endloop
  endfacet
  facet normal 9.914437e-01 1.304275e-01 -5.299089e-03
    outer loop
      vertex   -7.561448e+01 -4.364474e+00 -7.116986e-02
      vertex   -7.558638e+01 -4.902398e+00 -8.053957e+00
      vertex   -7.565453e+01 -4.385469e+00 -8.081048e+00
    endloop
  endfacet
  facet normal 9.975806e-01 6.932739e-02 -5.169618e-03
    outer loop
      vertex   -7.561448e+01 -4.364474e+00 -7.116986e-02
      vertex   -7.565453e+01 -4.385469e+00 -8.081048e+00
      vertex   -7.565076e+01 -3.844345e+00 -9.842864e-02
    endloop
  endfacet
  facet normal 9.914437e-01 -1.302669e-01 8.363321e-03
    outer loop
      vertex   -7.565076e+01 -3.844345e+00 -9.842864e-02
      vertex   -7.565453e+01 -4.385469e+00 -8.081048e+00
      vertex   -7.558638e+01 -3.868541e+00 -8.108139e+00
    endloop
  endfacet
  facet normal 9.815775e-01 -1.908766e-01 8.467096e-03
    outer loop
      vertex   -7.565076e+01 -3.844345e+00 -9.842864e-02
      vertex   -7.558638e+01 -3.868541e+00 -8.108139e+00
      vertex   -7.555101e+01 -3.332561e+00 -1.252501e-01
    endloop
  endfacet
  facet normal 9.238784e-01 -3.820782e-01 2.156020e-02
    outer loop
      vertex   -7.555101e+01 -3.332561e+00 -1.252501e-01
      vertex   -7.558638e+01 -3.868541e+00 -8.108139e+00
      vertex   -7.538658e+01 -3.386840e+00 -8.133384e+00
    endloop
  endfacet
  facet normal 8.986816e-01 -4.380782e-01 2.142238e-02
    outer loop
      vertex   -7.555101e+01 -3.332561e+00 -1.252501e-01
      vertex   -7.538658e+01 -3.386840e+00 -8.133384e+00
      vertex   -7.532202e+01 -2.863997e+00 -1.498065e-01
    endloop
  endfacet
  facet normal 7.933524e-01 -6.078461e-01 3.339219e-02
    outer loop
      vertex   -7.532202e+01 -2.863997e+00 -1.498065e-01
      vertex   -7.538658e+01 -3.386840e+00 -8.133384e+00
      vertex   -7.506874e+01 -2.973194e+00 -8.155063e+00
    endloop
  endfacet
  facet normal -1.305262e-01 9.900861e-01 -5.188821e-02
    outer loop
      vertex   -2.699024e+01 -2.741370e+01 1.136789e+00
      vertex   -2.699024e+01 -2.783239e+01 -6.852247e+00
      vertex   -2.750788e+01 -2.748176e+01 1.140356e+00
    endloop
  endfacet
  facet normal -1.305262e-01 9.900861e-01 -5.188821e-02
    outer loop
      vertex   -2.750788e+01 -2.748176e+01 1.140356e+00
      vertex   -2.699024e+01 -2.783239e+01 -6.852247e+00
      vertex   -2.750788e+01 -2.790044e+01 -6.848681e+00
    endloop
  endfacet
  facet normal 1.305262e-01 9.900861e-01 -5.188821e-02
    outer loop
      vertex   -2.750788e+01 -2.748176e+01 1.140356e+00
      vertex   -2.750788e+01 -2.790044e+01 -6.848681e+00
      vertex   -2.802551e+01 -2.741370e+01 1.136789e+00
    endloop
  endfacet
  facet normal 1.305262e-01 9.900861e-01 -5.188821e-02
    outer loop
      vertex   -2.802551e+01 -2.741370e+01 1.136789e+00
      vertex   -2.750788e+01 -2.790044e+01 -6.848681e+00
      vertex   -2.802551e+01 -2.783239e+01 -6.852247e+00
    endloop
  endfacet
  facet normal 3.826834e-01 9.226134e-01 -4.835212e-02
    outer loop
      vertex   -2.802551e+01 -2.741370e+01 1.136789e+00
      vertex   -2.802551e+01 -2.783239e+01 -6.852247e+00
      vertex   -2.850788e+01 -2.721417e+01 1.126332e+00
    endloop
  endfacet
  facet normal 3.826834e-01 9.226134e-01 -4.835212e-02
    outer loop
      vertex   -2.850788e+01 -2.721417e+01 1.126332e+00
      vertex   -2.802551e+01 -2.783239e+01 -6.852247e+00
      vertex   -2.850788e+01 -2.763286e+01 -6.862704e+00
    endloop
  endfacet
  facet normal 6.087614e-01 7.922661e-01 -4.152091e-02
    outer loop
      vertex   -2.850788e+01 -2.721417e+01 1.126332e+00
      vertex   -2.850788e+01 -2.763286e+01 -6.862704e+00
      vertex   -2.892209e+01 -2.689677e+01 1.109698e+00
    endloop
  endfacet
  facet normal 6.087614e-01 7.922661e-01 -4.152091e-02
    outer loop
      vertex   -2.892209e+01 -2.689677e+01 1.109698e+00
      vertex   -2.850788e+01 -2.763286e+01 -6.862704e+00
      vertex   -2.892209e+01 -2.731546e+01 -6.879338e+00
    endloop
  endfacet
  facet normal 7.933533e-01 6.079271e-01 -3.186011e-02
    outer loop
      vertex   -2.892209e+01 -2.689677e+01 1.109698e+00
      vertex   -2.892209e+01 -2.731546e+01 -6.879338e+00
      vertex   -2.923993e+01 -2.648313e+01 1.088020e+00
    endloop
  endfacet
  facet normal 7.933533e-01 6.079271e-01 -3.186011e-02
    outer loop
      vertex   -2.923993e+01 -2.648313e+01 1.088020e+00
      vertex   -2.892209e+01 -2.731546e+01 -6.879338e+00
      vertex   -2.923993e+01 -2.690181e+01 -6.901017e+00
    endloop
  endfacet
  facet normal 9.238795e-01 3.821590e-01 -2.002810e-02
    outer loop
      vertex   -2.923993e+01 -2.648313e+01 1.088020e+00
      vertex   -2.923993e+01 -2.690181e+01 -6.901017e+00
      vertex   -2.943973e+01 -2.600142e+01 1.062775e+00
    endloop
  endfacet
  facet normal 9.238795e-01 3.821590e-01 -2.002810e-02
    outer loop
      vertex   -2.943973e+01 -2.600142e+01 1.062775e+00
      vertex   -2.923993e+01 -2.690181e+01 -6.901017e+00
      vertex   -2.943973e+01 -2.642011e+01 -6.926262e+00
    endloop
  endfacet
  facet normal 9.914449e-01 1.303473e-01 -6.831213e-03
    outer loop
      vertex   -2.943973e+01 -2.600142e+01 1.062775e+00
      vertex   -2.943973e+01 -2.642011e+01 -6.926262e+00
      vertex   -2.950788e+01 -2.548450e+01 1.035684e+00
    endloop
  endfacet
  facet normal 9.914449e-01 1.303473e-01 -6.831213e-03
    outer loop
      vertex   -2.950788e+01 -2.548450e+01 1.035684e+00
      vertex   -2.943973e+01 -2.642011e+01 -6.926262e+00
      vertex   -2.950788e+01 -2.590318e+01 -6.953353e+00
    endloop
  endfacet
  facet normal 9.914449e-01 -1.303473e-01 6.831213e-03
    outer loop
      vertex   -2.950788e+01 -2.548450e+01 1.035684e+00
      vertex   -2.950788e+01 -2.590318e+01 -6.953353e+00
      vertex   -2.943973e+01 -2.496757e+01 1.008593e+00
    endloop
  endfacet
  facet normal 9.914449e-01 -1.303473e-01 6.831213e-03
    outer loop
      vertex   -2.943973e+01 -2.496757e+01 1.008593e+00
      vertex   -2.950788e+01 -2.590318e+01 -6.953353e+00
      vertex   -2.943973e+01 -2.538626e+01 -6.980444e+00
    endloop
  endfacet
  facet normal 9.238795e-01 -3.821590e-01 2.002810e-02
    outer loop
      vertex   -2.943973e+01 -2.496757e+01 1.008593e+00
      vertex   -2.943973e+01 -2.538626e+01 -6.980444e+00
      vertex   -2.923993e+01 -2.448587e+01 9.833477e-01
    endloop
  endfacet
  facet normal 9.238795e-01 -3.821590e-01 2.002810e-02
    outer loop
      vertex   -2.923993e+01 -2.448587e+01 9.833477e-01
      vertex   -2.943973e+01 -2.538626e+01 -6.980444e+00
      vertex   -2.923993e+01 -2.490455e+01 -7.005689e+00
    endloop
  endfacet
  facet normal 7.933533e-01 -6.079271e-01 3.186011e-02
    outer loop
      vertex   -2.923993e+01 -2.448587e+01 9.833477e-01
      vertex   -2.923993e+01 -2.490455e+01 -7.005689e+00
      vertex   -2.892209e+01 -2.407222e+01 9.616694e-01
    endloop
  endfacet
  facet normal 7.933533e-01 -6.079271e-01 3.186011e-02
    outer loop
      vertex   -2.892209e+01 -2.407222e+01 9.616694e-01
      vertex   -2.923993e+01 -2.490455e+01 -7.005689e+00
      vertex   -2.892209e+01 -2.449091e+01 -7.027367e+00
    endloop
  endfacet
  facet normal 6.087614e-01 -7.922661e-01 4.152091e-02
    outer loop
      vertex   -2.892209e+01 -2.407222e+01 9.616694e-01
      vertex   -2.892209e+01 -2.449091e+01 -7.027367e+00
      vertex   -2.850788e+01 -2.375482e+01 9.450351e-01
    endloop
  endfacet
  facet normal 6.087614e-01 -7.922661e-01 4.152091e-02
    outer loop
      vertex   -2.850788e+01 -2.375482e+01 9.450351e-01
      vertex   -2.892209e+01 -2.449091e+01 -7.027367e+00
      vertex   -2.850788e+01 -2.417351e+01 -7.044001e+00
    endloop
  endfacet
  facet normal 3.826834e-01 -9.226134e-01 4.835212e-02
    outer loop
      vertex   -2.850788e+01 -2.375482e+01 9.450351e-01
      vertex   -2.850788e+01 -2.417351e+01 -7.044001e+00
      vertex   -2.802551e+01 -2.355529e+01 9.345783e-01
    endloop
  endfacet
  facet normal 3.826834e-01 -9.226134e-01 4.835212e-02
    outer loop
      vertex   -2.802551e+01 -2.355529e+01 9.345783e-01
      vertex   -2.850788e+01 -2.417351e+01 -7.044001e+00
      vertex   -2.802551e+01 -2.397398e+01 -7.054458e+00
    endloop
  endfacet
  facet normal 1.305262e-01 -9.900861e-01 5.188821e-02
    outer loop
      vertex   -2.802551e+01 -2.355529e+01 9.345783e-01
      vertex   -2.802551e+01 -2.397398e+01 -7.054458e+00
      vertex   -2.750788e+01 -2.348724e+01 9.310117e-01
    endloop
  endfacet
  facet normal 1.305262e-01 -9.900861e-01 5.188821e-02
    outer loop
      vertex   -2.750788e+01 -2.348724e+01 9.310117e-01
      vertex   -2.802551e+01 -2.397398e+01 -7.054458e+00
      vertex   -2.750788e+01 -2.390592e+01 -7.058025e+00
    endloop
  endfacet
  facet normal -1.305262e-01 -9.900861e-01 5.188821e-02
    outer loop
      vertex   -2.750788e+01 -2.348724e+01 9.310117e-01
      vertex   -2.750788e+01 -2.390592e+01 -7.058025e+00
      vertex   -2.699024e+01 -2.355529e+01 9.345783e-01
    endloop
  endfacet
  facet normal -1.305262e-01 -9.900861e-01 5.188821e-02
    outer loop
      vertex   -2.699024e+01 -2.355529e+01 9.345783e-01
      vertex   -2.750788e+01 -2.390592e+01 -7.058025e+00
      vertex   -2.699024e+01 -2.397398e+01 -7.054458e+00
    endloop
  endfacet
  facet normal -3.826834e-01 -9.226134e-01 4.835212e-02
    outer loop
      vertex   -2.699024e+01 -2.355529e+01 9.345783e-01
      vertex   -2.699024e+01 -2.397398e+01 -7.054458e+00
      vertex   -2.650788e+01 -2.375482e+01 9.450351e-01
    endloop
  endfacet
  facet normal -3.826834e-01 -9.226134e-01 4.835212e-02
    outer loop
      vertex   -2.650788e+01 -2.375482e+01 9.450351e-01
      vertex   -2.699024e+01 -2.397398e+01 -7.054458e+00
      vertex   -2.650788e+01 -2.417351e+01 -7.044001e+00
    endloop
  endfacet
  facet normal -6.087614e-01 -7.922661e-01 4.152091e-02
    outer loop
      vertex   -2.650788e+01 -2.375482e+01 9.450351e-01
      vertex   -2.650788e+01 -2.417351e+01 -7.044001e+00
      vertex   -2.609366e+01 -2.407222e+01 9.616694e-01
    endloop
  endfacet
  facet normal -6.087614e-01 -7.922661e-01 4.152091e-02
    outer loop
      vertex   -2.609366e+01 -2.407222e+01 9.616694e-01
      vertex   -2.650788e+01 -2.417351e+01 -7.044001e+00
      vertex   -2.609366e+01 -2.449091e+01 -7.027367e+00
    endloop
  endfacet
  facet normal -7.933533e-01 -6.079271e-01 3.186011e-02
    outer loop
      vertex   -2.609366e+01 -2.407222e+01 9.616694e-01
      vertex   -2.609366e+01 -2.449091e+01 -7.027367e+00
      vertex   -2.577583e+01 -2.448587e+01 9.833477e-01
    endloop
  endfacet
  facet normal -7.933533e-01 -6.079271e-01 3.186011e-02
    outer loop
      vertex   -2.577583e+01 -2.448587e+01 9.833477e-01
      vertex   -2.609366e+01 -2.449091e+01 -7.027367e+00
      vertex   -2.577583e+01 -2.490455e+01 -7.005689e+00
    endloop
  endfacet
  facet normal -9.238795e-01 -3.821590e-01 2.002810e-02
    outer loop
      vertex   -2.577583e+01 -2.448587e+01 9.833477e-01
      vertex   -2.577583e+01 -2.490455e+01 -7.005689e+00
      vertex   -2.557602e+01 -2.496757e+01 1.008593e+00
    endloop
  endfacet
  facet normal -9.238795e-01 -3.821590e-01 2.002810e-02
    outer loop
      vertex   -2.557602e+01 -2.496757e+01 1.008593e+00
      vertex   -2.577583e+01 -2.490455e+01 -7.005689e+00
      vertex   -2.557602e+01 -2.538626e+01 -6.980444e+00
    endloop
  endfacet
  facet normal -9.914449e-01 -1.303473e-01 6.831213e-03
    outer loop
      vertex   -2.557602e+01 -2.496757e+01 1.008593e+00
      vertex   -2.557602e+01 -2.538626e+01 -6.980444e+00
      vertex   -2.550788e+01 -2.548450e+01 1.035684e+00
    endloop
  endfacet
  facet normal -9.914449e-01 -1.303473e-01 6.831213e-03
    outer loop
      vertex   -2.550788e+01 -2.548450e+01 1.035684e+00
      vertex   -2.557602e+01 -2.538626e+01 -6.980444e+00
      vertex   -2.550788e+01 -2.590318e+01 -6.953353e+00
    endloop
  endfacet
  facet normal -9.914449e-01 1.303473e-01 -6.831213e-03
    outer loop
      vertex   -2.550788e+01 -2.548450e+01 1.035684e+00
      vertex   -2.550788e+01 -2.590318e+01 -6.953353e+00
      vertex   -2.557602e+01 -2.600142e+01 1.062775e+00
    endloop
  endfacet
  facet normal -9.914449e-01 1.303473e-01 -6.831213e-03
    outer loop
      vertex   -2.557602e+01 -2.600142e+01 1.062775e+00
      vertex   -2.550788e+01 -2.590318e+01 -6.953353e+00
      vertex   -2.557602e+01 -2.642011e+01 -6.926262e+00
    endloop
  endfacet
  facet normal -9.238795e-01 3.821590e-01 -2.002810e-02
    outer loop
      vertex   -2.557602e+01 -2.600142e+01 1.062775e+00
      vertex   -2.557602e+01 -2.642011e+01 -6.926262e+00
      vertex   -2.577583e+01 -2.648313e+01 1.088020e+00
    endloop
  endfacet
  facet normal -9.238795e-01 3.821590e-01 -2.002810e-02
    outer loop
      vertex   -2.577583e+01 -2.648313e+01 1.088020e+00
      vertex   -2.557602e+01 -2.642011e+01 -6.926262e+00
      vertex   -2.577583e+01 -2.690181e+01 -6.901017e+00
    endloop
  endfacet
  facet normal -7.933533e-01 6.079271e-01 -3.186011e-02
    outer loop
      vertex   -2.577583e+01 -2.648313e+01 1.088020e+00
      vertex   -2.577583e+01 -2.690181e+01 -6.901017e+00
      vertex   -2.609366e+01 -2.689677e+01 1.109698e+00
    endloop
  endfacet
  facet normal -7.933533e-01 6.079271e-01 -3.186011e-02
    outer loop
      vertex   -2.609366e+01 -2.689677e+01 1.109698e+00
      vertex   -2.577583e+01 -2.690181e+01 -6.901017e+00
      vertex   -2.609366e+01 -2.731546e+01 -6.879338e+00
    endloop
  endfacet
  facet normal -6.087614e-01 7.922661e-01 -4.152091e-02
    outer loop
      vertex   -2.609366e+01 -2.689677e+01 1.109698e+00
      vertex   -2.609366e+01 -2.731546e+01 -6.879338e+00
      vertex   -2.650788e+01 -2.721417e+01 1.126332e+00
    endloop
  endfacet
  facet normal -6.087614e-01 7.922661e-01 -4.152091e-02
    outer loop
      vertex   -2.650788e+01 -2.721417e+01 1.126332e+00
      vertex   -2.609366e+01 -2.731546e+01 -6.879338e+00
      vertex   -2.650788e+01 -2.763286e+01 -6.862704e+00
    endloop
  endfacet
  facet normal -3.826834e-01 9.226134e-01 -4.835212e-02
    outer loop
      vertex   -2.650788e+01 -2.721417e+01 1.126332e+00
      vertex   -2.650788e+01 -2.763286e+01 -6.862704e+00
      vertex   -2.699024e+01 -2.741370e+01 1.136789e+00
    endloop
  endfacet
  facet normal -3.826834e-01 9.226134e-01 -4.835212e-02
    outer loop
      vertex   -2.699024e+01 -2.741370e+01 1.136789e+00
      vertex   -2.650788e+01 -2.763286e+01 -6.862704e+00
      vertex   -2.699024e+01 -2.783239e+01 -6.852247e+00
    endloop
  endfacet
  facet normal 9.856635e-02 9.937667e-01 -5.208111e-02
    outer loop
      vertex   3.032979e+01 -2.647815e+01 -6.923220e+00
      vertex   2.984271e+01 -2.642997e+01 -6.925745e+00
      vertex   3.032979e+01 -2.608139e+01 6.472865e-01
    endloop
  endfacet
  facet normal 9.856635e-02 9.937667e-01 -5.208111e-02
    outer loop
      vertex   3.032979e+01 -2.608139e+01 6.472865e-01
      vertex   2.984271e+01 -2.642997e+01 -6.925745e+00
      vertex   2.984271e+01 -2.603308e+01 6.472865e-01
    endloop
  endfacet
  facet normal 3.373228e-01 9.400989e-01 -4.926850e-02
    outer loop
      vertex   2.984271e+01 -2.603308e+01 6.472865e-01
      vertex   2.984271e+01 -2.642997e+01 -6.925745e+00
      vertex   2.938194e+01 -2.626509e+01 -6.934386e+00
    endloop
  endfacet
  facet normal 3.373228e-01 9.400989e-01 -4.926850e-02
    outer loop
      vertex   2.984271e+01 -2.603308e+01 6.472865e-01
      vertex   2.938194e+01 -2.626509e+01 -6.934386e+00
      vertex   2.938194e+01 -2.586775e+01 6.472865e-01
    endloop
  endfacet
  facet normal 5.558761e-01 8.301259e-01 -4.350506e-02
    outer loop
      vertex   2.938194e+01 -2.586775e+01 6.472865e-01
      vertex   2.938194e+01 -2.626509e+01 -6.934386e+00
      vertex   2.897507e+01 -2.599338e+01 -6.948625e+00
    endloop
  endfacet
  facet normal 5.558761e-01 8.301259e-01 -4.350506e-02
    outer loop
      vertex   2.938194e+01 -2.586775e+01 6.472865e-01
      vertex   2.897507e+01 -2.599338e+01 -6.948625e+00
      vertex   2.897507e+01 -2.559530e+01 6.472865e-01
    endloop
  endfacet
  facet normal 7.411364e-01 6.704344e-01 -3.513598e-02
    outer loop
      vertex   2.897507e+01 -2.559530e+01 6.472865e-01
      vertex   2.897507e+01 -2.599338e+01 -6.948625e+00
      vertex   2.864647e+01 -2.563112e+01 -6.967611e+00
    endloop
  endfacet
  facet normal 7.411364e-01 6.704344e-01 -3.513598e-02
    outer loop
      vertex   2.897507e+01 -2.559530e+01 6.472865e-01
      vertex   2.864647e+01 -2.563112e+01 -6.967611e+00
      vertex   2.864647e+01 -2.523204e+01 6.472865e-01
    endloop
  endfacet
  facet normal 8.820080e-01 4.705887e-01 -2.466251e-02
    outer loop
      vertex   2.864647e+01 -2.523204e+01 6.472865e-01
      vertex   2.864647e+01 -2.563112e+01 -6.967611e+00
      vertex   2.841582e+01 -2.520001e+01 -6.990205e+00
    endloop
  endfacet
  facet normal 8.820080e-01 4.705887e-01 -2.466251e-02
    outer loop
      vertex   2.864647e+01 -2.523204e+01 6.472865e-01
      vertex   2.841582e+01 -2.520001e+01 -6.990205e+00
      vertex   2.841582e+01 -2.479974e+01 6.472865e-01
    endloop
  endfacet
  facet normal 9.700536e-01 2.425581e-01 -1.271193e-02
    outer loop
      vertex   2.841582e+01 -2.479974e+01 6.472865e-01
      vertex   2.841582e+01 -2.520001e+01 -6.990205e+00
      vertex   2.829693e+01 -2.472586e+01 -7.015054e+00
    endloop
  endfacet
  facet normal 9.700536e-01 2.425581e-01 -1.271193e-02
    outer loop
      vertex   2.841582e+01 -2.479974e+01 6.472865e-01
      vertex   2.829693e+01 -2.472586e+01 -7.015054e+00
      vertex   2.829693e+01 -2.432429e+01 6.472865e-01
    endloop
  endfacet
  facet normal 1.000000e+00 -7.269836e-17 -1.387167e-15
    outer loop
      vertex   2.829693e+01 -2.432429e+01 6.472865e-01
      vertex   2.829693e+01 -2.472586e+01 -7.015054e+00
      vertex   2.829693e+01 -2.423707e+01 -7.040670e+00
    endloop
  endfacet
  facet normal 1.000000e+00 0.000000e+00 -1.386343e-15
    outer loop
      vertex   2.829693e+01 -2.432429e+01 6.472865e-01
      vertex   2.829693e+01 -2.423707e+01 -7.040670e+00
      vertex   2.829693e+01 -2.383416e+01 6.472865e-01
    endloop
  endfacet
  facet normal 9.700536e-01 -2.425581e-01 1.271193e-02
    outer loop
      vertex   2.829693e+01 -2.383416e+01 6.472865e-01
      vertex   2.829693e+01 -2.423707e+01 -7.040670e+00
      vertex   2.841582e+01 -2.376292e+01 -7.065519e+00
    endloop
  endfacet
  facet normal 9.700536e-01 -2.425581e-01 1.271193e-02
    outer loop
      vertex   2.829693e+01 -2.383416e+01 6.472865e-01
      vertex   2.841582e+01 -2.376292e+01 -7.065519e+00
      vertex   2.841582e+01 -2.335870e+01 6.472865e-01
    endloop
  endfacet
  facet normal 8.820080e-01 -4.705887e-01 2.466251e-02
    outer loop
      vertex   2.841582e+01 -2.335870e+01 6.472865e-01
      vertex   2.841582e+01 -2.376292e+01 -7.065519e+00
      vertex   2.864647e+01 -2.333180e+01 -7.088113e+00
    endloop
  endfacet
  facet normal 8.820080e-01 -4.705887e-01 2.466251e-02
    outer loop
      vertex   2.841582e+01 -2.335870e+01 6.472865e-01
      vertex   2.864647e+01 -2.333180e+01 -7.088113e+00
      vertex   2.864647e+01 -2.292640e+01 6.472865e-01
    endloop
  endfacet
  facet normal 7.411364e-01 -6.704344e-01 3.513598e-02
    outer loop
      vertex   2.864647e+01 -2.292640e+01 6.472865e-01
      vertex   2.864647e+01 -2.333180e+01 -7.088113e+00
      vertex   2.897507e+01 -2.296954e+01 -7.107098e+00
    endloop
  endfacet
  facet normal 7.411364e-01 -6.704344e-01 3.513598e-02
    outer loop
      vertex   2.864647e+01 -2.292640e+01 6.472865e-01
      vertex   2.897507e+01 -2.296954e+01 -7.107098e+00
      vertex   2.897507e+01 -2.256315e+01 6.472865e-01
    endloop
  endfacet
  facet normal 5.558761e-01 -8.301259e-01 4.350506e-02
    outer loop
      vertex   2.897507e+01 -2.256315e+01 6.472865e-01
      vertex   2.897507e+01 -2.296954e+01 -7.107098e+00
      vertex   2.938194e+01 -2.269783e+01 -7.121338e+00
    endloop
  endfacet
  facet normal 5.558761e-01 -8.301259e-01 4.350506e-02
    outer loop
      vertex   2.897507e+01 -2.256315e+01 6.472865e-01
      vertex   2.938194e+01 -2.269783e+01 -7.121338e+00
      vertex   2.938194e+01 -2.229070e+01 6.472865e-01
    endloop
  endfacet
  facet normal 3.373228e-01 -9.400989e-01 4.926850e-02
    outer loop
      vertex   2.938194e+01 -2.229070e+01 6.472865e-01
      vertex   2.938194e+01 -2.269783e+01 -7.121338e+00
      vertex   2.984271e+01 -2.253295e+01 -7.129979e+00
    endloop
  endfacet
  facet normal 3.373228e-01 -9.400989e-01 4.926850e-02
    outer loop
      vertex   2.938194e+01 -2.229070e+01 6.472865e-01
      vertex   2.984271e+01 -2.253295e+01 -7.129979e+00
      vertex   2.984271e+01 -2.212536e+01 6.472865e-01
    endloop
  endfacet
  facet normal 9.856635e-02 -9.937667e-01 5.208111e-02
    outer loop
      vertex   2.984271e+01 -2.212536e+01 6.472865e-01
      vertex   2.984271e+01 -2.253295e+01 -7.129979e+00
      vertex   3.032979e+01 -2.248478e+01 -7.132504e+00
    endloop
  endfacet
  facet normal 9.856635e-02 -9.937667e-01 5.208111e-02
    outer loop
      vertex   2.984271e+01 -2.212536e+01 6.472865e-01
      vertex   3.032979e+01 -2.248478e+01 -7.132504e+00
      vertex   3.032979e+01 -2.207705e+01 6.472865e-01
    endloop
  endfacet
  facet normal -1.184238e-14 1.000000e+00 4.419636e-14
    outer loop
      vertex   -1.273334e+01 -2.548726e+01 8.214003e+00
      vertex   -1.022194e+01 -2.548726e+01 8.886933e+00
      vertex   -1.268223e+01 -2.548726e+01 7.825774e+00
    endloop
  endfacet
  facet normal 6.832142e-15 1.000000e+00 8.994685e-16
    outer loop
      vertex   -1.268223e+01 -2.548726e+01 7.825774e+00
      vertex   -1.022194e+01 -2.548726e+01 8.886933e+00
      vertex   -1.008223e+01 -2.548726e+01 7.825774e+00
    endloop
  endfacet
  facet normal 6.832142e-15 1.000000e+00 -4.665491e-14
    outer loop
      vertex   -1.268223e+01 -2.548726e+01 7.825774e+00
      vertex   -1.008223e+01 -2.548726e+01 7.825774e+00
      vertex   -1.273334e+01 -2.548726e+01 7.437546e+00
    endloop
  endfacet
  facet normal -0.000000e+00 1.000000e+00 0.000000e+00
    outer loop
      vertex   -1.273334e+01 -2.548726e+01 7.437546e+00
      vertex   -1.008223e+01 -2.548726e+01 7.825774e+00
      vertex   -1.022194e+01 -2.548726e+01 6.764616e+00
    endloop
  endfacet
  facet normal 0.000000e+00 1.000000e+00 0.000000e+00
    outer loop
      vertex   -1.273334e+01 -2.548726e+01 7.437546e+00
      vertex   -1.022194e+01 -2.548726e+01 6.764616e+00
      vertex   -1.288319e+01 -2.548726e+01 7.075774e+00
    endloop
  endfacet
  facet normal 0.000000e+00 1.000000e+00 0.000000e+00
    outer loop
      vertex   -1.288319e+01 -2.548726e+01 7.075774e+00
      vertex   -1.022194e+01 -2.548726e+01 6.764616e+00
      vertex   -1.063153e+01 -2.548726e+01 5.775774e+00
    endloop
  endfacet
  facet normal 0.000000e+00 1.000000e+00 0.000000e+00
    outer loop
      vertex   -1.288319e+01 -2.548726e+01 7.075774e+00
      vertex   -1.063153e+01 -2.548726e+01 5.775774e+00
      vertex   -1.312157e+01 -2.548726e+01 6.765114e+00
    endloop
  endfacet
  facet normal 0.000000e+00 1.000000e+00 0.000000e+00
    outer loop
      vertex   -1.312157e+01 -2.548726e+01 6.765114e+00
      vertex   -1.063153e+01 -2.548726e+01 5.775774e+00
      vertex   -1.128309e+01 -2.548726e+01 4.926637e+00
    endloop
  endfacet
  facet normal 0.000000e+00 1.000000e+00 0.000000e+00
    outer loop
      vertex   -1.312157e+01 -2.548726e+01 6.765114e+00
      vertex   -1.128309e+01 -2.548726e+01 4.926637e+00
      vertex   -1.343223e+01 -2.548726e+01 6.526736e+00
    endloop
  endfacet
  facet normal 0.000000e+00 1.000000e+00 0.000000e+00
    outer loop
      vertex   -1.343223e+01 -2.548726e+01 6.526736e+00
      vertex   -1.128309e+01 -2.548726e+01 4.926637e+00
      vertex   -1.213223e+01 -2.548726e+01 4.275070e+00
    endloop
  endfacet
  facet normal 0.000000e+00 1.000000e+00 0.000000e+00
    outer loop
      vertex   -1.343223e+01 -2.548726e+01 6.526736e+00
      vertex   -1.213223e+01 -2.548726e+01 4.275070e+00
      vertex   -1.379400e+01 -2.548726e+01 6.376886e+00
    endloop
  endfacet
  facet normal 0.000000e+00 1.000000e+00 0.000000e+00
    outer loop
      vertex   -1.379400e+01 -2.548726e+01 6.376886e+00
      vertex   -1.213223e+01 -2.548726e+01 4.275070e+00
      vertex   -1.312107e+01 -2.548726e+01 3.865479e+00
    endloop
  endfacet
  facet normal 0.000000e+00 1.000000e+00 0.000000e+00
    outer loop
      vertex   -1.379400e+01 -2.548726e+01 6.376886e+00
      vertex   -1.312107e+01 -2.548726e+01 3.865479e+00
      vertex   -1.418223e+01 -2.548726e+01 6.325774e+00
    endloop
  endfacet
  facet normal 0.000000e+00 1.000000e+00 0.000000e+00
    outer loop
      vertex   -1.418223e+01 -2.548726e+01 6.325774e+00
      vertex   -1.312107e+01 -2.548726e+01 3.865479e+00
      vertex   -1.418223e+01 -2.548726e+01 3.725774e+00
    endloop
  endfacet
  facet normal 0.000000e+00 1.000000e+00 0.000000e+00
    outer loop
      vertex   -1.418223e+01 -2.548726e+01 6.325774e+00
      vertex   -1.418223e+01 -2.548726e+01 3.725774e+00
      vertex   -1.524339e+01 -2.548726e+01 3.865479e+00
    endloop
  endfacet
  facet normal 0.000000e+00 1.000000e+00 -0.000000e+00
    outer loop
      vertex   -1.273334e+01 -2.548726e+01 8.214003e+00
      vertex   -1.288319e+01 -2.548726e+01 8.575774e+00
      vertex   -1.022194e+01 -2.548726e+01 8.886933e+00
    endloop
  endfacet
  facet normal 0.000000e+00 1.000000e+00 0.000000e+00
    outer loop
      vertex   -1.022194e+01 -2.548726e+01 8.886933e+00
      vertex   -1.288319e+01 -2.548726e+01 8.575774e+00
      vertex   -1.063153e+01 -2.548726e+01 9.875774e+00
    endloop
  endfacet
  facet normal 0.000000e+00 1.000000e+00 0.000000e+00
    outer loop
      vertex   -1.063153e+01 -2.548726e+01 9.875774e+00
      vertex   -1.288319e+01 -2.548726e+01 8.575774e+00
      vertex   -1.312157e+01 -2.548726e+01 8.886435e+00
    endloop
  endfacet
  facet normal 0.000000e+00 1.000000e+00 0.000000e+00
    outer loop
      vertex   -1.063153e+01 -2.548726e+01 9.875774e+00
      vertex   -1.312157e+01 -2.548726e+01 8.886435e+00
      vertex   -1.128309e+01 -2.548726e+01 1.072491e+01
    endloop
  endfacet
  facet normal 0.000000e+00 1.000000e+00 0.000000e+00
    outer loop
      vertex   -1.128309e+01 -2.548726e+01 1.072491e+01
      vertex   -1.312157e+01 -2.548726e+01 8.886435e+00
      vertex   -1.343223e+01 -2.548726e+01 9.124813e+00
    endloop
  endfacet
  facet normal 0.000000e+00 1.000000e+00 0.000000e+00
    outer loop
      vertex   -1.128309e+01 -2.548726e+01 1.072491e+01
      vertex   -1.343223e+01 -2.548726e+01 9.124813e+00
      vertex   -1.213223e+01 -2.548726e+01 1.137648e+01
    endloop
  endfacet
  facet normal 0.000000e+00 1.000000e+00 0.000000e+00
    outer loop
      vertex   -1.213223e+01 -2.548726e+01 1.137648e+01
      vertex   -1.343223e+01 -2.548726e+01 9.124813e+00
      vertex   -1.379400e+01 -2.548726e+01 9.274663e+00
    endloop
  endfacet
  facet normal 0.000000e+00 1.000000e+00 0.000000e+00
    outer loop
      vertex   -1.213223e+01 -2.548726e+01 1.137648e+01
      vertex   -1.379400e+01 -2.548726e+01 9.274663e+00
      vertex   -1.312107e+01 -2.548726e+01 1.178607e+01
    endloop
  endfacet
  facet normal 0.000000e+00 1.000000e+00 0.000000e+00
    outer loop
      vertex   -1.312107e+01 -2.548726e+01 1.178607e+01
      vertex   -1.379400e+01 -2.548726e+01 9.274663e+00
      vertex   -1.418223e+01 -2.548726e+01 9.325774e+00
    endloop
  endfacet
  facet normal 0.000000e+00 1.000000e+00 0.000000e+00
    outer loop
      vertex   -1.312107e+01 -2.548726e+01 1.178607e+01
      vertex   -1.418223e+01 -2.548726e+01 9.325774e+00
      vertex   -1.418223e+01 -2.548726e+01 1.192577e+01
    endloop
  endfacet
  facet normal 0.000000e+00 1.000000e+00 0.000000e+00
    outer loop
      vertex   -1.418223e+01 -2.548726e+01 1.192577e+01
      vertex   -1.418223e+01 -2.548726e+01 9.325774e+00
      vertex   -1.524339e+01 -2.548726e+01 1.178607e+01
    endloop
  endfacet
  facet normal 0.000000e+00 1.000000e+00 0.000000e+00
    outer loop
      vertex   -1.524339e+01 -2.548726e+01 1.178607e+01
      vertex   -1.418223e+01 -2.548726e+01 9.325774e+00
      vertex   -1.457046e+01 -2.548726e+01 9.274663e+00
    endloop
  endfacet
  facet normal 0.000000e+00 1.000000e+00 0.000000e+00
    outer loop
      vertex   -1.524339e+01 -2.548726e+01 1.178607e+01
      vertex   -1.457046e+01 -2.548726e+01 9.274663e+00
      vertex   -1.623223e+01 -2.548726e+01 1.137648e+01
    endloop
  endfacet
  facet normal 0.000000e+00 1.000000e+00 0.000000e+00
    outer loop
      vertex   -1.623223e+01 -2.548726e+01 1.137648e+01
      vertex   -1.457046e+01 -2.548726e+01 9.274663e+00
      vertex   -1.493223e+01 -2.548726e+01 9.124813e+00
    endloop
  endfacet
  facet normal 0.000000e+00 1.000000e+00 0.000000e+00
    outer loop
      vertex   -1.623223e+01 -2.548726e+01 1.137648e+01
      vertex   -1.493223e+01 -2.548726e+01 9.124813e+00
      vertex   -1.708137e+01 -2.548726e+01 1.072491e+01
    endloop
  endfacet
  facet normal 0.000000e+00 1.000000e+00 0.000000e+00
    outer loop
      vertex   -1.708137e+01 -2.548726e+01 1.072491e+01
      vertex   -1.493223e+01 -2.548726e+01 9.124813e+00
      vertex   -1.524289e+01 -2.548726e+01 8.886435e+00
    endloop
  endfacet
  facet normal 0.000000e+00 1.000000e+00 0.000000e+00
    outer loop
      vertex   -1.708137e+01 -2.548726e+01 1.072491e+01
      vertex   -1.524289e+01 -2.548726e+01 8.886435e+00
      vertex   -1.773294e+01 -2.548726e+01 9.875774e+00
    endloop
  endfacet
  facet normal 0.000000e+00 1.000000e+00 0.000000e+00
    outer loop
      vertex   -1.773294e+01 -2.548726e+01 9.875774e+00
      vertex   -1.524289e+01 -2.548726e+01 8.886435e+00
      vertex   -1.548127e+01 -2.548726e+01 8.575774e+00
    endloop
  endfacet
  facet normal 0.000000e+00 1.000000e+00 0.000000e+00
    outer loop
      vertex   -1.773294e+01 -2.548726e+01 9.875774e+00
      vertex   -1.548127e+01 -2.548726e+01 8.575774e+00
      vertex   -1.814253e+01 -2.548726e+01 8.886933e+00
    endloop
  endfacet
  facet normal 0.000000e+00 1.000000e+00 0.000000e+00
    outer loop
      vertex   -1.814253e+01 -2.548726e+01 8.886933e+00
      vertex   -1.548127e+01 -2.548726e+01 8.575774e+00
      vertex   -1.563112e+01 -2.548726e+01 8.214003e+00
    endloop
  endfacet
  facet normal 0.000000e+00 1.000000e+00 0.000000e+00
    outer loop
      vertex   -1.814253e+01 -2.548726e+01 8.886933e+00
      vertex   -1.563112e+01 -2.548726e+01 8.214003e+00
      vertex   -1.828223e+01 -2.548726e+01 7.825774e+00
    endloop
  endfacet
  facet normal 0.000000e+00 1.000000e+00 0.000000e+00
    outer loop
      vertex   -1.828223e+01 -2.548726e+01 7.825774e+00
      vertex   -1.563112e+01 -2.548726e+01 8.214003e+00
      vertex   -1.568223e+01 -2.548726e+01 7.825774e+00
    endloop
  endfacet
  facet normal -0.000000e+00 1.000000e+00 0.000000e+00
    outer loop
      vertex   -1.828223e+01 -2.548726e+01 7.825774e+00
      vertex   -1.568223e+01 -2.548726e+01 7.825774e+00
      vertex   -1.563112e+01 -2.548726e+01 7.437546e+00
    endloop
  endfacet
  facet normal 0.000000e+00 1.000000e+00 0.000000e+00
    outer loop
      vertex   -1.828223e+01 -2.548726e+01 7.825774e+00
      vertex   -1.563112e+01 -2.548726e+01 7.437546e+00
      vertex   -1.814253e+01 -2.548726e+01 6.764616e+00
    endloop
  endfacet
  facet normal 0.000000e+00 1.000000e+00 0.000000e+00
    outer loop
      vertex   -1.814253e+01 -2.548726e+01 6.764616e+00
      vertex   -1.563112e+01 -2.548726e+01 7.437546e+00
      vertex   -1.548127e+01 -2.548726e+01 7.075774e+00
    endloop
  endfacet
  facet normal -0.000000e+00 1.000000e+00 0.000000e+00
    outer loop
      vertex   -1.814253e+01 -2.548726e+01 6.764616e+00
      vertex   -1.548127e+01 -2.548726e+01 7.075774e+00
      vertex   -1.773294e+01 -2.548726e+01 5.775774e+00
    endloop
  endfacet
  facet normal 0.000000e+00 1.000000e+00 0.000000e+00
    outer loop
      vertex   -1.773294e+01 -2.548726e+01 5.775774e+00
      vertex   -1.548127e+01 -2.548726e+01 7.075774e+00
      vertex   -1.524289e+01 -2.548726e+01 6.765114e+00
    endloop
  endfacet
  facet normal -0.000000e+00 1.000000e+00 0.000000e+00
    outer loop
      vertex   -1.773294e+01 -2.548726e+01 5.775774e+00
      vertex   -1.524289e+01 -2.548726e+01 6.765114e+00
      vertex   -1.708137e+01 -2.548726e+01 4.926637e+00
    endloop
  endfacet
  facet normal 0.000000e+00 1.000000e+00 0.000000e+00
    outer loop
      vertex   -1.708137e+01 -2.548726e+01 4.926637e+00
      vertex   -1.524289e+01 -2.548726e+01 6.765114e+00
      vertex   -1.493223e+01 -2.548726e+01 6.526736e+00
    endloop
  endfacet
  facet normal -0.000000e+00 1.000000e+00 0.000000e+00
    outer loop
      vertex   -1.708137e+01 -2.548726e+01 4.926637e+00
      vertex   -1.493223e+01 -2.548726e+01 6.526736e+00
      vertex   -1.623223e+01 -2.548726e+01 4.275070e+00
    endloop
  endfacet
  facet normal 0.000000e+00 1.000000e+00 0.000000e+00
    outer loop
      vertex   -1.623223e+01 -2.548726e+01 4.275070e+00
      vertex   -1.493223e+01 -2.548726e+01 6.526736e+00
      vertex   -1.457046e+01 -2.548726e+01 6.376886e+00
    endloop
  endfacet
  facet normal -0.000000e+00 1.000000e+00 0.000000e+00
    outer loop
      vertex   -1.623223e+01 -2.548726e+01 4.275070e+00
      vertex   -1.457046e+01 -2.548726e+01 6.376886e+00
      vertex   -1.524339e+01 -2.548726e+01 3.865479e+00
    endloop
  endfacet
  facet normal 0.000000e+00 1.000000e+00 0.000000e+00
    outer loop
      vertex   -1.524339e+01 -2.548726e+01 3.865479e+00
      vertex   -1.457046e+01 -2.548726e+01 6.376886e+00
      vertex   -1.418223e+01 -2.548726e+01 6.325774e+00
    endloop
  endfacet
  facet normal 1.450518e-15 -5.233596e-02 -9.986295e-01
    outer loop
      vertex   2.984271e+01 -7.273457e+00 1.082656e+00
      vertex   3.236265e+01 -5.080554e+00 9.677307e-01
      vertex   3.032979e+01 -7.321635e+00 1.085181e+00
    endloop
  endfacet
  facet normal 8.145333e-15 -5.233596e-02 -9.986295e-01
    outer loop
      vertex   3.032979e+01 -7.321635e+00 1.085181e+00
      vertex   3.236265e+01 -5.080554e+00 9.677307e-01
      vertex   3.236265e+01 -5.569343e+00 9.933470e-01
    endloop
  endfacet
  facet normal 7.703788e-15 -5.233596e-02 -9.986295e-01
    outer loop
      vertex   3.032979e+01 -7.321635e+00 1.085181e+00
      vertex   3.236265e+01 -5.569343e+00 9.933470e-01
      vertex   3.224376e+01 -6.043495e+00 1.018196e+00
    endloop
  endfacet
  facet normal 1.778615e-15 -5.233596e-02 -9.986295e-01
    outer loop
      vertex   2.984271e+01 -7.273457e+00 1.082656e+00
      vertex   2.938194e+01 -7.108577e+00 1.074015e+00
      vertex   3.236265e+01 -5.080554e+00 9.677307e-01
    endloop
  endfacet
  facet normal 2.593718e-15 -5.233596e-02 -9.986295e-01
    outer loop
      vertex   3.236265e+01 -5.080554e+00 9.677307e-01
      vertex   2.938194e+01 -7.108577e+00 1.074015e+00
      vertex   2.897507e+01 -6.836871e+00 1.059775e+00
    endloop
  endfacet
  facet normal 3.394968e-15 -5.233596e-02 -9.986295e-01
    outer loop
      vertex   3.236265e+01 -5.080554e+00 9.677307e-01
      vertex   2.897507e+01 -6.836871e+00 1.059775e+00
      vertex   2.864647e+01 -6.474611e+00 1.040790e+00
    endloop
  endfacet
  facet normal 3.717488e-15 -5.233596e-02 -9.986295e-01
    outer loop
      vertex   2.864647e+01 -6.474611e+00 1.040790e+00
      vertex   2.841582e+01 -6.043495e+00 1.018196e+00
      vertex   3.236265e+01 -5.080554e+00 9.677307e-01
    endloop
  endfacet
  facet normal 3.815586e-15 -5.233596e-02 -9.986295e-01
    outer loop
      vertex   3.236265e+01 -5.080554e+00 9.677307e-01
      vertex   2.841582e+01 -6.043495e+00 1.018196e+00
      vertex   2.829693e+01 -5.569343e+00 9.933470e-01
    endloop
  endfacet
  facet normal 4.094733e-15 -5.233596e-02 -9.986295e-01
    outer loop
      vertex   3.236265e+01 -5.080554e+00 9.677307e-01
      vertex   2.829693e+01 -5.569343e+00 9.933470e-01
      vertex   3.224376e+01 -4.606402e+00 9.428814e-01
    endloop
  endfacet
  facet normal 4.499169e-15 -5.233596e-02 -9.986295e-01
    outer loop
      vertex   3.224376e+01 -4.606402e+00 9.428814e-01
      vertex   2.829693e+01 -5.569343e+00 9.933470e-01
      vertex   3.201311e+01 -4.175286e+00 9.202876e-01
    endloop
  endfacet
  facet normal 4.896588e-15 -5.233596e-02 -9.986295e-01
    outer loop
      vertex   3.201311e+01 -4.175286e+00 9.202876e-01
      vertex   2.829693e+01 -5.569343e+00 9.933470e-01
      vertex   3.168451e+01 -3.813026e+00 9.013024e-01
    endloop
  endfacet
  facet normal 5.388746e-15 -5.233596e-02 -9.986295e-01
    outer loop
      vertex   3.168451e+01 -3.813026e+00 9.013024e-01
      vertex   2.829693e+01 -5.569343e+00 9.933470e-01
      vertex   3.127764e+01 -3.541320e+00 8.870628e-01
    endloop
  endfacet
  facet normal 6.703824e-15 -5.233596e-02 -9.986295e-01
    outer loop
      vertex   3.127764e+01 -3.541320e+00 8.870628e-01
      vertex   2.829693e+01 -5.569343e+00 9.933470e-01
      vertex   3.081687e+01 -3.376440e+00 8.784218e-01
    endloop
  endfacet
  facet normal 9.616962e-15 -5.233596e-02 -9.986295e-01
    outer loop
      vertex   3.081687e+01 -3.376440e+00 8.784218e-01
      vertex   2.829693e+01 -5.569343e+00 9.933470e-01
      vertex   3.032979e+01 -3.328262e+00 8.758969e-01
    endloop
  endfacet
  facet normal -6.694794e-16 -5.233596e-02 -9.986295e-01
    outer loop
      vertex   3.032979e+01 -3.328262e+00 8.758969e-01
      vertex   2.829693e+01 -5.569343e+00 9.933470e-01
      vertex   2.829693e+01 -5.080554e+00 9.677307e-01
    endloop
  endfacet
  facet normal -1.687496e-15 -5.233596e-02 -9.986295e-01
    outer loop
      vertex   3.032979e+01 -3.328262e+00 8.758969e-01
      vertex   2.829693e+01 -5.080554e+00 9.677307e-01
      vertex   2.841582e+01 -4.606402e+00 9.428814e-01
    endloop
  endfacet
  facet normal -1.992552e-15 -5.233596e-02 -9.986295e-01
    outer loop
      vertex   2.841582e+01 -4.606402e+00 9.428814e-01
      vertex   2.864647e+01 -4.175286e+00 9.202876e-01
      vertex   3.032979e+01 -3.328262e+00 8.758969e-01
    endloop
  endfacet
  facet normal -2.414556e-15 -5.233596e-02 -9.986295e-01
    outer loop
      vertex   3.032979e+01 -3.328262e+00 8.758969e-01
      vertex   2.864647e+01 -4.175286e+00 9.202876e-01
      vertex   2.897507e+01 -3.813026e+00 9.013024e-01
    endloop
  endfacet
  facet normal -3.771934e-15 -5.233596e-02 -9.986295e-01
    outer loop
      vertex   3.032979e+01 -3.328262e+00 8.758969e-01
      vertex   2.897507e+01 -3.813026e+00 9.013024e-01
      vertex   2.938194e+01 -3.541320e+00 8.870628e-01
    endloop
  endfacet
  facet normal -6.875284e-15 -5.233596e-02 -9.986295e-01
    outer loop
      vertex   2.938194e+01 -3.541320e+00 8.870628e-01
      vertex   2.984271e+01 -3.376440e+00 8.784218e-01
      vertex   3.032979e+01 -3.328262e+00 8.758969e-01
    endloop
  endfacet
  facet normal 7.029463e-15 -5.233596e-02 -9.986295e-01
    outer loop
      vertex   3.224376e+01 -6.043495e+00 1.018196e+00
      vertex   3.201311e+01 -6.474611e+00 1.040790e+00
      vertex   3.032979e+01 -7.321635e+00 1.085181e+00
    endloop
  endfacet
  facet normal 7.180954e-15 -5.233596e-02 -9.986295e-01
    outer loop
      vertex   3.032979e+01 -7.321635e+00 1.085181e+00
      vertex   3.201311e+01 -6.474611e+00 1.040790e+00
      vertex   3.168451e+01 -6.836871e+00 1.059775e+00
    endloop
  endfacet
  facet normal 5.825204e-15 -5.233596e-02 -9.986295e-01
    outer loop
      vertex   3.032979e+01 -7.321635e+00 1.085181e+00
      vertex   3.168451e+01 -6.836871e+00 1.059775e+00
      vertex   3.127764e+01 -7.108577e+00 1.074015e+00
    endloop
  endfacet
  facet normal 3.025870e-15 -5.233596e-02 -9.986295e-01
    outer loop
      vertex   3.127764e+01 -7.108577e+00 1.074015e+00
      vertex   3.081687e+01 -7.273457e+00 1.082656e+00
      vertex   3.032979e+01 -7.321635e+00 1.085181e+00
    endloop
  endfacet
  facet normal 1.893266e-30 3.431658e-15 -1.000000e+00
    outer loop
      vertex   -2.685896e+01 -4.939581e+00 3.668827e+00
      vertex   -2.202934e+01 -4.939581e+00 3.668827e+00
      vertex   -2.694415e+01 -5.586628e+00 3.668827e+00
    endloop
  endfacet
  facet normal 4.440892e-16 5.846545e-17 -1.000000e+00
    outer loop
      vertex   -2.694415e+01 -5.586628e+00 3.668827e+00
      vertex   -2.202934e+01 -4.939581e+00 3.668827e+00
      vertex   -2.194415e+01 -5.586628e+00 3.668827e+00
    endloop
  endfacet
  facet normal 4.440892e-16 -3.373192e-15 -1.000000e+00
    outer loop
      vertex   -2.694415e+01 -5.586628e+00 3.668827e+00
      vertex   -2.194415e+01 -5.586628e+00 3.668827e+00
      vertex   -2.685896e+01 -6.233676e+00 3.668827e+00
    endloop
  endfacet
  facet normal 0.000000e+00 0.000000e+00 -1.000000e+00
    outer loop
      vertex   -2.685896e+01 -6.233676e+00 3.668827e+00
      vertex   -2.194415e+01 -5.586628e+00 3.668827e+00
      vertex   -2.202934e+01 -6.233676e+00 3.668827e+00
    endloop
  endfacet
  facet normal 0.000000e+00 0.000000e+00 -1.000000e+00
    outer loop
      vertex   -2.685896e+01 -6.233676e+00 3.668827e+00
      vertex   -2.202934e+01 -6.233676e+00 3.668827e+00
      vertex   -2.660921e+01 -6.836628e+00 3.668827e+00
    endloop
  endfacet
  facet normal 0.000000e+00 0.000000e+00 -1.000000e+00
    outer loop
      vertex   -2.660921e+01 -6.836628e+00 3.668827e+00
      vertex   -2.202934e+01 -6.233676e+00 3.668827e+00
      vertex   -2.227909e+01 -6.836628e+00 3.668827e+00
    endloop
  endfacet
  facet normal 0.000000e+00 0.000000e+00 -1.000000e+00
    outer loop
      vertex   -2.660921e+01 -6.836628e+00 3.668827e+00
      vertex   -2.227909e+01 -6.836628e+00 3.668827e+00
      vertex   -2.621192e+01 -7.354395e+00 3.668827e+00
    endloop
  endfacet
  facet normal 0.000000e+00 0.000000e+00 -1.000000e+00
    outer loop
      vertex   -2.621192e+01 -7.354395e+00 3.668827e+00
      vertex   -2.227909e+01 -6.836628e+00 3.668827e+00
      vertex   -2.267638e+01 -7.354395e+00 3.668827e+00
    endloop
  endfacet
  facet normal 0.000000e+00 0.000000e+00 -1.000000e+00
    outer loop
      vertex   -2.621192e+01 -7.354395e+00 3.668827e+00
      vertex   -2.267638e+01 -7.354395e+00 3.668827e+00
      vertex   -2.569415e+01 -7.751692e+00 3.668827e+00
    endloop
  endfacet
  facet normal 0.000000e+00 0.000000e+00 -1.000000e+00
    outer loop
      vertex   -2.569415e+01 -7.751692e+00 3.668827e+00
      vertex   -2.267638e+01 -7.354395e+00 3.668827e+00
      vertex   -2.319415e+01 -7.751692e+00 3.668827e+00
    endloop
  endfacet
  facet normal 0.000000e+00 0.000000e+00 -1.000000e+00
    outer loop
      vertex   -2.569415e+01 -7.751692e+00 3.668827e+00
      vertex   -2.319415e+01 -7.751692e+00 3.668827e+00
      vertex   -2.509120e+01 -8.001443e+00 3.668827e+00
    endloop
  endfacet
  facet normal 0.000000e+00 0.000000e+00 -1.000000e+00
    outer loop
      vertex   -2.509120e+01 -8.001443e+00 3.668827e+00
      vertex   -2.319415e+01 -7.751692e+00 3.668827e+00
      vertex   -2.379710e+01 -8.001443e+00 3.668827e+00
    endloop
  endfacet
  facet normal 0.000000e+00 0.000000e+00 -1.000000e+00
    outer loop
      vertex   -2.509120e+01 -8.001443e+00 3.668827e+00
      vertex   -2.379710e+01 -8.001443e+00 3.668827e+00
      vertex   -2.444415e+01 -8.086628e+00 3.668827e+00
    endloop
  endfacet
  facet normal 0.000000e+00 0.000000e+00 -1.000000e+00
    outer loop
      vertex   -2.202934e+01 -4.939581e+00 3.668827e+00
      vertex   -2.685896e+01 -4.939581e+00 3.668827e+00
      vertex   -2.227909e+01 -4.336628e+00 3.668827e+00
    endloop
  endfacet
  facet normal -0.000000e+00 0.000000e+00 -1.000000e+00
    outer loop
      vertex   -2.227909e+01 -4.336628e+00 3.668827e+00
      vertex   -2.685896e+01 -4.939581e+00 3.668827e+00
      vertex   -2.660921e+01 -4.336628e+00 3.668827e+00
    endloop
  endfacet
  facet normal 0.000000e+00 0.000000e+00 -1.000000e+00
    outer loop
      vertex   -2.227909e+01 -4.336628e+00 3.668827e+00
      vertex   -2.660921e+01 -4.336628e+00 3.668827e+00
      vertex   -2.267638e+01 -3.818861e+00 3.668827e+00
    endloop
  endfacet
  facet normal -0.000000e+00 0.000000e+00 -1.000000e+00
    outer loop
      vertex   -2.267638e+01 -3.818861e+00 3.668827e+00
      vertex   -2.660921e+01 -4.336628e+00 3.668827e+00
      vertex   -2.621192e+01 -3.818861e+00 3.668827e+00
    endloop
  endfacet
  facet normal 0.000000e+00 0.000000e+00 -1.000000e+00
    outer loop
      vertex   -2.267638e+01 -3.818861e+00 3.668827e+00
      vertex   -2.621192e+01 -3.818861e+00 3.668827e+00
      vertex   -2.319415e+01 -3.421565e+00 3.668827e+00
    endloop
  endfacet
  facet normal -0.000000e+00 0.000000e+00 -1.000000e+00
    outer loop
      vertex   -2.319415e+01 -3.421565e+00 3.668827e+00
      vertex   -2.621192e+01 -3.818861e+00 3.668827e+00
      vertex   -2.569415e+01 -3.421565e+00 3.668827e+00
    endloop
  endfacet
  facet normal 0.000000e+00 0.000000e+00 -1.000000e+00
    outer loop
      vertex   -2.319415e+01 -3.421565e+00 3.668827e+00
      vertex   -2.569415e+01 -3.421565e+00 3.668827e+00
      vertex   -2.379710e+01 -3.171814e+00 3.668827e+00
    endloop
  endfacet
  facet normal -0.000000e+00 0.000000e+00 -1.000000e+00
    outer loop
      vertex   -2.379710e+01 -3.171814e+00 3.668827e+00
      vertex   -2.569415e+01 -3.421565e+00 3.668827e+00
      vertex   -2.509120e+01 -3.171814e+00 3.668827e+00
    endloop
  endfacet
  facet normal 0.000000e+00 0.000000e+00 -1.000000e+00
    outer loop
      vertex   -2.379710e+01 -3.171814e+00 3.668827e+00
      vertex   -2.509120e+01 -3.171814e+00 3.668827e+00
      vertex   -2.444415e+01 -3.086628e+00 3.668827e+00
    endloop
  endfacet
  facet normal 1.898124e-17 -5.233596e-02 -9.986295e-01
    outer loop
      vertex   -8.659292e+01 -1.274707e+01 3.681433e-01
      vertex   -8.272922e+01 -1.274707e+01 3.681433e-01
      vertex   -8.666107e+01 -1.326400e+01 3.952344e-01
    endloop
  endfacet
  facet normal -2.771754e-16 -5.233596e-02 -9.986295e-01
    outer loop
      vertex   -8.666107e+01 -1.326400e+01 3.952344e-01
      vertex   -8.272922e+01 -1.274707e+01 3.681433e-01
      vertex   -8.266107e+01 -1.326400e+01 3.952344e-01
    endloop
  endfacet
  facet normal -2.771754e-16 -5.233596e-02 -9.986295e-01
    outer loop
      vertex   -8.666107e+01 -1.326400e+01 3.952344e-01
      vertex   -8.266107e+01 -1.326400e+01 3.952344e-01
      vertex   -8.659292e+01 -1.378093e+01 4.223255e-01
    endloop
  endfacet
  facet normal 0.000000e+00 -5.233596e-02 -9.986295e-01
    outer loop
      vertex   -8.659292e+01 -1.378093e+01 4.223255e-01
      vertex   -8.266107e+01 -1.326400e+01 3.952344e-01
      vertex   -8.272922e+01 -1.378093e+01 4.223255e-01
    endloop
  endfacet
  facet normal 0.000000e+00 -5.233596e-02 -9.986295e-01
    outer loop
      vertex   -8.659292e+01 -1.378093e+01 4.223255e-01
      vertex   -8.272922e+01 -1.378093e+01 4.223255e-01
      vertex   -8.639312e+01 -1.426263e+01 4.475704e-01
    endloop
  endfacet
  facet normal -5.367472e-17 -5.233596e-02 -9.986295e-01
    outer loop
      vertex   -8.639312e+01 -1.426263e+01 4.475704e-01
      vertex   -8.272922e+01 -1.378093e+01 4.223255e-01
      vertex   -8.292902e+01 -1.426263e+01 4.475704e-01
    endloop
  endfacet
  facet normal -5.367472e-17 -5.233596e-02 -9.986295e-01
    outer loop
      vertex   -8.639312e+01 -1.426263e+01 4.475704e-01
      vertex   -8.292902e+01 -1.426263e+01 4.475704e-01
      vertex   -8.607528e+01 -1.467627e+01 4.692487e-01
    endloop
  endfacet
  facet normal 0.000000e+00 -5.233596e-02 -9.986295e-01
    outer loop
      vertex   -8.607528e+01 -1.467627e+01 4.692487e-01
      vertex   -8.292902e+01 -1.426263e+01 4.475704e-01
      vertex   -8.324686e+01 -1.467627e+01 4.692487e-01
    endloop
  endfacet
  facet normal 0.000000e+00 -5.233596e-02 -9.986295e-01
    outer loop
      vertex   -8.607528e+01 -1.467627e+01 4.692487e-01
      vertex   -8.324686e+01 -1.467627e+01 4.692487e-01
      vertex   -8.566107e+01 -1.499368e+01 4.858830e-01
    endloop
  endfacet
  facet normal -4.648367e-17 -5.233596e-02 -9.986295e-01
    outer loop
      vertex   -8.566107e+01 -1.499368e+01 4.858830e-01
      vertex   -8.324686e+01 -1.467627e+01 4.692487e-01
      vertex   -8.366107e+01 -1.499368e+01 4.858830e-01
    endloop
  endfacet
  facet normal -4.648367e-17 -5.233596e-02 -9.986295e-01
    outer loop
      vertex   -8.566107e+01 -1.499368e+01 4.858830e-01
      vertex   -8.366107e+01 -1.499368e+01 4.858830e-01
      vertex   -8.517871e+01 -1.519320e+01 4.963397e-01
    endloop
  endfacet
  facet normal 0.000000e+00 -5.233596e-02 -9.986295e-01
    outer loop
      vertex   -8.517871e+01 -1.519320e+01 4.963397e-01
      vertex   -8.366107e+01 -1.499368e+01 4.858830e-01
      vertex   -8.414343e+01 -1.519320e+01 4.963397e-01
    endloop
  endfacet
  facet normal 0.000000e+00 -5.233596e-02 -9.986295e-01
    outer loop
      vertex   -8.517871e+01 -1.519320e+01 4.963397e-01
      vertex   -8.414343e+01 -1.519320e+01 4.963397e-01
      vertex   -8.466107e+01 -1.526126e+01 4.999063e-01
    endloop
  endfacet
  facet normal 1.898124e-17 -5.233596e-02 -9.986295e-01
    outer loop
      vertex   -8.272922e+01 -1.274707e+01 3.681433e-01
      vertex   -8.659292e+01 -1.274707e+01 3.681433e-01
      vertex   -8.292902e+01 -1.226537e+01 3.428985e-01
    endloop
  endfacet
  facet normal -2.683736e-17 -5.233596e-02 -9.986295e-01
    outer loop
      vertex   -8.292902e+01 -1.226537e+01 3.428985e-01
      vertex   -8.659292e+01 -1.274707e+01 3.681433e-01
      vertex   -8.639312e+01 -1.226537e+01 3.428985e-01
    endloop
  endfacet
  facet normal -2.683736e-17 -5.233596e-02 -9.986295e-01
    outer loop
      vertex   -8.292902e+01 -1.226537e+01 3.428985e-01
      vertex   -8.639312e+01 -1.226537e+01 3.428985e-01
      vertex   -8.324686e+01 -1.185172e+01 3.212202e-01
    endloop
  endfacet
  facet normal 1.959926e-17 -5.233596e-02 -9.986295e-01
    outer loop
      vertex   -8.324686e+01 -1.185172e+01 3.212202e-01
      vertex   -8.639312e+01 -1.226537e+01 3.428985e-01
      vertex   -8.607528e+01 -1.185172e+01 3.212202e-01
    endloop
  endfacet
  facet normal 1.959926e-17 -5.233596e-02 -9.986295e-01
    outer loop
      vertex   -8.324686e+01 -1.185172e+01 3.212202e-01
      vertex   -8.607528e+01 -1.185172e+01 3.212202e-01
      vertex   -8.366107e+01 -1.153432e+01 3.045859e-01
    endloop
  endfacet
  facet normal -6.524980e-17 -5.233596e-02 -9.986295e-01
    outer loop
      vertex   -8.366107e+01 -1.153432e+01 3.045859e-01
      vertex   -8.607528e+01 -1.185172e+01 3.212202e-01
      vertex   -8.566107e+01 -1.153432e+01 3.045859e-01
    endloop
  endfacet
  facet normal -6.524980e-17 -5.233596e-02 -9.986295e-01
    outer loop
      vertex   -8.366107e+01 -1.153432e+01 3.045859e-01
      vertex   -8.566107e+01 -1.153432e+01 3.045859e-01
      vertex   -8.414343e+01 -1.133479e+01 2.941291e-01
    endloop
  endfacet
  facet normal -3.625338e-17 -5.233596e-02 -9.986295e-01
    outer loop
      vertex   -8.414343e+01 -1.133479e+01 2.941291e-01
      vertex   -8.566107e+01 -1.153432e+01 3.045859e-01
      vertex   -8.517871e+01 -1.133479e+01 2.941291e-01
    endloop
  endfacet
  facet normal -3.625338e-17 -5.233596e-02 -9.986295e-01
    outer loop
      vertex   -8.414343e+01 -1.133479e+01 2.941291e-01
      vertex   -8.517871e+01 -1.133479e+01 2.941291e-01
      vertex   -8.466107e+01 -1.126674e+01 2.905625e-01
    endloop
  endfacet
  facet normal -1.309896e-16 -5.233596e-02 -9.986295e-01
    outer loop
      vertex   -7.454647e+01 -2.179140e+00 -1.856984e-01
      vertex   -7.255023e+01 -2.301576e+00 -1.792818e-01
      vertex   -7.497938e+01 -2.470587e+00 -1.704243e-01
    endloop
  endfacet
  facet normal -2.568858e-16 -5.233596e-02 -9.986295e-01
    outer loop
      vertex   -7.497938e+01 -2.470587e+00 -1.704243e-01
      vertex   -7.255023e+01 -2.301576e+00 -1.792818e-01
      vertex   -7.215628e+01 -2.643738e+00 -1.613498e-01
    endloop
  endfacet
  facet normal -1.265981e-16 -5.233596e-02 -9.986295e-01
    outer loop
      vertex   -7.497938e+01 -2.470587e+00 -1.704243e-01
      vertex   -7.215628e+01 -2.643738e+00 -1.613498e-01
      vertex   -7.532202e+01 -2.863997e+00 -1.498065e-01
    endloop
  endfacet
  facet normal -7.556059e-18 -5.233596e-02 -9.986295e-01
    outer loop
      vertex   -7.532202e+01 -2.863997e+00 -1.498065e-01
      vertex   -7.215628e+01 -2.643738e+00 -1.613498e-01
      vertex   -7.186443e+01 -3.076063e+00 -1.386926e-01
    endloop
  endfacet
  facet normal -1.090074e-17 -5.233596e-02 -9.986295e-01
    outer loop
      vertex   -7.532202e+01 -2.863997e+00 -1.498065e-01
      vertex   -7.186443e+01 -3.076063e+00 -1.386926e-01
      vertex   -7.555101e+01 -3.332561e+00 -1.252501e-01
    endloop
  endfacet
  facet normal -3.723175e-18 -5.233596e-02 -9.986295e-01
    outer loop
      vertex   -7.555101e+01 -3.332561e+00 -1.252501e-01
      vertex   -7.186443e+01 -3.076063e+00 -1.386926e-01
      vertex   -7.169457e+01 -3.569090e+00 -1.128542e-01
    endloop
  endfacet
  facet normal -8.673617e-19 -5.233596e-02 -9.986295e-01
    outer loop
      vertex   -7.555101e+01 -3.332561e+00 -1.252501e-01
      vertex   -7.169457e+01 -3.569090e+00 -1.128542e-01
      vertex   -7.565076e+01 -3.844345e+00 -9.842864e-02
    endloop
  endfacet
  facet normal 1.885066e-18 -5.233596e-02 -9.986295e-01
    outer loop
      vertex   -7.565076e+01 -3.844345e+00 -9.842864e-02
      vertex   -7.169457e+01 -3.569090e+00 -1.128542e-01
      vertex   -7.165829e+01 -4.089218e+00 -8.559541e-02
    endloop
  endfacet
  facet normal 2.932325e-18 -5.233596e-02 -9.986295e-01
    outer loop
      vertex   -7.565076e+01 -3.844345e+00 -9.842864e-02
      vertex   -7.165829e+01 -4.089218e+00 -8.559541e-02
      vertex   -7.561448e+01 -4.364474e+00 -7.116986e-02
    endloop
  endfacet
  facet normal -1.734723e-18 -5.233596e-02 -9.986295e-01
    outer loop
      vertex   -7.561448e+01 -4.364474e+00 -7.116986e-02
      vertex   -7.165829e+01 -4.089218e+00 -8.559541e-02
      vertex   -7.175804e+01 -4.601002e+00 -5.877392e-02
    endloop
  endfacet
  facet normal -7.911747e-18 -5.233596e-02 -9.986295e-01
    outer loop
      vertex   -7.561448e+01 -4.364474e+00 -7.116986e-02
      vertex   -7.175804e+01 -4.601002e+00 -5.877392e-02
      vertex   -7.544462e+01 -4.857500e+00 -4.533145e-02
    endloop
  endfacet
  facet normal -9.603032e-18 -5.233596e-02 -9.986295e-01
    outer loop
      vertex   -7.544462e+01 -4.857500e+00 -4.533145e-02
      vertex   -7.175804e+01 -4.601002e+00 -5.877392e-02
      vertex   -7.198703e+01 -5.069566e+00 -3.421755e-02
    endloop
  endfacet
  facet normal -1.813454e-18 -5.233596e-02 -9.986295e-01
    outer loop
      vertex   -7.544462e+01 -4.857500e+00 -4.533145e-02
      vertex   -7.198703e+01 -5.069566e+00 -3.421755e-02
      vertex   -7.515277e+01 -5.289825e+00 -2.267424e-02
    endloop
  endfacet
  facet normal 1.480679e-18 -5.233596e-02 -9.986295e-01
    outer loop
      vertex   -7.515277e+01 -5.289825e+00 -2.267424e-02
      vertex   -7.198703e+01 -5.069566e+00 -3.421755e-02
      vertex   -7.232967e+01 -5.462976e+00 -1.359978e-02
    endloop
  endfacet
  facet normal 9.648293e-19 -5.233596e-02 -9.986295e-01
    outer loop
      vertex   -7.515277e+01 -5.289825e+00 -2.267424e-02
      vertex   -7.232967e+01 -5.462976e+00 -1.359978e-02
      vertex   -7.475882e+01 -5.631988e+00 -4.742283e-03
    endloop
  endfacet
  facet normal 3.752305e-18 -5.233596e-02 -9.986295e-01
    outer loop
      vertex   -7.475882e+01 -5.631988e+00 -4.742283e-03
      vertex   -7.232967e+01 -5.462976e+00 -1.359978e-02
      vertex   -7.276258e+01 -5.754424e+00 1.674328e-03
    endloop
  endfacet
  facet normal 0.000000e+00 -5.233596e-02 -9.986295e-01
    outer loop
      vertex   -7.475882e+01 -5.631988e+00 -4.742283e-03
      vertex   -7.276258e+01 -5.754424e+00 1.674328e-03
      vertex   -7.428962e+01 -5.860669e+00 7.242383e-03
    endloop
  endfacet
  facet normal -5.241514e-19 -5.233596e-02 -9.986295e-01
    outer loop
      vertex   -7.428962e+01 -5.860669e+00 7.242383e-03
      vertex   -7.276258e+01 -5.754424e+00 1.674328e-03
      vertex   -7.325629e+01 -5.924046e+00 1.056387e-02
    endloop
  endfacet
  facet normal 3.841835e-18 -5.233596e-02 -9.986295e-01
    outer loop
      vertex   -7.428962e+01 -5.860669e+00 7.242383e-03
      vertex   -7.325629e+01 -5.924046e+00 1.056387e-02
      vertex   -7.377713e+01 -5.960284e+00 1.246303e-02
    endloop
  endfacet
  facet normal -1.193811e-17 -5.233596e-02 -9.986295e-01
    outer loop
      vertex   -7.255023e+01 -2.301576e+00 -1.792818e-01
      vertex   -7.454647e+01 -2.179140e+00 -1.856984e-01
      vertex   -7.301943e+01 -2.072895e+00 -1.912664e-01
    endloop
  endfacet
  facet normal -3.040078e-17 -5.233596e-02 -9.986295e-01
    outer loop
      vertex   -7.301943e+01 -2.072895e+00 -1.912664e-01
      vertex   -7.454647e+01 -2.179140e+00 -1.856984e-01
      vertex   -7.405276e+01 -2.009517e+00 -1.945879e-01
    endloop
  endfacet
  facet normal -2.842958e-17 -5.233596e-02 -9.986295e-01
    outer loop
      vertex   -7.301943e+01 -2.072895e+00 -1.912664e-01
      vertex   -7.405276e+01 -2.009517e+00 -1.945879e-01
      vertex   -7.353192e+01 -1.973279e+00 -1.964871e-01
    endloop
  endfacet
  facet normal 0.000000e+00 -5.233596e-02 -9.986295e-01
    outer loop
      vertex   -2.750788e+01 -2.748176e+01 1.140356e+00
      vertex   -2.802551e+01 -2.741370e+01 1.136789e+00
      vertex   -2.699024e+01 -2.741370e+01 1.136789e+00
    endloop
  endfacet
  facet normal -0.000000e+00 -5.233596e-02 -9.986295e-01
    outer loop
      vertex   -2.699024e+01 -2.741370e+01 1.136789e+00
      vertex   -2.802551e+01 -2.741370e+01 1.136789e+00
      vertex   -2.650788e+01 -2.721417e+01 1.126332e+00
    endloop
  endfacet
  facet normal -0.000000e+00 -5.233596e-02 -9.986295e-01
    outer loop
      vertex   -2.650788e+01 -2.721417e+01 1.126332e+00
      vertex   -2.802551e+01 -2.741370e+01 1.136789e+00
      vertex   -2.850788e+01 -2.721417e+01 1.126332e+00
    endloop
  endfacet
  facet normal -0.000000e+00 -5.233596e-02 -9.986295e-01
    outer loop
      vertex   -2.650788e+01 -2.721417e+01 1.126332e+00
      vertex   -2.850788e+01 -2.721417e+01 1.126332e+00
      vertex   -2.609366e+01 -2.689677e+01 1.109698e+00
    endloop
  endfacet
  facet normal -0.000000e+00 -5.233596e-02 -9.986295e-01
    outer loop
      vertex   -2.609366e+01 -2.689677e+01 1.109698e+00
      vertex   -2.850788e+01 -2.721417e+01 1.126332e+00
      vertex   -2.892209e+01 -2.689677e+01 1.109698e+00
    endloop
  endfacet
  facet normal -0.000000e+00 -5.233596e-02 -9.986295e-01
    outer loop
      vertex   -2.609366e+01 -2.689677e+01 1.109698e+00
      vertex   -2.892209e+01 -2.689677e+01 1.109698e+00
      vertex   -2.577583e+01 -2.648313e+01 1.088020e+00
    endloop
  endfacet
  facet normal -0.000000e+00 -5.233596e-02 -9.986295e-01
    outer loop
      vertex   -2.577583e+01 -2.648313e+01 1.088020e+00
      vertex   -2.892209e+01 -2.689677e+01 1.109698e+00
      vertex   -2.923993e+01 -2.648313e+01 1.088020e+00
    endloop
  endfacet
  facet normal -0.000000e+00 -5.233596e-02 -9.986295e-01
    outer loop
      vertex   -2.577583e+01 -2.648313e+01 1.088020e+00
      vertex   -2.923993e+01 -2.648313e+01 1.088020e+00
      vertex   -2.557602e+01 -2.600142e+01 1.062775e+00
    endloop
  endfacet
  facet normal -0.000000e+00 -5.233596e-02 -9.986295e-01
    outer loop
      vertex   -2.557602e+01 -2.600142e+01 1.062775e+00
      vertex   -2.923993e+01 -2.648313e+01 1.088020e+00
      vertex   -2.943973e+01 -2.600142e+01 1.062775e+00
    endloop
  endfacet
  facet normal -0.000000e+00 -5.233596e-02 -9.986295e-01
    outer loop
      vertex   -2.557602e+01 -2.600142e+01 1.062775e+00
      vertex   -2.943973e+01 -2.600142e+01 1.062775e+00
      vertex   -2.550788e+01 -2.548450e+01 1.035684e+00
    endloop
  endfacet
  facet normal -0.000000e+00 -5.233596e-02 -9.986295e-01
    outer loop
      vertex   -2.550788e+01 -2.548450e+01 1.035684e+00
      vertex   -2.943973e+01 -2.600142e+01 1.062775e+00
      vertex   -2.950788e+01 -2.548450e+01 1.035684e+00
    endloop
  endfacet
  facet normal -0.000000e+00 -5.233596e-02 -9.986295e-01
    outer loop
      vertex   -2.550788e+01 -2.548450e+01 1.035684e+00
      vertex   -2.950788e+01 -2.548450e+01 1.035684e+00
      vertex   -2.557602e+01 -2.496757e+01 1.008593e+00
    endloop
  endfacet
  facet normal -0.000000e+00 -5.233596e-02 -9.986295e-01
    outer loop
      vertex   -2.557602e+01 -2.496757e+01 1.008593e+00
      vertex   -2.950788e+01 -2.548450e+01 1.035684e+00
      vertex   -2.943973e+01 -2.496757e+01 1.008593e+00
    endloop
  endfacet
  facet normal -0.000000e+00 -5.233596e-02 -9.986295e-01
    outer loop
      vertex   -2.557602e+01 -2.496757e+01 1.008593e+00
      vertex   -2.943973e+01 -2.496757e+01 1.008593e+00
      vertex   -2.577583e+01 -2.448587e+01 9.833477e-01
    endloop
  endfacet
  facet normal -0.000000e+00 -5.233596e-02 -9.986295e-01
    outer loop
      vertex   -2.577583e+01 -2.448587e+01 9.833477e-01
      vertex   -2.943973e+01 -2.496757e+01 1.008593e+00
      vertex   -2.923993e+01 -2.448587e+01 9.833477e-01
    endloop
  endfacet
  facet normal -0.000000e+00 -5.233596e-02 -9.986295e-01
    outer loop
      vertex   -2.577583e+01 -2.448587e+01 9.833477e-01
      vertex   -2.923993e+01 -2.448587e+01 9.833477e-01
      vertex   -2.609366e+01 -2.407222e+01 9.616694e-01
    endloop
  endfacet
  facet normal -0.000000e+00 -5.233596e-02 -9.986295e-01
    outer loop
      vertex   -2.609366e+01 -2.407222e+01 9.616694e-01
      vertex   -2.923993e+01 -2.448587e+01 9.833477e-01
      vertex   -2.892209e+01 -2.407222e+01 9.616694e-01
    endloop
  endfacet
  facet normal -0.000000e+00 -5.233596e-02 -9.986295e-01
    outer loop
      vertex   -2.609366e+01 -2.407222e+01 9.616694e-01
      vertex   -2.892209e+01 -2.407222e+01 9.616694e-01
      vertex   -2.650788e+01 -2.375482e+01 9.450351e-01
    endloop
  endfacet
  facet normal -0.000000e+00 -5.233596e-02 -9.986295e-01
    outer loop
      vertex   -2.650788e+01 -2.375482e+01 9.450351e-01
      vertex   -2.892209e+01 -2.407222e+01 9.616694e-01
      vertex   -2.850788e+01 -2.375482e+01 9.450351e-01
    endloop
  endfacet
  facet normal -0.000000e+00 -5.233596e-02 -9.986295e-01
    outer loop
      vertex   -2.650788e+01 -2.375482e+01 9.450351e-01
      vertex   -2.850788e+01 -2.375482e+01 9.450351e-01
      vertex   -2.699024e+01 -2.355529e+01 9.345783e-01
    endloop
  endfacet
  facet normal -0.000000e+00 -5.233596e-02 -9.986295e-01
    outer loop
      vertex   -2.699024e+01 -2.355529e+01 9.345783e-01
      vertex   -2.850788e+01 -2.375482e+01 9.450351e-01
      vertex   -2.802551e+01 -2.355529e+01 9.345783e-01
    endloop
  endfacet
  facet normal -0.000000e+00 -5.233596e-02 -9.986295e-01
    outer loop
      vertex   -2.699024e+01 -2.355529e+01 9.345783e-01
      vertex   -2.802551e+01 -2.355529e+01 9.345783e-01
      vertex   -2.750788e+01 -2.348724e+01 9.310117e-01
    endloop
  endfacet
  facet normal 1.260049e-14 3.511681e-14 -1.000000e+00
    outer loop
      vertex   2.984271e+01 -2.603308e+01 6.472865e-01
      vertex   2.938194e+01 -2.586775e+01 6.472865e-01
      vertex   3.032979e+01 -2.608139e+01 6.472865e-01
    endloop
  endfacet
  facet normal 7.062467e-15 1.054684e-14 -1.000000e+00
    outer loop
      vertex   3.032979e+01 -2.608139e+01 6.472865e-01
      vertex   2.938194e+01 -2.586775e+01 6.472865e-01
      vertex   2.897507e+01 -2.559530e+01 6.472865e-01
    endloop
  endfacet
  facet normal 4.853453e-15 4.390449e-15 -1.000000e+00
    outer loop
      vertex   3.032979e+01 -2.608139e+01 6.472865e-01
      vertex   2.897507e+01 -2.559530e+01 6.472865e-01
      vertex   2.864647e+01 -2.523204e+01 6.472865e-01
    endloop
  endfacet
  facet normal 3.610020e-15 1.926099e-15 -1.000000e+00
    outer loop
      vertex   2.864647e+01 -2.523204e+01 6.472865e-01
      vertex   2.841582e+01 -2.479974e+01 6.472865e-01
      vertex   3.032979e+01 -2.608139e+01 6.472865e-01
    endloop
  endfacet
  facet normal 2.786879e-15 6.968480e-16 -1.000000e+00
    outer loop
      vertex   3.032979e+01 -2.608139e+01 6.472865e-01
      vertex   2.841582e+01 -2.479974e+01 6.472865e-01
      vertex   2.829693e+01 -2.432429e+01 6.472865e-01
    endloop
  endfacet
  facet normal 2.184557e-15 0.000000e+00 -1.000000e+00
    outer loop
      vertex   3.032979e+01 -2.608139e+01 6.472865e-01
      vertex   2.829693e+01 -2.432429e+01 6.472865e-01
      vertex   2.829693e+01 -2.383416e+01 6.472865e-01
    endloop
  endfacet
  facet normal 1.711478e-15 -4.279484e-16 -1.000000e+00
    outer loop
      vertex   2.829693e+01 -2.383416e+01 6.472865e-01
      vertex   2.841582e+01 -2.335870e+01 6.472865e-01
      vertex   3.032979e+01 -2.608139e+01 6.472865e-01
    endloop
  endfacet
  facet normal 1.319086e-15 -7.037884e-16 -1.000000e+00
    outer loop
      vertex   3.032979e+01 -2.608139e+01 6.472865e-01
      vertex   2.841582e+01 -2.335870e+01 6.472865e-01
      vertex   2.864647e+01 -2.292640e+01 6.472865e-01
    endloop
  endfacet
  facet normal 9.787443e-16 -8.853753e-16 -1.000000e+00
    outer loop
      vertex   3.032979e+01 -2.608139e+01 6.472865e-01
      vertex   2.864647e+01 -2.292640e+01 6.472865e-01
      vertex   2.897507e+01 -2.256315e+01 6.472865e-01
    endloop
  endfacet
  facet normal 6.719721e-16 -1.003500e-15 -1.000000e+00
    outer loop
      vertex   2.897507e+01 -2.256315e+01 6.472865e-01
      vertex   2.938194e+01 -2.229070e+01 6.472865e-01
      vertex   3.032979e+01 -2.608139e+01 6.472865e-01
    endloop
  endfacet
  facet normal 3.857519e-16 -1.075068e-15 -1.000000e+00
    outer loop
      vertex   3.032979e+01 -2.608139e+01 6.472865e-01
      vertex   2.938194e+01 -2.229070e+01 6.472865e-01
      vertex   2.984271e+01 -2.212536e+01 6.472865e-01
    endloop
  endfacet
  facet normal 4.613718e-15 -5.545097e-16 -1.000000e+00
    outer loop
      vertex   3.032979e+01 -2.608139e+01 6.472865e-01
      vertex   2.984271e+01 -2.212536e+01 6.472865e-01
      vertex   3.032979e+01 -2.207705e+01 6.472865e-01
    endloop
  endfacet
  facet normal 2.046135e-16 -2.091803e-14 -1.000000e+00
    outer loop
      vertex   3.081687e+01 -2.212536e+01 6.472865e-01
      vertex   3.127764e+01 -2.229070e+01 6.472865e-01
      vertex   3.032979e+01 -2.207705e+01 6.472865e-01
    endloop
  endfacet
  facet normal 3.538976e-15 -6.124799e-15 -1.000000e+00
    outer loop
      vertex   3.032979e+01 -2.207705e+01 6.472865e-01
      vertex   3.127764e+01 -2.229070e+01 6.472865e-01
      vertex   3.168451e+01 -2.256315e+01 6.472865e-01
    endloop
  endfacet
  facet normal 4.921437e-15 -2.271961e-15 -1.000000e+00
    outer loop
      vertex   3.032979e+01 -2.207705e+01 6.472865e-01
      vertex   3.168451e+01 -2.256315e+01 6.472865e-01
      vertex   3.201311e+01 -2.292640e+01 6.472865e-01
    endloop
  endfacet
  facet normal 5.288653e-15 -1.544179e-15 -1.000000e+00
    outer loop
      vertex   3.201311e+01 -2.292640e+01 6.472865e-01
      vertex   3.224376e+01 -2.335870e+01 6.472865e-01
      vertex   3.032979e+01 -2.207705e+01 6.472865e-01
    endloop
  endfacet
  facet normal 6.279574e-15 -6.437271e-17 -1.000000e+00
    outer loop
      vertex   3.032979e+01 -2.207705e+01 6.472865e-01
      vertex   3.224376e+01 -2.335870e+01 6.472865e-01
      vertex   3.236265e+01 -2.383416e+01 6.472865e-01
    endloop
  endfacet
  facet normal 6.335214e-15 9.184142e-29 -1.000000e+00
    outer loop
      vertex   3.032979e+01 -2.207705e+01 6.472865e-01
      vertex   3.236265e+01 -2.383416e+01 6.472865e-01
      vertex   3.236265e+01 -2.432429e+01 6.472865e-01
    endloop
  endfacet
  facet normal 6.378916e-15 3.953257e-17 -1.000000e+00
    outer loop
      vertex   3.236265e+01 -2.432429e+01 6.472865e-01
      vertex   3.224376e+01 -2.479974e+01 6.472865e-01
      vertex   3.032979e+01 -2.207705e+01 6.472865e-01
    endloop
  endfacet
  facet normal 7.125325e-15 5.642363e-16 -1.000000e+00
    outer loop
      vertex   3.032979e+01 -2.207705e+01 6.472865e-01
      vertex   3.224376e+01 -2.479974e+01 6.472865e-01
      vertex   3.201311e+01 -2.523204e+01 6.472865e-01
    endloop
  endfacet
  facet normal 6.926514e-15 4.581623e-16 -1.000000e+00
    outer loop
      vertex   3.032979e+01 -2.207705e+01 6.472865e-01
      vertex   3.201311e+01 -2.523204e+01 6.472865e-01
      vertex   3.168451e+01 -2.559530e+01 6.472865e-01
    endloop
  endfacet
  facet normal 7.250087e-15 5.827559e-16 -1.000000e+00
    outer loop
      vertex   3.168451e+01 -2.559530e+01 6.472865e-01
      vertex   3.127764e+01 -2.586775e+01 6.472865e-01
      vertex   3.032979e+01 -2.207705e+01 6.472865e-01
    endloop
  endfacet
  facet normal 7.480563e-15 6.403856e-16 -1.000000e+00
    outer loop
      vertex   3.032979e+01 -2.207705e+01 6.472865e-01
      vertex   3.127764e+01 -2.586775e+01 6.472865e-01
      vertex   3.081687e+01 -2.603308e+01 6.472865e-01
    endloop
  endfacet
  facet normal -2.224361e-15 -5.545097e-16 -1.000000e+00
    outer loop
      vertex   3.032979e+01 -2.207705e+01 6.472865e-01
      vertex   3.081687e+01 -2.603308e+01 6.472865e-01
      vertex   3.032979e+01 -2.608139e+01 6.472865e-01
    endloop
  endfacet
  facet normal 1.131816e-12 1.665008e-07 1.000000e+00
    outer loop
      vertex   -8.339684e+01 -1.665770e+01 1.492483e+01
      vertex   -7.089597e+01 -1.665770e+01 1.492483e+01
      vertex   -8.339510e+01 -1.490026e+01 1.492483e+01
    endloop
  endfacet
  facet normal 1.132101e-12 1.665008e-07 1.000000e+00
    outer loop
      vertex   -8.339510e+01 -1.490026e+01 1.492483e+01
      vertex   -7.089597e+01 -1.665770e+01 1.492483e+01
      vertex   -7.089597e+01 -1.382927e+01 1.492483e+01
    endloop
  endfacet
  facet normal 1.132321e-12 1.665008e-07 1.000000e+00
    outer loop
      vertex   -8.339510e+01 -1.490026e+01 1.492483e+01
      vertex   -7.089597e+01 -1.382927e+01 1.492483e+01
      vertex   -8.339597e+01 -1.382927e+01 1.492483e+01
    endloop
  endfacet
  facet normal 6.100459e-12 1.665008e-07 1.000000e+00
    outer loop
      vertex   -8.339597e+01 -1.382927e+01 1.492483e+01
      vertex   -8.339597e+01 -1.490026e+01 1.492483e+01
      vertex   -8.339510e+01 -1.490026e+01 1.492483e+01
    endloop
  endfacet
  facet normal -1.000000e+00 -1.135490e-12 2.094409e-12
    outer loop
      vertex   -7.089597e+01 -1.382927e+01 1.492483e+01
      vertex   -7.089597e+01 -1.665770e+01 1.492483e+01
      vertex   -7.089597e+01 -1.481922e+01 1.591478e+01
    endloop
  endfacet
  facet normal -1.000000e+00 -7.683326e-13 1.412546e-12
    outer loop
      vertex   -7.089597e+01 -1.481922e+01 1.591478e+01
      vertex   -7.089597e+01 -1.665770e+01 1.492483e+01
      vertex   -7.089597e+01 -2.285004e+01 2.287461e+01
    endloop
  endfacet
  facet normal -1.000000e+00 -1.176877e-12 9.411332e-13
    outer loop
      vertex   -7.089597e+01 -1.481922e+01 1.591478e+01
      vertex   -7.089597e+01 -2.285004e+01 2.287461e+01
      vertex   -7.089597e+01 -1.898176e+01 2.603579e+01
    endloop
  endfacet
  facet normal -1.000000e+00 -1.245669e-12 1.025312e-12
    outer loop
      vertex   -7.089597e+01 -1.898176e+01 2.603579e+01
      vertex   -7.089597e+01 -2.285004e+01 2.287461e+01
      vertex   -7.089597e+01 -2.355715e+01 2.358172e+01
    endloop
  endfacet
  facet normal -1.000000e+00 -1.500590e-12 1.500590e-12
    outer loop
      vertex   -7.089597e+01 -1.898176e+01 2.603579e+01
      vertex   -7.089597e+01 -2.355715e+01 2.358172e+01
      vertex   -7.089597e+01 -1.931451e+01 2.782436e+01
    endloop
  endfacet
  facet normal -1.000000e+00 -9.342370e-13 1.332726e-12
    outer loop
      vertex   -7.089597e+01 -1.672902e+01 1.485351e+01
      vertex   -7.089597e+01 -2.380008e+01 2.192457e+01
      vertex   -7.089597e+01 -1.665770e+01 1.492483e+01
    endloop
  endfacet
  facet normal -1.000000e+00 -1.138876e-12 1.123917e-12
    outer loop
      vertex   -7.089597e+01 -1.665770e+01 1.492483e+01
      vertex   -7.089597e+01 -2.380008e+01 2.192457e+01
      vertex   -7.089597e+01 -2.285004e+01 2.287461e+01
    endloop
  endfacet
  facet normal -1.000000e+00 -1.484130e-12 1.503652e-12
    outer loop
      vertex   -7.089597e+01 -1.931451e+01 2.782436e+01
      vertex   -7.089597e+01 -1.825385e+01 2.676370e+01
      vertex   -7.089597e+01 -1.898176e+01 2.603579e+01
    endloop
  endfacet
  facet normal -1.000000e+00 -1.006454e-12 1.011224e-12
    outer loop
      vertex   -7.089597e+01 -1.898176e+01 2.603579e+01
      vertex   -7.089597e+01 -1.183999e+01 1.889401e+01
      vertex   -7.089597e+01 -1.481922e+01 1.591478e+01
    endloop
  endfacet
  facet normal -1.924483e-11 7.071068e-01 -7.071068e-01
    outer loop
      vertex   -6.969546e+01 5.286316e+01 9.137534e+01
      vertex   -6.969546e+01 5.081412e+01 8.932630e+01
      vertex   -7.008369e+01 5.289930e+01 9.141148e+01
    endloop
  endfacet
  facet normal -1.923025e-11 7.071068e-01 -7.071068e-01
    outer loop
      vertex   -7.008369e+01 5.289930e+01 9.141148e+01
      vertex   -6.969546e+01 5.081412e+01 8.932630e+01
      vertex   -7.008369e+01 5.077798e+01 8.929016e+01
    endloop
  endfacet
  facet normal -1.921783e-11 7.071068e-01 -7.071068e-01
    outer loop
      vertex   -7.008369e+01 5.289930e+01 9.141148e+01
      vertex   -7.008369e+01 5.077798e+01 8.929016e+01
      vertex   -7.047192e+01 5.286316e+01 9.137534e+01
    endloop
  endfacet
  facet normal -1.923202e-11 7.071068e-01 -7.071068e-01
    outer loop
      vertex   -7.047192e+01 5.286316e+01 9.137534e+01
      vertex   -7.008369e+01 5.077798e+01 8.929016e+01
      vertex   -7.047192e+01 5.081412e+01 8.932630e+01
    endloop
  endfacet
  facet normal -1.928230e-11 7.071068e-01 -7.071068e-01
    outer loop
      vertex   -7.047192e+01 5.286316e+01 9.137534e+01
      vertex   -7.047192e+01 5.081412e+01 8.932630e+01
      vertex   -7.083369e+01 5.275720e+01 9.126938e+01
    endloop
  endfacet
  facet normal -1.925548e-11 7.071068e-01 -7.071068e-01
    outer loop
      vertex   -7.083369e+01 5.275720e+01 9.126938e+01
      vertex   -7.047192e+01 5.081412e+01 8.932630e+01
      vertex   -7.083369e+01 5.092009e+01 8.943226e+01
    endloop
  endfacet
  facet normal -1.922982e-11 7.071068e-01 -7.071068e-01
    outer loop
      vertex   -7.083369e+01 5.275720e+01 9.126938e+01
      vertex   -7.083369e+01 5.092009e+01 8.943226e+01
      vertex   -7.114435e+01 5.258864e+01 9.110082e+01
    endloop
  endfacet
  facet normal -1.924718e-11 7.071068e-01 -7.071068e-01
    outer loop
      vertex   -7.114435e+01 5.258864e+01 9.110082e+01
      vertex   -7.083369e+01 5.092009e+01 8.943226e+01
      vertex   -7.114435e+01 5.108864e+01 8.960082e+01
    endloop
  endfacet
  facet normal -1.926121e-11 7.071068e-01 -7.071068e-01
    outer loop
      vertex   -7.114435e+01 5.258864e+01 9.110082e+01
      vertex   -7.114435e+01 5.108864e+01 8.960082e+01
      vertex   -7.138273e+01 5.236897e+01 9.088115e+01
    endloop
  endfacet
  facet normal -1.921770e-11 7.071068e-01 -7.071068e-01
    outer loop
      vertex   -7.138273e+01 5.236897e+01 9.088115e+01
      vertex   -7.114435e+01 5.108864e+01 8.960082e+01
      vertex   -7.138273e+01 5.130831e+01 8.982049e+01
    endloop
  endfacet
  facet normal -1.918550e-11 7.071068e-01 -7.071068e-01
    outer loop
      vertex   -7.138273e+01 5.236897e+01 9.088115e+01
      vertex   -7.138273e+01 5.130831e+01 8.982049e+01
      vertex   -7.153258e+01 5.211316e+01 9.062534e+01
    endloop
  endfacet
  facet normal -1.926268e-11 7.071068e-01 -7.071068e-01
    outer loop
      vertex   -7.153258e+01 5.211316e+01 9.062534e+01
      vertex   -7.138273e+01 5.130831e+01 8.982049e+01
      vertex   -7.153258e+01 5.156412e+01 9.007630e+01
    endloop
  endfacet
  facet normal -1.936526e-11 7.071068e-01 -7.071068e-01
    outer loop
      vertex   -7.153258e+01 5.211316e+01 9.062534e+01
      vertex   -7.153258e+01 5.156412e+01 9.007630e+01
      vertex   -7.158369e+01 5.183864e+01 9.035082e+01
    endloop
  endfacet
  facet normal -1.928230e-11 7.071068e-01 -7.071068e-01
    outer loop
      vertex   -6.969546e+01 5.081412e+01 8.932630e+01
      vertex   -6.969546e+01 5.286316e+01 9.137534e+01
      vertex   -6.933369e+01 5.092009e+01 8.943226e+01
    endloop
  endfacet
  facet normal -1.925548e-11 7.071068e-01 -7.071068e-01
    outer loop
      vertex   -6.933369e+01 5.092009e+01 8.943226e+01
      vertex   -6.969546e+01 5.286316e+01 9.137534e+01
      vertex   -6.933369e+01 5.275720e+01 9.126938e+01
    endloop
  endfacet
  facet normal -1.922982e-11 7.071068e-01 -7.071068e-01
    outer loop
      vertex   -6.933369e+01 5.092009e+01 8.943226e+01
      vertex   -6.933369e+01 5.275720e+01 9.126938e+01
      vertex   -6.902303e+01 5.108864e+01 8.960082e+01
    endloop
  endfacet
  facet normal -1.924718e-11 7.071068e-01 -7.071068e-01
    outer loop
      vertex   -6.902303e+01 5.108864e+01 8.960082e+01
      vertex   -6.933369e+01 5.275720e+01 9.126938e+01
      vertex   -6.902303e+01 5.258864e+01 9.110082e+01
    endloop
  endfacet
  facet normal -1.926121e-11 7.071068e-01 -7.071068e-01
    outer loop
      vertex   -6.902303e+01 5.108864e+01 8.960082e+01
      vertex   -6.902303e+01 5.258864e+01 9.110082e+01
      vertex   -6.878465e+01 5.130831e+01 8.982049e+01
    endloop
  endfacet
  facet normal -1.921770e-11 7.071068e-01 -7.071068e-01
    outer loop
      vertex   -6.878465e+01 5.130831e+01 8.982049e+01
      vertex   -6.902303e+01 5.258864e+01 9.110082e+01
      vertex   -6.878465e+01 5.236897e+01 9.088115e+01
    endloop
  endfacet
  facet normal -1.918550e-11 7.071068e-01 -7.071068e-01
    outer loop
      vertex   -6.878465e+01 5.130831e+01 8.982049e+01
      vertex   -6.878465e+01 5.236897e+01 9.088115e+01
      vertex   -6.863480e+01 5.156412e+01 9.007630e+01
    endloop
  endfacet
  facet normal -1.926268e-11 7.071068e-01 -7.071068e-01
    outer loop
      vertex   -6.863480e+01 5.156412e+01 9.007630e+01
      vertex   -6.878465e+01 5.236897e+01 9.088115e+01
      vertex   -6.863480e+01 5.211316e+01 9.062534e+01
    endloop
  endfacet
  facet normal -1.936526e-11 7.071068e-01 -7.071068e-01
    outer loop
      vertex   -6.863480e+01 5.156412e+01 9.007630e+01
      vertex   -6.863480e+01 5.211316e+01 9.062534e+01
      vertex   -6.858369e+01 5.183864e+01 9.035082e+01
    endloop
  endfacet
  facet normal -1.305262e-01 7.010574e-01 7.010574e-01
    outer loop
      vertex   -6.969546e+01 5.470321e+01 8.543721e+01
      vertex   -7.008369e+01 5.466707e+01 8.540107e+01
      vertex   -7.008369e+01 5.077798e+01 8.929016e+01
    endloop
  endfacet
  facet normal 1.305262e-01 7.010574e-01 7.010574e-01
    outer loop
      vertex   -7.008369e+01 5.077798e+01 8.929016e+01
      vertex   -7.008369e+01 5.466707e+01 8.540107e+01
      vertex   -7.047192e+01 5.470321e+01 8.543721e+01
    endloop
  endfacet
  facet normal 1.305262e-01 7.010574e-01 7.010574e-01
    outer loop
      vertex   -7.008369e+01 5.077798e+01 8.929016e+01
      vertex   -7.047192e+01 5.470321e+01 8.543721e+01
      vertex   -7.047192e+01 5.081412e+01 8.932630e+01
    endloop
  endfacet
  facet normal 3.826834e-01 6.532815e-01 6.532815e-01
    outer loop
      vertex   -7.047192e+01 5.081412e+01 8.932630e+01
      vertex   -7.047192e+01 5.470321e+01 8.543721e+01
      vertex   -7.083369e+01 5.092009e+01 8.943226e+01
    endloop
  endfacet
  facet normal 3.826834e-01 6.532815e-01 6.532815e-01
    outer loop
      vertex   -7.083369e+01 5.092009e+01 8.943226e+01
      vertex   -7.047192e+01 5.470321e+01 8.543721e+01
      vertex   -7.083369e+01 5.480917e+01 8.554317e+01
    endloop
  endfacet
  facet normal 6.087614e-01 5.609855e-01 5.609855e-01
    outer loop
      vertex   -7.083369e+01 5.092009e+01 8.943226e+01
      vertex   -7.083369e+01 5.480917e+01 8.554317e+01
      vertex   -7.114435e+01 5.497773e+01 8.571173e+01
    endloop
  endfacet
  facet normal 6.087614e-01 5.609855e-01 5.609855e-01
    outer loop
      vertex   -7.083369e+01 5.092009e+01 8.943226e+01
      vertex   -7.114435e+01 5.497773e+01 8.571173e+01
      vertex   -7.114435e+01 5.108864e+01 8.960082e+01
    endloop
  endfacet
  facet normal 7.933533e-01 4.304593e-01 4.304593e-01
    outer loop
      vertex   -7.114435e+01 5.108864e+01 8.960082e+01
      vertex   -7.114435e+01 5.497773e+01 8.571173e+01
      vertex   -7.138273e+01 5.519740e+01 8.593140e+01
    endloop
  endfacet
  facet normal 7.933533e-01 4.304593e-01 4.304593e-01
    outer loop
      vertex   -7.114435e+01 5.108864e+01 8.960082e+01
      vertex   -7.138273e+01 5.519740e+01 8.593140e+01
      vertex   -7.138273e+01 5.130831e+01 8.982049e+01
    endloop
  endfacet
  facet normal 9.238795e-01 2.705980e-01 2.705981e-01
    outer loop
      vertex   -7.138273e+01 5.130831e+01 8.982049e+01
      vertex   -7.138273e+01 5.519740e+01 8.593140e+01
      vertex   -7.153258e+01 5.545321e+01 8.618721e+01
    endloop
  endfacet
  facet normal 9.238795e-01 2.705980e-01 2.705981e-01
    outer loop
      vertex   -7.138273e+01 5.130831e+01 8.982049e+01
      vertex   -7.153258e+01 5.545321e+01 8.618721e+01
      vertex   -7.153258e+01 5.156412e+01 9.007630e+01
    endloop
  endfacet
  facet normal 9.914449e-01 9.229595e-02 9.229596e-02
    outer loop
      vertex   -7.153258e+01 5.156412e+01 9.007630e+01
      vertex   -7.153258e+01 5.545321e+01 8.618721e+01
      vertex   -7.158369e+01 5.572773e+01 8.646173e+01
    endloop
  endfacet
  facet normal 9.914449e-01 9.229595e-02 9.229596e-02
    outer loop
      vertex   -7.153258e+01 5.156412e+01 9.007630e+01
      vertex   -7.158369e+01 5.572773e+01 8.646173e+01
      vertex   -7.158369e+01 5.183864e+01 9.035082e+01
    endloop
  endfacet
  facet normal 9.914449e-01 -9.229595e-02 -9.229596e-02
    outer loop
      vertex   -7.158369e+01 5.183864e+01 9.035082e+01
      vertex   -7.158369e+01 5.572773e+01 8.646173e+01
      vertex   -7.153258e+01 5.600225e+01 8.673625e+01
    endloop
  endfacet
  facet normal 9.914449e-01 -9.229595e-02 -9.229596e-02
    outer loop
      vertex   -7.158369e+01 5.183864e+01 9.035082e+01
      vertex   -7.153258e+01 5.600225e+01 8.673625e+01
      vertex   -7.153258e+01 5.211316e+01 9.062534e+01
    endloop
  endfacet
  facet normal 9.238795e-01 -2.705980e-01 -2.705981e-01
    outer loop
      vertex   -7.153258e+01 5.211316e+01 9.062534e+01
      vertex   -7.153258e+01 5.600225e+01 8.673625e+01
      vertex   -7.138273e+01 5.625806e+01 8.699206e+01
    endloop
  endfacet
  facet normal 9.238795e-01 -2.705980e-01 -2.705981e-01
    outer loop
      vertex   -7.153258e+01 5.211316e+01 9.062534e+01
      vertex   -7.138273e+01 5.625806e+01 8.699206e+01
      vertex   -7.138273e+01 5.236897e+01 9.088115e+01
    endloop
  endfacet
  facet normal 7.933533e-01 -4.304593e-01 -4.304593e-01
    outer loop
      vertex   -7.138273e+01 5.236897e+01 9.088115e+01
      vertex   -7.138273e+01 5.625806e+01 8.699206e+01
      vertex   -7.114435e+01 5.647773e+01 8.721173e+01
    endloop
  endfacet
  facet normal 7.933533e-01 -4.304593e-01 -4.304593e-01
    outer loop
      vertex   -7.138273e+01 5.236897e+01 9.088115e+01
      vertex   -7.114435e+01 5.647773e+01 8.721173e+01
      vertex   -7.114435e+01 5.258864e+01 9.110082e+01
    endloop
  endfacet
  facet normal 6.087614e-01 -5.609855e-01 -5.609855e-01
    outer loop
      vertex   -7.114435e+01 5.258864e+01 9.110082e+01
      vertex   -7.114435e+01 5.647773e+01 8.721173e+01
      vertex   -7.083369e+01 5.664629e+01 8.738029e+01
    endloop
  endfacet
  facet normal 6.087614e-01 -5.609855e-01 -5.609855e-01
    outer loop
      vertex   -7.114435e+01 5.258864e+01 9.110082e+01
      vertex   -7.083369e+01 5.664629e+01 8.738029e+01
      vertex   -7.083369e+01 5.275720e+01 9.126938e+01
    endloop
  endfacet
  facet normal 3.826834e-01 -6.532815e-01 -6.532815e-01
    outer loop
      vertex   -7.083369e+01 5.275720e+01 9.126938e+01
      vertex   -7.083369e+01 5.664629e+01 8.738029e+01
      vertex   -7.047192e+01 5.286316e+01 9.137534e+01
    endloop
  endfacet
  facet normal 3.826834e-01 -6.532815e-01 -6.532815e-01
    outer loop
      vertex   -7.047192e+01 5.286316e+01 9.137534e+01
      vertex   -7.083369e+01 5.664629e+01 8.738029e+01
      vertex   -7.047192e+01 5.675225e+01 8.748625e+01
    endloop
  endfacet
  facet normal 1.305262e-01 -7.010574e-01 -7.010574e-01
    outer loop
      vertex   -7.047192e+01 5.286316e+01 9.137534e+01
      vertex   -7.047192e+01 5.675225e+01 8.748625e+01
      vertex   -7.008369e+01 5.289930e+01 9.141148e+01
    endloop
  endfacet
  facet normal 1.305262e-01 -7.010574e-01 -7.010574e-01
    outer loop
      vertex   -7.008369e+01 5.289930e+01 9.141148e+01
      vertex   -7.047192e+01 5.675225e+01 8.748625e+01
      vertex   -7.008369e+01 5.678839e+01 8.752239e+01
    endloop
  endfacet
  facet normal -1.305262e-01 -7.010574e-01 -7.010574e-01
    outer loop
      vertex   -7.008369e+01 5.289930e+01 9.141148e+01
      vertex   -7.008369e+01 5.678839e+01 8.752239e+01
      vertex   -6.969546e+01 5.286316e+01 9.137534e+01
    endloop
  endfacet
  facet normal -1.305262e-01 -7.010574e-01 -7.010574e-01
    outer loop
      vertex   -6.969546e+01 5.286316e+01 9.137534e+01
      vertex   -7.008369e+01 5.678839e+01 8.752239e+01
      vertex   -6.969546e+01 5.675225e+01 8.748625e+01
    endloop
  endfacet
  facet normal -3.826834e-01 -6.532815e-01 -6.532815e-01
    outer loop
      vertex   -6.969546e+01 5.286316e+01 9.137534e+01
      vertex   -6.969546e+01 5.675225e+01 8.748625e+01
      vertex   -6.933369e+01 5.275720e+01 9.126938e+01
    endloop
  endfacet
  facet normal -3.826834e-01 -6.532815e-01 -6.532815e-01
    outer loop
      vertex   -6.933369e+01 5.275720e+01 9.126938e+01
      vertex   -6.969546e+01 5.675225e+01 8.748625e+01
      vertex   -6.933369e+01 5.664629e+01 8.738029e+01
    endloop
  endfacet
  facet normal -6.087614e-01 -5.609855e-01 -5.609855e-01
    outer loop
      vertex   -6.933369e+01 5.275720e+01 9.126938e+01
      vertex   -6.933369e+01 5.664629e+01 8.738029e+01
      vertex   -6.902303e+01 5.258864e+01 9.110082e+01
    endloop
  endfacet
  facet normal -6.087614e-01 -5.609855e-01 -5.609855e-01
    outer loop
      vertex   -6.902303e+01 5.258864e+01 9.110082e+01
      vertex   -6.933369e+01 5.664629e+01 8.738029e+01
      vertex   -6.902303e+01 5.647773e+01 8.721173e+01
    endloop
  endfacet
  facet normal -7.933533e-01 -4.304593e-01 -4.304593e-01
    outer loop
      vertex   -6.902303e+01 5.258864e+01 9.110082e+01
      vertex   -6.902303e+01 5.647773e+01 8.721173e+01
      vertex   -6.878465e+01 5.236897e+01 9.088115e+01
    endloop
  endfacet
  facet normal -7.933533e-01 -4.304593e-01 -4.304593e-01
    outer loop
      vertex   -6.878465e+01 5.236897e+01 9.088115e+01
      vertex   -6.902303e+01 5.647773e+01 8.721173e+01
      vertex   -6.878465e+01 5.625806e+01 8.699206e+01
    endloop
  endfacet
  facet normal -9.238795e-01 -2.705980e-01 -2.705981e-01
    outer loop
      vertex   -6.878465e+01 5.236897e+01 9.088115e+01
      vertex   -6.878465e+01 5.625806e+01 8.699206e+01
      vertex   -6.863480e+01 5.211316e+01 9.062534e+01
    endloop
  endfacet
  facet normal -9.238795e-01 -2.705980e-01 -2.705981e-01
    outer loop
      vertex   -6.863480e+01 5.211316e+01 9.062534e+01
      vertex   -6.878465e+01 5.625806e+01 8.699206e+01
      vertex   -6.863480e+01 5.600225e+01 8.673625e+01
    endloop
  endfacet
  facet normal -9.914449e-01 -9.229595e-02 -9.229596e-02
    outer loop
      vertex   -6.863480e+01 5.211316e+01 9.062534e+01
      vertex   -6.863480e+01 5.600225e+01 8.673625e+01
      vertex   -6.858369e+01 5.183864e+01 9.035082e+01
    endloop
  endfacet
  facet normal -9.914449e-01 -9.229595e-02 -9.229596e-02
    outer loop
      vertex   -6.858369e+01 5.183864e+01 9.035082e+01
      vertex   -6.863480e+01 5.600225e+01 8.673625e+01
      vertex   -6.858369e+01 5.572773e+01 8.646173e+01
    endloop
  endfacet
  facet normal -9.914449e-01 9.229595e-02 9.229596e-02
    outer loop
      vertex   -6.858369e+01 5.183864e+01 9.035082e+01
      vertex   -6.858369e+01 5.572773e+01 8.646173e+01
      vertex   -6.863480e+01 5.156412e+01 9.007630e+01
    endloop
  endfacet
  facet normal -9.914449e-01 9.229595e-02 9.229596e-02
    outer loop
      vertex   -6.863480e+01 5.156412e+01 9.007630e+01
      vertex   -6.858369e+01 5.572773e+01 8.646173e+01
      vertex   -6.863480e+01 5.545321e+01 8.618721e+01
    endloop
  endfacet
  facet normal -9.238795e-01 2.705980e-01 2.705981e-01
    outer loop
      vertex   -6.863480e+01 5.156412e+01 9.007630e+01
      vertex   -6.863480e+01 5.545321e+01 8.618721e+01
      vertex   -6.878465e+01 5.130831e+01 8.982049e+01
    endloop
  endfacet
  facet normal -9.238795e-01 2.705980e-01 2.705981e-01
    outer loop
      vertex   -6.878465e+01 5.130831e+01 8.982049e+01
      vertex   -6.863480e+01 5.545321e+01 8.618721e+01
      vertex   -6.878465e+01 5.519740e+01 8.593140e+01
    endloop
  endfacet
  facet normal -7.933533e-01 4.304593e-01 4.304593e-01
    outer loop
      vertex   -6.878465e+01 5.130831e+01 8.982049e+01
      vertex   -6.878465e+01 5.519740e+01 8.593140e+01
      vertex   -6.902303e+01 5.108864e+01 8.960082e+01
    endloop
  endfacet
  facet normal -7.933533e-01 4.304593e-01 4.304593e-01
    outer loop
      vertex   -6.902303e+01 5.108864e+01 8.960082e+01
      vertex   -6.878465e+01 5.519740e+01 8.593140e+01
      vertex   -6.902303e+01 5.497773e+01 8.571173e+01
    endloop
  endfacet
  facet normal -6.087614e-01 5.609855e-01 5.609855e-01
    outer loop
      vertex   -6.902303e+01 5.108864e+01 8.960082e+01
      vertex   -6.902303e+01 5.497773e+01 8.571173e+01
      vertex   -6.933369e+01 5.092009e+01 8.943226e+01
    endloop
  endfacet
  facet normal -6.087614e-01 5.609855e-01 5.609855e-01
    outer loop
      vertex   -6.933369e+01 5.092009e+01 8.943226e+01
      vertex   -6.902303e+01 5.497773e+01 8.571173e+01
      vertex   -6.933369e+01 5.480917e+01 8.554317e+01
    endloop
  endfacet
  facet normal -3.826834e-01 6.532815e-01 6.532815e-01
    outer loop
      vertex   -6.933369e+01 5.092009e+01 8.943226e+01
      vertex   -6.933369e+01 5.480917e+01 8.554317e+01
      vertex   -6.969546e+01 5.081412e+01 8.932630e+01
    endloop
  endfacet
  facet normal -3.826834e-01 6.532815e-01 6.532815e-01
    outer loop
      vertex   -6.969546e+01 5.081412e+01 8.932630e+01
      vertex   -6.933369e+01 5.480917e+01 8.554317e+01
      vertex   -6.969546e+01 5.470321e+01 8.543721e+01
    endloop
  endfacet
  facet normal -1.305262e-01 7.010574e-01 7.010574e-01
    outer loop
      vertex   -6.969546e+01 5.081412e+01 8.932630e+01
      vertex   -6.969546e+01 5.470321e+01 8.543721e+01
      vertex   -7.008369e+01 5.077798e+01 8.929016e+01
    endloop
  endfacet
  facet normal -1.928302e-11 7.071068e-01 -7.071068e-01
    outer loop
      vertex   -7.523087e+01 -1.667963e+00 3.684421e+01
      vertex   -7.523087e+01 -3.717002e+00 3.479517e+01
      vertex   -7.561910e+01 -1.631822e+00 3.688035e+01
    endloop
  endfacet
  facet normal -1.925160e-11 7.071068e-01 -7.071068e-01
    outer loop
      vertex   -7.561910e+01 -1.631822e+00 3.688035e+01
      vertex   -7.523087e+01 -3.717002e+00 3.479517e+01
      vertex   -7.561910e+01 -3.753143e+00 3.475903e+01
    endloop
  endfacet
  facet normal -1.921513e-11 7.071068e-01 -7.071068e-01
    outer loop
      vertex   -7.561910e+01 -1.631822e+00 3.688035e+01
      vertex   -7.561910e+01 -3.753143e+00 3.475903e+01
      vertex   -7.600733e+01 -1.667963e+00 3.684421e+01
    endloop
  endfacet
  facet normal -1.924623e-11 7.071068e-01 -7.071068e-01
    outer loop
      vertex   -7.600733e+01 -1.667963e+00 3.684421e+01
      vertex   -7.561910e+01 -3.753143e+00 3.475903e+01
      vertex   -7.600733e+01 -3.717002e+00 3.479517e+01
    endloop
  endfacet
  facet normal -1.925964e-11 7.071068e-01 -7.071068e-01
    outer loop
      vertex   -7.600733e+01 -1.667963e+00 3.684421e+01
      vertex   -7.600733e+01 -3.717002e+00 3.479517e+01
      vertex   -7.636910e+01 -1.773924e+00 3.673825e+01
    endloop
  endfacet
  facet normal -1.925784e-11 7.071068e-01 -7.071068e-01
    outer loop
      vertex   -7.636910e+01 -1.773924e+00 3.673825e+01
      vertex   -7.600733e+01 -3.717002e+00 3.479517e+01
      vertex   -7.636910e+01 -3.611041e+00 3.490113e+01
    endloop
  endfacet
  facet normal -1.925142e-11 7.071068e-01 -7.071068e-01
    outer loop
      vertex   -7.636910e+01 -1.773924e+00 3.673825e+01
      vertex   -7.636910e+01 -3.611041e+00 3.490113e+01
      vertex   -7.667976e+01 -1.942483e+00 3.656969e+01
    endloop
  endfacet
  facet normal -1.923572e-11 7.071068e-01 -7.071068e-01
    outer loop
      vertex   -7.667976e+01 -1.942483e+00 3.656969e+01
      vertex   -7.636910e+01 -3.611041e+00 3.490113e+01
      vertex   -7.667976e+01 -3.442482e+00 3.506969e+01
    endloop
  endfacet
  facet normal -1.923135e-11 7.071068e-01 -7.071068e-01
    outer loop
      vertex   -7.667976e+01 -1.942483e+00 3.656969e+01
      vertex   -7.667976e+01 -3.442482e+00 3.506969e+01
      vertex   -7.691814e+01 -2.162152e+00 3.635002e+01
    endloop
  endfacet
  facet normal -1.925682e-11 7.071068e-01 -7.071068e-01
    outer loop
      vertex   -7.691814e+01 -2.162152e+00 3.635002e+01
      vertex   -7.667976e+01 -3.442482e+00 3.506969e+01
      vertex   -7.691814e+01 -3.222813e+00 3.528936e+01
    endloop
  endfacet
  facet normal -1.924650e-11 7.071068e-01 -7.071068e-01
    outer loop
      vertex   -7.691814e+01 -2.162152e+00 3.635002e+01
      vertex   -7.691814e+01 -3.222813e+00 3.528936e+01
      vertex   -7.706799e+01 -2.417963e+00 3.609421e+01
    endloop
  endfacet
  facet normal -1.923787e-11 7.071068e-01 -7.071068e-01
    outer loop
      vertex   -7.706799e+01 -2.417963e+00 3.609421e+01
      vertex   -7.691814e+01 -3.222813e+00 3.528936e+01
      vertex   -7.706799e+01 -2.967002e+00 3.554517e+01
    endloop
  endfacet
  facet normal -1.919601e-11 7.071068e-01 -7.071068e-01
    outer loop
      vertex   -7.706799e+01 -2.417963e+00 3.609421e+01
      vertex   -7.706799e+01 -2.967002e+00 3.554517e+01
      vertex   -7.711910e+01 -2.692483e+00 3.581969e+01
    endloop
  endfacet
  facet normal -1.924656e-11 7.071068e-01 -7.071068e-01
    outer loop
      vertex   -7.523087e+01 -3.717002e+00 3.479517e+01
      vertex   -7.523087e+01 -1.667963e+00 3.684421e+01
      vertex   -7.486910e+01 -3.611041e+00 3.490113e+01
    endloop
  endfacet
  facet normal -1.924414e-11 7.071068e-01 -7.071068e-01
    outer loop
      vertex   -7.486910e+01 -3.611041e+00 3.490113e+01
      vertex   -7.523087e+01 -1.667963e+00 3.684421e+01
      vertex   -7.486910e+01 -1.773924e+00 3.673825e+01
    endloop
  endfacet
  facet normal -1.925094e-11 7.071068e-01 -7.071068e-01
    outer loop
      vertex   -7.486910e+01 -3.611041e+00 3.490113e+01
      vertex   -7.486910e+01 -1.773924e+00 3.673825e+01
      vertex   -7.455844e+01 -3.442482e+00 3.506969e+01
    endloop
  endfacet
  facet normal -1.925324e-11 7.071068e-01 -7.071068e-01
    outer loop
      vertex   -7.455844e+01 -3.442482e+00 3.506969e+01
      vertex   -7.486910e+01 -1.773924e+00 3.673825e+01
      vertex   -7.455844e+01 -1.942483e+00 3.656969e+01
    endloop
  endfacet
  facet normal -1.924881e-11 7.071068e-01 -7.071068e-01
    outer loop
      vertex   -7.455844e+01 -3.442482e+00 3.506969e+01
      vertex   -7.455844e+01 -1.942483e+00 3.656969e+01
      vertex   -7.432006e+01 -3.222813e+00 3.528936e+01
    endloop
  endfacet
  facet normal -1.922950e-11 7.071068e-01 -7.071068e-01
    outer loop
      vertex   -7.432006e+01 -3.222813e+00 3.528936e+01
      vertex   -7.455844e+01 -1.942483e+00 3.656969e+01
      vertex   -7.432006e+01 -2.162152e+00 3.635002e+01
    endloop
  endfacet
  facet normal -1.921736e-11 7.071068e-01 -7.071068e-01
    outer loop
      vertex   -7.432006e+01 -3.222813e+00 3.528936e+01
      vertex   -7.432006e+01 -2.162152e+00 3.635002e+01
      vertex   -7.417021e+01 -2.967002e+00 3.554517e+01
    endloop
  endfacet
  facet normal -1.924169e-11 7.071068e-01 -7.071068e-01
    outer loop
      vertex   -7.417021e+01 -2.967002e+00 3.554517e+01
      vertex   -7.432006e+01 -2.162152e+00 3.635002e+01
      vertex   -7.417021e+01 -2.417963e+00 3.609421e+01
    endloop
  endfacet
  facet normal -1.931281e-11 7.071068e-01 -7.071068e-01
    outer loop
      vertex   -7.417021e+01 -2.967002e+00 3.554517e+01
      vertex   -7.417021e+01 -2.417963e+00 3.609421e+01
      vertex   -7.411910e+01 -2.692483e+00 3.581969e+01
    endloop
  endfacet
  facet normal -1.305262e-01 7.010574e-01 7.010574e-01
    outer loop
      vertex   -7.523087e+01 1.720850e-01 3.090608e+01
      vertex   -7.561910e+01 1.359448e-01 3.086994e+01
      vertex   -7.561910e+01 -3.753143e+00 3.475903e+01
    endloop
  endfacet
  facet normal 1.305262e-01 7.010574e-01 7.010574e-01
    outer loop
      vertex   -7.561910e+01 -3.753143e+00 3.475903e+01
      vertex   -7.561910e+01 1.359448e-01 3.086994e+01
      vertex   -7.600733e+01 1.720850e-01 3.090608e+01
    endloop
  endfacet
  facet normal 1.305262e-01 7.010574e-01 7.010574e-01
    outer loop
      vertex   -7.561910e+01 -3.753143e+00 3.475903e+01
      vertex   -7.600733e+01 1.720850e-01 3.090608e+01
      vertex   -7.600733e+01 -3.717002e+00 3.479517e+01
    endloop
  endfacet
  facet normal 3.826834e-01 6.532815e-01 6.532815e-01
    outer loop
      vertex   -7.600733e+01 -3.717002e+00 3.479517e+01
      vertex   -7.600733e+01 1.720850e-01 3.090608e+01
      vertex   -7.636910e+01 -3.611041e+00 3.490113e+01
    endloop
  endfacet
  facet normal 3.826834e-01 6.532815e-01 6.532815e-01
    outer loop
      vertex   -7.636910e+01 -3.611041e+00 3.490113e+01
      vertex   -7.600733e+01 1.720850e-01 3.090608e+01
      vertex   -7.636910e+01 2.780454e-01 3.101204e+01
    endloop
  endfacet
  facet normal 6.087614e-01 5.609855e-01 5.609855e-01
    outer loop
      vertex   -7.636910e+01 -3.611041e+00 3.490113e+01
      vertex   -7.636910e+01 2.780454e-01 3.101204e+01
      vertex   -7.667976e+01 4.466041e-01 3.118060e+01
    endloop
  endfacet
  facet normal 6.087614e-01 5.609855e-01 5.609855e-01
    outer loop
      vertex   -7.636910e+01 -3.611041e+00 3.490113e+01
      vertex   -7.667976e+01 4.466041e-01 3.118060e+01
      vertex   -7.667976e+01 -3.442482e+00 3.506969e+01
    endloop
  endfacet
  facet normal 7.933533e-01 4.304593e-01 4.304593e-01
    outer loop
      vertex   -7.667976e+01 -3.442482e+00 3.506969e+01
      vertex   -7.667976e+01 4.466041e-01 3.118060e+01
      vertex   -7.691814e+01 6.662740e-01 3.140027e+01
    endloop
  endfacet
  facet normal 7.933533e-01 4.304593e-01 4.304593e-01
    outer loop
      vertex   -7.667976e+01 -3.442482e+00 3.506969e+01
      vertex   -7.691814e+01 6.662740e-01 3.140027e+01
      vertex   -7.691814e+01 -3.222813e+00 3.528936e+01
    endloop
  endfacet
  facet normal 9.238795e-01 2.705980e-01 2.705981e-01
    outer loop
      vertex   -7.691814e+01 -3.222813e+00 3.528936e+01
      vertex   -7.691814e+01 6.662740e-01 3.140027e+01
      vertex   -7.706799e+01 9.220850e-01 3.165608e+01
    endloop
  endfacet
  facet normal 9.238795e-01 2.705980e-01 2.705981e-01
    outer loop
      vertex   -7.691814e+01 -3.222813e+00 3.528936e+01
      vertex   -7.706799e+01 9.220850e-01 3.165608e+01
      vertex   -7.706799e+01 -2.967002e+00 3.554517e+01
    endloop
  endfacet
  facet normal 9.914449e-01 9.229595e-02 9.229596e-02
    outer loop
      vertex   -7.706799e+01 -2.967002e+00 3.554517e+01
      vertex   -7.706799e+01 9.220850e-01 3.165608e+01
      vertex   -7.711910e+01 1.196604e+00 3.193060e+01
    endloop
  endfacet
  facet normal 9.914449e-01 9.229595e-02 9.229596e-02
    outer loop
      vertex   -7.706799e+01 -2.967002e+00 3.554517e+01
      vertex   -7.711910e+01 1.196604e+00 3.193060e+01
      vertex   -7.711910e+01 -2.692483e+00 3.581969e+01
    endloop
  endfacet
  facet normal 9.914449e-01 -9.229595e-02 -9.229596e-02
    outer loop
      vertex   -7.711910e+01 -2.692483e+00 3.581969e+01
      vertex   -7.711910e+01 1.196604e+00 3.193060e+01
      vertex   -7.706799e+01 1.471123e+00 3.220512e+01
    endloop
  endfacet
  facet normal 9.914449e-01 -9.229595e-02 -9.229596e-02
    outer loop
      vertex   -7.711910e+01 -2.692483e+00 3.581969e+01
      vertex   -7.706799e+01 1.471123e+00 3.220512e+01
      vertex   -7.706799e+01 -2.417963e+00 3.609421e+01
    endloop
  endfacet
  facet normal 9.238795e-01 -2.705980e-01 -2.705981e-01
    outer loop
      vertex   -7.706799e+01 -2.417963e+00 3.609421e+01
      vertex   -7.706799e+01 1.471123e+00 3.220512e+01
      vertex   -7.691814e+01 1.726934e+00 3.246093e+01
    endloop
  endfacet
  facet normal 9.238795e-01 -2.705980e-01 -2.705981e-01
    outer loop
      vertex   -7.706799e+01 -2.417963e+00 3.609421e+01
      vertex   -7.691814e+01 1.726934e+00 3.246093e+01
      vertex   -7.691814e+01 -2.162152e+00 3.635002e+01
    endloop
  endfacet
  facet normal 7.933533e-01 -4.304593e-01 -4.304593e-01
    outer loop
      vertex   -7.691814e+01 -2.162152e+00 3.635002e+01
      vertex   -7.691814e+01 1.726934e+00 3.246093e+01
      vertex   -7.667976e+01 1.946604e+00 3.268060e+01
    endloop
  endfacet
  facet normal 7.933533e-01 -4.304593e-01 -4.304593e-01
    outer loop
      vertex   -7.691814e+01 -2.162152e+00 3.635002e+01
      vertex   -7.667976e+01 1.946604e+00 3.268060e+01
      vertex   -7.667976e+01 -1.942483e+00 3.656969e+01
    endloop
  endfacet
  facet normal 6.087614e-01 -5.609855e-01 -5.609855e-01
    outer loop
      vertex   -7.667976e+01 -1.942483e+00 3.656969e+01
      vertex   -7.667976e+01 1.946604e+00 3.268060e+01
      vertex   -7.636910e+01 2.115163e+00 3.284916e+01
    endloop
  endfacet
  facet normal 6.087614e-01 -5.609855e-01 -5.609855e-01
    outer loop
      vertex   -7.667976e+01 -1.942483e+00 3.656969e+01
      vertex   -7.636910e+01 2.115163e+00 3.284916e+01
      vertex   -7.636910e+01 -1.773924e+00 3.673825e+01
    endloop
  endfacet
  facet normal 3.826834e-01 -6.532815e-01 -6.532815e-01
    outer loop
      vertex   -7.636910e+01 -1.773924e+00 3.673825e+01
      vertex   -7.636910e+01 2.115163e+00 3.284916e+01
      vertex   -7.600733e+01 -1.667963e+00 3.684421e+01
    endloop
  endfacet
  facet normal 3.826834e-01 -6.532815e-01 -6.532815e-01
    outer loop
      vertex   -7.600733e+01 -1.667963e+00 3.684421e+01
      vertex   -7.636910e+01 2.115163e+00 3.284916e+01
      vertex   -7.600733e+01 2.221123e+00 3.295512e+01
    endloop
  endfacet
  facet normal 1.305262e-01 -7.010574e-01 -7.010574e-01
    outer loop
      vertex   -7.600733e+01 -1.667963e+00 3.684421e+01
      vertex   -7.600733e+01 2.221123e+00 3.295512e+01
      vertex   -7.561910e+01 -1.631822e+00 3.688035e+01
    endloop
  endfacet
  facet normal 1.305262e-01 -7.010574e-01 -7.010574e-01
    outer loop
      vertex   -7.561910e+01 -1.631822e+00 3.688035e+01
      vertex   -7.600733e+01 2.221123e+00 3.295512e+01
      vertex   -7.561910e+01 2.257264e+00 3.299126e+01
    endloop
  endfacet
  facet normal -1.305262e-01 -7.010574e-01 -7.010574e-01
    outer loop
      vertex   -7.561910e+01 -1.631822e+00 3.688035e+01
      vertex   -7.561910e+01 2.257264e+00 3.299126e+01
      vertex   -7.523087e+01 -1.667963e+00 3.684421e+01
    endloop
  endfacet
  facet normal -1.305262e-01 -7.010574e-01 -7.010574e-01
    outer loop
      vertex   -7.523087e+01 -1.667963e+00 3.684421e+01
      vertex   -7.561910e+01 2.257264e+00 3.299126e+01
      vertex   -7.523087e+01 2.221123e+00 3.295512e+01
    endloop
  endfacet
  facet normal -3.826834e-01 -6.532815e-01 -6.532815e-01
    outer loop
      vertex   -7.523087e+01 -1.667963e+00 3.684421e+01
      vertex   -7.523087e+01 2.221123e+00 3.295512e+01
      vertex   -7.486910e+01 -1.773924e+00 3.673825e+01
    endloop
  endfacet
  facet normal -3.826834e-01 -6.532815e-01 -6.532815e-01
    outer loop
      vertex   -7.486910e+01 -1.773924e+00 3.673825e+01
      vertex   -7.523087e+01 2.221123e+00 3.295512e+01
      vertex   -7.486910e+01 2.115163e+00 3.284916e+01
    endloop
  endfacet
  facet normal -6.087614e-01 -5.609855e-01 -5.609855e-01
    outer loop
      vertex   -7.486910e+01 -1.773924e+00 3.673825e+01
      vertex   -7.486910e+01 2.115163e+00 3.284916e+01
      vertex   -7.455844e+01 -1.942483e+00 3.656969e+01
    endloop
  endfacet
  facet normal -6.087614e-01 -5.609855e-01 -5.609855e-01
    outer loop
      vertex   -7.455844e+01 -1.942483e+00 3.656969e+01
      vertex   -7.486910e+01 2.115163e+00 3.284916e+01
      vertex   -7.455844e+01 1.946604e+00 3.268060e+01
    endloop
  endfacet
  facet normal -7.933533e-01 -4.304593e-01 -4.304593e-01
    outer loop
      vertex   -7.455844e+01 -1.942483e+00 3.656969e+01
      vertex   -7.455844e+01 1.946604e+00 3.268060e+01
      vertex   -7.432006e+01 -2.162152e+00 3.635002e+01
    endloop
  endfacet
  facet normal -7.933533e-01 -4.304593e-01 -4.304593e-01
    outer loop
      vertex   -7.432006e+01 -2.162152e+00 3.635002e+01
      vertex   -7.455844e+01 1.946604e+00 3.268060e+01
      vertex   -7.432006e+01 1.726934e+00 3.246093e+01
    endloop
  endfacet
  facet normal -9.238795e-01 -2.705980e-01 -2.705981e-01
    outer loop
      vertex   -7.432006e+01 -2.162152e+00 3.635002e+01
      vertex   -7.432006e+01 1.726934e+00 3.246093e+01
      vertex   -7.417021e+01 -2.417963e+00 3.609421e+01
    endloop
  endfacet
  facet normal -9.238795e-01 -2.705980e-01 -2.705981e-01
    outer loop
      vertex   -7.417021e+01 -2.417963e+00 3.609421e+01
      vertex   -7.432006e+01 1.726934e+00 3.246093e+01
      vertex   -7.417021e+01 1.471123e+00 3.220512e+01
    endloop
  endfacet
  facet normal -9.914449e-01 -9.229595e-02 -9.229596e-02
    outer loop
      vertex   -7.417021e+01 -2.417963e+00 3.609421e+01
      vertex   -7.417021e+01 1.471123e+00 3.220512e+01
      vertex   -7.411910e+01 -2.692483e+00 3.581969e+01
    endloop
  endfacet
  facet normal -9.914449e-01 -9.229595e-02 -9.229596e-02
    outer loop
      vertex   -7.411910e+01 -2.692483e+00 3.581969e+01
      vertex   -7.417021e+01 1.471123e+00 3.220512e+01
      vertex   -7.411910e+01 1.196604e+00 3.193060e+01
    endloop
  endfacet
  facet normal -9.914449e-01 9.229595e-02 9.229596e-02
    outer loop
      vertex   -7.411910e+01 -2.692483e+00 3.581969e+01
      vertex   -7.411910e+01 1.196604e+00 3.193060e+01
      vertex   -7.417021e+01 -2.967002e+00 3.554517e+01
    endloop
  endfacet
  facet normal -9.914449e-01 9.229595e-02 9.229596e-02
    outer loop
      vertex   -7.417021e+01 -2.967002e+00 3.554517e+01
      vertex   -7.411910e+01 1.196604e+00 3.193060e+01
      vertex   -7.417021e+01 9.220850e-01 3.165608e+01
    endloop
  endfacet
  facet normal -9.238795e-01 2.705980e-01 2.705981e-01
    outer loop
      vertex   -7.417021e+01 -2.967002e+00 3.554517e+01
      vertex   -7.417021e+01 9.220850e-01 3.165608e+01
      vertex   -7.432006e+01 -3.222813e+00 3.528936e+01
    endloop
  endfacet
  facet normal -9.238795e-01 2.705980e-01 2.705981e-01
    outer loop
      vertex   -7.432006e+01 -3.222813e+00 3.528936e+01
      vertex   -7.417021e+01 9.220850e-01 3.165608e+01
      vertex   -7.432006e+01 6.662740e-01 3.140027e+01
    endloop
  endfacet
  facet normal -7.933533e-01 4.304593e-01 4.304593e-01
    outer loop
      vertex   -7.432006e+01 -3.222813e+00 3.528936e+01
      vertex   -7.432006e+01 6.662740e-01 3.140027e+01
      vertex   -7.455844e+01 -3.442482e+00 3.506969e+01
    endloop
  endfacet
  facet normal -7.933533e-01 4.304593e-01 4.304593e-01
    outer loop
      vertex   -7.455844e+01 -3.442482e+00 3.506969e+01
      vertex   -7.432006e+01 6.662740e-01 3.140027e+01
      vertex   -7.455844e+01 4.466041e-01 3.118060e+01
    endloop
  endfacet
  facet normal -6.087614e-01 5.609855e-01 5.609855e-01
    outer loop
      vertex   -7.455844e+01 -3.442482e+00 3.506969e+01
      vertex   -7.455844e+01 4.466041e-01 3.118060e+01
      vertex   -7.486910e+01 -3.611041e+00 3.490113e+01
    endloop
  endfacet
  facet normal -6.087614e-01 5.609855e-01 5.609855e-01
    outer loop
      vertex   -7.486910e+01 -3.611041e+00 3.490113e+01
      vertex   -7.455844e+01 4.466041e-01 3.118060e+01
      vertex   -7.486910e+01 2.780454e-01 3.101204e+01
    endloop
  endfacet
  facet normal -3.826834e-01 6.532815e-01 6.532815e-01
    outer loop
      vertex   -7.486910e+01 -3.611041e+00 3.490113e+01
      vertex   -7.486910e+01 2.780454e-01 3.101204e+01
      vertex   -7.523087e+01 -3.717002e+00 3.479517e+01
    endloop
  endfacet
  facet normal -3.826834e-01 6.532815e-01 6.532815e-01
    outer loop
      vertex   -7.523087e+01 -3.717002e+00 3.479517e+01
      vertex   -7.486910e+01 2.780454e-01 3.101204e+01
      vertex   -7.523087e+01 1.720850e-01 3.090608e+01
    endloop
  endfacet
  facet normal -1.305262e-01 7.010574e-01 7.010574e-01
    outer loop
      vertex   -7.523087e+01 -3.717002e+00 3.479517e+01
      vertex   -7.523087e+01 1.720850e-01 3.090608e+01
      vertex   -7.561910e+01 -3.753143e+00 3.475903e+01
    endloop
  endfacet
  facet normal 3.907985e-15 -5.554846e-16 -1.000000e+00
    outer loop
      vertex   4.532979e+01 -3.048726e+01 1.664830e+01
      vertex   1.532979e+01 -3.048726e+01 1.664830e+01
      vertex   4.532979e+01 -1.769586e+01 1.664830e+01
    endloop
  endfacet
  facet normal 3.789561e-15 -2.777423e-16 -1.000000e+00
    outer loop
      vertex   4.532979e+01 -1.769586e+01 1.664830e+01
      vertex   1.532979e+01 -3.048726e+01 1.664830e+01
      vertex   1.532979e+01 -1.769586e+01 1.664830e+01
    endloop
  endfacet
  facet normal 1.122228e-14 -9.986295e-01 5.233596e-02
    outer loop
      vertex   1.374938e+02 -7.946018e-01 -8.269238e+00
      vertex   -7.683419e+01 -7.946018e-01 -8.269238e+00
      vertex   1.374938e+02 -8.469377e-01 -9.267867e+00
    endloop
  endfacet
  facet normal 1.122271e-14 -9.986295e-01 5.233596e-02
    outer loop
      vertex   1.374938e+02 -8.469377e-01 -9.267867e+00
      vertex   -7.683419e+01 -7.946018e-01 -8.269238e+00
      vertex   -7.683419e+01 -8.469377e-01 -9.267867e+00
    endloop
  endfacet
  facet normal 4.397585e-15 -5.233596e-02 -9.986295e-01
    outer loop
      vertex   -7.683419e+01 -8.469377e-01 -9.267867e+00
      vertex   1.346290e+02 3.277546e+00 -9.484022e+00
      vertex   1.374938e+02 -8.469377e-01 -9.267867e+00
    endloop
  endfacet
  facet normal 6.699052e-15 -5.233596e-02 -9.986295e-01
    outer loop
      vertex   1.374938e+02 -8.469377e-01 -9.267867e+00
      vertex   1.346290e+02 3.277546e+00 -9.484022e+00
      vertex   1.503204e+02 -1.057894e+01 -8.757835e+00
    endloop
  endfacet
  facet normal 6.857541e-15 -5.233596e-02 -9.986295e-01
    outer loop
      vertex   1.374938e+02 -8.469377e-01 -9.267867e+00
      vertex   1.503204e+02 -1.057894e+01 -8.757835e+00
      vertex   1.490917e+02 -1.108864e+01 -8.731122e+00
    endloop
  endfacet
  facet normal 6.125276e-15 -5.233596e-02 -9.986295e-01
    outer loop
      vertex   1.490917e+02 -1.108864e+01 -8.731122e+00
      vertex   1.503204e+02 -1.057894e+01 -8.757835e+00
      vertex   1.511024e+02 -1.685040e+01 -8.429161e+00
    endloop
  endfacet
  facet normal 1.035035e-14 -5.233596e-02 -9.986295e-01
    outer loop
      vertex   1.490917e+02 -1.108864e+01 -8.731122e+00
      vertex   1.511024e+02 -1.685040e+01 -8.429161e+00
      vertex   1.498441e+02 -1.712306e+01 -8.414872e+00
    endloop
  endfacet
  facet normal 6.533846e-16 -5.233596e-02 -9.986295e-01
    outer loop
      vertex   -8.843215e+01 -1.108864e+01 -8.731122e+00
      vertex   -8.966087e+01 -1.057894e+01 -8.757835e+00
      vertex   -7.683419e+01 -8.469377e-01 -9.267867e+00
    endloop
  endfacet
  facet normal 3.828030e-15 -5.233596e-02 -9.986295e-01
    outer loop
      vertex   -7.683419e+01 -8.469377e-01 -9.267867e+00
      vertex   -8.966087e+01 -1.057894e+01 -8.757835e+00
      vertex   -7.396945e+01 3.277546e+00 -9.484022e+00
    endloop
  endfacet
  facet normal 4.419028e-15 -5.233596e-02 -9.986295e-01
    outer loop
      vertex   -7.683419e+01 -8.469377e-01 -9.267867e+00
      vertex   -7.396945e+01 3.277546e+00 -9.484022e+00
      vertex   1.346290e+02 3.277546e+00 -9.484022e+00
    endloop
  endfacet
  facet normal -8.921490e-16 -5.233596e-02 -9.986295e-01
    outer loop
      vertex   -8.918453e+01 -1.712306e+01 -8.414872e+00
      vertex   -9.044281e+01 -1.685040e+01 -8.429161e+00
      vertex   -8.843215e+01 -1.108864e+01 -8.731122e+00
    endloop
  endfacet
  facet normal 9.747088e-16 -5.233596e-02 -9.986295e-01
    outer loop
      vertex   -8.843215e+01 -1.108864e+01 -8.731122e+00
      vertex   -9.044281e+01 -1.685040e+01 -8.429161e+00
      vertex   -8.966087e+01 -1.057894e+01 -8.757835e+00
    endloop
  endfacet
  facet normal 8.728567e-16 1.000000e+00 -6.081716e-17
    outer loop
      vertex   1.346290e+02 3.277546e+00 -9.484022e+00
      vertex   -7.396945e+01 3.277546e+00 -9.484022e+00
      vertex   1.346290e+02 3.277546e+00 -2.181985e+00
    endloop
  endfacet
  facet normal 8.728567e-16 1.000000e+00 -6.081716e-17
    outer loop
      vertex   1.346290e+02 3.277546e+00 -2.181985e+00
      vertex   -7.396945e+01 3.277546e+00 -9.484022e+00
      vertex   -7.396945e+01 3.277546e+00 -2.181985e+00
    endloop
  endfacet
  facet normal -3.774758e-15 -3.708713e-17 1.000000e+00
    outer loop
      vertex   4.532979e+01 -5.517256e-01 1.647286e+00
      vertex   1.532979e+01 -5.517256e-01 1.647286e+00
      vertex   4.532979e+01 -3.048726e+01 1.647286e+00
    endloop
  endfacet
  facet normal -3.848773e-15 -1.112614e-16 1.000000e+00
    outer loop
      vertex   4.532979e+01 -3.048726e+01 1.647286e+00
      vertex   1.532979e+01 -5.517256e-01 1.647286e+00
      vertex   1.532979e+01 -3.048726e+01 1.647286e+00
    endloop
  endfacet
endsolid
