solid ASCII
  facet normal -8.081662e-01 5.769958e-01 1.180811e-01
    outer loop
      vertex   5.474127e+01 -3.975302e+01 2.428243e+01
      vertex   5.468118e+01 -3.983997e+01 2.429607e+01
      vertex   5.501360e+01 -3.969401e+01 2.585798e+01
    endloop
  endfacet
  facet normal -8.081662e-01 5.769958e-01 1.180811e-01
    outer loop
      vertex   5.501360e+01 -3.969401e+01 2.585798e+01
      vertex   5.468118e+01 -3.983997e+01 2.429607e+01
      vertex   5.495352e+01 -3.978096e+01 2.587162e+01
    endloop
  endfacet
  facet normal 4.346055e-01 -8.996677e-01 -4.142501e-02
    outer loop
      vertex   5.708260e+01 -1.504772e+02 2.802490e+01
      vertex   9.763270e+01 -1.305314e+02 2.026870e+01
      vertex   5.735493e+01 -1.504182e+02 2.960045e+01
    endloop
  endfacet
  facet normal 4.346055e-01 -8.996677e-01 -4.142501e-02
    outer loop
      vertex   5.735493e+01 -1.504182e+02 2.960045e+01
      vertex   9.763270e+01 -1.305314e+02 2.026870e+01
      vertex   9.790503e+01 -1.304724e+02 2.184425e+01
    endloop
  endfacet
  facet normal -9.358398e-01 3.189984e-01 1.498129e-01
    outer loop
      vertex   4.760498e+01 -1.206085e+02 2.854439e+01
      vertex   4.348315e+01 -1.332577e+02 2.973063e+01
      vertex   4.787731e+01 -1.205494e+02 3.011994e+01
    endloop
  endfacet
  facet normal -9.358398e-01 3.189984e-01 1.498129e-01
    outer loop
      vertex   4.787731e+01 -1.205494e+02 3.011994e+01
      vertex   4.348315e+01 -1.332577e+02 2.973063e+01
      vertex   4.375549e+01 -1.331987e+02 3.130618e+01
    endloop
  endfacet
  facet normal -1.727770e-01 9.849359e-01 -7.026093e-03
    outer loop
      vertex   4.787731e+01 -1.205494e+02 3.011994e+01
      vertex   6.812543e+01 -1.170234e+02 2.648796e+01
      vertex   4.760498e+01 -1.206085e+02 2.854439e+01
    endloop
  endfacet
  facet normal -1.727770e-01 9.849359e-01 -7.026093e-03
    outer loop
      vertex   4.760498e+01 -1.206085e+02 2.854439e+01
      vertex   6.812543e+01 -1.170234e+02 2.648796e+01
      vertex   6.785310e+01 -1.170824e+02 2.491241e+01
    endloop
  endfacet
  facet normal 5.075074e-01 -8.598570e-01 -5.551730e-02
    outer loop
      vertex   1.461945e+02 -1.220748e+02 1.155799e+01
      vertex   1.796396e+02 -1.019128e+02 5.021802e+00
      vertex   1.464669e+02 -1.220158e+02 1.313354e+01
    endloop
  endfacet
  facet normal 5.075074e-01 -8.598570e-01 -5.551730e-02
    outer loop
      vertex   1.464669e+02 -1.220158e+02 1.313354e+01
      vertex   1.796396e+02 -1.019128e+02 5.021802e+00
      vertex   1.799119e+02 -1.018538e+02 6.597350e+00
    endloop
  endfacet
  facet normal 9.700803e-01 1.692955e-01 -1.740205e-01
    outer loop
      vertex   1.669733e+02 -2.824952e+01 6.076944e+00
      vertex   1.799119e+02 -1.018538e+02 6.597350e+00
      vertex   1.667010e+02 -2.830853e+01 4.501396e+00
    endloop
  endfacet
  facet normal 9.700803e-01 1.692955e-01 -1.740205e-01
    outer loop
      vertex   1.667010e+02 -2.830853e+01 4.501396e+00
      vertex   1.799119e+02 -1.018538e+02 6.597350e+00
      vertex   1.796396e+02 -1.019128e+02 5.021802e+00
    endloop
  endfacet
  facet normal 9.505760e-01 2.571957e-01 -1.739415e-01
    outer loop
      vertex   1.669280e+02 -2.808103e+01 6.078465e+00
      vertex   1.669733e+02 -2.824952e+01 6.076944e+00
      vertex   1.666557e+02 -2.814005e+01 4.502917e+00
    endloop
  endfacet
  facet normal 9.505760e-01 2.571957e-01 -1.739415e-01
    outer loop
      vertex   1.666557e+02 -2.814005e+01 4.502917e+00
      vertex   1.669733e+02 -2.824952e+01 6.076944e+00
      vertex   1.667010e+02 -2.830853e+01 4.501396e+00
    endloop
  endfacet
  facet normal 8.891453e-01 4.250332e-01 -1.696095e-01
    outer loop
      vertex   1.668606e+02 -2.793749e+01 6.084742e+00
      vertex   1.669280e+02 -2.808103e+01 6.078465e+00
      vertex   1.665883e+02 -2.799650e+01 4.509195e+00
    endloop
  endfacet
  facet normal 8.891453e-01 4.250332e-01 -1.696095e-01
    outer loop
      vertex   1.665883e+02 -2.799650e+01 4.509195e+00
      vertex   1.669280e+02 -2.808103e+01 6.078465e+00
      vertex   1.666557e+02 -2.814005e+01 4.502917e+00
    endloop
  endfacet
  facet normal 8.009135e-01 5.769935e-01 -1.600502e-01
    outer loop
      vertex   1.667707e+02 -2.780968e+01 6.095499e+00
      vertex   1.668606e+02 -2.793749e+01 6.084742e+00
      vertex   1.664984e+02 -2.786870e+01 4.519951e+00
    endloop
  endfacet
  facet normal 8.009135e-01 5.769935e-01 -1.600502e-01
    outer loop
      vertex   1.664984e+02 -2.786870e+01 4.519951e+00
      vertex   1.668606e+02 -2.793749e+01 6.084742e+00
      vertex   1.665883e+02 -2.799650e+01 4.509195e+00
    endloop
  endfacet
  facet normal 6.899190e-01 7.090493e-01 -1.458108e-01
    outer loop
      vertex   1.666611e+02 -2.769994e+01 6.110341e+00
      vertex   1.667707e+02 -2.780968e+01 6.095499e+00
      vertex   1.663887e+02 -2.775896e+01 4.534793e+00
    endloop
  endfacet
  facet normal 6.899190e-01 7.090493e-01 -1.458108e-01
    outer loop
      vertex   1.663887e+02 -2.775896e+01 4.534793e+00
      vertex   1.667707e+02 -2.780968e+01 6.095499e+00
      vertex   1.664984e+02 -2.786870e+01 4.519951e+00
    endloop
  endfacet
  facet normal 5.588832e-01 8.194178e-01 -1.272950e-01
    outer loop
      vertex   1.665346e+02 -2.761081e+01 6.128863e+00
      vertex   1.666611e+02 -2.769994e+01 6.110341e+00
      vertex   1.662622e+02 -2.766982e+01 4.553315e+00
    endloop
  endfacet
  facet normal 5.588832e-01 8.194178e-01 -1.272950e-01
    outer loop
      vertex   1.662622e+02 -2.766982e+01 4.553315e+00
      vertex   1.666611e+02 -2.769994e+01 6.110341e+00
      vertex   1.663887e+02 -2.775896e+01 4.534793e+00
    endloop
  endfacet
  facet normal 4.104395e-01 9.058372e-01 -1.048731e-01
    outer loop
      vertex   1.663943e+02 -2.754471e+01 6.150640e+00
      vertex   1.665346e+02 -2.761081e+01 6.128863e+00
      vertex   1.661219e+02 -2.760372e+01 4.575092e+00
    endloop
  endfacet
  facet normal 4.104395e-01 9.058372e-01 -1.048731e-01
    outer loop
      vertex   1.661219e+02 -2.760372e+01 4.575092e+00
      vertex   1.665346e+02 -2.761081e+01 6.128863e+00
      vertex   1.662622e+02 -2.766982e+01 4.553315e+00
    endloop
  endfacet
  facet normal 2.471846e-01 9.657509e-01 -7.889839e-02
    outer loop
      vertex   1.662429e+02 -2.750395e+01 6.175284e+00
      vertex   1.663943e+02 -2.754471e+01 6.150640e+00
      vertex   1.659705e+02 -2.756296e+01 4.599737e+00
    endloop
  endfacet
  facet normal 2.471846e-01 9.657509e-01 -7.889839e-02
    outer loop
      vertex   1.659705e+02 -2.756296e+01 4.599737e+00
      vertex   1.663943e+02 -2.754471e+01 6.150640e+00
      vertex   1.661219e+02 -2.760372e+01 4.575092e+00
    endloop
  endfacet
  facet normal 7.322974e-02 9.960627e-01 -4.996541e-02
    outer loop
      vertex   1.650265e+02 -2.740416e+01 6.381788e+00
      vertex   1.662429e+02 -2.750395e+01 6.175284e+00
      vertex   1.647542e+02 -2.746318e+01 4.806240e+00
    endloop
  endfacet
  facet normal 7.322974e-02 9.960627e-01 -4.996541e-02
    outer loop
      vertex   1.647542e+02 -2.746318e+01 4.806240e+00
      vertex   1.662429e+02 -2.750395e+01 6.175284e+00
      vertex   1.659705e+02 -2.756296e+01 4.599737e+00
    endloop
  endfacet
  facet normal -1.946880e-02 9.992301e-01 -3.406099e-02
    outer loop
      vertex   1.127295e+02 -2.811407e+01 1.544799e+01
      vertex   1.650265e+02 -2.740416e+01 6.381788e+00
      vertex   1.124572e+02 -2.817308e+01 1.387244e+01
    endloop
  endfacet
  facet normal -1.946880e-02 9.992301e-01 -3.406099e-02
    outer loop
      vertex   1.124572e+02 -2.817308e+01 1.387244e+01
      vertex   1.650265e+02 -2.740416e+01 6.381788e+00
      vertex   1.647542e+02 -2.746318e+01 4.806240e+00
    endloop
  endfacet
  facet normal 1.727770e-01 -9.849359e-01 7.026093e-03
    outer loop
      vertex   1.464669e+02 -1.220158e+02 1.313354e+01
      vertex   9.790503e+01 -1.304724e+02 2.184425e+01
      vertex   1.461945e+02 -1.220748e+02 1.155799e+01
    endloop
  endfacet
  facet normal 1.727770e-01 -9.849359e-01 7.026093e-03
    outer loop
      vertex   1.461945e+02 -1.220748e+02 1.155799e+01
      vertex   9.790503e+01 -1.304724e+02 2.184425e+01
      vertex   9.763270e+01 -1.305314e+02 2.026870e+01
    endloop
  endfacet
  facet normal -1.702096e-01 -3.688262e-02 -9.847174e-01
    outer loop
      vertex   5.468118e+01 -3.983997e+01 2.429607e+01
      vertex   5.474127e+01 -3.975302e+01 2.428243e+01
      vertex   5.450404e+01 -4.025016e+01 2.434205e+01
    endloop
  endfacet
  facet normal -1.702096e-01 -3.688262e-02 -9.847174e-01
    outer loop
      vertex   5.450404e+01 -4.025016e+01 2.434205e+01
      vertex   5.474127e+01 -3.975302e+01 2.428243e+01
      vertex   5.445584e+01 -4.070979e+01 2.436760e+01
    endloop
  endfacet
  facet normal -1.702096e-01 -3.688262e-02 -9.847174e-01
    outer loop
      vertex   5.445584e+01 -4.070979e+01 2.436760e+01
      vertex   5.474127e+01 -3.975302e+01 2.428243e+01
      vertex   5.811592e+01 -4.560034e+01 2.391813e+01
    endloop
  endfacet
  facet normal -1.702096e-01 -3.688262e-02 -9.847174e-01
    outer loop
      vertex   5.445584e+01 -4.070979e+01 2.436760e+01
      vertex   5.811592e+01 -4.560034e+01 2.391813e+01
      vertex   6.053480e+01 -5.938944e+01 2.401649e+01
    endloop
  endfacet
  facet normal -1.702096e-01 -3.688262e-02 -9.847174e-01
    outer loop
      vertex   9.124899e+01 -3.186627e+01 1.767663e+01
      vertex   7.616519e+01 -3.991968e+01 2.058552e+01
      vertex   5.474127e+01 -3.975302e+01 2.428243e+01
    endloop
  endfacet
  facet normal -1.702096e-01 -3.688262e-02 -9.847174e-01
    outer loop
      vertex   5.474127e+01 -3.975302e+01 2.428243e+01
      vertex   7.616519e+01 -3.991968e+01 2.058552e+01
      vertex   7.169792e+01 -4.323517e+01 2.148188e+01
    endloop
  endfacet
  facet normal -1.702096e-01 -3.688262e-02 -9.847174e-01
    outer loop
      vertex   5.474127e+01 -3.975302e+01 2.428243e+01
      vertex   7.169792e+01 -4.323517e+01 2.148188e+01
      vertex   5.811592e+01 -4.560034e+01 2.391813e+01
    endloop
  endfacet
  facet normal -1.702096e-01 -3.688262e-02 -9.847174e-01
    outer loop
      vertex   1.124572e+02 -2.817308e+01 1.387244e+01
      vertex   1.077965e+02 -3.187385e+01 1.481666e+01
      vertex   9.124899e+01 -3.186627e+01 1.767663e+01
    endloop
  endfacet
  facet normal -1.702096e-01 -3.688262e-02 -9.847174e-01
    outer loop
      vertex   9.124899e+01 -3.186627e+01 1.767663e+01
      vertex   1.077965e+02 -3.187385e+01 1.481666e+01
      vertex   9.421447e+01 -3.423902e+01 1.725291e+01
    endloop
  endfacet
  facet normal -1.702096e-01 -3.688262e-02 -9.847174e-01
    outer loop
      vertex   9.124899e+01 -3.186627e+01 1.767663e+01
      vertex   9.421447e+01 -3.423902e+01 1.725291e+01
      vertex   8.974719e+01 -3.755451e+01 1.814927e+01
    endloop
  endfacet
  facet normal -1.702096e-01 -3.688262e-02 -9.847174e-01
    outer loop
      vertex   8.974719e+01 -3.755451e+01 1.814927e+01
      vertex   9.421447e+01 -3.423902e+01 1.725291e+01
      vertex   9.663335e+01 -4.802813e+01 1.735128e+01
    endloop
  endfacet
  facet normal -1.702096e-01 -3.688262e-02 -9.847174e-01
    outer loop
      vertex   8.974719e+01 -3.755451e+01 1.814927e+01
      vertex   9.663335e+01 -4.802813e+01 1.735128e+01
      vertex   9.216607e+01 -5.134362e+01 1.824763e+01
    endloop
  endfacet
  facet normal -1.702096e-01 -3.688262e-02 -9.847174e-01
    outer loop
      vertex   9.216607e+01 -5.134362e+01 1.824763e+01
      vertex   9.663335e+01 -4.802813e+01 1.735128e+01
      vertex   9.750587e+01 -5.300205e+01 1.738676e+01
    endloop
  endfacet
  facet normal -1.702096e-01 -3.688262e-02 -9.847174e-01
    outer loop
      vertex   9.216607e+01 -5.134362e+01 1.824763e+01
      vertex   9.750587e+01 -5.300205e+01 1.738676e+01
      vertex   9.303859e+01 -5.631754e+01 1.828311e+01
    endloop
  endfacet
  facet normal -1.702096e-01 -3.688262e-02 -9.847174e-01
    outer loop
      vertex   9.303859e+01 -5.631754e+01 1.828311e+01
      vertex   9.750587e+01 -5.300205e+01 1.738676e+01
      vertex   9.992475e+01 -6.679115e+01 1.748512e+01
    endloop
  endfacet
  facet normal -1.702096e-01 -3.688262e-02 -9.847174e-01
    outer loop
      vertex   9.303859e+01 -5.631754e+01 1.828311e+01
      vertex   9.992475e+01 -6.679115e+01 1.748512e+01
      vertex   9.545747e+01 -7.010664e+01 1.838148e+01
    endloop
  endfacet
  facet normal -1.702096e-01 -3.688262e-02 -9.847174e-01
    outer loop
      vertex   9.545747e+01 -7.010664e+01 1.838148e+01
      vertex   9.992475e+01 -6.679115e+01 1.748512e+01
      vertex   1.007973e+02 -7.176508e+01 1.752060e+01
    endloop
  endfacet
  facet normal -1.702096e-01 -3.688262e-02 -9.847174e-01
    outer loop
      vertex   9.545747e+01 -7.010664e+01 1.838148e+01
      vertex   1.007973e+02 -7.176508e+01 1.752060e+01
      vertex   9.632999e+01 -7.508057e+01 1.841696e+01
    endloop
  endfacet
  facet normal -1.702096e-01 -3.688262e-02 -9.847174e-01
    outer loop
      vertex   9.632999e+01 -7.508057e+01 1.841696e+01
      vertex   1.007973e+02 -7.176508e+01 1.752060e+01
      vertex   1.032161e+02 -8.555418e+01 1.761897e+01
    endloop
  endfacet
  facet normal -1.702096e-01 -3.688262e-02 -9.847174e-01
    outer loop
      vertex   9.632999e+01 -7.508057e+01 1.841696e+01
      vertex   1.032161e+02 -8.555418e+01 1.761897e+01
      vertex   9.874887e+01 -8.886967e+01 1.851533e+01
    endloop
  endfacet
  facet normal -1.702096e-01 -3.688262e-02 -9.847174e-01
    outer loop
      vertex   9.874887e+01 -8.886967e+01 1.851533e+01
      vertex   1.032161e+02 -8.555418e+01 1.761897e+01
      vertex   1.040887e+02 -9.052811e+01 1.765445e+01
    endloop
  endfacet
  facet normal -1.702096e-01 -3.688262e-02 -9.847174e-01
    outer loop
      vertex   9.874887e+01 -8.886967e+01 1.851533e+01
      vertex   1.040887e+02 -9.052811e+01 1.765445e+01
      vertex   9.962140e+01 -9.384360e+01 1.855081e+01
    endloop
  endfacet
  facet normal -1.702096e-01 -3.688262e-02 -9.847174e-01
    outer loop
      vertex   9.962140e+01 -9.384360e+01 1.855081e+01
      vertex   1.040887e+02 -9.052811e+01 1.765445e+01
      vertex   1.065076e+02 -1.043172e+02 1.775282e+01
    endloop
  endfacet
  facet normal -1.702096e-01 -3.688262e-02 -9.847174e-01
    outer loop
      vertex   9.962140e+01 -9.384360e+01 1.855081e+01
      vertex   1.065076e+02 -1.043172e+02 1.775282e+01
      vertex   1.020403e+02 -1.076327e+02 1.864917e+01
    endloop
  endfacet
  facet normal -1.702096e-01 -3.688262e-02 -9.847174e-01
    outer loop
      vertex   1.020403e+02 -1.076327e+02 1.864917e+01
      vertex   1.065076e+02 -1.043172e+02 1.775282e+01
      vertex   1.073801e+02 -1.092911e+02 1.778830e+01
    endloop
  endfacet
  facet normal -1.702096e-01 -3.688262e-02 -9.847174e-01
    outer loop
      vertex   1.020403e+02 -1.076327e+02 1.864917e+01
      vertex   1.073801e+02 -1.092911e+02 1.778830e+01
      vertex   1.029128e+02 -1.126066e+02 1.868466e+01
    endloop
  endfacet
  facet normal -1.702096e-01 -3.688262e-02 -9.847174e-01
    outer loop
      vertex   1.029128e+02 -1.126066e+02 1.868466e+01
      vertex   1.073801e+02 -1.092911e+02 1.778830e+01
      vertex   1.097990e+02 -1.230802e+02 1.788666e+01
    endloop
  endfacet
  facet normal -1.702096e-01 -3.688262e-02 -9.847174e-01
    outer loop
      vertex   1.029128e+02 -1.126066e+02 1.868466e+01
      vertex   1.097990e+02 -1.230802e+02 1.788666e+01
      vertex   1.053317e+02 -1.263957e+02 1.878302e+01
    endloop
  endfacet
  facet normal -1.702096e-01 -3.688262e-02 -9.847174e-01
    outer loop
      vertex   1.053317e+02 -1.263957e+02 1.878302e+01
      vertex   1.097990e+02 -1.230802e+02 1.788666e+01
      vertex   1.233809e+02 -1.207151e+02 1.545041e+01
    endloop
  endfacet
  facet normal -1.702096e-01 -3.688262e-02 -9.847174e-01
    outer loop
      vertex   1.053317e+02 -1.263957e+02 1.878302e+01
      vertex   1.233809e+02 -1.207151e+02 1.545041e+01
      vertex   1.287121e+02 -1.223243e+02 1.458919e+01
    endloop
  endfacet
  facet normal -1.702096e-01 -3.688262e-02 -9.847174e-01
    outer loop
      vertex   1.287121e+02 -1.223243e+02 1.458919e+01
      vertex   1.233809e+02 -1.207151e+02 1.545041e+01
      vertex   1.262932e+02 -1.085352e+02 1.449082e+01
    endloop
  endfacet
  facet normal -1.702096e-01 -3.688262e-02 -9.847174e-01
    outer loop
      vertex   1.262932e+02 -1.085352e+02 1.449082e+01
      vertex   1.233809e+02 -1.207151e+02 1.545041e+01
      vertex   1.209621e+02 -1.069260e+02 1.535205e+01
    endloop
  endfacet
  facet normal -1.702096e-01 -3.688262e-02 -9.847174e-01
    outer loop
      vertex   1.262932e+02 -1.085352e+02 1.449082e+01
      vertex   1.209621e+02 -1.069260e+02 1.535205e+01
      vertex   1.254207e+02 -1.035612e+02 1.445534e+01
    endloop
  endfacet
  facet normal -1.702096e-01 -3.688262e-02 -9.847174e-01
    outer loop
      vertex   1.254207e+02 -1.035612e+02 1.445534e+01
      vertex   1.209621e+02 -1.069260e+02 1.535205e+01
      vertex   1.200895e+02 -1.019520e+02 1.531656e+01
    endloop
  endfacet
  facet normal -1.702096e-01 -3.688262e-02 -9.847174e-01
    outer loop
      vertex   1.254207e+02 -1.035612e+02 1.445534e+01
      vertex   1.200895e+02 -1.019520e+02 1.531656e+01
      vertex   1.230018e+02 -8.977213e+01 1.435697e+01
    endloop
  endfacet
  facet normal -1.702096e-01 -3.688262e-02 -9.847174e-01
    outer loop
      vertex   1.230018e+02 -8.977213e+01 1.435697e+01
      vertex   1.200895e+02 -1.019520e+02 1.531656e+01
      vertex   1.176707e+02 -8.816294e+01 1.521820e+01
    endloop
  endfacet
  facet normal -1.702096e-01 -3.688262e-02 -9.847174e-01
    outer loop
      vertex   1.230018e+02 -8.977213e+01 1.435697e+01
      vertex   1.176707e+02 -8.816294e+01 1.521820e+01
      vertex   1.221293e+02 -8.479821e+01 1.432149e+01
    endloop
  endfacet
  facet normal -1.702096e-01 -3.688262e-02 -9.847174e-01
    outer loop
      vertex   1.221293e+02 -8.479821e+01 1.432149e+01
      vertex   1.176707e+02 -8.816294e+01 1.521820e+01
      vertex   1.167981e+02 -8.318902e+01 1.518272e+01
    endloop
  endfacet
  facet normal -1.702096e-01 -3.688262e-02 -9.847174e-01
    outer loop
      vertex   1.221293e+02 -8.479821e+01 1.432149e+01
      vertex   1.167981e+02 -8.318902e+01 1.518272e+01
      vertex   1.197104e+02 -7.100910e+01 1.422313e+01
    endloop
  endfacet
  facet normal -1.702096e-01 -3.688262e-02 -9.847174e-01
    outer loop
      vertex   1.197104e+02 -7.100910e+01 1.422313e+01
      vertex   1.167981e+02 -8.318902e+01 1.518272e+01
      vertex   1.143793e+02 -6.939991e+01 1.508435e+01
    endloop
  endfacet
  facet normal -1.702096e-01 -3.688262e-02 -9.847174e-01
    outer loop
      vertex   1.197104e+02 -7.100910e+01 1.422313e+01
      vertex   1.143793e+02 -6.939991e+01 1.508435e+01
      vertex   1.188379e+02 -6.603518e+01 1.418765e+01
    endloop
  endfacet
  facet normal -1.702096e-01 -3.688262e-02 -9.847174e-01
    outer loop
      vertex   1.188379e+02 -6.603518e+01 1.418765e+01
      vertex   1.143793e+02 -6.939991e+01 1.508435e+01
      vertex   1.135067e+02 -6.442599e+01 1.504887e+01
    endloop
  endfacet
  facet normal -1.702096e-01 -3.688262e-02 -9.847174e-01
    outer loop
      vertex   1.188379e+02 -6.603518e+01 1.418765e+01
      vertex   1.135067e+02 -6.442599e+01 1.504887e+01
      vertex   1.164190e+02 -5.224607e+01 1.408928e+01
    endloop
  endfacet
  facet normal -1.702096e-01 -3.688262e-02 -9.847174e-01
    outer loop
      vertex   1.164190e+02 -5.224607e+01 1.408928e+01
      vertex   1.135067e+02 -6.442599e+01 1.504887e+01
      vertex   1.110879e+02 -5.063688e+01 1.495051e+01
    endloop
  endfacet
  facet normal -1.702096e-01 -3.688262e-02 -9.847174e-01
    outer loop
      vertex   1.164190e+02 -5.224607e+01 1.408928e+01
      vertex   1.110879e+02 -5.063688e+01 1.495051e+01
      vertex   1.155465e+02 -4.727215e+01 1.405380e+01
    endloop
  endfacet
  facet normal -1.702096e-01 -3.688262e-02 -9.847174e-01
    outer loop
      vertex   1.155465e+02 -4.727215e+01 1.405380e+01
      vertex   1.110879e+02 -5.063688e+01 1.495051e+01
      vertex   1.102153e+02 -4.566296e+01 1.491502e+01
    endloop
  endfacet
  facet normal -1.702096e-01 -3.688262e-02 -9.847174e-01
    outer loop
      vertex   1.155465e+02 -4.727215e+01 1.405380e+01
      vertex   1.102153e+02 -4.566296e+01 1.491502e+01
      vertex   1.131276e+02 -3.348304e+01 1.395543e+01
    endloop
  endfacet
  facet normal -1.702096e-01 -3.688262e-02 -9.847174e-01
    outer loop
      vertex   1.131276e+02 -3.348304e+01 1.395543e+01
      vertex   1.102153e+02 -4.566296e+01 1.491502e+01
      vertex   1.077965e+02 -3.187385e+01 1.481666e+01
    endloop
  endfacet
  facet normal -1.702096e-01 -3.688262e-02 -9.847174e-01
    outer loop
      vertex   1.131276e+02 -3.348304e+01 1.395543e+01
      vertex   1.077965e+02 -3.187385e+01 1.481666e+01
      vertex   1.124572e+02 -2.817308e+01 1.387244e+01
    endloop
  endfacet
  facet normal -1.702096e-01 -3.688262e-02 -9.847174e-01
    outer loop
      vertex   1.131276e+02 -3.348304e+01 1.395543e+01
      vertex   1.124572e+02 -2.817308e+01 1.387244e+01
      vertex   1.267096e+02 -3.111788e+01 1.151918e+01
    endloop
  endfacet
  facet normal -1.702096e-01 -3.688262e-02 -9.847174e-01
    outer loop
      vertex   1.267096e+02 -3.111788e+01 1.151918e+01
      vertex   1.124572e+02 -2.817308e+01 1.387244e+01
      vertex   1.647542e+02 -2.746318e+01 4.806240e+00
    endloop
  endfacet
  facet normal -1.702096e-01 -3.688262e-02 -9.847174e-01
    outer loop
      vertex   1.267096e+02 -3.111788e+01 1.151918e+01
      vertex   1.647542e+02 -2.746318e+01 4.806240e+00
      vertex   1.509367e+02 -3.187259e+01 7.359774e+00
    endloop
  endfacet
  facet normal -1.702096e-01 -3.688262e-02 -9.847174e-01
    outer loop
      vertex   1.509367e+02 -3.187259e+01 7.359774e+00
      vertex   1.647542e+02 -2.746318e+01 4.806240e+00
      vertex   1.645187e+02 -2.950743e+01 4.923522e+00
    endloop
  endfacet
  facet normal -1.702096e-01 -3.688262e-02 -9.847174e-01
    outer loop
      vertex   1.645187e+02 -2.950743e+01 4.923522e+00
      vertex   1.647542e+02 -2.746318e+01 4.806240e+00
      vertex   1.659705e+02 -2.756296e+01 4.599737e+00
    endloop
  endfacet
  facet normal -1.702096e-01 -3.688262e-02 -9.847174e-01
    outer loop
      vertex   1.645187e+02 -2.950743e+01 4.923522e+00
      vertex   1.659705e+02 -2.756296e+01 4.599737e+00
      vertex   1.667010e+02 -2.830853e+01 4.501396e+00
    endloop
  endfacet
  facet normal -1.702096e-01 -3.688262e-02 -9.847174e-01
    outer loop
      vertex   1.667010e+02 -2.830853e+01 4.501396e+00
      vertex   1.659705e+02 -2.756296e+01 4.599737e+00
      vertex   1.666557e+02 -2.814005e+01 4.502917e+00
    endloop
  endfacet
  facet normal -1.702096e-01 -3.688262e-02 -9.847174e-01
    outer loop
      vertex   1.666557e+02 -2.814005e+01 4.502917e+00
      vertex   1.659705e+02 -2.756296e+01 4.599737e+00
      vertex   1.665883e+02 -2.799650e+01 4.509195e+00
    endloop
  endfacet
  facet normal -1.702096e-01 -3.688262e-02 -9.847174e-01
    outer loop
      vertex   1.665883e+02 -2.799650e+01 4.509195e+00
      vertex   1.659705e+02 -2.756296e+01 4.599737e+00
      vertex   1.664984e+02 -2.786870e+01 4.519951e+00
    endloop
  endfacet
  facet normal -1.702096e-01 -3.688262e-02 -9.847174e-01
    outer loop
      vertex   1.664984e+02 -2.786870e+01 4.519951e+00
      vertex   1.659705e+02 -2.756296e+01 4.599737e+00
      vertex   1.663887e+02 -2.775896e+01 4.534793e+00
    endloop
  endfacet
  facet normal -1.702096e-01 -3.688262e-02 -9.847174e-01
    outer loop
      vertex   1.663887e+02 -2.775896e+01 4.534793e+00
      vertex   1.659705e+02 -2.756296e+01 4.599737e+00
      vertex   1.662622e+02 -2.766982e+01 4.553315e+00
    endloop
  endfacet
  facet normal -1.702096e-01 -3.688262e-02 -9.847174e-01
    outer loop
      vertex   1.662622e+02 -2.766982e+01 4.553315e+00
      vertex   1.659705e+02 -2.756296e+01 4.599737e+00
      vertex   1.661219e+02 -2.760372e+01 4.575092e+00
    endloop
  endfacet
  facet normal -1.702096e-01 -3.688262e-02 -9.847174e-01
    outer loop
      vertex   1.796396e+02 -1.019128e+02 5.021802e+00
      vertex   1.711015e+02 -6.703348e+01 5.191216e+00
      vertex   1.667010e+02 -2.830853e+01 4.501396e+00
    endloop
  endfacet
  facet normal -1.702096e-01 -3.688262e-02 -9.847174e-01
    outer loop
      vertex   1.667010e+02 -2.830853e+01 4.501396e+00
      vertex   1.711015e+02 -6.703348e+01 5.191216e+00
      vertex   1.702289e+02 -6.205956e+01 5.155734e+00
    endloop
  endfacet
  facet normal -1.702096e-01 -3.688262e-02 -9.847174e-01
    outer loop
      vertex   1.667010e+02 -2.830853e+01 4.501396e+00
      vertex   1.702289e+02 -6.205956e+01 5.155734e+00
      vertex   1.678101e+02 -4.827046e+01 5.057369e+00
    endloop
  endfacet
  facet normal -1.702096e-01 -3.688262e-02 -9.847174e-01
    outer loop
      vertex   1.461945e+02 -1.220748e+02 1.155799e+01
      vertex   1.632298e+02 -1.019508e+02 7.859681e+00
      vertex   1.796396e+02 -1.019128e+02 5.021802e+00
    endloop
  endfacet
  facet normal -1.702096e-01 -3.688262e-02 -9.847174e-01
    outer loop
      vertex   1.796396e+02 -1.019128e+02 5.021802e+00
      vertex   1.632298e+02 -1.019508e+02 7.859681e+00
      vertex   1.768118e+02 -9.958562e+01 5.423428e+00
    endloop
  endfacet
  facet normal -1.702096e-01 -3.688262e-02 -9.847174e-01
    outer loop
      vertex   1.796396e+02 -1.019128e+02 5.021802e+00
      vertex   1.768118e+02 -9.958562e+01 5.423428e+00
      vertex   1.743929e+02 -8.579651e+01 5.325063e+00
    endloop
  endfacet
  facet normal -1.702096e-01 -3.688262e-02 -9.847174e-01
    outer loop
      vertex   9.763270e+01 -1.305314e+02 2.026870e+01
      vertex   1.287121e+02 -1.223243e+02 1.458919e+01
      vertex   1.461945e+02 -1.220748e+02 1.155799e+01
    endloop
  endfacet
  facet normal -1.702096e-01 -3.688262e-02 -9.847174e-01
    outer loop
      vertex   1.461945e+02 -1.220748e+02 1.155799e+01
      vertex   1.287121e+02 -1.223243e+02 1.458919e+01
      vertex   1.422941e+02 -1.199591e+02 1.215293e+01
    endloop
  endfacet
  facet normal -1.702096e-01 -3.688262e-02 -9.847174e-01
    outer loop
      vertex   1.461945e+02 -1.220748e+02 1.155799e+01
      vertex   1.422941e+02 -1.199591e+02 1.215293e+01
      vertex   1.447485e+02 -1.051691e+02 1.117472e+01
    endloop
  endfacet
  facet normal -1.702096e-01 -3.688262e-02 -9.847174e-01
    outer loop
      vertex   1.447485e+02 -1.051691e+02 1.117472e+01
      vertex   1.422941e+02 -1.199591e+02 1.215293e+01
      vertex   1.398752e+02 -1.061700e+02 1.205457e+01
    endloop
  endfacet
  facet normal -1.702096e-01 -3.688262e-02 -9.847174e-01
    outer loop
      vertex   1.447485e+02 -1.051691e+02 1.117472e+01
      vertex   1.398752e+02 -1.061700e+02 1.205457e+01
      vertex   1.390027e+02 -1.011961e+02 1.201909e+01
    endloop
  endfacet
  facet normal -1.702096e-01 -3.688262e-02 -9.847174e-01
    outer loop
      vertex   1.390027e+02 -1.011961e+02 1.201909e+01
      vertex   1.398752e+02 -1.061700e+02 1.205457e+01
      vertex   1.262932e+02 -1.085352e+02 1.449082e+01
    endloop
  endfacet
  facet normal -1.702096e-01 -3.688262e-02 -9.847174e-01
    outer loop
      vertex   1.390027e+02 -1.011961e+02 1.201909e+01
      vertex   1.262932e+02 -1.085352e+02 1.449082e+01
      vertex   1.254207e+02 -1.035612e+02 1.445534e+01
    endloop
  endfacet
  facet normal -1.702096e-01 -3.688262e-02 -9.847174e-01
    outer loop
      vertex   5.708260e+01 -1.504772e+02 2.802490e+01
      vertex   7.347944e+01 -1.383099e+02 2.473496e+01
      vertex   9.763270e+01 -1.305314e+02 2.026870e+01
    endloop
  endfacet
  facet normal -1.702096e-01 -3.688262e-02 -9.847174e-01
    outer loop
      vertex   9.763270e+01 -1.305314e+02 2.026870e+01
      vertex   7.347944e+01 -1.383099e+02 2.473496e+01
      vertex   8.597259e+01 -1.324565e+02 2.235627e+01
    endloop
  endfacet
  facet normal -1.702096e-01 -3.688262e-02 -9.847174e-01
    outer loop
      vertex   9.763270e+01 -1.305314e+02 2.026870e+01
      vertex   8.597259e+01 -1.324565e+02 2.235627e+01
      vertex   9.174968e+01 -1.287609e+02 2.121927e+01
    endloop
  endfacet
  facet normal -1.702096e-01 -3.688262e-02 -9.847174e-01
    outer loop
      vertex   9.174968e+01 -1.287609e+02 2.121927e+01
      vertex   8.597259e+01 -1.324565e+02 2.235627e+01
      vertex   8.012086e+01 -1.197494e+02 2.289180e+01
    endloop
  endfacet
  facet normal -1.702096e-01 -3.688262e-02 -9.847174e-01
    outer loop
      vertex   9.174968e+01 -1.287609e+02 2.121927e+01
      vertex   8.012086e+01 -1.197494e+02 2.289180e+01
      vertex   8.933080e+01 -1.149718e+02 2.112091e+01
    endloop
  endfacet
  facet normal -1.702096e-01 -3.688262e-02 -9.847174e-01
    outer loop
      vertex   8.933080e+01 -1.149718e+02 2.112091e+01
      vertex   8.012086e+01 -1.197494e+02 2.289180e+01
      vertex   8.399100e+01 -1.133134e+02 2.198178e+01
    endloop
  endfacet
  facet normal -1.702096e-01 -3.688262e-02 -9.847174e-01
    outer loop
      vertex   8.933080e+01 -1.149718e+02 2.112091e+01
      vertex   8.399100e+01 -1.133134e+02 2.198178e+01
      vertex   8.845828e+01 -1.099979e+02 2.108543e+01
    endloop
  endfacet
  facet normal -1.702096e-01 -3.688262e-02 -9.847174e-01
    outer loop
      vertex   8.845828e+01 -1.099979e+02 2.108543e+01
      vertex   8.399100e+01 -1.133134e+02 2.198178e+01
      vertex   8.157212e+01 -9.952426e+01 2.188342e+01
    endloop
  endfacet
  facet normal -1.702096e-01 -3.688262e-02 -9.847174e-01
    outer loop
      vertex   8.845828e+01 -1.099979e+02 2.108543e+01
      vertex   8.157212e+01 -9.952426e+01 2.188342e+01
      vertex   8.603940e+01 -9.620877e+01 2.098706e+01
    endloop
  endfacet
  facet normal -1.702096e-01 -3.688262e-02 -9.847174e-01
    outer loop
      vertex   8.603940e+01 -9.620877e+01 2.098706e+01
      vertex   8.157212e+01 -9.952426e+01 2.188342e+01
      vertex   8.372753e+01 -9.582471e+01 2.137229e+01
    endloop
  endfacet
  facet normal -1.702096e-01 -3.688262e-02 -9.847174e-01
    outer loop
      vertex   8.603940e+01 -9.620877e+01 2.098706e+01
      vertex   8.372753e+01 -9.582471e+01 2.137229e+01
      vertex   8.399725e+01 -9.573970e+01 2.132248e+01
    endloop
  endfacet
  facet normal -1.702096e-01 -3.688262e-02 -9.847174e-01
    outer loop
      vertex   4.372548e+01 -1.342671e+02 2.972655e+01
      vertex   4.767839e+01 -1.365754e+02 2.912974e+01
      vertex   5.708260e+01 -1.504772e+02 2.802490e+01
    endloop
  endfacet
  facet normal -1.702096e-01 -3.688262e-02 -9.847174e-01
    outer loop
      vertex   5.708260e+01 -1.504772e+02 2.802490e+01
      vertex   4.767839e+01 -1.365754e+02 2.912974e+01
      vertex   5.656420e+01 -1.473345e+02 2.799680e+01
    endloop
  endfacet
  facet normal -1.702096e-01 -3.688262e-02 -9.847174e-01
    outer loop
      vertex   5.708260e+01 -1.504772e+02 2.802490e+01
      vertex   5.656420e+01 -1.473345e+02 2.799680e+01
      vertex   6.711712e+01 -1.383916e+02 2.583776e+01
    endloop
  endfacet
  facet normal -1.702096e-01 -3.688262e-02 -9.847174e-01
    outer loop
      vertex   4.362095e+01 -1.340566e+02 2.973673e+01
      vertex   4.351679e+01 -1.336579e+02 2.973980e+01
      vertex   4.372548e+01 -1.342671e+02 2.972655e+01
    endloop
  endfacet
  facet normal -1.702096e-01 -3.688262e-02 -9.847174e-01
    outer loop
      vertex   4.372548e+01 -1.342671e+02 2.972655e+01
      vertex   4.351679e+01 -1.336579e+02 2.973980e+01
      vertex   4.348315e+01 -1.332577e+02 2.973063e+01
    endloop
  endfacet
  facet normal -1.702096e-01 -3.688262e-02 -9.847174e-01
    outer loop
      vertex   4.372548e+01 -1.342671e+02 2.972655e+01
      vertex   4.348315e+01 -1.332577e+02 2.973063e+01
      vertex   4.767839e+01 -1.365754e+02 2.912974e+01
    endloop
  endfacet
  facet normal -1.702096e-01 -3.688262e-02 -9.847174e-01
    outer loop
      vertex   4.767839e+01 -1.365754e+02 2.912974e+01
      vertex   4.348315e+01 -1.332577e+02 2.973063e+01
      vertex   5.823131e+01 -1.276325e+02 2.697070e+01
    endloop
  endfacet
  facet normal -1.702096e-01 -3.688262e-02 -9.847174e-01
    outer loop
      vertex   5.823131e+01 -1.276325e+02 2.697070e+01
      vertex   4.348315e+01 -1.332577e+02 2.973063e+01
      vertex   4.760498e+01 -1.206085e+02 2.854439e+01
    endloop
  endfacet
  facet normal -1.702096e-01 -3.688262e-02 -9.847174e-01
    outer loop
      vertex   5.823131e+01 -1.276325e+02 2.697070e+01
      vertex   4.760498e+01 -1.206085e+02 2.854439e+01
      vertex   5.979928e+01 -1.224490e+02 2.650552e+01
    endloop
  endfacet
  facet normal -1.702096e-01 -3.688262e-02 -9.847174e-01
    outer loop
      vertex   5.979928e+01 -1.224490e+02 2.650552e+01
      vertex   4.760498e+01 -1.206085e+02 2.854439e+01
      vertex   5.978471e+01 -1.221231e+02 2.649584e+01
    endloop
  endfacet
  facet normal -1.702096e-01 -3.688262e-02 -9.847174e-01
    outer loop
      vertex   5.978471e+01 -1.221231e+02 2.649584e+01
      vertex   4.760498e+01 -1.206085e+02 2.854439e+01
      vertex   5.985377e+01 -1.218051e+02 2.647199e+01
    endloop
  endfacet
  facet normal -1.702096e-01 -3.688262e-02 -9.847174e-01
    outer loop
      vertex   5.985377e+01 -1.218051e+02 2.647199e+01
      vertex   4.760498e+01 -1.206085e+02 2.854439e+01
      vertex   6.000176e+01 -1.215165e+02 2.643560e+01
    endloop
  endfacet
  facet normal -1.702096e-01 -3.688262e-02 -9.847174e-01
    outer loop
      vertex   6.000176e+01 -1.215165e+02 2.643560e+01
      vertex   4.760498e+01 -1.206085e+02 2.854439e+01
      vertex   6.021859e+01 -1.212772e+02 2.638916e+01
    endloop
  endfacet
  facet normal -1.702096e-01 -3.688262e-02 -9.847174e-01
    outer loop
      vertex   6.021859e+01 -1.212772e+02 2.638916e+01
      vertex   4.760498e+01 -1.206085e+02 2.854439e+01
      vertex   6.048949e+01 -1.211032e+02 2.633582e+01
    endloop
  endfacet
  facet normal -1.702096e-01 -3.688262e-02 -9.847174e-01
    outer loop
      vertex   6.048949e+01 -1.211032e+02 2.633582e+01
      vertex   4.760498e+01 -1.206085e+02 2.854439e+01
      vertex   6.079599e+01 -1.210066e+02 2.627922e+01
    endloop
  endfacet
  facet normal -1.702096e-01 -3.688262e-02 -9.847174e-01
    outer loop
      vertex   6.079599e+01 -1.210066e+02 2.627922e+01
      vertex   4.760498e+01 -1.206085e+02 2.854439e+01
      vertex   6.785310e+01 -1.170824e+02 2.491241e+01
    endloop
  endfacet
  facet normal -1.702096e-01 -3.688262e-02 -9.847174e-01
    outer loop
      vertex   6.079599e+01 -1.210066e+02 2.627922e+01
      vertex   6.785310e+01 -1.170824e+02 2.491241e+01
      vertex   6.111721e+01 -1.209939e+02 2.622322e+01
    endloop
  endfacet
  facet normal -1.702096e-01 -3.688262e-02 -9.847174e-01
    outer loop
      vertex   6.111721e+01 -1.209939e+02 2.622322e+01
      vertex   6.785310e+01 -1.170824e+02 2.491241e+01
      vertex   6.143127e+01 -1.210660e+02 2.617163e+01
    endloop
  endfacet
  facet normal -1.702096e-01 -3.688262e-02 -9.847174e-01
    outer loop
      vertex   6.143127e+01 -1.210660e+02 2.617163e+01
      vertex   6.785310e+01 -1.170824e+02 2.491241e+01
      vertex   6.171674e+01 -1.212179e+02 2.612798e+01
    endloop
  endfacet
  facet normal -1.702096e-01 -3.688262e-02 -9.847174e-01
    outer loop
      vertex   6.171674e+01 -1.212179e+02 2.612798e+01
      vertex   6.785310e+01 -1.170824e+02 2.491241e+01
      vertex   6.195419e+01 -1.214393e+02 2.609523e+01
    endloop
  endfacet
  facet normal -1.702096e-01 -3.688262e-02 -9.847174e-01
    outer loop
      vertex   6.195419e+01 -1.214393e+02 2.609523e+01
      vertex   6.785310e+01 -1.170824e+02 2.491241e+01
      vertex   6.212742e+01 -1.217152e+02 2.607562e+01
    endloop
  endfacet
  facet normal -1.702096e-01 -3.688262e-02 -9.847174e-01
    outer loop
      vertex   6.212742e+01 -1.217152e+02 2.607562e+01
      vertex   6.785310e+01 -1.170824e+02 2.491241e+01
      vertex   6.222464e+01 -1.220266e+02 2.607048e+01
    endloop
  endfacet
  facet normal -1.702096e-01 -3.688262e-02 -9.847174e-01
    outer loop
      vertex   6.222464e+01 -1.220266e+02 2.607048e+01
      vertex   6.785310e+01 -1.170824e+02 2.491241e+01
      vertex   6.762771e+01 -1.256028e+02 2.527050e+01
    endloop
  endfacet
  facet normal -1.702096e-01 -3.688262e-02 -9.847174e-01
    outer loop
      vertex   6.222464e+01 -1.220266e+02 2.607048e+01
      vertex   6.762771e+01 -1.256028e+02 2.527050e+01
      vertex   6.223922e+01 -1.223525e+02 2.608016e+01
    endloop
  endfacet
  facet normal -1.702096e-01 -3.688262e-02 -9.847174e-01
    outer loop
      vertex   6.223922e+01 -1.223525e+02 2.608016e+01
      vertex   6.762771e+01 -1.256028e+02 2.527050e+01
      vertex   6.217016e+01 -1.226705e+02 2.610401e+01
    endloop
  endfacet
  facet normal -1.702096e-01 -3.688262e-02 -9.847174e-01
    outer loop
      vertex   6.217016e+01 -1.226705e+02 2.610401e+01
      vertex   6.762771e+01 -1.256028e+02 2.527050e+01
      vertex   6.202217e+01 -1.229590e+02 2.614040e+01
    endloop
  endfacet
  facet normal -1.702096e-01 -3.688262e-02 -9.847174e-01
    outer loop
      vertex   6.202217e+01 -1.229590e+02 2.614040e+01
      vertex   6.762771e+01 -1.256028e+02 2.527050e+01
      vertex   6.180534e+01 -1.231984e+02 2.618685e+01
    endloop
  endfacet
  facet normal -1.702096e-01 -3.688262e-02 -9.847174e-01
    outer loop
      vertex   6.180534e+01 -1.231984e+02 2.618685e+01
      vertex   6.762771e+01 -1.256028e+02 2.527050e+01
      vertex   6.153444e+01 -1.233724e+02 2.624019e+01
    endloop
  endfacet
  facet normal -1.702096e-01 -3.688262e-02 -9.847174e-01
    outer loop
      vertex   6.153444e+01 -1.233724e+02 2.624019e+01
      vertex   6.762771e+01 -1.256028e+02 2.527050e+01
      vertex   5.823131e+01 -1.276325e+02 2.697070e+01
    endloop
  endfacet
  facet normal -1.702096e-01 -3.688262e-02 -9.847174e-01
    outer loop
      vertex   6.153444e+01 -1.233724e+02 2.624019e+01
      vertex   5.823131e+01 -1.276325e+02 2.697070e+01
      vertex   6.122793e+01 -1.234690e+02 2.629678e+01
    endloop
  endfacet
  facet normal -1.702096e-01 -3.688262e-02 -9.847174e-01
    outer loop
      vertex   6.122793e+01 -1.234690e+02 2.629678e+01
      vertex   5.823131e+01 -1.276325e+02 2.697070e+01
      vertex   6.090671e+01 -1.234817e+02 2.635278e+01
    endloop
  endfacet
  facet normal -1.702096e-01 -3.688262e-02 -9.847174e-01
    outer loop
      vertex   6.090671e+01 -1.234817e+02 2.635278e+01
      vertex   5.823131e+01 -1.276325e+02 2.697070e+01
      vertex   6.059266e+01 -1.234096e+02 2.640437e+01
    endloop
  endfacet
  facet normal -1.702096e-01 -3.688262e-02 -9.847174e-01
    outer loop
      vertex   6.059266e+01 -1.234096e+02 2.640437e+01
      vertex   5.823131e+01 -1.276325e+02 2.697070e+01
      vertex   6.030718e+01 -1.232577e+02 2.644802e+01
    endloop
  endfacet
  facet normal -1.702096e-01 -3.688262e-02 -9.847174e-01
    outer loop
      vertex   6.030718e+01 -1.232577e+02 2.644802e+01
      vertex   5.823131e+01 -1.276325e+02 2.697070e+01
      vertex   6.006974e+01 -1.230363e+02 2.648077e+01
    endloop
  endfacet
  facet normal -1.702096e-01 -3.688262e-02 -9.847174e-01
    outer loop
      vertex   6.006974e+01 -1.230363e+02 2.648077e+01
      vertex   5.823131e+01 -1.276325e+02 2.697070e+01
      vertex   5.989650e+01 -1.227604e+02 2.650038e+01
    endloop
  endfacet
  facet normal -1.702096e-01 -3.688262e-02 -9.847174e-01
    outer loop
      vertex   5.989650e+01 -1.227604e+02 2.650038e+01
      vertex   5.823131e+01 -1.276325e+02 2.697070e+01
      vertex   5.979928e+01 -1.224490e+02 2.650552e+01
    endloop
  endfacet
  facet normal -1.702096e-01 -3.688262e-02 -9.847174e-01
    outer loop
      vertex   4.351679e+01 -1.336579e+02 2.973980e+01
      vertex   4.347927e+01 -1.334439e+02 2.973828e+01
      vertex   4.348315e+01 -1.332577e+02 2.973063e+01
    endloop
  endfacet
  facet normal -1.702096e-01 -3.688262e-02 -9.847174e-01
    outer loop
      vertex   5.445584e+01 -4.070979e+01 2.436760e+01
      vertex   6.382620e+01 -7.815247e+01 2.415034e+01
      vertex   6.785310e+01 -1.170824e+02 2.491241e+01
    endloop
  endfacet
  facet normal -1.702096e-01 -3.688262e-02 -9.847174e-01
    outer loop
      vertex   6.785310e+01 -1.170824e+02 2.491241e+01
      vertex   6.382620e+01 -7.815247e+01 2.415034e+01
      vertex   6.469872e+01 -8.312640e+01 2.418582e+01
    endloop
  endfacet
  facet normal -1.702096e-01 -3.688262e-02 -9.847174e-01
    outer loop
      vertex   6.785310e+01 -1.170824e+02 2.491241e+01
      vertex   6.469872e+01 -8.312640e+01 2.418582e+01
      vertex   6.711760e+01 -9.691550e+01 2.428419e+01
    endloop
  endfacet
  facet normal -1.702096e-01 -3.688262e-02 -9.847174e-01
    outer loop
      vertex   7.589034e+01 -5.688948e+01 2.126863e+01
      vertex   7.590492e+01 -5.721533e+01 2.127832e+01
      vertex   7.411679e+01 -5.702427e+01 2.158024e+01
    endloop
  endfacet
  facet normal -1.702096e-01 -3.688262e-02 -9.847174e-01
    outer loop
      vertex   7.411679e+01 -5.702427e+01 2.158024e+01
      vertex   7.590492e+01 -5.721533e+01 2.127832e+01
      vertex   7.600214e+01 -5.752678e+01 2.127318e+01
    endloop
  endfacet
  facet normal -1.702096e-01 -3.688262e-02 -9.847174e-01
    outer loop
      vertex   7.411679e+01 -5.702427e+01 2.158024e+01
      vertex   7.600214e+01 -5.752678e+01 2.127318e+01
      vertex   7.617537e+01 -5.780262e+01 2.125357e+01
    endloop
  endfacet
  facet normal -1.702096e-01 -3.688262e-02 -9.847174e-01
    outer loop
      vertex   7.411679e+01 -5.702427e+01 2.158024e+01
      vertex   7.617537e+01 -5.780262e+01 2.125357e+01
      vertex   7.498932e+01 -6.199820e+01 2.161572e+01
    endloop
  endfacet
  facet normal -1.702096e-01 -3.688262e-02 -9.847174e-01
    outer loop
      vertex   7.498932e+01 -6.199820e+01 2.161572e+01
      vertex   7.617537e+01 -5.780262e+01 2.125357e+01
      vertex   7.641282e+01 -5.802404e+01 2.122082e+01
    endloop
  endfacet
  facet normal -1.702096e-01 -3.688262e-02 -9.847174e-01
    outer loop
      vertex   7.498932e+01 -6.199820e+01 2.161572e+01
      vertex   7.641282e+01 -5.802404e+01 2.122082e+01
      vertex   7.669829e+01 -5.817596e+01 2.117716e+01
    endloop
  endfacet
  facet normal -1.702096e-01 -3.688262e-02 -9.847174e-01
    outer loop
      vertex   7.669829e+01 -5.817596e+01 2.117716e+01
      vertex   7.701234e+01 -5.824803e+01 2.112558e+01
      vertex   7.498932e+01 -6.199820e+01 2.161572e+01
    endloop
  endfacet
  facet normal -1.702096e-01 -3.688262e-02 -9.847174e-01
    outer loop
      vertex   7.498932e+01 -6.199820e+01 2.161572e+01
      vertex   7.701234e+01 -5.824803e+01 2.112558e+01
      vertex   7.733357e+01 -5.823532e+01 2.106958e+01
    endloop
  endfacet
  facet normal -1.702096e-01 -3.688262e-02 -9.847174e-01
    outer loop
      vertex   7.498932e+01 -6.199820e+01 2.161572e+01
      vertex   7.733357e+01 -5.823532e+01 2.106958e+01
      vertex   7.945659e+01 -5.868271e+01 2.071937e+01
    endloop
  endfacet
  facet normal -1.702096e-01 -3.688262e-02 -9.847174e-01
    outer loop
      vertex   7.945659e+01 -5.868271e+01 2.071937e+01
      vertex   7.733357e+01 -5.823532e+01 2.106958e+01
      vertex   7.764007e+01 -5.813871e+01 2.101298e+01
    endloop
  endfacet
  facet normal -1.702096e-01 -3.688262e-02 -9.847174e-01
    outer loop
      vertex   7.945659e+01 -5.868271e+01 2.071937e+01
      vertex   7.764007e+01 -5.813871e+01 2.101298e+01
      vertex   7.791097e+01 -5.796479e+01 2.095964e+01
    endloop
  endfacet
  facet normal -1.702096e-01 -3.688262e-02 -9.847174e-01
    outer loop
      vertex   7.791097e+01 -5.796479e+01 2.095964e+01
      vertex   7.812780e+01 -5.772539e+01 2.091319e+01
      vertex   7.945659e+01 -5.868271e+01 2.071937e+01
    endloop
  endfacet
  facet normal -1.702096e-01 -3.688262e-02 -9.847174e-01
    outer loop
      vertex   7.945659e+01 -5.868271e+01 2.071937e+01
      vertex   7.812780e+01 -5.772539e+01 2.091319e+01
      vertex   7.827579e+01 -5.743685e+01 2.087681e+01
    endloop
  endfacet
  facet normal -1.702096e-01 -3.688262e-02 -9.847174e-01
    outer loop
      vertex   7.945659e+01 -5.868271e+01 2.071937e+01
      vertex   7.827579e+01 -5.743685e+01 2.087681e+01
      vertex   7.834485e+01 -5.711882e+01 2.085296e+01
    endloop
  endfacet
  facet normal -1.702096e-01 -3.688262e-02 -9.847174e-01
    outer loop
      vertex   7.834485e+01 -5.711882e+01 2.085296e+01
      vertex   7.833027e+01 -5.679297e+01 2.084327e+01
      vertex   7.945659e+01 -5.868271e+01 2.071937e+01
    endloop
  endfacet
  facet normal -1.702096e-01 -3.688262e-02 -9.847174e-01
    outer loop
      vertex   7.945659e+01 -5.868271e+01 2.071937e+01
      vertex   7.833027e+01 -5.679297e+01 2.084327e+01
      vertex   9.216607e+01 -5.134362e+01 1.824763e+01
    endloop
  endfacet
  facet normal -1.702096e-01 -3.688262e-02 -9.847174e-01
    outer loop
      vertex   7.945659e+01 -5.868271e+01 2.071937e+01
      vertex   9.216607e+01 -5.134362e+01 1.824763e+01
      vertex   9.303859e+01 -5.631754e+01 1.828311e+01
    endloop
  endfacet
  facet normal -1.702096e-01 -3.688262e-02 -9.847174e-01
    outer loop
      vertex   9.216607e+01 -5.134362e+01 1.824763e+01
      vertex   7.833027e+01 -5.679297e+01 2.084327e+01
      vertex   7.858407e+01 -5.370878e+01 2.068388e+01
    endloop
  endfacet
  facet normal -1.702096e-01 -3.688262e-02 -9.847174e-01
    outer loop
      vertex   7.858407e+01 -5.370878e+01 2.068388e+01
      vertex   7.833027e+01 -5.679297e+01 2.084327e+01
      vertex   7.823306e+01 -5.648152e+01 2.084841e+01
    endloop
  endfacet
  facet normal -1.702096e-01 -3.688262e-02 -9.847174e-01
    outer loop
      vertex   7.858407e+01 -5.370878e+01 2.068388e+01
      vertex   7.823306e+01 -5.648152e+01 2.084841e+01
      vertex   7.805982e+01 -5.620568e+01 2.086802e+01
    endloop
  endfacet
  facet normal -1.702096e-01 -3.688262e-02 -9.847174e-01
    outer loop
      vertex   7.805982e+01 -5.620568e+01 2.086802e+01
      vertex   7.782237e+01 -5.598426e+01 2.090077e+01
      vertex   7.858407e+01 -5.370878e+01 2.068388e+01
    endloop
  endfacet
  facet normal -1.702096e-01 -3.688262e-02 -9.847174e-01
    outer loop
      vertex   7.858407e+01 -5.370878e+01 2.068388e+01
      vertex   7.782237e+01 -5.598426e+01 2.090077e+01
      vertex   7.753690e+01 -5.583234e+01 2.094443e+01
    endloop
  endfacet
  facet normal -1.702096e-01 -3.688262e-02 -9.847174e-01
    outer loop
      vertex   7.858407e+01 -5.370878e+01 2.068388e+01
      vertex   7.753690e+01 -5.583234e+01 2.094443e+01
      vertex   7.722285e+01 -5.576028e+01 2.099601e+01
    endloop
  endfacet
  facet normal -1.702096e-01 -3.688262e-02 -9.847174e-01
    outer loop
      vertex   7.722285e+01 -5.576028e+01 2.099601e+01
      vertex   7.690163e+01 -5.577298e+01 2.105201e+01
      vertex   7.858407e+01 -5.370878e+01 2.068388e+01
    endloop
  endfacet
  facet normal -1.702096e-01 -3.688262e-02 -9.847174e-01
    outer loop
      vertex   7.858407e+01 -5.370878e+01 2.068388e+01
      vertex   7.690163e+01 -5.577298e+01 2.105201e+01
      vertex   7.659512e+01 -5.586959e+01 2.110861e+01
    endloop
  endfacet
  facet normal -1.702096e-01 -3.688262e-02 -9.847174e-01
    outer loop
      vertex   7.858407e+01 -5.370878e+01 2.068388e+01
      vertex   7.659512e+01 -5.586959e+01 2.110861e+01
      vertex   7.169792e+01 -4.323517e+01 2.148188e+01
    endloop
  endfacet
  facet normal -1.702096e-01 -3.688262e-02 -9.847174e-01
    outer loop
      vertex   7.169792e+01 -4.323517e+01 2.148188e+01
      vertex   7.659512e+01 -5.586959e+01 2.110861e+01
      vertex   7.411679e+01 -5.702427e+01 2.158024e+01
    endloop
  endfacet
  facet normal -1.702096e-01 -3.688262e-02 -9.847174e-01
    outer loop
      vertex   7.411679e+01 -5.702427e+01 2.158024e+01
      vertex   7.659512e+01 -5.586959e+01 2.110861e+01
      vertex   7.632422e+01 -5.604351e+01 2.116195e+01
    endloop
  endfacet
  facet normal -1.702096e-01 -3.688262e-02 -9.847174e-01
    outer loop
      vertex   7.411679e+01 -5.702427e+01 2.158024e+01
      vertex   7.632422e+01 -5.604351e+01 2.116195e+01
      vertex   7.610739e+01 -5.628291e+01 2.120840e+01
    endloop
  endfacet
  facet normal -1.702096e-01 -3.688262e-02 -9.847174e-01
    outer loop
      vertex   7.610739e+01 -5.628291e+01 2.120840e+01
      vertex   7.595940e+01 -5.657145e+01 2.124478e+01
      vertex   7.411679e+01 -5.702427e+01 2.158024e+01
    endloop
  endfacet
  facet normal -1.702096e-01 -3.688262e-02 -9.847174e-01
    outer loop
      vertex   7.411679e+01 -5.702427e+01 2.158024e+01
      vertex   7.595940e+01 -5.657145e+01 2.124478e+01
      vertex   7.589034e+01 -5.688948e+01 2.126863e+01
    endloop
  endfacet
  facet normal -1.702096e-01 -3.688262e-02 -9.847174e-01
    outer loop
      vertex   1.566334e+02 -8.663288e+01 8.426144e+00
      vertex   1.559117e+02 -8.901483e+01 8.640106e+00
      vertex   1.565361e+02 -8.632143e+01 8.431283e+00
    endloop
  endfacet
  facet normal -1.702096e-01 -3.688262e-02 -9.847174e-01
    outer loop
      vertex   1.565361e+02 -8.632143e+01 8.431283e+00
      vertex   1.559117e+02 -8.901483e+01 8.640106e+00
      vertex   1.550391e+02 -8.404091e+01 8.604625e+00
    endloop
  endfacet
  facet normal -1.702096e-01 -3.688262e-02 -9.847174e-01
    outer loop
      vertex   1.565361e+02 -8.632143e+01 8.431283e+00
      vertex   1.550391e+02 -8.404091e+01 8.604625e+00
      vertex   1.565216e+02 -8.599558e+01 8.421598e+00
    endloop
  endfacet
  facet normal -1.702096e-01 -3.688262e-02 -9.847174e-01
    outer loop
      vertex   1.565216e+02 -8.599558e+01 8.421598e+00
      vertex   1.550391e+02 -8.404091e+01 8.604625e+00
      vertex   1.565906e+02 -8.567755e+01 8.397749e+00
    endloop
  endfacet
  facet normal -1.702096e-01 -3.688262e-02 -9.847174e-01
    outer loop
      vertex   1.565906e+02 -8.567755e+01 8.397749e+00
      vertex   1.550391e+02 -8.404091e+01 8.604625e+00
      vertex   1.567386e+02 -8.538901e+01 8.361361e+00
    endloop
  endfacet
  facet normal -1.702096e-01 -3.688262e-02 -9.847174e-01
    outer loop
      vertex   1.567386e+02 -8.538901e+01 8.361361e+00
      vertex   1.550391e+02 -8.404091e+01 8.604625e+00
      vertex   1.569554e+02 -8.514962e+01 8.314915e+00
    endloop
  endfacet
  facet normal -1.702096e-01 -3.688262e-02 -9.847174e-01
    outer loop
      vertex   1.569554e+02 -8.514962e+01 8.314915e+00
      vertex   1.550391e+02 -8.404091e+01 8.604625e+00
      vertex   1.572263e+02 -8.497569e+01 8.261576e+00
    endloop
  endfacet
  facet normal -1.702096e-01 -3.688262e-02 -9.847174e-01
    outer loop
      vertex   1.572263e+02 -8.497569e+01 8.261576e+00
      vertex   1.550391e+02 -8.404091e+01 8.604625e+00
      vertex   1.575328e+02 -8.487908e+01 8.204977e+00
    endloop
  endfacet
  facet normal -1.702096e-01 -3.688262e-02 -9.847174e-01
    outer loop
      vertex   1.575328e+02 -8.487908e+01 8.204977e+00
      vertex   1.550391e+02 -8.404091e+01 8.604625e+00
      vertex   1.599384e+02 -8.318776e+01 7.725834e+00
    endloop
  endfacet
  facet normal -1.702096e-01 -3.688262e-02 -9.847174e-01
    outer loop
      vertex   1.575328e+02 -8.487908e+01 8.204977e+00
      vertex   1.599384e+02 -8.318776e+01 7.725834e+00
      vertex   1.578541e+02 -8.486638e+01 8.148978e+00
    endloop
  endfacet
  facet normal -1.702096e-01 -3.688262e-02 -9.847174e-01
    outer loop
      vertex   1.578541e+02 -8.486638e+01 8.148978e+00
      vertex   1.599384e+02 -8.318776e+01 7.725834e+00
      vertex   1.581681e+02 -8.493844e+01 8.097393e+00
    endloop
  endfacet
  facet normal -1.702096e-01 -3.688262e-02 -9.847174e-01
    outer loop
      vertex   1.581681e+02 -8.493844e+01 8.097393e+00
      vertex   1.599384e+02 -8.318776e+01 7.725834e+00
      vertex   1.584536e+02 -8.509036e+01 8.053738e+00
    endloop
  endfacet
  facet normal -1.702096e-01 -3.688262e-02 -9.847174e-01
    outer loop
      vertex   1.584536e+02 -8.509036e+01 8.053738e+00
      vertex   1.599384e+02 -8.318776e+01 7.725834e+00
      vertex   1.586910e+02 -8.531178e+01 8.020989e+00
    endloop
  endfacet
  facet normal -1.702096e-01 -3.688262e-02 -9.847174e-01
    outer loop
      vertex   1.586910e+02 -8.531178e+01 8.020989e+00
      vertex   1.599384e+02 -8.318776e+01 7.725834e+00
      vertex   1.588643e+02 -8.558762e+01 8.001376e+00
    endloop
  endfacet
  facet normal -1.702096e-01 -3.688262e-02 -9.847174e-01
    outer loop
      vertex   1.588643e+02 -8.558762e+01 8.001376e+00
      vertex   1.599384e+02 -8.318776e+01 7.725834e+00
      vertex   1.589615e+02 -8.589908e+01 7.996238e+00
    endloop
  endfacet
  facet normal -1.702096e-01 -3.688262e-02 -9.847174e-01
    outer loop
      vertex   1.589615e+02 -8.589908e+01 7.996238e+00
      vertex   1.599384e+02 -8.318776e+01 7.725834e+00
      vertex   1.608109e+02 -8.816168e+01 7.761315e+00
    endloop
  endfacet
  facet normal -1.702096e-01 -3.688262e-02 -9.847174e-01
    outer loop
      vertex   1.589615e+02 -8.589908e+01 7.996238e+00
      vertex   1.608109e+02 -8.816168e+01 7.761315e+00
      vertex   1.589761e+02 -8.622492e+01 8.005923e+00
    endloop
  endfacet
  facet normal -1.702096e-01 -3.688262e-02 -9.847174e-01
    outer loop
      vertex   1.589761e+02 -8.622492e+01 8.005923e+00
      vertex   1.608109e+02 -8.816168e+01 7.761315e+00
      vertex   1.589070e+02 -8.654295e+01 8.029771e+00
    endloop
  endfacet
  facet normal -1.702096e-01 -3.688262e-02 -9.847174e-01
    outer loop
      vertex   1.589070e+02 -8.654295e+01 8.029771e+00
      vertex   1.608109e+02 -8.816168e+01 7.761315e+00
      vertex   1.587590e+02 -8.683150e+01 8.066159e+00
    endloop
  endfacet
  facet normal -1.702096e-01 -3.688262e-02 -9.847174e-01
    outer loop
      vertex   1.587590e+02 -8.683150e+01 8.066159e+00
      vertex   1.608109e+02 -8.816168e+01 7.761315e+00
      vertex   1.585422e+02 -8.707089e+01 8.112605e+00
    endloop
  endfacet
  facet normal -1.702096e-01 -3.688262e-02 -9.847174e-01
    outer loop
      vertex   1.585422e+02 -8.707089e+01 8.112605e+00
      vertex   1.608109e+02 -8.816168e+01 7.761315e+00
      vertex   1.582713e+02 -8.724482e+01 8.165944e+00
    endloop
  endfacet
  facet normal -1.702096e-01 -3.688262e-02 -9.847174e-01
    outer loop
      vertex   1.582713e+02 -8.724482e+01 8.165944e+00
      vertex   1.608109e+02 -8.816168e+01 7.761315e+00
      vertex   1.579648e+02 -8.734142e+01 8.222543e+00
    endloop
  endfacet
  facet normal -1.702096e-01 -3.688262e-02 -9.847174e-01
    outer loop
      vertex   1.579648e+02 -8.734142e+01 8.222543e+00
      vertex   1.608109e+02 -8.816168e+01 7.761315e+00
      vertex   1.559117e+02 -8.901483e+01 8.640106e+00
    endloop
  endfacet
  facet normal -1.702096e-01 -3.688262e-02 -9.847174e-01
    outer loop
      vertex   1.579648e+02 -8.734142e+01 8.222543e+00
      vertex   1.559117e+02 -8.901483e+01 8.640106e+00
      vertex   1.576436e+02 -8.735413e+01 8.278542e+00
    endloop
  endfacet
  facet normal -1.702096e-01 -3.688262e-02 -9.847174e-01
    outer loop
      vertex   1.576436e+02 -8.735413e+01 8.278542e+00
      vertex   1.559117e+02 -8.901483e+01 8.640106e+00
      vertex   1.573295e+02 -8.728207e+01 8.330127e+00
    endloop
  endfacet
  facet normal -1.702096e-01 -3.688262e-02 -9.847174e-01
    outer loop
      vertex   1.573295e+02 -8.728207e+01 8.330127e+00
      vertex   1.559117e+02 -8.901483e+01 8.640106e+00
      vertex   1.570440e+02 -8.713015e+01 8.373782e+00
    endloop
  endfacet
  facet normal -1.702096e-01 -3.688262e-02 -9.847174e-01
    outer loop
      vertex   1.570440e+02 -8.713015e+01 8.373782e+00
      vertex   1.559117e+02 -8.901483e+01 8.640106e+00
      vertex   1.568066e+02 -8.690872e+01 8.406531e+00
    endloop
  endfacet
  facet normal -1.702096e-01 -3.688262e-02 -9.847174e-01
    outer loop
      vertex   1.568066e+02 -8.690872e+01 8.406531e+00
      vertex   1.559117e+02 -8.901483e+01 8.640106e+00
      vertex   1.566334e+02 -8.663288e+01 8.426144e+00
    endloop
  endfacet
  facet normal -1.702096e-01 -3.688262e-02 -9.847174e-01
    outer loop
      vertex   1.484563e+02 -4.651485e+01 8.336930e+00
      vertex   1.357469e+02 -5.385394e+01 1.080866e+01
      vertex   1.348743e+02 -4.888002e+01 1.077318e+01
    endloop
  endfacet
  facet normal -1.702096e-01 -3.688262e-02 -9.847174e-01
    outer loop
      vertex   1.348743e+02 -4.888002e+01 1.077318e+01
      vertex   1.357469e+02 -5.385394e+01 1.080866e+01
      vertex   1.300010e+02 -4.988091e+01 1.165303e+01
    endloop
  endfacet
  facet normal -1.702096e-01 -3.688262e-02 -9.847174e-01
    outer loop
      vertex   1.348743e+02 -4.888002e+01 1.077318e+01
      vertex   1.300010e+02 -4.988091e+01 1.165303e+01
      vertex   1.291285e+02 -4.490698e+01 1.161755e+01
    endloop
  endfacet
  facet normal -1.702096e-01 -3.688262e-02 -9.847174e-01
    outer loop
      vertex   1.291285e+02 -4.490698e+01 1.161755e+01
      vertex   1.300010e+02 -4.988091e+01 1.165303e+01
      vertex   1.164190e+02 -5.224607e+01 1.408928e+01
    endloop
  endfacet
  facet normal -1.702096e-01 -3.688262e-02 -9.847174e-01
    outer loop
      vertex   1.291285e+02 -4.490698e+01 1.161755e+01
      vertex   1.164190e+02 -5.224607e+01 1.408928e+01
      vertex   1.155465e+02 -4.727215e+01 1.405380e+01
    endloop
  endfacet
  facet normal -1.702096e-01 -3.688262e-02 -9.847174e-01
    outer loop
      vertex   1.460375e+02 -3.272574e+01 8.238565e+00
      vertex   1.509367e+02 -3.187259e+01 7.359774e+00
      vertex   1.484563e+02 -4.651485e+01 8.336930e+00
    endloop
  endfacet
  facet normal -1.702096e-01 -3.688262e-02 -9.847174e-01
    outer loop
      vertex   1.484563e+02 -4.651485e+01 8.336930e+00
      vertex   1.509367e+02 -3.187259e+01 7.359774e+00
      vertex   1.533556e+02 -4.566170e+01 7.458139e+00
    endloop
  endfacet
  facet normal -1.702096e-01 -3.688262e-02 -9.847174e-01
    outer loop
      vertex   1.484563e+02 -4.651485e+01 8.336930e+00
      vertex   1.533556e+02 -4.566170e+01 7.458139e+00
      vertex   1.508809e+02 -4.695905e+01 7.934473e+00
    endloop
  endfacet
  facet normal -1.702096e-01 -3.688262e-02 -9.847174e-01
    outer loop
      vertex   1.508809e+02 -4.695905e+01 7.934473e+00
      vertex   1.533556e+02 -4.566170e+01 7.458139e+00
      vertex   1.512022e+02 -4.694635e+01 7.878473e+00
    endloop
  endfacet
  facet normal -1.702096e-01 -3.688262e-02 -9.847174e-01
    outer loop
      vertex   1.512022e+02 -4.694635e+01 7.878473e+00
      vertex   1.533556e+02 -4.566170e+01 7.458139e+00
      vertex   1.515162e+02 -4.701841e+01 7.826888e+00
    endloop
  endfacet
  facet normal -1.702096e-01 -3.688262e-02 -9.847174e-01
    outer loop
      vertex   1.515162e+02 -4.701841e+01 7.826888e+00
      vertex   1.533556e+02 -4.566170e+01 7.458139e+00
      vertex   1.518017e+02 -4.717033e+01 7.783234e+00
    endloop
  endfacet
  facet normal -1.702096e-01 -3.688262e-02 -9.847174e-01
    outer loop
      vertex   1.518017e+02 -4.717033e+01 7.783234e+00
      vertex   1.533556e+02 -4.566170e+01 7.458139e+00
      vertex   1.520391e+02 -4.739175e+01 7.750484e+00
    endloop
  endfacet
  facet normal -1.702096e-01 -3.688262e-02 -9.847174e-01
    outer loop
      vertex   1.520391e+02 -4.739175e+01 7.750484e+00
      vertex   1.533556e+02 -4.566170e+01 7.458139e+00
      vertex   1.522124e+02 -4.766759e+01 7.730872e+00
    endloop
  endfacet
  facet normal -1.702096e-01 -3.688262e-02 -9.847174e-01
    outer loop
      vertex   1.522124e+02 -4.766759e+01 7.730872e+00
      vertex   1.533556e+02 -4.566170e+01 7.458139e+00
      vertex   1.523096e+02 -4.797905e+01 7.725733e+00
    endloop
  endfacet
  facet normal -1.702096e-01 -3.688262e-02 -9.847174e-01
    outer loop
      vertex   1.523096e+02 -4.797905e+01 7.725733e+00
      vertex   1.533556e+02 -4.566170e+01 7.458139e+00
      vertex   1.542281e+02 -5.063562e+01 7.493621e+00
    endloop
  endfacet
  facet normal -1.702096e-01 -3.688262e-02 -9.847174e-01
    outer loop
      vertex   1.523096e+02 -4.797905e+01 7.725733e+00
      vertex   1.542281e+02 -5.063562e+01 7.493621e+00
      vertex   1.523242e+02 -4.830489e+01 7.735418e+00
    endloop
  endfacet
  facet normal -1.702096e-01 -3.688262e-02 -9.847174e-01
    outer loop
      vertex   1.523242e+02 -4.830489e+01 7.735418e+00
      vertex   1.542281e+02 -5.063562e+01 7.493621e+00
      vertex   1.522551e+02 -4.862292e+01 7.759267e+00
    endloop
  endfacet
  facet normal -1.702096e-01 -3.688262e-02 -9.847174e-01
    outer loop
      vertex   1.522551e+02 -4.862292e+01 7.759267e+00
      vertex   1.542281e+02 -5.063562e+01 7.493621e+00
      vertex   1.521071e+02 -4.891147e+01 7.795654e+00
    endloop
  endfacet
  facet normal -1.702096e-01 -3.688262e-02 -9.847174e-01
    outer loop
      vertex   1.521071e+02 -4.891147e+01 7.795654e+00
      vertex   1.542281e+02 -5.063562e+01 7.493621e+00
      vertex   1.518903e+02 -4.915086e+01 7.842100e+00
    endloop
  endfacet
  facet normal -1.702096e-01 -3.688262e-02 -9.847174e-01
    outer loop
      vertex   1.518903e+02 -4.915086e+01 7.842100e+00
      vertex   1.542281e+02 -5.063562e+01 7.493621e+00
      vertex   1.516194e+02 -4.932478e+01 7.895440e+00
    endloop
  endfacet
  facet normal -1.702096e-01 -3.688262e-02 -9.847174e-01
    outer loop
      vertex   1.516194e+02 -4.932478e+01 7.895440e+00
      vertex   1.542281e+02 -5.063562e+01 7.493621e+00
      vertex   1.513129e+02 -4.942139e+01 7.952038e+00
    endloop
  endfacet
  facet normal -1.702096e-01 -3.688262e-02 -9.847174e-01
    outer loop
      vertex   1.513129e+02 -4.942139e+01 7.952038e+00
      vertex   1.542281e+02 -5.063562e+01 7.493621e+00
      vertex   1.493289e+02 -5.148877e+01 8.372412e+00
    endloop
  endfacet
  facet normal -1.702096e-01 -3.688262e-02 -9.847174e-01
    outer loop
      vertex   1.513129e+02 -4.942139e+01 7.952038e+00
      vertex   1.493289e+02 -5.148877e+01 8.372412e+00
      vertex   1.509917e+02 -4.943410e+01 8.008038e+00
    endloop
  endfacet
  facet normal -1.702096e-01 -3.688262e-02 -9.847174e-01
    outer loop
      vertex   1.509917e+02 -4.943410e+01 8.008038e+00
      vertex   1.493289e+02 -5.148877e+01 8.372412e+00
      vertex   1.506776e+02 -4.936203e+01 8.059623e+00
    endloop
  endfacet
  facet normal -1.702096e-01 -3.688262e-02 -9.847174e-01
    outer loop
      vertex   1.506776e+02 -4.936203e+01 8.059623e+00
      vertex   1.493289e+02 -5.148877e+01 8.372412e+00
      vertex   1.503921e+02 -4.921011e+01 8.103277e+00
    endloop
  endfacet
  facet normal -1.702096e-01 -3.688262e-02 -9.847174e-01
    outer loop
      vertex   1.503921e+02 -4.921011e+01 8.103277e+00
      vertex   1.493289e+02 -5.148877e+01 8.372412e+00
      vertex   1.501547e+02 -4.898869e+01 8.136027e+00
    endloop
  endfacet
  facet normal -1.702096e-01 -3.688262e-02 -9.847174e-01
    outer loop
      vertex   1.501547e+02 -4.898869e+01 8.136027e+00
      vertex   1.493289e+02 -5.148877e+01 8.372412e+00
      vertex   1.499814e+02 -4.871285e+01 8.155639e+00
    endloop
  endfacet
  facet normal -1.702096e-01 -3.688262e-02 -9.847174e-01
    outer loop
      vertex   1.499814e+02 -4.871285e+01 8.155639e+00
      vertex   1.493289e+02 -5.148877e+01 8.372412e+00
      vertex   1.498842e+02 -4.840140e+01 8.160778e+00
    endloop
  endfacet
  facet normal -1.702096e-01 -3.688262e-02 -9.847174e-01
    outer loop
      vertex   1.498842e+02 -4.840140e+01 8.160778e+00
      vertex   1.493289e+02 -5.148877e+01 8.372412e+00
      vertex   1.484563e+02 -4.651485e+01 8.336930e+00
    endloop
  endfacet
  facet normal -1.702096e-01 -3.688262e-02 -9.847174e-01
    outer loop
      vertex   1.498842e+02 -4.840140e+01 8.160778e+00
      vertex   1.484563e+02 -4.651485e+01 8.336930e+00
      vertex   1.498696e+02 -4.807555e+01 8.151093e+00
    endloop
  endfacet
  facet normal -1.702096e-01 -3.688262e-02 -9.847174e-01
    outer loop
      vertex   1.498696e+02 -4.807555e+01 8.151093e+00
      vertex   1.484563e+02 -4.651485e+01 8.336930e+00
      vertex   1.499387e+02 -4.775752e+01 8.127244e+00
    endloop
  endfacet
  facet normal -1.702096e-01 -3.688262e-02 -9.847174e-01
    outer loop
      vertex   1.499387e+02 -4.775752e+01 8.127244e+00
      vertex   1.484563e+02 -4.651485e+01 8.336930e+00
      vertex   1.500867e+02 -4.746898e+01 8.090857e+00
    endloop
  endfacet
  facet normal -1.702096e-01 -3.688262e-02 -9.847174e-01
    outer loop
      vertex   1.500867e+02 -4.746898e+01 8.090857e+00
      vertex   1.484563e+02 -4.651485e+01 8.336930e+00
      vertex   1.503035e+02 -4.722958e+01 8.044411e+00
    endloop
  endfacet
  facet normal -1.702096e-01 -3.688262e-02 -9.847174e-01
    outer loop
      vertex   1.503035e+02 -4.722958e+01 8.044411e+00
      vertex   1.484563e+02 -4.651485e+01 8.336930e+00
      vertex   1.505744e+02 -4.705566e+01 7.991071e+00
    endloop
  endfacet
  facet normal -1.702096e-01 -3.688262e-02 -9.847174e-01
    outer loop
      vertex   1.505744e+02 -4.705566e+01 7.991071e+00
      vertex   1.484563e+02 -4.651485e+01 8.336930e+00
      vertex   1.508809e+02 -4.695905e+01 7.934473e+00
    endloop
  endfacet
  facet normal -1.702096e-01 -3.688262e-02 -9.847174e-01
    outer loop
      vertex   1.509367e+02 -3.187259e+01 7.359774e+00
      vertex   1.460375e+02 -3.272574e+01 8.238565e+00
      vertex   1.267096e+02 -3.111788e+01 1.151918e+01
    endloop
  endfacet
  facet normal -1.702096e-01 -3.688262e-02 -9.847174e-01
    outer loop
      vertex   1.267096e+02 -3.111788e+01 1.151918e+01
      vertex   1.460375e+02 -3.272574e+01 8.238565e+00
      vertex   1.324555e+02 -3.509091e+01 1.067482e+01
    endloop
  endfacet
  facet normal -1.702096e-01 -3.688262e-02 -9.847174e-01
    outer loop
      vertex   1.267096e+02 -3.111788e+01 1.151918e+01
      vertex   1.324555e+02 -3.509091e+01 1.067482e+01
      vertex   1.291285e+02 -4.490698e+01 1.161755e+01
    endloop
  endfacet
  facet normal -1.702096e-01 -3.688262e-02 -9.847174e-01
    outer loop
      vertex   1.291285e+02 -4.490698e+01 1.161755e+01
      vertex   1.324555e+02 -3.509091e+01 1.067482e+01
      vertex   1.348743e+02 -4.888002e+01 1.077318e+01
    endloop
  endfacet
  facet normal -1.702096e-01 -3.688262e-02 -9.847174e-01
    outer loop
      vertex   9.663335e+01 -4.802813e+01 1.735128e+01
      vertex   1.102153e+02 -4.566296e+01 1.491502e+01
      vertex   9.750587e+01 -5.300205e+01 1.738676e+01
    endloop
  endfacet
  facet normal -1.702096e-01 -3.688262e-02 -9.847174e-01
    outer loop
      vertex   9.750587e+01 -5.300205e+01 1.738676e+01
      vertex   1.102153e+02 -4.566296e+01 1.491502e+01
      vertex   1.110879e+02 -5.063688e+01 1.495051e+01
    endloop
  endfacet
  facet normal -1.702096e-01 -3.688262e-02 -9.847174e-01
    outer loop
      vertex   9.992475e+01 -6.679115e+01 1.748512e+01
      vertex   1.135067e+02 -6.442599e+01 1.504887e+01
      vertex   1.007973e+02 -7.176508e+01 1.752060e+01
    endloop
  endfacet
  facet normal -1.702096e-01 -3.688262e-02 -9.847174e-01
    outer loop
      vertex   1.007973e+02 -7.176508e+01 1.752060e+01
      vertex   1.135067e+02 -6.442599e+01 1.504887e+01
      vertex   1.143793e+02 -6.939991e+01 1.508435e+01
    endloop
  endfacet
  facet normal -1.702096e-01 -3.688262e-02 -9.847174e-01
    outer loop
      vertex   1.667010e+02 -2.830853e+01 4.501396e+00
      vertex   1.678101e+02 -4.827046e+01 5.057369e+00
      vertex   1.669375e+02 -4.329653e+01 5.021887e+00
    endloop
  endfacet
  facet normal -1.702096e-01 -3.688262e-02 -9.847174e-01
    outer loop
      vertex   1.669375e+02 -4.329653e+01 5.021887e+00
      vertex   1.678101e+02 -4.827046e+01 5.057369e+00
      vertex   1.542281e+02 -5.063562e+01 7.493621e+00
    endloop
  endfacet
  facet normal -1.702096e-01 -3.688262e-02 -9.847174e-01
    outer loop
      vertex   1.669375e+02 -4.329653e+01 5.021887e+00
      vertex   1.542281e+02 -5.063562e+01 7.493621e+00
      vertex   1.533556e+02 -4.566170e+01 7.458139e+00
    endloop
  endfacet
  facet normal -1.702096e-01 -3.688262e-02 -9.847174e-01
    outer loop
      vertex   1.493289e+02 -5.148877e+01 8.372412e+00
      vertex   1.542281e+02 -5.063562e+01 7.493621e+00
      vertex   1.517477e+02 -6.527788e+01 8.470778e+00
    endloop
  endfacet
  facet normal -1.702096e-01 -3.688262e-02 -9.847174e-01
    outer loop
      vertex   1.517477e+02 -6.527788e+01 8.470778e+00
      vertex   1.542281e+02 -5.063562e+01 7.493621e+00
      vertex   1.566470e+02 -6.442473e+01 7.591987e+00
    endloop
  endfacet
  facet normal -1.702096e-01 -3.688262e-02 -9.847174e-01
    outer loop
      vertex   1.517477e+02 -6.527788e+01 8.470778e+00
      vertex   1.566470e+02 -6.442473e+01 7.591987e+00
      vertex   1.526203e+02 -7.025180e+01 8.506259e+00
    endloop
  endfacet
  facet normal -1.702096e-01 -3.688262e-02 -9.847174e-01
    outer loop
      vertex   1.526203e+02 -7.025180e+01 8.506259e+00
      vertex   1.566470e+02 -6.442473e+01 7.591987e+00
      vertex   1.575195e+02 -6.939865e+01 7.627468e+00
    endloop
  endfacet
  facet normal -1.702096e-01 -3.688262e-02 -9.847174e-01
    outer loop
      vertex   1.526203e+02 -7.025180e+01 8.506259e+00
      vertex   1.575195e+02 -6.939865e+01 7.627468e+00
      vertex   1.550391e+02 -8.404091e+01 8.604625e+00
    endloop
  endfacet
  facet normal -1.702096e-01 -3.688262e-02 -9.847174e-01
    outer loop
      vertex   1.550391e+02 -8.404091e+01 8.604625e+00
      vertex   1.575195e+02 -6.939865e+01 7.627468e+00
      vertex   1.599384e+02 -8.318776e+01 7.725834e+00
    endloop
  endfacet
  facet normal -1.702096e-01 -3.688262e-02 -9.847174e-01
    outer loop
      vertex   1.566470e+02 -6.442473e+01 7.591987e+00
      vertex   1.702289e+02 -6.205956e+01 5.155734e+00
      vertex   1.575195e+02 -6.939865e+01 7.627468e+00
    endloop
  endfacet
  facet normal -1.702096e-01 -3.688262e-02 -9.847174e-01
    outer loop
      vertex   1.575195e+02 -6.939865e+01 7.627468e+00
      vertex   1.702289e+02 -6.205956e+01 5.155734e+00
      vertex   1.711015e+02 -6.703348e+01 5.191216e+00
    endloop
  endfacet
  facet normal -1.702096e-01 -3.688262e-02 -9.847174e-01
    outer loop
      vertex   1.300010e+02 -4.988091e+01 1.165303e+01
      vertex   1.357469e+02 -5.385394e+01 1.080866e+01
      vertex   1.324199e+02 -6.367001e+01 1.175139e+01
    endloop
  endfacet
  facet normal -1.702096e-01 -3.688262e-02 -9.847174e-01
    outer loop
      vertex   1.324199e+02 -6.367001e+01 1.175139e+01
      vertex   1.357469e+02 -5.385394e+01 1.080866e+01
      vertex   1.381657e+02 -6.764304e+01 1.090703e+01
    endloop
  endfacet
  facet normal -1.702096e-01 -3.688262e-02 -9.847174e-01
    outer loop
      vertex   1.324199e+02 -6.367001e+01 1.175139e+01
      vertex   1.381657e+02 -6.764304e+01 1.090703e+01
      vertex   1.332924e+02 -6.864393e+01 1.178687e+01
    endloop
  endfacet
  facet normal -1.702096e-01 -3.688262e-02 -9.847174e-01
    outer loop
      vertex   1.332924e+02 -6.864393e+01 1.178687e+01
      vertex   1.381657e+02 -6.764304e+01 1.090703e+01
      vertex   1.390383e+02 -7.261697e+01 1.094251e+01
    endloop
  endfacet
  facet normal -1.702096e-01 -3.688262e-02 -9.847174e-01
    outer loop
      vertex   1.332924e+02 -6.864393e+01 1.178687e+01
      vertex   1.390383e+02 -7.261697e+01 1.094251e+01
      vertex   1.357113e+02 -8.243304e+01 1.188524e+01
    endloop
  endfacet
  facet normal -1.702096e-01 -3.688262e-02 -9.847174e-01
    outer loop
      vertex   1.357113e+02 -8.243304e+01 1.188524e+01
      vertex   1.390383e+02 -7.261697e+01 1.094251e+01
      vertex   1.414571e+02 -8.640607e+01 1.104088e+01
    endloop
  endfacet
  facet normal -1.702096e-01 -3.688262e-02 -9.847174e-01
    outer loop
      vertex   1.357113e+02 -8.243304e+01 1.188524e+01
      vertex   1.414571e+02 -8.640607e+01 1.104088e+01
      vertex   1.365838e+02 -8.740696e+01 1.192072e+01
    endloop
  endfacet
  facet normal -1.702096e-01 -3.688262e-02 -9.847174e-01
    outer loop
      vertex   1.365838e+02 -8.740696e+01 1.192072e+01
      vertex   1.414571e+02 -8.640607e+01 1.104088e+01
      vertex   1.423297e+02 -9.138000e+01 1.107636e+01
    endloop
  endfacet
  facet normal -1.702096e-01 -3.688262e-02 -9.847174e-01
    outer loop
      vertex   1.365838e+02 -8.740696e+01 1.192072e+01
      vertex   1.423297e+02 -9.138000e+01 1.107636e+01
      vertex   1.390027e+02 -1.011961e+02 1.201909e+01
    endloop
  endfacet
  facet normal -1.702096e-01 -3.688262e-02 -9.847174e-01
    outer loop
      vertex   1.390027e+02 -1.011961e+02 1.201909e+01
      vertex   1.423297e+02 -9.138000e+01 1.107636e+01
      vertex   1.447485e+02 -1.051691e+02 1.117472e+01
    endloop
  endfacet
  facet normal -1.702096e-01 -3.688262e-02 -9.847174e-01
    outer loop
      vertex   1.381657e+02 -6.764304e+01 1.090703e+01
      vertex   1.517477e+02 -6.527788e+01 8.470778e+00
      vertex   1.390383e+02 -7.261697e+01 1.094251e+01
    endloop
  endfacet
  facet normal -1.702096e-01 -3.688262e-02 -9.847174e-01
    outer loop
      vertex   1.390383e+02 -7.261697e+01 1.094251e+01
      vertex   1.517477e+02 -6.527788e+01 8.470778e+00
      vertex   1.526203e+02 -7.025180e+01 8.506259e+00
    endloop
  endfacet
  facet normal -1.702096e-01 -3.688262e-02 -9.847174e-01
    outer loop
      vertex   1.493289e+02 -5.148877e+01 8.372412e+00
      vertex   1.357469e+02 -5.385394e+01 1.080866e+01
      vertex   1.484563e+02 -4.651485e+01 8.336930e+00
    endloop
  endfacet
  facet normal -1.702096e-01 -3.688262e-02 -9.847174e-01
    outer loop
      vertex   1.188379e+02 -6.603518e+01 1.418765e+01
      vertex   1.324199e+02 -6.367001e+01 1.175139e+01
      vertex   1.197104e+02 -7.100910e+01 1.422313e+01
    endloop
  endfacet
  facet normal -1.702096e-01 -3.688262e-02 -9.847174e-01
    outer loop
      vertex   1.197104e+02 -7.100910e+01 1.422313e+01
      vertex   1.324199e+02 -6.367001e+01 1.175139e+01
      vertex   1.332924e+02 -6.864393e+01 1.178687e+01
    endloop
  endfacet
  facet normal -1.702096e-01 -3.688262e-02 -9.847174e-01
    outer loop
      vertex   1.221293e+02 -8.479821e+01 1.432149e+01
      vertex   1.357113e+02 -8.243304e+01 1.188524e+01
      vertex   1.230018e+02 -8.977213e+01 1.435697e+01
    endloop
  endfacet
  facet normal -1.702096e-01 -3.688262e-02 -9.847174e-01
    outer loop
      vertex   1.230018e+02 -8.977213e+01 1.435697e+01
      vertex   1.357113e+02 -8.243304e+01 1.188524e+01
      vertex   1.365838e+02 -8.740696e+01 1.192072e+01
    endloop
  endfacet
  facet normal -1.702096e-01 -3.688262e-02 -9.847174e-01
    outer loop
      vertex   1.032161e+02 -8.555418e+01 1.761897e+01
      vertex   1.167981e+02 -8.318902e+01 1.518272e+01
      vertex   1.040887e+02 -9.052811e+01 1.765445e+01
    endloop
  endfacet
  facet normal -1.702096e-01 -3.688262e-02 -9.847174e-01
    outer loop
      vertex   1.040887e+02 -9.052811e+01 1.765445e+01
      vertex   1.167981e+02 -8.318902e+01 1.518272e+01
      vertex   1.176707e+02 -8.816294e+01 1.521820e+01
    endloop
  endfacet
  facet normal -1.702096e-01 -3.688262e-02 -9.847174e-01
    outer loop
      vertex   8.974719e+01 -3.755451e+01 1.814927e+01
      vertex   7.616519e+01 -3.991968e+01 2.058552e+01
      vertex   9.124899e+01 -3.186627e+01 1.767663e+01
    endloop
  endfacet
  facet normal -1.702096e-01 -3.688262e-02 -9.847174e-01
    outer loop
      vertex   7.616519e+01 -3.991968e+01 2.058552e+01
      vertex   7.858407e+01 -5.370878e+01 2.068388e+01
      vertex   7.169792e+01 -4.323517e+01 2.148188e+01
    endloop
  endfacet
  facet normal -1.702096e-01 -3.688262e-02 -9.847174e-01
    outer loop
      vertex   5.445584e+01 -4.070979e+01 2.436760e+01
      vertex   6.053480e+01 -5.938944e+01 2.401649e+01
      vertex   6.140732e+01 -6.436337e+01 2.405197e+01
    endloop
  endfacet
  facet normal -1.702096e-01 -3.688262e-02 -9.847174e-01
    outer loop
      vertex   6.140732e+01 -6.436337e+01 2.405197e+01
      vertex   6.053480e+01 -5.938944e+01 2.401649e+01
      vertex   7.411679e+01 -5.702427e+01 2.158024e+01
    endloop
  endfacet
  facet normal -1.702096e-01 -3.688262e-02 -9.847174e-01
    outer loop
      vertex   6.140732e+01 -6.436337e+01 2.405197e+01
      vertex   7.411679e+01 -5.702427e+01 2.158024e+01
      vertex   7.498932e+01 -6.199820e+01 2.161572e+01
    endloop
  endfacet
  facet normal -1.702096e-01 -3.688262e-02 -9.847174e-01
    outer loop
      vertex   7.945659e+01 -5.868271e+01 2.071937e+01
      vertex   8.187547e+01 -7.247181e+01 2.081773e+01
      vertex   7.498932e+01 -6.199820e+01 2.161572e+01
    endloop
  endfacet
  facet normal -1.702096e-01 -3.688262e-02 -9.847174e-01
    outer loop
      vertex   7.498932e+01 -6.199820e+01 2.161572e+01
      vertex   8.187547e+01 -7.247181e+01 2.081773e+01
      vertex   7.740819e+01 -7.578730e+01 2.171409e+01
    endloop
  endfacet
  facet normal -1.702096e-01 -3.688262e-02 -9.847174e-01
    outer loop
      vertex   7.740819e+01 -7.578730e+01 2.171409e+01
      vertex   8.187547e+01 -7.247181e+01 2.081773e+01
      vertex   8.274800e+01 -7.744574e+01 2.085321e+01
    endloop
  endfacet
  facet normal -1.702096e-01 -3.688262e-02 -9.847174e-01
    outer loop
      vertex   7.740819e+01 -7.578730e+01 2.171409e+01
      vertex   8.274800e+01 -7.744574e+01 2.085321e+01
      vertex   7.828072e+01 -8.076123e+01 2.174957e+01
    endloop
  endfacet
  facet normal -1.702096e-01 -3.688262e-02 -9.847174e-01
    outer loop
      vertex   7.828072e+01 -8.076123e+01 2.174957e+01
      vertex   8.274800e+01 -7.744574e+01 2.085321e+01
      vertex   8.516687e+01 -9.123484e+01 2.095158e+01
    endloop
  endfacet
  facet normal -1.702096e-01 -3.688262e-02 -9.847174e-01
    outer loop
      vertex   7.828072e+01 -8.076123e+01 2.174957e+01
      vertex   8.516687e+01 -9.123484e+01 2.095158e+01
      vertex   8.069960e+01 -9.455033e+01 2.184793e+01
    endloop
  endfacet
  facet normal -1.702096e-01 -3.688262e-02 -9.847174e-01
    outer loop
      vertex   8.069960e+01 -9.455033e+01 2.184793e+01
      vertex   8.516687e+01 -9.123484e+01 2.095158e+01
      vertex   8.307769e+01 -9.374287e+01 2.140663e+01
    endloop
  endfacet
  facet normal -1.702096e-01 -3.688262e-02 -9.847174e-01
    outer loop
      vertex   8.069960e+01 -9.455033e+01 2.184793e+01
      vertex   8.307769e+01 -9.374287e+01 2.140663e+01
      vertex   8.283930e+01 -9.389592e+01 2.145357e+01
    endloop
  endfacet
  facet normal -1.702096e-01 -3.688262e-02 -9.847174e-01
    outer loop
      vertex   8.274800e+01 -7.744574e+01 2.085321e+01
      vertex   8.187547e+01 -7.247181e+01 2.081773e+01
      vertex   9.632999e+01 -7.508057e+01 1.841696e+01
    endloop
  endfacet
  facet normal -1.702096e-01 -3.688262e-02 -9.847174e-01
    outer loop
      vertex   9.632999e+01 -7.508057e+01 1.841696e+01
      vertex   8.187547e+01 -7.247181e+01 2.081773e+01
      vertex   9.545747e+01 -7.010664e+01 1.838148e+01
    endloop
  endfacet
  facet normal -1.702096e-01 -3.688262e-02 -9.847174e-01
    outer loop
      vertex   9.874887e+01 -8.886967e+01 1.851533e+01
      vertex   8.603940e+01 -9.620877e+01 2.098706e+01
      vertex   8.516687e+01 -9.123484e+01 2.095158e+01
    endloop
  endfacet
  facet normal -1.702096e-01 -3.688262e-02 -9.847174e-01
    outer loop
      vertex   8.516687e+01 -9.123484e+01 2.095158e+01
      vertex   8.603940e+01 -9.620877e+01 2.098706e+01
      vertex   8.451908e+01 -9.428137e+01 2.117766e+01
    endloop
  endfacet
  facet normal -1.702096e-01 -3.688262e-02 -9.847174e-01
    outer loop
      vertex   8.516687e+01 -9.123484e+01 2.095158e+01
      vertex   8.451908e+01 -9.428137e+01 2.117766e+01
      vertex   8.436663e+01 -9.403863e+01 2.119492e+01
    endloop
  endfacet
  facet normal -1.702096e-01 -3.688262e-02 -9.847174e-01
    outer loop
      vertex   6.140732e+01 -6.436337e+01 2.405197e+01
      vertex   6.382620e+01 -7.815247e+01 2.415034e+01
      vertex   5.445584e+01 -4.070979e+01 2.436760e+01
    endloop
  endfacet
  facet normal -1.702096e-01 -3.688262e-02 -9.847174e-01
    outer loop
      vertex   6.382620e+01 -7.815247e+01 2.415034e+01
      vertex   7.740819e+01 -7.578730e+01 2.171409e+01
      vertex   6.469872e+01 -8.312640e+01 2.418582e+01
    endloop
  endfacet
  facet normal -1.702096e-01 -3.688262e-02 -9.847174e-01
    outer loop
      vertex   6.469872e+01 -8.312640e+01 2.418582e+01
      vertex   7.740819e+01 -7.578730e+01 2.171409e+01
      vertex   7.828072e+01 -8.076123e+01 2.174957e+01
    endloop
  endfacet
  facet normal -1.702096e-01 -3.688262e-02 -9.847174e-01
    outer loop
      vertex   6.785310e+01 -1.170824e+02 2.491241e+01
      vertex   6.711760e+01 -9.691550e+01 2.428419e+01
      vertex   6.799012e+01 -1.018894e+02 2.431967e+01
    endloop
  endfacet
  facet normal -1.702096e-01 -3.688262e-02 -9.847174e-01
    outer loop
      vertex   6.799012e+01 -1.018894e+02 2.431967e+01
      vertex   6.711760e+01 -9.691550e+01 2.428419e+01
      vertex   8.069960e+01 -9.455033e+01 2.184793e+01
    endloop
  endfacet
  facet normal -1.702096e-01 -3.688262e-02 -9.847174e-01
    outer loop
      vertex   6.799012e+01 -1.018894e+02 2.431967e+01
      vertex   8.069960e+01 -9.455033e+01 2.184793e+01
      vertex   8.157212e+01 -9.952426e+01 2.188342e+01
    endloop
  endfacet
  facet normal -1.702096e-01 -3.688262e-02 -9.847174e-01
    outer loop
      vertex   8.157212e+01 -9.952426e+01 2.188342e+01
      vertex   8.069960e+01 -9.455033e+01 2.184793e+01
      vertex   8.270831e+01 -9.544394e+01 2.153420e+01
    endloop
  endfacet
  facet normal -1.702096e-01 -3.688262e-02 -9.847174e-01
    outer loop
      vertex   8.157212e+01 -9.952426e+01 2.188342e+01
      vertex   8.270831e+01 -9.544394e+01 2.153420e+01
      vertex   8.291727e+01 -9.563879e+01 2.150538e+01
    endloop
  endfacet
  facet normal -1.702096e-01 -3.688262e-02 -9.847174e-01
    outer loop
      vertex   1.599384e+02 -8.318776e+01 7.725834e+00
      vertex   1.735204e+02 -8.082259e+01 5.289581e+00
      vertex   1.608109e+02 -8.816168e+01 7.761315e+00
    endloop
  endfacet
  facet normal -1.702096e-01 -3.688262e-02 -9.847174e-01
    outer loop
      vertex   1.608109e+02 -8.816168e+01 7.761315e+00
      vertex   1.735204e+02 -8.082259e+01 5.289581e+00
      vertex   1.743929e+02 -8.579651e+01 5.325063e+00
    endloop
  endfacet
  facet normal -1.702096e-01 -3.688262e-02 -9.847174e-01
    outer loop
      vertex   1.743929e+02 -8.579651e+01 5.325063e+00
      vertex   1.735204e+02 -8.082259e+01 5.289581e+00
      vertex   1.796396e+02 -1.019128e+02 5.021802e+00
    endloop
  endfacet
  facet normal -1.702096e-01 -3.688262e-02 -9.847174e-01
    outer loop
      vertex   1.735204e+02 -8.082259e+01 5.289581e+00
      vertex   1.711015e+02 -6.703348e+01 5.191216e+00
      vertex   1.796396e+02 -1.019128e+02 5.021802e+00
    endloop
  endfacet
  facet normal -1.702096e-01 -3.688262e-02 -9.847174e-01
    outer loop
      vertex   1.414571e+02 -8.640607e+01 1.104088e+01
      vertex   1.550391e+02 -8.404091e+01 8.604625e+00
      vertex   1.423297e+02 -9.138000e+01 1.107636e+01
    endloop
  endfacet
  facet normal -1.702096e-01 -3.688262e-02 -9.847174e-01
    outer loop
      vertex   1.423297e+02 -9.138000e+01 1.107636e+01
      vertex   1.550391e+02 -8.404091e+01 8.604625e+00
      vertex   1.559117e+02 -8.901483e+01 8.640106e+00
    endloop
  endfacet
  facet normal -1.702096e-01 -3.688262e-02 -9.847174e-01
    outer loop
      vertex   1.559117e+02 -8.901483e+01 8.640106e+00
      vertex   1.608109e+02 -8.816168e+01 7.761315e+00
      vertex   1.583305e+02 -1.028039e+02 8.738472e+00
    endloop
  endfacet
  facet normal -1.702096e-01 -3.688262e-02 -9.847174e-01
    outer loop
      vertex   1.583305e+02 -1.028039e+02 8.738472e+00
      vertex   1.608109e+02 -8.816168e+01 7.761315e+00
      vertex   1.632298e+02 -1.019508e+02 7.859681e+00
    endloop
  endfacet
  facet normal -1.702096e-01 -3.688262e-02 -9.847174e-01
    outer loop
      vertex   1.583305e+02 -1.028039e+02 8.738472e+00
      vertex   1.632298e+02 -1.019508e+02 7.859681e+00
      vertex   1.461945e+02 -1.220748e+02 1.155799e+01
    endloop
  endfacet
  facet normal -1.702096e-01 -3.688262e-02 -9.847174e-01
    outer loop
      vertex   1.447485e+02 -1.051691e+02 1.117472e+01
      vertex   1.583305e+02 -1.028039e+02 8.738472e+00
      vertex   1.461945e+02 -1.220748e+02 1.155799e+01
    endloop
  endfacet
  facet normal -1.702096e-01 -3.688262e-02 -9.847174e-01
    outer loop
      vertex   1.065076e+02 -1.043172e+02 1.775282e+01
      vertex   1.200895e+02 -1.019520e+02 1.531656e+01
      vertex   1.073801e+02 -1.092911e+02 1.778830e+01
    endloop
  endfacet
  facet normal -1.702096e-01 -3.688262e-02 -9.847174e-01
    outer loop
      vertex   1.073801e+02 -1.092911e+02 1.778830e+01
      vertex   1.200895e+02 -1.019520e+02 1.531656e+01
      vertex   1.209621e+02 -1.069260e+02 1.535205e+01
    endloop
  endfacet
  facet normal -1.702096e-01 -3.688262e-02 -9.847174e-01
    outer loop
      vertex   8.933080e+01 -1.149718e+02 2.112091e+01
      vertex   8.845828e+01 -1.099979e+02 2.108543e+01
      vertex   1.029128e+02 -1.126066e+02 1.868466e+01
    endloop
  endfacet
  facet normal -1.702096e-01 -3.688262e-02 -9.847174e-01
    outer loop
      vertex   1.029128e+02 -1.126066e+02 1.868466e+01
      vertex   8.845828e+01 -1.099979e+02 2.108543e+01
      vertex   1.020403e+02 -1.076327e+02 1.864917e+01
    endloop
  endfacet
  facet normal -1.702096e-01 -3.688262e-02 -9.847174e-01
    outer loop
      vertex   9.962140e+01 -9.384360e+01 1.855081e+01
      vertex   8.603940e+01 -9.620877e+01 2.098706e+01
      vertex   9.874887e+01 -8.886967e+01 1.851533e+01
    endloop
  endfacet
  facet normal -1.702096e-01 -3.688262e-02 -9.847174e-01
    outer loop
      vertex   6.799012e+01 -1.018894e+02 2.431967e+01
      vertex   7.040900e+01 -1.156785e+02 2.441803e+01
      vertex   6.785310e+01 -1.170824e+02 2.491241e+01
    endloop
  endfacet
  facet normal -1.702096e-01 -3.688262e-02 -9.847174e-01
    outer loop
      vertex   6.785310e+01 -1.170824e+02 2.491241e+01
      vertex   7.040900e+01 -1.156785e+02 2.441803e+01
      vertex   8.012086e+01 -1.197494e+02 2.289180e+01
    endloop
  endfacet
  facet normal -1.702096e-01 -3.688262e-02 -9.847174e-01
    outer loop
      vertex   6.785310e+01 -1.170824e+02 2.491241e+01
      vertex   8.012086e+01 -1.197494e+02 2.289180e+01
      vertex   6.762771e+01 -1.256028e+02 2.527050e+01
    endloop
  endfacet
  facet normal -1.702096e-01 -3.688262e-02 -9.847174e-01
    outer loop
      vertex   7.040900e+01 -1.156785e+02 2.441803e+01
      vertex   8.399100e+01 -1.133134e+02 2.198178e+01
      vertex   8.012086e+01 -1.197494e+02 2.289180e+01
    endloop
  endfacet
  facet normal -1.702096e-01 -3.688262e-02 -9.847174e-01
    outer loop
      vertex   9.174968e+01 -1.287609e+02 2.121927e+01
      vertex   1.053317e+02 -1.263957e+02 1.878302e+01
      vertex   9.763270e+01 -1.305314e+02 2.026870e+01
    endloop
  endfacet
  facet normal -1.702096e-01 -3.688262e-02 -9.847174e-01
    outer loop
      vertex   9.763270e+01 -1.305314e+02 2.026870e+01
      vertex   1.053317e+02 -1.263957e+02 1.878302e+01
      vertex   1.287121e+02 -1.223243e+02 1.458919e+01
    endloop
  endfacet
  facet normal -1.702096e-01 -3.688262e-02 -9.847174e-01
    outer loop
      vertex   5.823131e+01 -1.276325e+02 2.697070e+01
      vertex   6.762771e+01 -1.256028e+02 2.527050e+01
      vertex   6.711712e+01 -1.383916e+02 2.583776e+01
    endloop
  endfacet
  facet normal -1.702096e-01 -3.688262e-02 -9.847174e-01
    outer loop
      vertex   6.711712e+01 -1.383916e+02 2.583776e+01
      vertex   6.762771e+01 -1.256028e+02 2.527050e+01
      vertex   7.347944e+01 -1.383099e+02 2.473496e+01
    endloop
  endfacet
  facet normal -1.702096e-01 -3.688262e-02 -9.847174e-01
    outer loop
      vertex   6.711712e+01 -1.383916e+02 2.583776e+01
      vertex   7.347944e+01 -1.383099e+02 2.473496e+01
      vertex   5.708260e+01 -1.504772e+02 2.802490e+01
    endloop
  endfacet
  facet normal -1.702096e-01 -3.688262e-02 -9.847174e-01
    outer loop
      vertex   8.461745e+01 -9.484219e+01 2.118166e+01
      vertex   8.460463e+01 -9.455545e+01 2.117314e+01
      vertex   8.603940e+01 -9.620877e+01 2.098706e+01
    endloop
  endfacet
  facet normal -1.702096e-01 -3.688262e-02 -9.847174e-01
    outer loop
      vertex   8.603940e+01 -9.620877e+01 2.098706e+01
      vertex   8.460463e+01 -9.455545e+01 2.117314e+01
      vertex   8.451908e+01 -9.428137e+01 2.117766e+01
    endloop
  endfacet
  facet normal -1.702096e-01 -3.688262e-02 -9.847174e-01
    outer loop
      vertex   8.436663e+01 -9.403863e+01 2.119492e+01
      vertex   8.415768e+01 -9.384378e+01 2.122374e+01
      vertex   8.516687e+01 -9.123484e+01 2.095158e+01
    endloop
  endfacet
  facet normal -1.702096e-01 -3.688262e-02 -9.847174e-01
    outer loop
      vertex   8.516687e+01 -9.123484e+01 2.095158e+01
      vertex   8.415768e+01 -9.384378e+01 2.122374e+01
      vertex   8.390646e+01 -9.371009e+01 2.126215e+01
    endloop
  endfacet
  facet normal -1.702096e-01 -3.688262e-02 -9.847174e-01
    outer loop
      vertex   8.516687e+01 -9.123484e+01 2.095158e+01
      vertex   8.390646e+01 -9.371009e+01 2.126215e+01
      vertex   8.363009e+01 -9.364667e+01 2.130755e+01
    endloop
  endfacet
  facet normal -1.702096e-01 -3.688262e-02 -9.847174e-01
    outer loop
      vertex   8.363009e+01 -9.364667e+01 2.130755e+01
      vertex   8.334742e+01 -9.365786e+01 2.135683e+01
      vertex   8.516687e+01 -9.123484e+01 2.095158e+01
    endloop
  endfacet
  facet normal -1.702096e-01 -3.688262e-02 -9.847174e-01
    outer loop
      vertex   8.516687e+01 -9.123484e+01 2.095158e+01
      vertex   8.334742e+01 -9.365786e+01 2.135683e+01
      vertex   8.307769e+01 -9.374287e+01 2.140663e+01
    endloop
  endfacet
  facet normal -1.702096e-01 -3.688262e-02 -9.847174e-01
    outer loop
      vertex   8.283930e+01 -9.389592e+01 2.145357e+01
      vertex   8.264849e+01 -9.410659e+01 2.149445e+01
      vertex   8.069960e+01 -9.455033e+01 2.184793e+01
    endloop
  endfacet
  facet normal -1.702096e-01 -3.688262e-02 -9.847174e-01
    outer loop
      vertex   8.069960e+01 -9.455033e+01 2.184793e+01
      vertex   8.264849e+01 -9.410659e+01 2.149445e+01
      vertex   8.251826e+01 -9.436051e+01 2.152647e+01
    endloop
  endfacet
  facet normal -1.702096e-01 -3.688262e-02 -9.847174e-01
    outer loop
      vertex   8.069960e+01 -9.455033e+01 2.184793e+01
      vertex   8.251826e+01 -9.436051e+01 2.152647e+01
      vertex   8.245749e+01 -9.464038e+01 2.154745e+01
    endloop
  endfacet
  facet normal -1.702096e-01 -3.688262e-02 -9.847174e-01
    outer loop
      vertex   8.245749e+01 -9.464038e+01 2.154745e+01
      vertex   8.247031e+01 -9.492712e+01 2.155598e+01
      vertex   8.069960e+01 -9.455033e+01 2.184793e+01
    endloop
  endfacet
  facet normal -1.702096e-01 -3.688262e-02 -9.847174e-01
    outer loop
      vertex   8.069960e+01 -9.455033e+01 2.184793e+01
      vertex   8.247031e+01 -9.492712e+01 2.155598e+01
      vertex   8.255587e+01 -9.520120e+01 2.155145e+01
    endloop
  endfacet
  facet normal -1.702096e-01 -3.688262e-02 -9.847174e-01
    outer loop
      vertex   8.069960e+01 -9.455033e+01 2.184793e+01
      vertex   8.255587e+01 -9.520120e+01 2.155145e+01
      vertex   8.270831e+01 -9.544394e+01 2.153420e+01
    endloop
  endfacet
  facet normal -1.702096e-01 -3.688262e-02 -9.847174e-01
    outer loop
      vertex   8.291727e+01 -9.563879e+01 2.150538e+01
      vertex   8.316848e+01 -9.577248e+01 2.146696e+01
      vertex   8.157212e+01 -9.952426e+01 2.188342e+01
    endloop
  endfacet
  facet normal -1.702096e-01 -3.688262e-02 -9.847174e-01
    outer loop
      vertex   8.157212e+01 -9.952426e+01 2.188342e+01
      vertex   8.316848e+01 -9.577248e+01 2.146696e+01
      vertex   8.344485e+01 -9.583590e+01 2.142157e+01
    endloop
  endfacet
  facet normal -1.702096e-01 -3.688262e-02 -9.847174e-01
    outer loop
      vertex   8.157212e+01 -9.952426e+01 2.188342e+01
      vertex   8.344485e+01 -9.583590e+01 2.142157e+01
      vertex   8.372753e+01 -9.582471e+01 2.137229e+01
    endloop
  endfacet
  facet normal -1.702096e-01 -3.688262e-02 -9.847174e-01
    outer loop
      vertex   8.399725e+01 -9.573970e+01 2.132248e+01
      vertex   8.423564e+01 -9.558665e+01 2.127554e+01
      vertex   8.603940e+01 -9.620877e+01 2.098706e+01
    endloop
  endfacet
  facet normal -1.702096e-01 -3.688262e-02 -9.847174e-01
    outer loop
      vertex   8.603940e+01 -9.620877e+01 2.098706e+01
      vertex   8.423564e+01 -9.558665e+01 2.127554e+01
      vertex   8.442645e+01 -9.537598e+01 2.123467e+01
    endloop
  endfacet
  facet normal -1.702096e-01 -3.688262e-02 -9.847174e-01
    outer loop
      vertex   8.603940e+01 -9.620877e+01 2.098706e+01
      vertex   8.442645e+01 -9.537598e+01 2.123467e+01
      vertex   8.455668e+01 -9.512206e+01 2.120265e+01
    endloop
  endfacet
  facet normal -1.702096e-01 -3.688262e-02 -9.847174e-01
    outer loop
      vertex   8.455668e+01 -9.512206e+01 2.120265e+01
      vertex   8.461745e+01 -9.484219e+01 2.118166e+01
      vertex   8.603940e+01 -9.620877e+01 2.098706e+01
    endloop
  endfacet
  facet normal -1.702096e-01 -3.688262e-02 -9.847174e-01
    outer loop
      vertex   1.669375e+02 -4.329653e+01 5.021887e+00
      vertex   1.645187e+02 -2.950743e+01 4.923522e+00
      vertex   1.667010e+02 -2.830853e+01 4.501396e+00
    endloop
  endfacet
  facet normal 1.702096e-01 3.688262e-02 9.847174e-01
    outer loop
      vertex   5.501360e+01 -3.969401e+01 2.585798e+01
      vertex   7.643753e+01 -3.986067e+01 2.216107e+01
      vertex   9.152132e+01 -3.180726e+01 1.925217e+01
    endloop
  endfacet
  facet normal 1.702096e-01 3.688262e-02 9.847174e-01
    outer loop
      vertex   9.152132e+01 -3.180726e+01 1.925217e+01
      vertex   7.643753e+01 -3.986067e+01 2.216107e+01
      vertex   9.001953e+01 -3.749550e+01 1.972481e+01
    endloop
  endfacet
  facet normal 1.702096e-01 3.688262e-02 9.847174e-01
    outer loop
      vertex   9.152132e+01 -3.180726e+01 1.925217e+01
      vertex   9.001953e+01 -3.749550e+01 1.972481e+01
      vertex   9.448680e+01 -3.418001e+01 1.882846e+01
    endloop
  endfacet
  facet normal 1.702096e-01 3.688262e-02 9.847174e-01
    outer loop
      vertex   9.448680e+01 -3.418001e+01 1.882846e+01
      vertex   9.001953e+01 -3.749550e+01 1.972481e+01
      vertex   9.690568e+01 -4.796911e+01 1.892682e+01
    endloop
  endfacet
  facet normal 1.702096e-01 3.688262e-02 9.847174e-01
    outer loop
      vertex   9.690568e+01 -4.796911e+01 1.892682e+01
      vertex   9.001953e+01 -3.749550e+01 1.972481e+01
      vertex   9.243840e+01 -5.128460e+01 1.982318e+01
    endloop
  endfacet
  facet normal 1.702096e-01 3.688262e-02 9.847174e-01
    outer loop
      vertex   9.690568e+01 -4.796911e+01 1.892682e+01
      vertex   9.243840e+01 -5.128460e+01 1.982318e+01
      vertex   9.777821e+01 -5.294304e+01 1.896231e+01
    endloop
  endfacet
  facet normal 1.702096e-01 3.688262e-02 9.847174e-01
    outer loop
      vertex   9.777821e+01 -5.294304e+01 1.896231e+01
      vertex   9.243840e+01 -5.128460e+01 1.982318e+01
      vertex   9.331093e+01 -5.625853e+01 1.985866e+01
    endloop
  endfacet
  facet normal 1.702096e-01 3.688262e-02 9.847174e-01
    outer loop
      vertex   9.777821e+01 -5.294304e+01 1.896231e+01
      vertex   9.331093e+01 -5.625853e+01 1.985866e+01
      vertex   1.001971e+02 -6.673214e+01 1.906067e+01
    endloop
  endfacet
  facet normal 1.702096e-01 3.688262e-02 9.847174e-01
    outer loop
      vertex   1.001971e+02 -6.673214e+01 1.906067e+01
      vertex   9.331093e+01 -5.625853e+01 1.985866e+01
      vertex   9.572981e+01 -7.004763e+01 1.995703e+01
    endloop
  endfacet
  facet normal 1.702096e-01 3.688262e-02 9.847174e-01
    outer loop
      vertex   1.001971e+02 -6.673214e+01 1.906067e+01
      vertex   9.572981e+01 -7.004763e+01 1.995703e+01
      vertex   1.010696e+02 -7.170607e+01 1.909615e+01
    endloop
  endfacet
  facet normal 1.702096e-01 3.688262e-02 9.847174e-01
    outer loop
      vertex   1.010696e+02 -7.170607e+01 1.909615e+01
      vertex   9.572981e+01 -7.004763e+01 1.995703e+01
      vertex   9.660233e+01 -7.502156e+01 1.999251e+01
    endloop
  endfacet
  facet normal 1.702096e-01 3.688262e-02 9.847174e-01
    outer loop
      vertex   1.010696e+02 -7.170607e+01 1.909615e+01
      vertex   9.660233e+01 -7.502156e+01 1.999251e+01
      vertex   1.034885e+02 -8.549517e+01 1.919452e+01
    endloop
  endfacet
  facet normal 1.702096e-01 3.688262e-02 9.847174e-01
    outer loop
      vertex   1.034885e+02 -8.549517e+01 1.919452e+01
      vertex   9.660233e+01 -7.502156e+01 1.999251e+01
      vertex   9.902121e+01 -8.881066e+01 2.009087e+01
    endloop
  endfacet
  facet normal 1.702096e-01 3.688262e-02 9.847174e-01
    outer loop
      vertex   1.034885e+02 -8.549517e+01 1.919452e+01
      vertex   9.902121e+01 -8.881066e+01 2.009087e+01
      vertex   1.043610e+02 -9.046910e+01 1.923000e+01
    endloop
  endfacet
  facet normal 1.702096e-01 3.688262e-02 9.847174e-01
    outer loop
      vertex   1.043610e+02 -9.046910e+01 1.923000e+01
      vertex   9.902121e+01 -8.881066e+01 2.009087e+01
      vertex   9.989373e+01 -9.378459e+01 2.012636e+01
    endloop
  endfacet
  facet normal 1.702096e-01 3.688262e-02 9.847174e-01
    outer loop
      vertex   1.043610e+02 -9.046910e+01 1.923000e+01
      vertex   9.989373e+01 -9.378459e+01 2.012636e+01
      vertex   1.067799e+02 -1.042582e+02 1.932837e+01
    endloop
  endfacet
  facet normal 1.702096e-01 3.688262e-02 9.847174e-01
    outer loop
      vertex   1.067799e+02 -1.042582e+02 1.932837e+01
      vertex   9.989373e+01 -9.378459e+01 2.012636e+01
      vertex   1.023126e+02 -1.075737e+02 2.022472e+01
    endloop
  endfacet
  facet normal 1.702096e-01 3.688262e-02 9.847174e-01
    outer loop
      vertex   1.067799e+02 -1.042582e+02 1.932837e+01
      vertex   1.023126e+02 -1.075737e+02 2.022472e+01
      vertex   1.076524e+02 -1.092321e+02 1.936385e+01
    endloop
  endfacet
  facet normal 1.702096e-01 3.688262e-02 9.847174e-01
    outer loop
      vertex   1.076524e+02 -1.092321e+02 1.936385e+01
      vertex   1.023126e+02 -1.075737e+02 2.022472e+01
      vertex   1.031851e+02 -1.125476e+02 2.026020e+01
    endloop
  endfacet
  facet normal 1.702096e-01 3.688262e-02 9.847174e-01
    outer loop
      vertex   1.076524e+02 -1.092321e+02 1.936385e+01
      vertex   1.031851e+02 -1.125476e+02 2.026020e+01
      vertex   1.100713e+02 -1.230212e+02 1.946221e+01
    endloop
  endfacet
  facet normal 1.702096e-01 3.688262e-02 9.847174e-01
    outer loop
      vertex   1.100713e+02 -1.230212e+02 1.946221e+01
      vertex   1.031851e+02 -1.125476e+02 2.026020e+01
      vertex   1.056040e+02 -1.263367e+02 2.035857e+01
    endloop
  endfacet
  facet normal 1.702096e-01 3.688262e-02 9.847174e-01
    outer loop
      vertex   1.100713e+02 -1.230212e+02 1.946221e+01
      vertex   1.056040e+02 -1.263367e+02 2.035857e+01
      vertex   1.289844e+02 -1.222653e+02 1.616473e+01
    endloop
  endfacet
  facet normal 1.702096e-01 3.688262e-02 9.847174e-01
    outer loop
      vertex   1.289844e+02 -1.222653e+02 1.616473e+01
      vertex   1.056040e+02 -1.263367e+02 2.035857e+01
      vertex   9.790503e+01 -1.304724e+02 2.184425e+01
    endloop
  endfacet
  facet normal 1.702096e-01 3.688262e-02 9.847174e-01
    outer loop
      vertex   1.289844e+02 -1.222653e+02 1.616473e+01
      vertex   9.790503e+01 -1.304724e+02 2.184425e+01
      vertex   1.464669e+02 -1.220158e+02 1.313354e+01
    endloop
  endfacet
  facet normal 1.702096e-01 3.688262e-02 9.847174e-01
    outer loop
      vertex   5.495352e+01 -3.978096e+01 2.587162e+01
      vertex   5.477638e+01 -4.019115e+01 2.591760e+01
      vertex   5.501360e+01 -3.969401e+01 2.585798e+01
    endloop
  endfacet
  facet normal 1.702096e-01 3.688262e-02 9.847174e-01
    outer loop
      vertex   5.501360e+01 -3.969401e+01 2.585798e+01
      vertex   5.477638e+01 -4.019115e+01 2.591760e+01
      vertex   5.472818e+01 -4.065078e+01 2.594315e+01
    endloop
  endfacet
  facet normal 1.702096e-01 3.688262e-02 9.847174e-01
    outer loop
      vertex   5.501360e+01 -3.969401e+01 2.585798e+01
      vertex   5.472818e+01 -4.065078e+01 2.594315e+01
      vertex   5.838825e+01 -4.554133e+01 2.549368e+01
    endloop
  endfacet
  facet normal 1.702096e-01 3.688262e-02 9.847174e-01
    outer loop
      vertex   5.838825e+01 -4.554133e+01 2.549368e+01
      vertex   5.472818e+01 -4.065078e+01 2.594315e+01
      vertex   6.080713e+01 -5.933043e+01 2.559204e+01
    endloop
  endfacet
  facet normal 1.702096e-01 3.688262e-02 9.847174e-01
    outer loop
      vertex   6.080713e+01 -5.933043e+01 2.559204e+01
      vertex   5.472818e+01 -4.065078e+01 2.594315e+01
      vertex   6.167965e+01 -6.430436e+01 2.562752e+01
    endloop
  endfacet
  facet normal 1.702096e-01 3.688262e-02 9.847174e-01
    outer loop
      vertex   6.080713e+01 -5.933043e+01 2.559204e+01
      vertex   6.167965e+01 -6.430436e+01 2.562752e+01
      vertex   7.526165e+01 -6.193919e+01 2.319127e+01
    endloop
  endfacet
  facet normal 1.702096e-01 3.688262e-02 9.847174e-01
    outer loop
      vertex   6.167965e+01 -6.430436e+01 2.562752e+01
      vertex   5.472818e+01 -4.065078e+01 2.594315e+01
      vertex   6.409853e+01 -7.809346e+01 2.572589e+01
    endloop
  endfacet
  facet normal 1.702096e-01 3.688262e-02 9.847174e-01
    outer loop
      vertex   6.409853e+01 -7.809346e+01 2.572589e+01
      vertex   5.472818e+01 -4.065078e+01 2.594315e+01
      vertex   6.812543e+01 -1.170234e+02 2.648796e+01
    endloop
  endfacet
  facet normal 1.702096e-01 3.688262e-02 9.847174e-01
    outer loop
      vertex   6.409853e+01 -7.809346e+01 2.572589e+01
      vertex   6.812543e+01 -1.170234e+02 2.648796e+01
      vertex   6.497106e+01 -8.306738e+01 2.576137e+01
    endloop
  endfacet
  facet normal 1.702096e-01 3.688262e-02 9.847174e-01
    outer loop
      vertex   6.497106e+01 -8.306738e+01 2.576137e+01
      vertex   6.812543e+01 -1.170234e+02 2.648796e+01
      vertex   6.738993e+01 -9.685649e+01 2.585973e+01
    endloop
  endfacet
  facet normal 1.702096e-01 3.688262e-02 9.847174e-01
    outer loop
      vertex   6.738993e+01 -9.685649e+01 2.585973e+01
      vertex   6.812543e+01 -1.170234e+02 2.648796e+01
      vertex   6.826246e+01 -1.018304e+02 2.589522e+01
    endloop
  endfacet
  facet normal 1.702096e-01 3.688262e-02 9.847174e-01
    outer loop
      vertex   6.738993e+01 -9.685649e+01 2.585973e+01
      vertex   6.826246e+01 -1.018304e+02 2.589522e+01
      vertex   8.184445e+01 -9.946525e+01 2.345896e+01
    endloop
  endfacet
  facet normal 1.702096e-01 3.688262e-02 9.847174e-01
    outer loop
      vertex   4.787731e+01 -1.205494e+02 3.011994e+01
      vertex   6.106833e+01 -1.209476e+02 2.785477e+01
      vertex   6.812543e+01 -1.170234e+02 2.648796e+01
    endloop
  endfacet
  facet normal 1.702096e-01 3.688262e-02 9.847174e-01
    outer loop
      vertex   6.812543e+01 -1.170234e+02 2.648796e+01
      vertex   6.106833e+01 -1.209476e+02 2.785477e+01
      vertex   6.138955e+01 -1.209349e+02 2.779877e+01
    endloop
  endfacet
  facet normal 1.702096e-01 3.688262e-02 9.847174e-01
    outer loop
      vertex   6.812543e+01 -1.170234e+02 2.648796e+01
      vertex   6.138955e+01 -1.209349e+02 2.779877e+01
      vertex   6.170360e+01 -1.210070e+02 2.774718e+01
    endloop
  endfacet
  facet normal 1.702096e-01 3.688262e-02 9.847174e-01
    outer loop
      vertex   4.375549e+01 -1.331987e+02 3.130618e+01
      vertex   5.850364e+01 -1.275735e+02 2.854625e+01
      vertex   4.787731e+01 -1.205494e+02 3.011994e+01
    endloop
  endfacet
  facet normal 1.702096e-01 3.688262e-02 9.847174e-01
    outer loop
      vertex   4.787731e+01 -1.205494e+02 3.011994e+01
      vertex   5.850364e+01 -1.275735e+02 2.854625e+01
      vertex   6.007162e+01 -1.223900e+02 2.808107e+01
    endloop
  endfacet
  facet normal 1.702096e-01 3.688262e-02 9.847174e-01
    outer loop
      vertex   4.787731e+01 -1.205494e+02 3.011994e+01
      vertex   6.007162e+01 -1.223900e+02 2.808107e+01
      vertex   6.005704e+01 -1.220641e+02 2.807139e+01
    endloop
  endfacet
  facet normal 1.702096e-01 3.688262e-02 9.847174e-01
    outer loop
      vertex   4.375160e+01 -1.333849e+02 3.131382e+01
      vertex   4.378913e+01 -1.335988e+02 3.131535e+01
      vertex   4.375549e+01 -1.331987e+02 3.130618e+01
    endloop
  endfacet
  facet normal 1.702096e-01 3.688262e-02 9.847174e-01
    outer loop
      vertex   4.375549e+01 -1.331987e+02 3.130618e+01
      vertex   4.378913e+01 -1.335988e+02 3.131535e+01
      vertex   4.399782e+01 -1.342081e+02 3.130210e+01
    endloop
  endfacet
  facet normal 1.702096e-01 3.688262e-02 9.847174e-01
    outer loop
      vertex   4.375549e+01 -1.331987e+02 3.130618e+01
      vertex   4.399782e+01 -1.342081e+02 3.130210e+01
      vertex   4.795073e+01 -1.365164e+02 3.070529e+01
    endloop
  endfacet
  facet normal 1.702096e-01 3.688262e-02 9.847174e-01
    outer loop
      vertex   4.795073e+01 -1.365164e+02 3.070529e+01
      vertex   4.399782e+01 -1.342081e+02 3.130210e+01
      vertex   5.735493e+01 -1.504182e+02 2.960045e+01
    endloop
  endfacet
  facet normal 1.702096e-01 3.688262e-02 9.847174e-01
    outer loop
      vertex   4.795073e+01 -1.365164e+02 3.070529e+01
      vertex   5.735493e+01 -1.504182e+02 2.960045e+01
      vertex   5.683654e+01 -1.472755e+02 2.957235e+01
    endloop
  endfacet
  facet normal 1.702096e-01 3.688262e-02 9.847174e-01
    outer loop
      vertex   5.683654e+01 -1.472755e+02 2.957235e+01
      vertex   5.735493e+01 -1.504182e+02 2.960045e+01
      vertex   6.738945e+01 -1.383326e+02 2.741331e+01
    endloop
  endfacet
  facet normal 1.702096e-01 3.688262e-02 9.847174e-01
    outer loop
      vertex   6.738945e+01 -1.383326e+02 2.741331e+01
      vertex   5.735493e+01 -1.504182e+02 2.960045e+01
      vertex   7.375178e+01 -1.382509e+02 2.631051e+01
    endloop
  endfacet
  facet normal 1.702096e-01 3.688262e-02 9.847174e-01
    outer loop
      vertex   6.738945e+01 -1.383326e+02 2.741331e+01
      vertex   7.375178e+01 -1.382509e+02 2.631051e+01
      vertex   6.790004e+01 -1.255438e+02 2.684605e+01
    endloop
  endfacet
  facet normal 1.702096e-01 3.688262e-02 9.847174e-01
    outer loop
      vertex   4.378913e+01 -1.335988e+02 3.131535e+01
      vertex   4.389329e+01 -1.339976e+02 3.131228e+01
      vertex   4.399782e+01 -1.342081e+02 3.130210e+01
    endloop
  endfacet
  facet normal 1.702096e-01 3.688262e-02 9.847174e-01
    outer loop
      vertex   5.735493e+01 -1.504182e+02 2.960045e+01
      vertex   9.790503e+01 -1.304724e+02 2.184425e+01
      vertex   7.375178e+01 -1.382509e+02 2.631051e+01
    endloop
  endfacet
  facet normal 1.702096e-01 3.688262e-02 9.847174e-01
    outer loop
      vertex   7.375178e+01 -1.382509e+02 2.631051e+01
      vertex   9.790503e+01 -1.304724e+02 2.184425e+01
      vertex   8.624493e+01 -1.323975e+02 2.393181e+01
    endloop
  endfacet
  facet normal 1.702096e-01 3.688262e-02 9.847174e-01
    outer loop
      vertex   8.624493e+01 -1.323975e+02 2.393181e+01
      vertex   9.790503e+01 -1.304724e+02 2.184425e+01
      vertex   9.202201e+01 -1.287019e+02 2.279482e+01
    endloop
  endfacet
  facet normal 1.702096e-01 3.688262e-02 9.847174e-01
    outer loop
      vertex   8.624493e+01 -1.323975e+02 2.393181e+01
      vertex   9.202201e+01 -1.287019e+02 2.279482e+01
      vertex   8.039319e+01 -1.196904e+02 2.446735e+01
    endloop
  endfacet
  facet normal 1.702096e-01 3.688262e-02 9.847174e-01
    outer loop
      vertex   8.039319e+01 -1.196904e+02 2.446735e+01
      vertex   9.202201e+01 -1.287019e+02 2.279482e+01
      vertex   8.960313e+01 -1.149128e+02 2.269646e+01
    endloop
  endfacet
  facet normal 1.702096e-01 3.688262e-02 9.847174e-01
    outer loop
      vertex   8.039319e+01 -1.196904e+02 2.446735e+01
      vertex   8.960313e+01 -1.149128e+02 2.269646e+01
      vertex   8.426333e+01 -1.132543e+02 2.355733e+01
    endloop
  endfacet
  facet normal 1.702096e-01 3.688262e-02 9.847174e-01
    outer loop
      vertex   8.426333e+01 -1.132543e+02 2.355733e+01
      vertex   8.960313e+01 -1.149128e+02 2.269646e+01
      vertex   8.873061e+01 -1.099389e+02 2.266097e+01
    endloop
  endfacet
  facet normal 1.702096e-01 3.688262e-02 9.847174e-01
    outer loop
      vertex   8.426333e+01 -1.132543e+02 2.355733e+01
      vertex   8.873061e+01 -1.099389e+02 2.266097e+01
      vertex   8.184445e+01 -9.946525e+01 2.345896e+01
    endloop
  endfacet
  facet normal 1.702096e-01 3.688262e-02 9.847174e-01
    outer loop
      vertex   8.184445e+01 -9.946525e+01 2.345896e+01
      vertex   8.873061e+01 -1.099389e+02 2.266097e+01
      vertex   8.631173e+01 -9.614976e+01 2.256261e+01
    endloop
  endfacet
  facet normal 1.702096e-01 3.688262e-02 9.847174e-01
    outer loop
      vertex   8.184445e+01 -9.946525e+01 2.345896e+01
      vertex   8.631173e+01 -9.614976e+01 2.256261e+01
      vertex   8.399986e+01 -9.576570e+01 2.294783e+01
    endloop
  endfacet
  facet normal 1.702096e-01 3.688262e-02 9.847174e-01
    outer loop
      vertex   8.399986e+01 -9.576570e+01 2.294783e+01
      vertex   8.631173e+01 -9.614976e+01 2.256261e+01
      vertex   8.426959e+01 -9.568069e+01 2.289803e+01
    endloop
  endfacet
  facet normal 1.702096e-01 3.688262e-02 9.847174e-01
    outer loop
      vertex   8.426959e+01 -9.568069e+01 2.289803e+01
      vertex   8.631173e+01 -9.614976e+01 2.256261e+01
      vertex   8.450798e+01 -9.552763e+01 2.285109e+01
    endloop
  endfacet
  facet normal 1.702096e-01 3.688262e-02 9.847174e-01
    outer loop
      vertex   8.450798e+01 -9.552763e+01 2.285109e+01
      vertex   8.631173e+01 -9.614976e+01 2.256261e+01
      vertex   8.469879e+01 -9.531697e+01 2.281022e+01
    endloop
  endfacet
  facet normal 1.702096e-01 3.688262e-02 9.847174e-01
    outer loop
      vertex   8.469879e+01 -9.531697e+01 2.281022e+01
      vertex   8.631173e+01 -9.614976e+01 2.256261e+01
      vertex   8.482902e+01 -9.506305e+01 2.277819e+01
    endloop
  endfacet
  facet normal 1.702096e-01 3.688262e-02 9.847174e-01
    outer loop
      vertex   8.482902e+01 -9.506305e+01 2.277819e+01
      vertex   8.631173e+01 -9.614976e+01 2.256261e+01
      vertex   8.488979e+01 -9.478318e+01 2.275721e+01
    endloop
  endfacet
  facet normal 1.702096e-01 3.688262e-02 9.847174e-01
    outer loop
      vertex   8.488979e+01 -9.478318e+01 2.275721e+01
      vertex   8.631173e+01 -9.614976e+01 2.256261e+01
      vertex   8.487696e+01 -9.449644e+01 2.274868e+01
    endloop
  endfacet
  facet normal 1.702096e-01 3.688262e-02 9.847174e-01
    outer loop
      vertex   8.487696e+01 -9.449644e+01 2.274868e+01
      vertex   8.631173e+01 -9.614976e+01 2.256261e+01
      vertex   8.479141e+01 -9.422236e+01 2.275321e+01
    endloop
  endfacet
  facet normal 1.702096e-01 3.688262e-02 9.847174e-01
    outer loop
      vertex   8.479141e+01 -9.422236e+01 2.275321e+01
      vertex   8.631173e+01 -9.614976e+01 2.256261e+01
      vertex   8.543921e+01 -9.117583e+01 2.252713e+01
    endloop
  endfacet
  facet normal 1.702096e-01 3.688262e-02 9.847174e-01
    outer loop
      vertex   8.479141e+01 -9.422236e+01 2.275321e+01
      vertex   8.543921e+01 -9.117583e+01 2.252713e+01
      vertex   8.463896e+01 -9.397962e+01 2.277047e+01
    endloop
  endfacet
  facet normal 1.702096e-01 3.688262e-02 9.847174e-01
    outer loop
      vertex   8.463896e+01 -9.397962e+01 2.277047e+01
      vertex   8.543921e+01 -9.117583e+01 2.252713e+01
      vertex   8.443001e+01 -9.378477e+01 2.279929e+01
    endloop
  endfacet
  facet normal 1.702096e-01 3.688262e-02 9.847174e-01
    outer loop
      vertex   8.443001e+01 -9.378477e+01 2.279929e+01
      vertex   8.543921e+01 -9.117583e+01 2.252713e+01
      vertex   8.417879e+01 -9.365108e+01 2.283770e+01
    endloop
  endfacet
  facet normal 1.702096e-01 3.688262e-02 9.847174e-01
    outer loop
      vertex   8.417879e+01 -9.365108e+01 2.283770e+01
      vertex   8.543921e+01 -9.117583e+01 2.252713e+01
      vertex   8.390243e+01 -9.358766e+01 2.288310e+01
    endloop
  endfacet
  facet normal 1.702096e-01 3.688262e-02 9.847174e-01
    outer loop
      vertex   8.390243e+01 -9.358766e+01 2.288310e+01
      vertex   8.543921e+01 -9.117583e+01 2.252713e+01
      vertex   8.361975e+01 -9.359884e+01 2.293238e+01
    endloop
  endfacet
  facet normal 1.702096e-01 3.688262e-02 9.847174e-01
    outer loop
      vertex   8.361975e+01 -9.359884e+01 2.293238e+01
      vertex   8.543921e+01 -9.117583e+01 2.252713e+01
      vertex   8.335003e+01 -9.368386e+01 2.298218e+01
    endloop
  endfacet
  facet normal 1.702096e-01 3.688262e-02 9.847174e-01
    outer loop
      vertex   8.335003e+01 -9.368386e+01 2.298218e+01
      vertex   8.543921e+01 -9.117583e+01 2.252713e+01
      vertex   8.097193e+01 -9.449132e+01 2.342348e+01
    endloop
  endfacet
  facet normal 1.702096e-01 3.688262e-02 9.847174e-01
    outer loop
      vertex   8.335003e+01 -9.368386e+01 2.298218e+01
      vertex   8.097193e+01 -9.449132e+01 2.342348e+01
      vertex   8.311164e+01 -9.383691e+01 2.302912e+01
    endloop
  endfacet
  facet normal 1.702096e-01 3.688262e-02 9.847174e-01
    outer loop
      vertex   8.311164e+01 -9.383691e+01 2.302912e+01
      vertex   8.097193e+01 -9.449132e+01 2.342348e+01
      vertex   8.292082e+01 -9.404758e+01 2.306999e+01
    endloop
  endfacet
  facet normal 1.702096e-01 3.688262e-02 9.847174e-01
    outer loop
      vertex   8.292082e+01 -9.404758e+01 2.306999e+01
      vertex   8.097193e+01 -9.449132e+01 2.342348e+01
      vertex   8.279059e+01 -9.430150e+01 2.310201e+01
    endloop
  endfacet
  facet normal 1.702096e-01 3.688262e-02 9.847174e-01
    outer loop
      vertex   8.279059e+01 -9.430150e+01 2.310201e+01
      vertex   8.097193e+01 -9.449132e+01 2.342348e+01
      vertex   8.272982e+01 -9.458136e+01 2.312300e+01
    endloop
  endfacet
  facet normal 1.702096e-01 3.688262e-02 9.847174e-01
    outer loop
      vertex   8.272982e+01 -9.458136e+01 2.312300e+01
      vertex   8.097193e+01 -9.449132e+01 2.342348e+01
      vertex   8.274265e+01 -9.486811e+01 2.313152e+01
    endloop
  endfacet
  facet normal 1.702096e-01 3.688262e-02 9.847174e-01
    outer loop
      vertex   8.274265e+01 -9.486811e+01 2.313152e+01
      vertex   8.097193e+01 -9.449132e+01 2.342348e+01
      vertex   8.282820e+01 -9.514219e+01 2.312700e+01
    endloop
  endfacet
  facet normal 1.702096e-01 3.688262e-02 9.847174e-01
    outer loop
      vertex   8.282820e+01 -9.514219e+01 2.312700e+01
      vertex   8.097193e+01 -9.449132e+01 2.342348e+01
      vertex   8.298065e+01 -9.538493e+01 2.310974e+01
    endloop
  endfacet
  facet normal 1.702096e-01 3.688262e-02 9.847174e-01
    outer loop
      vertex   8.298065e+01 -9.538493e+01 2.310974e+01
      vertex   8.097193e+01 -9.449132e+01 2.342348e+01
      vertex   8.184445e+01 -9.946525e+01 2.345896e+01
    endloop
  endfacet
  facet normal 1.702096e-01 3.688262e-02 9.847174e-01
    outer loop
      vertex   8.298065e+01 -9.538493e+01 2.310974e+01
      vertex   8.184445e+01 -9.946525e+01 2.345896e+01
      vertex   8.318960e+01 -9.557978e+01 2.308092e+01
    endloop
  endfacet
  facet normal 1.702096e-01 3.688262e-02 9.847174e-01
    outer loop
      vertex   8.318960e+01 -9.557978e+01 2.308092e+01
      vertex   8.184445e+01 -9.946525e+01 2.345896e+01
      vertex   8.344082e+01 -9.571347e+01 2.304251e+01
    endloop
  endfacet
  facet normal 1.702096e-01 3.688262e-02 9.847174e-01
    outer loop
      vertex   8.344082e+01 -9.571347e+01 2.304251e+01
      vertex   8.184445e+01 -9.946525e+01 2.345896e+01
      vertex   8.371718e+01 -9.577688e+01 2.299711e+01
    endloop
  endfacet
  facet normal 1.702096e-01 3.688262e-02 9.847174e-01
    outer loop
      vertex   8.371718e+01 -9.577688e+01 2.299711e+01
      vertex   8.184445e+01 -9.946525e+01 2.345896e+01
      vertex   8.399986e+01 -9.576570e+01 2.294783e+01
    endloop
  endfacet
  facet normal 1.702096e-01 3.688262e-02 9.847174e-01
    outer loop
      vertex   1.799119e+02 -1.018538e+02 6.597350e+00
      vertex   1.635021e+02 -1.018918e+02 9.435229e+00
      vertex   1.464669e+02 -1.220158e+02 1.313354e+01
    endloop
  endfacet
  facet normal 1.702096e-01 3.688262e-02 9.847174e-01
    outer loop
      vertex   1.464669e+02 -1.220158e+02 1.313354e+01
      vertex   1.635021e+02 -1.018918e+02 9.435229e+00
      vertex   1.586029e+02 -1.027449e+02 1.031402e+01
    endloop
  endfacet
  facet normal 1.702096e-01 3.688262e-02 9.847174e-01
    outer loop
      vertex   1.464669e+02 -1.220158e+02 1.313354e+01
      vertex   1.586029e+02 -1.027449e+02 1.031402e+01
      vertex   1.450209e+02 -1.051101e+02 1.275027e+01
    endloop
  endfacet
  facet normal 1.702096e-01 3.688262e-02 9.847174e-01
    outer loop
      vertex   1.669733e+02 -2.824952e+01 6.076944e+00
      vertex   1.713738e+02 -6.697447e+01 6.766764e+00
      vertex   1.799119e+02 -1.018538e+02 6.597350e+00
    endloop
  endfacet
  facet normal 1.702096e-01 3.688262e-02 9.847174e-01
    outer loop
      vertex   1.799119e+02 -1.018538e+02 6.597350e+00
      vertex   1.713738e+02 -6.697447e+01 6.766764e+00
      vertex   1.737927e+02 -8.076357e+01 6.865129e+00
    endloop
  endfacet
  facet normal 1.702096e-01 3.688262e-02 9.847174e-01
    outer loop
      vertex   1.799119e+02 -1.018538e+02 6.597350e+00
      vertex   1.737927e+02 -8.076357e+01 6.865129e+00
      vertex   1.746652e+02 -8.573750e+01 6.900611e+00
    endloop
  endfacet
  facet normal 1.702096e-01 3.688262e-02 9.847174e-01
    outer loop
      vertex   1.746652e+02 -8.573750e+01 6.900611e+00
      vertex   1.737927e+02 -8.076357e+01 6.865129e+00
      vertex   1.602107e+02 -8.312874e+01 9.301381e+00
    endloop
  endfacet
  facet normal 1.702096e-01 3.688262e-02 9.847174e-01
    outer loop
      vertex   1.746652e+02 -8.573750e+01 6.900611e+00
      vertex   1.602107e+02 -8.312874e+01 9.301381e+00
      vertex   1.610832e+02 -8.810267e+01 9.336863e+00
    endloop
  endfacet
  facet normal 1.702096e-01 3.688262e-02 9.847174e-01
    outer loop
      vertex   1.610832e+02 -8.810267e+01 9.336863e+00
      vertex   1.602107e+02 -8.312874e+01 9.301381e+00
      vertex   1.592338e+02 -8.584007e+01 9.571785e+00
    endloop
  endfacet
  facet normal 1.702096e-01 3.688262e-02 9.847174e-01
    outer loop
      vertex   1.610832e+02 -8.810267e+01 9.336863e+00
      vertex   1.592338e+02 -8.584007e+01 9.571785e+00
      vertex   1.592484e+02 -8.616591e+01 9.581470e+00
    endloop
  endfacet
  facet normal 1.702096e-01 3.688262e-02 9.847174e-01
    outer loop
      vertex   1.669280e+02 -2.808103e+01 6.078465e+00
      vertex   1.662429e+02 -2.750395e+01 6.175284e+00
      vertex   1.669733e+02 -2.824952e+01 6.076944e+00
    endloop
  endfacet
  facet normal 1.702096e-01 3.688262e-02 9.847174e-01
    outer loop
      vertex   1.669733e+02 -2.824952e+01 6.076944e+00
      vertex   1.662429e+02 -2.750395e+01 6.175284e+00
      vertex   1.647910e+02 -2.944841e+01 6.499070e+00
    endloop
  endfacet
  facet normal 1.702096e-01 3.688262e-02 9.847174e-01
    outer loop
      vertex   1.669733e+02 -2.824952e+01 6.076944e+00
      vertex   1.647910e+02 -2.944841e+01 6.499070e+00
      vertex   1.672099e+02 -4.323752e+01 6.597435e+00
    endloop
  endfacet
  facet normal 1.702096e-01 3.688262e-02 9.847174e-01
    outer loop
      vertex   1.669280e+02 -2.808103e+01 6.078465e+00
      vertex   1.668606e+02 -2.793749e+01 6.084742e+00
      vertex   1.662429e+02 -2.750395e+01 6.175284e+00
    endloop
  endfacet
  facet normal 1.702096e-01 3.688262e-02 9.847174e-01
    outer loop
      vertex   1.662429e+02 -2.750395e+01 6.175284e+00
      vertex   1.668606e+02 -2.793749e+01 6.084742e+00
      vertex   1.667707e+02 -2.780968e+01 6.095499e+00
    endloop
  endfacet
  facet normal 1.702096e-01 3.688262e-02 9.847174e-01
    outer loop
      vertex   1.662429e+02 -2.750395e+01 6.175284e+00
      vertex   1.667707e+02 -2.780968e+01 6.095499e+00
      vertex   1.666611e+02 -2.769994e+01 6.110341e+00
    endloop
  endfacet
  facet normal 1.702096e-01 3.688262e-02 9.847174e-01
    outer loop
      vertex   1.666611e+02 -2.769994e+01 6.110341e+00
      vertex   1.665346e+02 -2.761081e+01 6.128863e+00
      vertex   1.662429e+02 -2.750395e+01 6.175284e+00
    endloop
  endfacet
  facet normal 1.702096e-01 3.688262e-02 9.847174e-01
    outer loop
      vertex   1.662429e+02 -2.750395e+01 6.175284e+00
      vertex   1.665346e+02 -2.761081e+01 6.128863e+00
      vertex   1.663943e+02 -2.754471e+01 6.150640e+00
    endloop
  endfacet
  facet normal 1.702096e-01 3.688262e-02 9.847174e-01
    outer loop
      vertex   1.662429e+02 -2.750395e+01 6.175284e+00
      vertex   1.650265e+02 -2.740416e+01 6.381788e+00
      vertex   1.647910e+02 -2.944841e+01 6.499070e+00
    endloop
  endfacet
  facet normal 1.702096e-01 3.688262e-02 9.847174e-01
    outer loop
      vertex   1.647910e+02 -2.944841e+01 6.499070e+00
      vertex   1.650265e+02 -2.740416e+01 6.381788e+00
      vertex   1.512090e+02 -3.181358e+01 8.935322e+00
    endloop
  endfacet
  facet normal 1.702096e-01 3.688262e-02 9.847174e-01
    outer loop
      vertex   1.512090e+02 -3.181358e+01 8.935322e+00
      vertex   1.650265e+02 -2.740416e+01 6.381788e+00
      vertex   1.269820e+02 -3.105886e+01 1.309473e+01
    endloop
  endfacet
  facet normal 1.702096e-01 3.688262e-02 9.847174e-01
    outer loop
      vertex   1.512090e+02 -3.181358e+01 8.935322e+00
      vertex   1.269820e+02 -3.105886e+01 1.309473e+01
      vertex   1.463098e+02 -3.266673e+01 9.814113e+00
    endloop
  endfacet
  facet normal 1.702096e-01 3.688262e-02 9.847174e-01
    outer loop
      vertex   1.463098e+02 -3.266673e+01 9.814113e+00
      vertex   1.269820e+02 -3.105886e+01 1.309473e+01
      vertex   1.327278e+02 -3.503190e+01 1.225037e+01
    endloop
  endfacet
  facet normal 1.702096e-01 3.688262e-02 9.847174e-01
    outer loop
      vertex   1.327278e+02 -3.503190e+01 1.225037e+01
      vertex   1.269820e+02 -3.105886e+01 1.309473e+01
      vertex   1.294008e+02 -4.484797e+01 1.319309e+01
    endloop
  endfacet
  facet normal 1.702096e-01 3.688262e-02 9.847174e-01
    outer loop
      vertex   1.327278e+02 -3.503190e+01 1.225037e+01
      vertex   1.294008e+02 -4.484797e+01 1.319309e+01
      vertex   1.351467e+02 -4.882100e+01 1.234873e+01
    endloop
  endfacet
  facet normal 1.702096e-01 3.688262e-02 9.847174e-01
    outer loop
      vertex   1.351467e+02 -4.882100e+01 1.234873e+01
      vertex   1.294008e+02 -4.484797e+01 1.319309e+01
      vertex   1.302734e+02 -4.982189e+01 1.322858e+01
    endloop
  endfacet
  facet normal 1.702096e-01 3.688262e-02 9.847174e-01
    outer loop
      vertex   1.351467e+02 -4.882100e+01 1.234873e+01
      vertex   1.302734e+02 -4.982189e+01 1.322858e+01
      vertex   1.360192e+02 -5.379493e+01 1.238421e+01
    endloop
  endfacet
  facet normal 1.702096e-01 3.688262e-02 9.847174e-01
    outer loop
      vertex   1.360192e+02 -5.379493e+01 1.238421e+01
      vertex   1.302734e+02 -4.982189e+01 1.322858e+01
      vertex   1.326922e+02 -6.361100e+01 1.332694e+01
    endloop
  endfacet
  facet normal 1.702096e-01 3.688262e-02 9.847174e-01
    outer loop
      vertex   1.360192e+02 -5.379493e+01 1.238421e+01
      vertex   1.326922e+02 -6.361100e+01 1.332694e+01
      vertex   1.384381e+02 -6.758403e+01 1.248258e+01
    endloop
  endfacet
  facet normal 1.702096e-01 3.688262e-02 9.847174e-01
    outer loop
      vertex   1.384381e+02 -6.758403e+01 1.248258e+01
      vertex   1.326922e+02 -6.361100e+01 1.332694e+01
      vertex   1.335648e+02 -6.858492e+01 1.336242e+01
    endloop
  endfacet
  facet normal 1.702096e-01 3.688262e-02 9.847174e-01
    outer loop
      vertex   1.384381e+02 -6.758403e+01 1.248258e+01
      vertex   1.335648e+02 -6.858492e+01 1.336242e+01
      vertex   1.393106e+02 -7.255796e+01 1.251806e+01
    endloop
  endfacet
  facet normal 1.702096e-01 3.688262e-02 9.847174e-01
    outer loop
      vertex   1.393106e+02 -7.255796e+01 1.251806e+01
      vertex   1.335648e+02 -6.858492e+01 1.336242e+01
      vertex   1.359836e+02 -8.237403e+01 1.346079e+01
    endloop
  endfacet
  facet normal 1.702096e-01 3.688262e-02 9.847174e-01
    outer loop
      vertex   1.393106e+02 -7.255796e+01 1.251806e+01
      vertex   1.359836e+02 -8.237403e+01 1.346079e+01
      vertex   1.417295e+02 -8.634706e+01 1.261642e+01
    endloop
  endfacet
  facet normal 1.702096e-01 3.688262e-02 9.847174e-01
    outer loop
      vertex   1.417295e+02 -8.634706e+01 1.261642e+01
      vertex   1.359836e+02 -8.237403e+01 1.346079e+01
      vertex   1.368562e+02 -8.734795e+01 1.349627e+01
    endloop
  endfacet
  facet normal 1.702096e-01 3.688262e-02 9.847174e-01
    outer loop
      vertex   1.417295e+02 -8.634706e+01 1.261642e+01
      vertex   1.368562e+02 -8.734795e+01 1.349627e+01
      vertex   1.426020e+02 -9.132099e+01 1.265191e+01
    endloop
  endfacet
  facet normal 1.702096e-01 3.688262e-02 9.847174e-01
    outer loop
      vertex   1.426020e+02 -9.132099e+01 1.265191e+01
      vertex   1.368562e+02 -8.734795e+01 1.349627e+01
      vertex   1.392750e+02 -1.011371e+02 1.359463e+01
    endloop
  endfacet
  facet normal 1.702096e-01 3.688262e-02 9.847174e-01
    outer loop
      vertex   1.426020e+02 -9.132099e+01 1.265191e+01
      vertex   1.392750e+02 -1.011371e+02 1.359463e+01
      vertex   1.450209e+02 -1.051101e+02 1.275027e+01
    endloop
  endfacet
  facet normal 1.702096e-01 3.688262e-02 9.847174e-01
    outer loop
      vertex   1.450209e+02 -1.051101e+02 1.275027e+01
      vertex   1.392750e+02 -1.011371e+02 1.359463e+01
      vertex   1.401476e+02 -1.061110e+02 1.363012e+01
    endloop
  endfacet
  facet normal 1.702096e-01 3.688262e-02 9.847174e-01
    outer loop
      vertex   1.450209e+02 -1.051101e+02 1.275027e+01
      vertex   1.401476e+02 -1.061110e+02 1.363012e+01
      vertex   1.425664e+02 -1.199001e+02 1.372848e+01
    endloop
  endfacet
  facet normal 1.702096e-01 3.688262e-02 9.847174e-01
    outer loop
      vertex   1.650265e+02 -2.740416e+01 6.381788e+00
      vertex   1.127295e+02 -2.811407e+01 1.544799e+01
      vertex   1.269820e+02 -3.105886e+01 1.309473e+01
    endloop
  endfacet
  facet normal 1.702096e-01 3.688262e-02 9.847174e-01
    outer loop
      vertex   1.269820e+02 -3.105886e+01 1.309473e+01
      vertex   1.127295e+02 -2.811407e+01 1.544799e+01
      vertex   1.134000e+02 -3.342403e+01 1.553098e+01
    endloop
  endfacet
  facet normal 1.702096e-01 3.688262e-02 9.847174e-01
    outer loop
      vertex   1.134000e+02 -3.342403e+01 1.553098e+01
      vertex   1.127295e+02 -2.811407e+01 1.544799e+01
      vertex   1.080688e+02 -3.181484e+01 1.639221e+01
    endloop
  endfacet
  facet normal 1.702096e-01 3.688262e-02 9.847174e-01
    outer loop
      vertex   1.134000e+02 -3.342403e+01 1.553098e+01
      vertex   1.080688e+02 -3.181484e+01 1.639221e+01
      vertex   1.104877e+02 -4.560395e+01 1.649057e+01
    endloop
  endfacet
  facet normal 1.702096e-01 3.688262e-02 9.847174e-01
    outer loop
      vertex   1.127295e+02 -2.811407e+01 1.544799e+01
      vertex   9.152132e+01 -3.180726e+01 1.925217e+01
      vertex   1.080688e+02 -3.181484e+01 1.639221e+01
    endloop
  endfacet
  facet normal 1.702096e-01 3.688262e-02 9.847174e-01
    outer loop
      vertex   1.080688e+02 -3.181484e+01 1.639221e+01
      vertex   9.152132e+01 -3.180726e+01 1.925217e+01
      vertex   9.448680e+01 -3.418001e+01 1.882846e+01
    endloop
  endfacet
  facet normal 1.702096e-01 3.688262e-02 9.847174e-01
    outer loop
      vertex   4.795073e+01 -1.365164e+02 3.070529e+01
      vertex   5.850364e+01 -1.275735e+02 2.854625e+01
      vertex   4.375549e+01 -1.331987e+02 3.130618e+01
    endloop
  endfacet
  facet normal 1.702096e-01 3.688262e-02 9.847174e-01
    outer loop
      vertex   6.738945e+01 -1.383326e+02 2.741331e+01
      vertex   6.790004e+01 -1.255438e+02 2.684605e+01
      vertex   5.850364e+01 -1.275735e+02 2.854625e+01
    endloop
  endfacet
  facet normal 1.702096e-01 3.688262e-02 9.847174e-01
    outer loop
      vertex   5.850364e+01 -1.275735e+02 2.854625e+01
      vertex   6.790004e+01 -1.255438e+02 2.684605e+01
      vertex   6.180677e+01 -1.233133e+02 2.781573e+01
    endloop
  endfacet
  facet normal 1.702096e-01 3.688262e-02 9.847174e-01
    outer loop
      vertex   5.850364e+01 -1.275735e+02 2.854625e+01
      vertex   6.180677e+01 -1.233133e+02 2.781573e+01
      vertex   6.150027e+01 -1.234099e+02 2.787233e+01
    endloop
  endfacet
  facet normal 1.702096e-01 3.688262e-02 9.847174e-01
    outer loop
      vertex   6.005704e+01 -1.220641e+02 2.807139e+01
      vertex   6.012610e+01 -1.217461e+02 2.804754e+01
      vertex   4.787731e+01 -1.205494e+02 3.011994e+01
    endloop
  endfacet
  facet normal 1.702096e-01 3.688262e-02 9.847174e-01
    outer loop
      vertex   4.787731e+01 -1.205494e+02 3.011994e+01
      vertex   6.012610e+01 -1.217461e+02 2.804754e+01
      vertex   6.027409e+01 -1.214575e+02 2.801115e+01
    endloop
  endfacet
  facet normal 1.702096e-01 3.688262e-02 9.847174e-01
    outer loop
      vertex   4.787731e+01 -1.205494e+02 3.011994e+01
      vertex   6.027409e+01 -1.214575e+02 2.801115e+01
      vertex   6.049092e+01 -1.212181e+02 2.796470e+01
    endloop
  endfacet
  facet normal 1.702096e-01 3.688262e-02 9.847174e-01
    outer loop
      vertex   6.049092e+01 -1.212181e+02 2.796470e+01
      vertex   6.076182e+01 -1.210442e+02 2.791136e+01
      vertex   4.787731e+01 -1.205494e+02 3.011994e+01
    endloop
  endfacet
  facet normal 1.702096e-01 3.688262e-02 9.847174e-01
    outer loop
      vertex   4.787731e+01 -1.205494e+02 3.011994e+01
      vertex   6.076182e+01 -1.210442e+02 2.791136e+01
      vertex   6.106833e+01 -1.209476e+02 2.785477e+01
    endloop
  endfacet
  facet normal 1.702096e-01 3.688262e-02 9.847174e-01
    outer loop
      vertex   6.170360e+01 -1.210070e+02 2.774718e+01
      vertex   6.198908e+01 -1.211589e+02 2.770353e+01
      vertex   6.812543e+01 -1.170234e+02 2.648796e+01
    endloop
  endfacet
  facet normal 1.702096e-01 3.688262e-02 9.847174e-01
    outer loop
      vertex   6.812543e+01 -1.170234e+02 2.648796e+01
      vertex   6.198908e+01 -1.211589e+02 2.770353e+01
      vertex   6.222652e+01 -1.213803e+02 2.767078e+01
    endloop
  endfacet
  facet normal 1.702096e-01 3.688262e-02 9.847174e-01
    outer loop
      vertex   6.812543e+01 -1.170234e+02 2.648796e+01
      vertex   6.222652e+01 -1.213803e+02 2.767078e+01
      vertex   6.239976e+01 -1.216561e+02 2.765116e+01
    endloop
  endfacet
  facet normal 1.702096e-01 3.688262e-02 9.847174e-01
    outer loop
      vertex   6.239976e+01 -1.216561e+02 2.765116e+01
      vertex   6.249698e+01 -1.219676e+02 2.764603e+01
      vertex   6.812543e+01 -1.170234e+02 2.648796e+01
    endloop
  endfacet
  facet normal 1.702096e-01 3.688262e-02 9.847174e-01
    outer loop
      vertex   6.812543e+01 -1.170234e+02 2.648796e+01
      vertex   6.249698e+01 -1.219676e+02 2.764603e+01
      vertex   6.790004e+01 -1.255438e+02 2.684605e+01
    endloop
  endfacet
  facet normal 1.702096e-01 3.688262e-02 9.847174e-01
    outer loop
      vertex   6.812543e+01 -1.170234e+02 2.648796e+01
      vertex   6.790004e+01 -1.255438e+02 2.684605e+01
      vertex   8.039319e+01 -1.196904e+02 2.446735e+01
    endloop
  endfacet
  facet normal 1.702096e-01 3.688262e-02 9.847174e-01
    outer loop
      vertex   6.249698e+01 -1.219676e+02 2.764603e+01
      vertex   6.251155e+01 -1.222934e+02 2.765571e+01
      vertex   6.790004e+01 -1.255438e+02 2.684605e+01
    endloop
  endfacet
  facet normal 1.702096e-01 3.688262e-02 9.847174e-01
    outer loop
      vertex   6.790004e+01 -1.255438e+02 2.684605e+01
      vertex   6.251155e+01 -1.222934e+02 2.765571e+01
      vertex   6.244249e+01 -1.226115e+02 2.767956e+01
    endloop
  endfacet
  facet normal 1.702096e-01 3.688262e-02 9.847174e-01
    outer loop
      vertex   6.790004e+01 -1.255438e+02 2.684605e+01
      vertex   6.244249e+01 -1.226115e+02 2.767956e+01
      vertex   6.229451e+01 -1.229000e+02 2.771595e+01
    endloop
  endfacet
  facet normal 1.702096e-01 3.688262e-02 9.847174e-01
    outer loop
      vertex   6.229451e+01 -1.229000e+02 2.771595e+01
      vertex   6.207767e+01 -1.231394e+02 2.776239e+01
      vertex   6.790004e+01 -1.255438e+02 2.684605e+01
    endloop
  endfacet
  facet normal 1.702096e-01 3.688262e-02 9.847174e-01
    outer loop
      vertex   6.790004e+01 -1.255438e+02 2.684605e+01
      vertex   6.207767e+01 -1.231394e+02 2.776239e+01
      vertex   6.180677e+01 -1.233133e+02 2.781573e+01
    endloop
  endfacet
  facet normal 1.702096e-01 3.688262e-02 9.847174e-01
    outer loop
      vertex   6.150027e+01 -1.234099e+02 2.787233e+01
      vertex   6.117905e+01 -1.234227e+02 2.792833e+01
      vertex   5.850364e+01 -1.275735e+02 2.854625e+01
    endloop
  endfacet
  facet normal 1.702096e-01 3.688262e-02 9.847174e-01
    outer loop
      vertex   5.850364e+01 -1.275735e+02 2.854625e+01
      vertex   6.117905e+01 -1.234227e+02 2.792833e+01
      vertex   6.086500e+01 -1.233506e+02 2.797992e+01
    endloop
  endfacet
  facet normal 1.702096e-01 3.688262e-02 9.847174e-01
    outer loop
      vertex   5.850364e+01 -1.275735e+02 2.854625e+01
      vertex   6.086500e+01 -1.233506e+02 2.797992e+01
      vertex   6.057952e+01 -1.231987e+02 2.802357e+01
    endloop
  endfacet
  facet normal 1.702096e-01 3.688262e-02 9.847174e-01
    outer loop
      vertex   6.057952e+01 -1.231987e+02 2.802357e+01
      vertex   6.034207e+01 -1.229772e+02 2.805632e+01
      vertex   5.850364e+01 -1.275735e+02 2.854625e+01
    endloop
  endfacet
  facet normal 1.702096e-01 3.688262e-02 9.847174e-01
    outer loop
      vertex   5.850364e+01 -1.275735e+02 2.854625e+01
      vertex   6.034207e+01 -1.229772e+02 2.805632e+01
      vertex   6.016884e+01 -1.227014e+02 2.807593e+01
    endloop
  endfacet
  facet normal 1.702096e-01 3.688262e-02 9.847174e-01
    outer loop
      vertex   5.850364e+01 -1.275735e+02 2.854625e+01
      vertex   6.016884e+01 -1.227014e+02 2.807593e+01
      vertex   6.007162e+01 -1.223900e+02 2.808107e+01
    endloop
  endfacet
  facet normal 1.702096e-01 3.688262e-02 9.847174e-01
    outer loop
      vertex   1.056040e+02 -1.263367e+02 2.035857e+01
      vertex   9.202201e+01 -1.287019e+02 2.279482e+01
      vertex   9.790503e+01 -1.304724e+02 2.184425e+01
    endloop
  endfacet
  facet normal 1.702096e-01 3.688262e-02 9.847174e-01
    outer loop
      vertex   8.960313e+01 -1.149128e+02 2.269646e+01
      vertex   1.031851e+02 -1.125476e+02 2.026020e+01
      vertex   8.873061e+01 -1.099389e+02 2.266097e+01
    endloop
  endfacet
  facet normal 1.702096e-01 3.688262e-02 9.847174e-01
    outer loop
      vertex   8.873061e+01 -1.099389e+02 2.266097e+01
      vertex   1.031851e+02 -1.125476e+02 2.026020e+01
      vertex   1.023126e+02 -1.075737e+02 2.022472e+01
    endloop
  endfacet
  facet normal 1.702096e-01 3.688262e-02 9.847174e-01
    outer loop
      vertex   8.426333e+01 -1.132543e+02 2.355733e+01
      vertex   7.068134e+01 -1.156195e+02 2.599358e+01
      vertex   8.039319e+01 -1.196904e+02 2.446735e+01
    endloop
  endfacet
  facet normal 1.702096e-01 3.688262e-02 9.847174e-01
    outer loop
      vertex   8.039319e+01 -1.196904e+02 2.446735e+01
      vertex   7.068134e+01 -1.156195e+02 2.599358e+01
      vertex   6.812543e+01 -1.170234e+02 2.648796e+01
    endloop
  endfacet
  facet normal 1.702096e-01 3.688262e-02 9.847174e-01
    outer loop
      vertex   7.068134e+01 -1.156195e+02 2.599358e+01
      vertex   6.826246e+01 -1.018304e+02 2.589522e+01
      vertex   6.812543e+01 -1.170234e+02 2.648796e+01
    endloop
  endfacet
  facet normal 1.702096e-01 3.688262e-02 9.847174e-01
    outer loop
      vertex   8.631173e+01 -9.614976e+01 2.256261e+01
      vertex   9.989373e+01 -9.378459e+01 2.012636e+01
      vertex   8.543921e+01 -9.117583e+01 2.252713e+01
    endloop
  endfacet
  facet normal 1.702096e-01 3.688262e-02 9.847174e-01
    outer loop
      vertex   8.543921e+01 -9.117583e+01 2.252713e+01
      vertex   9.989373e+01 -9.378459e+01 2.012636e+01
      vertex   9.902121e+01 -8.881066e+01 2.009087e+01
    endloop
  endfacet
  facet normal 1.702096e-01 3.688262e-02 9.847174e-01
    outer loop
      vertex   1.076524e+02 -1.092321e+02 1.936385e+01
      vertex   1.212344e+02 -1.068670e+02 1.692759e+01
      vertex   1.067799e+02 -1.042582e+02 1.932837e+01
    endloop
  endfacet
  facet normal 1.702096e-01 3.688262e-02 9.847174e-01
    outer loop
      vertex   1.067799e+02 -1.042582e+02 1.932837e+01
      vertex   1.212344e+02 -1.068670e+02 1.692759e+01
      vertex   1.203619e+02 -1.018930e+02 1.689211e+01
    endloop
  endfacet
  facet normal 1.702096e-01 3.688262e-02 9.847174e-01
    outer loop
      vertex   1.203619e+02 -1.018930e+02 1.689211e+01
      vertex   1.212344e+02 -1.068670e+02 1.692759e+01
      vertex   1.256930e+02 -1.035022e+02 1.603089e+01
    endloop
  endfacet
  facet normal 1.702096e-01 3.688262e-02 9.847174e-01
    outer loop
      vertex   1.203619e+02 -1.018930e+02 1.689211e+01
      vertex   1.256930e+02 -1.035022e+02 1.603089e+01
      vertex   1.232742e+02 -8.971312e+01 1.593252e+01
    endloop
  endfacet
  facet normal 1.702096e-01 3.688262e-02 9.847174e-01
    outer loop
      vertex   1.256930e+02 -1.035022e+02 1.603089e+01
      vertex   1.212344e+02 -1.068670e+02 1.692759e+01
      vertex   1.265656e+02 -1.084761e+02 1.606637e+01
    endloop
  endfacet
  facet normal 1.702096e-01 3.688262e-02 9.847174e-01
    outer loop
      vertex   1.265656e+02 -1.084761e+02 1.606637e+01
      vertex   1.212344e+02 -1.068670e+02 1.692759e+01
      vertex   1.236533e+02 -1.206561e+02 1.702596e+01
    endloop
  endfacet
  facet normal 1.702096e-01 3.688262e-02 9.847174e-01
    outer loop
      vertex   1.265656e+02 -1.084761e+02 1.606637e+01
      vertex   1.236533e+02 -1.206561e+02 1.702596e+01
      vertex   1.289844e+02 -1.222653e+02 1.616473e+01
    endloop
  endfacet
  facet normal 1.702096e-01 3.688262e-02 9.847174e-01
    outer loop
      vertex   1.289844e+02 -1.222653e+02 1.616473e+01
      vertex   1.236533e+02 -1.206561e+02 1.702596e+01
      vertex   1.100713e+02 -1.230212e+02 1.946221e+01
    endloop
  endfacet
  facet normal 1.702096e-01 3.688262e-02 9.847174e-01
    outer loop
      vertex   1.450209e+02 -1.051101e+02 1.275027e+01
      vertex   1.425664e+02 -1.199001e+02 1.372848e+01
      vertex   1.464669e+02 -1.220158e+02 1.313354e+01
    endloop
  endfacet
  facet normal 1.702096e-01 3.688262e-02 9.847174e-01
    outer loop
      vertex   1.464669e+02 -1.220158e+02 1.313354e+01
      vertex   1.425664e+02 -1.199001e+02 1.372848e+01
      vertex   1.289844e+02 -1.222653e+02 1.616473e+01
    endloop
  endfacet
  facet normal 1.702096e-01 3.688262e-02 9.847174e-01
    outer loop
      vertex   1.256930e+02 -1.035022e+02 1.603089e+01
      vertex   1.265656e+02 -1.084761e+02 1.606637e+01
      vertex   1.392750e+02 -1.011371e+02 1.359463e+01
    endloop
  endfacet
  facet normal 1.702096e-01 3.688262e-02 9.847174e-01
    outer loop
      vertex   1.392750e+02 -1.011371e+02 1.359463e+01
      vertex   1.265656e+02 -1.084761e+02 1.606637e+01
      vertex   1.401476e+02 -1.061110e+02 1.363012e+01
    endloop
  endfacet
  facet normal 1.702096e-01 3.688262e-02 9.847174e-01
    outer loop
      vertex   1.368562e+02 -8.734795e+01 1.349627e+01
      vertex   1.359836e+02 -8.237403e+01 1.346079e+01
      vertex   1.232742e+02 -8.971312e+01 1.593252e+01
    endloop
  endfacet
  facet normal 1.702096e-01 3.688262e-02 9.847174e-01
    outer loop
      vertex   1.232742e+02 -8.971312e+01 1.593252e+01
      vertex   1.359836e+02 -8.237403e+01 1.346079e+01
      vertex   1.224016e+02 -8.473919e+01 1.589704e+01
    endloop
  endfacet
  facet normal 1.702096e-01 3.688262e-02 9.847174e-01
    outer loop
      vertex   1.232742e+02 -8.971312e+01 1.593252e+01
      vertex   1.224016e+02 -8.473919e+01 1.589704e+01
      vertex   1.179430e+02 -8.810393e+01 1.679375e+01
    endloop
  endfacet
  facet normal 1.702096e-01 3.688262e-02 9.847174e-01
    outer loop
      vertex   1.179430e+02 -8.810393e+01 1.679375e+01
      vertex   1.224016e+02 -8.473919e+01 1.589704e+01
      vertex   1.170705e+02 -8.313000e+01 1.675827e+01
    endloop
  endfacet
  facet normal 1.702096e-01 3.688262e-02 9.847174e-01
    outer loop
      vertex   1.179430e+02 -8.810393e+01 1.679375e+01
      vertex   1.170705e+02 -8.313000e+01 1.675827e+01
      vertex   1.034885e+02 -8.549517e+01 1.919452e+01
    endloop
  endfacet
  facet normal 1.702096e-01 3.688262e-02 9.847174e-01
    outer loop
      vertex   1.043610e+02 -9.046910e+01 1.923000e+01
      vertex   1.179430e+02 -8.810393e+01 1.679375e+01
      vertex   1.034885e+02 -8.549517e+01 1.919452e+01
    endloop
  endfacet
  facet normal 1.702096e-01 3.688262e-02 9.847174e-01
    outer loop
      vertex   1.179430e+02 -8.810393e+01 1.679375e+01
      vertex   1.203619e+02 -1.018930e+02 1.689211e+01
      vertex   1.232742e+02 -8.971312e+01 1.593252e+01
    endloop
  endfacet
  facet normal 1.702096e-01 3.688262e-02 9.847174e-01
    outer loop
      vertex   1.426020e+02 -9.132099e+01 1.265191e+01
      vertex   1.561840e+02 -8.895582e+01 1.021565e+01
      vertex   1.417295e+02 -8.634706e+01 1.261642e+01
    endloop
  endfacet
  facet normal 1.702096e-01 3.688262e-02 9.847174e-01
    outer loop
      vertex   1.417295e+02 -8.634706e+01 1.261642e+01
      vertex   1.561840e+02 -8.895582e+01 1.021565e+01
      vertex   1.553115e+02 -8.398189e+01 1.018017e+01
    endloop
  endfacet
  facet normal 1.702096e-01 3.688262e-02 9.847174e-01
    outer loop
      vertex   1.553115e+02 -8.398189e+01 1.018017e+01
      vertex   1.561840e+02 -8.895582e+01 1.021565e+01
      vertex   1.568085e+02 -8.626242e+01 1.000683e+01
    endloop
  endfacet
  facet normal 1.702096e-01 3.688262e-02 9.847174e-01
    outer loop
      vertex   1.553115e+02 -8.398189e+01 1.018017e+01
      vertex   1.568085e+02 -8.626242e+01 1.000683e+01
      vertex   1.567939e+02 -8.593657e+01 9.997145e+00
    endloop
  endfacet
  facet normal 1.702096e-01 3.688262e-02 9.847174e-01
    outer loop
      vertex   1.586029e+02 -1.027449e+02 1.031402e+01
      vertex   1.635021e+02 -1.018918e+02 9.435229e+00
      vertex   1.561840e+02 -8.895582e+01 1.021565e+01
    endloop
  endfacet
  facet normal 1.702096e-01 3.688262e-02 9.847174e-01
    outer loop
      vertex   1.561840e+02 -8.895582e+01 1.021565e+01
      vertex   1.635021e+02 -1.018918e+02 9.435229e+00
      vertex   1.610832e+02 -8.810267e+01 9.336863e+00
    endloop
  endfacet
  facet normal 1.702096e-01 3.688262e-02 9.847174e-01
    outer loop
      vertex   1.561840e+02 -8.895582e+01 1.021565e+01
      vertex   1.610832e+02 -8.810267e+01 9.336863e+00
      vertex   1.582371e+02 -8.728241e+01 9.798090e+00
    endloop
  endfacet
  facet normal 1.702096e-01 3.688262e-02 9.847174e-01
    outer loop
      vertex   1.582371e+02 -8.728241e+01 9.798090e+00
      vertex   1.610832e+02 -8.810267e+01 9.336863e+00
      vertex   1.585436e+02 -8.718580e+01 9.741492e+00
    endloop
  endfacet
  facet normal 1.702096e-01 3.688262e-02 9.847174e-01
    outer loop
      vertex   1.585436e+02 -8.718580e+01 9.741492e+00
      vertex   1.610832e+02 -8.810267e+01 9.336863e+00
      vertex   1.588145e+02 -8.701188e+01 9.688153e+00
    endloop
  endfacet
  facet normal 1.702096e-01 3.688262e-02 9.847174e-01
    outer loop
      vertex   1.588145e+02 -8.701188e+01 9.688153e+00
      vertex   1.610832e+02 -8.810267e+01 9.336863e+00
      vertex   1.590314e+02 -8.677249e+01 9.641706e+00
    endloop
  endfacet
  facet normal 1.702096e-01 3.688262e-02 9.847174e-01
    outer loop
      vertex   1.590314e+02 -8.677249e+01 9.641706e+00
      vertex   1.610832e+02 -8.810267e+01 9.336863e+00
      vertex   1.591793e+02 -8.648394e+01 9.605319e+00
    endloop
  endfacet
  facet normal 1.702096e-01 3.688262e-02 9.847174e-01
    outer loop
      vertex   1.591793e+02 -8.648394e+01 9.605319e+00
      vertex   1.610832e+02 -8.810267e+01 9.336863e+00
      vertex   1.592484e+02 -8.616591e+01 9.581470e+00
    endloop
  endfacet
  facet normal 1.702096e-01 3.688262e-02 9.847174e-01
    outer loop
      vertex   1.746652e+02 -8.573750e+01 6.900611e+00
      vertex   1.770841e+02 -9.952660e+01 6.998976e+00
      vertex   1.799119e+02 -1.018538e+02 6.597350e+00
    endloop
  endfacet
  facet normal 1.702096e-01 3.688262e-02 9.847174e-01
    outer loop
      vertex   1.799119e+02 -1.018538e+02 6.597350e+00
      vertex   1.770841e+02 -9.952660e+01 6.998976e+00
      vertex   1.635021e+02 -1.018918e+02 9.435229e+00
    endloop
  endfacet
  facet normal 1.702096e-01 3.688262e-02 9.847174e-01
    outer loop
      vertex   1.553115e+02 -8.398189e+01 1.018017e+01
      vertex   1.602107e+02 -8.312874e+01 9.301381e+00
      vertex   1.528926e+02 -7.019279e+01 1.008181e+01
    endloop
  endfacet
  facet normal 1.702096e-01 3.688262e-02 9.847174e-01
    outer loop
      vertex   1.528926e+02 -7.019279e+01 1.008181e+01
      vertex   1.602107e+02 -8.312874e+01 9.301381e+00
      vertex   1.577918e+02 -6.933964e+01 9.203016e+00
    endloop
  endfacet
  facet normal 1.702096e-01 3.688262e-02 9.847174e-01
    outer loop
      vertex   1.528926e+02 -7.019279e+01 1.008181e+01
      vertex   1.577918e+02 -6.933964e+01 9.203016e+00
      vertex   1.520201e+02 -6.521886e+01 1.004633e+01
    endloop
  endfacet
  facet normal 1.702096e-01 3.688262e-02 9.847174e-01
    outer loop
      vertex   1.520201e+02 -6.521886e+01 1.004633e+01
      vertex   1.577918e+02 -6.933964e+01 9.203016e+00
      vertex   1.569193e+02 -6.436571e+01 9.167534e+00
    endloop
  endfacet
  facet normal 1.702096e-01 3.688262e-02 9.847174e-01
    outer loop
      vertex   1.520201e+02 -6.521886e+01 1.004633e+01
      vertex   1.569193e+02 -6.436571e+01 9.167534e+00
      vertex   1.496012e+02 -5.142976e+01 9.947960e+00
    endloop
  endfacet
  facet normal 1.702096e-01 3.688262e-02 9.847174e-01
    outer loop
      vertex   1.496012e+02 -5.142976e+01 9.947960e+00
      vertex   1.569193e+02 -6.436571e+01 9.167534e+00
      vertex   1.545004e+02 -5.057661e+01 9.069169e+00
    endloop
  endfacet
  facet normal 1.702096e-01 3.688262e-02 9.847174e-01
    outer loop
      vertex   1.496012e+02 -5.142976e+01 9.947960e+00
      vertex   1.545004e+02 -5.057661e+01 9.069169e+00
      vertex   1.515852e+02 -4.936238e+01 9.527586e+00
    endloop
  endfacet
  facet normal 1.702096e-01 3.688262e-02 9.847174e-01
    outer loop
      vertex   1.515852e+02 -4.936238e+01 9.527586e+00
      vertex   1.545004e+02 -5.057661e+01 9.069169e+00
      vertex   1.518917e+02 -4.926577e+01 9.470988e+00
    endloop
  endfacet
  facet normal 1.702096e-01 3.688262e-02 9.847174e-01
    outer loop
      vertex   1.518917e+02 -4.926577e+01 9.470988e+00
      vertex   1.545004e+02 -5.057661e+01 9.069169e+00
      vertex   1.521626e+02 -4.909185e+01 9.417648e+00
    endloop
  endfacet
  facet normal 1.702096e-01 3.688262e-02 9.847174e-01
    outer loop
      vertex   1.521626e+02 -4.909185e+01 9.417648e+00
      vertex   1.545004e+02 -5.057661e+01 9.069169e+00
      vertex   1.523794e+02 -4.885245e+01 9.371202e+00
    endloop
  endfacet
  facet normal 1.702096e-01 3.688262e-02 9.847174e-01
    outer loop
      vertex   1.523794e+02 -4.885245e+01 9.371202e+00
      vertex   1.545004e+02 -5.057661e+01 9.069169e+00
      vertex   1.525274e+02 -4.856391e+01 9.334815e+00
    endloop
  endfacet
  facet normal 1.702096e-01 3.688262e-02 9.847174e-01
    outer loop
      vertex   1.525274e+02 -4.856391e+01 9.334815e+00
      vertex   1.545004e+02 -5.057661e+01 9.069169e+00
      vertex   1.525965e+02 -4.824588e+01 9.310966e+00
    endloop
  endfacet
  facet normal 1.702096e-01 3.688262e-02 9.847174e-01
    outer loop
      vertex   1.525965e+02 -4.824588e+01 9.310966e+00
      vertex   1.545004e+02 -5.057661e+01 9.069169e+00
      vertex   1.525819e+02 -4.792003e+01 9.301281e+00
    endloop
  endfacet
  facet normal 1.702096e-01 3.688262e-02 9.847174e-01
    outer loop
      vertex   1.525819e+02 -4.792003e+01 9.301281e+00
      vertex   1.545004e+02 -5.057661e+01 9.069169e+00
      vertex   1.536279e+02 -4.560268e+01 9.033687e+00
    endloop
  endfacet
  facet normal 1.702096e-01 3.688262e-02 9.847174e-01
    outer loop
      vertex   1.525819e+02 -4.792003e+01 9.301281e+00
      vertex   1.536279e+02 -4.560268e+01 9.033687e+00
      vertex   1.524847e+02 -4.760858e+01 9.306420e+00
    endloop
  endfacet
  facet normal 1.702096e-01 3.688262e-02 9.847174e-01
    outer loop
      vertex   1.524847e+02 -4.760858e+01 9.306420e+00
      vertex   1.536279e+02 -4.560268e+01 9.033687e+00
      vertex   1.523115e+02 -4.733274e+01 9.326032e+00
    endloop
  endfacet
  facet normal 1.702096e-01 3.688262e-02 9.847174e-01
    outer loop
      vertex   1.523115e+02 -4.733274e+01 9.326032e+00
      vertex   1.536279e+02 -4.560268e+01 9.033687e+00
      vertex   1.520740e+02 -4.711132e+01 9.358781e+00
    endloop
  endfacet
  facet normal 1.702096e-01 3.688262e-02 9.847174e-01
    outer loop
      vertex   1.520740e+02 -4.711132e+01 9.358781e+00
      vertex   1.536279e+02 -4.560268e+01 9.033687e+00
      vertex   1.517885e+02 -4.695940e+01 9.402436e+00
    endloop
  endfacet
  facet normal 1.702096e-01 3.688262e-02 9.847174e-01
    outer loop
      vertex   1.517885e+02 -4.695940e+01 9.402436e+00
      vertex   1.536279e+02 -4.560268e+01 9.033687e+00
      vertex   1.514745e+02 -4.688733e+01 9.454021e+00
    endloop
  endfacet
  facet normal 1.702096e-01 3.688262e-02 9.847174e-01
    outer loop
      vertex   1.514745e+02 -4.688733e+01 9.454021e+00
      vertex   1.536279e+02 -4.560268e+01 9.033687e+00
      vertex   1.511533e+02 -4.690004e+01 9.510021e+00
    endloop
  endfacet
  facet normal 1.702096e-01 3.688262e-02 9.847174e-01
    outer loop
      vertex   1.511533e+02 -4.690004e+01 9.510021e+00
      vertex   1.536279e+02 -4.560268e+01 9.033687e+00
      vertex   1.487287e+02 -4.645583e+01 9.912478e+00
    endloop
  endfacet
  facet normal 1.702096e-01 3.688262e-02 9.847174e-01
    outer loop
      vertex   1.511533e+02 -4.690004e+01 9.510021e+00
      vertex   1.487287e+02 -4.645583e+01 9.912478e+00
      vertex   1.508468e+02 -4.699665e+01 9.566619e+00
    endloop
  endfacet
  facet normal 1.702096e-01 3.688262e-02 9.847174e-01
    outer loop
      vertex   1.508468e+02 -4.699665e+01 9.566619e+00
      vertex   1.487287e+02 -4.645583e+01 9.912478e+00
      vertex   1.505759e+02 -4.717057e+01 9.619959e+00
    endloop
  endfacet
  facet normal 1.702096e-01 3.688262e-02 9.847174e-01
    outer loop
      vertex   1.505759e+02 -4.717057e+01 9.619959e+00
      vertex   1.487287e+02 -4.645583e+01 9.912478e+00
      vertex   1.503590e+02 -4.740996e+01 9.666405e+00
    endloop
  endfacet
  facet normal 1.702096e-01 3.688262e-02 9.847174e-01
    outer loop
      vertex   1.503590e+02 -4.740996e+01 9.666405e+00
      vertex   1.487287e+02 -4.645583e+01 9.912478e+00
      vertex   1.502110e+02 -4.769851e+01 9.702792e+00
    endloop
  endfacet
  facet normal 1.702096e-01 3.688262e-02 9.847174e-01
    outer loop
      vertex   1.502110e+02 -4.769851e+01 9.702792e+00
      vertex   1.487287e+02 -4.645583e+01 9.912478e+00
      vertex   1.501420e+02 -4.801654e+01 9.726641e+00
    endloop
  endfacet
  facet normal 1.702096e-01 3.688262e-02 9.847174e-01
    outer loop
      vertex   1.501420e+02 -4.801654e+01 9.726641e+00
      vertex   1.487287e+02 -4.645583e+01 9.912478e+00
      vertex   1.501566e+02 -4.834238e+01 9.736326e+00
    endloop
  endfacet
  facet normal 1.702096e-01 3.688262e-02 9.847174e-01
    outer loop
      vertex   1.501566e+02 -4.834238e+01 9.736326e+00
      vertex   1.487287e+02 -4.645583e+01 9.912478e+00
      vertex   1.496012e+02 -5.142976e+01 9.947960e+00
    endloop
  endfacet
  facet normal 1.702096e-01 3.688262e-02 9.847174e-01
    outer loop
      vertex   1.501566e+02 -4.834238e+01 9.736326e+00
      vertex   1.496012e+02 -5.142976e+01 9.947960e+00
      vertex   1.502538e+02 -4.865384e+01 9.731187e+00
    endloop
  endfacet
  facet normal 1.702096e-01 3.688262e-02 9.847174e-01
    outer loop
      vertex   1.502538e+02 -4.865384e+01 9.731187e+00
      vertex   1.496012e+02 -5.142976e+01 9.947960e+00
      vertex   1.504270e+02 -4.892968e+01 9.711575e+00
    endloop
  endfacet
  facet normal 1.702096e-01 3.688262e-02 9.847174e-01
    outer loop
      vertex   1.504270e+02 -4.892968e+01 9.711575e+00
      vertex   1.496012e+02 -5.142976e+01 9.947960e+00
      vertex   1.506645e+02 -4.915110e+01 9.678825e+00
    endloop
  endfacet
  facet normal 1.702096e-01 3.688262e-02 9.847174e-01
    outer loop
      vertex   1.506645e+02 -4.915110e+01 9.678825e+00
      vertex   1.496012e+02 -5.142976e+01 9.947960e+00
      vertex   1.509499e+02 -4.930302e+01 9.635171e+00
    endloop
  endfacet
  facet normal 1.702096e-01 3.688262e-02 9.847174e-01
    outer loop
      vertex   1.509499e+02 -4.930302e+01 9.635171e+00
      vertex   1.496012e+02 -5.142976e+01 9.947960e+00
      vertex   1.512640e+02 -4.937508e+01 9.583586e+00
    endloop
  endfacet
  facet normal 1.702096e-01 3.688262e-02 9.847174e-01
    outer loop
      vertex   1.512640e+02 -4.937508e+01 9.583586e+00
      vertex   1.496012e+02 -5.142976e+01 9.947960e+00
      vertex   1.515852e+02 -4.936238e+01 9.527586e+00
    endloop
  endfacet
  facet normal 1.702096e-01 3.688262e-02 9.847174e-01
    outer loop
      vertex   1.393106e+02 -7.255796e+01 1.251806e+01
      vertex   1.528926e+02 -7.019279e+01 1.008181e+01
      vertex   1.384381e+02 -6.758403e+01 1.248258e+01
    endloop
  endfacet
  facet normal 1.702096e-01 3.688262e-02 9.847174e-01
    outer loop
      vertex   1.384381e+02 -6.758403e+01 1.248258e+01
      vertex   1.528926e+02 -7.019279e+01 1.008181e+01
      vertex   1.520201e+02 -6.521886e+01 1.004633e+01
    endloop
  endfacet
  facet normal 1.702096e-01 3.688262e-02 9.847174e-01
    outer loop
      vertex   1.567939e+02 -8.593657e+01 9.997145e+00
      vertex   1.568630e+02 -8.561854e+01 9.973297e+00
      vertex   1.553115e+02 -8.398189e+01 1.018017e+01
    endloop
  endfacet
  facet normal 1.702096e-01 3.688262e-02 9.847174e-01
    outer loop
      vertex   1.553115e+02 -8.398189e+01 1.018017e+01
      vertex   1.568630e+02 -8.561854e+01 9.973297e+00
      vertex   1.570109e+02 -8.533000e+01 9.936909e+00
    endloop
  endfacet
  facet normal 1.702096e-01 3.688262e-02 9.847174e-01
    outer loop
      vertex   1.553115e+02 -8.398189e+01 1.018017e+01
      vertex   1.570109e+02 -8.533000e+01 9.936909e+00
      vertex   1.572278e+02 -8.509060e+01 9.890463e+00
    endloop
  endfacet
  facet normal 1.702096e-01 3.688262e-02 9.847174e-01
    outer loop
      vertex   1.572278e+02 -8.509060e+01 9.890463e+00
      vertex   1.574987e+02 -8.491668e+01 9.837123e+00
      vertex   1.553115e+02 -8.398189e+01 1.018017e+01
    endloop
  endfacet
  facet normal 1.702096e-01 3.688262e-02 9.847174e-01
    outer loop
      vertex   1.553115e+02 -8.398189e+01 1.018017e+01
      vertex   1.574987e+02 -8.491668e+01 9.837123e+00
      vertex   1.578052e+02 -8.482007e+01 9.780525e+00
    endloop
  endfacet
  facet normal 1.702096e-01 3.688262e-02 9.847174e-01
    outer loop
      vertex   1.553115e+02 -8.398189e+01 1.018017e+01
      vertex   1.578052e+02 -8.482007e+01 9.780525e+00
      vertex   1.602107e+02 -8.312874e+01 9.301381e+00
    endloop
  endfacet
  facet normal 1.702096e-01 3.688262e-02 9.847174e-01
    outer loop
      vertex   1.602107e+02 -8.312874e+01 9.301381e+00
      vertex   1.578052e+02 -8.482007e+01 9.780525e+00
      vertex   1.581264e+02 -8.480737e+01 9.724526e+00
    endloop
  endfacet
  facet normal 1.702096e-01 3.688262e-02 9.847174e-01
    outer loop
      vertex   1.602107e+02 -8.312874e+01 9.301381e+00
      vertex   1.581264e+02 -8.480737e+01 9.724526e+00
      vertex   1.584405e+02 -8.487943e+01 9.672941e+00
    endloop
  endfacet
  facet normal 1.702096e-01 3.688262e-02 9.847174e-01
    outer loop
      vertex   1.584405e+02 -8.487943e+01 9.672941e+00
      vertex   1.587259e+02 -8.503135e+01 9.629286e+00
      vertex   1.602107e+02 -8.312874e+01 9.301381e+00
    endloop
  endfacet
  facet normal 1.702096e-01 3.688262e-02 9.847174e-01
    outer loop
      vertex   1.602107e+02 -8.312874e+01 9.301381e+00
      vertex   1.587259e+02 -8.503135e+01 9.629286e+00
      vertex   1.589634e+02 -8.525277e+01 9.596537e+00
    endloop
  endfacet
  facet normal 1.702096e-01 3.688262e-02 9.847174e-01
    outer loop
      vertex   1.602107e+02 -8.312874e+01 9.301381e+00
      vertex   1.589634e+02 -8.525277e+01 9.596537e+00
      vertex   1.591366e+02 -8.552861e+01 9.576924e+00
    endloop
  endfacet
  facet normal 1.702096e-01 3.688262e-02 9.847174e-01
    outer loop
      vertex   1.591366e+02 -8.552861e+01 9.576924e+00
      vertex   1.592338e+02 -8.584007e+01 9.571785e+00
      vertex   1.602107e+02 -8.312874e+01 9.301381e+00
    endloop
  endfacet
  facet normal 1.702096e-01 3.688262e-02 9.847174e-01
    outer loop
      vertex   1.582371e+02 -8.728241e+01 9.798090e+00
      vertex   1.579159e+02 -8.729512e+01 9.854090e+00
      vertex   1.561840e+02 -8.895582e+01 1.021565e+01
    endloop
  endfacet
  facet normal 1.702096e-01 3.688262e-02 9.847174e-01
    outer loop
      vertex   1.561840e+02 -8.895582e+01 1.021565e+01
      vertex   1.579159e+02 -8.729512e+01 9.854090e+00
      vertex   1.576018e+02 -8.722305e+01 9.905675e+00
    endloop
  endfacet
  facet normal 1.702096e-01 3.688262e-02 9.847174e-01
    outer loop
      vertex   1.561840e+02 -8.895582e+01 1.021565e+01
      vertex   1.576018e+02 -8.722305e+01 9.905675e+00
      vertex   1.573164e+02 -8.707113e+01 9.949330e+00
    endloop
  endfacet
  facet normal 1.702096e-01 3.688262e-02 9.847174e-01
    outer loop
      vertex   1.573164e+02 -8.707113e+01 9.949330e+00
      vertex   1.570789e+02 -8.684971e+01 9.982079e+00
      vertex   1.561840e+02 -8.895582e+01 1.021565e+01
    endloop
  endfacet
  facet normal 1.702096e-01 3.688262e-02 9.847174e-01
    outer loop
      vertex   1.561840e+02 -8.895582e+01 1.021565e+01
      vertex   1.570789e+02 -8.684971e+01 9.982079e+00
      vertex   1.569057e+02 -8.657387e+01 1.000169e+01
    endloop
  endfacet
  facet normal 1.702096e-01 3.688262e-02 9.847174e-01
    outer loop
      vertex   1.561840e+02 -8.895582e+01 1.021565e+01
      vertex   1.569057e+02 -8.657387e+01 1.000169e+01
      vertex   1.568085e+02 -8.626242e+01 1.000683e+01
    endloop
  endfacet
  facet normal 1.702096e-01 3.688262e-02 9.847174e-01
    outer loop
      vertex   1.577918e+02 -6.933964e+01 9.203016e+00
      vertex   1.713738e+02 -6.697447e+01 6.766764e+00
      vertex   1.569193e+02 -6.436571e+01 9.167534e+00
    endloop
  endfacet
  facet normal 1.702096e-01 3.688262e-02 9.847174e-01
    outer loop
      vertex   1.569193e+02 -6.436571e+01 9.167534e+00
      vertex   1.713738e+02 -6.697447e+01 6.766764e+00
      vertex   1.705013e+02 -6.200055e+01 6.731282e+00
    endloop
  endfacet
  facet normal 1.702096e-01 3.688262e-02 9.847174e-01
    outer loop
      vertex   1.705013e+02 -6.200055e+01 6.731282e+00
      vertex   1.713738e+02 -6.697447e+01 6.766764e+00
      vertex   1.669733e+02 -2.824952e+01 6.076944e+00
    endloop
  endfacet
  facet normal 1.702096e-01 3.688262e-02 9.847174e-01
    outer loop
      vertex   1.705013e+02 -6.200055e+01 6.731282e+00
      vertex   1.669733e+02 -2.824952e+01 6.076944e+00
      vertex   1.680824e+02 -4.821144e+01 6.632917e+00
    endloop
  endfacet
  facet normal 1.702096e-01 3.688262e-02 9.847174e-01
    outer loop
      vertex   1.680824e+02 -4.821144e+01 6.632917e+00
      vertex   1.669733e+02 -2.824952e+01 6.076944e+00
      vertex   1.672099e+02 -4.323752e+01 6.597435e+00
    endloop
  endfacet
  facet normal 1.702096e-01 3.688262e-02 9.847174e-01
    outer loop
      vertex   1.680824e+02 -4.821144e+01 6.632917e+00
      vertex   1.672099e+02 -4.323752e+01 6.597435e+00
      vertex   1.536279e+02 -4.560268e+01 9.033687e+00
    endloop
  endfacet
  facet normal 1.702096e-01 3.688262e-02 9.847174e-01
    outer loop
      vertex   6.497106e+01 -8.306738e+01 2.576137e+01
      vertex   7.855305e+01 -8.070222e+01 2.332512e+01
      vertex   6.409853e+01 -7.809346e+01 2.572589e+01
    endloop
  endfacet
  facet normal 1.702096e-01 3.688262e-02 9.847174e-01
    outer loop
      vertex   6.409853e+01 -7.809346e+01 2.572589e+01
      vertex   7.855305e+01 -8.070222e+01 2.332512e+01
      vertex   7.768053e+01 -7.572829e+01 2.328964e+01
    endloop
  endfacet
  facet normal 1.702096e-01 3.688262e-02 9.847174e-01
    outer loop
      vertex   7.768053e+01 -7.572829e+01 2.328964e+01
      vertex   7.855305e+01 -8.070222e+01 2.332512e+01
      vertex   8.302033e+01 -7.738673e+01 2.242876e+01
    endloop
  endfacet
  facet normal 1.702096e-01 3.688262e-02 9.847174e-01
    outer loop
      vertex   7.768053e+01 -7.572829e+01 2.328964e+01
      vertex   8.302033e+01 -7.738673e+01 2.242876e+01
      vertex   8.214781e+01 -7.241280e+01 2.239328e+01
    endloop
  endfacet
  facet normal 1.702096e-01 3.688262e-02 9.847174e-01
    outer loop
      vertex   8.214781e+01 -7.241280e+01 2.239328e+01
      vertex   8.302033e+01 -7.738673e+01 2.242876e+01
      vertex   9.660233e+01 -7.502156e+01 1.999251e+01
    endloop
  endfacet
  facet normal 1.702096e-01 3.688262e-02 9.847174e-01
    outer loop
      vertex   8.214781e+01 -7.241280e+01 2.239328e+01
      vertex   9.660233e+01 -7.502156e+01 1.999251e+01
      vertex   9.572981e+01 -7.004763e+01 1.995703e+01
    endloop
  endfacet
  facet normal 1.702096e-01 3.688262e-02 9.847174e-01
    outer loop
      vertex   8.302033e+01 -7.738673e+01 2.242876e+01
      vertex   7.855305e+01 -8.070222e+01 2.332512e+01
      vertex   8.543921e+01 -9.117583e+01 2.252713e+01
    endloop
  endfacet
  facet normal 1.702096e-01 3.688262e-02 9.847174e-01
    outer loop
      vertex   8.543921e+01 -9.117583e+01 2.252713e+01
      vertex   7.855305e+01 -8.070222e+01 2.332512e+01
      vertex   8.097193e+01 -9.449132e+01 2.342348e+01
    endloop
  endfacet
  facet normal 1.702096e-01 3.688262e-02 9.847174e-01
    outer loop
      vertex   8.097193e+01 -9.449132e+01 2.342348e+01
      vertex   6.738993e+01 -9.685649e+01 2.585973e+01
      vertex   8.184445e+01 -9.946525e+01 2.345896e+01
    endloop
  endfacet
  facet normal 1.702096e-01 3.688262e-02 9.847174e-01
    outer loop
      vertex   7.768053e+01 -7.572829e+01 2.328964e+01
      vertex   8.214781e+01 -7.241280e+01 2.239328e+01
      vertex   7.526165e+01 -6.193919e+01 2.319127e+01
    endloop
  endfacet
  facet normal 1.702096e-01 3.688262e-02 9.847174e-01
    outer loop
      vertex   7.526165e+01 -6.193919e+01 2.319127e+01
      vertex   8.214781e+01 -7.241280e+01 2.239328e+01
      vertex   7.972893e+01 -5.862370e+01 2.229491e+01
    endloop
  endfacet
  facet normal 1.702096e-01 3.688262e-02 9.847174e-01
    outer loop
      vertex   7.526165e+01 -6.193919e+01 2.319127e+01
      vertex   7.972893e+01 -5.862370e+01 2.229491e+01
      vertex   7.760590e+01 -5.817631e+01 2.264512e+01
    endloop
  endfacet
  facet normal 1.702096e-01 3.688262e-02 9.847174e-01
    outer loop
      vertex   7.760590e+01 -5.817631e+01 2.264512e+01
      vertex   7.972893e+01 -5.862370e+01 2.229491e+01
      vertex   7.791241e+01 -5.807970e+01 2.258853e+01
    endloop
  endfacet
  facet normal 1.702096e-01 3.688262e-02 9.847174e-01
    outer loop
      vertex   7.791241e+01 -5.807970e+01 2.258853e+01
      vertex   7.972893e+01 -5.862370e+01 2.229491e+01
      vertex   7.818331e+01 -5.790577e+01 2.253519e+01
    endloop
  endfacet
  facet normal 1.702096e-01 3.688262e-02 9.847174e-01
    outer loop
      vertex   7.818331e+01 -5.790577e+01 2.253519e+01
      vertex   7.972893e+01 -5.862370e+01 2.229491e+01
      vertex   7.840014e+01 -5.766638e+01 2.248874e+01
    endloop
  endfacet
  facet normal 1.702096e-01 3.688262e-02 9.847174e-01
    outer loop
      vertex   7.840014e+01 -5.766638e+01 2.248874e+01
      vertex   7.972893e+01 -5.862370e+01 2.229491e+01
      vertex   7.854813e+01 -5.737784e+01 2.245235e+01
    endloop
  endfacet
  facet normal 1.702096e-01 3.688262e-02 9.847174e-01
    outer loop
      vertex   7.854813e+01 -5.737784e+01 2.245235e+01
      vertex   7.972893e+01 -5.862370e+01 2.229491e+01
      vertex   7.861719e+01 -5.705981e+01 2.242850e+01
    endloop
  endfacet
  facet normal 1.702096e-01 3.688262e-02 9.847174e-01
    outer loop
      vertex   7.861719e+01 -5.705981e+01 2.242850e+01
      vertex   7.972893e+01 -5.862370e+01 2.229491e+01
      vertex   7.860261e+01 -5.673396e+01 2.241882e+01
    endloop
  endfacet
  facet normal 1.702096e-01 3.688262e-02 9.847174e-01
    outer loop
      vertex   7.860261e+01 -5.673396e+01 2.241882e+01
      vertex   7.972893e+01 -5.862370e+01 2.229491e+01
      vertex   9.331093e+01 -5.625853e+01 1.985866e+01
    endloop
  endfacet
  facet normal 1.702096e-01 3.688262e-02 9.847174e-01
    outer loop
      vertex   7.860261e+01 -5.673396e+01 2.241882e+01
      vertex   9.331093e+01 -5.625853e+01 1.985866e+01
      vertex   7.885641e+01 -5.364977e+01 2.225943e+01
    endloop
  endfacet
  facet normal 1.702096e-01 3.688262e-02 9.847174e-01
    outer loop
      vertex   7.885641e+01 -5.364977e+01 2.225943e+01
      vertex   9.331093e+01 -5.625853e+01 1.985866e+01
      vertex   9.243840e+01 -5.128460e+01 1.982318e+01
    endloop
  endfacet
  facet normal 1.702096e-01 3.688262e-02 9.847174e-01
    outer loop
      vertex   6.080713e+01 -5.933043e+01 2.559204e+01
      vertex   7.526165e+01 -6.193919e+01 2.319127e+01
      vertex   7.438913e+01 -5.696526e+01 2.315579e+01
    endloop
  endfacet
  facet normal 1.702096e-01 3.688262e-02 9.847174e-01
    outer loop
      vertex   7.438913e+01 -5.696526e+01 2.315579e+01
      vertex   7.526165e+01 -6.193919e+01 2.319127e+01
      vertex   7.644771e+01 -5.774361e+01 2.282911e+01
    endloop
  endfacet
  facet normal 1.702096e-01 3.688262e-02 9.847174e-01
    outer loop
      vertex   7.438913e+01 -5.696526e+01 2.315579e+01
      vertex   7.644771e+01 -5.774361e+01 2.282911e+01
      vertex   7.627447e+01 -5.746777e+01 2.284873e+01
    endloop
  endfacet
  facet normal 1.702096e-01 3.688262e-02 9.847174e-01
    outer loop
      vertex   5.838825e+01 -4.554133e+01 2.549368e+01
      vertex   7.197025e+01 -4.317616e+01 2.305742e+01
      vertex   5.501360e+01 -3.969401e+01 2.585798e+01
    endloop
  endfacet
  facet normal 1.702096e-01 3.688262e-02 9.847174e-01
    outer loop
      vertex   5.501360e+01 -3.969401e+01 2.585798e+01
      vertex   7.197025e+01 -4.317616e+01 2.305742e+01
      vertex   7.643753e+01 -3.986067e+01 2.216107e+01
    endloop
  endfacet
  facet normal 1.702096e-01 3.688262e-02 9.847174e-01
    outer loop
      vertex   7.438913e+01 -5.696526e+01 2.315579e+01
      vertex   7.686746e+01 -5.581058e+01 2.268416e+01
      vertex   7.197025e+01 -4.317616e+01 2.305742e+01
    endloop
  endfacet
  facet normal 1.702096e-01 3.688262e-02 9.847174e-01
    outer loop
      vertex   7.197025e+01 -4.317616e+01 2.305742e+01
      vertex   7.686746e+01 -5.581058e+01 2.268416e+01
      vertex   7.885641e+01 -5.364977e+01 2.225943e+01
    endloop
  endfacet
  facet normal 1.702096e-01 3.688262e-02 9.847174e-01
    outer loop
      vertex   7.197025e+01 -4.317616e+01 2.305742e+01
      vertex   7.885641e+01 -5.364977e+01 2.225943e+01
      vertex   7.643753e+01 -3.986067e+01 2.216107e+01
    endloop
  endfacet
  facet normal 1.702096e-01 3.688262e-02 9.847174e-01
    outer loop
      vertex   7.627447e+01 -5.746777e+01 2.284873e+01
      vertex   7.617725e+01 -5.715631e+01 2.285386e+01
      vertex   7.438913e+01 -5.696526e+01 2.315579e+01
    endloop
  endfacet
  facet normal 1.702096e-01 3.688262e-02 9.847174e-01
    outer loop
      vertex   7.438913e+01 -5.696526e+01 2.315579e+01
      vertex   7.617725e+01 -5.715631e+01 2.285386e+01
      vertex   7.616268e+01 -5.683047e+01 2.284418e+01
    endloop
  endfacet
  facet normal 1.702096e-01 3.688262e-02 9.847174e-01
    outer loop
      vertex   7.438913e+01 -5.696526e+01 2.315579e+01
      vertex   7.616268e+01 -5.683047e+01 2.284418e+01
      vertex   7.623174e+01 -5.651244e+01 2.282033e+01
    endloop
  endfacet
  facet normal 1.702096e-01 3.688262e-02 9.847174e-01
    outer loop
      vertex   7.623174e+01 -5.651244e+01 2.282033e+01
      vertex   7.637972e+01 -5.622389e+01 2.278394e+01
      vertex   7.438913e+01 -5.696526e+01 2.315579e+01
    endloop
  endfacet
  facet normal 1.702096e-01 3.688262e-02 9.847174e-01
    outer loop
      vertex   7.438913e+01 -5.696526e+01 2.315579e+01
      vertex   7.637972e+01 -5.622389e+01 2.278394e+01
      vertex   7.659656e+01 -5.598450e+01 2.273750e+01
    endloop
  endfacet
  facet normal 1.702096e-01 3.688262e-02 9.847174e-01
    outer loop
      vertex   7.438913e+01 -5.696526e+01 2.315579e+01
      vertex   7.659656e+01 -5.598450e+01 2.273750e+01
      vertex   7.686746e+01 -5.581058e+01 2.268416e+01
    endloop
  endfacet
  facet normal 1.702096e-01 3.688262e-02 9.847174e-01
    outer loop
      vertex   7.686746e+01 -5.581058e+01 2.268416e+01
      vertex   7.717396e+01 -5.571397e+01 2.262756e+01
      vertex   7.885641e+01 -5.364977e+01 2.225943e+01
    endloop
  endfacet
  facet normal 1.702096e-01 3.688262e-02 9.847174e-01
    outer loop
      vertex   7.885641e+01 -5.364977e+01 2.225943e+01
      vertex   7.717396e+01 -5.571397e+01 2.262756e+01
      vertex   7.749518e+01 -5.570126e+01 2.257156e+01
    endloop
  endfacet
  facet normal 1.702096e-01 3.688262e-02 9.847174e-01
    outer loop
      vertex   7.885641e+01 -5.364977e+01 2.225943e+01
      vertex   7.749518e+01 -5.570126e+01 2.257156e+01
      vertex   7.780923e+01 -5.577333e+01 2.251998e+01
    endloop
  endfacet
  facet normal 1.702096e-01 3.688262e-02 9.847174e-01
    outer loop
      vertex   7.780923e+01 -5.577333e+01 2.251998e+01
      vertex   7.809471e+01 -5.592525e+01 2.247632e+01
      vertex   7.885641e+01 -5.364977e+01 2.225943e+01
    endloop
  endfacet
  facet normal 1.702096e-01 3.688262e-02 9.847174e-01
    outer loop
      vertex   7.885641e+01 -5.364977e+01 2.225943e+01
      vertex   7.809471e+01 -5.592525e+01 2.247632e+01
      vertex   7.833216e+01 -5.614667e+01 2.244357e+01
    endloop
  endfacet
  facet normal 1.702096e-01 3.688262e-02 9.847174e-01
    outer loop
      vertex   7.885641e+01 -5.364977e+01 2.225943e+01
      vertex   7.833216e+01 -5.614667e+01 2.244357e+01
      vertex   7.850539e+01 -5.642251e+01 2.242396e+01
    endloop
  endfacet
  facet normal 1.702096e-01 3.688262e-02 9.847174e-01
    outer loop
      vertex   7.850539e+01 -5.642251e+01 2.242396e+01
      vertex   7.860261e+01 -5.673396e+01 2.241882e+01
      vertex   7.885641e+01 -5.364977e+01 2.225943e+01
    endloop
  endfacet
  facet normal 1.702096e-01 3.688262e-02 9.847174e-01
    outer loop
      vertex   7.760590e+01 -5.817631e+01 2.264512e+01
      vertex   7.728468e+01 -5.818901e+01 2.270112e+01
      vertex   7.526165e+01 -6.193919e+01 2.319127e+01
    endloop
  endfacet
  facet normal 1.702096e-01 3.688262e-02 9.847174e-01
    outer loop
      vertex   7.526165e+01 -6.193919e+01 2.319127e+01
      vertex   7.728468e+01 -5.818901e+01 2.270112e+01
      vertex   7.697063e+01 -5.811695e+01 2.275271e+01
    endloop
  endfacet
  facet normal 1.702096e-01 3.688262e-02 9.847174e-01
    outer loop
      vertex   7.526165e+01 -6.193919e+01 2.319127e+01
      vertex   7.697063e+01 -5.811695e+01 2.275271e+01
      vertex   7.668515e+01 -5.796503e+01 2.279636e+01
    endloop
  endfacet
  facet normal 1.702096e-01 3.688262e-02 9.847174e-01
    outer loop
      vertex   7.668515e+01 -5.796503e+01 2.279636e+01
      vertex   7.644771e+01 -5.774361e+01 2.282911e+01
      vertex   7.526165e+01 -6.193919e+01 2.319127e+01
    endloop
  endfacet
  facet normal 1.702096e-01 3.688262e-02 9.847174e-01
    outer loop
      vertex   1.170705e+02 -8.313000e+01 1.675827e+01
      vertex   1.199828e+02 -7.095009e+01 1.579867e+01
      vertex   1.146516e+02 -6.934090e+01 1.665990e+01
    endloop
  endfacet
  facet normal 1.702096e-01 3.688262e-02 9.847174e-01
    outer loop
      vertex   1.146516e+02 -6.934090e+01 1.665990e+01
      vertex   1.199828e+02 -7.095009e+01 1.579867e+01
      vertex   1.191102e+02 -6.597616e+01 1.576319e+01
    endloop
  endfacet
  facet normal 1.702096e-01 3.688262e-02 9.847174e-01
    outer loop
      vertex   1.146516e+02 -6.934090e+01 1.665990e+01
      vertex   1.191102e+02 -6.597616e+01 1.576319e+01
      vertex   1.137791e+02 -6.436697e+01 1.662442e+01
    endloop
  endfacet
  facet normal 1.702096e-01 3.688262e-02 9.847174e-01
    outer loop
      vertex   1.137791e+02 -6.436697e+01 1.662442e+01
      vertex   1.191102e+02 -6.597616e+01 1.576319e+01
      vertex   1.166914e+02 -5.218706e+01 1.566483e+01
    endloop
  endfacet
  facet normal 1.702096e-01 3.688262e-02 9.847174e-01
    outer loop
      vertex   1.137791e+02 -6.436697e+01 1.662442e+01
      vertex   1.166914e+02 -5.218706e+01 1.566483e+01
      vertex   1.113602e+02 -5.057787e+01 1.652605e+01
    endloop
  endfacet
  facet normal 1.702096e-01 3.688262e-02 9.847174e-01
    outer loop
      vertex   1.113602e+02 -5.057787e+01 1.652605e+01
      vertex   1.166914e+02 -5.218706e+01 1.566483e+01
      vertex   1.158188e+02 -4.721314e+01 1.562935e+01
    endloop
  endfacet
  facet normal 1.702096e-01 3.688262e-02 9.847174e-01
    outer loop
      vertex   1.113602e+02 -5.057787e+01 1.652605e+01
      vertex   1.158188e+02 -4.721314e+01 1.562935e+01
      vertex   1.104877e+02 -4.560395e+01 1.649057e+01
    endloop
  endfacet
  facet normal 1.702096e-01 3.688262e-02 9.847174e-01
    outer loop
      vertex   1.104877e+02 -4.560395e+01 1.649057e+01
      vertex   1.158188e+02 -4.721314e+01 1.562935e+01
      vertex   1.134000e+02 -3.342403e+01 1.553098e+01
    endloop
  endfacet
  facet normal 1.702096e-01 3.688262e-02 9.847174e-01
    outer loop
      vertex   1.010696e+02 -7.170607e+01 1.909615e+01
      vertex   1.146516e+02 -6.934090e+01 1.665990e+01
      vertex   1.001971e+02 -6.673214e+01 1.906067e+01
    endloop
  endfacet
  facet normal 1.702096e-01 3.688262e-02 9.847174e-01
    outer loop
      vertex   1.001971e+02 -6.673214e+01 1.906067e+01
      vertex   1.146516e+02 -6.934090e+01 1.665990e+01
      vertex   1.137791e+02 -6.436697e+01 1.662442e+01
    endloop
  endfacet
  facet normal 1.702096e-01 3.688262e-02 9.847174e-01
    outer loop
      vertex   1.224016e+02 -8.473919e+01 1.589704e+01
      vertex   1.199828e+02 -7.095009e+01 1.579867e+01
      vertex   1.170705e+02 -8.313000e+01 1.675827e+01
    endloop
  endfacet
  facet normal 1.702096e-01 3.688262e-02 9.847174e-01
    outer loop
      vertex   1.191102e+02 -6.597616e+01 1.576319e+01
      vertex   1.199828e+02 -7.095009e+01 1.579867e+01
      vertex   1.326922e+02 -6.361100e+01 1.332694e+01
    endloop
  endfacet
  facet normal 1.702096e-01 3.688262e-02 9.847174e-01
    outer loop
      vertex   1.326922e+02 -6.361100e+01 1.332694e+01
      vertex   1.199828e+02 -7.095009e+01 1.579867e+01
      vertex   1.335648e+02 -6.858492e+01 1.336242e+01
    endloop
  endfacet
  facet normal 1.702096e-01 3.688262e-02 9.847174e-01
    outer loop
      vertex   1.158188e+02 -4.721314e+01 1.562935e+01
      vertex   1.166914e+02 -5.218706e+01 1.566483e+01
      vertex   1.294008e+02 -4.484797e+01 1.319309e+01
    endloop
  endfacet
  facet normal 1.702096e-01 3.688262e-02 9.847174e-01
    outer loop
      vertex   1.294008e+02 -4.484797e+01 1.319309e+01
      vertex   1.166914e+02 -5.218706e+01 1.566483e+01
      vertex   1.302734e+02 -4.982189e+01 1.322858e+01
    endloop
  endfacet
  facet normal 1.702096e-01 3.688262e-02 9.847174e-01
    outer loop
      vertex   1.360192e+02 -5.379493e+01 1.238421e+01
      vertex   1.496012e+02 -5.142976e+01 9.947960e+00
      vertex   1.351467e+02 -4.882100e+01 1.234873e+01
    endloop
  endfacet
  facet normal 1.702096e-01 3.688262e-02 9.847174e-01
    outer loop
      vertex   1.351467e+02 -4.882100e+01 1.234873e+01
      vertex   1.496012e+02 -5.142976e+01 9.947960e+00
      vertex   1.487287e+02 -4.645583e+01 9.912478e+00
    endloop
  endfacet
  facet normal 1.702096e-01 3.688262e-02 9.847174e-01
    outer loop
      vertex   1.545004e+02 -5.057661e+01 9.069169e+00
      vertex   1.680824e+02 -4.821144e+01 6.632917e+00
      vertex   1.536279e+02 -4.560268e+01 9.033687e+00
    endloop
  endfacet
  facet normal 1.702096e-01 3.688262e-02 9.847174e-01
    outer loop
      vertex   9.777821e+01 -5.294304e+01 1.896231e+01
      vertex   1.113602e+02 -5.057787e+01 1.652605e+01
      vertex   9.690568e+01 -4.796911e+01 1.892682e+01
    endloop
  endfacet
  facet normal 1.702096e-01 3.688262e-02 9.847174e-01
    outer loop
      vertex   9.690568e+01 -4.796911e+01 1.892682e+01
      vertex   1.113602e+02 -5.057787e+01 1.652605e+01
      vertex   1.104877e+02 -4.560395e+01 1.649057e+01
    endloop
  endfacet
  facet normal 1.702096e-01 3.688262e-02 9.847174e-01
    outer loop
      vertex   1.512090e+02 -3.181358e+01 8.935322e+00
      vertex   1.463098e+02 -3.266673e+01 9.814113e+00
      vertex   1.536279e+02 -4.560268e+01 9.033687e+00
    endloop
  endfacet
  facet normal 1.702096e-01 3.688262e-02 9.847174e-01
    outer loop
      vertex   1.536279e+02 -4.560268e+01 9.033687e+00
      vertex   1.463098e+02 -3.266673e+01 9.814113e+00
      vertex   1.487287e+02 -4.645583e+01 9.912478e+00
    endloop
  endfacet
  facet normal -9.701427e-01 -1.689406e-01 1.740180e-01
    outer loop
      vertex   6.812543e+01 -1.170234e+02 2.648796e+01
      vertex   5.472818e+01 -4.065078e+01 2.594315e+01
      vertex   6.785310e+01 -1.170824e+02 2.491241e+01
    endloop
  endfacet
  facet normal -9.701427e-01 -1.689406e-01 1.740180e-01
    outer loop
      vertex   6.785310e+01 -1.170824e+02 2.491241e+01
      vertex   5.472818e+01 -4.065078e+01 2.594315e+01
      vertex   5.445584e+01 -4.070979e+01 2.436760e+01
    endloop
  endfacet
  facet normal 1.727770e-01 -9.849359e-01 7.026093e-03
    outer loop
      vertex   1.647910e+02 -2.944841e+01 6.499070e+00
      vertex   1.512090e+02 -3.181358e+01 8.935322e+00
      vertex   1.645187e+02 -2.950743e+01 4.923522e+00
    endloop
  endfacet
  facet normal 1.727770e-01 -9.849359e-01 7.026093e-03
    outer loop
      vertex   1.645187e+02 -2.950743e+01 4.923522e+00
      vertex   1.512090e+02 -3.181358e+01 8.935322e+00
      vertex   1.509367e+02 -3.187259e+01 7.359774e+00
    endloop
  endfacet
  facet normal -9.701427e-01 -1.689406e-01 1.740180e-01
    outer loop
      vertex   1.672099e+02 -4.323752e+01 6.597435e+00
      vertex   1.647910e+02 -2.944841e+01 6.499070e+00
      vertex   1.669375e+02 -4.329653e+01 5.021887e+00
    endloop
  endfacet
  facet normal -9.701427e-01 -1.689406e-01 1.740180e-01
    outer loop
      vertex   1.669375e+02 -4.329653e+01 5.021887e+00
      vertex   1.647910e+02 -2.944841e+01 6.499070e+00
      vertex   1.645187e+02 -2.950743e+01 4.923522e+00
    endloop
  endfacet
  facet normal -1.727770e-01 9.849359e-01 -7.026093e-03
    outer loop
      vertex   1.536279e+02 -4.560268e+01 9.033687e+00
      vertex   1.672099e+02 -4.323752e+01 6.597435e+00
      vertex   1.533556e+02 -4.566170e+01 7.458139e+00
    endloop
  endfacet
  facet normal -1.727770e-01 9.849359e-01 -7.026093e-03
    outer loop
      vertex   1.533556e+02 -4.566170e+01 7.458139e+00
      vertex   1.672099e+02 -4.323752e+01 6.597435e+00
      vertex   1.669375e+02 -4.329653e+01 5.021887e+00
    endloop
  endfacet
  facet normal 9.701427e-01 1.689406e-01 -1.740180e-01
    outer loop
      vertex   1.512090e+02 -3.181358e+01 8.935322e+00
      vertex   1.536279e+02 -4.560268e+01 9.033687e+00
      vertex   1.509367e+02 -3.187259e+01 7.359774e+00
    endloop
  endfacet
  facet normal 9.701427e-01 1.689406e-01 -1.740180e-01
    outer loop
      vertex   1.509367e+02 -3.187259e+01 7.359774e+00
      vertex   1.536279e+02 -4.560268e+01 9.033687e+00
      vertex   1.533556e+02 -4.566170e+01 7.458139e+00
    endloop
  endfacet
  facet normal 9.843949e-01 3.893534e-02 -1.716122e-01
    outer loop
      vertex   1.498696e+02 -4.807555e+01 8.151093e+00
      vertex   1.501420e+02 -4.801654e+01 9.726641e+00
      vertex   1.498842e+02 -4.840140e+01 8.160778e+00
    endloop
  endfacet
  facet normal 9.843949e-01 3.893534e-02 -1.716122e-01
    outer loop
      vertex   1.498842e+02 -4.840140e+01 8.160778e+00
      vertex   1.501420e+02 -4.801654e+01 9.726641e+00
      vertex   1.501566e+02 -4.834238e+01 9.736326e+00
    endloop
  endfacet
  facet normal 9.392910e-01 2.960552e-01 -1.734464e-01
    outer loop
      vertex   1.498842e+02 -4.840140e+01 8.160778e+00
      vertex   1.501566e+02 -4.834238e+01 9.736326e+00
      vertex   1.499814e+02 -4.871285e+01 8.155639e+00
    endloop
  endfacet
  facet normal 9.392910e-01 2.960552e-01 -1.734464e-01
    outer loop
      vertex   1.499814e+02 -4.871285e+01 8.155639e+00
      vertex   1.501566e+02 -4.834238e+01 9.736326e+00
      vertex   1.502538e+02 -4.865384e+01 9.731187e+00
    endloop
  endfacet
  facet normal 8.301761e-01 5.329994e-01 -1.634605e-01
    outer loop
      vertex   1.499814e+02 -4.871285e+01 8.155639e+00
      vertex   1.502538e+02 -4.865384e+01 9.731187e+00
      vertex   1.501547e+02 -4.898869e+01 8.136027e+00
    endloop
  endfacet
  facet normal 8.301761e-01 5.329994e-01 -1.634605e-01
    outer loop
      vertex   1.501547e+02 -4.898869e+01 8.136027e+00
      vertex   1.502538e+02 -4.865384e+01 9.731187e+00
      vertex   1.504270e+02 -4.892968e+01 9.711575e+00
    endloop
  endfacet
  facet normal 6.644860e-01 7.336206e-01 -1.423350e-01
    outer loop
      vertex   1.501547e+02 -4.898869e+01 8.136027e+00
      vertex   1.504270e+02 -4.892968e+01 9.711575e+00
      vertex   1.503921e+02 -4.921011e+01 8.103277e+00
    endloop
  endfacet
  facet normal 6.644860e-01 7.336206e-01 -1.423350e-01
    outer loop
      vertex   1.503921e+02 -4.921011e+01 8.103277e+00
      vertex   1.504270e+02 -4.892968e+01 9.711575e+00
      vertex   1.506645e+02 -4.915110e+01 9.678825e+00
    endloop
  endfacet
  facet normal 4.535123e-01 8.842467e-01 -1.115096e-01
    outer loop
      vertex   1.503921e+02 -4.921011e+01 8.103277e+00
      vertex   1.506645e+02 -4.915110e+01 9.678825e+00
      vertex   1.506776e+02 -4.936203e+01 8.059623e+00
    endloop
  endfacet
  facet normal 4.535123e-01 8.842467e-01 -1.115096e-01
    outer loop
      vertex   1.506776e+02 -4.936203e+01 8.059623e+00
      vertex   1.506645e+02 -4.915110e+01 9.678825e+00
      vertex   1.509499e+02 -4.930302e+01 9.635171e+00
    endloop
  endfacet
  facet normal 2.116324e-01 9.746129e-01 -7.308508e-02
    outer loop
      vertex   1.506776e+02 -4.936203e+01 8.059623e+00
      vertex   1.509499e+02 -4.930302e+01 9.635171e+00
      vertex   1.509917e+02 -4.943410e+01 8.008038e+00
    endloop
  endfacet
  facet normal 2.116324e-01 9.746129e-01 -7.308508e-02
    outer loop
      vertex   1.509917e+02 -4.943410e+01 8.008038e+00
      vertex   1.509499e+02 -4.930302e+01 9.635171e+00
      vertex   1.512640e+02 -4.937508e+01 9.583586e+00
    endloop
  endfacet
  facet normal -4.466981e-02 9.985608e-01 -2.967989e-02
    outer loop
      vertex   1.509917e+02 -4.943410e+01 8.008038e+00
      vertex   1.512640e+02 -4.937508e+01 9.583586e+00
      vertex   1.513129e+02 -4.942139e+01 7.952038e+00
    endloop
  endfacet
  facet normal -4.466981e-02 9.985608e-01 -2.967989e-02
    outer loop
      vertex   1.513129e+02 -4.942139e+01 7.952038e+00
      vertex   1.512640e+02 -4.937508e+01 9.583586e+00
      vertex   1.515852e+02 -4.936238e+01 9.527586e+00
    endloop
  endfacet
  facet normal -2.979279e-01 9.544585e-01 1.574792e-02
    outer loop
      vertex   1.513129e+02 -4.942139e+01 7.952038e+00
      vertex   1.515852e+02 -4.936238e+01 9.527586e+00
      vertex   1.516194e+02 -4.932478e+01 7.895440e+00
    endloop
  endfacet
  facet normal -2.979279e-01 9.544585e-01 1.574792e-02
    outer loop
      vertex   1.516194e+02 -4.932478e+01 7.895440e+00
      vertex   1.515852e+02 -4.936238e+01 9.527586e+00
      vertex   1.518917e+02 -4.926577e+01 9.470988e+00
    endloop
  endfacet
  facet normal -5.308826e-01 8.453114e-01 6.010255e-02
    outer loop
      vertex   1.516194e+02 -4.932478e+01 7.895440e+00
      vertex   1.518917e+02 -4.926577e+01 9.470988e+00
      vertex   1.518903e+02 -4.915086e+01 7.842100e+00
    endloop
  endfacet
  facet normal -5.308826e-01 8.453114e-01 6.010255e-02
    outer loop
      vertex   1.518903e+02 -4.915086e+01 7.842100e+00
      vertex   1.518917e+02 -4.926577e+01 9.470988e+00
      vertex   1.521626e+02 -4.909185e+01 9.417648e+00
    endloop
  endfacet
  facet normal -7.276586e-01 6.785577e-01 1.003613e-01
    outer loop
      vertex   1.518903e+02 -4.915086e+01 7.842100e+00
      vertex   1.521626e+02 -4.909185e+01 9.417648e+00
      vertex   1.521071e+02 -4.891147e+01 7.795654e+00
    endloop
  endfacet
  facet normal -7.276586e-01 6.785577e-01 1.003613e-01
    outer loop
      vertex   1.521071e+02 -4.891147e+01 7.795654e+00
      vertex   1.521626e+02 -4.909185e+01 9.417648e+00
      vertex   1.523794e+02 -4.885245e+01 9.371202e+00
    endloop
  endfacet
  facet normal -8.748459e-01 4.655614e-01 1.337806e-01
    outer loop
      vertex   1.521071e+02 -4.891147e+01 7.795654e+00
      vertex   1.523794e+02 -4.885245e+01 9.371202e+00
      vertex   1.522551e+02 -4.862292e+01 7.759267e+00
    endloop
  endfacet
  facet normal -8.748459e-01 4.655614e-01 1.337806e-01
    outer loop
      vertex   1.522551e+02 -4.862292e+01 7.759267e+00
      vertex   1.523794e+02 -4.885245e+01 9.371202e+00
      vertex   1.525274e+02 -4.856391e+01 9.334815e+00
    endloop
  endfacet
  facet normal -9.624138e-01 2.208379e-01 1.580829e-01
    outer loop
      vertex   1.522551e+02 -4.862292e+01 7.759267e+00
      vertex   1.525274e+02 -4.856391e+01 9.334815e+00
      vertex   1.523242e+02 -4.830489e+01 7.735418e+00
    endloop
  endfacet
  facet normal -9.624138e-01 2.208379e-01 1.580829e-01
    outer loop
      vertex   1.523242e+02 -4.830489e+01 7.735418e+00
      vertex   1.525274e+02 -4.856391e+01 9.334815e+00
      vertex   1.525965e+02 -4.824588e+01 9.310966e+00
    endloop
  endfacet
  facet normal -9.843949e-01 -3.893534e-02 1.716122e-01
    outer loop
      vertex   1.523242e+02 -4.830489e+01 7.735418e+00
      vertex   1.525965e+02 -4.824588e+01 9.310966e+00
      vertex   1.523096e+02 -4.797905e+01 7.725733e+00
    endloop
  endfacet
  facet normal -9.843949e-01 -3.893534e-02 1.716122e-01
    outer loop
      vertex   1.523096e+02 -4.797905e+01 7.725733e+00
      vertex   1.525965e+02 -4.824588e+01 9.310966e+00
      vertex   1.525819e+02 -4.792003e+01 9.301281e+00
    endloop
  endfacet
  facet normal -9.392910e-01 -2.960552e-01 1.734464e-01
    outer loop
      vertex   1.523096e+02 -4.797905e+01 7.725733e+00
      vertex   1.525819e+02 -4.792003e+01 9.301281e+00
      vertex   1.522124e+02 -4.766759e+01 7.730872e+00
    endloop
  endfacet
  facet normal -9.392910e-01 -2.960552e-01 1.734464e-01
    outer loop
      vertex   1.522124e+02 -4.766759e+01 7.730872e+00
      vertex   1.525819e+02 -4.792003e+01 9.301281e+00
      vertex   1.524847e+02 -4.760858e+01 9.306420e+00
    endloop
  endfacet
  facet normal -8.301761e-01 -5.329994e-01 1.634605e-01
    outer loop
      vertex   1.522124e+02 -4.766759e+01 7.730872e+00
      vertex   1.524847e+02 -4.760858e+01 9.306420e+00
      vertex   1.520391e+02 -4.739175e+01 7.750484e+00
    endloop
  endfacet
  facet normal -8.301761e-01 -5.329994e-01 1.634605e-01
    outer loop
      vertex   1.520391e+02 -4.739175e+01 7.750484e+00
      vertex   1.524847e+02 -4.760858e+01 9.306420e+00
      vertex   1.523115e+02 -4.733274e+01 9.326032e+00
    endloop
  endfacet
  facet normal -6.644860e-01 -7.336206e-01 1.423350e-01
    outer loop
      vertex   1.520391e+02 -4.739175e+01 7.750484e+00
      vertex   1.523115e+02 -4.733274e+01 9.326032e+00
      vertex   1.518017e+02 -4.717033e+01 7.783234e+00
    endloop
  endfacet
  facet normal -6.644860e-01 -7.336206e-01 1.423350e-01
    outer loop
      vertex   1.518017e+02 -4.717033e+01 7.783234e+00
      vertex   1.523115e+02 -4.733274e+01 9.326032e+00
      vertex   1.520740e+02 -4.711132e+01 9.358781e+00
    endloop
  endfacet
  facet normal -4.535123e-01 -8.842467e-01 1.115096e-01
    outer loop
      vertex   1.518017e+02 -4.717033e+01 7.783234e+00
      vertex   1.520740e+02 -4.711132e+01 9.358781e+00
      vertex   1.515162e+02 -4.701841e+01 7.826888e+00
    endloop
  endfacet
  facet normal -4.535123e-01 -8.842467e-01 1.115096e-01
    outer loop
      vertex   1.515162e+02 -4.701841e+01 7.826888e+00
      vertex   1.520740e+02 -4.711132e+01 9.358781e+00
      vertex   1.517885e+02 -4.695940e+01 9.402436e+00
    endloop
  endfacet
  facet normal -2.116324e-01 -9.746129e-01 7.308508e-02
    outer loop
      vertex   1.515162e+02 -4.701841e+01 7.826888e+00
      vertex   1.517885e+02 -4.695940e+01 9.402436e+00
      vertex   1.512022e+02 -4.694635e+01 7.878473e+00
    endloop
  endfacet
  facet normal -2.116324e-01 -9.746129e-01 7.308508e-02
    outer loop
      vertex   1.512022e+02 -4.694635e+01 7.878473e+00
      vertex   1.517885e+02 -4.695940e+01 9.402436e+00
      vertex   1.514745e+02 -4.688733e+01 9.454021e+00
    endloop
  endfacet
  facet normal 4.466981e-02 -9.985608e-01 2.967989e-02
    outer loop
      vertex   1.512022e+02 -4.694635e+01 7.878473e+00
      vertex   1.514745e+02 -4.688733e+01 9.454021e+00
      vertex   1.508809e+02 -4.695905e+01 7.934473e+00
    endloop
  endfacet
  facet normal 4.466981e-02 -9.985608e-01 2.967989e-02
    outer loop
      vertex   1.508809e+02 -4.695905e+01 7.934473e+00
      vertex   1.514745e+02 -4.688733e+01 9.454021e+00
      vertex   1.511533e+02 -4.690004e+01 9.510021e+00
    endloop
  endfacet
  facet normal 2.979279e-01 -9.544585e-01 -1.574792e-02
    outer loop
      vertex   1.508809e+02 -4.695905e+01 7.934473e+00
      vertex   1.511533e+02 -4.690004e+01 9.510021e+00
      vertex   1.505744e+02 -4.705566e+01 7.991071e+00
    endloop
  endfacet
  facet normal 2.979279e-01 -9.544585e-01 -1.574792e-02
    outer loop
      vertex   1.505744e+02 -4.705566e+01 7.991071e+00
      vertex   1.511533e+02 -4.690004e+01 9.510021e+00
      vertex   1.508468e+02 -4.699665e+01 9.566619e+00
    endloop
  endfacet
  facet normal 5.308826e-01 -8.453114e-01 -6.010255e-02
    outer loop
      vertex   1.505744e+02 -4.705566e+01 7.991071e+00
      vertex   1.508468e+02 -4.699665e+01 9.566619e+00
      vertex   1.503035e+02 -4.722958e+01 8.044411e+00
    endloop
  endfacet
  facet normal 5.308826e-01 -8.453114e-01 -6.010255e-02
    outer loop
      vertex   1.503035e+02 -4.722958e+01 8.044411e+00
      vertex   1.508468e+02 -4.699665e+01 9.566619e+00
      vertex   1.505759e+02 -4.717057e+01 9.619959e+00
    endloop
  endfacet
  facet normal 7.276586e-01 -6.785577e-01 -1.003613e-01
    outer loop
      vertex   1.503035e+02 -4.722958e+01 8.044411e+00
      vertex   1.505759e+02 -4.717057e+01 9.619959e+00
      vertex   1.500867e+02 -4.746898e+01 8.090857e+00
    endloop
  endfacet
  facet normal 7.276586e-01 -6.785577e-01 -1.003613e-01
    outer loop
      vertex   1.500867e+02 -4.746898e+01 8.090857e+00
      vertex   1.505759e+02 -4.717057e+01 9.619959e+00
      vertex   1.503590e+02 -4.740996e+01 9.666405e+00
    endloop
  endfacet
  facet normal 8.748459e-01 -4.655614e-01 -1.337806e-01
    outer loop
      vertex   1.500867e+02 -4.746898e+01 8.090857e+00
      vertex   1.503590e+02 -4.740996e+01 9.666405e+00
      vertex   1.499387e+02 -4.775752e+01 8.127244e+00
    endloop
  endfacet
  facet normal 8.748459e-01 -4.655614e-01 -1.337806e-01
    outer loop
      vertex   1.499387e+02 -4.775752e+01 8.127244e+00
      vertex   1.503590e+02 -4.740996e+01 9.666405e+00
      vertex   1.502110e+02 -4.769851e+01 9.702792e+00
    endloop
  endfacet
  facet normal 9.624138e-01 -2.208379e-01 -1.580829e-01
    outer loop
      vertex   1.499387e+02 -4.775752e+01 8.127244e+00
      vertex   1.502110e+02 -4.769851e+01 9.702792e+00
      vertex   1.498696e+02 -4.807555e+01 8.151093e+00
    endloop
  endfacet
  facet normal 9.624138e-01 -2.208379e-01 -1.580829e-01
    outer loop
      vertex   1.498696e+02 -4.807555e+01 8.151093e+00
      vertex   1.502110e+02 -4.769851e+01 9.702792e+00
      vertex   1.501420e+02 -4.801654e+01 9.726641e+00
    endloop
  endfacet
  facet normal 9.701427e-01 1.689406e-01 -1.740180e-01
    outer loop
      vertex   1.327278e+02 -3.503190e+01 1.225037e+01
      vertex   1.351467e+02 -4.882100e+01 1.234873e+01
      vertex   1.324555e+02 -3.509091e+01 1.067482e+01
    endloop
  endfacet
  facet normal 9.701427e-01 1.689406e-01 -1.740180e-01
    outer loop
      vertex   1.324555e+02 -3.509091e+01 1.067482e+01
      vertex   1.351467e+02 -4.882100e+01 1.234873e+01
      vertex   1.348743e+02 -4.888002e+01 1.077318e+01
    endloop
  endfacet
  facet normal 1.727770e-01 -9.849359e-01 7.026093e-03
    outer loop
      vertex   1.463098e+02 -3.266673e+01 9.814113e+00
      vertex   1.327278e+02 -3.503190e+01 1.225037e+01
      vertex   1.460375e+02 -3.272574e+01 8.238565e+00
    endloop
  endfacet
  facet normal 1.727770e-01 -9.849359e-01 7.026093e-03
    outer loop
      vertex   1.460375e+02 -3.272574e+01 8.238565e+00
      vertex   1.327278e+02 -3.503190e+01 1.225037e+01
      vertex   1.324555e+02 -3.509091e+01 1.067482e+01
    endloop
  endfacet
  facet normal -9.701427e-01 -1.689406e-01 1.740180e-01
    outer loop
      vertex   1.487287e+02 -4.645583e+01 9.912478e+00
      vertex   1.463098e+02 -3.266673e+01 9.814113e+00
      vertex   1.484563e+02 -4.651485e+01 8.336930e+00
    endloop
  endfacet
  facet normal -9.701427e-01 -1.689406e-01 1.740180e-01
    outer loop
      vertex   1.484563e+02 -4.651485e+01 8.336930e+00
      vertex   1.463098e+02 -3.266673e+01 9.814113e+00
      vertex   1.460375e+02 -3.272574e+01 8.238565e+00
    endloop
  endfacet
  facet normal -1.727770e-01 9.849359e-01 -7.026093e-03
    outer loop
      vertex   1.351467e+02 -4.882100e+01 1.234873e+01
      vertex   1.487287e+02 -4.645583e+01 9.912478e+00
      vertex   1.348743e+02 -4.888002e+01 1.077318e+01
    endloop
  endfacet
  facet normal -1.727770e-01 9.849359e-01 -7.026093e-03
    outer loop
      vertex   1.348743e+02 -4.888002e+01 1.077318e+01
      vertex   1.487287e+02 -4.645583e+01 9.912478e+00
      vertex   1.484563e+02 -4.651485e+01 8.336930e+00
    endloop
  endfacet
  facet normal -9.701427e-01 -1.689406e-01 1.740180e-01
    outer loop
      vertex   1.294008e+02 -4.484797e+01 1.319309e+01
      vertex   1.269820e+02 -3.105886e+01 1.309473e+01
      vertex   1.291285e+02 -4.490698e+01 1.161755e+01
    endloop
  endfacet
  facet normal -9.701427e-01 -1.689406e-01 1.740180e-01
    outer loop
      vertex   1.291285e+02 -4.490698e+01 1.161755e+01
      vertex   1.269820e+02 -3.105886e+01 1.309473e+01
      vertex   1.267096e+02 -3.111788e+01 1.151918e+01
    endloop
  endfacet
  facet normal -1.727770e-01 9.849359e-01 -7.026093e-03
    outer loop
      vertex   1.158188e+02 -4.721314e+01 1.562935e+01
      vertex   1.294008e+02 -4.484797e+01 1.319309e+01
      vertex   1.155465e+02 -4.727215e+01 1.405380e+01
    endloop
  endfacet
  facet normal -1.727770e-01 9.849359e-01 -7.026093e-03
    outer loop
      vertex   1.155465e+02 -4.727215e+01 1.405380e+01
      vertex   1.294008e+02 -4.484797e+01 1.319309e+01
      vertex   1.291285e+02 -4.490698e+01 1.161755e+01
    endloop
  endfacet
  facet normal 9.701427e-01 1.689406e-01 -1.740180e-01
    outer loop
      vertex   1.134000e+02 -3.342403e+01 1.553098e+01
      vertex   1.158188e+02 -4.721314e+01 1.562935e+01
      vertex   1.131276e+02 -3.348304e+01 1.395543e+01
    endloop
  endfacet
  facet normal 9.701427e-01 1.689406e-01 -1.740180e-01
    outer loop
      vertex   1.131276e+02 -3.348304e+01 1.395543e+01
      vertex   1.158188e+02 -4.721314e+01 1.562935e+01
      vertex   1.155465e+02 -4.727215e+01 1.405380e+01
    endloop
  endfacet
  facet normal 1.727770e-01 -9.849359e-01 7.026093e-03
    outer loop
      vertex   1.269820e+02 -3.105886e+01 1.309473e+01
      vertex   1.134000e+02 -3.342403e+01 1.553098e+01
      vertex   1.267096e+02 -3.111788e+01 1.151918e+01
    endloop
  endfacet
  facet normal 1.727770e-01 -9.849359e-01 7.026093e-03
    outer loop
      vertex   1.267096e+02 -3.111788e+01 1.151918e+01
      vertex   1.134000e+02 -3.342403e+01 1.553098e+01
      vertex   1.131276e+02 -3.348304e+01 1.395543e+01
    endloop
  endfacet
  facet normal -9.701427e-01 -1.689406e-01 1.740180e-01
    outer loop
      vertex   1.104877e+02 -4.560395e+01 1.649057e+01
      vertex   1.080688e+02 -3.181484e+01 1.639221e+01
      vertex   1.102153e+02 -4.566296e+01 1.491502e+01
    endloop
  endfacet
  facet normal -9.701427e-01 -1.689406e-01 1.740180e-01
    outer loop
      vertex   1.102153e+02 -4.566296e+01 1.491502e+01
      vertex   1.080688e+02 -3.181484e+01 1.639221e+01
      vertex   1.077965e+02 -3.187385e+01 1.481666e+01
    endloop
  endfacet
  facet normal -1.727770e-01 9.849359e-01 -7.026093e-03
    outer loop
      vertex   9.690568e+01 -4.796911e+01 1.892682e+01
      vertex   1.104877e+02 -4.560395e+01 1.649057e+01
      vertex   9.663335e+01 -4.802813e+01 1.735128e+01
    endloop
  endfacet
  facet normal -1.727770e-01 9.849359e-01 -7.026093e-03
    outer loop
      vertex   9.663335e+01 -4.802813e+01 1.735128e+01
      vertex   1.104877e+02 -4.560395e+01 1.649057e+01
      vertex   1.102153e+02 -4.566296e+01 1.491502e+01
    endloop
  endfacet
  facet normal 9.701427e-01 1.689406e-01 -1.740180e-01
    outer loop
      vertex   9.448680e+01 -3.418001e+01 1.882846e+01
      vertex   9.690568e+01 -4.796911e+01 1.892682e+01
      vertex   9.421447e+01 -3.423902e+01 1.725291e+01
    endloop
  endfacet
  facet normal 9.701427e-01 1.689406e-01 -1.740180e-01
    outer loop
      vertex   9.421447e+01 -3.423902e+01 1.725291e+01
      vertex   9.690568e+01 -4.796911e+01 1.892682e+01
      vertex   9.663335e+01 -4.802813e+01 1.735128e+01
    endloop
  endfacet
  facet normal 1.727770e-01 -9.849359e-01 7.026093e-03
    outer loop
      vertex   1.080688e+02 -3.181484e+01 1.639221e+01
      vertex   9.448680e+01 -3.418001e+01 1.882846e+01
      vertex   1.077965e+02 -3.187385e+01 1.481666e+01
    endloop
  endfacet
  facet normal 1.727770e-01 -9.849359e-01 7.026093e-03
    outer loop
      vertex   1.077965e+02 -3.187385e+01 1.481666e+01
      vertex   9.448680e+01 -3.418001e+01 1.882846e+01
      vertex   9.421447e+01 -3.423902e+01 1.725291e+01
    endloop
  endfacet
  facet normal 9.701427e-01 1.689406e-01 -1.740180e-01
    outer loop
      vertex   9.777821e+01 -5.294304e+01 1.896231e+01
      vertex   1.001971e+02 -6.673214e+01 1.906067e+01
      vertex   9.750587e+01 -5.300205e+01 1.738676e+01
    endloop
  endfacet
  facet normal 9.701427e-01 1.689406e-01 -1.740180e-01
    outer loop
      vertex   9.750587e+01 -5.300205e+01 1.738676e+01
      vertex   1.001971e+02 -6.673214e+01 1.906067e+01
      vertex   9.992475e+01 -6.679115e+01 1.748512e+01
    endloop
  endfacet
  facet normal 1.727770e-01 -9.849359e-01 7.026093e-03
    outer loop
      vertex   1.113602e+02 -5.057787e+01 1.652605e+01
      vertex   9.777821e+01 -5.294304e+01 1.896231e+01
      vertex   1.110879e+02 -5.063688e+01 1.495051e+01
    endloop
  endfacet
  facet normal 1.727770e-01 -9.849359e-01 7.026093e-03
    outer loop
      vertex   1.110879e+02 -5.063688e+01 1.495051e+01
      vertex   9.777821e+01 -5.294304e+01 1.896231e+01
      vertex   9.750587e+01 -5.300205e+01 1.738676e+01
    endloop
  endfacet
  facet normal -9.701427e-01 -1.689406e-01 1.740180e-01
    outer loop
      vertex   1.137791e+02 -6.436697e+01 1.662442e+01
      vertex   1.113602e+02 -5.057787e+01 1.652605e+01
      vertex   1.135067e+02 -6.442599e+01 1.504887e+01
    endloop
  endfacet
  facet normal -9.701427e-01 -1.689406e-01 1.740180e-01
    outer loop
      vertex   1.135067e+02 -6.442599e+01 1.504887e+01
      vertex   1.113602e+02 -5.057787e+01 1.652605e+01
      vertex   1.110879e+02 -5.063688e+01 1.495051e+01
    endloop
  endfacet
  facet normal -1.727770e-01 9.849359e-01 -7.026093e-03
    outer loop
      vertex   1.001971e+02 -6.673214e+01 1.906067e+01
      vertex   1.137791e+02 -6.436697e+01 1.662442e+01
      vertex   9.992475e+01 -6.679115e+01 1.748512e+01
    endloop
  endfacet
  facet normal -1.727770e-01 9.849359e-01 -7.026093e-03
    outer loop
      vertex   9.992475e+01 -6.679115e+01 1.748512e+01
      vertex   1.137791e+02 -6.436697e+01 1.662442e+01
      vertex   1.135067e+02 -6.442599e+01 1.504887e+01
    endloop
  endfacet
  facet normal -1.727770e-01 9.849359e-01 -7.026093e-03
    outer loop
      vertex   1.569193e+02 -6.436571e+01 9.167534e+00
      vertex   1.705013e+02 -6.200055e+01 6.731282e+00
      vertex   1.566470e+02 -6.442473e+01 7.591987e+00
    endloop
  endfacet
  facet normal -1.727770e-01 9.849359e-01 -7.026093e-03
    outer loop
      vertex   1.566470e+02 -6.442473e+01 7.591987e+00
      vertex   1.705013e+02 -6.200055e+01 6.731282e+00
      vertex   1.702289e+02 -6.205956e+01 5.155734e+00
    endloop
  endfacet
  facet normal 9.701427e-01 1.689406e-01 -1.740180e-01
    outer loop
      vertex   1.545004e+02 -5.057661e+01 9.069169e+00
      vertex   1.569193e+02 -6.436571e+01 9.167534e+00
      vertex   1.542281e+02 -5.063562e+01 7.493621e+00
    endloop
  endfacet
  facet normal 9.701427e-01 1.689406e-01 -1.740180e-01
    outer loop
      vertex   1.542281e+02 -5.063562e+01 7.493621e+00
      vertex   1.569193e+02 -6.436571e+01 9.167534e+00
      vertex   1.566470e+02 -6.442473e+01 7.591987e+00
    endloop
  endfacet
  facet normal 1.727770e-01 -9.849359e-01 7.026093e-03
    outer loop
      vertex   1.680824e+02 -4.821144e+01 6.632917e+00
      vertex   1.545004e+02 -5.057661e+01 9.069169e+00
      vertex   1.678101e+02 -4.827046e+01 5.057369e+00
    endloop
  endfacet
  facet normal 1.727770e-01 -9.849359e-01 7.026093e-03
    outer loop
      vertex   1.678101e+02 -4.827046e+01 5.057369e+00
      vertex   1.545004e+02 -5.057661e+01 9.069169e+00
      vertex   1.542281e+02 -5.063562e+01 7.493621e+00
    endloop
  endfacet
  facet normal -9.701427e-01 -1.689406e-01 1.740180e-01
    outer loop
      vertex   1.705013e+02 -6.200055e+01 6.731282e+00
      vertex   1.680824e+02 -4.821144e+01 6.632917e+00
      vertex   1.702289e+02 -6.205956e+01 5.155734e+00
    endloop
  endfacet
  facet normal -9.701427e-01 -1.689406e-01 1.740180e-01
    outer loop
      vertex   1.702289e+02 -6.205956e+01 5.155734e+00
      vertex   1.680824e+02 -4.821144e+01 6.632917e+00
      vertex   1.678101e+02 -4.827046e+01 5.057369e+00
    endloop
  endfacet
  facet normal 1.727770e-01 -9.849359e-01 7.026093e-03
    outer loop
      vertex   1.496012e+02 -5.142976e+01 9.947960e+00
      vertex   1.360192e+02 -5.379493e+01 1.238421e+01
      vertex   1.493289e+02 -5.148877e+01 8.372412e+00
    endloop
  endfacet
  facet normal 1.727770e-01 -9.849359e-01 7.026093e-03
    outer loop
      vertex   1.493289e+02 -5.148877e+01 8.372412e+00
      vertex   1.360192e+02 -5.379493e+01 1.238421e+01
      vertex   1.357469e+02 -5.385394e+01 1.080866e+01
    endloop
  endfacet
  facet normal -9.701427e-01 -1.689406e-01 1.740180e-01
    outer loop
      vertex   1.520201e+02 -6.521886e+01 1.004633e+01
      vertex   1.496012e+02 -5.142976e+01 9.947960e+00
      vertex   1.517477e+02 -6.527788e+01 8.470778e+00
    endloop
  endfacet
  facet normal -9.701427e-01 -1.689406e-01 1.740180e-01
    outer loop
      vertex   1.517477e+02 -6.527788e+01 8.470778e+00
      vertex   1.496012e+02 -5.142976e+01 9.947960e+00
      vertex   1.493289e+02 -5.148877e+01 8.372412e+00
    endloop
  endfacet
  facet normal -1.727770e-01 9.849359e-01 -7.026093e-03
    outer loop
      vertex   1.384381e+02 -6.758403e+01 1.248258e+01
      vertex   1.520201e+02 -6.521886e+01 1.004633e+01
      vertex   1.381657e+02 -6.764304e+01 1.090703e+01
    endloop
  endfacet
  facet normal -1.727770e-01 9.849359e-01 -7.026093e-03
    outer loop
      vertex   1.381657e+02 -6.764304e+01 1.090703e+01
      vertex   1.520201e+02 -6.521886e+01 1.004633e+01
      vertex   1.517477e+02 -6.527788e+01 8.470778e+00
    endloop
  endfacet
  facet normal 9.701427e-01 1.689406e-01 -1.740180e-01
    outer loop
      vertex   1.360192e+02 -5.379493e+01 1.238421e+01
      vertex   1.384381e+02 -6.758403e+01 1.248258e+01
      vertex   1.357469e+02 -5.385394e+01 1.080866e+01
    endloop
  endfacet
  facet normal 9.701427e-01 1.689406e-01 -1.740180e-01
    outer loop
      vertex   1.357469e+02 -5.385394e+01 1.080866e+01
      vertex   1.384381e+02 -6.758403e+01 1.248258e+01
      vertex   1.381657e+02 -6.764304e+01 1.090703e+01
    endloop
  endfacet
  facet normal -9.701427e-01 -1.689406e-01 1.740180e-01
    outer loop
      vertex   1.326922e+02 -6.361100e+01 1.332694e+01
      vertex   1.302734e+02 -4.982189e+01 1.322858e+01
      vertex   1.324199e+02 -6.367001e+01 1.175139e+01
    endloop
  endfacet
  facet normal -9.701427e-01 -1.689406e-01 1.740180e-01
    outer loop
      vertex   1.324199e+02 -6.367001e+01 1.175139e+01
      vertex   1.302734e+02 -4.982189e+01 1.322858e+01
      vertex   1.300010e+02 -4.988091e+01 1.165303e+01
    endloop
  endfacet
  facet normal -1.727770e-01 9.849359e-01 -7.026093e-03
    outer loop
      vertex   1.191102e+02 -6.597616e+01 1.576319e+01
      vertex   1.326922e+02 -6.361100e+01 1.332694e+01
      vertex   1.188379e+02 -6.603518e+01 1.418765e+01
    endloop
  endfacet
  facet normal -1.727770e-01 9.849359e-01 -7.026093e-03
    outer loop
      vertex   1.188379e+02 -6.603518e+01 1.418765e+01
      vertex   1.326922e+02 -6.361100e+01 1.332694e+01
      vertex   1.324199e+02 -6.367001e+01 1.175139e+01
    endloop
  endfacet
  facet normal 9.701427e-01 1.689406e-01 -1.740180e-01
    outer loop
      vertex   1.166914e+02 -5.218706e+01 1.566483e+01
      vertex   1.191102e+02 -6.597616e+01 1.576319e+01
      vertex   1.164190e+02 -5.224607e+01 1.408928e+01
    endloop
  endfacet
  facet normal 9.701427e-01 1.689406e-01 -1.740180e-01
    outer loop
      vertex   1.164190e+02 -5.224607e+01 1.408928e+01
      vertex   1.191102e+02 -6.597616e+01 1.576319e+01
      vertex   1.188379e+02 -6.603518e+01 1.418765e+01
    endloop
  endfacet
  facet normal 1.727770e-01 -9.849359e-01 7.026093e-03
    outer loop
      vertex   1.302734e+02 -4.982189e+01 1.322858e+01
      vertex   1.166914e+02 -5.218706e+01 1.566483e+01
      vertex   1.300010e+02 -4.988091e+01 1.165303e+01
    endloop
  endfacet
  facet normal 1.727770e-01 -9.849359e-01 7.026093e-03
    outer loop
      vertex   1.300010e+02 -4.988091e+01 1.165303e+01
      vertex   1.166914e+02 -5.218706e+01 1.566483e+01
      vertex   1.164190e+02 -5.224607e+01 1.408928e+01
    endloop
  endfacet
  facet normal -1.727770e-01 9.849359e-01 -7.026093e-03
    outer loop
      vertex   1.224016e+02 -8.473919e+01 1.589704e+01
      vertex   1.359836e+02 -8.237403e+01 1.346079e+01
      vertex   1.221293e+02 -8.479821e+01 1.432149e+01
    endloop
  endfacet
  facet normal -1.727770e-01 9.849359e-01 -7.026093e-03
    outer loop
      vertex   1.221293e+02 -8.479821e+01 1.432149e+01
      vertex   1.359836e+02 -8.237403e+01 1.346079e+01
      vertex   1.357113e+02 -8.243304e+01 1.188524e+01
    endloop
  endfacet
  facet normal 9.701427e-01 1.689406e-01 -1.740180e-01
    outer loop
      vertex   1.199828e+02 -7.095009e+01 1.579867e+01
      vertex   1.224016e+02 -8.473919e+01 1.589704e+01
      vertex   1.197104e+02 -7.100910e+01 1.422313e+01
    endloop
  endfacet
  facet normal 9.701427e-01 1.689406e-01 -1.740180e-01
    outer loop
      vertex   1.197104e+02 -7.100910e+01 1.422313e+01
      vertex   1.224016e+02 -8.473919e+01 1.589704e+01
      vertex   1.221293e+02 -8.479821e+01 1.432149e+01
    endloop
  endfacet
  facet normal 1.727770e-01 -9.849359e-01 7.026093e-03
    outer loop
      vertex   1.335648e+02 -6.858492e+01 1.336242e+01
      vertex   1.199828e+02 -7.095009e+01 1.579867e+01
      vertex   1.332924e+02 -6.864393e+01 1.178687e+01
    endloop
  endfacet
  facet normal 1.727770e-01 -9.849359e-01 7.026093e-03
    outer loop
      vertex   1.332924e+02 -6.864393e+01 1.178687e+01
      vertex   1.199828e+02 -7.095009e+01 1.579867e+01
      vertex   1.197104e+02 -7.100910e+01 1.422313e+01
    endloop
  endfacet
  facet normal -9.701427e-01 -1.689406e-01 1.740180e-01
    outer loop
      vertex   1.359836e+02 -8.237403e+01 1.346079e+01
      vertex   1.335648e+02 -6.858492e+01 1.336242e+01
      vertex   1.357113e+02 -8.243304e+01 1.188524e+01
    endloop
  endfacet
  facet normal -9.701427e-01 -1.689406e-01 1.740180e-01
    outer loop
      vertex   1.357113e+02 -8.243304e+01 1.188524e+01
      vertex   1.335648e+02 -6.858492e+01 1.336242e+01
      vertex   1.332924e+02 -6.864393e+01 1.178687e+01
    endloop
  endfacet
  facet normal -1.727770e-01 9.849359e-01 -7.026093e-03
    outer loop
      vertex   1.034885e+02 -8.549517e+01 1.919452e+01
      vertex   1.170705e+02 -8.313000e+01 1.675827e+01
      vertex   1.032161e+02 -8.555418e+01 1.761897e+01
    endloop
  endfacet
  facet normal -1.727770e-01 9.849359e-01 -7.026093e-03
    outer loop
      vertex   1.032161e+02 -8.555418e+01 1.761897e+01
      vertex   1.170705e+02 -8.313000e+01 1.675827e+01
      vertex   1.167981e+02 -8.318902e+01 1.518272e+01
    endloop
  endfacet
  facet normal 9.701427e-01 1.689406e-01 -1.740180e-01
    outer loop
      vertex   1.010696e+02 -7.170607e+01 1.909615e+01
      vertex   1.034885e+02 -8.549517e+01 1.919452e+01
      vertex   1.007973e+02 -7.176508e+01 1.752060e+01
    endloop
  endfacet
  facet normal 9.701427e-01 1.689406e-01 -1.740180e-01
    outer loop
      vertex   1.007973e+02 -7.176508e+01 1.752060e+01
      vertex   1.034885e+02 -8.549517e+01 1.919452e+01
      vertex   1.032161e+02 -8.555418e+01 1.761897e+01
    endloop
  endfacet
  facet normal 1.727770e-01 -9.849359e-01 7.026093e-03
    outer loop
      vertex   1.146516e+02 -6.934090e+01 1.665990e+01
      vertex   1.010696e+02 -7.170607e+01 1.909615e+01
      vertex   1.143793e+02 -6.939991e+01 1.508435e+01
    endloop
  endfacet
  facet normal 1.727770e-01 -9.849359e-01 7.026093e-03
    outer loop
      vertex   1.143793e+02 -6.939991e+01 1.508435e+01
      vertex   1.010696e+02 -7.170607e+01 1.909615e+01
      vertex   1.007973e+02 -7.176508e+01 1.752060e+01
    endloop
  endfacet
  facet normal -9.701427e-01 -1.689406e-01 1.740180e-01
    outer loop
      vertex   1.170705e+02 -8.313000e+01 1.675827e+01
      vertex   1.146516e+02 -6.934090e+01 1.665990e+01
      vertex   1.167981e+02 -8.318902e+01 1.518272e+01
    endloop
  endfacet
  facet normal -9.701427e-01 -1.689406e-01 1.740180e-01
    outer loop
      vertex   1.167981e+02 -8.318902e+01 1.518272e+01
      vertex   1.146516e+02 -6.934090e+01 1.665990e+01
      vertex   1.143793e+02 -6.939991e+01 1.508435e+01
    endloop
  endfacet
  facet normal 9.701427e-01 1.689406e-01 -1.740180e-01
    outer loop
      vertex   7.643753e+01 -3.986067e+01 2.216107e+01
      vertex   7.885641e+01 -5.364977e+01 2.225943e+01
      vertex   7.616519e+01 -3.991968e+01 2.058552e+01
    endloop
  endfacet
  facet normal 9.701427e-01 1.689406e-01 -1.740180e-01
    outer loop
      vertex   7.616519e+01 -3.991968e+01 2.058552e+01
      vertex   7.885641e+01 -5.364977e+01 2.225943e+01
      vertex   7.858407e+01 -5.370878e+01 2.068388e+01
    endloop
  endfacet
  facet normal 1.727770e-01 -9.849359e-01 7.026093e-03
    outer loop
      vertex   9.001953e+01 -3.749550e+01 1.972481e+01
      vertex   7.643753e+01 -3.986067e+01 2.216107e+01
      vertex   8.974719e+01 -3.755451e+01 1.814927e+01
    endloop
  endfacet
  facet normal 1.727770e-01 -9.849359e-01 7.026093e-03
    outer loop
      vertex   8.974719e+01 -3.755451e+01 1.814927e+01
      vertex   7.643753e+01 -3.986067e+01 2.216107e+01
      vertex   7.616519e+01 -3.991968e+01 2.058552e+01
    endloop
  endfacet
  facet normal -9.701427e-01 -1.689406e-01 1.740180e-01
    outer loop
      vertex   9.243840e+01 -5.128460e+01 1.982318e+01
      vertex   9.001953e+01 -3.749550e+01 1.972481e+01
      vertex   9.216607e+01 -5.134362e+01 1.824763e+01
    endloop
  endfacet
  facet normal -9.701427e-01 -1.689406e-01 1.740180e-01
    outer loop
      vertex   9.216607e+01 -5.134362e+01 1.824763e+01
      vertex   9.001953e+01 -3.749550e+01 1.972481e+01
      vertex   8.974719e+01 -3.755451e+01 1.814927e+01
    endloop
  endfacet
  facet normal -1.727770e-01 9.849359e-01 -7.026093e-03
    outer loop
      vertex   7.885641e+01 -5.364977e+01 2.225943e+01
      vertex   9.243840e+01 -5.128460e+01 1.982318e+01
      vertex   7.858407e+01 -5.370878e+01 2.068388e+01
    endloop
  endfacet
  facet normal -1.727770e-01 9.849359e-01 -7.026093e-03
    outer loop
      vertex   7.858407e+01 -5.370878e+01 2.068388e+01
      vertex   9.243840e+01 -5.128460e+01 1.982318e+01
      vertex   9.216607e+01 -5.134362e+01 1.824763e+01
    endloop
  endfacet
  facet normal 9.843949e-01 3.893534e-02 -1.716122e-01
    outer loop
      vertex   7.589034e+01 -5.688948e+01 2.126863e+01
      vertex   7.616268e+01 -5.683047e+01 2.284418e+01
      vertex   7.590492e+01 -5.721533e+01 2.127832e+01
    endloop
  endfacet
  facet normal 9.843949e-01 3.893534e-02 -1.716122e-01
    outer loop
      vertex   7.590492e+01 -5.721533e+01 2.127832e+01
      vertex   7.616268e+01 -5.683047e+01 2.284418e+01
      vertex   7.617725e+01 -5.715631e+01 2.285386e+01
    endloop
  endfacet
  facet normal 9.392910e-01 2.960552e-01 -1.734464e-01
    outer loop
      vertex   7.590492e+01 -5.721533e+01 2.127832e+01
      vertex   7.617725e+01 -5.715631e+01 2.285386e+01
      vertex   7.600214e+01 -5.752678e+01 2.127318e+01
    endloop
  endfacet
  facet normal 9.392910e-01 2.960552e-01 -1.734464e-01
    outer loop
      vertex   7.600214e+01 -5.752678e+01 2.127318e+01
      vertex   7.617725e+01 -5.715631e+01 2.285386e+01
      vertex   7.627447e+01 -5.746777e+01 2.284873e+01
    endloop
  endfacet
  facet normal 8.301761e-01 5.329994e-01 -1.634605e-01
    outer loop
      vertex   7.600214e+01 -5.752678e+01 2.127318e+01
      vertex   7.627447e+01 -5.746777e+01 2.284873e+01
      vertex   7.617537e+01 -5.780262e+01 2.125357e+01
    endloop
  endfacet
  facet normal 8.301761e-01 5.329994e-01 -1.634605e-01
    outer loop
      vertex   7.617537e+01 -5.780262e+01 2.125357e+01
      vertex   7.627447e+01 -5.746777e+01 2.284873e+01
      vertex   7.644771e+01 -5.774361e+01 2.282911e+01
    endloop
  endfacet
  facet normal 6.644860e-01 7.336206e-01 -1.423350e-01
    outer loop
      vertex   7.617537e+01 -5.780262e+01 2.125357e+01
      vertex   7.644771e+01 -5.774361e+01 2.282911e+01
      vertex   7.641282e+01 -5.802404e+01 2.122082e+01
    endloop
  endfacet
  facet normal 6.644860e-01 7.336206e-01 -1.423350e-01
    outer loop
      vertex   7.641282e+01 -5.802404e+01 2.122082e+01
      vertex   7.644771e+01 -5.774361e+01 2.282911e+01
      vertex   7.668515e+01 -5.796503e+01 2.279636e+01
    endloop
  endfacet
  facet normal 4.535123e-01 8.842467e-01 -1.115096e-01
    outer loop
      vertex   7.641282e+01 -5.802404e+01 2.122082e+01
      vertex   7.668515e+01 -5.796503e+01 2.279636e+01
      vertex   7.669829e+01 -5.817596e+01 2.117716e+01
    endloop
  endfacet
  facet normal 4.535123e-01 8.842467e-01 -1.115096e-01
    outer loop
      vertex   7.669829e+01 -5.817596e+01 2.117716e+01
      vertex   7.668515e+01 -5.796503e+01 2.279636e+01
      vertex   7.697063e+01 -5.811695e+01 2.275271e+01
    endloop
  endfacet
  facet normal 2.116324e-01 9.746129e-01 -7.308508e-02
    outer loop
      vertex   7.669829e+01 -5.817596e+01 2.117716e+01
      vertex   7.697063e+01 -5.811695e+01 2.275271e+01
      vertex   7.701234e+01 -5.824803e+01 2.112558e+01
    endloop
  endfacet
  facet normal 2.116324e-01 9.746129e-01 -7.308508e-02
    outer loop
      vertex   7.701234e+01 -5.824803e+01 2.112558e+01
      vertex   7.697063e+01 -5.811695e+01 2.275271e+01
      vertex   7.728468e+01 -5.818901e+01 2.270112e+01
    endloop
  endfacet
  facet normal -4.466981e-02 9.985608e-01 -2.967989e-02
    outer loop
      vertex   7.701234e+01 -5.824803e+01 2.112558e+01
      vertex   7.728468e+01 -5.818901e+01 2.270112e+01
      vertex   7.733357e+01 -5.823532e+01 2.106958e+01
    endloop
  endfacet
  facet normal -4.466981e-02 9.985608e-01 -2.967989e-02
    outer loop
      vertex   7.733357e+01 -5.823532e+01 2.106958e+01
      vertex   7.728468e+01 -5.818901e+01 2.270112e+01
      vertex   7.760590e+01 -5.817631e+01 2.264512e+01
    endloop
  endfacet
  facet normal -2.979279e-01 9.544585e-01 1.574792e-02
    outer loop
      vertex   7.733357e+01 -5.823532e+01 2.106958e+01
      vertex   7.760590e+01 -5.817631e+01 2.264512e+01
      vertex   7.764007e+01 -5.813871e+01 2.101298e+01
    endloop
  endfacet
  facet normal -2.979279e-01 9.544585e-01 1.574792e-02
    outer loop
      vertex   7.764007e+01 -5.813871e+01 2.101298e+01
      vertex   7.760590e+01 -5.817631e+01 2.264512e+01
      vertex   7.791241e+01 -5.807970e+01 2.258853e+01
    endloop
  endfacet
  facet normal -5.308826e-01 8.453114e-01 6.010255e-02
    outer loop
      vertex   7.764007e+01 -5.813871e+01 2.101298e+01
      vertex   7.791241e+01 -5.807970e+01 2.258853e+01
      vertex   7.791097e+01 -5.796479e+01 2.095964e+01
    endloop
  endfacet
  facet normal -5.308826e-01 8.453114e-01 6.010255e-02
    outer loop
      vertex   7.791097e+01 -5.796479e+01 2.095964e+01
      vertex   7.791241e+01 -5.807970e+01 2.258853e+01
      vertex   7.818331e+01 -5.790577e+01 2.253519e+01
    endloop
  endfacet
  facet normal -7.276586e-01 6.785577e-01 1.003613e-01
    outer loop
      vertex   7.791097e+01 -5.796479e+01 2.095964e+01
      vertex   7.818331e+01 -5.790577e+01 2.253519e+01
      vertex   7.812780e+01 -5.772539e+01 2.091319e+01
    endloop
  endfacet
  facet normal -7.276586e-01 6.785577e-01 1.003613e-01
    outer loop
      vertex   7.812780e+01 -5.772539e+01 2.091319e+01
      vertex   7.818331e+01 -5.790577e+01 2.253519e+01
      vertex   7.840014e+01 -5.766638e+01 2.248874e+01
    endloop
  endfacet
  facet normal -8.748459e-01 4.655614e-01 1.337806e-01
    outer loop
      vertex   7.812780e+01 -5.772539e+01 2.091319e+01
      vertex   7.840014e+01 -5.766638e+01 2.248874e+01
      vertex   7.827579e+01 -5.743685e+01 2.087681e+01
    endloop
  endfacet
  facet normal -8.748459e-01 4.655614e-01 1.337806e-01
    outer loop
      vertex   7.827579e+01 -5.743685e+01 2.087681e+01
      vertex   7.840014e+01 -5.766638e+01 2.248874e+01
      vertex   7.854813e+01 -5.737784e+01 2.245235e+01
    endloop
  endfacet
  facet normal -9.624138e-01 2.208379e-01 1.580829e-01
    outer loop
      vertex   7.827579e+01 -5.743685e+01 2.087681e+01
      vertex   7.854813e+01 -5.737784e+01 2.245235e+01
      vertex   7.834485e+01 -5.711882e+01 2.085296e+01
    endloop
  endfacet
  facet normal -9.624138e-01 2.208379e-01 1.580829e-01
    outer loop
      vertex   7.834485e+01 -5.711882e+01 2.085296e+01
      vertex   7.854813e+01 -5.737784e+01 2.245235e+01
      vertex   7.861719e+01 -5.705981e+01 2.242850e+01
    endloop
  endfacet
  facet normal -9.843949e-01 -3.893534e-02 1.716122e-01
    outer loop
      vertex   7.834485e+01 -5.711882e+01 2.085296e+01
      vertex   7.861719e+01 -5.705981e+01 2.242850e+01
      vertex   7.833027e+01 -5.679297e+01 2.084327e+01
    endloop
  endfacet
  facet normal -9.843949e-01 -3.893534e-02 1.716122e-01
    outer loop
      vertex   7.833027e+01 -5.679297e+01 2.084327e+01
      vertex   7.861719e+01 -5.705981e+01 2.242850e+01
      vertex   7.860261e+01 -5.673396e+01 2.241882e+01
    endloop
  endfacet
  facet normal -9.392910e-01 -2.960552e-01 1.734464e-01
    outer loop
      vertex   7.833027e+01 -5.679297e+01 2.084327e+01
      vertex   7.860261e+01 -5.673396e+01 2.241882e+01
      vertex   7.823306e+01 -5.648152e+01 2.084841e+01
    endloop
  endfacet
  facet normal -9.392910e-01 -2.960552e-01 1.734464e-01
    outer loop
      vertex   7.823306e+01 -5.648152e+01 2.084841e+01
      vertex   7.860261e+01 -5.673396e+01 2.241882e+01
      vertex   7.850539e+01 -5.642251e+01 2.242396e+01
    endloop
  endfacet
  facet normal -8.301761e-01 -5.329994e-01 1.634605e-01
    outer loop
      vertex   7.823306e+01 -5.648152e+01 2.084841e+01
      vertex   7.850539e+01 -5.642251e+01 2.242396e+01
      vertex   7.805982e+01 -5.620568e+01 2.086802e+01
    endloop
  endfacet
  facet normal -8.301761e-01 -5.329994e-01 1.634605e-01
    outer loop
      vertex   7.805982e+01 -5.620568e+01 2.086802e+01
      vertex   7.850539e+01 -5.642251e+01 2.242396e+01
      vertex   7.833216e+01 -5.614667e+01 2.244357e+01
    endloop
  endfacet
  facet normal -6.644860e-01 -7.336206e-01 1.423350e-01
    outer loop
      vertex   7.805982e+01 -5.620568e+01 2.086802e+01
      vertex   7.833216e+01 -5.614667e+01 2.244357e+01
      vertex   7.782237e+01 -5.598426e+01 2.090077e+01
    endloop
  endfacet
  facet normal -6.644860e-01 -7.336206e-01 1.423350e-01
    outer loop
      vertex   7.782237e+01 -5.598426e+01 2.090077e+01
      vertex   7.833216e+01 -5.614667e+01 2.244357e+01
      vertex   7.809471e+01 -5.592525e+01 2.247632e+01
    endloop
  endfacet
  facet normal -4.535123e-01 -8.842467e-01 1.115096e-01
    outer loop
      vertex   7.782237e+01 -5.598426e+01 2.090077e+01
      vertex   7.809471e+01 -5.592525e+01 2.247632e+01
      vertex   7.753690e+01 -5.583234e+01 2.094443e+01
    endloop
  endfacet
  facet normal -4.535123e-01 -8.842467e-01 1.115096e-01
    outer loop
      vertex   7.753690e+01 -5.583234e+01 2.094443e+01
      vertex   7.809471e+01 -5.592525e+01 2.247632e+01
      vertex   7.780923e+01 -5.577333e+01 2.251998e+01
    endloop
  endfacet
  facet normal -2.116324e-01 -9.746129e-01 7.308508e-02
    outer loop
      vertex   7.753690e+01 -5.583234e+01 2.094443e+01
      vertex   7.780923e+01 -5.577333e+01 2.251998e+01
      vertex   7.722285e+01 -5.576028e+01 2.099601e+01
    endloop
  endfacet
  facet normal -2.116324e-01 -9.746129e-01 7.308508e-02
    outer loop
      vertex   7.722285e+01 -5.576028e+01 2.099601e+01
      vertex   7.780923e+01 -5.577333e+01 2.251998e+01
      vertex   7.749518e+01 -5.570126e+01 2.257156e+01
    endloop
  endfacet
  facet normal 4.466981e-02 -9.985608e-01 2.967989e-02
    outer loop
      vertex   7.722285e+01 -5.576028e+01 2.099601e+01
      vertex   7.749518e+01 -5.570126e+01 2.257156e+01
      vertex   7.690163e+01 -5.577298e+01 2.105201e+01
    endloop
  endfacet
  facet normal 4.466981e-02 -9.985608e-01 2.967989e-02
    outer loop
      vertex   7.690163e+01 -5.577298e+01 2.105201e+01
      vertex   7.749518e+01 -5.570126e+01 2.257156e+01
      vertex   7.717396e+01 -5.571397e+01 2.262756e+01
    endloop
  endfacet
  facet normal 2.979279e-01 -9.544585e-01 -1.574792e-02
    outer loop
      vertex   7.690163e+01 -5.577298e+01 2.105201e+01
      vertex   7.717396e+01 -5.571397e+01 2.262756e+01
      vertex   7.659512e+01 -5.586959e+01 2.110861e+01
    endloop
  endfacet
  facet normal 2.979279e-01 -9.544585e-01 -1.574792e-02
    outer loop
      vertex   7.659512e+01 -5.586959e+01 2.110861e+01
      vertex   7.717396e+01 -5.571397e+01 2.262756e+01
      vertex   7.686746e+01 -5.581058e+01 2.268416e+01
    endloop
  endfacet
  facet normal 5.308826e-01 -8.453114e-01 -6.010255e-02
    outer loop
      vertex   7.659512e+01 -5.586959e+01 2.110861e+01
      vertex   7.686746e+01 -5.581058e+01 2.268416e+01
      vertex   7.632422e+01 -5.604351e+01 2.116195e+01
    endloop
  endfacet
  facet normal 5.308826e-01 -8.453114e-01 -6.010255e-02
    outer loop
      vertex   7.632422e+01 -5.604351e+01 2.116195e+01
      vertex   7.686746e+01 -5.581058e+01 2.268416e+01
      vertex   7.659656e+01 -5.598450e+01 2.273750e+01
    endloop
  endfacet
  facet normal 7.276586e-01 -6.785577e-01 -1.003613e-01
    outer loop
      vertex   7.632422e+01 -5.604351e+01 2.116195e+01
      vertex   7.659656e+01 -5.598450e+01 2.273750e+01
      vertex   7.610739e+01 -5.628291e+01 2.120840e+01
    endloop
  endfacet
  facet normal 7.276586e-01 -6.785577e-01 -1.003613e-01
    outer loop
      vertex   7.610739e+01 -5.628291e+01 2.120840e+01
      vertex   7.659656e+01 -5.598450e+01 2.273750e+01
      vertex   7.637972e+01 -5.622389e+01 2.278394e+01
    endloop
  endfacet
  facet normal 8.748459e-01 -4.655614e-01 -1.337806e-01
    outer loop
      vertex   7.610739e+01 -5.628291e+01 2.120840e+01
      vertex   7.637972e+01 -5.622389e+01 2.278394e+01
      vertex   7.595940e+01 -5.657145e+01 2.124478e+01
    endloop
  endfacet
  facet normal 8.748459e-01 -4.655614e-01 -1.337806e-01
    outer loop
      vertex   7.595940e+01 -5.657145e+01 2.124478e+01
      vertex   7.637972e+01 -5.622389e+01 2.278394e+01
      vertex   7.623174e+01 -5.651244e+01 2.282033e+01
    endloop
  endfacet
  facet normal 9.624138e-01 -2.208379e-01 -1.580829e-01
    outer loop
      vertex   7.595940e+01 -5.657145e+01 2.124478e+01
      vertex   7.623174e+01 -5.651244e+01 2.282033e+01
      vertex   7.589034e+01 -5.688948e+01 2.126863e+01
    endloop
  endfacet
  facet normal 9.624138e-01 -2.208379e-01 -1.580829e-01
    outer loop
      vertex   7.589034e+01 -5.688948e+01 2.126863e+01
      vertex   7.623174e+01 -5.651244e+01 2.282033e+01
      vertex   7.616268e+01 -5.683047e+01 2.284418e+01
    endloop
  endfacet
  facet normal 9.701427e-01 1.689406e-01 -1.740180e-01
    outer loop
      vertex   5.838825e+01 -4.554133e+01 2.549368e+01
      vertex   6.080713e+01 -5.933043e+01 2.559204e+01
      vertex   5.811592e+01 -4.560034e+01 2.391813e+01
    endloop
  endfacet
  facet normal 9.701427e-01 1.689406e-01 -1.740180e-01
    outer loop
      vertex   5.811592e+01 -4.560034e+01 2.391813e+01
      vertex   6.080713e+01 -5.933043e+01 2.559204e+01
      vertex   6.053480e+01 -5.938944e+01 2.401649e+01
    endloop
  endfacet
  facet normal 1.727770e-01 -9.849359e-01 7.026093e-03
    outer loop
      vertex   7.197025e+01 -4.317616e+01 2.305742e+01
      vertex   5.838825e+01 -4.554133e+01 2.549368e+01
      vertex   7.169792e+01 -4.323517e+01 2.148188e+01
    endloop
  endfacet
  facet normal 1.727770e-01 -9.849359e-01 7.026093e-03
    outer loop
      vertex   7.169792e+01 -4.323517e+01 2.148188e+01
      vertex   5.838825e+01 -4.554133e+01 2.549368e+01
      vertex   5.811592e+01 -4.560034e+01 2.391813e+01
    endloop
  endfacet
  facet normal -9.701427e-01 -1.689406e-01 1.740180e-01
    outer loop
      vertex   7.438913e+01 -5.696526e+01 2.315579e+01
      vertex   7.197025e+01 -4.317616e+01 2.305742e+01
      vertex   7.411679e+01 -5.702427e+01 2.158024e+01
    endloop
  endfacet
  facet normal -9.701427e-01 -1.689406e-01 1.740180e-01
    outer loop
      vertex   7.411679e+01 -5.702427e+01 2.158024e+01
      vertex   7.197025e+01 -4.317616e+01 2.305742e+01
      vertex   7.169792e+01 -4.323517e+01 2.148188e+01
    endloop
  endfacet
  facet normal -1.727770e-01 9.849359e-01 -7.026093e-03
    outer loop
      vertex   6.080713e+01 -5.933043e+01 2.559204e+01
      vertex   7.438913e+01 -5.696526e+01 2.315579e+01
      vertex   6.053480e+01 -5.938944e+01 2.401649e+01
    endloop
  endfacet
  facet normal -1.727770e-01 9.849359e-01 -7.026093e-03
    outer loop
      vertex   6.053480e+01 -5.938944e+01 2.401649e+01
      vertex   7.438913e+01 -5.696526e+01 2.315579e+01
      vertex   7.411679e+01 -5.702427e+01 2.158024e+01
    endloop
  endfacet
  facet normal 1.727770e-01 -9.849359e-01 7.026093e-03
    outer loop
      vertex   9.331093e+01 -5.625853e+01 1.985866e+01
      vertex   7.972893e+01 -5.862370e+01 2.229491e+01
      vertex   9.303859e+01 -5.631754e+01 1.828311e+01
    endloop
  endfacet
  facet normal 1.727770e-01 -9.849359e-01 7.026093e-03
    outer loop
      vertex   9.303859e+01 -5.631754e+01 1.828311e+01
      vertex   7.972893e+01 -5.862370e+01 2.229491e+01
      vertex   7.945659e+01 -5.868271e+01 2.071937e+01
    endloop
  endfacet
  facet normal -9.701427e-01 -1.689406e-01 1.740180e-01
    outer loop
      vertex   9.572981e+01 -7.004763e+01 1.995703e+01
      vertex   9.331093e+01 -5.625853e+01 1.985866e+01
      vertex   9.545747e+01 -7.010664e+01 1.838148e+01
    endloop
  endfacet
  facet normal -9.701427e-01 -1.689406e-01 1.740180e-01
    outer loop
      vertex   9.545747e+01 -7.010664e+01 1.838148e+01
      vertex   9.331093e+01 -5.625853e+01 1.985866e+01
      vertex   9.303859e+01 -5.631754e+01 1.828311e+01
    endloop
  endfacet
  facet normal -1.727770e-01 9.849359e-01 -7.026093e-03
    outer loop
      vertex   8.214781e+01 -7.241280e+01 2.239328e+01
      vertex   9.572981e+01 -7.004763e+01 1.995703e+01
      vertex   8.187547e+01 -7.247181e+01 2.081773e+01
    endloop
  endfacet
  facet normal -1.727770e-01 9.849359e-01 -7.026093e-03
    outer loop
      vertex   8.187547e+01 -7.247181e+01 2.081773e+01
      vertex   9.572981e+01 -7.004763e+01 1.995703e+01
      vertex   9.545747e+01 -7.010664e+01 1.838148e+01
    endloop
  endfacet
  facet normal 9.701427e-01 1.689406e-01 -1.740180e-01
    outer loop
      vertex   7.972893e+01 -5.862370e+01 2.229491e+01
      vertex   8.214781e+01 -7.241280e+01 2.239328e+01
      vertex   7.945659e+01 -5.868271e+01 2.071937e+01
    endloop
  endfacet
  facet normal 9.701427e-01 1.689406e-01 -1.740180e-01
    outer loop
      vertex   7.945659e+01 -5.868271e+01 2.071937e+01
      vertex   8.214781e+01 -7.241280e+01 2.239328e+01
      vertex   8.187547e+01 -7.247181e+01 2.081773e+01
    endloop
  endfacet
  facet normal -9.701427e-01 -1.689406e-01 1.740180e-01
    outer loop
      vertex   9.902121e+01 -8.881066e+01 2.009087e+01
      vertex   9.660233e+01 -7.502156e+01 1.999251e+01
      vertex   9.874887e+01 -8.886967e+01 1.851533e+01
    endloop
  endfacet
  facet normal -9.701427e-01 -1.689406e-01 1.740180e-01
    outer loop
      vertex   9.874887e+01 -8.886967e+01 1.851533e+01
      vertex   9.660233e+01 -7.502156e+01 1.999251e+01
      vertex   9.632999e+01 -7.508057e+01 1.841696e+01
    endloop
  endfacet
  facet normal -1.727770e-01 9.849359e-01 -7.026093e-03
    outer loop
      vertex   8.543921e+01 -9.117583e+01 2.252713e+01
      vertex   9.902121e+01 -8.881066e+01 2.009087e+01
      vertex   8.516687e+01 -9.123484e+01 2.095158e+01
    endloop
  endfacet
  facet normal -1.727770e-01 9.849359e-01 -7.026093e-03
    outer loop
      vertex   8.516687e+01 -9.123484e+01 2.095158e+01
      vertex   9.902121e+01 -8.881066e+01 2.009087e+01
      vertex   9.874887e+01 -8.886967e+01 1.851533e+01
    endloop
  endfacet
  facet normal 9.701427e-01 1.689406e-01 -1.740180e-01
    outer loop
      vertex   8.302033e+01 -7.738673e+01 2.242876e+01
      vertex   8.543921e+01 -9.117583e+01 2.252713e+01
      vertex   8.274800e+01 -7.744574e+01 2.085321e+01
    endloop
  endfacet
  facet normal 9.701427e-01 1.689406e-01 -1.740180e-01
    outer loop
      vertex   8.274800e+01 -7.744574e+01 2.085321e+01
      vertex   8.543921e+01 -9.117583e+01 2.252713e+01
      vertex   8.516687e+01 -9.123484e+01 2.095158e+01
    endloop
  endfacet
  facet normal 1.727770e-01 -9.849359e-01 7.026093e-03
    outer loop
      vertex   9.660233e+01 -7.502156e+01 1.999251e+01
      vertex   8.302033e+01 -7.738673e+01 2.242876e+01
      vertex   9.632999e+01 -7.508057e+01 1.841696e+01
    endloop
  endfacet
  facet normal 1.727770e-01 -9.849359e-01 7.026093e-03
    outer loop
      vertex   9.632999e+01 -7.508057e+01 1.841696e+01
      vertex   8.302033e+01 -7.738673e+01 2.242876e+01
      vertex   8.274800e+01 -7.744574e+01 2.085321e+01
    endloop
  endfacet
  facet normal -1.727770e-01 9.849359e-01 -7.026093e-03
    outer loop
      vertex   6.409853e+01 -7.809346e+01 2.572589e+01
      vertex   7.768053e+01 -7.572829e+01 2.328964e+01
      vertex   6.382620e+01 -7.815247e+01 2.415034e+01
    endloop
  endfacet
  facet normal -1.727770e-01 9.849359e-01 -7.026093e-03
    outer loop
      vertex   6.382620e+01 -7.815247e+01 2.415034e+01
      vertex   7.768053e+01 -7.572829e+01 2.328964e+01
      vertex   7.740819e+01 -7.578730e+01 2.171409e+01
    endloop
  endfacet
  facet normal 9.701427e-01 1.689406e-01 -1.740180e-01
    outer loop
      vertex   6.167965e+01 -6.430436e+01 2.562752e+01
      vertex   6.409853e+01 -7.809346e+01 2.572589e+01
      vertex   6.140732e+01 -6.436337e+01 2.405197e+01
    endloop
  endfacet
  facet normal 9.701427e-01 1.689406e-01 -1.740180e-01
    outer loop
      vertex   6.140732e+01 -6.436337e+01 2.405197e+01
      vertex   6.409853e+01 -7.809346e+01 2.572589e+01
      vertex   6.382620e+01 -7.815247e+01 2.415034e+01
    endloop
  endfacet
  facet normal 1.727770e-01 -9.849359e-01 7.026093e-03
    outer loop
      vertex   7.526165e+01 -6.193919e+01 2.319127e+01
      vertex   6.167965e+01 -6.430436e+01 2.562752e+01
      vertex   7.498932e+01 -6.199820e+01 2.161572e+01
    endloop
  endfacet
  facet normal 1.727770e-01 -9.849359e-01 7.026093e-03
    outer loop
      vertex   7.498932e+01 -6.199820e+01 2.161572e+01
      vertex   6.167965e+01 -6.430436e+01 2.562752e+01
      vertex   6.140732e+01 -6.436337e+01 2.405197e+01
    endloop
  endfacet
  facet normal -9.701427e-01 -1.689406e-01 1.740180e-01
    outer loop
      vertex   7.768053e+01 -7.572829e+01 2.328964e+01
      vertex   7.526165e+01 -6.193919e+01 2.319127e+01
      vertex   7.740819e+01 -7.578730e+01 2.171409e+01
    endloop
  endfacet
  facet normal -9.701427e-01 -1.689406e-01 1.740180e-01
    outer loop
      vertex   7.740819e+01 -7.578730e+01 2.171409e+01
      vertex   7.526165e+01 -6.193919e+01 2.319127e+01
      vertex   7.498932e+01 -6.199820e+01 2.161572e+01
    endloop
  endfacet
  facet normal 1.727770e-01 -9.849359e-01 7.026093e-03
    outer loop
      vertex   7.855305e+01 -8.070222e+01 2.332512e+01
      vertex   6.497106e+01 -8.306738e+01 2.576137e+01
      vertex   7.828072e+01 -8.076123e+01 2.174957e+01
    endloop
  endfacet
  facet normal 1.727770e-01 -9.849359e-01 7.026093e-03
    outer loop
      vertex   7.828072e+01 -8.076123e+01 2.174957e+01
      vertex   6.497106e+01 -8.306738e+01 2.576137e+01
      vertex   6.469872e+01 -8.312640e+01 2.418582e+01
    endloop
  endfacet
  facet normal -9.701427e-01 -1.689406e-01 1.740180e-01
    outer loop
      vertex   8.097193e+01 -9.449132e+01 2.342348e+01
      vertex   7.855305e+01 -8.070222e+01 2.332512e+01
      vertex   8.069960e+01 -9.455033e+01 2.184793e+01
    endloop
  endfacet
  facet normal -9.701427e-01 -1.689406e-01 1.740180e-01
    outer loop
      vertex   8.069960e+01 -9.455033e+01 2.184793e+01
      vertex   7.855305e+01 -8.070222e+01 2.332512e+01
      vertex   7.828072e+01 -8.076123e+01 2.174957e+01
    endloop
  endfacet
  facet normal -1.727770e-01 9.849359e-01 -7.026093e-03
    outer loop
      vertex   6.738993e+01 -9.685649e+01 2.585973e+01
      vertex   8.097193e+01 -9.449132e+01 2.342348e+01
      vertex   6.711760e+01 -9.691550e+01 2.428419e+01
    endloop
  endfacet
  facet normal -1.727770e-01 9.849359e-01 -7.026093e-03
    outer loop
      vertex   6.711760e+01 -9.691550e+01 2.428419e+01
      vertex   8.097193e+01 -9.449132e+01 2.342348e+01
      vertex   8.069960e+01 -9.455033e+01 2.184793e+01
    endloop
  endfacet
  facet normal 9.701427e-01 1.689406e-01 -1.740180e-01
    outer loop
      vertex   6.497106e+01 -8.306738e+01 2.576137e+01
      vertex   6.738993e+01 -9.685649e+01 2.585973e+01
      vertex   6.469872e+01 -8.312640e+01 2.418582e+01
    endloop
  endfacet
  facet normal 9.701427e-01 1.689406e-01 -1.740180e-01
    outer loop
      vertex   6.469872e+01 -8.312640e+01 2.418582e+01
      vertex   6.738993e+01 -9.685649e+01 2.585973e+01
      vertex   6.711760e+01 -9.691550e+01 2.428419e+01
    endloop
  endfacet
  facet normal 9.701427e-01 1.689406e-01 -1.740180e-01
    outer loop
      vertex   1.577918e+02 -6.933964e+01 9.203016e+00
      vertex   1.602107e+02 -8.312874e+01 9.301381e+00
      vertex   1.575195e+02 -6.939865e+01 7.627468e+00
    endloop
  endfacet
  facet normal 9.701427e-01 1.689406e-01 -1.740180e-01
    outer loop
      vertex   1.575195e+02 -6.939865e+01 7.627468e+00
      vertex   1.602107e+02 -8.312874e+01 9.301381e+00
      vertex   1.599384e+02 -8.318776e+01 7.725834e+00
    endloop
  endfacet
  facet normal 1.727770e-01 -9.849359e-01 7.026093e-03
    outer loop
      vertex   1.713738e+02 -6.697447e+01 6.766764e+00
      vertex   1.577918e+02 -6.933964e+01 9.203016e+00
      vertex   1.711015e+02 -6.703348e+01 5.191216e+00
    endloop
  endfacet
  facet normal 1.727770e-01 -9.849359e-01 7.026093e-03
    outer loop
      vertex   1.711015e+02 -6.703348e+01 5.191216e+00
      vertex   1.577918e+02 -6.933964e+01 9.203016e+00
      vertex   1.575195e+02 -6.939865e+01 7.627468e+00
    endloop
  endfacet
  facet normal -9.701427e-01 -1.689406e-01 1.740180e-01
    outer loop
      vertex   1.737927e+02 -8.076357e+01 6.865129e+00
      vertex   1.713738e+02 -6.697447e+01 6.766764e+00
      vertex   1.735204e+02 -8.082259e+01 5.289581e+00
    endloop
  endfacet
  facet normal -9.701427e-01 -1.689406e-01 1.740180e-01
    outer loop
      vertex   1.735204e+02 -8.082259e+01 5.289581e+00
      vertex   1.713738e+02 -6.697447e+01 6.766764e+00
      vertex   1.711015e+02 -6.703348e+01 5.191216e+00
    endloop
  endfacet
  facet normal -1.727770e-01 9.849359e-01 -7.026093e-03
    outer loop
      vertex   1.602107e+02 -8.312874e+01 9.301381e+00
      vertex   1.737927e+02 -8.076357e+01 6.865129e+00
      vertex   1.599384e+02 -8.318776e+01 7.725834e+00
    endloop
  endfacet
  facet normal -1.727770e-01 9.849359e-01 -7.026093e-03
    outer loop
      vertex   1.599384e+02 -8.318776e+01 7.725834e+00
      vertex   1.737927e+02 -8.076357e+01 6.865129e+00
      vertex   1.735204e+02 -8.082259e+01 5.289581e+00
    endloop
  endfacet
  facet normal 9.843949e-01 3.893534e-02 -1.716122e-01
    outer loop
      vertex   1.565216e+02 -8.599558e+01 8.421598e+00
      vertex   1.567939e+02 -8.593657e+01 9.997145e+00
      vertex   1.565361e+02 -8.632143e+01 8.431283e+00
    endloop
  endfacet
  facet normal 9.843949e-01 3.893534e-02 -1.716122e-01
    outer loop
      vertex   1.565361e+02 -8.632143e+01 8.431283e+00
      vertex   1.567939e+02 -8.593657e+01 9.997145e+00
      vertex   1.568085e+02 -8.626242e+01 1.000683e+01
    endloop
  endfacet
  facet normal 9.392910e-01 2.960552e-01 -1.734464e-01
    outer loop
      vertex   1.565361e+02 -8.632143e+01 8.431283e+00
      vertex   1.568085e+02 -8.626242e+01 1.000683e+01
      vertex   1.566334e+02 -8.663288e+01 8.426144e+00
    endloop
  endfacet
  facet normal 9.392910e-01 2.960552e-01 -1.734464e-01
    outer loop
      vertex   1.566334e+02 -8.663288e+01 8.426144e+00
      vertex   1.568085e+02 -8.626242e+01 1.000683e+01
      vertex   1.569057e+02 -8.657387e+01 1.000169e+01
    endloop
  endfacet
  facet normal 8.301761e-01 5.329994e-01 -1.634605e-01
    outer loop
      vertex   1.566334e+02 -8.663288e+01 8.426144e+00
      vertex   1.569057e+02 -8.657387e+01 1.000169e+01
      vertex   1.568066e+02 -8.690872e+01 8.406531e+00
    endloop
  endfacet
  facet normal 8.301761e-01 5.329994e-01 -1.634605e-01
    outer loop
      vertex   1.568066e+02 -8.690872e+01 8.406531e+00
      vertex   1.569057e+02 -8.657387e+01 1.000169e+01
      vertex   1.570789e+02 -8.684971e+01 9.982079e+00
    endloop
  endfacet
  facet normal 6.644860e-01 7.336206e-01 -1.423350e-01
    outer loop
      vertex   1.568066e+02 -8.690872e+01 8.406531e+00
      vertex   1.570789e+02 -8.684971e+01 9.982079e+00
      vertex   1.570440e+02 -8.713015e+01 8.373782e+00
    endloop
  endfacet
  facet normal 6.644860e-01 7.336206e-01 -1.423350e-01
    outer loop
      vertex   1.570440e+02 -8.713015e+01 8.373782e+00
      vertex   1.570789e+02 -8.684971e+01 9.982079e+00
      vertex   1.573164e+02 -8.707113e+01 9.949330e+00
    endloop
  endfacet
  facet normal 4.535123e-01 8.842467e-01 -1.115096e-01
    outer loop
      vertex   1.570440e+02 -8.713015e+01 8.373782e+00
      vertex   1.573164e+02 -8.707113e+01 9.949330e+00
      vertex   1.573295e+02 -8.728207e+01 8.330127e+00
    endloop
  endfacet
  facet normal 4.535123e-01 8.842467e-01 -1.115096e-01
    outer loop
      vertex   1.573295e+02 -8.728207e+01 8.330127e+00
      vertex   1.573164e+02 -8.707113e+01 9.949330e+00
      vertex   1.576018e+02 -8.722305e+01 9.905675e+00
    endloop
  endfacet
  facet normal 2.116324e-01 9.746129e-01 -7.308508e-02
    outer loop
      vertex   1.573295e+02 -8.728207e+01 8.330127e+00
      vertex   1.576018e+02 -8.722305e+01 9.905675e+00
      vertex   1.576436e+02 -8.735413e+01 8.278542e+00
    endloop
  endfacet
  facet normal 2.116324e-01 9.746129e-01 -7.308508e-02
    outer loop
      vertex   1.576436e+02 -8.735413e+01 8.278542e+00
      vertex   1.576018e+02 -8.722305e+01 9.905675e+00
      vertex   1.579159e+02 -8.729512e+01 9.854090e+00
    endloop
  endfacet
  facet normal -4.466981e-02 9.985608e-01 -2.967989e-02
    outer loop
      vertex   1.576436e+02 -8.735413e+01 8.278542e+00
      vertex   1.579159e+02 -8.729512e+01 9.854090e+00
      vertex   1.579648e+02 -8.734142e+01 8.222543e+00
    endloop
  endfacet
  facet normal -4.466981e-02 9.985608e-01 -2.967989e-02
    outer loop
      vertex   1.579648e+02 -8.734142e+01 8.222543e+00
      vertex   1.579159e+02 -8.729512e+01 9.854090e+00
      vertex   1.582371e+02 -8.728241e+01 9.798090e+00
    endloop
  endfacet
  facet normal -2.979279e-01 9.544585e-01 1.574792e-02
    outer loop
      vertex   1.579648e+02 -8.734142e+01 8.222543e+00
      vertex   1.582371e+02 -8.728241e+01 9.798090e+00
      vertex   1.582713e+02 -8.724482e+01 8.165944e+00
    endloop
  endfacet
  facet normal -2.979279e-01 9.544585e-01 1.574792e-02
    outer loop
      vertex   1.582713e+02 -8.724482e+01 8.165944e+00
      vertex   1.582371e+02 -8.728241e+01 9.798090e+00
      vertex   1.585436e+02 -8.718580e+01 9.741492e+00
    endloop
  endfacet
  facet normal -5.308826e-01 8.453114e-01 6.010255e-02
    outer loop
      vertex   1.582713e+02 -8.724482e+01 8.165944e+00
      vertex   1.585436e+02 -8.718580e+01 9.741492e+00
      vertex   1.585422e+02 -8.707089e+01 8.112605e+00
    endloop
  endfacet
  facet normal -5.308826e-01 8.453114e-01 6.010255e-02
    outer loop
      vertex   1.585422e+02 -8.707089e+01 8.112605e+00
      vertex   1.585436e+02 -8.718580e+01 9.741492e+00
      vertex   1.588145e+02 -8.701188e+01 9.688153e+00
    endloop
  endfacet
  facet normal -7.276586e-01 6.785577e-01 1.003613e-01
    outer loop
      vertex   1.585422e+02 -8.707089e+01 8.112605e+00
      vertex   1.588145e+02 -8.701188e+01 9.688153e+00
      vertex   1.587590e+02 -8.683150e+01 8.066159e+00
    endloop
  endfacet
  facet normal -7.276586e-01 6.785577e-01 1.003613e-01
    outer loop
      vertex   1.587590e+02 -8.683150e+01 8.066159e+00
      vertex   1.588145e+02 -8.701188e+01 9.688153e+00
      vertex   1.590314e+02 -8.677249e+01 9.641706e+00
    endloop
  endfacet
  facet normal -8.748459e-01 4.655614e-01 1.337806e-01
    outer loop
      vertex   1.587590e+02 -8.683150e+01 8.066159e+00
      vertex   1.590314e+02 -8.677249e+01 9.641706e+00
      vertex   1.589070e+02 -8.654295e+01 8.029771e+00
    endloop
  endfacet
  facet normal -8.748459e-01 4.655614e-01 1.337806e-01
    outer loop
      vertex   1.589070e+02 -8.654295e+01 8.029771e+00
      vertex   1.590314e+02 -8.677249e+01 9.641706e+00
      vertex   1.591793e+02 -8.648394e+01 9.605319e+00
    endloop
  endfacet
  facet normal -9.624138e-01 2.208379e-01 1.580829e-01
    outer loop
      vertex   1.589070e+02 -8.654295e+01 8.029771e+00
      vertex   1.591793e+02 -8.648394e+01 9.605319e+00
      vertex   1.589761e+02 -8.622492e+01 8.005923e+00
    endloop
  endfacet
  facet normal -9.624138e-01 2.208379e-01 1.580829e-01
    outer loop
      vertex   1.589761e+02 -8.622492e+01 8.005923e+00
      vertex   1.591793e+02 -8.648394e+01 9.605319e+00
      vertex   1.592484e+02 -8.616591e+01 9.581470e+00
    endloop
  endfacet
  facet normal -9.843949e-01 -3.893534e-02 1.716122e-01
    outer loop
      vertex   1.589761e+02 -8.622492e+01 8.005923e+00
      vertex   1.592484e+02 -8.616591e+01 9.581470e+00
      vertex   1.589615e+02 -8.589908e+01 7.996238e+00
    endloop
  endfacet
  facet normal -9.843949e-01 -3.893534e-02 1.716122e-01
    outer loop
      vertex   1.589615e+02 -8.589908e+01 7.996238e+00
      vertex   1.592484e+02 -8.616591e+01 9.581470e+00
      vertex   1.592338e+02 -8.584007e+01 9.571785e+00
    endloop
  endfacet
  facet normal -9.392910e-01 -2.960552e-01 1.734464e-01
    outer loop
      vertex   1.589615e+02 -8.589908e+01 7.996238e+00
      vertex   1.592338e+02 -8.584007e+01 9.571785e+00
      vertex   1.588643e+02 -8.558762e+01 8.001376e+00
    endloop
  endfacet
  facet normal -9.392910e-01 -2.960552e-01 1.734464e-01
    outer loop
      vertex   1.588643e+02 -8.558762e+01 8.001376e+00
      vertex   1.592338e+02 -8.584007e+01 9.571785e+00
      vertex   1.591366e+02 -8.552861e+01 9.576924e+00
    endloop
  endfacet
  facet normal -8.301761e-01 -5.329994e-01 1.634605e-01
    outer loop
      vertex   1.588643e+02 -8.558762e+01 8.001376e+00
      vertex   1.591366e+02 -8.552861e+01 9.576924e+00
      vertex   1.586910e+02 -8.531178e+01 8.020989e+00
    endloop
  endfacet
  facet normal -8.301761e-01 -5.329994e-01 1.634605e-01
    outer loop
      vertex   1.586910e+02 -8.531178e+01 8.020989e+00
      vertex   1.591366e+02 -8.552861e+01 9.576924e+00
      vertex   1.589634e+02 -8.525277e+01 9.596537e+00
    endloop
  endfacet
  facet normal -6.644860e-01 -7.336206e-01 1.423350e-01
    outer loop
      vertex   1.586910e+02 -8.531178e+01 8.020989e+00
      vertex   1.589634e+02 -8.525277e+01 9.596537e+00
      vertex   1.584536e+02 -8.509036e+01 8.053738e+00
    endloop
  endfacet
  facet normal -6.644860e-01 -7.336206e-01 1.423350e-01
    outer loop
      vertex   1.584536e+02 -8.509036e+01 8.053738e+00
      vertex   1.589634e+02 -8.525277e+01 9.596537e+00
      vertex   1.587259e+02 -8.503135e+01 9.629286e+00
    endloop
  endfacet
  facet normal -4.535123e-01 -8.842467e-01 1.115096e-01
    outer loop
      vertex   1.584536e+02 -8.509036e+01 8.053738e+00
      vertex   1.587259e+02 -8.503135e+01 9.629286e+00
      vertex   1.581681e+02 -8.493844e+01 8.097393e+00
    endloop
  endfacet
  facet normal -4.535123e-01 -8.842467e-01 1.115096e-01
    outer loop
      vertex   1.581681e+02 -8.493844e+01 8.097393e+00
      vertex   1.587259e+02 -8.503135e+01 9.629286e+00
      vertex   1.584405e+02 -8.487943e+01 9.672941e+00
    endloop
  endfacet
  facet normal -2.116324e-01 -9.746129e-01 7.308508e-02
    outer loop
      vertex   1.581681e+02 -8.493844e+01 8.097393e+00
      vertex   1.584405e+02 -8.487943e+01 9.672941e+00
      vertex   1.578541e+02 -8.486638e+01 8.148978e+00
    endloop
  endfacet
  facet normal -2.116324e-01 -9.746129e-01 7.308508e-02
    outer loop
      vertex   1.578541e+02 -8.486638e+01 8.148978e+00
      vertex   1.584405e+02 -8.487943e+01 9.672941e+00
      vertex   1.581264e+02 -8.480737e+01 9.724526e+00
    endloop
  endfacet
  facet normal 4.466981e-02 -9.985608e-01 2.967989e-02
    outer loop
      vertex   1.578541e+02 -8.486638e+01 8.148978e+00
      vertex   1.581264e+02 -8.480737e+01 9.724526e+00
      vertex   1.575328e+02 -8.487908e+01 8.204977e+00
    endloop
  endfacet
  facet normal 4.466981e-02 -9.985608e-01 2.967989e-02
    outer loop
      vertex   1.575328e+02 -8.487908e+01 8.204977e+00
      vertex   1.581264e+02 -8.480737e+01 9.724526e+00
      vertex   1.578052e+02 -8.482007e+01 9.780525e+00
    endloop
  endfacet
  facet normal 2.979279e-01 -9.544585e-01 -1.574792e-02
    outer loop
      vertex   1.575328e+02 -8.487908e+01 8.204977e+00
      vertex   1.578052e+02 -8.482007e+01 9.780525e+00
      vertex   1.572263e+02 -8.497569e+01 8.261576e+00
    endloop
  endfacet
  facet normal 2.979279e-01 -9.544585e-01 -1.574792e-02
    outer loop
      vertex   1.572263e+02 -8.497569e+01 8.261576e+00
      vertex   1.578052e+02 -8.482007e+01 9.780525e+00
      vertex   1.574987e+02 -8.491668e+01 9.837123e+00
    endloop
  endfacet
  facet normal 5.308826e-01 -8.453114e-01 -6.010255e-02
    outer loop
      vertex   1.572263e+02 -8.497569e+01 8.261576e+00
      vertex   1.574987e+02 -8.491668e+01 9.837123e+00
      vertex   1.569554e+02 -8.514962e+01 8.314915e+00
    endloop
  endfacet
  facet normal 5.308826e-01 -8.453114e-01 -6.010255e-02
    outer loop
      vertex   1.569554e+02 -8.514962e+01 8.314915e+00
      vertex   1.574987e+02 -8.491668e+01 9.837123e+00
      vertex   1.572278e+02 -8.509060e+01 9.890463e+00
    endloop
  endfacet
  facet normal 7.276586e-01 -6.785577e-01 -1.003613e-01
    outer loop
      vertex   1.569554e+02 -8.514962e+01 8.314915e+00
      vertex   1.572278e+02 -8.509060e+01 9.890463e+00
      vertex   1.567386e+02 -8.538901e+01 8.361361e+00
    endloop
  endfacet
  facet normal 7.276586e-01 -6.785577e-01 -1.003613e-01
    outer loop
      vertex   1.567386e+02 -8.538901e+01 8.361361e+00
      vertex   1.572278e+02 -8.509060e+01 9.890463e+00
      vertex   1.570109e+02 -8.533000e+01 9.936909e+00
    endloop
  endfacet
  facet normal 8.748459e-01 -4.655614e-01 -1.337806e-01
    outer loop
      vertex   1.567386e+02 -8.538901e+01 8.361361e+00
      vertex   1.570109e+02 -8.533000e+01 9.936909e+00
      vertex   1.565906e+02 -8.567755e+01 8.397749e+00
    endloop
  endfacet
  facet normal 8.748459e-01 -4.655614e-01 -1.337806e-01
    outer loop
      vertex   1.565906e+02 -8.567755e+01 8.397749e+00
      vertex   1.570109e+02 -8.533000e+01 9.936909e+00
      vertex   1.568630e+02 -8.561854e+01 9.973297e+00
    endloop
  endfacet
  facet normal 9.624138e-01 -2.208379e-01 -1.580829e-01
    outer loop
      vertex   1.565906e+02 -8.567755e+01 8.397749e+00
      vertex   1.568630e+02 -8.561854e+01 9.973297e+00
      vertex   1.565216e+02 -8.599558e+01 8.421598e+00
    endloop
  endfacet
  facet normal 9.624138e-01 -2.208379e-01 -1.580829e-01
    outer loop
      vertex   1.565216e+02 -8.599558e+01 8.421598e+00
      vertex   1.568630e+02 -8.561854e+01 9.973297e+00
      vertex   1.567939e+02 -8.593657e+01 9.997145e+00
    endloop
  endfacet
  facet normal -1.727770e-01 9.849359e-01 -7.026093e-03
    outer loop
      vertex   1.417295e+02 -8.634706e+01 1.261642e+01
      vertex   1.553115e+02 -8.398189e+01 1.018017e+01
      vertex   1.414571e+02 -8.640607e+01 1.104088e+01
    endloop
  endfacet
  facet normal -1.727770e-01 9.849359e-01 -7.026093e-03
    outer loop
      vertex   1.414571e+02 -8.640607e+01 1.104088e+01
      vertex   1.553115e+02 -8.398189e+01 1.018017e+01
      vertex   1.550391e+02 -8.404091e+01 8.604625e+00
    endloop
  endfacet
  facet normal 9.701427e-01 1.689406e-01 -1.740180e-01
    outer loop
      vertex   1.393106e+02 -7.255796e+01 1.251806e+01
      vertex   1.417295e+02 -8.634706e+01 1.261642e+01
      vertex   1.390383e+02 -7.261697e+01 1.094251e+01
    endloop
  endfacet
  facet normal 9.701427e-01 1.689406e-01 -1.740180e-01
    outer loop
      vertex   1.390383e+02 -7.261697e+01 1.094251e+01
      vertex   1.417295e+02 -8.634706e+01 1.261642e+01
      vertex   1.414571e+02 -8.640607e+01 1.104088e+01
    endloop
  endfacet
  facet normal 1.727770e-01 -9.849359e-01 7.026093e-03
    outer loop
      vertex   1.528926e+02 -7.019279e+01 1.008181e+01
      vertex   1.393106e+02 -7.255796e+01 1.251806e+01
      vertex   1.526203e+02 -7.025180e+01 8.506259e+00
    endloop
  endfacet
  facet normal 1.727770e-01 -9.849359e-01 7.026093e-03
    outer loop
      vertex   1.526203e+02 -7.025180e+01 8.506259e+00
      vertex   1.393106e+02 -7.255796e+01 1.251806e+01
      vertex   1.390383e+02 -7.261697e+01 1.094251e+01
    endloop
  endfacet
  facet normal -9.701427e-01 -1.689406e-01 1.740180e-01
    outer loop
      vertex   1.553115e+02 -8.398189e+01 1.018017e+01
      vertex   1.528926e+02 -7.019279e+01 1.008181e+01
      vertex   1.550391e+02 -8.404091e+01 8.604625e+00
    endloop
  endfacet
  facet normal -9.701427e-01 -1.689406e-01 1.740180e-01
    outer loop
      vertex   1.550391e+02 -8.404091e+01 8.604625e+00
      vertex   1.528926e+02 -7.019279e+01 1.008181e+01
      vertex   1.526203e+02 -7.025180e+01 8.506259e+00
    endloop
  endfacet
  facet normal 1.727770e-01 -9.849359e-01 7.026093e-03
    outer loop
      vertex   1.746652e+02 -8.573750e+01 6.900611e+00
      vertex   1.610832e+02 -8.810267e+01 9.336863e+00
      vertex   1.743929e+02 -8.579651e+01 5.325063e+00
    endloop
  endfacet
  facet normal 1.727770e-01 -9.849359e-01 7.026093e-03
    outer loop
      vertex   1.743929e+02 -8.579651e+01 5.325063e+00
      vertex   1.610832e+02 -8.810267e+01 9.336863e+00
      vertex   1.608109e+02 -8.816168e+01 7.761315e+00
    endloop
  endfacet
  facet normal -9.701427e-01 -1.689406e-01 1.740180e-01
    outer loop
      vertex   1.770841e+02 -9.952660e+01 6.998976e+00
      vertex   1.746652e+02 -8.573750e+01 6.900611e+00
      vertex   1.768118e+02 -9.958562e+01 5.423428e+00
    endloop
  endfacet
  facet normal -9.701427e-01 -1.689406e-01 1.740180e-01
    outer loop
      vertex   1.768118e+02 -9.958562e+01 5.423428e+00
      vertex   1.746652e+02 -8.573750e+01 6.900611e+00
      vertex   1.743929e+02 -8.579651e+01 5.325063e+00
    endloop
  endfacet
  facet normal -1.727770e-01 9.849359e-01 -7.026093e-03
    outer loop
      vertex   1.635021e+02 -1.018918e+02 9.435229e+00
      vertex   1.770841e+02 -9.952660e+01 6.998976e+00
      vertex   1.632298e+02 -1.019508e+02 7.859681e+00
    endloop
  endfacet
  facet normal -1.727770e-01 9.849359e-01 -7.026093e-03
    outer loop
      vertex   1.632298e+02 -1.019508e+02 7.859681e+00
      vertex   1.770841e+02 -9.952660e+01 6.998976e+00
      vertex   1.768118e+02 -9.958562e+01 5.423428e+00
    endloop
  endfacet
  facet normal 9.701427e-01 1.689406e-01 -1.740180e-01
    outer loop
      vertex   1.610832e+02 -8.810267e+01 9.336863e+00
      vertex   1.635021e+02 -1.018918e+02 9.435229e+00
      vertex   1.608109e+02 -8.816168e+01 7.761315e+00
    endloop
  endfacet
  facet normal 9.701427e-01 1.689406e-01 -1.740180e-01
    outer loop
      vertex   1.608109e+02 -8.816168e+01 7.761315e+00
      vertex   1.635021e+02 -1.018918e+02 9.435229e+00
      vertex   1.632298e+02 -1.019508e+02 7.859681e+00
    endloop
  endfacet
  facet normal 1.727770e-01 -9.849359e-01 7.026093e-03
    outer loop
      vertex   1.561840e+02 -8.895582e+01 1.021565e+01
      vertex   1.426020e+02 -9.132099e+01 1.265191e+01
      vertex   1.559117e+02 -8.901483e+01 8.640106e+00
    endloop
  endfacet
  facet normal 1.727770e-01 -9.849359e-01 7.026093e-03
    outer loop
      vertex   1.559117e+02 -8.901483e+01 8.640106e+00
      vertex   1.426020e+02 -9.132099e+01 1.265191e+01
      vertex   1.423297e+02 -9.138000e+01 1.107636e+01
    endloop
  endfacet
  facet normal -9.701427e-01 -1.689406e-01 1.740180e-01
    outer loop
      vertex   1.586029e+02 -1.027449e+02 1.031402e+01
      vertex   1.561840e+02 -8.895582e+01 1.021565e+01
      vertex   1.583305e+02 -1.028039e+02 8.738472e+00
    endloop
  endfacet
  facet normal -9.701427e-01 -1.689406e-01 1.740180e-01
    outer loop
      vertex   1.583305e+02 -1.028039e+02 8.738472e+00
      vertex   1.561840e+02 -8.895582e+01 1.021565e+01
      vertex   1.559117e+02 -8.901483e+01 8.640106e+00
    endloop
  endfacet
  facet normal -1.727770e-01 9.849359e-01 -7.026093e-03
    outer loop
      vertex   1.450209e+02 -1.051101e+02 1.275027e+01
      vertex   1.586029e+02 -1.027449e+02 1.031402e+01
      vertex   1.447485e+02 -1.051691e+02 1.117472e+01
    endloop
  endfacet
  facet normal -1.727770e-01 9.849359e-01 -7.026093e-03
    outer loop
      vertex   1.447485e+02 -1.051691e+02 1.117472e+01
      vertex   1.586029e+02 -1.027449e+02 1.031402e+01
      vertex   1.583305e+02 -1.028039e+02 8.738472e+00
    endloop
  endfacet
  facet normal 9.701427e-01 1.689406e-01 -1.740180e-01
    outer loop
      vertex   1.426020e+02 -9.132099e+01 1.265191e+01
      vertex   1.450209e+02 -1.051101e+02 1.275027e+01
      vertex   1.423297e+02 -9.138000e+01 1.107636e+01
    endloop
  endfacet
  facet normal 9.701427e-01 1.689406e-01 -1.740180e-01
    outer loop
      vertex   1.423297e+02 -9.138000e+01 1.107636e+01
      vertex   1.450209e+02 -1.051101e+02 1.275027e+01
      vertex   1.447485e+02 -1.051691e+02 1.117472e+01
    endloop
  endfacet
  facet normal 1.727770e-01 -9.849359e-01 7.026093e-03
    outer loop
      vertex   1.179430e+02 -8.810393e+01 1.679375e+01
      vertex   1.043610e+02 -9.046910e+01 1.923000e+01
      vertex   1.176707e+02 -8.816294e+01 1.521820e+01
    endloop
  endfacet
  facet normal 1.727770e-01 -9.849359e-01 7.026093e-03
    outer loop
      vertex   1.176707e+02 -8.816294e+01 1.521820e+01
      vertex   1.043610e+02 -9.046910e+01 1.923000e+01
      vertex   1.040887e+02 -9.052811e+01 1.765445e+01
    endloop
  endfacet
  facet normal -9.701427e-01 -1.689406e-01 1.740180e-01
    outer loop
      vertex   1.203619e+02 -1.018930e+02 1.689211e+01
      vertex   1.179430e+02 -8.810393e+01 1.679375e+01
      vertex   1.200895e+02 -1.019520e+02 1.531656e+01
    endloop
  endfacet
  facet normal -9.701427e-01 -1.689406e-01 1.740180e-01
    outer loop
      vertex   1.200895e+02 -1.019520e+02 1.531656e+01
      vertex   1.179430e+02 -8.810393e+01 1.679375e+01
      vertex   1.176707e+02 -8.816294e+01 1.521820e+01
    endloop
  endfacet
  facet normal -1.727770e-01 9.849359e-01 -7.026093e-03
    outer loop
      vertex   1.067799e+02 -1.042582e+02 1.932837e+01
      vertex   1.203619e+02 -1.018930e+02 1.689211e+01
      vertex   1.065076e+02 -1.043172e+02 1.775282e+01
    endloop
  endfacet
  facet normal -1.727770e-01 9.849359e-01 -7.026093e-03
    outer loop
      vertex   1.065076e+02 -1.043172e+02 1.775282e+01
      vertex   1.203619e+02 -1.018930e+02 1.689211e+01
      vertex   1.200895e+02 -1.019520e+02 1.531656e+01
    endloop
  endfacet
  facet normal 9.701427e-01 1.689406e-01 -1.740180e-01
    outer loop
      vertex   1.043610e+02 -9.046910e+01 1.923000e+01
      vertex   1.067799e+02 -1.042582e+02 1.932837e+01
      vertex   1.040887e+02 -9.052811e+01 1.765445e+01
    endloop
  endfacet
  facet normal 9.701427e-01 1.689406e-01 -1.740180e-01
    outer loop
      vertex   1.040887e+02 -9.052811e+01 1.765445e+01
      vertex   1.067799e+02 -1.042582e+02 1.932837e+01
      vertex   1.065076e+02 -1.043172e+02 1.775282e+01
    endloop
  endfacet
  facet normal -1.727770e-01 9.849359e-01 -7.026093e-03
    outer loop
      vertex   1.256930e+02 -1.035022e+02 1.603089e+01
      vertex   1.392750e+02 -1.011371e+02 1.359463e+01
      vertex   1.254207e+02 -1.035612e+02 1.445534e+01
    endloop
  endfacet
  facet normal -1.727770e-01 9.849359e-01 -7.026093e-03
    outer loop
      vertex   1.254207e+02 -1.035612e+02 1.445534e+01
      vertex   1.392750e+02 -1.011371e+02 1.359463e+01
      vertex   1.390027e+02 -1.011961e+02 1.201909e+01
    endloop
  endfacet
  facet normal 9.701427e-01 1.689406e-01 -1.740180e-01
    outer loop
      vertex   1.232742e+02 -8.971312e+01 1.593252e+01
      vertex   1.256930e+02 -1.035022e+02 1.603089e+01
      vertex   1.230018e+02 -8.977213e+01 1.435697e+01
    endloop
  endfacet
  facet normal 9.701427e-01 1.689406e-01 -1.740180e-01
    outer loop
      vertex   1.230018e+02 -8.977213e+01 1.435697e+01
      vertex   1.256930e+02 -1.035022e+02 1.603089e+01
      vertex   1.254207e+02 -1.035612e+02 1.445534e+01
    endloop
  endfacet
  facet normal 1.727770e-01 -9.849359e-01 7.026093e-03
    outer loop
      vertex   1.368562e+02 -8.734795e+01 1.349627e+01
      vertex   1.232742e+02 -8.971312e+01 1.593252e+01
      vertex   1.365838e+02 -8.740696e+01 1.192072e+01
    endloop
  endfacet
  facet normal 1.727770e-01 -9.849359e-01 7.026093e-03
    outer loop
      vertex   1.365838e+02 -8.740696e+01 1.192072e+01
      vertex   1.232742e+02 -8.971312e+01 1.593252e+01
      vertex   1.230018e+02 -8.977213e+01 1.435697e+01
    endloop
  endfacet
  facet normal -9.701427e-01 -1.689406e-01 1.740180e-01
    outer loop
      vertex   1.392750e+02 -1.011371e+02 1.359463e+01
      vertex   1.368562e+02 -8.734795e+01 1.349627e+01
      vertex   1.390027e+02 -1.011961e+02 1.201909e+01
    endloop
  endfacet
  facet normal -9.701427e-01 -1.689406e-01 1.740180e-01
    outer loop
      vertex   1.390027e+02 -1.011961e+02 1.201909e+01
      vertex   1.368562e+02 -8.734795e+01 1.349627e+01
      vertex   1.365838e+02 -8.740696e+01 1.192072e+01
    endloop
  endfacet
  facet normal -1.727770e-01 9.849359e-01 -7.026093e-03
    outer loop
      vertex   1.289844e+02 -1.222653e+02 1.616473e+01
      vertex   1.425664e+02 -1.199001e+02 1.372848e+01
      vertex   1.287121e+02 -1.223243e+02 1.458919e+01
    endloop
  endfacet
  facet normal -1.727770e-01 9.849359e-01 -7.026093e-03
    outer loop
      vertex   1.287121e+02 -1.223243e+02 1.458919e+01
      vertex   1.425664e+02 -1.199001e+02 1.372848e+01
      vertex   1.422941e+02 -1.199591e+02 1.215293e+01
    endloop
  endfacet
  facet normal 9.701427e-01 1.689406e-01 -1.740180e-01
    outer loop
      vertex   1.265656e+02 -1.084761e+02 1.606637e+01
      vertex   1.289844e+02 -1.222653e+02 1.616473e+01
      vertex   1.262932e+02 -1.085352e+02 1.449082e+01
    endloop
  endfacet
  facet normal 9.701427e-01 1.689406e-01 -1.740180e-01
    outer loop
      vertex   1.262932e+02 -1.085352e+02 1.449082e+01
      vertex   1.289844e+02 -1.222653e+02 1.616473e+01
      vertex   1.287121e+02 -1.223243e+02 1.458919e+01
    endloop
  endfacet
  facet normal 1.727770e-01 -9.849359e-01 7.026093e-03
    outer loop
      vertex   1.401476e+02 -1.061110e+02 1.363012e+01
      vertex   1.265656e+02 -1.084761e+02 1.606637e+01
      vertex   1.398752e+02 -1.061700e+02 1.205457e+01
    endloop
  endfacet
  facet normal 1.727770e-01 -9.849359e-01 7.026093e-03
    outer loop
      vertex   1.398752e+02 -1.061700e+02 1.205457e+01
      vertex   1.265656e+02 -1.084761e+02 1.606637e+01
      vertex   1.262932e+02 -1.085352e+02 1.449082e+01
    endloop
  endfacet
  facet normal -9.701427e-01 -1.689406e-01 1.740180e-01
    outer loop
      vertex   1.425664e+02 -1.199001e+02 1.372848e+01
      vertex   1.401476e+02 -1.061110e+02 1.363012e+01
      vertex   1.422941e+02 -1.199591e+02 1.215293e+01
    endloop
  endfacet
  facet normal -9.701427e-01 -1.689406e-01 1.740180e-01
    outer loop
      vertex   1.422941e+02 -1.199591e+02 1.215293e+01
      vertex   1.401476e+02 -1.061110e+02 1.363012e+01
      vertex   1.398752e+02 -1.061700e+02 1.205457e+01
    endloop
  endfacet
  facet normal 1.727770e-01 -9.849359e-01 7.026093e-03
    outer loop
      vertex   1.212344e+02 -1.068670e+02 1.692759e+01
      vertex   1.076524e+02 -1.092321e+02 1.936385e+01
      vertex   1.209621e+02 -1.069260e+02 1.535205e+01
    endloop
  endfacet
  facet normal 1.727770e-01 -9.849359e-01 7.026093e-03
    outer loop
      vertex   1.209621e+02 -1.069260e+02 1.535205e+01
      vertex   1.076524e+02 -1.092321e+02 1.936385e+01
      vertex   1.073801e+02 -1.092911e+02 1.778830e+01
    endloop
  endfacet
  facet normal -9.701427e-01 -1.689406e-01 1.740180e-01
    outer loop
      vertex   1.236533e+02 -1.206561e+02 1.702596e+01
      vertex   1.212344e+02 -1.068670e+02 1.692759e+01
      vertex   1.233809e+02 -1.207151e+02 1.545041e+01
    endloop
  endfacet
  facet normal -9.701427e-01 -1.689406e-01 1.740180e-01
    outer loop
      vertex   1.233809e+02 -1.207151e+02 1.545041e+01
      vertex   1.212344e+02 -1.068670e+02 1.692759e+01
      vertex   1.209621e+02 -1.069260e+02 1.535205e+01
    endloop
  endfacet
  facet normal -1.727770e-01 9.849359e-01 -7.026093e-03
    outer loop
      vertex   1.100713e+02 -1.230212e+02 1.946221e+01
      vertex   1.236533e+02 -1.206561e+02 1.702596e+01
      vertex   1.097990e+02 -1.230802e+02 1.788666e+01
    endloop
  endfacet
  facet normal -1.727770e-01 9.849359e-01 -7.026093e-03
    outer loop
      vertex   1.097990e+02 -1.230802e+02 1.788666e+01
      vertex   1.236533e+02 -1.206561e+02 1.702596e+01
      vertex   1.233809e+02 -1.207151e+02 1.545041e+01
    endloop
  endfacet
  facet normal 9.701427e-01 1.689406e-01 -1.740180e-01
    outer loop
      vertex   1.076524e+02 -1.092321e+02 1.936385e+01
      vertex   1.100713e+02 -1.230212e+02 1.946221e+01
      vertex   1.073801e+02 -1.092911e+02 1.778830e+01
    endloop
  endfacet
  facet normal 9.701427e-01 1.689406e-01 -1.740180e-01
    outer loop
      vertex   1.073801e+02 -1.092911e+02 1.778830e+01
      vertex   1.100713e+02 -1.230212e+02 1.946221e+01
      vertex   1.097990e+02 -1.230802e+02 1.788666e+01
    endloop
  endfacet
  facet normal -9.843949e-01 -3.893534e-02 1.716122e-01
    outer loop
      vertex   8.461745e+01 -9.484219e+01 2.118166e+01
      vertex   8.488979e+01 -9.478318e+01 2.275721e+01
      vertex   8.460463e+01 -9.455545e+01 2.117314e+01
    endloop
  endfacet
  facet normal -9.843949e-01 -3.893534e-02 1.716122e-01
    outer loop
      vertex   8.460463e+01 -9.455545e+01 2.117314e+01
      vertex   8.488979e+01 -9.478318e+01 2.275721e+01
      vertex   8.487696e+01 -9.449644e+01 2.274868e+01
    endloop
  endfacet
  facet normal -9.392910e-01 -2.960552e-01 1.734464e-01
    outer loop
      vertex   8.460463e+01 -9.455545e+01 2.117314e+01
      vertex   8.487696e+01 -9.449644e+01 2.274868e+01
      vertex   8.451908e+01 -9.428137e+01 2.117766e+01
    endloop
  endfacet
  facet normal -9.392910e-01 -2.960552e-01 1.734464e-01
    outer loop
      vertex   8.451908e+01 -9.428137e+01 2.117766e+01
      vertex   8.487696e+01 -9.449644e+01 2.274868e+01
      vertex   8.479141e+01 -9.422236e+01 2.275321e+01
    endloop
  endfacet
  facet normal -8.301761e-01 -5.329994e-01 1.634605e-01
    outer loop
      vertex   8.451908e+01 -9.428137e+01 2.117766e+01
      vertex   8.479141e+01 -9.422236e+01 2.275321e+01
      vertex   8.436663e+01 -9.403863e+01 2.119492e+01
    endloop
  endfacet
  facet normal -8.301761e-01 -5.329994e-01 1.634605e-01
    outer loop
      vertex   8.436663e+01 -9.403863e+01 2.119492e+01
      vertex   8.479141e+01 -9.422236e+01 2.275321e+01
      vertex   8.463896e+01 -9.397962e+01 2.277047e+01
    endloop
  endfacet
  facet normal -6.644860e-01 -7.336206e-01 1.423350e-01
    outer loop
      vertex   8.436663e+01 -9.403863e+01 2.119492e+01
      vertex   8.463896e+01 -9.397962e+01 2.277047e+01
      vertex   8.415768e+01 -9.384378e+01 2.122374e+01
    endloop
  endfacet
  facet normal -6.644860e-01 -7.336206e-01 1.423350e-01
    outer loop
      vertex   8.415768e+01 -9.384378e+01 2.122374e+01
      vertex   8.463896e+01 -9.397962e+01 2.277047e+01
      vertex   8.443001e+01 -9.378477e+01 2.279929e+01
    endloop
  endfacet
  facet normal -4.535123e-01 -8.842467e-01 1.115096e-01
    outer loop
      vertex   8.415768e+01 -9.384378e+01 2.122374e+01
      vertex   8.443001e+01 -9.378477e+01 2.279929e+01
      vertex   8.390646e+01 -9.371009e+01 2.126215e+01
    endloop
  endfacet
  facet normal -4.535123e-01 -8.842467e-01 1.115096e-01
    outer loop
      vertex   8.390646e+01 -9.371009e+01 2.126215e+01
      vertex   8.443001e+01 -9.378477e+01 2.279929e+01
      vertex   8.417879e+01 -9.365108e+01 2.283770e+01
    endloop
  endfacet
  facet normal -2.116324e-01 -9.746129e-01 7.308508e-02
    outer loop
      vertex   8.390646e+01 -9.371009e+01 2.126215e+01
      vertex   8.417879e+01 -9.365108e+01 2.283770e+01
      vertex   8.363009e+01 -9.364667e+01 2.130755e+01
    endloop
  endfacet
  facet normal -2.116324e-01 -9.746129e-01 7.308508e-02
    outer loop
      vertex   8.363009e+01 -9.364667e+01 2.130755e+01
      vertex   8.417879e+01 -9.365108e+01 2.283770e+01
      vertex   8.390243e+01 -9.358766e+01 2.288310e+01
    endloop
  endfacet
  facet normal 4.466981e-02 -9.985608e-01 2.967989e-02
    outer loop
      vertex   8.363009e+01 -9.364667e+01 2.130755e+01
      vertex   8.390243e+01 -9.358766e+01 2.288310e+01
      vertex   8.334742e+01 -9.365786e+01 2.135683e+01
    endloop
  endfacet
  facet normal 4.466981e-02 -9.985608e-01 2.967989e-02
    outer loop
      vertex   8.334742e+01 -9.365786e+01 2.135683e+01
      vertex   8.390243e+01 -9.358766e+01 2.288310e+01
      vertex   8.361975e+01 -9.359884e+01 2.293238e+01
    endloop
  endfacet
  facet normal 2.979279e-01 -9.544585e-01 -1.574792e-02
    outer loop
      vertex   8.334742e+01 -9.365786e+01 2.135683e+01
      vertex   8.361975e+01 -9.359884e+01 2.293238e+01
      vertex   8.307769e+01 -9.374287e+01 2.140663e+01
    endloop
  endfacet
  facet normal 2.979279e-01 -9.544585e-01 -1.574792e-02
    outer loop
      vertex   8.307769e+01 -9.374287e+01 2.140663e+01
      vertex   8.361975e+01 -9.359884e+01 2.293238e+01
      vertex   8.335003e+01 -9.368386e+01 2.298218e+01
    endloop
  endfacet
  facet normal 5.308826e-01 -8.453114e-01 -6.010255e-02
    outer loop
      vertex   8.307769e+01 -9.374287e+01 2.140663e+01
      vertex   8.335003e+01 -9.368386e+01 2.298218e+01
      vertex   8.283930e+01 -9.389592e+01 2.145357e+01
    endloop
  endfacet
  facet normal 5.308826e-01 -8.453114e-01 -6.010255e-02
    outer loop
      vertex   8.283930e+01 -9.389592e+01 2.145357e+01
      vertex   8.335003e+01 -9.368386e+01 2.298218e+01
      vertex   8.311164e+01 -9.383691e+01 2.302912e+01
    endloop
  endfacet
  facet normal 7.276586e-01 -6.785577e-01 -1.003613e-01
    outer loop
      vertex   8.283930e+01 -9.389592e+01 2.145357e+01
      vertex   8.311164e+01 -9.383691e+01 2.302912e+01
      vertex   8.264849e+01 -9.410659e+01 2.149445e+01
    endloop
  endfacet
  facet normal 7.276586e-01 -6.785577e-01 -1.003613e-01
    outer loop
      vertex   8.264849e+01 -9.410659e+01 2.149445e+01
      vertex   8.311164e+01 -9.383691e+01 2.302912e+01
      vertex   8.292082e+01 -9.404758e+01 2.306999e+01
    endloop
  endfacet
  facet normal 8.748459e-01 -4.655614e-01 -1.337806e-01
    outer loop
      vertex   8.264849e+01 -9.410659e+01 2.149445e+01
      vertex   8.292082e+01 -9.404758e+01 2.306999e+01
      vertex   8.251826e+01 -9.436051e+01 2.152647e+01
    endloop
  endfacet
  facet normal 8.748459e-01 -4.655614e-01 -1.337806e-01
    outer loop
      vertex   8.251826e+01 -9.436051e+01 2.152647e+01
      vertex   8.292082e+01 -9.404758e+01 2.306999e+01
      vertex   8.279059e+01 -9.430150e+01 2.310201e+01
    endloop
  endfacet
  facet normal 9.624138e-01 -2.208379e-01 -1.580829e-01
    outer loop
      vertex   8.251826e+01 -9.436051e+01 2.152647e+01
      vertex   8.279059e+01 -9.430150e+01 2.310201e+01
      vertex   8.245749e+01 -9.464038e+01 2.154745e+01
    endloop
  endfacet
  facet normal 9.624138e-01 -2.208379e-01 -1.580829e-01
    outer loop
      vertex   8.245749e+01 -9.464038e+01 2.154745e+01
      vertex   8.279059e+01 -9.430150e+01 2.310201e+01
      vertex   8.272982e+01 -9.458136e+01 2.312300e+01
    endloop
  endfacet
  facet normal 9.843949e-01 3.893534e-02 -1.716122e-01
    outer loop
      vertex   8.245749e+01 -9.464038e+01 2.154745e+01
      vertex   8.272982e+01 -9.458136e+01 2.312300e+01
      vertex   8.247031e+01 -9.492712e+01 2.155598e+01
    endloop
  endfacet
  facet normal 9.843949e-01 3.893534e-02 -1.716122e-01
    outer loop
      vertex   8.247031e+01 -9.492712e+01 2.155598e+01
      vertex   8.272982e+01 -9.458136e+01 2.312300e+01
      vertex   8.274265e+01 -9.486811e+01 2.313152e+01
    endloop
  endfacet
  facet normal 9.392910e-01 2.960552e-01 -1.734464e-01
    outer loop
      vertex   8.247031e+01 -9.492712e+01 2.155598e+01
      vertex   8.274265e+01 -9.486811e+01 2.313152e+01
      vertex   8.255587e+01 -9.520120e+01 2.155145e+01
    endloop
  endfacet
  facet normal 9.392910e-01 2.960552e-01 -1.734464e-01
    outer loop
      vertex   8.255587e+01 -9.520120e+01 2.155145e+01
      vertex   8.274265e+01 -9.486811e+01 2.313152e+01
      vertex   8.282820e+01 -9.514219e+01 2.312700e+01
    endloop
  endfacet
  facet normal 8.301761e-01 5.329994e-01 -1.634605e-01
    outer loop
      vertex   8.255587e+01 -9.520120e+01 2.155145e+01
      vertex   8.282820e+01 -9.514219e+01 2.312700e+01
      vertex   8.270831e+01 -9.544394e+01 2.153420e+01
    endloop
  endfacet
  facet normal 8.301761e-01 5.329994e-01 -1.634605e-01
    outer loop
      vertex   8.270831e+01 -9.544394e+01 2.153420e+01
      vertex   8.282820e+01 -9.514219e+01 2.312700e+01
      vertex   8.298065e+01 -9.538493e+01 2.310974e+01
    endloop
  endfacet
  facet normal 6.644860e-01 7.336206e-01 -1.423350e-01
    outer loop
      vertex   8.270831e+01 -9.544394e+01 2.153420e+01
      vertex   8.298065e+01 -9.538493e+01 2.310974e+01
      vertex   8.291727e+01 -9.563879e+01 2.150538e+01
    endloop
  endfacet
  facet normal 6.644860e-01 7.336206e-01 -1.423350e-01
    outer loop
      vertex   8.291727e+01 -9.563879e+01 2.150538e+01
      vertex   8.298065e+01 -9.538493e+01 2.310974e+01
      vertex   8.318960e+01 -9.557978e+01 2.308092e+01
    endloop
  endfacet
  facet normal 4.535123e-01 8.842467e-01 -1.115096e-01
    outer loop
      vertex   8.291727e+01 -9.563879e+01 2.150538e+01
      vertex   8.318960e+01 -9.557978e+01 2.308092e+01
      vertex   8.316848e+01 -9.577248e+01 2.146696e+01
    endloop
  endfacet
  facet normal 4.535123e-01 8.842467e-01 -1.115096e-01
    outer loop
      vertex   8.316848e+01 -9.577248e+01 2.146696e+01
      vertex   8.318960e+01 -9.557978e+01 2.308092e+01
      vertex   8.344082e+01 -9.571347e+01 2.304251e+01
    endloop
  endfacet
  facet normal 2.116324e-01 9.746129e-01 -7.308508e-02
    outer loop
      vertex   8.316848e+01 -9.577248e+01 2.146696e+01
      vertex   8.344082e+01 -9.571347e+01 2.304251e+01
      vertex   8.344485e+01 -9.583590e+01 2.142157e+01
    endloop
  endfacet
  facet normal 2.116324e-01 9.746129e-01 -7.308508e-02
    outer loop
      vertex   8.344485e+01 -9.583590e+01 2.142157e+01
      vertex   8.344082e+01 -9.571347e+01 2.304251e+01
      vertex   8.371718e+01 -9.577688e+01 2.299711e+01
    endloop
  endfacet
  facet normal -4.466981e-02 9.985608e-01 -2.967989e-02
    outer loop
      vertex   8.344485e+01 -9.583590e+01 2.142157e+01
      vertex   8.371718e+01 -9.577688e+01 2.299711e+01
      vertex   8.372753e+01 -9.582471e+01 2.137229e+01
    endloop
  endfacet
  facet normal -4.466981e-02 9.985608e-01 -2.967989e-02
    outer loop
      vertex   8.372753e+01 -9.582471e+01 2.137229e+01
      vertex   8.371718e+01 -9.577688e+01 2.299711e+01
      vertex   8.399986e+01 -9.576570e+01 2.294783e+01
    endloop
  endfacet
  facet normal -2.979279e-01 9.544585e-01 1.574792e-02
    outer loop
      vertex   8.372753e+01 -9.582471e+01 2.137229e+01
      vertex   8.399986e+01 -9.576570e+01 2.294783e+01
      vertex   8.399725e+01 -9.573970e+01 2.132248e+01
    endloop
  endfacet
  facet normal -2.979279e-01 9.544585e-01 1.574792e-02
    outer loop
      vertex   8.399725e+01 -9.573970e+01 2.132248e+01
      vertex   8.399986e+01 -9.576570e+01 2.294783e+01
      vertex   8.426959e+01 -9.568069e+01 2.289803e+01
    endloop
  endfacet
  facet normal -5.308826e-01 8.453114e-01 6.010255e-02
    outer loop
      vertex   8.399725e+01 -9.573970e+01 2.132248e+01
      vertex   8.426959e+01 -9.568069e+01 2.289803e+01
      vertex   8.423564e+01 -9.558665e+01 2.127554e+01
    endloop
  endfacet
  facet normal -5.308826e-01 8.453114e-01 6.010255e-02
    outer loop
      vertex   8.423564e+01 -9.558665e+01 2.127554e+01
      vertex   8.426959e+01 -9.568069e+01 2.289803e+01
      vertex   8.450798e+01 -9.552763e+01 2.285109e+01
    endloop
  endfacet
  facet normal -7.276586e-01 6.785577e-01 1.003613e-01
    outer loop
      vertex   8.423564e+01 -9.558665e+01 2.127554e+01
      vertex   8.450798e+01 -9.552763e+01 2.285109e+01
      vertex   8.442645e+01 -9.537598e+01 2.123467e+01
    endloop
  endfacet
  facet normal -7.276586e-01 6.785577e-01 1.003613e-01
    outer loop
      vertex   8.442645e+01 -9.537598e+01 2.123467e+01
      vertex   8.450798e+01 -9.552763e+01 2.285109e+01
      vertex   8.469879e+01 -9.531697e+01 2.281022e+01
    endloop
  endfacet
  facet normal -8.748459e-01 4.655614e-01 1.337806e-01
    outer loop
      vertex   8.442645e+01 -9.537598e+01 2.123467e+01
      vertex   8.469879e+01 -9.531697e+01 2.281022e+01
      vertex   8.455668e+01 -9.512206e+01 2.120265e+01
    endloop
  endfacet
  facet normal -8.748459e-01 4.655614e-01 1.337806e-01
    outer loop
      vertex   8.455668e+01 -9.512206e+01 2.120265e+01
      vertex   8.469879e+01 -9.531697e+01 2.281022e+01
      vertex   8.482902e+01 -9.506305e+01 2.277819e+01
    endloop
  endfacet
  facet normal -9.624138e-01 2.208379e-01 1.580829e-01
    outer loop
      vertex   8.455668e+01 -9.512206e+01 2.120265e+01
      vertex   8.482902e+01 -9.506305e+01 2.277819e+01
      vertex   8.461745e+01 -9.484219e+01 2.118166e+01
    endloop
  endfacet
  facet normal -9.624138e-01 2.208379e-01 1.580829e-01
    outer loop
      vertex   8.461745e+01 -9.484219e+01 2.118166e+01
      vertex   8.482902e+01 -9.506305e+01 2.277819e+01
      vertex   8.488979e+01 -9.478318e+01 2.275721e+01
    endloop
  endfacet
  facet normal 1.727770e-01 -9.849359e-01 7.026093e-03
    outer loop
      vertex   9.989373e+01 -9.378459e+01 2.012636e+01
      vertex   8.631173e+01 -9.614976e+01 2.256261e+01
      vertex   9.962140e+01 -9.384360e+01 1.855081e+01
    endloop
  endfacet
  facet normal 1.727770e-01 -9.849359e-01 7.026093e-03
    outer loop
      vertex   9.962140e+01 -9.384360e+01 1.855081e+01
      vertex   8.631173e+01 -9.614976e+01 2.256261e+01
      vertex   8.603940e+01 -9.620877e+01 2.098706e+01
    endloop
  endfacet
  facet normal -9.701427e-01 -1.689406e-01 1.740180e-01
    outer loop
      vertex   1.023126e+02 -1.075737e+02 2.022472e+01
      vertex   9.989373e+01 -9.378459e+01 2.012636e+01
      vertex   1.020403e+02 -1.076327e+02 1.864917e+01
    endloop
  endfacet
  facet normal -9.701427e-01 -1.689406e-01 1.740180e-01
    outer loop
      vertex   1.020403e+02 -1.076327e+02 1.864917e+01
      vertex   9.989373e+01 -9.378459e+01 2.012636e+01
      vertex   9.962140e+01 -9.384360e+01 1.855081e+01
    endloop
  endfacet
  facet normal -1.727770e-01 9.849359e-01 -7.026093e-03
    outer loop
      vertex   8.873061e+01 -1.099389e+02 2.266097e+01
      vertex   1.023126e+02 -1.075737e+02 2.022472e+01
      vertex   8.845828e+01 -1.099979e+02 2.108543e+01
    endloop
  endfacet
  facet normal -1.727770e-01 9.849359e-01 -7.026093e-03
    outer loop
      vertex   8.845828e+01 -1.099979e+02 2.108543e+01
      vertex   1.023126e+02 -1.075737e+02 2.022472e+01
      vertex   1.020403e+02 -1.076327e+02 1.864917e+01
    endloop
  endfacet
  facet normal 9.701427e-01 1.689406e-01 -1.740180e-01
    outer loop
      vertex   8.631173e+01 -9.614976e+01 2.256261e+01
      vertex   8.873061e+01 -1.099389e+02 2.266097e+01
      vertex   8.603940e+01 -9.620877e+01 2.098706e+01
    endloop
  endfacet
  facet normal 9.701427e-01 1.689406e-01 -1.740180e-01
    outer loop
      vertex   8.603940e+01 -9.620877e+01 2.098706e+01
      vertex   8.873061e+01 -1.099389e+02 2.266097e+01
      vertex   8.845828e+01 -1.099979e+02 2.108543e+01
    endloop
  endfacet
  facet normal -9.701427e-01 -1.689406e-01 1.740180e-01
    outer loop
      vertex   8.426333e+01 -1.132543e+02 2.355733e+01
      vertex   8.184445e+01 -9.946525e+01 2.345896e+01
      vertex   8.399100e+01 -1.133134e+02 2.198178e+01
    endloop
  endfacet
  facet normal -9.701427e-01 -1.689406e-01 1.740180e-01
    outer loop
      vertex   8.399100e+01 -1.133134e+02 2.198178e+01
      vertex   8.184445e+01 -9.946525e+01 2.345896e+01
      vertex   8.157212e+01 -9.952426e+01 2.188342e+01
    endloop
  endfacet
  facet normal -1.727770e-01 9.849359e-01 -7.026093e-03
    outer loop
      vertex   7.068134e+01 -1.156195e+02 2.599358e+01
      vertex   8.426333e+01 -1.132543e+02 2.355733e+01
      vertex   7.040900e+01 -1.156785e+02 2.441803e+01
    endloop
  endfacet
  facet normal -1.727770e-01 9.849359e-01 -7.026093e-03
    outer loop
      vertex   7.040900e+01 -1.156785e+02 2.441803e+01
      vertex   8.426333e+01 -1.132543e+02 2.355733e+01
      vertex   8.399100e+01 -1.133134e+02 2.198178e+01
    endloop
  endfacet
  facet normal 9.701427e-01 1.689406e-01 -1.740180e-01
    outer loop
      vertex   6.826246e+01 -1.018304e+02 2.589522e+01
      vertex   7.068134e+01 -1.156195e+02 2.599358e+01
      vertex   6.799012e+01 -1.018894e+02 2.431967e+01
    endloop
  endfacet
  facet normal 9.701427e-01 1.689406e-01 -1.740180e-01
    outer loop
      vertex   6.799012e+01 -1.018894e+02 2.431967e+01
      vertex   7.068134e+01 -1.156195e+02 2.599358e+01
      vertex   7.040900e+01 -1.156785e+02 2.441803e+01
    endloop
  endfacet
  facet normal 1.727770e-01 -9.849359e-01 7.026093e-03
    outer loop
      vertex   8.184445e+01 -9.946525e+01 2.345896e+01
      vertex   6.826246e+01 -1.018304e+02 2.589522e+01
      vertex   8.157212e+01 -9.952426e+01 2.188342e+01
    endloop
  endfacet
  facet normal 1.727770e-01 -9.849359e-01 7.026093e-03
    outer loop
      vertex   8.157212e+01 -9.952426e+01 2.188342e+01
      vertex   6.826246e+01 -1.018304e+02 2.589522e+01
      vertex   6.799012e+01 -1.018894e+02 2.431967e+01
    endloop
  endfacet
  facet normal 9.701427e-01 1.689406e-01 -1.740180e-01
    outer loop
      vertex   8.960313e+01 -1.149128e+02 2.269646e+01
      vertex   9.202201e+01 -1.287019e+02 2.279482e+01
      vertex   8.933080e+01 -1.149718e+02 2.112091e+01
    endloop
  endfacet
  facet normal 9.701427e-01 1.689406e-01 -1.740180e-01
    outer loop
      vertex   8.933080e+01 -1.149718e+02 2.112091e+01
      vertex   9.202201e+01 -1.287019e+02 2.279482e+01
      vertex   9.174968e+01 -1.287609e+02 2.121927e+01
    endloop
  endfacet
  facet normal 1.727770e-01 -9.849359e-01 7.026093e-03
    outer loop
      vertex   1.031851e+02 -1.125476e+02 2.026020e+01
      vertex   8.960313e+01 -1.149128e+02 2.269646e+01
      vertex   1.029128e+02 -1.126066e+02 1.868466e+01
    endloop
  endfacet
  facet normal 1.727770e-01 -9.849359e-01 7.026093e-03
    outer loop
      vertex   1.029128e+02 -1.126066e+02 1.868466e+01
      vertex   8.960313e+01 -1.149128e+02 2.269646e+01
      vertex   8.933080e+01 -1.149718e+02 2.112091e+01
    endloop
  endfacet
  facet normal -9.701427e-01 -1.689406e-01 1.740180e-01
    outer loop
      vertex   1.056040e+02 -1.263367e+02 2.035857e+01
      vertex   1.031851e+02 -1.125476e+02 2.026020e+01
      vertex   1.053317e+02 -1.263957e+02 1.878302e+01
    endloop
  endfacet
  facet normal -9.701427e-01 -1.689406e-01 1.740180e-01
    outer loop
      vertex   1.053317e+02 -1.263957e+02 1.878302e+01
      vertex   1.031851e+02 -1.125476e+02 2.026020e+01
      vertex   1.029128e+02 -1.126066e+02 1.868466e+01
    endloop
  endfacet
  facet normal -1.727770e-01 9.849359e-01 -7.026093e-03
    outer loop
      vertex   9.202201e+01 -1.287019e+02 2.279482e+01
      vertex   1.056040e+02 -1.263367e+02 2.035857e+01
      vertex   9.174968e+01 -1.287609e+02 2.121927e+01
    endloop
  endfacet
  facet normal -1.727770e-01 9.849359e-01 -7.026093e-03
    outer loop
      vertex   9.174968e+01 -1.287609e+02 2.121927e+01
      vertex   1.056040e+02 -1.263367e+02 2.035857e+01
      vertex   1.053317e+02 -1.263957e+02 1.878302e+01
    endloop
  endfacet
  facet normal 8.923679e-01 4.181042e-01 -1.699070e-01
    outer loop
      vertex   6.790004e+01 -1.255438e+02 2.684605e+01
      vertex   7.375178e+01 -1.382509e+02 2.631051e+01
      vertex   6.762771e+01 -1.256028e+02 2.527050e+01
    endloop
  endfacet
  facet normal 8.923679e-01 4.181042e-01 -1.699070e-01
    outer loop
      vertex   6.762771e+01 -1.256028e+02 2.527050e+01
      vertex   7.375178e+01 -1.382509e+02 2.631051e+01
      vertex   7.347944e+01 -1.383099e+02 2.473496e+01
    endloop
  endfacet
  facet normal 4.179811e-01 -9.076500e-01 -3.825249e-02
    outer loop
      vertex   8.039319e+01 -1.196904e+02 2.446735e+01
      vertex   6.790004e+01 -1.255438e+02 2.684605e+01
      vertex   8.012086e+01 -1.197494e+02 2.289180e+01
    endloop
  endfacet
  facet normal 4.179811e-01 -9.076500e-01 -3.825249e-02
    outer loop
      vertex   8.012086e+01 -1.197494e+02 2.289180e+01
      vertex   6.790004e+01 -1.255438e+02 2.684605e+01
      vertex   6.762771e+01 -1.256028e+02 2.527050e+01
    endloop
  endfacet
  facet normal -8.923679e-01 -4.181042e-01 1.699070e-01
    outer loop
      vertex   8.624493e+01 -1.323975e+02 2.393181e+01
      vertex   8.039319e+01 -1.196904e+02 2.446735e+01
      vertex   8.597259e+01 -1.324565e+02 2.235627e+01
    endloop
  endfacet
  facet normal -8.923679e-01 -4.181042e-01 1.699070e-01
    outer loop
      vertex   8.597259e+01 -1.324565e+02 2.235627e+01
      vertex   8.039319e+01 -1.196904e+02 2.446735e+01
      vertex   8.012086e+01 -1.197494e+02 2.289180e+01
    endloop
  endfacet
  facet normal -4.179811e-01 9.076500e-01 3.825249e-02
    outer loop
      vertex   7.375178e+01 -1.382509e+02 2.631051e+01
      vertex   8.624493e+01 -1.323975e+02 2.393181e+01
      vertex   7.347944e+01 -1.383099e+02 2.473496e+01
    endloop
  endfacet
  facet normal -4.179811e-01 9.076500e-01 3.825249e-02
    outer loop
      vertex   7.347944e+01 -1.383099e+02 2.473496e+01
      vertex   8.624493e+01 -1.323975e+02 2.393181e+01
      vertex   8.597259e+01 -1.324565e+02 2.235627e+01
    endloop
  endfacet
  facet normal 9.843949e-01 3.893534e-02 -1.716122e-01
    outer loop
      vertex   5.978471e+01 -1.221231e+02 2.649584e+01
      vertex   6.005704e+01 -1.220641e+02 2.807139e+01
      vertex   5.979928e+01 -1.224490e+02 2.650552e+01
    endloop
  endfacet
  facet normal 9.843949e-01 3.893534e-02 -1.716122e-01
    outer loop
      vertex   5.979928e+01 -1.224490e+02 2.650552e+01
      vertex   6.005704e+01 -1.220641e+02 2.807139e+01
      vertex   6.007162e+01 -1.223900e+02 2.808107e+01
    endloop
  endfacet
  facet normal 9.392910e-01 2.960552e-01 -1.734464e-01
    outer loop
      vertex   5.979928e+01 -1.224490e+02 2.650552e+01
      vertex   6.007162e+01 -1.223900e+02 2.808107e+01
      vertex   5.989650e+01 -1.227604e+02 2.650038e+01
    endloop
  endfacet
  facet normal 9.392910e-01 2.960552e-01 -1.734464e-01
    outer loop
      vertex   5.989650e+01 -1.227604e+02 2.650038e+01
      vertex   6.007162e+01 -1.223900e+02 2.808107e+01
      vertex   6.016884e+01 -1.227014e+02 2.807593e+01
    endloop
  endfacet
  facet normal 8.301761e-01 5.329994e-01 -1.634605e-01
    outer loop
      vertex   5.989650e+01 -1.227604e+02 2.650038e+01
      vertex   6.016884e+01 -1.227014e+02 2.807593e+01
      vertex   6.006974e+01 -1.230363e+02 2.648077e+01
    endloop
  endfacet
  facet normal 8.301761e-01 5.329994e-01 -1.634605e-01
    outer loop
      vertex   6.006974e+01 -1.230363e+02 2.648077e+01
      vertex   6.016884e+01 -1.227014e+02 2.807593e+01
      vertex   6.034207e+01 -1.229772e+02 2.805632e+01
    endloop
  endfacet
  facet normal 6.644860e-01 7.336206e-01 -1.423350e-01
    outer loop
      vertex   6.006974e+01 -1.230363e+02 2.648077e+01
      vertex   6.034207e+01 -1.229772e+02 2.805632e+01
      vertex   6.030718e+01 -1.232577e+02 2.644802e+01
    endloop
  endfacet
  facet normal 6.644860e-01 7.336206e-01 -1.423350e-01
    outer loop
      vertex   6.030718e+01 -1.232577e+02 2.644802e+01
      vertex   6.034207e+01 -1.229772e+02 2.805632e+01
      vertex   6.057952e+01 -1.231987e+02 2.802357e+01
    endloop
  endfacet
  facet normal 4.535123e-01 8.842467e-01 -1.115096e-01
    outer loop
      vertex   6.030718e+01 -1.232577e+02 2.644802e+01
      vertex   6.057952e+01 -1.231987e+02 2.802357e+01
      vertex   6.059266e+01 -1.234096e+02 2.640437e+01
    endloop
  endfacet
  facet normal 4.535123e-01 8.842467e-01 -1.115096e-01
    outer loop
      vertex   6.059266e+01 -1.234096e+02 2.640437e+01
      vertex   6.057952e+01 -1.231987e+02 2.802357e+01
      vertex   6.086500e+01 -1.233506e+02 2.797992e+01
    endloop
  endfacet
  facet normal 2.116324e-01 9.746129e-01 -7.308508e-02
    outer loop
      vertex   6.059266e+01 -1.234096e+02 2.640437e+01
      vertex   6.086500e+01 -1.233506e+02 2.797992e+01
      vertex   6.090671e+01 -1.234817e+02 2.635278e+01
    endloop
  endfacet
  facet normal 2.116324e-01 9.746129e-01 -7.308508e-02
    outer loop
      vertex   6.090671e+01 -1.234817e+02 2.635278e+01
      vertex   6.086500e+01 -1.233506e+02 2.797992e+01
      vertex   6.117905e+01 -1.234227e+02 2.792833e+01
    endloop
  endfacet
  facet normal -4.466981e-02 9.985608e-01 -2.967989e-02
    outer loop
      vertex   6.090671e+01 -1.234817e+02 2.635278e+01
      vertex   6.117905e+01 -1.234227e+02 2.792833e+01
      vertex   6.122793e+01 -1.234690e+02 2.629678e+01
    endloop
  endfacet
  facet normal -4.466981e-02 9.985608e-01 -2.967989e-02
    outer loop
      vertex   6.122793e+01 -1.234690e+02 2.629678e+01
      vertex   6.117905e+01 -1.234227e+02 2.792833e+01
      vertex   6.150027e+01 -1.234099e+02 2.787233e+01
    endloop
  endfacet
  facet normal -2.979279e-01 9.544585e-01 1.574792e-02
    outer loop
      vertex   6.122793e+01 -1.234690e+02 2.629678e+01
      vertex   6.150027e+01 -1.234099e+02 2.787233e+01
      vertex   6.153444e+01 -1.233724e+02 2.624019e+01
    endloop
  endfacet
  facet normal -2.979279e-01 9.544585e-01 1.574792e-02
    outer loop
      vertex   6.153444e+01 -1.233724e+02 2.624019e+01
      vertex   6.150027e+01 -1.234099e+02 2.787233e+01
      vertex   6.180677e+01 -1.233133e+02 2.781573e+01
    endloop
  endfacet
  facet normal -5.308826e-01 8.453114e-01 6.010255e-02
    outer loop
      vertex   6.153444e+01 -1.233724e+02 2.624019e+01
      vertex   6.180677e+01 -1.233133e+02 2.781573e+01
      vertex   6.180534e+01 -1.231984e+02 2.618685e+01
    endloop
  endfacet
  facet normal -5.308826e-01 8.453114e-01 6.010255e-02
    outer loop
      vertex   6.180534e+01 -1.231984e+02 2.618685e+01
      vertex   6.180677e+01 -1.233133e+02 2.781573e+01
      vertex   6.207767e+01 -1.231394e+02 2.776239e+01
    endloop
  endfacet
  facet normal -7.276586e-01 6.785577e-01 1.003613e-01
    outer loop
      vertex   6.180534e+01 -1.231984e+02 2.618685e+01
      vertex   6.207767e+01 -1.231394e+02 2.776239e+01
      vertex   6.202217e+01 -1.229590e+02 2.614040e+01
    endloop
  endfacet
  facet normal -7.276586e-01 6.785577e-01 1.003613e-01
    outer loop
      vertex   6.202217e+01 -1.229590e+02 2.614040e+01
      vertex   6.207767e+01 -1.231394e+02 2.776239e+01
      vertex   6.229451e+01 -1.229000e+02 2.771595e+01
    endloop
  endfacet
  facet normal -8.748459e-01 4.655614e-01 1.337806e-01
    outer loop
      vertex   6.202217e+01 -1.229590e+02 2.614040e+01
      vertex   6.229451e+01 -1.229000e+02 2.771595e+01
      vertex   6.217016e+01 -1.226705e+02 2.610401e+01
    endloop
  endfacet
  facet normal -8.748459e-01 4.655614e-01 1.337806e-01
    outer loop
      vertex   6.217016e+01 -1.226705e+02 2.610401e+01
      vertex   6.229451e+01 -1.229000e+02 2.771595e+01
      vertex   6.244249e+01 -1.226115e+02 2.767956e+01
    endloop
  endfacet
  facet normal -9.624138e-01 2.208379e-01 1.580829e-01
    outer loop
      vertex   6.217016e+01 -1.226705e+02 2.610401e+01
      vertex   6.244249e+01 -1.226115e+02 2.767956e+01
      vertex   6.223922e+01 -1.223525e+02 2.608016e+01
    endloop
  endfacet
  facet normal -9.624138e-01 2.208379e-01 1.580829e-01
    outer loop
      vertex   6.223922e+01 -1.223525e+02 2.608016e+01
      vertex   6.244249e+01 -1.226115e+02 2.767956e+01
      vertex   6.251155e+01 -1.222934e+02 2.765571e+01
    endloop
  endfacet
  facet normal -9.843949e-01 -3.893534e-02 1.716122e-01
    outer loop
      vertex   6.223922e+01 -1.223525e+02 2.608016e+01
      vertex   6.251155e+01 -1.222934e+02 2.765571e+01
      vertex   6.222464e+01 -1.220266e+02 2.607048e+01
    endloop
  endfacet
  facet normal -9.843949e-01 -3.893534e-02 1.716122e-01
    outer loop
      vertex   6.222464e+01 -1.220266e+02 2.607048e+01
      vertex   6.251155e+01 -1.222934e+02 2.765571e+01
      vertex   6.249698e+01 -1.219676e+02 2.764603e+01
    endloop
  endfacet
  facet normal -9.392910e-01 -2.960552e-01 1.734464e-01
    outer loop
      vertex   6.222464e+01 -1.220266e+02 2.607048e+01
      vertex   6.249698e+01 -1.219676e+02 2.764603e+01
      vertex   6.212742e+01 -1.217152e+02 2.607562e+01
    endloop
  endfacet
  facet normal -9.392910e-01 -2.960552e-01 1.734464e-01
    outer loop
      vertex   6.212742e+01 -1.217152e+02 2.607562e+01
      vertex   6.249698e+01 -1.219676e+02 2.764603e+01
      vertex   6.239976e+01 -1.216561e+02 2.765116e+01
    endloop
  endfacet
  facet normal -8.301761e-01 -5.329994e-01 1.634605e-01
    outer loop
      vertex   6.212742e+01 -1.217152e+02 2.607562e+01
      vertex   6.239976e+01 -1.216561e+02 2.765116e+01
      vertex   6.195419e+01 -1.214393e+02 2.609523e+01
    endloop
  endfacet
  facet normal -8.301761e-01 -5.329994e-01 1.634605e-01
    outer loop
      vertex   6.195419e+01 -1.214393e+02 2.609523e+01
      vertex   6.239976e+01 -1.216561e+02 2.765116e+01
      vertex   6.222652e+01 -1.213803e+02 2.767078e+01
    endloop
  endfacet
  facet normal -6.644860e-01 -7.336206e-01 1.423350e-01
    outer loop
      vertex   6.195419e+01 -1.214393e+02 2.609523e+01
      vertex   6.222652e+01 -1.213803e+02 2.767078e+01
      vertex   6.171674e+01 -1.212179e+02 2.612798e+01
    endloop
  endfacet
  facet normal -6.644860e-01 -7.336206e-01 1.423350e-01
    outer loop
      vertex   6.171674e+01 -1.212179e+02 2.612798e+01
      vertex   6.222652e+01 -1.213803e+02 2.767078e+01
      vertex   6.198908e+01 -1.211589e+02 2.770353e+01
    endloop
  endfacet
  facet normal -4.535123e-01 -8.842467e-01 1.115096e-01
    outer loop
      vertex   6.171674e+01 -1.212179e+02 2.612798e+01
      vertex   6.198908e+01 -1.211589e+02 2.770353e+01
      vertex   6.143127e+01 -1.210660e+02 2.617163e+01
    endloop
  endfacet
  facet normal -4.535123e-01 -8.842467e-01 1.115096e-01
    outer loop
      vertex   6.143127e+01 -1.210660e+02 2.617163e+01
      vertex   6.198908e+01 -1.211589e+02 2.770353e+01
      vertex   6.170360e+01 -1.210070e+02 2.774718e+01
    endloop
  endfacet
  facet normal -2.116324e-01 -9.746129e-01 7.308508e-02
    outer loop
      vertex   6.143127e+01 -1.210660e+02 2.617163e+01
      vertex   6.170360e+01 -1.210070e+02 2.774718e+01
      vertex   6.111721e+01 -1.209939e+02 2.622322e+01
    endloop
  endfacet
  facet normal -2.116324e-01 -9.746129e-01 7.308508e-02
    outer loop
      vertex   6.111721e+01 -1.209939e+02 2.622322e+01
      vertex   6.170360e+01 -1.210070e+02 2.774718e+01
      vertex   6.138955e+01 -1.209349e+02 2.779877e+01
    endloop
  endfacet
  facet normal 4.466981e-02 -9.985608e-01 2.967989e-02
    outer loop
      vertex   6.111721e+01 -1.209939e+02 2.622322e+01
      vertex   6.138955e+01 -1.209349e+02 2.779877e+01
      vertex   6.079599e+01 -1.210066e+02 2.627922e+01
    endloop
  endfacet
  facet normal 4.466981e-02 -9.985608e-01 2.967989e-02
    outer loop
      vertex   6.079599e+01 -1.210066e+02 2.627922e+01
      vertex   6.138955e+01 -1.209349e+02 2.779877e+01
      vertex   6.106833e+01 -1.209476e+02 2.785477e+01
    endloop
  endfacet
  facet normal 2.979279e-01 -9.544585e-01 -1.574792e-02
    outer loop
      vertex   6.079599e+01 -1.210066e+02 2.627922e+01
      vertex   6.106833e+01 -1.209476e+02 2.785477e+01
      vertex   6.048949e+01 -1.211032e+02 2.633582e+01
    endloop
  endfacet
  facet normal 2.979279e-01 -9.544585e-01 -1.574792e-02
    outer loop
      vertex   6.048949e+01 -1.211032e+02 2.633582e+01
      vertex   6.106833e+01 -1.209476e+02 2.785477e+01
      vertex   6.076182e+01 -1.210442e+02 2.791136e+01
    endloop
  endfacet
  facet normal 5.308826e-01 -8.453114e-01 -6.010255e-02
    outer loop
      vertex   6.048949e+01 -1.211032e+02 2.633582e+01
      vertex   6.076182e+01 -1.210442e+02 2.791136e+01
      vertex   6.021859e+01 -1.212772e+02 2.638916e+01
    endloop
  endfacet
  facet normal 5.308826e-01 -8.453114e-01 -6.010255e-02
    outer loop
      vertex   6.021859e+01 -1.212772e+02 2.638916e+01
      vertex   6.076182e+01 -1.210442e+02 2.791136e+01
      vertex   6.049092e+01 -1.212181e+02 2.796470e+01
    endloop
  endfacet
  facet normal 7.276586e-01 -6.785577e-01 -1.003613e-01
    outer loop
      vertex   6.021859e+01 -1.212772e+02 2.638916e+01
      vertex   6.049092e+01 -1.212181e+02 2.796470e+01
      vertex   6.000176e+01 -1.215165e+02 2.643560e+01
    endloop
  endfacet
  facet normal 7.276586e-01 -6.785577e-01 -1.003613e-01
    outer loop
      vertex   6.000176e+01 -1.215165e+02 2.643560e+01
      vertex   6.049092e+01 -1.212181e+02 2.796470e+01
      vertex   6.027409e+01 -1.214575e+02 2.801115e+01
    endloop
  endfacet
  facet normal 8.748459e-01 -4.655614e-01 -1.337806e-01
    outer loop
      vertex   6.000176e+01 -1.215165e+02 2.643560e+01
      vertex   6.027409e+01 -1.214575e+02 2.801115e+01
      vertex   5.985377e+01 -1.218051e+02 2.647199e+01
    endloop
  endfacet
  facet normal 8.748459e-01 -4.655614e-01 -1.337806e-01
    outer loop
      vertex   5.985377e+01 -1.218051e+02 2.647199e+01
      vertex   6.027409e+01 -1.214575e+02 2.801115e+01
      vertex   6.012610e+01 -1.217461e+02 2.804754e+01
    endloop
  endfacet
  facet normal 9.624138e-01 -2.208379e-01 -1.580829e-01
    outer loop
      vertex   5.985377e+01 -1.218051e+02 2.647199e+01
      vertex   6.012610e+01 -1.217461e+02 2.804754e+01
      vertex   5.978471e+01 -1.221231e+02 2.649584e+01
    endloop
  endfacet
  facet normal 9.624138e-01 -2.208379e-01 -1.580829e-01
    outer loop
      vertex   5.978471e+01 -1.221231e+02 2.649584e+01
      vertex   6.012610e+01 -1.217461e+02 2.804754e+01
      vertex   6.005704e+01 -1.220641e+02 2.807139e+01
    endloop
  endfacet
  facet normal 7.537797e-01 6.387748e-01 -1.542171e-01
    outer loop
      vertex   4.795073e+01 -1.365164e+02 3.070529e+01
      vertex   5.683654e+01 -1.472755e+02 2.957235e+01
      vertex   4.767839e+01 -1.365754e+02 2.912974e+01
    endloop
  endfacet
  facet normal 7.537797e-01 6.387748e-01 -1.542171e-01
    outer loop
      vertex   4.767839e+01 -1.365754e+02 2.912974e+01
      vertex   5.683654e+01 -1.472755e+02 2.957235e+01
      vertex   5.656420e+01 -1.473345e+02 2.799680e+01
    endloop
  endfacet
  facet normal 6.347006e-01 -7.685092e-01 -8.092423e-02
    outer loop
      vertex   5.850364e+01 -1.275735e+02 2.854625e+01
      vertex   4.795073e+01 -1.365164e+02 3.070529e+01
      vertex   5.823131e+01 -1.276325e+02 2.697070e+01
    endloop
  endfacet
  facet normal 6.347006e-01 -7.685092e-01 -8.092423e-02
    outer loop
      vertex   5.823131e+01 -1.276325e+02 2.697070e+01
      vertex   4.795073e+01 -1.365164e+02 3.070529e+01
      vertex   4.767839e+01 -1.365754e+02 2.912974e+01
    endloop
  endfacet
  facet normal -7.537797e-01 -6.387748e-01 1.542171e-01
    outer loop
      vertex   6.738945e+01 -1.383326e+02 2.741331e+01
      vertex   5.850364e+01 -1.275735e+02 2.854625e+01
      vertex   6.711712e+01 -1.383916e+02 2.583776e+01
    endloop
  endfacet
  facet normal -7.537797e-01 -6.387748e-01 1.542171e-01
    outer loop
      vertex   6.711712e+01 -1.383916e+02 2.583776e+01
      vertex   5.850364e+01 -1.275735e+02 2.854625e+01
      vertex   5.823131e+01 -1.276325e+02 2.697070e+01
    endloop
  endfacet
  facet normal -6.347006e-01 7.685092e-01 8.092423e-02
    outer loop
      vertex   5.683654e+01 -1.472755e+02 2.957235e+01
      vertex   6.738945e+01 -1.383326e+02 2.741331e+01
      vertex   5.656420e+01 -1.473345e+02 2.799680e+01
    endloop
  endfacet
  facet normal -6.347006e-01 7.685092e-01 8.092423e-02
    outer loop
      vertex   5.656420e+01 -1.473345e+02 2.799680e+01
      vertex   6.738945e+01 -1.383326e+02 2.741331e+01
      vertex   6.711712e+01 -1.383916e+02 2.583776e+01
    endloop
  endfacet
  facet normal -9.851875e-01 2.750195e-02 1.692608e-01
    outer loop
      vertex   4.375160e+01 -1.333849e+02 3.131382e+01
      vertex   4.375549e+01 -1.331987e+02 3.130618e+01
      vertex   4.347927e+01 -1.334439e+02 2.973828e+01
    endloop
  endfacet
  facet normal -9.851875e-01 2.750195e-02 1.692608e-01
    outer loop
      vertex   4.347927e+01 -1.334439e+02 2.973828e+01
      vertex   4.375549e+01 -1.331987e+02 3.130618e+01
      vertex   4.348315e+01 -1.332577e+02 2.973063e+01
    endloop
  endfacet
  facet normal -9.701427e-01 -1.689406e-01 1.740180e-01
    outer loop
      vertex   4.378913e+01 -1.335988e+02 3.131535e+01
      vertex   4.375160e+01 -1.333849e+02 3.131382e+01
      vertex   4.351679e+01 -1.336579e+02 2.973980e+01
    endloop
  endfacet
  facet normal -9.701427e-01 -1.689406e-01 1.740180e-01
    outer loop
      vertex   4.351679e+01 -1.336579e+02 2.973980e+01
      vertex   4.375160e+01 -1.333849e+02 3.131382e+01
      vertex   4.347927e+01 -1.334439e+02 2.973828e+01
    endloop
  endfacet
  facet normal -9.524432e-01 -2.501515e-01 1.740004e-01
    outer loop
      vertex   4.389329e+01 -1.339976e+02 3.131228e+01
      vertex   4.378913e+01 -1.335988e+02 3.131535e+01
      vertex   4.362095e+01 -1.340566e+02 2.973673e+01
    endloop
  endfacet
  facet normal -9.524432e-01 -2.501515e-01 1.740004e-01
    outer loop
      vertex   4.362095e+01 -1.340566e+02 2.973673e+01
      vertex   4.378913e+01 -1.335988e+02 3.131535e+01
      vertex   4.351679e+01 -1.336579e+02 2.973980e+01
    endloop
  endfacet
  facet normal -8.795811e-01 -4.448350e-01 1.686980e-01
    outer loop
      vertex   4.399782e+01 -1.342081e+02 3.130210e+01
      vertex   4.389329e+01 -1.339976e+02 3.131228e+01
      vertex   4.372548e+01 -1.342671e+02 2.972655e+01
    endloop
  endfacet
  facet normal -8.795811e-01 -4.448350e-01 1.686980e-01
    outer loop
      vertex   4.372548e+01 -1.342671e+02 2.972655e+01
      vertex   4.389329e+01 -1.339976e+02 3.131228e+01
      vertex   4.362095e+01 -1.340566e+02 2.973673e+01
    endloop
  endfacet
  facet normal -7.544973e-01 -6.379049e-01 1.543085e-01
    outer loop
      vertex   5.735493e+01 -1.504182e+02 2.960045e+01
      vertex   4.399782e+01 -1.342081e+02 3.130210e+01
      vertex   5.708260e+01 -1.504772e+02 2.802490e+01
    endloop
  endfacet
  facet normal -7.544973e-01 -6.379049e-01 1.543085e-01
    outer loop
      vertex   5.708260e+01 -1.504772e+02 2.802490e+01
      vertex   4.399782e+01 -1.342081e+02 3.130210e+01
      vertex   4.372548e+01 -1.342671e+02 2.972655e+01
    endloop
  endfacet
  facet normal -1.727770e-01 9.849359e-01 -7.026093e-03
    outer loop
      vertex   1.124572e+02 -2.817308e+01 1.387244e+01
      vertex   9.124899e+01 -3.186627e+01 1.767663e+01
      vertex   1.127295e+02 -2.811407e+01 1.544799e+01
    endloop
  endfacet
  facet normal -1.727770e-01 9.849359e-01 -7.026093e-03
    outer loop
      vertex   1.127295e+02 -2.811407e+01 1.544799e+01
      vertex   9.124899e+01 -3.186627e+01 1.767663e+01
      vertex   9.152132e+01 -3.180726e+01 1.925217e+01
    endloop
  endfacet
  facet normal -2.111773e-01 9.774478e-01 -1.080786e-04
    outer loop
      vertex   5.501360e+01 -3.969401e+01 2.585798e+01
      vertex   9.152132e+01 -3.180726e+01 1.925217e+01
      vertex   5.474127e+01 -3.975302e+01 2.428243e+01
    endloop
  endfacet
  facet normal -2.111773e-01 9.774478e-01 -1.080786e-04
    outer loop
      vertex   5.474127e+01 -3.975302e+01 2.428243e+01
      vertex   9.152132e+01 -3.180726e+01 1.925217e+01
      vertex   9.124899e+01 -3.186627e+01 1.767663e+01
    endloop
  endfacet
  facet normal -9.030469e-01 4.057771e-01 1.408944e-01
    outer loop
      vertex   5.477638e+01 -4.019115e+01 2.591760e+01
      vertex   5.495352e+01 -3.978096e+01 2.587162e+01
      vertex   5.450404e+01 -4.025016e+01 2.434205e+01
    endloop
  endfacet
  facet normal -9.030469e-01 4.057771e-01 1.408944e-01
    outer loop
      vertex   5.450404e+01 -4.025016e+01 2.434205e+01
      vertex   5.495352e+01 -3.978096e+01 2.587162e+01
      vertex   5.468118e+01 -3.983997e+01 2.429607e+01
    endloop
  endfacet
  facet normal -9.798898e-01 1.119405e-01 1.651824e-01
    outer loop
      vertex   5.472818e+01 -4.065078e+01 2.594315e+01
      vertex   5.477638e+01 -4.019115e+01 2.591760e+01
      vertex   5.445584e+01 -4.070979e+01 2.436760e+01
    endloop
  endfacet
  facet normal -9.798898e-01 1.119405e-01 1.651824e-01
    outer loop
      vertex   5.445584e+01 -4.070979e+01 2.436760e+01
      vertex   5.477638e+01 -4.019115e+01 2.591760e+01
      vertex   5.450404e+01 -4.025016e+01 2.434205e+01
    endloop
  endfacet
endsolid
