solid ASCII
  facet normal 2.992122e-03 9.999955e-01 -3.543384e-17
    outer loop
      vertex   3.908210e+01 -1.319187e+02 2.741416e+01
      vertex   3.908210e+01 -1.319187e+02 2.801416e+01
      vertex   3.917808e+01 -1.319190e+02 2.801416e+01
    endloop
  endfacet
  facet normal 2.992122e-03 9.999955e-01 -3.543384e-17
    outer loop
      vertex   2.155968e+01 -1.318662e+02 2.741416e+01
      vertex   2.146350e+01 -1.318660e+02 2.801416e+01
      vertex   2.155968e+01 -1.318662e+02 2.801416e+01
    endloop
  endfacet
  facet normal -2.992122e-03 -9.999955e-01 -0.000000e+00
    outer loop
      vertex   4.010281e+01 -1.284402e+02 2.801416e+01
      vertex   4.010281e+01 -1.284402e+02 2.741416e+01
      vertex   4.035839e+01 -1.284409e+02 2.801416e+01
    endloop
  endfacet
  facet normal -2.992122e-03 -9.999955e-01 -1.184722e-14
    outer loop
      vertex   4.035839e+01 -1.284409e+02 2.801416e+01
      vertex   4.010281e+01 -1.284402e+02 2.741416e+01
      vertex   4.012643e+01 -1.284402e+02 2.656416e+01
    endloop
  endfacet
  facet normal -2.992122e-03 -9.999955e-01 -5.534281e-15
    outer loop
      vertex   4.012643e+01 -1.284402e+02 2.656416e+01
      vertex   4.010281e+01 -1.284402e+02 2.741416e+01
      vertex   3.996669e+01 -1.284398e+02 2.656416e+01
    endloop
  endfacet
  facet normal -2.992122e-03 -9.999955e-01 -3.452217e-15
    outer loop
      vertex   2.028078e+01 -1.283809e+02 2.801416e+01
      vertex   2.051322e+01 -1.283816e+02 2.656416e+01
      vertex   3.032978e+01 -1.284109e+02 2.801416e+01
    endloop
  endfacet
  facet normal -2.992122e-03 -9.999955e-01 -1.069613e-14
    outer loop
      vertex   3.032978e+01 -1.284109e+02 2.801416e+01
      vertex   2.051322e+01 -1.283816e+02 2.656416e+01
      vertex   3.032978e+01 -1.284109e+02 2.656416e+01
    endloop
  endfacet
  facet normal 9.469565e-01 3.213619e-01 -1.121422e-14
    outer loop
      vertex   2.155968e+01 -1.318662e+02 2.801416e+01
      vertex   2.194573e+01 -1.330038e+02 2.801416e+01
      vertex   2.155968e+01 -1.318662e+02 2.741416e+01
    endloop
  endfacet
  facet normal 9.469565e-01 3.213619e-01 -5.622093e-15
    outer loop
      vertex   2.155968e+01 -1.318662e+02 2.741416e+01
      vertex   2.194573e+01 -1.330038e+02 2.801416e+01
      vertex   2.194573e+01 -1.330038e+02 2.741416e+01
    endloop
  endfacet
  facet normal -9.469565e-01 3.213619e-01 1.121422e-14
    outer loop
      vertex   3.908210e+01 -1.319187e+02 2.741416e+01
      vertex   3.871383e+01 -1.330038e+02 2.741416e+01
      vertex   3.908210e+01 -1.319187e+02 2.801416e+01
    endloop
  endfacet
  facet normal -9.469565e-01 3.213619e-01 1.122230e-14
    outer loop
      vertex   3.908210e+01 -1.319187e+02 2.801416e+01
      vertex   3.871383e+01 -1.330038e+02 2.741416e+01
      vertex   3.871383e+01 -1.330038e+02 2.801416e+01
    endloop
  endfacet
  facet normal 9.362524e-01 -3.177293e-01 -1.499318e-01
    outer loop
      vertex   3.908210e+01 -1.319187e+02 2.741416e+01
      vertex   3.917808e+01 -1.319190e+02 2.801416e+01
      vertex   3.871383e+01 -1.330038e+02 2.741416e+01
    endloop
  endfacet
  facet normal 9.362524e-01 -3.177293e-01 -1.499318e-01
    outer loop
      vertex   3.871383e+01 -1.330038e+02 2.741416e+01
      vertex   3.917808e+01 -1.319190e+02 2.801416e+01
      vertex   3.916848e+01 -1.329053e+02 3.004440e+01
    endloop
  endfacet
  facet normal 9.362524e-01 -3.177293e-01 -1.499318e-01
    outer loop
      vertex   3.916848e+01 -1.329053e+02 3.004440e+01
      vertex   3.917808e+01 -1.319190e+02 2.801416e+01
      vertex   4.035839e+01 -1.284409e+02 2.801416e+01
    endloop
  endfacet
  facet normal 9.362524e-01 -3.177293e-01 -1.499318e-01
    outer loop
      vertex   3.916848e+01 -1.329053e+02 3.004440e+01
      vertex   4.035839e+01 -1.284409e+02 2.801416e+01
      vertex   4.317077e+01 -1.211118e+02 3.004440e+01
    endloop
  endfacet
  facet normal 9.362524e-01 -3.177293e-01 -1.499318e-01
    outer loop
      vertex   4.317077e+01 -1.211118e+02 3.004440e+01
      vertex   4.035839e+01 -1.284409e+02 2.801416e+01
      vertex   4.256921e+01 -1.212421e+02 2.656416e+01
    endloop
  endfacet
  facet normal 9.362524e-01 -3.177293e-01 -1.499318e-01
    outer loop
      vertex   4.256921e+01 -1.212421e+02 2.656416e+01
      vertex   4.035839e+01 -1.284409e+02 2.801416e+01
      vertex   4.012643e+01 -1.284402e+02 2.656416e+01
    endloop
  endfacet
  facet normal -5.450777e-17 -5.233596e-02 -9.986295e-01
    outer loop
      vertex   4.940296e+01 -1.542109e+02 -1.283298e+00
      vertex   1.125660e+01 -1.542109e+02 -1.283298e+00
      vertex   4.940296e+01 -1.509109e+02 -1.456244e+00
    endloop
  endfacet
  facet normal -3.537290e-17 -5.233596e-02 -9.986295e-01
    outer loop
      vertex   4.940296e+01 -1.509109e+02 -1.456244e+00
      vertex   1.125660e+01 -1.542109e+02 -1.283298e+00
      vertex   1.125660e+01 -1.509109e+02 -1.456244e+00
    endloop
  endfacet
  facet normal -1.000000e+00 -1.022379e-14 7.085473e-17
    outer loop
      vertex   1.125660e+01 -1.509109e+02 -1.456244e+00
      vertex   1.125660e+01 -1.542109e+02 -1.283298e+00
      vertex   1.125660e+01 -1.509109e+02 2.361416e+01
    endloop
  endfacet
  facet normal -1.000000e+00 -1.160403e-15 -1.130440e-15
    outer loop
      vertex   1.125660e+01 -1.509109e+02 2.361416e+01
      vertex   1.125660e+01 -1.542109e+02 -1.283298e+00
      vertex   1.125660e+01 -1.542109e+02 3.014440e+01
    endloop
  endfacet
  facet normal -1.000000e+00 -1.598720e-14 -8.623042e-15
    outer loop
      vertex   1.125660e+01 -1.509109e+02 2.361416e+01
      vertex   1.125660e+01 -1.542109e+02 3.014440e+01
      vertex   1.125660e+01 -1.502109e+02 3.014440e+01
    endloop
  endfacet
  facet normal -1.000000e+00 -8.506174e-14 -1.218719e-15
    outer loop
      vertex   1.125660e+01 -1.502109e+02 3.014440e+01
      vertex   1.125660e+01 -1.502109e+02 2.431416e+01
      vertex   1.125660e+01 -1.509109e+02 2.361416e+01
    endloop
  endfacet
  facet normal 1.046522e-13 -1.000000e+00 7.565447e-14
    outer loop
      vertex   4.186623e+01 -1.542109e+02 8.015165e+00
      vertex   4.191638e+01 -1.542109e+02 7.570124e+00
      vertex   4.940296e+01 -1.542109e+02 -1.283298e+00
    endloop
  endfacet
  facet normal -5.324286e-14 -1.000000e+00 -5.786397e-14
    outer loop
      vertex   4.940296e+01 -1.542109e+02 -1.283298e+00
      vertex   4.191638e+01 -1.542109e+02 7.570124e+00
      vertex   4.186623e+01 -1.542109e+02 7.125082e+00
    endloop
  endfacet
  facet normal 8.136800e-15 -1.000000e+00 -2.847190e-15
    outer loop
      vertex   4.940296e+01 -1.542109e+02 -1.283298e+00
      vertex   4.186623e+01 -1.542109e+02 7.125082e+00
      vertex   4.171831e+01 -1.542109e+02 6.702356e+00
    endloop
  endfacet
  facet normal 6.712538e-15 -1.000000e+00 -4.217767e-15
    outer loop
      vertex   4.171831e+01 -1.542109e+02 6.702356e+00
      vertex   4.148004e+01 -1.542109e+02 6.323144e+00
      vertex   4.940296e+01 -1.542109e+02 -1.283298e+00
    endloop
  endfacet
  facet normal 5.490574e-15 -1.000000e+00 -5.490574e-15
    outer loop
      vertex   4.940296e+01 -1.542109e+02 -1.283298e+00
      vertex   4.148004e+01 -1.542109e+02 6.323144e+00
      vertex   4.116336e+01 -1.542109e+02 6.006461e+00
    endloop
  endfacet
  facet normal 4.812194e-14 -1.000000e+00 4.269561e-14
    outer loop
      vertex   4.940296e+01 -1.542109e+02 -1.283298e+00
      vertex   4.116336e+01 -1.542109e+02 6.006461e+00
      vertex   4.078414e+01 -1.542109e+02 5.768186e+00
    endloop
  endfacet
  facet normal 1.100319e-14 -1.000000e+00 -2.673522e-15
    outer loop
      vertex   4.940296e+01 -1.542109e+02 -1.283298e+00
      vertex   4.078414e+01 -1.542109e+02 5.768186e+00
      vertex   3.745478e+01 -1.542109e+02 2.696625e+00
    endloop
  endfacet
  facet normal -5.216278e-15 -1.000000e+00 1.490727e-14
    outer loop
      vertex   3.745478e+01 -1.542109e+02 2.696625e+00
      vertex   4.078414e+01 -1.542109e+02 5.768186e+00
      vertex   4.036142e+01 -1.542109e+02 5.620268e+00
    endloop
  endfacet
  facet normal -1.233505e-15 -1.000000e+00 1.094766e-14
    outer loop
      vertex   3.745478e+01 -1.542109e+02 2.696625e+00
      vertex   4.036142e+01 -1.542109e+02 5.620268e+00
      vertex   3.991638e+01 -1.542109e+02 5.570124e+00
    endloop
  endfacet
  facet normal 1.016346e-15 -1.000000e+00 9.020320e-15
    outer loop
      vertex   3.991638e+01 -1.542109e+02 5.570124e+00
      vertex   3.947133e+01 -1.542109e+02 5.620268e+00
      vertex   3.745478e+01 -1.542109e+02 2.696625e+00
    endloop
  endfacet
  facet normal 2.740276e-15 -1.000000e+00 7.831258e-15
    outer loop
      vertex   3.745478e+01 -1.542109e+02 2.696625e+00
      vertex   3.947133e+01 -1.542109e+02 5.620268e+00
      vertex   3.904861e+01 -1.542109e+02 5.768186e+00
    endloop
  endfacet
  facet normal 4.384587e-15 -1.000000e+00 6.978030e-15
    outer loop
      vertex   3.745478e+01 -1.542109e+02 2.696625e+00
      vertex   3.904861e+01 -1.542109e+02 5.768186e+00
      vertex   3.866940e+01 -1.542109e+02 6.006461e+00
    endloop
  endfacet
  facet normal 6.281806e-15 -1.000000e+00 6.281806e-15
    outer loop
      vertex   3.866940e+01 -1.542109e+02 6.006461e+00
      vertex   3.835271e+01 -1.542109e+02 6.323144e+00
      vertex   3.745478e+01 -1.542109e+02 2.696625e+00
    endloop
  endfacet
  facet normal 8.947146e-15 -1.000000e+00 5.621865e-15
    outer loop
      vertex   3.745478e+01 -1.542109e+02 2.696625e+00
      vertex   3.835271e+01 -1.542109e+02 6.323144e+00
      vertex   3.811444e+01 -1.542109e+02 6.702356e+00
    endloop
  endfacet
  facet normal 1.378810e-14 -1.000000e+00 4.824666e-15
    outer loop
      vertex   3.745478e+01 -1.542109e+02 2.696625e+00
      vertex   3.811444e+01 -1.542109e+02 6.702356e+00
      vertex   3.796652e+01 -1.542109e+02 7.125082e+00
    endloop
  endfacet
  facet normal 2.812070e-14 -1.000000e+00 3.168442e-15
    outer loop
      vertex   3.796652e+01 -1.542109e+02 7.125082e+00
      vertex   3.791638e+01 -1.542109e+02 7.570124e+00
      vertex   3.745478e+01 -1.542109e+02 2.696625e+00
    endloop
  endfacet
  facet normal 6.157313e-14 -1.000000e+00 -3.299211e-28
    outer loop
      vertex   3.745478e+01 -1.542109e+02 2.696625e+00
      vertex   3.791638e+01 -1.542109e+02 7.570124e+00
      vertex   3.745478e+01 -1.542109e+02 3.054440e+01
    endloop
  endfacet
  facet normal 9.318066e-15 -1.000000e+00 -1.049894e-15
    outer loop
      vertex   3.745478e+01 -1.542109e+02 3.054440e+01
      vertex   3.791638e+01 -1.542109e+02 7.570124e+00
      vertex   3.796652e+01 -1.542109e+02 8.015165e+00
    endloop
  endfacet
  facet normal 3.385528e-15 -1.000000e+00 -1.184648e-15
    outer loop
      vertex   3.745478e+01 -1.542109e+02 3.054440e+01
      vertex   3.796652e+01 -1.542109e+02 8.015165e+00
      vertex   3.811444e+01 -1.542109e+02 8.437891e+00
    endloop
  endfacet
  facet normal 1.953369e-15 -1.000000e+00 -1.227383e-15
    outer loop
      vertex   3.811444e+01 -1.542109e+02 8.437891e+00
      vertex   3.835271e+01 -1.542109e+02 8.817103e+00
      vertex   3.745478e+01 -1.542109e+02 3.054440e+01
    endloop
  endfacet
  facet normal 1.256195e-15 -1.000000e+00 -1.256195e-15
    outer loop
      vertex   3.745478e+01 -1.542109e+02 3.054440e+01
      vertex   3.835271e+01 -1.542109e+02 8.817103e+00
      vertex   3.866940e+01 -1.542109e+02 9.133787e+00
    endloop
  endfacet
  facet normal 8.053891e-16 -1.000000e+00 -1.281769e-15
    outer loop
      vertex   3.745478e+01 -1.542109e+02 3.054440e+01
      vertex   3.866940e+01 -1.542109e+02 9.133787e+00
      vertex   3.904861e+01 -1.542109e+02 9.372061e+00
    endloop
  endfacet
  facet normal 4.576698e-16 -1.000000e+00 -1.307945e-15
    outer loop
      vertex   3.904861e+01 -1.542109e+02 9.372061e+00
      vertex   3.947133e+01 -1.542109e+02 9.519979e+00
      vertex   3.745478e+01 -1.542109e+02 3.054440e+01
    endloop
  endfacet
  facet normal 1.506876e-16 -1.000000e+00 -1.337389e-15
    outer loop
      vertex   3.745478e+01 -1.542109e+02 3.054440e+01
      vertex   3.947133e+01 -1.542109e+02 9.519979e+00
      vertex   3.991638e+01 -1.542109e+02 9.570124e+00
    endloop
  endfacet
  facet normal 1.189511e-14 -1.000000e+00 4.096501e-17
    outer loop
      vertex   3.745478e+01 -1.542109e+02 3.054440e+01
      vertex   3.991638e+01 -1.542109e+02 9.570124e+00
      vertex   4.940296e+01 -1.542109e+02 3.014440e+01
    endloop
  endfacet
  facet normal 5.918466e-16 -1.000000e+00 5.252784e-15
    outer loop
      vertex   4.940296e+01 -1.542109e+02 3.014440e+01
      vertex   3.991638e+01 -1.542109e+02 9.570124e+00
      vertex   4.036142e+01 -1.542109e+02 9.519979e+00
    endloop
  endfacet
  facet normal 1.672289e-15 -1.000000e+00 4.779128e-15
    outer loop
      vertex   4.940296e+01 -1.542109e+02 3.014440e+01
      vertex   4.036142e+01 -1.542109e+02 9.519979e+00
      vertex   4.078414e+01 -1.542109e+02 9.372061e+00
    endloop
  endfacet
  facet normal 6.217787e-14 -1.000000e+00 -2.032573e-14
    outer loop
      vertex   4.078414e+01 -1.542109e+02 9.372061e+00
      vertex   4.116336e+01 -1.542109e+02 9.133787e+00
      vertex   4.940296e+01 -1.542109e+02 3.014440e+01
    endloop
  endfacet
  facet normal 2.915025e-15 -1.000000e+00 2.915025e-15
    outer loop
      vertex   4.940296e+01 -1.542109e+02 3.014440e+01
      vertex   4.116336e+01 -1.542109e+02 9.133787e+00
      vertex   4.148004e+01 -1.542109e+02 8.817103e+00
    endloop
  endfacet
  facet normal 3.998599e-15 -1.000000e+00 2.512486e-15
    outer loop
      vertex   4.940296e+01 -1.542109e+02 3.014440e+01
      vertex   4.148004e+01 -1.542109e+02 8.817103e+00
      vertex   4.171831e+01 -1.542109e+02 8.437891e+00
    endloop
  endfacet
  facet normal 1.109551e-14 -1.000000e+00 -5.769695e-29
    outer loop
      vertex   4.940296e+01 -1.542109e+02 3.014440e+01
      vertex   4.171831e+01 -1.542109e+02 8.437891e+00
      vertex   4.940296e+01 -1.542109e+02 -1.283298e+00
    endloop
  endfacet
  facet normal 1.990754e-14 -1.000000e+00 6.965948e-15
    outer loop
      vertex   4.940296e+01 -1.542109e+02 -1.283298e+00
      vertex   4.171831e+01 -1.542109e+02 8.437891e+00
      vertex   4.186623e+01 -1.542109e+02 8.015165e+00
    endloop
  endfacet
  facet normal -8.436210e-14 -1.000000e+00 9.505326e-15
    outer loop
      vertex   2.269305e+01 -1.542109e+02 7.125082e+00
      vertex   2.320478e+01 -1.542109e+02 2.696625e+00
      vertex   2.274319e+01 -1.542109e+02 7.570124e+00
    endloop
  endfacet
  facet normal -1.739438e-13 -1.000000e+00 1.020610e-15
    outer loop
      vertex   2.274319e+01 -1.542109e+02 7.570124e+00
      vertex   2.320478e+01 -1.542109e+02 2.696625e+00
      vertex   2.320478e+01 -1.542109e+02 3.054440e+01
    endloop
  endfacet
  facet normal -1.863613e-14 -1.000000e+00 -2.099788e-15
    outer loop
      vertex   2.274319e+01 -1.542109e+02 7.570124e+00
      vertex   2.320478e+01 -1.542109e+02 3.054440e+01
      vertex   2.269305e+01 -1.542109e+02 8.015165e+00
    endloop
  endfacet
  facet normal -6.771057e-15 -1.000000e+00 -2.369295e-15
    outer loop
      vertex   2.269305e+01 -1.542109e+02 8.015165e+00
      vertex   2.320478e+01 -1.542109e+02 3.054440e+01
      vertex   2.254513e+01 -1.542109e+02 8.437891e+00
    endloop
  endfacet
  facet normal -3.906738e-15 -1.000000e+00 -2.454766e-15
    outer loop
      vertex   2.254513e+01 -1.542109e+02 8.437891e+00
      vertex   2.320478e+01 -1.542109e+02 3.054440e+01
      vertex   2.230685e+01 -1.542109e+02 8.817103e+00
    endloop
  endfacet
  facet normal -2.512391e-15 -1.000000e+00 -2.512391e-15
    outer loop
      vertex   2.230685e+01 -1.542109e+02 8.817103e+00
      vertex   2.320478e+01 -1.542109e+02 3.054440e+01
      vertex   2.199017e+01 -1.542109e+02 9.133787e+00
    endloop
  endfacet
  facet normal -1.610778e-15 -1.000000e+00 -2.563539e-15
    outer loop
      vertex   2.199017e+01 -1.542109e+02 9.133787e+00
      vertex   2.320478e+01 -1.542109e+02 3.054440e+01
      vertex   2.161096e+01 -1.542109e+02 9.372061e+00
    endloop
  endfacet
  facet normal -9.153396e-16 -1.000000e+00 -2.615890e-15
    outer loop
      vertex   2.161096e+01 -1.542109e+02 9.372061e+00
      vertex   2.320478e+01 -1.542109e+02 3.054440e+01
      vertex   2.118823e+01 -1.542109e+02 9.519979e+00
    endloop
  endfacet
  facet normal -3.013752e-16 -1.000000e+00 -2.674779e-15
    outer loop
      vertex   2.118823e+01 -1.542109e+02 9.519979e+00
      vertex   2.320478e+01 -1.542109e+02 3.054440e+01
      vertex   2.074319e+01 -1.542109e+02 9.570124e+00
    endloop
  endfacet
  facet normal 1.441988e-14 -1.000000e+00 -4.402501e-15
    outer loop
      vertex   2.074319e+01 -1.542109e+02 9.570124e+00
      vertex   2.320478e+01 -1.542109e+02 3.054440e+01
      vertex   1.125660e+01 -1.542109e+02 3.014440e+01
    endloop
  endfacet
  facet normal 1.183693e-15 -1.000000e+00 -1.050557e-14
    outer loop
      vertex   2.074319e+01 -1.542109e+02 9.570124e+00
      vertex   1.125660e+01 -1.542109e+02 3.014440e+01
      vertex   2.029815e+01 -1.542109e+02 9.519979e+00
    endloop
  endfacet
  facet normal 3.344579e-15 -1.000000e+00 -9.558257e-15
    outer loop
      vertex   2.029815e+01 -1.542109e+02 9.519979e+00
      vertex   1.125660e+01 -1.542109e+02 3.014440e+01
      vertex   1.987542e+01 -1.542109e+02 9.372061e+00
    endloop
  endfacet
  facet normal 6.490562e-14 -1.000000e+00 1.598453e-14
    outer loop
      vertex   1.987542e+01 -1.542109e+02 9.372061e+00
      vertex   1.125660e+01 -1.542109e+02 3.014440e+01
      vertex   1.949621e+01 -1.542109e+02 9.133787e+00
    endloop
  endfacet
  facet normal 6.801725e-15 -1.000000e+00 -6.801725e-15
    outer loop
      vertex   1.949621e+01 -1.542109e+02 9.133787e+00
      vertex   1.125660e+01 -1.542109e+02 3.014440e+01
      vertex   1.917953e+01 -1.542109e+02 8.817103e+00
    endloop
  endfacet
  facet normal 9.330063e-15 -1.000000e+00 -5.862467e-15
    outer loop
      vertex   1.917953e+01 -1.542109e+02 8.817103e+00
      vertex   1.125660e+01 -1.542109e+02 3.014440e+01
      vertex   1.894125e+01 -1.542109e+02 8.437891e+00
    endloop
  endfacet
  facet normal 2.078056e-14 -1.000000e+00 -1.808704e-15
    outer loop
      vertex   1.894125e+01 -1.542109e+02 8.437891e+00
      vertex   1.125660e+01 -1.542109e+02 3.014440e+01
      vertex   1.125660e+01 -1.542109e+02 -1.283298e+00
    endloop
  endfacet
  facet normal 3.317923e-14 -1.000000e+00 -1.160991e-14
    outer loop
      vertex   1.894125e+01 -1.542109e+02 8.437891e+00
      vertex   1.125660e+01 -1.542109e+02 -1.283298e+00
      vertex   1.879333e+01 -1.542109e+02 8.015165e+00
    endloop
  endfacet
  facet normal 2.189976e-14 -1.000000e+00 -2.467510e-15
    outer loop
      vertex   1.879333e+01 -1.542109e+02 8.015165e+00
      vertex   1.125660e+01 -1.542109e+02 -1.283298e+00
      vertex   1.874319e+01 -1.542109e+02 7.570124e+00
    endloop
  endfacet
  facet normal 1.674993e-14 -1.000000e+00 1.887264e-15
    outer loop
      vertex   1.874319e+01 -1.542109e+02 7.570124e+00
      vertex   1.125660e+01 -1.542109e+02 -1.283298e+00
      vertex   1.879333e+01 -1.542109e+02 7.125082e+00
    endloop
  endfacet
  facet normal 1.356133e-14 -1.000000e+00 4.745316e-15
    outer loop
      vertex   1.879333e+01 -1.542109e+02 7.125082e+00
      vertex   1.125660e+01 -1.542109e+02 -1.283298e+00
      vertex   1.894125e+01 -1.542109e+02 6.702356e+00
    endloop
  endfacet
  facet normal 1.118756e-14 -1.000000e+00 7.029612e-15
    outer loop
      vertex   1.894125e+01 -1.542109e+02 6.702356e+00
      vertex   1.125660e+01 -1.542109e+02 -1.283298e+00
      vertex   1.917953e+01 -1.542109e+02 6.323144e+00
    endloop
  endfacet
  facet normal 9.150956e-15 -1.000000e+00 9.150956e-15
    outer loop
      vertex   1.917953e+01 -1.542109e+02 6.323144e+00
      vertex   1.125660e+01 -1.542109e+02 -1.283298e+00
      vertex   1.949621e+01 -1.542109e+02 6.006461e+00
    endloop
  endfacet
  facet normal 5.098686e-14 -1.000000e+00 -3.813612e-14
    outer loop
      vertex   1.949621e+01 -1.542109e+02 6.006461e+00
      vertex   1.125660e+01 -1.542109e+02 -1.283298e+00
      vertex   1.987542e+01 -1.542109e+02 5.768186e+00
    endloop
  endfacet
  facet normal -1.550578e-15 -1.000000e+00 2.607882e-14
    outer loop
      vertex   1.987542e+01 -1.542109e+02 5.768186e+00
      vertex   1.125660e+01 -1.542109e+02 -1.283298e+00
      vertex   2.320478e+01 -1.542109e+02 2.696625e+00
    endloop
  endfacet
  facet normal 1.564883e-14 -1.000000e+00 4.472180e-14
    outer loop
      vertex   1.987542e+01 -1.542109e+02 5.768186e+00
      vertex   2.320478e+01 -1.542109e+02 2.696625e+00
      vertex   2.029815e+01 -1.542109e+02 5.620268e+00
    endloop
  endfacet
  facet normal 3.700516e-15 -1.000000e+00 3.284299e-14
    outer loop
      vertex   2.029815e+01 -1.542109e+02 5.620268e+00
      vertex   2.320478e+01 -1.542109e+02 2.696625e+00
      vertex   2.074319e+01 -1.542109e+02 5.570124e+00
    endloop
  endfacet
  facet normal -3.049038e-15 -1.000000e+00 2.706096e-14
    outer loop
      vertex   2.074319e+01 -1.542109e+02 5.570124e+00
      vertex   2.320478e+01 -1.542109e+02 2.696625e+00
      vertex   2.118823e+01 -1.542109e+02 5.620268e+00
    endloop
  endfacet
  facet normal -8.220827e-15 -1.000000e+00 2.349378e-14
    outer loop
      vertex   2.118823e+01 -1.542109e+02 5.620268e+00
      vertex   2.320478e+01 -1.542109e+02 2.696625e+00
      vertex   2.161096e+01 -1.542109e+02 5.768186e+00
    endloop
  endfacet
  facet normal -1.315376e-14 -1.000000e+00 2.093409e-14
    outer loop
      vertex   2.161096e+01 -1.542109e+02 5.768186e+00
      vertex   2.320478e+01 -1.542109e+02 2.696625e+00
      vertex   2.199017e+01 -1.542109e+02 6.006461e+00
    endloop
  endfacet
  facet normal -1.884542e-14 -1.000000e+00 1.884542e-14
    outer loop
      vertex   2.199017e+01 -1.542109e+02 6.006461e+00
      vertex   2.320478e+01 -1.542109e+02 2.696625e+00
      vertex   2.230685e+01 -1.542109e+02 6.323144e+00
    endloop
  endfacet
  facet normal -2.684144e-14 -1.000000e+00 1.686559e-14
    outer loop
      vertex   2.230685e+01 -1.542109e+02 6.323144e+00
      vertex   2.320478e+01 -1.542109e+02 2.696625e+00
      vertex   2.254513e+01 -1.542109e+02 6.702356e+00
    endloop
  endfacet
  facet normal -4.136431e-14 -1.000000e+00 1.447400e-14
    outer loop
      vertex   2.254513e+01 -1.542109e+02 6.702356e+00
      vertex   2.320478e+01 -1.542109e+02 2.696625e+00
      vertex   2.269305e+01 -1.542109e+02 7.125082e+00
    endloop
  endfacet
  facet normal 1.117605e-14 -1.000000e+00 -1.212796e-14
    outer loop
      vertex   1.125660e+01 -1.542109e+02 -1.283298e+00
      vertex   4.940296e+01 -1.542109e+02 -1.283298e+00
      vertex   2.320478e+01 -1.542109e+02 2.696625e+00
    endloop
  endfacet
  facet normal 1.396154e-14 -1.000000e+00 6.207773e-15
    outer loop
      vertex   2.320478e+01 -1.542109e+02 2.696625e+00
      vertex   4.940296e+01 -1.542109e+02 -1.283298e+00
      vertex   3.745478e+01 -1.542109e+02 2.696625e+00
    endloop
  endfacet
  facet normal 1.438619e-14 -1.000000e+00 5.111002e-28
    outer loop
      vertex   5.532984e+01 -1.542109e+02 3.014440e+01
      vertex   5.532984e+01 -1.542109e+02 3.054440e+01
      vertex   4.940296e+01 -1.542109e+02 3.014440e+01
    endloop
  endfacet
  facet normal 1.272017e-14 -1.000000e+00 2.468556e-14
    outer loop
      vertex   4.940296e+01 -1.542109e+02 3.014440e+01
      vertex   5.532984e+01 -1.542109e+02 3.054440e+01
      vertex   3.745478e+01 -1.542109e+02 3.054440e+01
    endloop
  endfacet
  facet normal 1.590021e-14 -1.000000e+00 -4.862037e-14
    outer loop
      vertex   2.320478e+01 -1.542109e+02 3.054440e+01
      vertex   5.329730e+00 -1.542109e+02 3.054440e+01
      vertex   1.125660e+01 -1.542109e+02 3.014440e+01
    endloop
  endfacet
  facet normal 1.918159e-14 -1.000000e+00 -8.518336e-29
    outer loop
      vertex   1.125660e+01 -1.542109e+02 3.014440e+01
      vertex   5.329730e+00 -1.542109e+02 3.054440e+01
      vertex   5.329730e+00 -1.542109e+02 3.014440e+01
    endloop
  endfacet
  facet normal 1.000000e+00 1.477504e-14 -5.668378e-15
    outer loop
      vertex   4.940296e+01 -1.509109e+02 -1.456244e+00
      vertex   4.940296e+01 -1.509109e+02 2.361416e+01
      vertex   4.940296e+01 -1.542109e+02 -1.283298e+00
    endloop
  endfacet
  facet normal 1.000000e+00 1.124147e-14 -5.200025e-15
    outer loop
      vertex   4.940296e+01 -1.542109e+02 -1.283298e+00
      vertex   4.940296e+01 -1.509109e+02 2.361416e+01
      vertex   4.940296e+01 -1.542109e+02 3.014440e+01
    endloop
  endfacet
  facet normal 1.000000e+00 7.105433e-15 -7.290136e-15
    outer loop
      vertex   4.940296e+01 -1.542109e+02 3.014440e+01
      vertex   4.940296e+01 -1.509109e+02 2.361416e+01
      vertex   4.940296e+01 -1.502109e+02 3.014440e+01
    endloop
  endfacet
  facet normal 1.000000e+00 7.312312e-15 -7.312312e-15
    outer loop
      vertex   4.940296e+01 -1.502109e+02 3.014440e+01
      vertex   4.940296e+01 -1.509109e+02 2.361416e+01
      vertex   4.940296e+01 -1.502109e+02 2.431416e+01
    endloop
  endfacet
  facet normal 7.627705e-01 -6.466693e-01 -4.516509e-15
    outer loop
      vertex   1.762978e+01 -1.411497e+02 2.741416e+01
      vertex   2.103517e+01 -1.371329e+02 2.741416e+01
      vertex   1.762978e+01 -1.411497e+02 2.801416e+01
    endloop
  endfacet
  facet normal 7.627705e-01 -6.466693e-01 -4.497640e-15
    outer loop
      vertex   1.762978e+01 -1.411497e+02 2.801416e+01
      vertex   2.103517e+01 -1.371329e+02 2.741416e+01
      vertex   2.103517e+01 -1.371329e+02 2.801416e+01
    endloop
  endfacet
  facet normal 8.917570e-01 -4.525145e-01 -5.280262e-15
    outer loop
      vertex   2.103517e+01 -1.371329e+02 2.741416e+01
      vertex   2.157133e+01 -1.360763e+02 2.741416e+01
      vertex   2.103517e+01 -1.371329e+02 2.801416e+01
    endloop
  endfacet
  facet normal 8.917570e-01 -4.525145e-01 -5.309786e-15
    outer loop
      vertex   2.103517e+01 -1.371329e+02 2.801416e+01
      vertex   2.157133e+01 -1.360763e+02 2.741416e+01
      vertex   2.157133e+01 -1.360763e+02 2.801416e+01
    endloop
  endfacet
  facet normal 9.668508e-01 -2.553421e-01 -5.724907e-15
    outer loop
      vertex   2.157133e+01 -1.360763e+02 2.741416e+01
      vertex   2.183701e+01 -1.350703e+02 2.741416e+01
      vertex   2.157133e+01 -1.360763e+02 2.801416e+01
    endloop
  endfacet
  facet normal 9.668508e-01 -2.553421e-01 -1.147031e-14
    outer loop
      vertex   2.157133e+01 -1.360763e+02 2.801416e+01
      vertex   2.183701e+01 -1.350703e+02 2.741416e+01
      vertex   2.183701e+01 -1.350703e+02 2.801416e+01
    endloop
  endfacet
  facet normal 9.849397e-01 -1.728983e-01 -1.166403e-14
    outer loop
      vertex   2.183701e+01 -1.350703e+02 2.741416e+01
      vertex   2.197911e+01 -1.342608e+02 2.741416e+01
      vertex   2.183701e+01 -1.350703e+02 2.801416e+01
    endloop
  endfacet
  facet normal 9.849397e-01 -1.728983e-01 0.000000e+00
    outer loop
      vertex   2.183701e+01 -1.350703e+02 2.801416e+01
      vertex   2.197911e+01 -1.342608e+02 2.741416e+01
      vertex   2.197911e+01 -1.342608e+02 2.801416e+01
    endloop
  endfacet
  facet normal 9.996476e-01 2.654687e-02 -0.000000e+00
    outer loop
      vertex   2.197911e+01 -1.342608e+02 2.741416e+01
      vertex   2.194573e+01 -1.330038e+02 2.741416e+01
      vertex   2.197911e+01 -1.342608e+02 2.801416e+01
    endloop
  endfacet
  facet normal 9.996476e-01 2.654687e-02 -5.913837e-15
    outer loop
      vertex   2.197911e+01 -1.342608e+02 2.801416e+01
      vertex   2.194573e+01 -1.330038e+02 2.741416e+01
      vertex   2.194573e+01 -1.330038e+02 2.801416e+01
    endloop
  endfacet
  facet normal -1.000000e+00 0.000000e+00 0.000000e+00
    outer loop
      vertex   4.010281e+01 -1.284402e+02 2.801416e+01
      vertex   4.010281e+01 -1.284109e+02 2.801416e+01
      vertex   4.010281e+01 -1.284402e+02 2.741416e+01
    endloop
  endfacet
  facet normal -1.000000e+00 -4.859703e-13 2.368476e-14
    outer loop
      vertex   4.010281e+01 -1.284402e+02 2.741416e+01
      vertex   4.010281e+01 -1.284109e+02 2.801416e+01
      vertex   4.010281e+01 -1.284109e+02 2.741416e+01
    endloop
  endfacet
  facet normal -9.996476e-01 2.654687e-02 1.183821e-14
    outer loop
      vertex   3.871383e+01 -1.330038e+02 2.741416e+01
      vertex   3.868045e+01 -1.342608e+02 2.741416e+01
      vertex   3.871383e+01 -1.330038e+02 2.801416e+01
    endloop
  endfacet
  facet normal -9.996476e-01 2.654687e-02 1.183687e-14
    outer loop
      vertex   3.871383e+01 -1.330038e+02 2.801416e+01
      vertex   3.868045e+01 -1.342608e+02 2.741416e+01
      vertex   3.868045e+01 -1.342608e+02 2.801416e+01
    endloop
  endfacet
  facet normal -9.849397e-01 -1.728983e-01 1.166403e-14
    outer loop
      vertex   3.868045e+01 -1.342608e+02 2.741416e+01
      vertex   3.882255e+01 -1.350703e+02 2.741416e+01
      vertex   3.868045e+01 -1.342608e+02 2.801416e+01
    endloop
  endfacet
  facet normal -9.849397e-01 -1.728983e-01 1.165120e-14
    outer loop
      vertex   3.868045e+01 -1.342608e+02 2.801416e+01
      vertex   3.882255e+01 -1.350703e+02 2.741416e+01
      vertex   3.882255e+01 -1.350703e+02 2.801416e+01
    endloop
  endfacet
  facet normal -9.668508e-01 -2.553421e-01 1.144981e-14
    outer loop
      vertex   3.882255e+01 -1.350703e+02 2.741416e+01
      vertex   3.908824e+01 -1.360763e+02 2.741416e+01
      vertex   3.882255e+01 -1.350703e+02 2.801416e+01
    endloop
  endfacet
  facet normal -9.668508e-01 -2.553421e-01 1.147031e-14
    outer loop
      vertex   3.882255e+01 -1.350703e+02 2.801416e+01
      vertex   3.908824e+01 -1.360763e+02 2.741416e+01
      vertex   3.908824e+01 -1.360763e+02 2.801416e+01
    endloop
  endfacet
  facet normal -8.917570e-01 -4.525145e-01 1.056052e-14
    outer loop
      vertex   3.908824e+01 -1.360763e+02 2.741416e+01
      vertex   3.962440e+01 -1.371329e+02 2.741416e+01
      vertex   3.908824e+01 -1.360763e+02 2.801416e+01
    endloop
  endfacet
  facet normal -8.917570e-01 -4.525145e-01 0.000000e+00
    outer loop
      vertex   3.908824e+01 -1.360763e+02 2.801416e+01
      vertex   3.962440e+01 -1.371329e+02 2.741416e+01
      vertex   3.962440e+01 -1.371329e+02 2.801416e+01
    endloop
  endfacet
  facet normal -7.627705e-01 -6.466693e-01 0.000000e+00
    outer loop
      vertex   3.962440e+01 -1.371329e+02 2.741416e+01
      vertex   4.302978e+01 -1.411497e+02 2.741416e+01
      vertex   3.962440e+01 -1.371329e+02 2.801416e+01
    endloop
  endfacet
  facet normal -7.627705e-01 -6.466693e-01 8.995279e-15
    outer loop
      vertex   3.962440e+01 -1.371329e+02 2.801416e+01
      vertex   4.302978e+01 -1.411497e+02 2.741416e+01
      vertex   4.302978e+01 -1.411497e+02 2.801416e+01
    endloop
  endfacet
  facet normal -5.463085e-15 -7.893722e-15 -1.000000e+00
    outer loop
      vertex   2.370891e+01 -1.359080e+02 2.801416e+01
      vertex   2.197911e+01 -1.342608e+02 2.801416e+01
      vertex   2.370989e+01 -1.314080e+02 2.801416e+01
    endloop
  endfacet
  facet normal -8.772732e-15 -5.885758e-15 -1.000000e+00
    outer loop
      vertex   2.370989e+01 -1.314080e+02 2.801416e+01
      vertex   2.197911e+01 -1.342608e+02 2.801416e+01
      vertex   2.194573e+01 -1.330038e+02 2.801416e+01
    endloop
  endfacet
  facet normal -1.966720e-13 2.018376e-13 -1.000000e+00
    outer loop
      vertex   2.370989e+01 -1.314080e+02 2.801416e+01
      vertex   2.194573e+01 -1.330038e+02 2.801416e+01
      vertex   2.155968e+01 -1.318662e+02 2.801416e+01
    endloop
  endfacet
  facet normal -5.905108e-15 -8.252103e-15 -1.000000e+00
    outer loop
      vertex   3.694891e+01 -1.359109e+02 2.801416e+01
      vertex   3.545478e+01 -1.382859e+02 2.801416e+01
      vertex   2.370891e+01 -1.359080e+02 2.801416e+01
    endloop
  endfacet
  facet normal -5.892306e-15 -8.188864e-15 -1.000000e+00
    outer loop
      vertex   2.370891e+01 -1.359080e+02 2.801416e+01
      vertex   3.545478e+01 -1.382859e+02 2.801416e+01
      vertex   2.520478e+01 -1.382859e+02 2.801416e+01
    endloop
  endfacet
  facet normal -6.982910e-15 -8.874935e-15 -1.000000e+00
    outer loop
      vertex   2.370891e+01 -1.359080e+02 2.801416e+01
      vertex   2.520478e+01 -1.382859e+02 2.801416e+01
      vertex   2.475974e+01 -1.383361e+02 2.801416e+01
    endloop
  endfacet
  facet normal -4.787866e-15 -7.893870e-15 -1.000000e+00
    outer loop
      vertex   3.694989e+01 -1.314109e+02 2.801416e+01
      vertex   3.868045e+01 -1.342608e+02 2.801416e+01
      vertex   3.694891e+01 -1.359109e+02 2.801416e+01
    endloop
  endfacet
  facet normal -3.380125e-15 -9.371075e-15 -1.000000e+00
    outer loop
      vertex   3.694891e+01 -1.359109e+02 2.801416e+01
      vertex   3.868045e+01 -1.342608e+02 2.801416e+01
      vertex   3.882255e+01 -1.350703e+02 2.801416e+01
    endloop
  endfacet
  facet normal -6.781101e-15 -1.790867e-15 -1.000000e+00
    outer loop
      vertex   3.694891e+01 -1.359109e+02 2.801416e+01
      vertex   3.882255e+01 -1.350703e+02 2.801416e+01
      vertex   3.908824e+01 -1.360763e+02 2.801416e+01
    endloop
  endfacet
  facet normal -5.886951e-15 7.464285e-14 -1.000000e+00
    outer loop
      vertex   2.370989e+01 -1.314080e+02 2.801416e+01
      vertex   3.032978e+01 -1.284109e+02 2.801416e+01
      vertex   3.694989e+01 -1.314109e+02 2.801416e+01
    endloop
  endfacet
  facet normal -3.089939e-14 1.944782e-14 -1.000000e+00
    outer loop
      vertex   3.694989e+01 -1.314109e+02 2.801416e+01
      vertex   3.032978e+01 -1.284109e+02 2.801416e+01
      vertex   4.010281e+01 -1.284109e+02 2.801416e+01
    endloop
  endfacet
  facet normal 5.189608e-12 -5.467166e-12 -1.000000e+00
    outer loop
      vertex   3.694989e+01 -1.314109e+02 2.801416e+01
      vertex   4.010281e+01 -1.284109e+02 2.801416e+01
      vertex   4.010281e+01 -1.284402e+02 2.801416e+01
    endloop
  endfacet
  facet normal 3.053292e-18 1.020439e-15 -1.000000e+00
    outer loop
      vertex   2.146350e+01 -1.318660e+02 2.801416e+01
      vertex   2.028078e+01 -1.283809e+02 2.801416e+01
      vertex   2.155968e+01 -1.318662e+02 2.801416e+01
    endloop
  endfacet
  facet normal -1.427178e-13 -5.134821e-14 -1.000000e+00
    outer loop
      vertex   2.155968e+01 -1.318662e+02 2.801416e+01
      vertex   2.028078e+01 -1.283809e+02 2.801416e+01
      vertex   2.370989e+01 -1.314080e+02 2.801416e+01
    endloop
  endfacet
  facet normal -1.456793e-14 9.381709e-14 -1.000000e+00
    outer loop
      vertex   2.028078e+01 -1.283809e+02 2.801416e+01
      vertex   3.032978e+01 -1.284109e+02 2.801416e+01
      vertex   2.370989e+01 -1.314080e+02 2.801416e+01
    endloop
  endfacet
  facet normal -2.780020e-14 2.410814e-16 -1.000000e+00
    outer loop
      vertex   4.035839e+01 -1.284409e+02 2.801416e+01
      vertex   3.917808e+01 -1.319190e+02 2.801416e+01
      vertex   4.010281e+01 -1.284402e+02 2.801416e+01
    endloop
  endfacet
  facet normal -2.137304e-17 -7.143072e-15 -1.000000e+00
    outer loop
      vertex   4.010281e+01 -1.284402e+02 2.801416e+01
      vertex   3.917808e+01 -1.319190e+02 2.801416e+01
      vertex   3.908210e+01 -1.319187e+02 2.801416e+01
    endloop
  endfacet
  facet normal 6.226181e-14 -2.541918e-14 -1.000000e+00
    outer loop
      vertex   4.010281e+01 -1.284402e+02 2.801416e+01
      vertex   3.908210e+01 -1.319187e+02 2.801416e+01
      vertex   3.694989e+01 -1.314109e+02 2.801416e+01
    endloop
  endfacet
  facet normal 9.206010e-14 9.971507e-14 -1.000000e+00
    outer loop
      vertex   3.694989e+01 -1.314109e+02 2.801416e+01
      vertex   3.908210e+01 -1.319187e+02 2.801416e+01
      vertex   3.871383e+01 -1.330038e+02 2.801416e+01
    endloop
  endfacet
  facet normal -5.510752e-15 -8.332836e-15 -1.000000e+00
    outer loop
      vertex   3.694989e+01 -1.314109e+02 2.801416e+01
      vertex   3.871383e+01 -1.330038e+02 2.801416e+01
      vertex   3.868045e+01 -1.342608e+02 2.801416e+01
    endloop
  endfacet
  facet normal -7.374041e-15 -9.461426e-15 -1.000000e+00
    outer loop
      vertex   3.694891e+01 -1.359109e+02 2.801416e+01
      vertex   3.908824e+01 -1.360763e+02 2.801416e+01
      vertex   3.670176e+01 -1.387223e+02 2.801416e+01
    endloop
  endfacet
  facet normal -4.274964e-15 -1.225657e-14 -1.000000e+00
    outer loop
      vertex   3.670176e+01 -1.387223e+02 2.801416e+01
      vertex   3.908824e+01 -1.360763e+02 2.801416e+01
      vertex   3.962440e+01 -1.371329e+02 2.801416e+01
    endloop
  endfacet
  facet normal -7.086520e-15 -7.086520e-15 -1.000000e+00
    outer loop
      vertex   3.670176e+01 -1.387223e+02 2.801416e+01
      vertex   3.962440e+01 -1.371329e+02 2.801416e+01
      vertex   3.701845e+01 -1.390389e+02 2.801416e+01
    endloop
  endfacet
  facet normal -8.406348e-15 -5.282059e-15 -1.000000e+00
    outer loop
      vertex   3.701845e+01 -1.390389e+02 2.801416e+01
      vertex   3.962440e+01 -1.371329e+02 2.801416e+01
      vertex   3.725672e+01 -1.394182e+02 2.801416e+01
    endloop
  endfacet
  facet normal -1.009509e-14 -3.532424e-15 -1.000000e+00
    outer loop
      vertex   3.725672e+01 -1.394182e+02 2.801416e+01
      vertex   3.962440e+01 -1.371329e+02 2.801416e+01
      vertex   3.740464e+01 -1.398409e+02 2.801416e+01
    endloop
  endfacet
  facet normal 4.459921e-15 -1.546324e-14 -1.000000e+00
    outer loop
      vertex   3.740464e+01 -1.398409e+02 2.801416e+01
      vertex   3.962440e+01 -1.371329e+02 2.801416e+01
      vertex   3.745478e+01 -1.402859e+02 2.801416e+01
    endloop
  endfacet
  facet normal -6.342208e-15 -8.030265e-15 -1.000000e+00
    outer loop
      vertex   3.745478e+01 -1.402859e+02 2.801416e+01
      vertex   3.962440e+01 -1.371329e+02 2.801416e+01
      vertex   4.302978e+01 -1.411497e+02 2.801416e+01
    endloop
  endfacet
  facet normal -6.279472e-15 -7.625337e-15 -1.000000e+00
    outer loop
      vertex   3.745478e+01 -1.402859e+02 2.801416e+01
      vertex   4.302978e+01 -1.411497e+02 2.801416e+01
      vertex   3.745478e+01 -1.505359e+02 2.801416e+01
    endloop
  endfacet
  facet normal -5.946203e-15 -7.823283e-15 -1.000000e+00
    outer loop
      vertex   3.745478e+01 -1.505359e+02 2.801416e+01
      vertex   4.302978e+01 -1.411497e+02 2.801416e+01
      vertex   4.302978e+01 -1.534109e+02 2.801416e+01
    endloop
  endfacet
  facet normal 2.083872e-15 7.748079e-15 -1.000000e+00
    outer loop
      vertex   3.745478e+01 -1.505359e+02 2.801416e+01
      vertex   4.302978e+01 -1.534109e+02 2.801416e+01
      vertex   3.740464e+01 -1.509810e+02 2.801416e+01
    endloop
  endfacet
  facet normal -4.251078e-15 -6.916785e-15 -1.000000e+00
    outer loop
      vertex   3.740464e+01 -1.509810e+02 2.801416e+01
      vertex   4.302978e+01 -1.534109e+02 2.801416e+01
      vertex   3.725672e+01 -1.514037e+02 2.801416e+01
    endloop
  endfacet
  facet normal -6.861864e-15 -1.442575e-14 -1.000000e+00
    outer loop
      vertex   3.725672e+01 -1.514037e+02 2.801416e+01
      vertex   4.302978e+01 -1.534109e+02 2.801416e+01
      vertex   3.701845e+01 -1.517829e+02 2.801416e+01
    endloop
  endfacet
  facet normal -2.325270e-15 2.325270e-15 -1.000000e+00
    outer loop
      vertex   3.701845e+01 -1.517829e+02 2.801416e+01
      vertex   4.302978e+01 -1.534109e+02 2.801416e+01
      vertex   3.670176e+01 -1.520996e+02 2.801416e+01
    endloop
  endfacet
  facet normal -4.434439e-15 -7.852786e-15 -1.000000e+00
    outer loop
      vertex   3.670176e+01 -1.520996e+02 2.801416e+01
      vertex   4.302978e+01 -1.534109e+02 2.801416e+01
      vertex   3.632255e+01 -1.523379e+02 2.801416e+01
    endloop
  endfacet
  facet normal -4.817869e-15 -1.024944e-14 -1.000000e+00
    outer loop
      vertex   3.632255e+01 -1.523379e+02 2.801416e+01
      vertex   4.302978e+01 -1.534109e+02 2.801416e+01
      vertex   3.589982e+01 -1.524858e+02 2.801416e+01
    endloop
  endfacet
  facet normal -1.871180e-14 -1.173281e-13 -1.000000e+00
    outer loop
      vertex   3.589982e+01 -1.524858e+02 2.801416e+01
      vertex   4.302978e+01 -1.534109e+02 2.801416e+01
      vertex   3.545478e+01 -1.525359e+02 2.801416e+01
    endloop
  endfacet
  facet normal -5.874566e-15 -6.194270e-15 -1.000000e+00
    outer loop
      vertex   3.545478e+01 -1.525359e+02 2.801416e+01
      vertex   4.302978e+01 -1.534109e+02 2.801416e+01
      vertex   1.762978e+01 -1.534109e+02 2.801416e+01
    endloop
  endfacet
  facet normal -6.238912e-15 1.227976e-15 -1.000000e+00
    outer loop
      vertex   3.545478e+01 -1.525359e+02 2.801416e+01
      vertex   1.762978e+01 -1.534109e+02 2.801416e+01
      vertex   2.520478e+01 -1.525359e+02 2.801416e+01
    endloop
  endfacet
  facet normal 5.071573e-15 -9.668850e-14 -1.000000e+00
    outer loop
      vertex   2.520478e+01 -1.525359e+02 2.801416e+01
      vertex   1.762978e+01 -1.534109e+02 2.801416e+01
      vertex   2.475974e+01 -1.524858e+02 2.801416e+01
    endloop
  endfacet
  facet normal -5.452366e-15 -1.558197e-14 -1.000000e+00
    outer loop
      vertex   2.475974e+01 -1.524858e+02 2.801416e+01
      vertex   1.762978e+01 -1.534109e+02 2.801416e+01
      vertex   2.433702e+01 -1.523379e+02 2.801416e+01
    endloop
  endfacet
  facet normal -6.332822e-15 -1.007863e-14 -1.000000e+00
    outer loop
      vertex   2.433702e+01 -1.523379e+02 2.801416e+01
      vertex   1.762978e+01 -1.534109e+02 2.801416e+01
      vertex   2.395780e+01 -1.520996e+02 2.801416e+01
    endloop
  endfacet
  facet normal -6.975810e-15 -6.975810e-15 -1.000000e+00
    outer loop
      vertex   2.395780e+01 -1.520996e+02 2.801416e+01
      vertex   1.762978e+01 -1.534109e+02 2.801416e+01
      vertex   2.364112e+01 -1.517829e+02 2.801416e+01
    endloop
  endfacet
  facet normal -7.575847e-15 -4.760220e-15 -1.000000e+00
    outer loop
      vertex   2.364112e+01 -1.517829e+02 2.801416e+01
      vertex   1.762978e+01 -1.534109e+02 2.801416e+01
      vertex   2.340284e+01 -1.514037e+02 2.801416e+01
    endloop
  endfacet
  facet normal -8.229687e-15 -2.879692e-15 -1.000000e+00
    outer loop
      vertex   2.340284e+01 -1.514037e+02 2.801416e+01
      vertex   1.762978e+01 -1.534109e+02 2.801416e+01
      vertex   2.325493e+01 -1.509810e+02 2.801416e+01
    endloop
  endfacet
  facet normal -5.745555e-15 -8.630244e-15 -1.000000e+00
    outer loop
      vertex   2.325493e+01 -1.509810e+02 2.801416e+01
      vertex   1.762978e+01 -1.534109e+02 2.801416e+01
      vertex   2.320478e+01 -1.505359e+02 2.801416e+01
    endloop
  endfacet
  facet normal -6.311124e-15 -7.533532e-15 -1.000000e+00
    outer loop
      vertex   2.320478e+01 -1.505359e+02 2.801416e+01
      vertex   1.762978e+01 -1.534109e+02 2.801416e+01
      vertex   1.762978e+01 -1.411497e+02 2.801416e+01
    endloop
  endfacet
  facet normal -7.049247e-15 -7.971943e-15 -1.000000e+00
    outer loop
      vertex   2.320478e+01 -1.505359e+02 2.801416e+01
      vertex   1.762978e+01 -1.411497e+02 2.801416e+01
      vertex   2.320478e+01 -1.402859e+02 2.801416e+01
    endloop
  endfacet
  facet normal -7.012994e-15 -8.205938e-15 -1.000000e+00
    outer loop
      vertex   2.320478e+01 -1.402859e+02 2.801416e+01
      vertex   1.762978e+01 -1.411497e+02 2.801416e+01
      vertex   2.103517e+01 -1.371329e+02 2.801416e+01
    endloop
  endfacet
  facet normal -5.747674e-15 -7.335268e-15 -1.000000e+00
    outer loop
      vertex   2.320478e+01 -1.402859e+02 2.801416e+01
      vertex   2.103517e+01 -1.371329e+02 2.801416e+01
      vertex   2.325493e+01 -1.398409e+02 2.801416e+01
    endloop
  endfacet
  facet normal -4.942144e-15 -6.674971e-15 -1.000000e+00
    outer loop
      vertex   2.325493e+01 -1.398409e+02 2.801416e+01
      vertex   2.103517e+01 -1.371329e+02 2.801416e+01
      vertex   2.340284e+01 -1.394182e+02 2.801416e+01
    endloop
  endfacet
  facet normal -4.694815e-15 -6.418723e-15 -1.000000e+00
    outer loop
      vertex   2.340284e+01 -1.394182e+02 2.801416e+01
      vertex   2.103517e+01 -1.371329e+02 2.801416e+01
      vertex   2.364112e+01 -1.390389e+02 2.801416e+01
    endloop
  endfacet
  facet normal 0.000000e+00 0.000000e+00 -1.000000e+00
    outer loop
      vertex   2.364112e+01 -1.390389e+02 2.801416e+01
      vertex   2.103517e+01 -1.371329e+02 2.801416e+01
      vertex   2.395780e+01 -1.387223e+02 2.801416e+01
    endloop
  endfacet
  facet normal -4.299228e-15 -7.905673e-15 -1.000000e+00
    outer loop
      vertex   2.395780e+01 -1.387223e+02 2.801416e+01
      vertex   2.103517e+01 -1.371329e+02 2.801416e+01
      vertex   2.157133e+01 -1.360763e+02 2.801416e+01
    endloop
  endfacet
  facet normal -5.911312e-15 -9.359659e-15 -1.000000e+00
    outer loop
      vertex   2.395780e+01 -1.387223e+02 2.801416e+01
      vertex   2.157133e+01 -1.360763e+02 2.801416e+01
      vertex   2.370891e+01 -1.359080e+02 2.801416e+01
    endloop
  endfacet
  facet normal -6.221453e-15 -5.419903e-15 -1.000000e+00
    outer loop
      vertex   2.370891e+01 -1.359080e+02 2.801416e+01
      vertex   2.157133e+01 -1.360763e+02 2.801416e+01
      vertex   2.183701e+01 -1.350703e+02 2.801416e+01
    endloop
  endfacet
  facet normal -8.982679e-15 -1.158974e-14 -1.000000e+00
    outer loop
      vertex   2.370891e+01 -1.359080e+02 2.801416e+01
      vertex   2.183701e+01 -1.350703e+02 2.801416e+01
      vertex   2.197911e+01 -1.342608e+02 2.801416e+01
    endloop
  endfacet
  facet normal -6.019812e-15 -9.580476e-15 -1.000000e+00
    outer loop
      vertex   3.670176e+01 -1.387223e+02 2.801416e+01
      vertex   3.632255e+01 -1.384840e+02 2.801416e+01
      vertex   3.694891e+01 -1.359109e+02 2.801416e+01
    endloop
  endfacet
  facet normal -3.561731e-15 -1.017884e-14 -1.000000e+00
    outer loop
      vertex   3.694891e+01 -1.359109e+02 2.801416e+01
      vertex   3.632255e+01 -1.384840e+02 2.801416e+01
      vertex   3.589982e+01 -1.383361e+02 2.801416e+01
    endloop
  endfacet
  facet normal -1.259111e-15 -1.117492e-14 -1.000000e+00
    outer loop
      vertex   3.694891e+01 -1.359109e+02 2.801416e+01
      vertex   3.589982e+01 -1.383361e+02 2.801416e+01
      vertex   3.545478e+01 -1.382859e+02 2.801416e+01
    endloop
  endfacet
  facet normal -1.281927e-14 -1.140086e-14 -1.000000e+00
    outer loop
      vertex   2.475974e+01 -1.383361e+02 2.801416e+01
      vertex   2.433702e+01 -1.384840e+02 2.801416e+01
      vertex   2.370891e+01 -1.359080e+02 2.801416e+01
    endloop
  endfacet
  facet normal -3.615206e-15 -9.156587e-15 -1.000000e+00
    outer loop
      vertex   2.370891e+01 -1.359080e+02 2.801416e+01
      vertex   2.433702e+01 -1.384840e+02 2.801416e+01
      vertex   2.395780e+01 -1.387223e+02 2.801416e+01
    endloop
  endfacet
  facet normal -2.218280e-14 -1.000000e+00 1.557342e-28
    outer loop
      vertex   2.520478e+01 -1.382859e+02 2.801416e+01
      vertex   3.545478e+01 -1.382859e+02 2.801416e+01
      vertex   2.520478e+01 -1.382859e+02 3.054440e+01
    endloop
  endfacet
  facet normal -1.940995e-14 -1.000000e+00 1.123279e-14
    outer loop
      vertex   2.520478e+01 -1.382859e+02 3.054440e+01
      vertex   3.545478e+01 -1.382859e+02 2.801416e+01
      vertex   3.545478e+01 -1.382859e+02 3.054440e+01
    endloop
  endfacet
  facet normal -1.119645e-01 -9.937122e-01 1.179100e-14
    outer loop
      vertex   3.545478e+01 -1.382859e+02 3.054440e+01
      vertex   3.545478e+01 -1.382859e+02 2.801416e+01
      vertex   3.589982e+01 -1.383361e+02 3.054440e+01
    endloop
  endfacet
  facet normal -1.119645e-01 -9.937122e-01 2.263875e-14
    outer loop
      vertex   3.589982e+01 -1.383361e+02 3.054440e+01
      vertex   3.545478e+01 -1.382859e+02 2.801416e+01
      vertex   3.589982e+01 -1.383361e+02 2.801416e+01
    endloop
  endfacet
  facet normal -3.302791e-01 -9.438833e-01 2.213238e-14
    outer loop
      vertex   3.589982e+01 -1.383361e+02 3.054440e+01
      vertex   3.589982e+01 -1.383361e+02 2.801416e+01
      vertex   3.632255e+01 -1.384840e+02 3.054440e+01
    endloop
  endfacet
  facet normal -3.302791e-01 -9.438833e-01 2.213238e-14
    outer loop
      vertex   3.632255e+01 -1.384840e+02 3.054440e+01
      vertex   3.589982e+01 -1.383361e+02 2.801416e+01
      vertex   3.632255e+01 -1.384840e+02 2.801416e+01
    endloop
  endfacet
  facet normal -5.320321e-01 -8.467242e-01 2.051621e-14
    outer loop
      vertex   3.632255e+01 -1.384840e+02 3.054440e+01
      vertex   3.632255e+01 -1.384840e+02 2.801416e+01
      vertex   3.670176e+01 -1.387223e+02 3.054440e+01
    endloop
  endfacet
  facet normal -5.320321e-01 -8.467242e-01 1.249918e-14
    outer loop
      vertex   3.670176e+01 -1.387223e+02 3.054440e+01
      vertex   3.632255e+01 -1.384840e+02 2.801416e+01
      vertex   3.670176e+01 -1.387223e+02 2.801416e+01
    endloop
  endfacet
  facet normal -7.071068e-01 -7.071068e-01 1.191418e-14
    outer loop
      vertex   3.670176e+01 -1.387223e+02 3.054440e+01
      vertex   3.670176e+01 -1.387223e+02 2.801416e+01
      vertex   3.701845e+01 -1.390389e+02 3.054440e+01
    endloop
  endfacet
  facet normal -7.071068e-01 -7.071068e-01 3.971392e-15
    outer loop
      vertex   3.701845e+01 -1.390389e+02 3.054440e+01
      vertex   3.670176e+01 -1.387223e+02 2.801416e+01
      vertex   3.701845e+01 -1.390389e+02 2.801416e+01
    endloop
  endfacet
  facet normal -8.467242e-01 -5.320321e-01 4.755539e-15
    outer loop
      vertex   3.701845e+01 -1.390389e+02 3.054440e+01
      vertex   3.701845e+01 -1.390389e+02 2.801416e+01
      vertex   3.725672e+01 -1.394182e+02 3.054440e+01
    endloop
  endfacet
  facet normal -8.467242e-01 -5.320321e-01 1.073175e-14
    outer loop
      vertex   3.725672e+01 -1.394182e+02 3.054440e+01
      vertex   3.701845e+01 -1.390389e+02 2.801416e+01
      vertex   3.725672e+01 -1.394182e+02 2.801416e+01
    endloop
  endfacet
  facet normal -9.438833e-01 -3.302791e-01 9.011180e-15
    outer loop
      vertex   3.725672e+01 -1.394182e+02 3.054440e+01
      vertex   3.725672e+01 -1.394182e+02 2.801416e+01
      vertex   3.740464e+01 -1.398409e+02 3.054440e+01
    endloop
  endfacet
  facet normal -9.438833e-01 -3.302791e-01 6.360568e-15
    outer loop
      vertex   3.740464e+01 -1.398409e+02 3.054440e+01
      vertex   3.725672e+01 -1.394182e+02 2.801416e+01
      vertex   3.740464e+01 -1.398409e+02 2.801416e+01
    endloop
  endfacet
  facet normal -9.937122e-01 -1.119645e-01 4.048215e-15
    outer loop
      vertex   3.740464e+01 -1.398409e+02 3.054440e+01
      vertex   3.740464e+01 -1.398409e+02 2.801416e+01
      vertex   3.745478e+01 -1.402859e+02 3.054440e+01
    endloop
  endfacet
  facet normal -9.937122e-01 -1.119645e-01 6.838756e-15
    outer loop
      vertex   3.745478e+01 -1.402859e+02 3.054440e+01
      vertex   3.740464e+01 -1.398409e+02 2.801416e+01
      vertex   3.745478e+01 -1.402859e+02 2.801416e+01
    endloop
  endfacet
  facet normal -1.000000e+00 2.148959e-14 5.616397e-15
    outer loop
      vertex   3.745478e+01 -1.402859e+02 2.801416e+01
      vertex   3.745478e+01 -1.505359e+02 2.801416e+01
      vertex   3.745478e+01 -1.402859e+02 3.054440e+01
    endloop
  endfacet
  facet normal -1.000000e+00 2.218280e-14 2.808198e-15
    outer loop
      vertex   3.745478e+01 -1.402859e+02 3.054440e+01
      vertex   3.745478e+01 -1.505359e+02 2.801416e+01
      vertex   3.745478e+01 -1.505359e+02 3.054440e+01
    endloop
  endfacet
  facet normal -9.937122e-01 1.119645e-01 2.790541e-15
    outer loop
      vertex   3.745478e+01 -1.505359e+02 3.054440e+01
      vertex   3.745478e+01 -1.505359e+02 2.801416e+01
      vertex   3.740464e+01 -1.509810e+02 3.054440e+01
    endloop
  endfacet
  facet normal -9.937122e-01 1.119645e-01 7.113949e-15
    outer loop
      vertex   3.740464e+01 -1.509810e+02 3.054440e+01
      vertex   3.745478e+01 -1.505359e+02 2.801416e+01
      vertex   3.740464e+01 -1.509810e+02 2.801416e+01
    endloop
  endfacet
  facet normal -9.438833e-01 3.302791e-01 4.241878e-15
    outer loop
      vertex   3.740464e+01 -1.509810e+02 3.054440e+01
      vertex   3.740464e+01 -1.509810e+02 2.801416e+01
      vertex   3.725672e+01 -1.514037e+02 3.054440e+01
    endloop
  endfacet
  facet normal -9.438833e-01 3.302791e-01 4.241878e-15
    outer loop
      vertex   3.725672e+01 -1.514037e+02 3.054440e+01
      vertex   3.740464e+01 -1.509810e+02 2.801416e+01
      vertex   3.725672e+01 -1.514037e+02 2.801416e+01
    endloop
  endfacet
  facet normal -8.467242e-01 5.320321e-01 1.157102e-15
    outer loop
      vertex   3.725672e+01 -1.514037e+02 3.054440e+01
      vertex   3.725672e+01 -1.514037e+02 2.801416e+01
      vertex   3.701845e+01 -1.517829e+02 3.054440e+01
    endloop
  endfacet
  facet normal -8.467242e-01 5.320321e-01 -4.819104e-15
    outer loop
      vertex   3.701845e+01 -1.517829e+02 3.054440e+01
      vertex   3.725672e+01 -1.514037e+02 2.801416e+01
      vertex   3.701845e+01 -1.517829e+02 2.801416e+01
    endloop
  endfacet
  facet normal -7.071068e-01 7.071068e-01 -9.928481e-15
    outer loop
      vertex   3.701845e+01 -1.517829e+02 3.054440e+01
      vertex   3.701845e+01 -1.517829e+02 2.801416e+01
      vertex   3.670176e+01 -1.520996e+02 3.054440e+01
    endloop
  endfacet
  facet normal -7.071068e-01 7.071068e-01 -8.910616e-28
    outer loop
      vertex   3.670176e+01 -1.520996e+02 3.054440e+01
      vertex   3.701845e+01 -1.517829e+02 2.801416e+01
      vertex   3.670176e+01 -1.520996e+02 2.801416e+01
    endloop
  endfacet
  facet normal -5.320321e-01 8.467242e-01 -3.534872e-15
    outer loop
      vertex   3.670176e+01 -1.520996e+02 3.054440e+01
      vertex   3.670176e+01 -1.520996e+02 2.801416e+01
      vertex   3.632255e+01 -1.523379e+02 3.054440e+01
    endloop
  endfacet
  facet normal -5.320321e-01 8.467242e-01 -5.028923e-15
    outer loop
      vertex   3.632255e+01 -1.523379e+02 3.054440e+01
      vertex   3.670176e+01 -1.520996e+02 2.801416e+01
      vertex   3.632255e+01 -1.523379e+02 2.801416e+01
    endloop
  endfacet
  facet normal -3.302791e-01 9.438833e-01 -7.819979e-15
    outer loop
      vertex   3.632255e+01 -1.523379e+02 3.054440e+01
      vertex   3.632255e+01 -1.523379e+02 2.801416e+01
      vertex   3.589982e+01 -1.524858e+02 3.054440e+01
    endloop
  endfacet
  facet normal -3.302791e-01 9.438833e-01 -1.934992e-14
    outer loop
      vertex   3.589982e+01 -1.524858e+02 3.054440e+01
      vertex   3.632255e+01 -1.523379e+02 2.801416e+01
      vertex   3.589982e+01 -1.524858e+02 2.801416e+01
    endloop
  endfacet
  facet normal -1.119645e-01 9.937122e-01 -2.169549e-14
    outer loop
      vertex   3.589982e+01 -1.524858e+02 3.054440e+01
      vertex   3.589982e+01 -1.524858e+02 2.801416e+01
      vertex   3.545478e+01 -1.525359e+02 3.054440e+01
    endloop
  endfacet
  facet normal -1.119645e-01 9.937122e-01 6.288369e-16
    outer loop
      vertex   3.545478e+01 -1.525359e+02 3.054440e+01
      vertex   3.589982e+01 -1.524858e+02 2.801416e+01
      vertex   3.545478e+01 -1.525359e+02 2.801416e+01
    endloop
  endfacet
  facet normal 1.000000e+00 -2.190332e-04 -3.612144e-11
    outer loop
      vertex   2.370891e+01 -1.359080e+02 2.801416e+01
      vertex   2.370989e+01 -1.314080e+02 2.801416e+01
      vertex   2.370891e+01 -1.359080e+02 2.981416e+01
    endloop
  endfacet
  facet normal 1.000000e+00 -2.190332e-04 -3.612144e-11
    outer loop
      vertex   2.370891e+01 -1.359080e+02 2.981416e+01
      vertex   2.370989e+01 -1.314080e+02 2.801416e+01
      vertex   2.370989e+01 -1.314080e+02 2.981416e+01
    endloop
  endfacet
  facet normal -2.190332e-04 -1.000000e+00 -9.552679e-13
    outer loop
      vertex   3.694989e+01 -1.314109e+02 2.801416e+01
      vertex   3.694989e+01 -1.314109e+02 2.981416e+01
      vertex   2.370989e+01 -1.314080e+02 2.801416e+01
    endloop
  endfacet
  facet normal -2.190332e-04 -1.000000e+00 -9.710582e-13
    outer loop
      vertex   2.370989e+01 -1.314080e+02 2.801416e+01
      vertex   3.694989e+01 -1.314109e+02 2.981416e+01
      vertex   2.370989e+01 -1.314080e+02 2.981416e+01
    endloop
  endfacet
  facet normal -7.071068e-01 -7.071068e-01 3.698610e-15
    outer loop
      vertex   2.420478e+01 -1.552109e+02 2.696625e+00
      vertex   2.420478e+01 -1.552109e+02 3.054440e+01
      vertex   2.320478e+01 -1.542109e+02 2.696625e+00
    endloop
  endfacet
  facet normal -7.071068e-01 -7.071068e-01 4.420290e-15
    outer loop
      vertex   2.320478e+01 -1.542109e+02 2.696625e+00
      vertex   2.420478e+01 -1.552109e+02 3.054440e+01
      vertex   2.320478e+01 -1.542109e+02 3.054440e+01
    endloop
  endfacet
  facet normal -4.374174e-15 3.268050e-13 1.000000e+00
    outer loop
      vertex   2.325493e+01 -1.509810e+02 3.054440e+01
      vertex   2.320478e+01 -1.505359e+02 3.054440e+01
      vertex   9.315360e+00 -1.504609e+02 3.054440e+01
    endloop
  endfacet
  facet normal -6.138853e-15 1.290844e-28 1.000000e+00
    outer loop
      vertex   9.315360e+00 -1.504609e+02 3.054440e+01
      vertex   2.320478e+01 -1.505359e+02 3.054440e+01
      vertex   2.320478e+01 -1.402859e+02 3.054440e+01
    endloop
  endfacet
  facet normal -9.266424e-15 4.269302e-15 1.000000e+00
    outer loop
      vertex   9.315360e+00 -1.504609e+02 3.054440e+01
      vertex   2.320478e+01 -1.402859e+02 3.054440e+01
      vertex   1.843754e+01 -1.356544e+02 3.054440e+01
    endloop
  endfacet
  facet normal -1.239378e-13 -1.137616e-13 1.000000e+00
    outer loop
      vertex   1.843754e+01 -1.356544e+02 3.054440e+01
      vertex   2.320478e+01 -1.402859e+02 3.054440e+01
      vertex   2.325493e+01 -1.398409e+02 3.054440e+01
    endloop
  endfacet
  facet normal -1.922735e-14 6.727940e-15 1.000000e+00
    outer loop
      vertex   1.843754e+01 -1.356544e+02 3.054440e+01
      vertex   2.325493e+01 -1.398409e+02 3.054440e+01
      vertex   2.340284e+01 -1.394182e+02 3.054440e+01
    endloop
  endfacet
  facet normal -6.857721e-15 2.304633e-14 1.000000e+00
    outer loop
      vertex   2.340284e+01 -1.394182e+02 3.054440e+01
      vertex   2.364112e+01 -1.390389e+02 3.054440e+01
      vertex   1.843754e+01 -1.356544e+02 3.054440e+01
    endloop
  endfacet
  facet normal -1.334643e-14 1.307034e-14 1.000000e+00
    outer loop
      vertex   1.843754e+01 -1.356544e+02 3.054440e+01
      vertex   2.364112e+01 -1.390389e+02 3.054440e+01
      vertex   1.872403e+01 -1.350900e+02 3.054440e+01
    endloop
  endfacet
  facet normal -1.322346e-14 1.322346e-14 1.000000e+00
    outer loop
      vertex   1.872403e+01 -1.350900e+02 3.054440e+01
      vertex   2.364112e+01 -1.390389e+02 3.054440e+01
      vertex   2.395780e+01 -1.387223e+02 3.054440e+01
    endloop
  endfacet
  facet normal -1.892896e-14 5.002296e-15 1.000000e+00
    outer loop
      vertex   1.872403e+01 -1.350900e+02 3.054440e+01
      vertex   2.395780e+01 -1.387223e+02 3.054440e+01
      vertex   1.889653e+01 -1.344373e+02 3.054440e+01
    endloop
  endfacet
  facet normal -4.490377e-15 2.205655e-14 1.000000e+00
    outer loop
      vertex   1.889653e+01 -1.344373e+02 3.054440e+01
      vertex   2.395780e+01 -1.387223e+02 3.054440e+01
      vertex   2.433702e+01 -1.384840e+02 3.054440e+01
    endloop
  endfacet
  facet normal -1.848109e-14 3.247237e-15 1.000000e+00
    outer loop
      vertex   1.889653e+01 -1.344373e+02 3.054440e+01
      vertex   2.433702e+01 -1.384840e+02 3.054440e+01
      vertex   1.897792e+01 -1.339740e+02 3.054440e+01
    endloop
  endfacet
  facet normal -6.230163e-15 1.780478e-14 1.000000e+00
    outer loop
      vertex   1.897792e+01 -1.339740e+02 3.054440e+01
      vertex   2.433702e+01 -1.384840e+02 3.054440e+01
      vertex   2.475974e+01 -1.383361e+02 3.054440e+01
    endloop
  endfacet
  facet normal -1.575312e-14 5.182235e-15 1.000000e+00
    outer loop
      vertex   1.897792e+01 -1.339740e+02 3.054440e+01
      vertex   2.475974e+01 -1.383361e+02 3.054440e+01
      vertex   1.896117e+01 -1.333394e+02 3.054440e+01
    endloop
  endfacet
  facet normal 1.176781e-13 1.600275e-13 1.000000e+00
    outer loop
      vertex   1.896117e+01 -1.333394e+02 3.054440e+01
      vertex   2.475974e+01 -1.383361e+02 3.054440e+01
      vertex   2.520478e+01 -1.382859e+02 3.054440e+01
    endloop
  endfacet
  facet normal 6.238912e-15 1.936648e-14 1.000000e+00
    outer loop
      vertex   1.896117e+01 -1.333394e+02 3.054440e+01
      vertex   2.520478e+01 -1.382859e+02 3.054440e+01
      vertex   3.545478e+01 -1.382859e+02 3.054440e+01
    endloop
  endfacet
  facet normal -1.113977e-13 1.449180e-13 1.000000e+00
    outer loop
      vertex   3.589982e+01 -1.383361e+02 3.054440e+01
      vertex   4.169840e+01 -1.333394e+02 3.054440e+01
      vertex   3.545478e+01 -1.382859e+02 3.054440e+01
    endloop
  endfacet
  facet normal 1.899284e-15 1.912026e-15 1.000000e+00
    outer loop
      vertex   3.545478e+01 -1.382859e+02 3.054440e+01
      vertex   4.169840e+01 -1.333394e+02 3.054440e+01
      vertex   1.501159e+01 -1.216952e+02 3.054440e+01
    endloop
  endfacet
  facet normal 4.795839e-16 1.626686e-16 1.000000e+00
    outer loop
      vertex   3.545478e+01 -1.382859e+02 3.054440e+01
      vertex   1.501159e+01 -1.216952e+02 3.054440e+01
      vertex   1.896117e+01 -1.333394e+02 3.054440e+01
    endloop
  endfacet
  facet normal 1.872905e-14 -6.092476e-15 1.000000e+00
    outer loop
      vertex   4.169840e+01 -1.333394e+02 3.054440e+01
      vertex   3.589982e+01 -1.383361e+02 3.054440e+01
      vertex   4.168165e+01 -1.339740e+02 3.054440e+01
    endloop
  endfacet
  facet normal 4.477930e-15 1.279719e-14 1.000000e+00
    outer loop
      vertex   4.168165e+01 -1.339740e+02 3.054440e+01
      vertex   3.589982e+01 -1.383361e+02 3.054440e+01
      vertex   3.632255e+01 -1.384840e+02 3.054440e+01
    endloop
  endfacet
  facet normal 1.328329e-14 2.333952e-15 1.000000e+00
    outer loop
      vertex   4.168165e+01 -1.339740e+02 3.054440e+01
      vertex   3.632255e+01 -1.384840e+02 3.054440e+01
      vertex   4.176304e+01 -1.344373e+02 3.054440e+01
    endloop
  endfacet
  facet normal 1.195623e-14 4.118070e-15 1.000000e+00
    outer loop
      vertex   4.176304e+01 -1.344373e+02 3.054440e+01
      vertex   3.632255e+01 -1.384840e+02 3.054440e+01
      vertex   3.670176e+01 -1.387223e+02 3.054440e+01
    endloop
  endfacet
  facet normal 1.261931e-14 3.334864e-15 1.000000e+00
    outer loop
      vertex   4.176304e+01 -1.344373e+02 3.054440e+01
      vertex   3.670176e+01 -1.387223e+02 3.054440e+01
      vertex   4.193554e+01 -1.350900e+02 3.054440e+01
    endloop
  endfacet
  facet normal 8.815639e-15 8.815639e-15 1.000000e+00
    outer loop
      vertex   4.193554e+01 -1.350900e+02 3.054440e+01
      vertex   3.670176e+01 -1.387223e+02 3.054440e+01
      vertex   3.701845e+01 -1.390389e+02 3.054440e+01
    endloop
  endfacet
  facet normal 1.488338e-14 1.260273e-15 1.000000e+00
    outer loop
      vertex   4.193554e+01 -1.350900e+02 3.054440e+01
      vertex   3.701845e+01 -1.390389e+02 3.054440e+01
      vertex   4.222203e+01 -1.356544e+02 3.054440e+01
    endloop
  endfacet
  facet normal 1.547305e-14 3.536917e-16 1.000000e+00
    outer loop
      vertex   4.222203e+01 -1.356544e+02 3.054440e+01
      vertex   3.701845e+01 -1.390389e+02 3.054440e+01
      vertex   3.725672e+01 -1.394182e+02 3.054440e+01
    endloop
  endfacet
  facet normal 1.244122e-14 4.353373e-15 1.000000e+00
    outer loop
      vertex   4.222203e+01 -1.356544e+02 3.054440e+01
      vertex   3.725672e+01 -1.394182e+02 3.054440e+01
      vertex   3.740464e+01 -1.398409e+02 3.054440e+01
    endloop
  endfacet
  facet normal 1.158773e-13 -1.146698e-13 1.000000e+00
    outer loop
      vertex   3.740464e+01 -1.398409e+02 3.054440e+01
      vertex   3.745478e+01 -1.402859e+02 3.054440e+01
      vertex   4.222203e+01 -1.356544e+02 3.054440e+01
    endloop
  endfacet
  facet normal 4.838733e-15 -3.780907e-16 1.000000e+00
    outer loop
      vertex   4.222203e+01 -1.356544e+02 3.054440e+01
      vertex   3.745478e+01 -1.402859e+02 3.054440e+01
      vertex   5.134421e+01 -1.504609e+02 3.054440e+01
    endloop
  endfacet
  facet normal 1.864233e-15 -2.210651e-15 1.000000e+00
    outer loop
      vertex   4.222203e+01 -1.356544e+02 3.054440e+01
      vertex   5.134421e+01 -1.504609e+02 3.054440e+01
      vertex   5.141285e+01 -1.504030e+02 3.054440e+01
    endloop
  endfacet
  facet normal 5.369625e-15 3.466062e-16 1.000000e+00
    outer loop
      vertex   3.745478e+01 -1.402859e+02 3.054440e+01
      vertex   3.745478e+01 -1.505359e+02 3.054440e+01
      vertex   5.134421e+01 -1.504609e+02 3.054440e+01
    endloop
  endfacet
  facet normal 3.778879e-15 2.949406e-13 1.000000e+00
    outer loop
      vertex   5.134421e+01 -1.504609e+02 3.054440e+01
      vertex   3.745478e+01 -1.505359e+02 3.054440e+01
      vertex   3.740464e+01 -1.509810e+02 3.054440e+01
    endloop
  endfacet
  facet normal 1.735733e-14 -6.902585e-14 1.000000e+00
    outer loop
      vertex   5.134421e+01 -1.504609e+02 3.054440e+01
      vertex   3.740464e+01 -1.509810e+02 3.054440e+01
      vertex   3.745478e+01 -1.542109e+02 3.054440e+01
    endloop
  endfacet
  facet normal 1.896217e-13 -6.635149e-14 1.000000e+00
    outer loop
      vertex   3.745478e+01 -1.542109e+02 3.054440e+01
      vertex   3.740464e+01 -1.509810e+02 3.054440e+01
      vertex   3.725672e+01 -1.514037e+02 3.054440e+01
    endloop
  endfacet
  facet normal 1.408900e-13 -6.978972e-14 1.000000e+00
    outer loop
      vertex   3.745478e+01 -1.542109e+02 3.054440e+01
      vertex   3.725672e+01 -1.514037e+02 3.054440e+01
      vertex   3.701845e+01 -1.517829e+02 3.054440e+01
    endloop
  endfacet
  facet normal 8.062066e-14 -8.062066e-14 1.000000e+00
    outer loop
      vertex   3.701845e+01 -1.517829e+02 3.054440e+01
      vertex   3.670176e+01 -1.520996e+02 3.054440e+01
      vertex   3.745478e+01 -1.542109e+02 3.054440e+01
    endloop
  endfacet
  facet normal 6.379635e-14 -8.662115e-14 1.000000e+00
    outer loop
      vertex   3.745478e+01 -1.542109e+02 3.054440e+01
      vertex   3.670176e+01 -1.520996e+02 3.054440e+01
      vertex   3.632255e+01 -1.523379e+02 3.054440e+01
    endloop
  endfacet
  facet normal 3.615638e-14 -1.033290e-13 1.000000e+00
    outer loop
      vertex   3.745478e+01 -1.542109e+02 3.054440e+01
      vertex   3.632255e+01 -1.523379e+02 3.054440e+01
      vertex   3.589982e+01 -1.524858e+02 3.054440e+01
    endloop
  endfacet
  facet normal 7.335382e-14 -6.980111e-14 1.000000e+00
    outer loop
      vertex   3.745478e+01 -1.542109e+02 3.054440e+01
      vertex   3.589982e+01 -1.524858e+02 3.054440e+01
      vertex   3.645478e+01 -1.552109e+02 3.054440e+01
    endloop
  endfacet
  facet normal -2.794075e-13 -1.416387e-13 1.000000e+00
    outer loop
      vertex   3.645478e+01 -1.552109e+02 3.054440e+01
      vertex   3.589982e+01 -1.524858e+02 3.054440e+01
      vertex   3.545478e+01 -1.525359e+02 3.054440e+01
    endloop
  endfacet
  facet normal 5.545699e-15 -3.511412e-14 1.000000e+00
    outer loop
      vertex   3.645478e+01 -1.552109e+02 3.054440e+01
      vertex   3.545478e+01 -1.525359e+02 3.054440e+01
      vertex   2.520478e+01 -1.525359e+02 3.054440e+01
    endloop
  endfacet
  facet normal 5.510331e-15 -3.526287e-14 1.000000e+00
    outer loop
      vertex   3.645478e+01 -1.552109e+02 3.054440e+01
      vertex   2.520478e+01 -1.525359e+02 3.054440e+01
      vertex   2.420478e+01 -1.552109e+02 3.054440e+01
    endloop
  endfacet
  facet normal 3.181394e-13 -1.521336e-13 1.000000e+00
    outer loop
      vertex   2.420478e+01 -1.552109e+02 3.054440e+01
      vertex   2.520478e+01 -1.525359e+02 3.054440e+01
      vertex   2.475974e+01 -1.524858e+02 3.054440e+01
    endloop
  endfacet
  facet normal -6.961678e-14 -7.316949e-14 1.000000e+00
    outer loop
      vertex   2.420478e+01 -1.552109e+02 3.054440e+01
      vertex   2.475974e+01 -1.524858e+02 3.054440e+01
      vertex   2.320478e+01 -1.542109e+02 3.054440e+01
    endloop
  endfacet
  facet normal -3.615638e-14 -1.033290e-13 1.000000e+00
    outer loop
      vertex   2.320478e+01 -1.542109e+02 3.054440e+01
      vertex   2.475974e+01 -1.524858e+02 3.054440e+01
      vertex   2.433702e+01 -1.523379e+02 3.054440e+01
    endloop
  endfacet
  facet normal -4.342703e-14 -9.893403e-14 1.000000e+00
    outer loop
      vertex   2.320478e+01 -1.542109e+02 3.054440e+01
      vertex   2.433702e+01 -1.523379e+02 3.054440e+01
      vertex   2.395780e+01 -1.520996e+02 3.054440e+01
    endloop
  endfacet
  facet normal -8.434161e-14 -8.434161e-14 1.000000e+00
    outer loop
      vertex   2.395780e+01 -1.520996e+02 3.054440e+01
      vertex   2.364112e+01 -1.517829e+02 3.054440e+01
      vertex   2.320478e+01 -1.542109e+02 3.054440e+01
    endloop
  endfacet
  facet normal -1.115399e-13 -7.945384e-14 1.000000e+00
    outer loop
      vertex   2.320478e+01 -1.542109e+02 3.054440e+01
      vertex   2.364112e+01 -1.517829e+02 3.054440e+01
      vertex   2.340284e+01 -1.514037e+02 3.054440e+01
    endloop
  endfacet
  facet normal -2.076809e-13 -7.267068e-14 1.000000e+00
    outer loop
      vertex   2.320478e+01 -1.542109e+02 3.054440e+01
      vertex   2.340284e+01 -1.514037e+02 3.054440e+01
      vertex   2.325493e+01 -1.509810e+02 3.054440e+01
    endloop
  endfacet
  facet normal -1.938643e-14 -7.559390e-14 1.000000e+00
    outer loop
      vertex   2.320478e+01 -1.542109e+02 3.054440e+01
      vertex   2.325493e+01 -1.509810e+02 3.054440e+01
      vertex   9.315360e+00 -1.504609e+02 3.054440e+01
    endloop
  endfacet
  facet normal 6.025482e-29 -4.736952e-15 1.000000e+00
    outer loop
      vertex   3.745478e+01 -1.542109e+02 3.054440e+01
      vertex   5.532984e+01 -1.542109e+02 3.054440e+01
      vertex   5.134421e+01 -1.504609e+02 3.054440e+01
    endloop
  endfacet
  facet normal 2.835460e-05 3.013626e-05 1.000000e+00
    outer loop
      vertex   5.134421e+01 -1.504609e+02 3.054440e+01
      vertex   5.532984e+01 -1.542109e+02 3.054440e+01
      vertex   5.146193e+01 -1.504609e+02 3.054440e+01
    endloop
  endfacet
  facet normal -1.092579e-06 -2.367502e-07 1.000000e+00
    outer loop
      vertex   5.146193e+01 -1.504609e+02 3.054440e+01
      vertex   5.532984e+01 -1.542109e+02 3.054440e+01
      vertex   5.442745e+01 -1.500465e+02 3.054440e+01
    endloop
  endfacet
  facet normal 6.198059e-06 -5.240765e-05 1.000000e+00
    outer loop
      vertex   5.146193e+01 -1.504609e+02 3.054440e+01
      vertex   5.442745e+01 -1.500465e+02 3.054440e+01
      vertex   5.141285e+01 -1.504030e+02 3.054440e+01
    endloop
  endfacet
  facet normal 5.859517e-15 2.790628e-16 1.000000e+00
    outer loop
      vertex   5.141285e+01 -1.504030e+02 3.054440e+01
      vertex   5.442745e+01 -1.500465e+02 3.054440e+01
      vertex   4.222203e+01 -1.356544e+02 3.054440e+01
    endloop
  endfacet
  facet normal 1.855422e-15 1.811502e-15 1.000000e+00
    outer loop
      vertex   4.169840e+01 -1.333394e+02 3.054440e+01
      vertex   4.564798e+01 -1.216952e+02 3.054440e+01
      vertex   1.501159e+01 -1.216952e+02 3.054440e+01
    endloop
  endfacet
  facet normal 1.855422e-15 8.234542e-17 1.000000e+00
    outer loop
      vertex   1.501159e+01 -1.216952e+02 3.054440e+01
      vertex   4.564798e+01 -1.216952e+02 3.054440e+01
      vertex   1.496255e+01 -1.205901e+02 3.054440e+01
    endloop
  endfacet
  facet normal -1.223532e-13 -5.430152e-15 1.000000e+00
    outer loop
      vertex   1.501159e+01 -1.216952e+02 3.054440e+01
      vertex   1.496255e+01 -1.205901e+02 3.054440e+01
      vertex   1.492990e+01 -1.211631e+02 3.054440e+01
    endloop
  endfacet
  facet normal 0.000000e+00 0.000000e+00 1.000000e+00
    outer loop
      vertex   4.572966e+01 -1.211631e+02 3.054440e+01
      vertex   4.569702e+01 -1.205901e+02 3.054440e+01
      vertex   4.564798e+01 -1.216952e+02 3.054440e+01
    endloop
  endfacet
  facet normal 1.849500e-15 -8.208262e-17 1.000000e+00
    outer loop
      vertex   4.564798e+01 -1.216952e+02 3.054440e+01
      vertex   4.569702e+01 -1.205901e+02 3.054440e+01
      vertex   1.496255e+01 -1.205901e+02 3.054440e+01
    endloop
  endfacet
  facet normal 5.426217e-15 -9.182043e-17 1.000000e+00
    outer loop
      vertex   4.211369e+01 -1.001984e+02 3.054440e+01
      vertex   3.032978e+01 -1.001244e+02 3.054440e+01
      vertex   4.569702e+01 -1.205901e+02 3.054440e+01
    endloop
  endfacet
  facet normal 1.849500e-15 -2.777492e-15 1.000000e+00
    outer loop
      vertex   4.569702e+01 -1.205901e+02 3.054440e+01
      vertex   3.032978e+01 -1.001244e+02 3.054440e+01
      vertex   1.496255e+01 -1.205901e+02 3.054440e+01
    endloop
  endfacet
  facet normal -1.505820e-15 -2.580611e-16 1.000000e+00
    outer loop
      vertex   3.032978e+01 -1.001244e+02 3.054440e+01
      vertex   1.854587e+01 -1.001984e+02 3.054440e+01
      vertex   1.496255e+01 -1.205901e+02 3.054440e+01
    endloop
  endfacet
  facet normal -7.989569e-16 -9.474219e-16 1.000000e+00
    outer loop
      vertex   9.315360e+00 -1.504609e+02 3.054440e+01
      vertex   1.843754e+01 -1.356544e+02 3.054440e+01
      vertex   9.246711e+00 -1.504030e+02 3.054440e+01
    endloop
  endfacet
  facet normal -2.354420e-15 2.188538e-17 1.000000e+00
    outer loop
      vertex   9.246711e+00 -1.504030e+02 3.054440e+01
      vertex   1.843754e+01 -1.356544e+02 3.054440e+01
      vertex   6.232115e+00 -1.500465e+02 3.054440e+01
    endloop
  endfacet
  facet normal -6.198059e-06 -5.240765e-05 1.000000e+00
    outer loop
      vertex   9.246711e+00 -1.504030e+02 3.054440e+01
      vertex   6.232115e+00 -1.500465e+02 3.054440e+01
      vertex   9.197631e+00 -1.504609e+02 3.054440e+01
    endloop
  endfacet
  facet normal 1.092579e-06 -2.367502e-07 1.000000e+00
    outer loop
      vertex   9.197631e+00 -1.504609e+02 3.054440e+01
      vertex   6.232115e+00 -1.500465e+02 3.054440e+01
      vertex   5.329730e+00 -1.542109e+02 3.054440e+01
    endloop
  endfacet
  facet normal -2.835460e-05 3.013626e-05 1.000000e+00
    outer loop
      vertex   9.197631e+00 -1.504609e+02 3.054440e+01
      vertex   5.329730e+00 -1.542109e+02 3.054440e+01
      vertex   9.315360e+00 -1.504609e+02 3.054440e+01
    endloop
  endfacet
  facet normal 3.975052e-16 -2.317263e-15 1.000000e+00
    outer loop
      vertex   9.315360e+00 -1.504609e+02 3.054440e+01
      vertex   5.329730e+00 -1.542109e+02 3.054440e+01
      vertex   2.320478e+01 -1.542109e+02 3.054440e+01
    endloop
  endfacet
  facet normal 1.624098e-14 -1.000000e+00 -8.495044e-29
    outer loop
      vertex   2.420478e+01 -1.552109e+02 3.054440e+01
      vertex   2.420478e+01 -1.552109e+02 2.696625e+00
      vertex   3.645478e+01 -1.552109e+02 3.054440e+01
    endloop
  endfacet
  facet normal 1.624098e-14 -1.000000e+00 -9.116633e-29
    outer loop
      vertex   3.645478e+01 -1.552109e+02 3.054440e+01
      vertex   2.420478e+01 -1.552109e+02 2.696625e+00
      vertex   3.645478e+01 -1.552109e+02 2.696625e+00
    endloop
  endfacet
  facet normal 7.071068e-01 -7.071068e-01 -3.969240e-15
    outer loop
      vertex   3.645478e+01 -1.552109e+02 3.054440e+01
      vertex   3.645478e+01 -1.552109e+02 2.696625e+00
      vertex   3.745478e+01 -1.542109e+02 3.054440e+01
    endloop
  endfacet
  facet normal 7.071068e-01 -7.071068e-01 -3.788820e-15
    outer loop
      vertex   3.745478e+01 -1.542109e+02 3.054440e+01
      vertex   3.645478e+01 -1.552109e+02 2.696625e+00
      vertex   3.745478e+01 -1.542109e+02 2.696625e+00
    endloop
  endfacet
  facet normal -5.510331e-15 2.628283e-16 -1.000000e+00
    outer loop
      vertex   2.420478e+01 -1.552109e+02 2.696625e+00
      vertex   2.320478e+01 -1.542109e+02 2.696625e+00
      vertex   3.645478e+01 -1.552109e+02 2.696625e+00
    endloop
  endfacet
  facet normal -5.422563e-15 1.425760e-15 -1.000000e+00
    outer loop
      vertex   3.645478e+01 -1.552109e+02 2.696625e+00
      vertex   2.320478e+01 -1.542109e+02 2.696625e+00
      vertex   3.745478e+01 -1.542109e+02 2.696625e+00
    endloop
  endfacet
  facet normal -1.117194e-14 7.071068e-01 -7.071068e-01
    outer loop
      vertex   5.007755e+01 -1.502109e+02 2.431416e+01
      vertex   4.940296e+01 -1.502109e+02 2.431416e+01
      vertex   4.863038e+01 -1.479609e+02 2.656416e+01
    endloop
  endfacet
  facet normal -5.908768e-15 7.071068e-01 -7.071068e-01
    outer loop
      vertex   4.863038e+01 -1.479609e+02 2.656416e+01
      vertex   4.940296e+01 -1.502109e+02 2.431416e+01
      vertex   4.302978e+01 -1.509109e+02 2.361416e+01
    endloop
  endfacet
  facet normal -1.749344e-14 7.071068e-01 -7.071068e-01
    outer loop
      vertex   4.863038e+01 -1.479609e+02 2.656416e+01
      vertex   4.302978e+01 -1.509109e+02 2.361416e+01
      vertex   4.302978e+01 -1.479609e+02 2.656416e+01
    endloop
  endfacet
  facet normal -5.516707e-15 7.071068e-01 -7.071068e-01
    outer loop
      vertex   4.940296e+01 -1.502109e+02 2.431416e+01
      vertex   4.940296e+01 -1.509109e+02 2.361416e+01
      vertex   4.302978e+01 -1.509109e+02 2.361416e+01
    endloop
  endfacet
  facet normal -4.440416e-15 5.377915e-16 -1.000000e+00
    outer loop
      vertex   4.863038e+01 -1.479609e+02 2.656416e+01
      vertex   4.302978e+01 -1.479609e+02 2.656416e+01
      vertex   4.302978e+01 -1.413548e+02 2.656416e+01
    endloop
  endfacet
  facet normal -2.979184e-14 7.071068e-01 -7.071068e-01
    outer loop
      vertex   1.058202e+01 -1.502109e+02 2.431416e+01
      vertex   1.202918e+01 -1.479609e+02 2.656416e+01
      vertex   1.125660e+01 -1.502109e+02 2.431416e+01
    endloop
  endfacet
  facet normal -1.249282e-14 7.071068e-01 -7.071068e-01
    outer loop
      vertex   1.125660e+01 -1.502109e+02 2.431416e+01
      vertex   1.202918e+01 -1.479609e+02 2.656416e+01
      vertex   1.762978e+01 -1.509109e+02 2.361416e+01
    endloop
  endfacet
  facet normal -9.458469e-15 7.071068e-01 -7.071068e-01
    outer loop
      vertex   1.125660e+01 -1.502109e+02 2.431416e+01
      vertex   1.762978e+01 -1.509109e+02 2.361416e+01
      vertex   1.125660e+01 -1.509109e+02 2.361416e+01
    endloop
  endfacet
  facet normal 6.279696e-15 7.071068e-01 -7.071068e-01
    outer loop
      vertex   1.202918e+01 -1.479609e+02 2.656416e+01
      vertex   1.762978e+01 -1.479609e+02 2.656416e+01
      vertex   1.762978e+01 -1.509109e+02 2.361416e+01
    endloop
  endfacet
  facet normal -1.043098e-14 1.000000e+00 5.018882e-15
    outer loop
      vertex   1.125660e+01 -1.509109e+02 -1.456244e+00
      vertex   3.965756e+01 -1.509109e+02 6.604198e+00
      vertex   4.940296e+01 -1.509109e+02 -1.456244e+00
    endloop
  endfacet
  facet normal 2.760476e-15 1.000000e+00 2.096790e-14
    outer loop
      vertex   4.940296e+01 -1.509109e+02 -1.456244e+00
      vertex   3.965756e+01 -1.509109e+02 6.604198e+00
      vertex   3.991638e+01 -1.509109e+02 6.570124e+00
    endloop
  endfacet
  facet normal -2.017072e-15 1.000000e+00 1.532118e-14
    outer loop
      vertex   4.940296e+01 -1.509109e+02 -1.456244e+00
      vertex   3.991638e+01 -1.509109e+02 6.570124e+00
      vertex   4.017519e+01 -1.509109e+02 6.604198e+00
    endloop
  endfacet
  facet normal -8.647781e-15 1.000000e+00 6.127362e-31
    outer loop
      vertex   1.125660e+01 -1.509109e+02 2.361416e+01
      vertex   1.782978e+01 -1.509109e+02 1.156416e+01
      vertex   1.125660e+01 -1.509109e+02 -1.456244e+00
    endloop
  endfacet
  facet normal -1.166960e-14 1.000000e+00 1.525526e-15
    outer loop
      vertex   1.125660e+01 -1.509109e+02 -1.456244e+00
      vertex   1.782978e+01 -1.509109e+02 1.156416e+01
      vertex   1.974319e+01 -1.509109e+02 7.570124e+00
    endloop
  endfacet
  facet normal -8.812996e-15 1.000000e+00 -1.160253e-15
    outer loop
      vertex   1.125660e+01 -1.509109e+02 -1.456244e+00
      vertex   1.974319e+01 -1.509109e+02 7.570124e+00
      vertex   1.977726e+01 -1.509109e+02 7.311305e+00
    endloop
  endfacet
  facet normal -8.919161e-15 1.000000e+00 1.074603e-28
    outer loop
      vertex   1.762978e+01 -1.509109e+02 2.361416e+01
      vertex   1.762978e+01 -1.509109e+02 2.184492e+01
      vertex   1.125660e+01 -1.509109e+02 2.361416e+01
    endloop
  endfacet
  facet normal -8.967591e-15 1.000000e+00 -1.744539e-16
    outer loop
      vertex   1.125660e+01 -1.509109e+02 2.361416e+01
      vertex   1.762978e+01 -1.509109e+02 2.184492e+01
      vertex   1.782978e+01 -1.509109e+02 1.156416e+01
    endloop
  endfacet
  facet normal -1.421085e-13 1.000000e+00 -2.764554e-15
    outer loop
      vertex   1.762978e+01 -1.509109e+02 2.184492e+01
      vertex   1.782978e+01 -1.509109e+02 2.184492e+01
      vertex   1.782978e+01 -1.509109e+02 1.156416e+01
    endloop
  endfacet
  facet normal -5.572884e-15 1.000000e+00 1.356274e-14
    outer loop
      vertex   2.292978e+01 -1.509109e+02 1.156416e+01
      vertex   2.074319e+01 -1.509109e+02 8.570124e+00
      vertex   1.782978e+01 -1.509109e+02 1.156416e+01
    endloop
  endfacet
  facet normal -9.955841e-14 1.000000e+00 -7.789175e-14
    outer loop
      vertex   1.782978e+01 -1.509109e+02 1.156416e+01
      vertex   2.074319e+01 -1.509109e+02 8.570124e+00
      vertex   2.048437e+01 -1.509109e+02 8.536049e+00
    endloop
  endfacet
  facet normal -2.852126e-15 1.000000e+00 6.885642e-15
    outer loop
      vertex   1.782978e+01 -1.509109e+02 1.156416e+01
      vertex   2.048437e+01 -1.509109e+02 8.536049e+00
      vertex   2.024319e+01 -1.509109e+02 8.436149e+00
    endloop
  endfacet
  facet normal -1.152231e-14 1.000000e+00 -1.075074e-28
    outer loop
      vertex   2.292978e+01 -1.509109e+02 2.184492e+01
      vertex   3.772978e+01 -1.509109e+02 1.156416e+01
      vertex   2.292978e+01 -1.509109e+02 1.156416e+01
    endloop
  endfacet
  facet normal -1.152231e-14 1.000000e+00 -1.137460e-14
    outer loop
      vertex   2.292978e+01 -1.509109e+02 1.156416e+01
      vertex   3.772978e+01 -1.509109e+02 1.156416e+01
      vertex   3.895045e+01 -1.509109e+02 7.828943e+00
    endloop
  endfacet
  facet normal -6.593854e-15 1.000000e+00 9.763984e-15
    outer loop
      vertex   2.292978e+01 -1.509109e+02 1.156416e+01
      vertex   3.895045e+01 -1.509109e+02 7.828943e+00
      vertex   2.170912e+01 -1.509109e+02 7.828943e+00
    endloop
  endfacet
  facet normal -6.593854e-15 1.000000e+00 8.680973e-16
    outer loop
      vertex   2.170912e+01 -1.509109e+02 7.828943e+00
      vertex   3.895045e+01 -1.509109e+02 7.828943e+00
      vertex   3.891638e+01 -1.509109e+02 7.570124e+00
    endloop
  endfacet
  facet normal -6.620020e-15 1.000000e+00 -8.715422e-16
    outer loop
      vertex   2.170912e+01 -1.509109e+02 7.828943e+00
      vertex   3.891638e+01 -1.509109e+02 7.570124e+00
      vertex   2.174319e+01 -1.509109e+02 7.570124e+00
    endloop
  endfacet
  facet normal -6.620020e-15 1.000000e+00 8.715422e-16
    outer loop
      vertex   2.174319e+01 -1.509109e+02 7.570124e+00
      vertex   3.891638e+01 -1.509109e+02 7.570124e+00
      vertex   2.170912e+01 -1.509109e+02 7.311305e+00
    endloop
  endfacet
  facet normal -6.593854e-15 1.000000e+00 -8.680973e-16
    outer loop
      vertex   2.170912e+01 -1.509109e+02 7.311305e+00
      vertex   3.891638e+01 -1.509109e+02 7.570124e+00
      vertex   3.895045e+01 -1.509109e+02 7.311305e+00
    endloop
  endfacet
  facet normal -6.593854e-15 1.000000e+00 -1.151127e-13
    outer loop
      vertex   2.170912e+01 -1.509109e+02 7.311305e+00
      vertex   3.895045e+01 -1.509109e+02 7.311305e+00
      vertex   2.160922e+01 -1.509109e+02 7.070124e+00
    endloop
  endfacet
  facet normal -9.777475e-15 1.000000e+00 1.137940e-13
    outer loop
      vertex   2.160922e+01 -1.509109e+02 7.070124e+00
      vertex   3.895045e+01 -1.509109e+02 7.311305e+00
      vertex   3.905035e+01 -1.509109e+02 7.070124e+00
    endloop
  endfacet
  facet normal -9.777475e-15 1.000000e+00 7.502520e-15
    outer loop
      vertex   2.160922e+01 -1.509109e+02 7.070124e+00
      vertex   3.905035e+01 -1.509109e+02 7.070124e+00
      vertex   2.145030e+01 -1.509109e+02 6.863017e+00
    endloop
  endfacet
  facet normal -9.602485e-15 1.000000e+00 -7.368246e-15
    outer loop
      vertex   2.145030e+01 -1.509109e+02 6.863017e+00
      vertex   3.905035e+01 -1.509109e+02 7.070124e+00
      vertex   3.920927e+01 -1.509109e+02 6.863017e+00
    endloop
  endfacet
  facet normal -9.602485e-15 1.000000e+00 -1.251420e-14
    outer loop
      vertex   2.145030e+01 -1.509109e+02 6.863017e+00
      vertex   3.920927e+01 -1.509109e+02 6.863017e+00
      vertex   3.941638e+01 -1.509109e+02 6.704098e+00
    endloop
  endfacet
  facet normal -1.152231e-14 1.000000e+00 -6.158451e-28
    outer loop
      vertex   2.292978e+01 -1.509109e+02 2.184492e+01
      vertex   3.772978e+01 -1.509109e+02 2.184492e+01
      vertex   3.772978e+01 -1.509109e+02 1.156416e+01
    endloop
  endfacet
  facet normal -5.572884e-15 1.000000e+00 -4.069966e-15
    outer loop
      vertex   4.282978e+01 -1.509109e+02 1.156416e+01
      vertex   3.991638e+01 -1.509109e+02 8.570124e+00
      vertex   3.772978e+01 -1.509109e+02 1.156416e+01
    endloop
  endfacet
  facet normal 0.000000e+00 1.000000e+00 0.000000e+00
    outer loop
      vertex   3.772978e+01 -1.509109e+02 1.156416e+01
      vertex   3.991638e+01 -1.509109e+02 8.570124e+00
      vertex   3.965756e+01 -1.509109e+02 8.536049e+00
    endloop
  endfacet
  facet normal 0.000000e+00 1.000000e+00 0.000000e+00
    outer loop
      vertex   3.772978e+01 -1.509109e+02 1.156416e+01
      vertex   3.965756e+01 -1.509109e+02 8.536049e+00
      vertex   3.941638e+01 -1.509109e+02 8.436149e+00
    endloop
  endfacet
  facet normal -1.421085e-13 1.000000e+00 7.857335e-28
    outer loop
      vertex   4.282978e+01 -1.509109e+02 2.184492e+01
      vertex   4.302978e+01 -1.509109e+02 2.184492e+01
      vertex   4.282978e+01 -1.509109e+02 1.156416e+01
    endloop
  endfacet
  facet normal -8.195963e-15 1.000000e+00 -2.605111e-15
    outer loop
      vertex   4.282978e+01 -1.509109e+02 1.156416e+01
      vertex   4.302978e+01 -1.509109e+02 2.184492e+01
      vertex   4.940296e+01 -1.509109e+02 2.361416e+01
    endloop
  endfacet
  facet normal -1.504993e-14 1.000000e+00 1.133676e-15
    outer loop
      vertex   4.282978e+01 -1.509109e+02 1.156416e+01
      vertex   4.940296e+01 -1.509109e+02 2.361416e+01
      vertex   4.940296e+01 -1.509109e+02 -1.456244e+00
    endloop
  endfacet
  facet normal -4.459581e-15 1.000000e+00 -1.606433e-14
    outer loop
      vertex   4.302978e+01 -1.509109e+02 2.184492e+01
      vertex   4.302978e+01 -1.509109e+02 2.361416e+01
      vertex   4.940296e+01 -1.509109e+02 2.361416e+01
    endloop
  endfacet
  facet normal -4.379368e-15 1.000000e+00 5.707303e-15
    outer loop
      vertex   2.024319e+01 -1.509109e+02 8.436149e+00
      vertex   2.003608e+01 -1.509109e+02 8.277230e+00
      vertex   1.782978e+01 -1.509109e+02 1.156416e+01
    endloop
  endfacet
  facet normal -6.010787e-15 1.000000e+00 4.612239e-15
    outer loop
      vertex   1.782978e+01 -1.509109e+02 1.156416e+01
      vertex   2.003608e+01 -1.509109e+02 8.277230e+00
      vertex   1.987716e+01 -1.509109e+02 8.070124e+00
    endloop
  endfacet
  facet normal -8.132898e-15 1.000000e+00 3.368757e-15
    outer loop
      vertex   1.782978e+01 -1.509109e+02 1.156416e+01
      vertex   1.987716e+01 -1.509109e+02 8.070124e+00
      vertex   1.977726e+01 -1.509109e+02 7.828943e+00
    endloop
  endfacet
  facet normal -1.165191e-14 1.000000e+00 1.534003e-15
    outer loop
      vertex   1.977726e+01 -1.509109e+02 7.828943e+00
      vertex   1.974319e+01 -1.509109e+02 7.570124e+00
      vertex   1.782978e+01 -1.509109e+02 1.156416e+01
    endloop
  endfacet
  facet normal -7.016379e-15 1.000000e+00 -2.906279e-15
    outer loop
      vertex   1.977726e+01 -1.509109e+02 7.311305e+00
      vertex   1.987716e+01 -1.509109e+02 7.070124e+00
      vertex   1.125660e+01 -1.509109e+02 -1.456244e+00
    endloop
  endfacet
  facet normal -5.623209e-15 1.000000e+00 -4.314840e-15
    outer loop
      vertex   1.125660e+01 -1.509109e+02 -1.456244e+00
      vertex   1.987716e+01 -1.509109e+02 7.070124e+00
      vertex   2.003608e+01 -1.509109e+02 6.863017e+00
    endloop
  endfacet
  facet normal -4.345528e-15 1.000000e+00 -5.663202e-15
    outer loop
      vertex   1.125660e+01 -1.509109e+02 -1.456244e+00
      vertex   2.003608e+01 -1.509109e+02 6.863017e+00
      vertex   2.024319e+01 -1.509109e+02 6.704098e+00
    endloop
  endfacet
  facet normal -2.972216e-15 1.000000e+00 -7.175563e-15
    outer loop
      vertex   2.024319e+01 -1.509109e+02 6.704098e+00
      vertex   2.048437e+01 -1.509109e+02 6.604198e+00
      vertex   1.125660e+01 -1.509109e+02 -1.456244e+00
    endloop
  endfacet
  facet normal -1.210243e-15 1.000000e+00 -9.192708e-15
    outer loop
      vertex   1.125660e+01 -1.509109e+02 -1.456244e+00
      vertex   2.048437e+01 -1.509109e+02 6.604198e+00
      vertex   2.074319e+01 -1.509109e+02 6.570124e+00
    endloop
  endfacet
  facet normal 1.656286e-15 1.000000e+00 -1.258074e-14
    outer loop
      vertex   1.125660e+01 -1.509109e+02 -1.456244e+00
      vertex   2.074319e+01 -1.509109e+02 6.570124e+00
      vertex   2.100201e+01 -1.509109e+02 6.604198e+00
    endloop
  endfacet
  facet normal -9.140994e-15 1.000000e+00 4.736185e-16
    outer loop
      vertex   1.125660e+01 -1.509109e+02 -1.456244e+00
      vertex   2.100201e+01 -1.509109e+02 6.604198e+00
      vertex   3.965756e+01 -1.509109e+02 6.604198e+00
    endloop
  endfacet
  facet normal -9.140994e-15 1.000000e+00 2.206831e-14
    outer loop
      vertex   3.965756e+01 -1.509109e+02 6.604198e+00
      vertex   2.100201e+01 -1.509109e+02 6.604198e+00
      vertex   2.124319e+01 -1.509109e+02 6.704098e+00
    endloop
  endfacet
  facet normal -9.383619e-15 1.000000e+00 -2.265406e-14
    outer loop
      vertex   3.965756e+01 -1.509109e+02 6.604198e+00
      vertex   2.124319e+01 -1.509109e+02 6.704098e+00
      vertex   3.941638e+01 -1.509109e+02 6.704098e+00
    endloop
  endfacet
  facet normal -9.383619e-15 1.000000e+00 1.222897e-14
    outer loop
      vertex   3.941638e+01 -1.509109e+02 6.704098e+00
      vertex   2.124319e+01 -1.509109e+02 6.704098e+00
      vertex   2.145030e+01 -1.509109e+02 6.863017e+00
    endloop
  endfacet
  facet normal -1.487623e-13 1.000000e+00 5.622455e-14
    outer loop
      vertex   2.170912e+01 -1.509109e+02 7.828943e+00
      vertex   2.160922e+01 -1.509109e+02 8.070124e+00
      vertex   2.292978e+01 -1.509109e+02 1.156416e+01
    endloop
  endfacet
  facet normal 0.000000e+00 1.000000e+00 0.000000e+00
    outer loop
      vertex   2.292978e+01 -1.509109e+02 1.156416e+01
      vertex   2.160922e+01 -1.509109e+02 8.070124e+00
      vertex   2.145030e+01 -1.509109e+02 8.277230e+00
    endloop
  endfacet
  facet normal 0.000000e+00 1.000000e+00 0.000000e+00
    outer loop
      vertex   2.292978e+01 -1.509109e+02 1.156416e+01
      vertex   2.145030e+01 -1.509109e+02 8.277230e+00
      vertex   2.124319e+01 -1.509109e+02 8.436149e+00
    endloop
  endfacet
  facet normal 0.000000e+00 1.000000e+00 -0.000000e+00
    outer loop
      vertex   2.124319e+01 -1.509109e+02 8.436149e+00
      vertex   2.100201e+01 -1.509109e+02 8.536049e+00
      vertex   2.292978e+01 -1.509109e+02 1.156416e+01
    endloop
  endfacet
  facet normal 1.013210e-13 1.000000e+00 -6.450356e-14
    outer loop
      vertex   2.292978e+01 -1.509109e+02 1.156416e+01
      vertex   2.100201e+01 -1.509109e+02 8.536049e+00
      vertex   2.074319e+01 -1.509109e+02 8.570124e+00
    endloop
  endfacet
  facet normal 0.000000e+00 1.000000e+00 0.000000e+00
    outer loop
      vertex   3.941638e+01 -1.509109e+02 8.436149e+00
      vertex   3.920927e+01 -1.509109e+02 8.277230e+00
      vertex   3.772978e+01 -1.509109e+02 1.156416e+01
    endloop
  endfacet
  facet normal 0.000000e+00 1.000000e+00 0.000000e+00
    outer loop
      vertex   3.772978e+01 -1.509109e+02 1.156416e+01
      vertex   3.920927e+01 -1.509109e+02 8.277230e+00
      vertex   3.905035e+01 -1.509109e+02 8.070124e+00
    endloop
  endfacet
  facet normal -1.487623e-13 1.000000e+00 -5.622455e-14
    outer loop
      vertex   3.772978e+01 -1.509109e+02 1.156416e+01
      vertex   3.905035e+01 -1.509109e+02 8.070124e+00
      vertex   3.895045e+01 -1.509109e+02 7.828943e+00
    endloop
  endfacet
  facet normal -4.953693e-15 1.000000e+00 1.195927e-14
    outer loop
      vertex   4.017519e+01 -1.509109e+02 6.604198e+00
      vertex   4.041638e+01 -1.509109e+02 6.704098e+00
      vertex   4.940296e+01 -1.509109e+02 -1.456244e+00
    endloop
  endfacet
  facet normal -7.242546e-15 1.000000e+00 9.438670e-15
    outer loop
      vertex   4.940296e+01 -1.509109e+02 -1.456244e+00
      vertex   4.041638e+01 -1.509109e+02 6.704098e+00
      vertex   4.062348e+01 -1.509109e+02 6.863017e+00
    endloop
  endfacet
  facet normal -9.372015e-15 1.000000e+00 7.191400e-15
    outer loop
      vertex   4.940296e+01 -1.509109e+02 -1.456244e+00
      vertex   4.062348e+01 -1.509109e+02 6.863017e+00
      vertex   4.078240e+01 -1.509109e+02 7.070124e+00
    endloop
  endfacet
  facet normal -1.169396e-14 1.000000e+00 4.843799e-15
    outer loop
      vertex   4.078240e+01 -1.509109e+02 7.070124e+00
      vertex   4.088230e+01 -1.509109e+02 7.311305e+00
      vertex   4.940296e+01 -1.509109e+02 -1.456244e+00
    endloop
  endfacet
  facet normal -1.468833e-14 1.000000e+00 1.933755e-15
    outer loop
      vertex   4.940296e+01 -1.509109e+02 -1.456244e+00
      vertex   4.088230e+01 -1.509109e+02 7.311305e+00
      vertex   4.091638e+01 -1.509109e+02 7.570124e+00
    endloop
  endfacet
  facet normal -1.610675e-14 1.000000e+00 6.001582e-16
    outer loop
      vertex   4.940296e+01 -1.509109e+02 -1.456244e+00
      vertex   4.091638e+01 -1.509109e+02 7.570124e+00
      vertex   4.282978e+01 -1.509109e+02 1.156416e+01
    endloop
  endfacet
  facet normal -1.165191e-14 1.000000e+00 -1.534003e-15
    outer loop
      vertex   4.282978e+01 -1.509109e+02 1.156416e+01
      vertex   4.091638e+01 -1.509109e+02 7.570124e+00
      vertex   4.088230e+01 -1.509109e+02 7.828943e+00
    endloop
  endfacet
  facet normal -8.132898e-15 1.000000e+00 -3.368757e-15
    outer loop
      vertex   4.282978e+01 -1.509109e+02 1.156416e+01
      vertex   4.088230e+01 -1.509109e+02 7.828943e+00
      vertex   4.078240e+01 -1.509109e+02 8.070124e+00
    endloop
  endfacet
  facet normal -6.010787e-15 1.000000e+00 -4.612239e-15
    outer loop
      vertex   4.078240e+01 -1.509109e+02 8.070124e+00
      vertex   4.062348e+01 -1.509109e+02 8.277230e+00
      vertex   4.282978e+01 -1.509109e+02 1.156416e+01
    endloop
  endfacet
  facet normal -4.379368e-15 1.000000e+00 -5.707303e-15
    outer loop
      vertex   4.282978e+01 -1.509109e+02 1.156416e+01
      vertex   4.062348e+01 -1.509109e+02 8.277230e+00
      vertex   4.041638e+01 -1.509109e+02 8.436149e+00
    endloop
  endfacet
  facet normal -2.852126e-15 1.000000e+00 -6.885642e-15
    outer loop
      vertex   4.282978e+01 -1.509109e+02 1.156416e+01
      vertex   4.041638e+01 -1.509109e+02 8.436149e+00
      vertex   4.017519e+01 -1.509109e+02 8.536049e+00
    endloop
  endfacet
  facet normal -1.107827e-15 1.000000e+00 -8.414779e-15
    outer loop
      vertex   4.017519e+01 -1.509109e+02 8.536049e+00
      vertex   3.991638e+01 -1.509109e+02 8.570124e+00
      vertex   4.282978e+01 -1.509109e+02 1.156416e+01
    endloop
  endfacet
  facet normal 8.724534e-15 -1.000000e+00 -2.066385e-28
    outer loop
      vertex   4.010281e+01 -1.284109e+02 2.801416e+01
      vertex   3.032978e+01 -1.284109e+02 2.801416e+01
      vertex   4.010281e+01 -1.284109e+02 2.741416e+01
    endloop
  endfacet
  facet normal 8.724534e-15 -1.000000e+00 3.118816e-26
    outer loop
      vertex   4.010281e+01 -1.284109e+02 2.741416e+01
      vertex   3.032978e+01 -1.284109e+02 2.801416e+01
      vertex   3.032978e+01 -1.284109e+02 2.656416e+01
    endloop
  endfacet
  facet normal 8.847766e-15 -1.000000e+00 -1.416885e-15
    outer loop
      vertex   4.010281e+01 -1.284109e+02 2.741416e+01
      vertex   3.032978e+01 -1.284109e+02 2.656416e+01
      vertex   3.996669e+01 -1.284109e+02 2.656416e+01
    endloop
  endfacet
  facet normal 1.809900e-15 1.165955e-16 -1.000000e+00
    outer loop
      vertex   2.051322e+01 -1.283816e+02 2.656416e+01
      vertex   1.809036e+01 -1.212421e+02 2.656416e+01
      vertex   3.032978e+01 -1.284109e+02 2.656416e+01
    endloop
  endfacet
  facet normal 1.441702e-15 -5.120345e-16 -1.000000e+00
    outer loop
      vertex   3.032978e+01 -1.284109e+02 2.656416e+01
      vertex   1.809036e+01 -1.212421e+02 2.656416e+01
      vertex   1.934176e+01 -1.177186e+02 2.656416e+01
    endloop
  endfacet
  facet normal 1.939956e-15 8.169441e-27 -1.000000e+00
    outer loop
      vertex   3.032978e+01 -1.284109e+02 2.656416e+01
      vertex   1.934176e+01 -1.177186e+02 2.656416e+01
      vertex   3.032978e+01 -1.001244e+02 2.656416e+01
    endloop
  endfacet
  facet normal 2.698553e-15 -4.737616e-16 -1.000000e+00
    outer loop
      vertex   3.032978e+01 -1.001244e+02 2.656416e+01
      vertex   1.934176e+01 -1.177186e+02 2.656416e+01
      vertex   2.242190e+01 -1.001741e+02 2.656416e+01
    endloop
  endfacet
  facet normal 3.765552e-13 -5.177582e-16 -1.000000e+00
    outer loop
      vertex   1.808101e+01 -1.211813e+02 2.656416e+01
      vertex   1.809068e+01 -1.210111e+02 2.656416e+01
      vertex   1.809036e+01 -1.212421e+02 2.656416e+01
    endloop
  endfacet
  facet normal 0.000000e+00 0.000000e+00 -1.000000e+00
    outer loop
      vertex   1.809036e+01 -1.212421e+02 2.656416e+01
      vertex   1.809068e+01 -1.210111e+02 2.656416e+01
      vertex   1.934176e+01 -1.177186e+02 2.656416e+01
    endloop
  endfacet
  facet normal 5.100914e-15 -1.938268e-15 -1.000000e+00
    outer loop
      vertex   1.809068e+01 -1.210111e+02 2.656416e+01
      vertex   1.868883e+01 -1.176040e+02 2.656416e+01
      vertex   1.934176e+01 -1.177186e+02 2.656416e+01
    endloop
  endfacet
  facet normal -5.841768e-15 -2.156021e-16 -1.000000e+00
    outer loop
      vertex   3.823766e+01 -1.001741e+02 2.656416e+01
      vertex   4.131781e+01 -1.177186e+02 2.656416e+01
      vertex   3.032978e+01 -1.001244e+02 2.656416e+01
    endloop
  endfacet
  facet normal -5.496541e-15 -2.314675e-26 -1.000000e+00
    outer loop
      vertex   3.032978e+01 -1.001244e+02 2.656416e+01
      vertex   4.131781e+01 -1.177186e+02 2.656416e+01
      vertex   3.032978e+01 -1.284109e+02 2.656416e+01
    endloop
  endfacet
  facet normal -5.327756e-16 3.034698e-15 -1.000000e+00
    outer loop
      vertex   4.197074e+01 -1.176040e+02 2.656416e+01
      vertex   4.256889e+01 -1.210111e+02 2.656416e+01
      vertex   4.131781e+01 -1.177186e+02 2.656416e+01
    endloop
  endfacet
  facet normal -4.916694e-14 -1.544552e-14 -1.000000e+00
    outer loop
      vertex   4.131781e+01 -1.177186e+02 2.656416e+01
      vertex   4.256889e+01 -1.210111e+02 2.656416e+01
      vertex   4.256921e+01 -1.212421e+02 2.656416e+01
    endloop
  endfacet
  facet normal -5.543145e-15 4.789274e-17 -1.000000e+00
    outer loop
      vertex   4.131781e+01 -1.177186e+02 2.656416e+01
      vertex   4.256921e+01 -1.212421e+02 2.656416e+01
      vertex   3.032978e+01 -1.284109e+02 2.656416e+01
    endloop
  endfacet
  facet normal -5.529854e-15 2.520113e-17 -1.000000e+00
    outer loop
      vertex   3.032978e+01 -1.284109e+02 2.656416e+01
      vertex   4.256921e+01 -1.212421e+02 2.656416e+01
      vertex   3.996669e+01 -1.284109e+02 2.656416e+01
    endloop
  endfacet
  facet normal -3.410551e-16 -1.858500e-15 -1.000000e+00
    outer loop
      vertex   3.996669e+01 -1.284109e+02 2.656416e+01
      vertex   4.256921e+01 -1.212421e+02 2.656416e+01
      vertex   4.012643e+01 -1.284402e+02 2.656416e+01
    endloop
  endfacet
  facet normal 0.000000e+00 -0.000000e+00 -1.000000e+00
    outer loop
      vertex   3.996669e+01 -1.284109e+02 2.656416e+01
      vertex   4.012643e+01 -1.284402e+02 2.656416e+01
      vertex   3.996669e+01 -1.284398e+02 2.656416e+01
    endloop
  endfacet
  facet normal -2.773799e-13 -1.575931e-14 -1.000000e+00
    outer loop
      vertex   4.256889e+01 -1.210111e+02 2.656416e+01
      vertex   4.257856e+01 -1.211813e+02 2.656416e+01
      vertex   4.256921e+01 -1.212421e+02 2.656416e+01
    endloop
  endfacet
  facet normal 1.342758e-14 1.000000e+00 -2.600231e-29
    outer loop
      vertex   4.302978e+01 -1.534109e+02 2.801416e+01
      vertex   4.302978e+01 -1.534109e+02 2.434492e+01
      vertex   1.762978e+01 -1.534109e+02 2.801416e+01
    endloop
  endfacet
  facet normal 1.342758e-14 1.000000e+00 -6.500577e-29
    outer loop
      vertex   1.762978e+01 -1.534109e+02 2.801416e+01
      vertex   4.302978e+01 -1.534109e+02 2.434492e+01
      vertex   1.762978e+01 -1.534109e+02 2.434492e+01
    endloop
  endfacet
  facet normal 1.000000e+00 9.851542e-15 -2.174150e-15
    outer loop
      vertex   1.762978e+01 -1.411497e+02 2.801416e+01
      vertex   1.762978e+01 -1.534109e+02 2.801416e+01
      vertex   1.762978e+01 -1.479609e+02 2.656416e+01
    endloop
  endfacet
  facet normal 1.000000e+00 9.141956e-15 -4.841213e-15
    outer loop
      vertex   1.762978e+01 -1.479609e+02 2.656416e+01
      vertex   1.762978e+01 -1.534109e+02 2.801416e+01
      vertex   1.762978e+01 -1.534109e+02 2.434492e+01
    endloop
  endfacet
  facet normal 1.000000e+00 7.959916e-15 -1.938363e-15
    outer loop
      vertex   1.762978e+01 -1.479609e+02 2.656416e+01
      vertex   1.762978e+01 -1.534109e+02 2.434492e+01
      vertex   1.762978e+01 -1.509109e+02 2.361416e+01
    endloop
  endfacet
  facet normal 1.000000e+00 5.004765e-15 -1.204825e-14
    outer loop
      vertex   1.762978e+01 -1.509109e+02 2.361416e+01
      vertex   1.762978e+01 -1.534109e+02 2.434492e+01
      vertex   1.762978e+01 -1.509109e+02 2.184492e+01
    endloop
  endfacet
  facet normal 1.000000e+00 1.075583e-14 -6.775470e-15
    outer loop
      vertex   1.762978e+01 -1.413548e+02 2.656416e+01
      vertex   1.762978e+01 -1.411497e+02 2.741416e+01
      vertex   1.762978e+01 -1.479609e+02 2.656416e+01
    endloop
  endfacet
  facet normal 1.000000e+00 1.064922e-14 -5.921189e-15
    outer loop
      vertex   1.762978e+01 -1.479609e+02 2.656416e+01
      vertex   1.762978e+01 -1.411497e+02 2.741416e+01
      vertex   1.762978e+01 -1.411497e+02 2.801416e+01
    endloop
  endfacet
  facet normal -2.472587e-15 7.071068e-01 7.071068e-01
    outer loop
      vertex   4.302978e+01 -1.534109e+02 2.434492e+01
      vertex   3.772978e+01 -1.529109e+02 2.384491e+01
      vertex   1.762978e+01 -1.534109e+02 2.434492e+01
    endloop
  endfacet
  facet normal -1.867100e-15 7.071068e-01 7.071068e-01
    outer loop
      vertex   1.762978e+01 -1.534109e+02 2.434492e+01
      vertex   3.772978e+01 -1.529109e+02 2.384491e+01
      vertex   2.292978e+01 -1.529109e+02 2.384491e+01
    endloop
  endfacet
  facet normal -3.447979e-15 7.071068e-01 7.071068e-01
    outer loop
      vertex   1.762978e+01 -1.534109e+02 2.434492e+01
      vertex   2.292978e+01 -1.529109e+02 2.384491e+01
      vertex   1.782978e+01 -1.529109e+02 2.384491e+01
    endloop
  endfacet
  facet normal -7.388670e-15 7.071068e-01 7.071068e-01
    outer loop
      vertex   3.772978e+01 -1.529109e+02 2.384491e+01
      vertex   4.302978e+01 -1.534109e+02 2.434492e+01
      vertex   4.282978e+01 -1.529109e+02 2.384491e+01
    endloop
  endfacet
  facet normal 1.105344e-13 7.071068e-01 7.071068e-01
    outer loop
      vertex   4.282978e+01 -1.529109e+02 2.384491e+01
      vertex   4.302978e+01 -1.534109e+02 2.434492e+01
      vertex   4.302978e+01 -1.509109e+02 2.184492e+01
    endloop
  endfacet
  facet normal -8.792548e-14 7.071068e-01 7.071068e-01
    outer loop
      vertex   4.282978e+01 -1.529109e+02 2.384491e+01
      vertex   4.302978e+01 -1.509109e+02 2.184492e+01
      vertex   4.282978e+01 -1.509109e+02 2.184492e+01
    endloop
  endfacet
  facet normal -1.867137e-15 7.071068e-01 7.071068e-01
    outer loop
      vertex   3.772978e+01 -1.529109e+02 2.384491e+01
      vertex   3.772978e+01 -1.509109e+02 2.184492e+01
      vertex   2.292978e+01 -1.529109e+02 2.384491e+01
    endloop
  endfacet
  facet normal -4.413249e-15 7.071068e-01 7.071068e-01
    outer loop
      vertex   2.292978e+01 -1.529109e+02 2.384491e+01
      vertex   3.772978e+01 -1.509109e+02 2.184492e+01
      vertex   2.292978e+01 -1.509109e+02 2.184492e+01
    endloop
  endfacet
  facet normal -1.256074e-13 7.071068e-01 7.071068e-01
    outer loop
      vertex   1.782978e+01 -1.509109e+02 2.184492e+01
      vertex   1.762978e+01 -1.509109e+02 2.184492e+01
      vertex   1.782978e+01 -1.529109e+02 2.384491e+01
    endloop
  endfacet
  facet normal -3.014575e-14 7.071068e-01 7.071068e-01
    outer loop
      vertex   1.782978e+01 -1.529109e+02 2.384491e+01
      vertex   1.762978e+01 -1.509109e+02 2.184492e+01
      vertex   1.762978e+01 -1.534109e+02 2.434492e+01
    endloop
  endfacet
  facet normal 1.000000e+00 -1.850966e-14 -6.075116e-15
    outer loop
      vertex   1.782978e+01 -1.529109e+02 2.384491e+01
      vertex   1.782978e+01 -1.529109e+02 1.156416e+01
      vertex   1.782978e+01 -1.509109e+02 2.184492e+01
    endloop
  endfacet
  facet normal 1.000000e+00 -1.598727e-14 -6.565815e-15
    outer loop
      vertex   1.782978e+01 -1.509109e+02 2.184492e+01
      vertex   1.782978e+01 -1.529109e+02 1.156416e+01
      vertex   1.782978e+01 -1.509109e+02 1.156416e+01
    endloop
  endfacet
  facet normal 1.671865e-14 1.000000e+00 -6.942990e-15
    outer loop
      vertex   2.292978e+01 -1.529109e+02 2.384491e+01
      vertex   2.292978e+01 -1.529109e+02 1.156416e+01
      vertex   1.782978e+01 -1.529109e+02 2.384491e+01
    endloop
  endfacet
  facet normal 1.671865e-14 1.000000e+00 -6.942990e-15
    outer loop
      vertex   1.782978e+01 -1.529109e+02 2.384491e+01
      vertex   2.292978e+01 -1.529109e+02 1.156416e+01
      vertex   1.782978e+01 -1.529109e+02 1.156416e+01
    endloop
  endfacet
  facet normal -1.000000e+00 -8.728527e-16 -1.330740e-14
    outer loop
      vertex   2.292978e+01 -1.529109e+02 2.384491e+01
      vertex   2.292978e+01 -1.509109e+02 2.184492e+01
      vertex   2.292978e+01 -1.529109e+02 1.156416e+01
    endloop
  endfacet
  facet normal -1.000000e+00 -2.131636e-14 -9.330369e-15
    outer loop
      vertex   2.292978e+01 -1.529109e+02 1.156416e+01
      vertex   2.292978e+01 -1.509109e+02 2.184492e+01
      vertex   2.292978e+01 -1.509109e+02 1.156416e+01
    endloop
  endfacet
  facet normal 1.000000e+00 2.802562e-14 4.223652e-14
    outer loop
      vertex   3.772978e+01 -1.529109e+02 2.384491e+01
      vertex   3.772978e+01 -1.529109e+02 1.156416e+01
      vertex   3.772978e+01 -1.509109e+02 2.184492e+01
    endloop
  endfacet
  facet normal 1.000000e+00 -2.842181e-14 5.321766e-14
    outer loop
      vertex   3.772978e+01 -1.509109e+02 2.184492e+01
      vertex   3.772978e+01 -1.529109e+02 1.156416e+01
      vertex   3.772978e+01 -1.509109e+02 1.156416e+01
    endloop
  endfacet
  facet normal 2.229154e-14 1.000000e+00 -6.942990e-15
    outer loop
      vertex   4.282978e+01 -1.529109e+02 2.384491e+01
      vertex   4.282978e+01 -1.529109e+02 1.156416e+01
      vertex   3.772978e+01 -1.529109e+02 2.384491e+01
    endloop
  endfacet
  facet normal 1.671865e-14 1.000000e+00 -9.257319e-15
    outer loop
      vertex   3.772978e+01 -1.529109e+02 2.384491e+01
      vertex   4.282978e+01 -1.529109e+02 1.156416e+01
      vertex   3.772978e+01 -1.529109e+02 1.156416e+01
    endloop
  endfacet
  facet normal -1.000000e+00 1.941815e-14 5.207242e-15
    outer loop
      vertex   4.282978e+01 -1.529109e+02 2.384491e+01
      vertex   4.282978e+01 -1.509109e+02 2.184492e+01
      vertex   4.282978e+01 -1.529109e+02 1.156416e+01
    endloop
  endfacet
  facet normal -1.000000e+00 1.776363e-14 5.529108e-15
    outer loop
      vertex   4.282978e+01 -1.529109e+02 1.156416e+01
      vertex   4.282978e+01 -1.509109e+02 2.184492e+01
      vertex   4.282978e+01 -1.509109e+02 1.156416e+01
    endloop
  endfacet
  facet normal 5.224579e-15 8.881815e-15 1.000000e+00
    outer loop
      vertex   4.282978e+01 -1.509109e+02 1.156416e+01
      vertex   3.772978e+01 -1.509109e+02 1.156416e+01
      vertex   4.282978e+01 -1.529109e+02 1.156416e+01
    endloop
  endfacet
  facet normal 5.224579e-15 8.881815e-15 1.000000e+00
    outer loop
      vertex   4.282978e+01 -1.529109e+02 1.156416e+01
      vertex   3.772978e+01 -1.509109e+02 1.156416e+01
      vertex   3.772978e+01 -1.529109e+02 1.156416e+01
    endloop
  endfacet
  facet normal 6.269495e-15 8.881818e-15 1.000000e+00
    outer loop
      vertex   2.292978e+01 -1.509109e+02 1.156416e+01
      vertex   1.782978e+01 -1.509109e+02 1.156416e+01
      vertex   2.292978e+01 -1.529109e+02 1.156416e+01
    endloop
  endfacet
  facet normal 6.269495e-15 8.881818e-15 1.000000e+00
    outer loop
      vertex   2.292978e+01 -1.529109e+02 1.156416e+01
      vertex   1.782978e+01 -1.509109e+02 1.156416e+01
      vertex   1.782978e+01 -1.529109e+02 1.156416e+01
    endloop
  endfacet
  facet normal -9.874190e-01 -4.798563e-13 1.581256e-01
    outer loop
      vertex   4.010281e+01 -1.284402e+02 2.741416e+01
      vertex   4.010281e+01 -1.284109e+02 2.741416e+01
      vertex   3.996669e+01 -1.284398e+02 2.656416e+01
    endloop
  endfacet
  facet normal -9.874190e-01 2.433171e-13 1.581256e-01
    outer loop
      vertex   3.996669e+01 -1.284398e+02 2.656416e+01
      vertex   4.010281e+01 -1.284109e+02 2.741416e+01
      vertex   3.996669e+01 -1.284109e+02 2.656416e+01
    endloop
  endfacet
  facet normal -1.000000e+00 -4.699781e-15 1.936485e-15
    outer loop
      vertex   4.302978e+01 -1.534109e+02 2.801416e+01
      vertex   4.302978e+01 -1.479609e+02 2.656416e+01
      vertex   4.302978e+01 -1.534109e+02 2.434492e+01
    endloop
  endfacet
  facet normal -1.000000e+00 -6.597914e-15 6.597914e-15
    outer loop
      vertex   4.302978e+01 -1.534109e+02 2.434492e+01
      vertex   4.302978e+01 -1.479609e+02 2.656416e+01
      vertex   4.302978e+01 -1.509109e+02 2.361416e+01
    endloop
  endfacet
  facet normal -1.000000e+00 -6.178678e-15 8.032164e-15
    outer loop
      vertex   4.302978e+01 -1.534109e+02 2.434492e+01
      vertex   4.302978e+01 -1.509109e+02 2.361416e+01
      vertex   4.302978e+01 -1.509109e+02 2.184492e+01
    endloop
  endfacet
  facet normal -1.000000e+00 -6.954029e-15 -6.536380e-15
    outer loop
      vertex   4.302978e+01 -1.534109e+02 2.801416e+01
      vertex   4.302978e+01 -1.411497e+02 2.801416e+01
      vertex   4.302978e+01 -1.479609e+02 2.656416e+01
    endloop
  endfacet
  facet normal -1.000000e+00 -1.086655e-14 1.184238e-14
    outer loop
      vertex   4.302978e+01 -1.479609e+02 2.656416e+01
      vertex   4.302978e+01 -1.411497e+02 2.801416e+01
      vertex   4.302978e+01 -1.411497e+02 2.741416e+01
    endloop
  endfacet
  facet normal -1.000000e+00 -1.398258e-14 3.681185e-14
    outer loop
      vertex   4.302978e+01 -1.479609e+02 2.656416e+01
      vertex   4.302978e+01 -1.411497e+02 2.741416e+01
      vertex   4.302978e+01 -1.413548e+02 2.656416e+01
    endloop
  endfacet
  facet normal -9.937122e-01 -3.331486e-15 -1.119645e-01
    outer loop
      vertex   4.186623e+01 -1.542109e+02 8.015165e+00
      vertex   4.186623e+01 -1.522109e+02 8.015165e+00
      vertex   4.191638e+01 -1.542109e+02 7.570124e+00
    endloop
  endfacet
  facet normal -9.937122e-01 -1.412150e-14 -1.119645e-01
    outer loop
      vertex   4.191638e+01 -1.542109e+02 7.570124e+00
      vertex   4.186623e+01 -1.522109e+02 8.015165e+00
      vertex   4.191638e+01 -1.522109e+02 7.570124e+00
    endloop
  endfacet
  facet normal -9.937122e-01 -1.412150e-14 1.119645e-01
    outer loop
      vertex   4.191638e+01 -1.542109e+02 7.570124e+00
      vertex   4.191638e+01 -1.522109e+02 7.570124e+00
      vertex   4.186623e+01 -1.542109e+02 7.125082e+00
    endloop
  endfacet
  facet normal -9.937122e-01 -3.679542e-15 1.119645e-01
    outer loop
      vertex   4.186623e+01 -1.542109e+02 7.125082e+00
      vertex   4.191638e+01 -1.522109e+02 7.570124e+00
      vertex   4.186623e+01 -1.522109e+02 7.125082e+00
    endloop
  endfacet
  facet normal -9.438833e-01 -3.793367e-15 3.302791e-01
    outer loop
      vertex   4.186623e+01 -1.542109e+02 7.125082e+00
      vertex   4.186623e+01 -1.522109e+02 7.125082e+00
      vertex   4.171831e+01 -1.542109e+02 6.702356e+00
    endloop
  endfacet
  facet normal -9.438833e-01 -3.793367e-15 3.302791e-01
    outer loop
      vertex   4.171831e+01 -1.542109e+02 6.702356e+00
      vertex   4.186623e+01 -1.522109e+02 7.125082e+00
      vertex   4.171831e+01 -1.522109e+02 6.702356e+00
    endloop
  endfacet
  facet normal -8.467242e-01 -3.716978e-15 5.320321e-01
    outer loop
      vertex   4.171831e+01 -1.542109e+02 6.702356e+00
      vertex   4.171831e+01 -1.522109e+02 6.702356e+00
      vertex   4.148004e+01 -1.542109e+02 6.323144e+00
    endloop
  endfacet
  facet normal -8.467242e-01 -3.716978e-15 5.320321e-01
    outer loop
      vertex   4.148004e+01 -1.542109e+02 6.323144e+00
      vertex   4.171831e+01 -1.522109e+02 6.702356e+00
      vertex   4.148004e+01 -1.522109e+02 6.323144e+00
    endloop
  endfacet
  facet normal -7.071068e-01 -3.454203e-15 7.071068e-01
    outer loop
      vertex   4.148004e+01 -1.542109e+02 6.323144e+00
      vertex   4.148004e+01 -1.522109e+02 6.323144e+00
      vertex   4.116336e+01 -1.542109e+02 6.006461e+00
    endloop
  endfacet
  facet normal -7.071068e-01 -3.454203e-15 7.071068e-01
    outer loop
      vertex   4.116336e+01 -1.542109e+02 6.006461e+00
      vertex   4.148004e+01 -1.522109e+02 6.323144e+00
      vertex   4.116336e+01 -1.522109e+02 6.006461e+00
    endloop
  endfacet
  facet normal -5.320321e-01 -3.018221e-15 8.467242e-01
    outer loop
      vertex   4.116336e+01 -1.542109e+02 6.006461e+00
      vertex   4.116336e+01 -1.522109e+02 6.006461e+00
      vertex   4.078414e+01 -1.542109e+02 5.768186e+00
    endloop
  endfacet
  facet normal -5.320321e-01 -4.532357e-15 8.467242e-01
    outer loop
      vertex   4.078414e+01 -1.542109e+02 5.768186e+00
      vertex   4.116336e+01 -1.522109e+02 6.006461e+00
      vertex   4.078414e+01 -1.522109e+02 5.768186e+00
    endloop
  endfacet
  facet normal -3.302791e-01 -3.185111e-15 9.438833e-01
    outer loop
      vertex   4.078414e+01 -1.542109e+02 5.768186e+00
      vertex   4.078414e+01 -1.522109e+02 5.768186e+00
      vertex   4.036142e+01 -1.542109e+02 5.620268e+00
    endloop
  endfacet
  facet normal -3.302791e-01 -3.185111e-15 9.438833e-01
    outer loop
      vertex   4.036142e+01 -1.542109e+02 5.620268e+00
      vertex   4.078414e+01 -1.522109e+02 5.768186e+00
      vertex   4.036142e+01 -1.522109e+02 5.620268e+00
    endloop
  endfacet
  facet normal -1.119645e-01 -1.678149e-15 9.937122e-01
    outer loop
      vertex   4.036142e+01 -1.542109e+02 5.620268e+00
      vertex   4.036142e+01 -1.522109e+02 5.620268e+00
      vertex   3.991638e+01 -1.542109e+02 5.570124e+00
    endloop
  endfacet
  facet normal -1.119645e-01 -1.721668e-15 9.937122e-01
    outer loop
      vertex   3.991638e+01 -1.542109e+02 5.570124e+00
      vertex   4.036142e+01 -1.522109e+02 5.620268e+00
      vertex   3.991638e+01 -1.522109e+02 5.570124e+00
    endloop
  endfacet
  facet normal 1.119645e-01 -9.261129e-16 9.937122e-01
    outer loop
      vertex   3.991638e+01 -1.542109e+02 5.570124e+00
      vertex   3.991638e+01 -1.522109e+02 5.570124e+00
      vertex   3.947133e+01 -1.542109e+02 5.620268e+00
    endloop
  endfacet
  facet normal 1.119645e-01 -9.261129e-16 9.937122e-01
    outer loop
      vertex   3.947133e+01 -1.542109e+02 5.620268e+00
      vertex   3.991638e+01 -1.522109e+02 5.570124e+00
      vertex   3.947133e+01 -1.522109e+02 5.620268e+00
    endloop
  endfacet
  facet normal 3.302791e-01 -8.411827e-17 9.438833e-01
    outer loop
      vertex   3.947133e+01 -1.542109e+02 5.620268e+00
      vertex   3.947133e+01 -1.522109e+02 5.620268e+00
      vertex   3.904861e+01 -1.542109e+02 5.768186e+00
    endloop
  endfacet
  facet normal 3.302791e-01 3.350501e-16 9.438833e-01
    outer loop
      vertex   3.904861e+01 -1.542109e+02 5.768186e+00
      vertex   3.947133e+01 -1.522109e+02 5.620268e+00
      vertex   3.904861e+01 -1.522109e+02 5.768186e+00
    endloop
  endfacet
  facet normal 5.320321e-01 1.138115e-15 8.467242e-01
    outer loop
      vertex   3.904861e+01 -1.542109e+02 5.768186e+00
      vertex   3.904861e+01 -1.522109e+02 5.768186e+00
      vertex   3.866940e+01 -1.542109e+02 6.006461e+00
    endloop
  endfacet
  facet normal 5.320321e-01 2.652252e-15 8.467242e-01
    outer loop
      vertex   3.866940e+01 -1.542109e+02 6.006461e+00
      vertex   3.904861e+01 -1.522109e+02 5.768186e+00
      vertex   3.866940e+01 -1.522109e+02 6.006461e+00
    endloop
  endfacet
  facet normal 7.071068e-01 4.082240e-15 7.071068e-01
    outer loop
      vertex   3.866940e+01 -1.542109e+02 6.006461e+00
      vertex   3.866940e+01 -1.522109e+02 6.006461e+00
      vertex   3.835271e+01 -1.542109e+02 6.323144e+00
    endloop
  endfacet
  facet normal 7.071068e-01 1.570092e-15 7.071068e-01
    outer loop
      vertex   3.835271e+01 -1.542109e+02 6.323144e+00
      vertex   3.866940e+01 -1.522109e+02 6.006461e+00
      vertex   3.835271e+01 -1.522109e+02 6.323144e+00
    endloop
  endfacet
  facet normal 8.467242e-01 2.299360e-15 5.320321e-01
    outer loop
      vertex   3.835271e+01 -1.542109e+02 6.323144e+00
      vertex   3.835271e+01 -1.522109e+02 6.323144e+00
      vertex   3.811444e+01 -1.542109e+02 6.702356e+00
    endloop
  endfacet
  facet normal 8.467242e-01 5.307528e-15 5.320321e-01
    outer loop
      vertex   3.811444e+01 -1.542109e+02 6.702356e+00
      vertex   3.835271e+01 -1.522109e+02 6.323144e+00
      vertex   3.811444e+01 -1.522109e+02 6.702356e+00
    endloop
  endfacet
  facet normal 9.438833e-01 6.266674e-15 3.302791e-01
    outer loop
      vertex   3.811444e+01 -1.542109e+02 6.702356e+00
      vertex   3.811444e+01 -1.522109e+02 6.702356e+00
      vertex   3.796652e+01 -1.542109e+02 7.125082e+00
    endloop
  endfacet
  facet normal 9.438833e-01 2.913327e-15 3.302791e-01
    outer loop
      vertex   3.796652e+01 -1.542109e+02 7.125082e+00
      vertex   3.811444e+01 -1.522109e+02 6.702356e+00
      vertex   3.796652e+01 -1.522109e+02 7.125082e+00
    endloop
  endfacet
  facet normal 9.937122e-01 3.381208e-15 1.119645e-01
    outer loop
      vertex   3.796652e+01 -1.542109e+02 7.125082e+00
      vertex   3.796652e+01 -1.522109e+02 7.125082e+00
      vertex   3.791638e+01 -1.542109e+02 7.570124e+00
    endloop
  endfacet
  facet normal 9.937122e-01 3.381208e-15 1.119645e-01
    outer loop
      vertex   3.791638e+01 -1.542109e+02 7.570124e+00
      vertex   3.796652e+01 -1.522109e+02 7.125082e+00
      vertex   3.791638e+01 -1.522109e+02 7.570124e+00
    endloop
  endfacet
  facet normal 9.937122e-01 3.679542e-15 -1.119645e-01
    outer loop
      vertex   3.791638e+01 -1.542109e+02 7.570124e+00
      vertex   3.791638e+01 -1.522109e+02 7.570124e+00
      vertex   3.796652e+01 -1.542109e+02 8.015165e+00
    endloop
  endfacet
  facet normal 9.937122e-01 7.259639e-15 -1.119645e-01
    outer loop
      vertex   3.796652e+01 -1.542109e+02 8.015165e+00
      vertex   3.791638e+01 -1.522109e+02 7.570124e+00
      vertex   3.796652e+01 -1.522109e+02 8.015165e+00
    endloop
  endfacet
  facet normal 9.438833e-01 7.293388e-15 -3.302791e-01
    outer loop
      vertex   3.796652e+01 -1.542109e+02 8.015165e+00
      vertex   3.796652e+01 -1.522109e+02 8.015165e+00
      vertex   3.811444e+01 -1.542109e+02 8.437891e+00
    endloop
  endfacet
  facet normal 9.438833e-01 3.646694e-15 -3.302791e-01
    outer loop
      vertex   3.811444e+01 -1.542109e+02 8.437891e+00
      vertex   3.796652e+01 -1.522109e+02 8.015165e+00
      vertex   3.811444e+01 -1.522109e+02 8.437891e+00
    endloop
  endfacet
  facet normal 8.467242e-01 3.480708e-15 -5.320321e-01
    outer loop
      vertex   3.811444e+01 -1.542109e+02 8.437891e+00
      vertex   3.811444e+01 -1.522109e+02 8.437891e+00
      vertex   3.835271e+01 -1.542109e+02 8.817103e+00
    endloop
  endfacet
  facet normal 8.467242e-01 3.953247e-15 -5.320321e-01
    outer loop
      vertex   3.835271e+01 -1.542109e+02 8.817103e+00
      vertex   3.811444e+01 -1.522109e+02 8.437891e+00
      vertex   3.835271e+01 -1.522109e+02 8.817103e+00
    endloop
  endfacet
  facet normal 7.071068e-01 3.768222e-15 -7.071068e-01
    outer loop
      vertex   3.835271e+01 -1.542109e+02 8.817103e+00
      vertex   3.835271e+01 -1.522109e+02 8.817103e+00
      vertex   3.866940e+01 -1.542109e+02 9.133787e+00
    endloop
  endfacet
  facet normal 7.071068e-01 3.768222e-15 -7.071068e-01
    outer loop
      vertex   3.866940e+01 -1.542109e+02 9.133787e+00
      vertex   3.835271e+01 -1.522109e+02 8.817103e+00
      vertex   3.866940e+01 -1.522109e+02 9.133787e+00
    endloop
  endfacet
  facet normal 5.320321e-01 3.394242e-15 -8.467242e-01
    outer loop
      vertex   3.866940e+01 -1.542109e+02 9.133787e+00
      vertex   3.866940e+01 -1.522109e+02 9.133787e+00
      vertex   3.904861e+01 -1.542109e+02 9.372061e+00
    endloop
  endfacet
  facet normal 5.320321e-01 2.642200e-15 -8.467242e-01
    outer loop
      vertex   3.904861e+01 -1.542109e+02 9.372061e+00
      vertex   3.866940e+01 -1.522109e+02 9.133787e+00
      vertex   3.904861e+01 -1.522109e+02 9.372061e+00
    endloop
  endfacet
  facet normal 3.302791e-01 2.011724e-15 -9.438833e-01
    outer loop
      vertex   3.904861e+01 -1.542109e+02 9.372061e+00
      vertex   3.904861e+01 -1.522109e+02 9.372061e+00
      vertex   3.947133e+01 -1.542109e+02 9.519979e+00
    endloop
  endfacet
  facet normal 3.302791e-01 2.011724e-15 -9.438833e-01
    outer loop
      vertex   3.947133e+01 -1.542109e+02 9.519979e+00
      vertex   3.904861e+01 -1.522109e+02 9.372061e+00
      vertex   3.947133e+01 -1.522109e+02 9.519979e+00
    endloop
  endfacet
  facet normal 1.119645e-01 1.280371e-15 -9.937122e-01
    outer loop
      vertex   3.947133e+01 -1.542109e+02 9.519979e+00
      vertex   3.947133e+01 -1.522109e+02 9.519979e+00
      vertex   3.991638e+01 -1.542109e+02 9.570124e+00
    endloop
  endfacet
  facet normal 1.119645e-01 2.162965e-15 -9.937122e-01
    outer loop
      vertex   3.991638e+01 -1.542109e+02 9.570124e+00
      vertex   3.947133e+01 -1.522109e+02 9.519979e+00
      vertex   3.991638e+01 -1.522109e+02 9.570124e+00
    endloop
  endfacet
  facet normal -1.119645e-01 1.367410e-15 -9.937122e-01
    outer loop
      vertex   3.991638e+01 -1.542109e+02 9.570124e+00
      vertex   3.991638e+01 -1.522109e+02 9.570124e+00
      vertex   4.036142e+01 -1.542109e+02 9.519979e+00
    endloop
  endfacet
  facet normal -1.119645e-01 4.848160e-16 -9.937122e-01
    outer loop
      vertex   4.036142e+01 -1.542109e+02 9.519979e+00
      vertex   3.991638e+01 -1.522109e+02 9.570124e+00
      vertex   4.036142e+01 -1.522109e+02 9.519979e+00
    endloop
  endfacet
  facet normal -3.302791e-01 -3.350501e-16 -9.438833e-01
    outer loop
      vertex   4.036142e+01 -1.542109e+02 9.519979e+00
      vertex   4.036142e+01 -1.522109e+02 9.519979e+00
      vertex   4.078414e+01 -1.542109e+02 9.372061e+00
    endloop
  endfacet
  facet normal -3.302791e-01 5.032867e-16 -9.438833e-01
    outer loop
      vertex   4.078414e+01 -1.542109e+02 9.372061e+00
      vertex   4.036142e+01 -1.522109e+02 9.519979e+00
      vertex   4.078414e+01 -1.522109e+02 9.372061e+00
    endloop
  endfacet
  facet normal -5.320321e-01 -3.860733e-16 -8.467242e-01
    outer loop
      vertex   4.078414e+01 -1.542109e+02 9.372061e+00
      vertex   4.078414e+01 -1.522109e+02 9.372061e+00
      vertex   4.116336e+01 -1.542109e+02 9.133787e+00
    endloop
  endfacet
  facet normal -5.320321e-01 -2.276231e-15 -8.467242e-01
    outer loop
      vertex   4.116336e+01 -1.542109e+02 9.133787e+00
      vertex   4.078414e+01 -1.522109e+02 9.372061e+00
      vertex   4.116336e+01 -1.522109e+02 9.133787e+00
    endloop
  endfacet
  facet normal -7.071068e-01 -3.768222e-15 -7.071068e-01
    outer loop
      vertex   4.116336e+01 -1.542109e+02 9.133787e+00
      vertex   4.116336e+01 -1.522109e+02 9.133787e+00
      vertex   4.148004e+01 -1.542109e+02 8.817103e+00
    endloop
  endfacet
  facet normal -7.071068e-01 -1.884111e-15 -7.071068e-01
    outer loop
      vertex   4.148004e+01 -1.542109e+02 8.817103e+00
      vertex   4.116336e+01 -1.522109e+02 9.133787e+00
      vertex   4.148004e+01 -1.522109e+02 8.817103e+00
    endloop
  endfacet
  facet normal -8.467242e-01 -2.535629e-15 -5.320321e-01
    outer loop
      vertex   4.148004e+01 -1.542109e+02 8.817103e+00
      vertex   4.148004e+01 -1.522109e+02 8.817103e+00
      vertex   4.171831e+01 -1.542109e+02 8.437891e+00
    endloop
  endfacet
  facet normal -8.467242e-01 -2.535629e-15 -5.320321e-01
    outer loop
      vertex   4.171831e+01 -1.542109e+02 8.437891e+00
      vertex   4.148004e+01 -1.522109e+02 8.817103e+00
      vertex   4.171831e+01 -1.522109e+02 8.437891e+00
    endloop
  endfacet
  facet normal -9.438833e-01 -3.060000e-15 -3.302791e-01
    outer loop
      vertex   4.171831e+01 -1.542109e+02 8.437891e+00
      vertex   4.171831e+01 -1.522109e+02 8.437891e+00
      vertex   4.186623e+01 -1.542109e+02 8.015165e+00
    endloop
  endfacet
  facet normal -9.438833e-01 -2.766654e-15 -3.302791e-01
    outer loop
      vertex   4.186623e+01 -1.542109e+02 8.015165e+00
      vertex   4.171831e+01 -1.522109e+02 8.437891e+00
      vertex   4.186623e+01 -1.522109e+02 8.015165e+00
    endloop
  endfacet
  facet normal 0.000000e+00 -1.000000e+00 0.000000e+00
    outer loop
      vertex   4.017519e+01 -1.522109e+02 8.536049e+00
      vertex   4.036142e+01 -1.522109e+02 9.519979e+00
      vertex   3.991638e+01 -1.522109e+02 8.570124e+00
    endloop
  endfacet
  facet normal 0.000000e+00 -1.000000e+00 0.000000e+00
    outer loop
      vertex   3.991638e+01 -1.522109e+02 8.570124e+00
      vertex   4.036142e+01 -1.522109e+02 9.519979e+00
      vertex   3.991638e+01 -1.522109e+02 9.570124e+00
    endloop
  endfacet
  facet normal 0.000000e+00 -1.000000e+00 0.000000e+00
    outer loop
      vertex   3.991638e+01 -1.522109e+02 8.570124e+00
      vertex   3.991638e+01 -1.522109e+02 9.570124e+00
      vertex   3.947133e+01 -1.522109e+02 9.519979e+00
    endloop
  endfacet
  facet normal 0.000000e+00 -1.000000e+00 -0.000000e+00
    outer loop
      vertex   4.036142e+01 -1.522109e+02 9.519979e+00
      vertex   4.017519e+01 -1.522109e+02 8.536049e+00
      vertex   4.078414e+01 -1.522109e+02 9.372061e+00
    endloop
  endfacet
  facet normal 0.000000e+00 -1.000000e+00 0.000000e+00
    outer loop
      vertex   4.078414e+01 -1.522109e+02 9.372061e+00
      vertex   4.017519e+01 -1.522109e+02 8.536049e+00
      vertex   4.041638e+01 -1.522109e+02 8.436149e+00
    endloop
  endfacet
  facet normal 6.010821e-14 -1.000000e+00 -2.361957e-14
    outer loop
      vertex   4.078414e+01 -1.522109e+02 9.372061e+00
      vertex   4.041638e+01 -1.522109e+02 8.436149e+00
      vertex   4.116336e+01 -1.522109e+02 9.133787e+00
    endloop
  endfacet
  facet normal 1.716122e-14 -1.000000e+00 2.236494e-14
    outer loop
      vertex   4.116336e+01 -1.522109e+02 9.133787e+00
      vertex   4.041638e+01 -1.522109e+02 8.436149e+00
      vertex   4.062348e+01 -1.522109e+02 8.277230e+00
    endloop
  endfacet
  facet normal 2.035314e-14 -1.000000e+00 2.035314e-14
    outer loop
      vertex   4.116336e+01 -1.522109e+02 9.133787e+00
      vertex   4.062348e+01 -1.522109e+02 8.277230e+00
      vertex   4.148004e+01 -1.522109e+02 8.817103e+00
    endloop
  endfacet
  facet normal 2.236494e-14 -1.000000e+00 1.716122e-14
    outer loop
      vertex   4.148004e+01 -1.522109e+02 8.817103e+00
      vertex   4.062348e+01 -1.522109e+02 8.277230e+00
      vertex   4.078240e+01 -1.522109e+02 8.070124e+00
    endloop
  endfacet
  facet normal 2.435459e-14 -1.000000e+00 1.530300e-14
    outer loop
      vertex   4.148004e+01 -1.522109e+02 8.817103e+00
      vertex   4.078240e+01 -1.522109e+02 8.070124e+00
      vertex   4.171831e+01 -1.522109e+02 8.437891e+00
    endloop
  endfacet
  facet normal 6.594174e-14 -1.000000e+00 -9.052996e-14
    outer loop
      vertex   4.171831e+01 -1.522109e+02 8.437891e+00
      vertex   4.078240e+01 -1.522109e+02 8.070124e+00
      vertex   4.088230e+01 -1.522109e+02 7.828943e+00
    endloop
  endfacet
  facet normal 0.000000e+00 -1.000000e+00 -0.000000e+00
    outer loop
      vertex   4.171831e+01 -1.522109e+02 8.437891e+00
      vertex   4.088230e+01 -1.522109e+02 7.828943e+00
      vertex   4.186623e+01 -1.522109e+02 8.015165e+00
    endloop
  endfacet
  facet normal 0.000000e+00 -1.000000e+00 0.000000e+00
    outer loop
      vertex   4.186623e+01 -1.522109e+02 8.015165e+00
      vertex   4.088230e+01 -1.522109e+02 7.828943e+00
      vertex   4.091638e+01 -1.522109e+02 7.570124e+00
    endloop
  endfacet
  facet normal -2.842171e-14 -1.000000e+00 6.066064e-14
    outer loop
      vertex   4.186623e+01 -1.522109e+02 8.015165e+00
      vertex   4.091638e+01 -1.522109e+02 7.570124e+00
      vertex   4.191638e+01 -1.522109e+02 7.570124e+00
    endloop
  endfacet
  facet normal -2.842171e-14 -1.000000e+00 -6.066064e-14
    outer loop
      vertex   4.191638e+01 -1.522109e+02 7.570124e+00
      vertex   4.091638e+01 -1.522109e+02 7.570124e+00
      vertex   4.186623e+01 -1.522109e+02 7.125082e+00
    endloop
  endfacet
  facet normal 0.000000e+00 -1.000000e+00 0.000000e+00
    outer loop
      vertex   4.186623e+01 -1.522109e+02 7.125082e+00
      vertex   4.091638e+01 -1.522109e+02 7.570124e+00
      vertex   4.088230e+01 -1.522109e+02 7.311305e+00
    endloop
  endfacet
  facet normal -0.000000e+00 -1.000000e+00 0.000000e+00
    outer loop
      vertex   4.186623e+01 -1.522109e+02 7.125082e+00
      vertex   4.088230e+01 -1.522109e+02 7.311305e+00
      vertex   4.171831e+01 -1.522109e+02 6.702356e+00
    endloop
  endfacet
  facet normal 6.594174e-14 -1.000000e+00 9.052996e-14
    outer loop
      vertex   4.171831e+01 -1.522109e+02 6.702356e+00
      vertex   4.088230e+01 -1.522109e+02 7.311305e+00
      vertex   4.078240e+01 -1.522109e+02 7.070124e+00
    endloop
  endfacet
  facet normal 2.435459e-14 -1.000000e+00 -1.530300e-14
    outer loop
      vertex   4.171831e+01 -1.522109e+02 6.702356e+00
      vertex   4.078240e+01 -1.522109e+02 7.070124e+00
      vertex   4.148004e+01 -1.522109e+02 6.323144e+00
    endloop
  endfacet
  facet normal 2.236494e-14 -1.000000e+00 -1.716122e-14
    outer loop
      vertex   4.148004e+01 -1.522109e+02 6.323144e+00
      vertex   4.078240e+01 -1.522109e+02 7.070124e+00
      vertex   4.062348e+01 -1.522109e+02 6.863017e+00
    endloop
  endfacet
  facet normal 2.035314e-14 -1.000000e+00 -2.035314e-14
    outer loop
      vertex   4.148004e+01 -1.522109e+02 6.323144e+00
      vertex   4.062348e+01 -1.522109e+02 6.863017e+00
      vertex   4.116336e+01 -1.522109e+02 6.006461e+00
    endloop
  endfacet
  facet normal 1.716122e-14 -1.000000e+00 -2.236494e-14
    outer loop
      vertex   4.116336e+01 -1.522109e+02 6.006461e+00
      vertex   4.062348e+01 -1.522109e+02 6.863017e+00
      vertex   4.041638e+01 -1.522109e+02 6.704098e+00
    endloop
  endfacet
  facet normal 6.010821e-14 -1.000000e+00 2.361957e-14
    outer loop
      vertex   4.116336e+01 -1.522109e+02 6.006461e+00
      vertex   4.041638e+01 -1.522109e+02 6.704098e+00
      vertex   4.078414e+01 -1.522109e+02 5.768186e+00
    endloop
  endfacet
  facet normal 0.000000e+00 -1.000000e+00 0.000000e+00
    outer loop
      vertex   4.078414e+01 -1.522109e+02 5.768186e+00
      vertex   4.041638e+01 -1.522109e+02 6.704098e+00
      vertex   4.017519e+01 -1.522109e+02 6.604198e+00
    endloop
  endfacet
  facet normal -0.000000e+00 -1.000000e+00 0.000000e+00
    outer loop
      vertex   4.078414e+01 -1.522109e+02 5.768186e+00
      vertex   4.017519e+01 -1.522109e+02 6.604198e+00
      vertex   4.036142e+01 -1.522109e+02 5.620268e+00
    endloop
  endfacet
  facet normal 0.000000e+00 -1.000000e+00 0.000000e+00
    outer loop
      vertex   4.036142e+01 -1.522109e+02 5.620268e+00
      vertex   4.017519e+01 -1.522109e+02 6.604198e+00
      vertex   3.991638e+01 -1.522109e+02 6.570124e+00
    endloop
  endfacet
  facet normal -0.000000e+00 -1.000000e+00 0.000000e+00
    outer loop
      vertex   4.036142e+01 -1.522109e+02 5.620268e+00
      vertex   3.991638e+01 -1.522109e+02 6.570124e+00
      vertex   3.991638e+01 -1.522109e+02 5.570124e+00
    endloop
  endfacet
  facet normal 0.000000e+00 -1.000000e+00 0.000000e+00
    outer loop
      vertex   3.991638e+01 -1.522109e+02 5.570124e+00
      vertex   3.991638e+01 -1.522109e+02 6.570124e+00
      vertex   3.947133e+01 -1.522109e+02 5.620268e+00
    endloop
  endfacet
  facet normal 0.000000e+00 -1.000000e+00 0.000000e+00
    outer loop
      vertex   3.947133e+01 -1.522109e+02 5.620268e+00
      vertex   3.991638e+01 -1.522109e+02 6.570124e+00
      vertex   3.965756e+01 -1.522109e+02 6.604198e+00
    endloop
  endfacet
  facet normal 0.000000e+00 -1.000000e+00 0.000000e+00
    outer loop
      vertex   3.947133e+01 -1.522109e+02 5.620268e+00
      vertex   3.965756e+01 -1.522109e+02 6.604198e+00
      vertex   3.904861e+01 -1.522109e+02 5.768186e+00
    endloop
  endfacet
  facet normal 0.000000e+00 -1.000000e+00 0.000000e+00
    outer loop
      vertex   3.904861e+01 -1.522109e+02 5.768186e+00
      vertex   3.965756e+01 -1.522109e+02 6.604198e+00
      vertex   3.941638e+01 -1.522109e+02 6.704098e+00
    endloop
  endfacet
  facet normal 0.000000e+00 -1.000000e+00 0.000000e+00
    outer loop
      vertex   3.904861e+01 -1.522109e+02 5.768186e+00
      vertex   3.941638e+01 -1.522109e+02 6.704098e+00
      vertex   3.866940e+01 -1.522109e+02 6.006461e+00
    endloop
  endfacet
  facet normal 0.000000e+00 -1.000000e+00 0.000000e+00
    outer loop
      vertex   3.866940e+01 -1.522109e+02 6.006461e+00
      vertex   3.941638e+01 -1.522109e+02 6.704098e+00
      vertex   3.920927e+01 -1.522109e+02 6.863017e+00
    endloop
  endfacet
  facet normal 0.000000e+00 -1.000000e+00 0.000000e+00
    outer loop
      vertex   3.866940e+01 -1.522109e+02 6.006461e+00
      vertex   3.920927e+01 -1.522109e+02 6.863017e+00
      vertex   3.835271e+01 -1.522109e+02 6.323144e+00
    endloop
  endfacet
  facet normal 0.000000e+00 -1.000000e+00 0.000000e+00
    outer loop
      vertex   3.835271e+01 -1.522109e+02 6.323144e+00
      vertex   3.920927e+01 -1.522109e+02 6.863017e+00
      vertex   3.905035e+01 -1.522109e+02 7.070124e+00
    endloop
  endfacet
  facet normal 0.000000e+00 -1.000000e+00 0.000000e+00
    outer loop
      vertex   3.835271e+01 -1.522109e+02 6.323144e+00
      vertex   3.905035e+01 -1.522109e+02 7.070124e+00
      vertex   3.811444e+01 -1.522109e+02 6.702356e+00
    endloop
  endfacet
  facet normal 0.000000e+00 -1.000000e+00 0.000000e+00
    outer loop
      vertex   3.811444e+01 -1.522109e+02 6.702356e+00
      vertex   3.905035e+01 -1.522109e+02 7.070124e+00
      vertex   3.895045e+01 -1.522109e+02 7.311305e+00
    endloop
  endfacet
  facet normal 0.000000e+00 -1.000000e+00 0.000000e+00
    outer loop
      vertex   3.811444e+01 -1.522109e+02 6.702356e+00
      vertex   3.895045e+01 -1.522109e+02 7.311305e+00
      vertex   3.796652e+01 -1.522109e+02 7.125082e+00
    endloop
  endfacet
  facet normal 0.000000e+00 -1.000000e+00 0.000000e+00
    outer loop
      vertex   3.796652e+01 -1.522109e+02 7.125082e+00
      vertex   3.895045e+01 -1.522109e+02 7.311305e+00
      vertex   3.891638e+01 -1.522109e+02 7.570124e+00
    endloop
  endfacet
  facet normal 0.000000e+00 -1.000000e+00 0.000000e+00
    outer loop
      vertex   3.796652e+01 -1.522109e+02 7.125082e+00
      vertex   3.891638e+01 -1.522109e+02 7.570124e+00
      vertex   3.791638e+01 -1.522109e+02 7.570124e+00
    endloop
  endfacet
  facet normal 0.000000e+00 -1.000000e+00 0.000000e+00
    outer loop
      vertex   3.791638e+01 -1.522109e+02 7.570124e+00
      vertex   3.891638e+01 -1.522109e+02 7.570124e+00
      vertex   3.796652e+01 -1.522109e+02 8.015165e+00
    endloop
  endfacet
  facet normal 0.000000e+00 -1.000000e+00 0.000000e+00
    outer loop
      vertex   3.796652e+01 -1.522109e+02 8.015165e+00
      vertex   3.891638e+01 -1.522109e+02 7.570124e+00
      vertex   3.895045e+01 -1.522109e+02 7.828943e+00
    endloop
  endfacet
  facet normal 0.000000e+00 -1.000000e+00 0.000000e+00
    outer loop
      vertex   3.796652e+01 -1.522109e+02 8.015165e+00
      vertex   3.895045e+01 -1.522109e+02 7.828943e+00
      vertex   3.811444e+01 -1.522109e+02 8.437891e+00
    endloop
  endfacet
  facet normal 0.000000e+00 -1.000000e+00 0.000000e+00
    outer loop
      vertex   3.811444e+01 -1.522109e+02 8.437891e+00
      vertex   3.895045e+01 -1.522109e+02 7.828943e+00
      vertex   3.905035e+01 -1.522109e+02 8.070124e+00
    endloop
  endfacet
  facet normal 0.000000e+00 -1.000000e+00 0.000000e+00
    outer loop
      vertex   3.811444e+01 -1.522109e+02 8.437891e+00
      vertex   3.905035e+01 -1.522109e+02 8.070124e+00
      vertex   3.835271e+01 -1.522109e+02 8.817103e+00
    endloop
  endfacet
  facet normal 0.000000e+00 -1.000000e+00 0.000000e+00
    outer loop
      vertex   3.835271e+01 -1.522109e+02 8.817103e+00
      vertex   3.905035e+01 -1.522109e+02 8.070124e+00
      vertex   3.920927e+01 -1.522109e+02 8.277230e+00
    endloop
  endfacet
  facet normal 0.000000e+00 -1.000000e+00 0.000000e+00
    outer loop
      vertex   3.835271e+01 -1.522109e+02 8.817103e+00
      vertex   3.920927e+01 -1.522109e+02 8.277230e+00
      vertex   3.866940e+01 -1.522109e+02 9.133787e+00
    endloop
  endfacet
  facet normal 0.000000e+00 -1.000000e+00 0.000000e+00
    outer loop
      vertex   3.866940e+01 -1.522109e+02 9.133787e+00
      vertex   3.920927e+01 -1.522109e+02 8.277230e+00
      vertex   3.941638e+01 -1.522109e+02 8.436149e+00
    endloop
  endfacet
  facet normal 0.000000e+00 -1.000000e+00 0.000000e+00
    outer loop
      vertex   3.866940e+01 -1.522109e+02 9.133787e+00
      vertex   3.941638e+01 -1.522109e+02 8.436149e+00
      vertex   3.904861e+01 -1.522109e+02 9.372061e+00
    endloop
  endfacet
  facet normal 0.000000e+00 -1.000000e+00 0.000000e+00
    outer loop
      vertex   3.904861e+01 -1.522109e+02 9.372061e+00
      vertex   3.941638e+01 -1.522109e+02 8.436149e+00
      vertex   3.965756e+01 -1.522109e+02 8.536049e+00
    endloop
  endfacet
  facet normal 0.000000e+00 -1.000000e+00 0.000000e+00
    outer loop
      vertex   3.904861e+01 -1.522109e+02 9.372061e+00
      vertex   3.965756e+01 -1.522109e+02 8.536049e+00
      vertex   3.947133e+01 -1.522109e+02 9.519979e+00
    endloop
  endfacet
  facet normal 0.000000e+00 -1.000000e+00 0.000000e+00
    outer loop
      vertex   3.947133e+01 -1.522109e+02 9.519979e+00
      vertex   3.965756e+01 -1.522109e+02 8.536049e+00
      vertex   3.991638e+01 -1.522109e+02 8.570124e+00
    endloop
  endfacet
  facet normal -9.937122e-01 -1.059112e-14 -1.119645e-01
    outer loop
      vertex   2.269305e+01 -1.542109e+02 8.015165e+00
      vertex   2.269305e+01 -1.522109e+02 8.015165e+00
      vertex   2.274319e+01 -1.542109e+02 7.570124e+00
    endloop
  endfacet
  facet normal -9.937122e-01 -8.776215e-15 -1.119645e-01
    outer loop
      vertex   2.274319e+01 -1.542109e+02 7.570124e+00
      vertex   2.269305e+01 -1.522109e+02 8.015165e+00
      vertex   2.274319e+01 -1.522109e+02 7.570124e+00
    endloop
  endfacet
  facet normal -9.937122e-01 -8.875660e-15 1.119645e-01
    outer loop
      vertex   2.274319e+01 -1.542109e+02 7.570124e+00
      vertex   2.274319e+01 -1.522109e+02 7.570124e+00
      vertex   2.269305e+01 -1.542109e+02 7.125082e+00
    endloop
  endfacet
  facet normal -9.937122e-01 -1.064085e-14 1.119645e-01
    outer loop
      vertex   2.269305e+01 -1.542109e+02 7.125082e+00
      vertex   2.274319e+01 -1.522109e+02 7.570124e+00
      vertex   2.269305e+01 -1.522109e+02 7.125082e+00
    endloop
  endfacet
  facet normal -9.438833e-01 -1.020672e-14 3.302791e-01
    outer loop
      vertex   2.269305e+01 -1.542109e+02 7.125082e+00
      vertex   2.269305e+01 -1.522109e+02 7.125082e+00
      vertex   2.254513e+01 -1.542109e+02 6.702356e+00
    endloop
  endfacet
  facet normal -9.438833e-01 -1.188339e-14 3.302791e-01
    outer loop
      vertex   2.254513e+01 -1.542109e+02 6.702356e+00
      vertex   2.269305e+01 -1.522109e+02 7.125082e+00
      vertex   2.254513e+01 -1.522109e+02 6.702356e+00
    endloop
  endfacet
  facet normal -8.467242e-01 -1.076486e-14 5.320321e-01
    outer loop
      vertex   2.254513e+01 -1.542109e+02 6.702356e+00
      vertex   2.254513e+01 -1.522109e+02 6.702356e+00
      vertex   2.230685e+01 -1.542109e+02 6.323144e+00
    endloop
  endfacet
  facet normal -8.467242e-01 -1.076486e-14 5.320321e-01
    outer loop
      vertex   2.230685e+01 -1.542109e+02 6.323144e+00
      vertex   2.254513e+01 -1.522109e+02 6.702356e+00
      vertex   2.230685e+01 -1.522109e+02 6.323144e+00
    endloop
  endfacet
  facet normal -7.071068e-01 -9.106536e-15 7.071068e-01
    outer loop
      vertex   2.230685e+01 -1.542109e+02 6.323144e+00
      vertex   2.230685e+01 -1.522109e+02 6.323144e+00
      vertex   2.199017e+01 -1.542109e+02 6.006461e+00
    endloop
  endfacet
  facet normal -7.071068e-01 -7.850462e-15 7.071068e-01
    outer loop
      vertex   2.199017e+01 -1.542109e+02 6.006461e+00
      vertex   2.230685e+01 -1.522109e+02 6.323144e+00
      vertex   2.199017e+01 -1.522109e+02 6.006461e+00
    endloop
  endfacet
  facet normal -5.320321e-01 -6.046494e-15 8.467242e-01
    outer loop
      vertex   2.199017e+01 -1.542109e+02 6.006461e+00
      vertex   2.199017e+01 -1.522109e+02 6.006461e+00
      vertex   2.161096e+01 -1.542109e+02 5.768186e+00
    endloop
  endfacet
  facet normal -5.320321e-01 -6.991573e-15 8.467242e-01
    outer loop
      vertex   2.161096e+01 -1.542109e+02 5.768186e+00
      vertex   2.199017e+01 -1.522109e+02 6.006461e+00
      vertex   2.161096e+01 -1.522109e+02 5.768186e+00
    endloop
  endfacet
  facet normal -3.302791e-01 -4.526023e-15 9.438833e-01
    outer loop
      vertex   2.161096e+01 -1.542109e+02 5.768186e+00
      vertex   2.161096e+01 -1.522109e+02 5.768186e+00
      vertex   2.118823e+01 -1.542109e+02 5.620268e+00
    endloop
  endfacet
  facet normal -3.302791e-01 -4.526023e-15 9.438833e-01
    outer loop
      vertex   2.118823e+01 -1.542109e+02 5.620268e+00
      vertex   2.161096e+01 -1.522109e+02 5.768186e+00
      vertex   2.118823e+01 -1.522109e+02 5.620268e+00
    endloop
  endfacet
  facet normal -1.119645e-01 -1.833519e-15 9.937122e-01
    outer loop
      vertex   2.118823e+01 -1.542109e+02 5.620268e+00
      vertex   2.118823e+01 -1.522109e+02 5.620268e+00
      vertex   2.074319e+01 -1.542109e+02 5.570124e+00
    endloop
  endfacet
  facet normal -1.119645e-01 -2.517224e-15 9.937122e-01
    outer loop
      vertex   2.074319e+01 -1.542109e+02 5.570124e+00
      vertex   2.118823e+01 -1.522109e+02 5.620268e+00
      vertex   2.074319e+01 -1.522109e+02 5.570124e+00
    endloop
  endfacet
  facet normal 1.119645e-01 -1.305574e-16 9.937122e-01
    outer loop
      vertex   2.074319e+01 -1.542109e+02 5.570124e+00
      vertex   2.074319e+01 -1.522109e+02 5.570124e+00
      vertex   2.029815e+01 -1.542109e+02 5.620268e+00
    endloop
  endfacet
  facet normal 1.119645e-01 7.520363e-16 9.937122e-01
    outer loop
      vertex   2.029815e+01 -1.542109e+02 5.620268e+00
      vertex   2.074319e+01 -1.522109e+02 5.570124e+00
      vertex   2.029815e+01 -1.522109e+02 5.620268e+00
    endloop
  endfacet
  facet normal 3.302791e-01 3.100992e-15 9.438833e-01
    outer loop
      vertex   2.029815e+01 -1.542109e+02 5.620268e+00
      vertex   2.029815e+01 -1.522109e+02 5.620268e+00
      vertex   1.987542e+01 -1.542109e+02 5.768186e+00
    endloop
  endfacet
  facet normal 3.302791e-01 3.687686e-15 9.438833e-01
    outer loop
      vertex   1.987542e+01 -1.542109e+02 5.768186e+00
      vertex   2.029815e+01 -1.522109e+02 5.620268e+00
      vertex   1.987542e+01 -1.522109e+02 5.768186e+00
    endloop
  endfacet
  facet normal 5.320321e-01 6.239531e-15 8.467242e-01
    outer loop
      vertex   1.987542e+01 -1.542109e+02 5.768186e+00
      vertex   1.987542e+01 -1.522109e+02 5.768186e+00
      vertex   1.949621e+01 -1.542109e+02 6.006461e+00
    endloop
  endfacet
  facet normal 5.320321e-01 6.239531e-15 8.467242e-01
    outer loop
      vertex   1.949621e+01 -1.542109e+02 6.006461e+00
      vertex   1.987542e+01 -1.522109e+02 5.768186e+00
      vertex   1.949621e+01 -1.522109e+02 6.006461e+00
    endloop
  endfacet
  facet normal 7.071068e-01 8.478499e-15 7.071068e-01
    outer loop
      vertex   1.949621e+01 -1.542109e+02 6.006461e+00
      vertex   1.949621e+01 -1.522109e+02 6.006461e+00
      vertex   1.917953e+01 -1.542109e+02 6.323144e+00
    endloop
  endfacet
  facet normal 7.071068e-01 6.594388e-15 7.071068e-01
    outer loop
      vertex   1.917953e+01 -1.542109e+02 6.323144e+00
      vertex   1.949621e+01 -1.522109e+02 6.006461e+00
      vertex   1.917953e+01 -1.522109e+02 6.323144e+00
    endloop
  endfacet
  facet normal 8.467242e-01 8.315697e-15 5.320321e-01
    outer loop
      vertex   1.917953e+01 -1.542109e+02 6.323144e+00
      vertex   1.917953e+01 -1.522109e+02 6.323144e+00
      vertex   1.894125e+01 -1.542109e+02 6.702356e+00
    endloop
  endfacet
  facet normal 8.467242e-01 8.551967e-15 5.320321e-01
    outer loop
      vertex   1.894125e+01 -1.542109e+02 6.702356e+00
      vertex   1.917953e+01 -1.522109e+02 6.323144e+00
      vertex   1.894125e+01 -1.522109e+02 6.702356e+00
    endloop
  endfacet
  facet normal 9.438833e-01 9.766695e-15 3.302791e-01
    outer loop
      vertex   1.894125e+01 -1.542109e+02 6.702356e+00
      vertex   1.894125e+01 -1.522109e+02 6.702356e+00
      vertex   1.879333e+01 -1.542109e+02 7.125082e+00
    endloop
  endfacet
  facet normal 9.438833e-01 9.913368e-15 3.302791e-01
    outer loop
      vertex   1.879333e+01 -1.542109e+02 7.125082e+00
      vertex   1.894125e+01 -1.522109e+02 6.702356e+00
      vertex   1.879333e+01 -1.522109e+02 7.125082e+00
    endloop
  endfacet
  facet normal 9.937122e-01 1.054140e-14 1.119645e-01
    outer loop
      vertex   1.879333e+01 -1.542109e+02 7.125082e+00
      vertex   1.879333e+01 -1.522109e+02 7.125082e+00
      vertex   1.874319e+01 -1.542109e+02 7.570124e+00
    endloop
  endfacet
  facet normal 9.937122e-01 1.054140e-14 1.119645e-01
    outer loop
      vertex   1.874319e+01 -1.542109e+02 7.570124e+00
      vertex   1.879333e+01 -1.522109e+02 7.125082e+00
      vertex   1.874319e+01 -1.522109e+02 7.570124e+00
    endloop
  endfacet
  facet normal 9.937122e-01 1.064085e-14 -1.119645e-01
    outer loop
      vertex   1.874319e+01 -1.542109e+02 7.570124e+00
      vertex   1.874319e+01 -1.522109e+02 7.570124e+00
      vertex   1.879333e+01 -1.542109e+02 8.015165e+00
    endloop
  endfacet
  facet normal 9.937122e-01 1.059112e-14 -1.119645e-01
    outer loop
      vertex   1.879333e+01 -1.542109e+02 8.015165e+00
      vertex   1.874319e+01 -1.522109e+02 7.570124e+00
      vertex   1.879333e+01 -1.522109e+02 8.015165e+00
    endloop
  endfacet
  facet normal 9.438833e-01 1.006004e-14 -3.302791e-01
    outer loop
      vertex   1.879333e+01 -1.542109e+02 8.015165e+00
      vertex   1.879333e+01 -1.522109e+02 8.015165e+00
      vertex   1.894125e+01 -1.542109e+02 8.437891e+00
    endloop
  endfacet
  facet normal 9.438833e-01 1.035339e-14 -3.302791e-01
    outer loop
      vertex   1.894125e+01 -1.542109e+02 8.437891e+00
      vertex   1.879333e+01 -1.522109e+02 8.015165e+00
      vertex   1.894125e+01 -1.522109e+02 8.437891e+00
    endloop
  endfacet
  facet normal 8.467242e-01 9.497045e-15 -5.320321e-01
    outer loop
      vertex   1.894125e+01 -1.542109e+02 8.437891e+00
      vertex   1.894125e+01 -1.522109e+02 8.437891e+00
      vertex   1.917953e+01 -1.542109e+02 8.817103e+00
    endloop
  endfacet
  facet normal 8.467242e-01 9.024506e-15 -5.320321e-01
    outer loop
      vertex   1.917953e+01 -1.542109e+02 8.817103e+00
      vertex   1.894125e+01 -1.522109e+02 8.437891e+00
      vertex   1.917953e+01 -1.522109e+02 8.817103e+00
    endloop
  endfacet
  facet normal 7.071068e-01 7.536444e-15 -7.071068e-01
    outer loop
      vertex   1.917953e+01 -1.542109e+02 8.817103e+00
      vertex   1.917953e+01 -1.522109e+02 8.817103e+00
      vertex   1.949621e+01 -1.542109e+02 9.133787e+00
    endloop
  endfacet
  facet normal 7.071068e-01 7.536444e-15 -7.071068e-01
    outer loop
      vertex   1.949621e+01 -1.542109e+02 9.133787e+00
      vertex   1.917953e+01 -1.522109e+02 8.817103e+00
      vertex   1.949621e+01 -1.522109e+02 9.133787e+00
    endloop
  endfacet
  facet normal 5.320321e-01 5.670473e-15 -8.467242e-01
    outer loop
      vertex   1.949621e+01 -1.542109e+02 9.133787e+00
      vertex   1.949621e+01 -1.522109e+02 9.133787e+00
      vertex   1.987542e+01 -1.542109e+02 9.372061e+00
    endloop
  endfacet
  facet normal 5.320321e-01 6.615552e-15 -8.467242e-01
    outer loop
      vertex   1.987542e+01 -1.542109e+02 9.372061e+00
      vertex   1.949621e+01 -1.522109e+02 9.133787e+00
      vertex   1.987542e+01 -1.522109e+02 9.372061e+00
    endloop
  endfacet
  facet normal 3.302791e-01 4.106854e-15 -9.438833e-01
    outer loop
      vertex   1.987542e+01 -1.542109e+02 9.372061e+00
      vertex   1.987542e+01 -1.522109e+02 9.372061e+00
      vertex   2.029815e+01 -1.542109e+02 9.519979e+00
    endloop
  endfacet
  facet normal 3.302791e-01 3.520161e-15 -9.438833e-01
    outer loop
      vertex   2.029815e+01 -1.542109e+02 9.519979e+00
      vertex   1.987542e+01 -1.522109e+02 9.372061e+00
      vertex   2.029815e+01 -1.522109e+02 9.519979e+00
    endloop
  endfacet
  facet normal 1.119645e-01 1.193333e-15 -9.937122e-01
    outer loop
      vertex   2.029815e+01 -1.542109e+02 9.519979e+00
      vertex   2.029815e+01 -1.522109e+02 9.519979e+00
      vertex   2.074319e+01 -1.542109e+02 9.570124e+00
    endloop
  endfacet
  facet normal 1.119645e-01 1.193333e-15 -9.937122e-01
    outer loop
      vertex   2.074319e+01 -1.542109e+02 9.570124e+00
      vertex   2.029815e+01 -1.522109e+02 9.519979e+00
      vertex   2.074319e+01 -1.522109e+02 9.570124e+00
    endloop
  endfacet
  facet normal -1.119645e-01 -1.193333e-15 -9.937122e-01
    outer loop
      vertex   2.074319e+01 -1.542109e+02 9.570124e+00
      vertex   2.074319e+01 -1.522109e+02 9.570124e+00
      vertex   2.118823e+01 -1.542109e+02 9.519979e+00
    endloop
  endfacet
  facet normal -1.119645e-01 -3.107394e-16 -9.937122e-01
    outer loop
      vertex   2.118823e+01 -1.542109e+02 9.519979e+00
      vertex   2.074319e+01 -1.522109e+02 9.570124e+00
      vertex   2.118823e+01 -1.522109e+02 9.519979e+00
    endloop
  endfacet
  facet normal -3.302791e-01 -2.681824e-15 -9.438833e-01
    outer loop
      vertex   2.118823e+01 -1.542109e+02 9.519979e+00
      vertex   2.118823e+01 -1.522109e+02 9.519979e+00
      vertex   2.161096e+01 -1.542109e+02 9.372061e+00
    endloop
  endfacet
  facet normal -3.302791e-01 -2.681824e-15 -9.438833e-01
    outer loop
      vertex   2.161096e+01 -1.542109e+02 9.372061e+00
      vertex   2.118823e+01 -1.522109e+02 9.519979e+00
      vertex   2.161096e+01 -1.522109e+02 9.372061e+00
    endloop
  endfacet
  facet normal -5.320321e-01 -4.918431e-15 -8.467242e-01
    outer loop
      vertex   2.161096e+01 -1.542109e+02 9.372061e+00
      vertex   2.161096e+01 -1.522109e+02 9.372061e+00
      vertex   2.199017e+01 -1.542109e+02 9.133787e+00
    endloop
  endfacet
  facet normal -5.320321e-01 -6.615552e-15 -8.467242e-01
    outer loop
      vertex   2.199017e+01 -1.542109e+02 9.133787e+00
      vertex   2.161096e+01 -1.522109e+02 9.372061e+00
      vertex   2.199017e+01 -1.522109e+02 9.133787e+00
    endloop
  endfacet
  facet normal -7.071068e-01 -8.792518e-15 -7.071068e-01
    outer loop
      vertex   2.199017e+01 -1.542109e+02 9.133787e+00
      vertex   2.199017e+01 -1.522109e+02 9.133787e+00
      vertex   2.230685e+01 -1.542109e+02 8.817103e+00
    endloop
  endfacet
  facet normal -7.071068e-01 -6.908407e-15 -7.071068e-01
    outer loop
      vertex   2.230685e+01 -1.542109e+02 8.817103e+00
      vertex   2.199017e+01 -1.522109e+02 9.133787e+00
      vertex   2.230685e+01 -1.522109e+02 8.817103e+00
    endloop
  endfacet
  facet normal -8.467242e-01 -8.551967e-15 -5.320321e-01
    outer loop
      vertex   2.230685e+01 -1.542109e+02 8.817103e+00
      vertex   2.230685e+01 -1.522109e+02 8.817103e+00
      vertex   2.254513e+01 -1.542109e+02 8.437891e+00
    endloop
  endfacet
  facet normal -8.467242e-01 -1.005605e-14 -5.320321e-01
    outer loop
      vertex   2.254513e+01 -1.542109e+02 8.437891e+00
      vertex   2.230685e+01 -1.522109e+02 8.817103e+00
      vertex   2.254513e+01 -1.522109e+02 8.437891e+00
    endloop
  endfacet
  facet normal -9.438833e-01 -1.144337e-14 -3.302791e-01
    outer loop
      vertex   2.254513e+01 -1.542109e+02 8.437891e+00
      vertex   2.254513e+01 -1.522109e+02 8.437891e+00
      vertex   2.269305e+01 -1.542109e+02 8.015165e+00
    endloop
  endfacet
  facet normal -9.438833e-01 -1.006004e-14 -3.302791e-01
    outer loop
      vertex   2.269305e+01 -1.542109e+02 8.015165e+00
      vertex   2.254513e+01 -1.522109e+02 8.437891e+00
      vertex   2.269305e+01 -1.522109e+02 8.015165e+00
    endloop
  endfacet
  facet normal 1.071433e-13 -1.000000e+00 -2.027841e-14
    outer loop
      vertex   2.100201e+01 -1.522109e+02 8.536049e+00
      vertex   2.118823e+01 -1.522109e+02 9.519979e+00
      vertex   2.074319e+01 -1.522109e+02 8.570124e+00
    endloop
  endfacet
  facet normal 3.202358e-15 -1.000000e+00 2.842171e-14
    outer loop
      vertex   2.074319e+01 -1.522109e+02 8.570124e+00
      vertex   2.118823e+01 -1.522109e+02 9.519979e+00
      vertex   2.074319e+01 -1.522109e+02 9.570124e+00
    endloop
  endfacet
  facet normal -3.202358e-15 -1.000000e+00 2.842171e-14
    outer loop
      vertex   2.074319e+01 -1.522109e+02 8.570124e+00
      vertex   2.074319e+01 -1.522109e+02 9.570124e+00
      vertex   2.029815e+01 -1.522109e+02 9.519979e+00
    endloop
  endfacet
  facet normal 0.000000e+00 -1.000000e+00 -0.000000e+00
    outer loop
      vertex   2.118823e+01 -1.522109e+02 9.519979e+00
      vertex   2.100201e+01 -1.522109e+02 8.536049e+00
      vertex   2.161096e+01 -1.522109e+02 9.372061e+00
    endloop
  endfacet
  facet normal 0.000000e+00 -1.000000e+00 0.000000e+00
    outer loop
      vertex   2.161096e+01 -1.522109e+02 9.372061e+00
      vertex   2.100201e+01 -1.522109e+02 8.536049e+00
      vertex   2.124319e+01 -1.522109e+02 8.436149e+00
    endloop
  endfacet
  facet normal 0.000000e+00 -1.000000e+00 -0.000000e+00
    outer loop
      vertex   2.161096e+01 -1.522109e+02 9.372061e+00
      vertex   2.124319e+01 -1.522109e+02 8.436149e+00
      vertex   2.199017e+01 -1.522109e+02 9.133787e+00
    endloop
  endfacet
  facet normal 0.000000e+00 -1.000000e+00 0.000000e+00
    outer loop
      vertex   2.199017e+01 -1.522109e+02 9.133787e+00
      vertex   2.124319e+01 -1.522109e+02 8.436149e+00
      vertex   2.145030e+01 -1.522109e+02 8.277230e+00
    endloop
  endfacet
  facet normal 0.000000e+00 -1.000000e+00 -0.000000e+00
    outer loop
      vertex   2.199017e+01 -1.522109e+02 9.133787e+00
      vertex   2.145030e+01 -1.522109e+02 8.277230e+00
      vertex   2.230685e+01 -1.522109e+02 8.817103e+00
    endloop
  endfacet
  facet normal 0.000000e+00 -1.000000e+00 0.000000e+00
    outer loop
      vertex   2.230685e+01 -1.522109e+02 8.817103e+00
      vertex   2.145030e+01 -1.522109e+02 8.277230e+00
      vertex   2.160922e+01 -1.522109e+02 8.070124e+00
    endloop
  endfacet
  facet normal 0.000000e+00 -1.000000e+00 -0.000000e+00
    outer loop
      vertex   2.230685e+01 -1.522109e+02 8.817103e+00
      vertex   2.160922e+01 -1.522109e+02 8.070124e+00
      vertex   2.254513e+01 -1.522109e+02 8.437891e+00
    endloop
  endfacet
  facet normal 0.000000e+00 -1.000000e+00 0.000000e+00
    outer loop
      vertex   2.254513e+01 -1.522109e+02 8.437891e+00
      vertex   2.160922e+01 -1.522109e+02 8.070124e+00
      vertex   2.170912e+01 -1.522109e+02 7.828943e+00
    endloop
  endfacet
  facet normal 0.000000e+00 -1.000000e+00 -0.000000e+00
    outer loop
      vertex   2.254513e+01 -1.522109e+02 8.437891e+00
      vertex   2.170912e+01 -1.522109e+02 7.828943e+00
      vertex   2.269305e+01 -1.522109e+02 8.015165e+00
    endloop
  endfacet
  facet normal 0.000000e+00 -1.000000e+00 0.000000e+00
    outer loop
      vertex   2.269305e+01 -1.522109e+02 8.015165e+00
      vertex   2.170912e+01 -1.522109e+02 7.828943e+00
      vertex   2.174319e+01 -1.522109e+02 7.570124e+00
    endloop
  endfacet
  facet normal 0.000000e+00 -1.000000e+00 -0.000000e+00
    outer loop
      vertex   2.269305e+01 -1.522109e+02 8.015165e+00
      vertex   2.174319e+01 -1.522109e+02 7.570124e+00
      vertex   2.274319e+01 -1.522109e+02 7.570124e+00
    endloop
  endfacet
  facet normal -0.000000e+00 -1.000000e+00 0.000000e+00
    outer loop
      vertex   2.274319e+01 -1.522109e+02 7.570124e+00
      vertex   2.174319e+01 -1.522109e+02 7.570124e+00
      vertex   2.269305e+01 -1.522109e+02 7.125082e+00
    endloop
  endfacet
  facet normal 0.000000e+00 -1.000000e+00 0.000000e+00
    outer loop
      vertex   2.269305e+01 -1.522109e+02 7.125082e+00
      vertex   2.174319e+01 -1.522109e+02 7.570124e+00
      vertex   2.170912e+01 -1.522109e+02 7.311305e+00
    endloop
  endfacet
  facet normal -0.000000e+00 -1.000000e+00 0.000000e+00
    outer loop
      vertex   2.269305e+01 -1.522109e+02 7.125082e+00
      vertex   2.170912e+01 -1.522109e+02 7.311305e+00
      vertex   2.254513e+01 -1.522109e+02 6.702356e+00
    endloop
  endfacet
  facet normal 0.000000e+00 -1.000000e+00 0.000000e+00
    outer loop
      vertex   2.254513e+01 -1.522109e+02 6.702356e+00
      vertex   2.170912e+01 -1.522109e+02 7.311305e+00
      vertex   2.160922e+01 -1.522109e+02 7.070124e+00
    endloop
  endfacet
  facet normal -0.000000e+00 -1.000000e+00 0.000000e+00
    outer loop
      vertex   2.254513e+01 -1.522109e+02 6.702356e+00
      vertex   2.160922e+01 -1.522109e+02 7.070124e+00
      vertex   2.230685e+01 -1.522109e+02 6.323144e+00
    endloop
  endfacet
  facet normal 0.000000e+00 -1.000000e+00 0.000000e+00
    outer loop
      vertex   2.230685e+01 -1.522109e+02 6.323144e+00
      vertex   2.160922e+01 -1.522109e+02 7.070124e+00
      vertex   2.145030e+01 -1.522109e+02 6.863017e+00
    endloop
  endfacet
  facet normal -0.000000e+00 -1.000000e+00 0.000000e+00
    outer loop
      vertex   2.230685e+01 -1.522109e+02 6.323144e+00
      vertex   2.145030e+01 -1.522109e+02 6.863017e+00
      vertex   2.199017e+01 -1.522109e+02 6.006461e+00
    endloop
  endfacet
  facet normal 0.000000e+00 -1.000000e+00 0.000000e+00
    outer loop
      vertex   2.199017e+01 -1.522109e+02 6.006461e+00
      vertex   2.145030e+01 -1.522109e+02 6.863017e+00
      vertex   2.124319e+01 -1.522109e+02 6.704098e+00
    endloop
  endfacet
  facet normal -0.000000e+00 -1.000000e+00 0.000000e+00
    outer loop
      vertex   2.199017e+01 -1.522109e+02 6.006461e+00
      vertex   2.124319e+01 -1.522109e+02 6.704098e+00
      vertex   2.161096e+01 -1.522109e+02 5.768186e+00
    endloop
  endfacet
  facet normal 0.000000e+00 -1.000000e+00 0.000000e+00
    outer loop
      vertex   2.161096e+01 -1.522109e+02 5.768186e+00
      vertex   2.124319e+01 -1.522109e+02 6.704098e+00
      vertex   2.100201e+01 -1.522109e+02 6.604198e+00
    endloop
  endfacet
  facet normal -0.000000e+00 -1.000000e+00 0.000000e+00
    outer loop
      vertex   2.161096e+01 -1.522109e+02 5.768186e+00
      vertex   2.100201e+01 -1.522109e+02 6.604198e+00
      vertex   2.118823e+01 -1.522109e+02 5.620268e+00
    endloop
  endfacet
  facet normal 0.000000e+00 -1.000000e+00 0.000000e+00
    outer loop
      vertex   2.118823e+01 -1.522109e+02 5.620268e+00
      vertex   2.100201e+01 -1.522109e+02 6.604198e+00
      vertex   2.074319e+01 -1.522109e+02 6.570124e+00
    endloop
  endfacet
  facet normal -0.000000e+00 -1.000000e+00 0.000000e+00
    outer loop
      vertex   2.118823e+01 -1.522109e+02 5.620268e+00
      vertex   2.074319e+01 -1.522109e+02 6.570124e+00
      vertex   2.074319e+01 -1.522109e+02 5.570124e+00
    endloop
  endfacet
  facet normal 0.000000e+00 -1.000000e+00 0.000000e+00
    outer loop
      vertex   2.074319e+01 -1.522109e+02 5.570124e+00
      vertex   2.074319e+01 -1.522109e+02 6.570124e+00
      vertex   2.029815e+01 -1.522109e+02 5.620268e+00
    endloop
  endfacet
  facet normal 0.000000e+00 -1.000000e+00 0.000000e+00
    outer loop
      vertex   2.029815e+01 -1.522109e+02 5.620268e+00
      vertex   2.074319e+01 -1.522109e+02 6.570124e+00
      vertex   2.048437e+01 -1.522109e+02 6.604198e+00
    endloop
  endfacet
  facet normal 0.000000e+00 -1.000000e+00 0.000000e+00
    outer loop
      vertex   2.029815e+01 -1.522109e+02 5.620268e+00
      vertex   2.048437e+01 -1.522109e+02 6.604198e+00
      vertex   1.987542e+01 -1.522109e+02 5.768186e+00
    endloop
  endfacet
  facet normal 0.000000e+00 -1.000000e+00 0.000000e+00
    outer loop
      vertex   1.987542e+01 -1.522109e+02 5.768186e+00
      vertex   2.048437e+01 -1.522109e+02 6.604198e+00
      vertex   2.024319e+01 -1.522109e+02 6.704098e+00
    endloop
  endfacet
  facet normal 6.010821e-14 -1.000000e+00 -2.361957e-14
    outer loop
      vertex   1.987542e+01 -1.522109e+02 5.768186e+00
      vertex   2.024319e+01 -1.522109e+02 6.704098e+00
      vertex   1.949621e+01 -1.522109e+02 6.006461e+00
    endloop
  endfacet
  facet normal 1.716122e-14 -1.000000e+00 2.236494e-14
    outer loop
      vertex   1.949621e+01 -1.522109e+02 6.006461e+00
      vertex   2.024319e+01 -1.522109e+02 6.704098e+00
      vertex   2.003608e+01 -1.522109e+02 6.863017e+00
    endloop
  endfacet
  facet normal 2.035314e-14 -1.000000e+00 2.035314e-14
    outer loop
      vertex   1.949621e+01 -1.522109e+02 6.006461e+00
      vertex   2.003608e+01 -1.522109e+02 6.863017e+00
      vertex   1.917953e+01 -1.522109e+02 6.323144e+00
    endloop
  endfacet
  facet normal 2.236494e-14 -1.000000e+00 1.716122e-14
    outer loop
      vertex   1.917953e+01 -1.522109e+02 6.323144e+00
      vertex   2.003608e+01 -1.522109e+02 6.863017e+00
      vertex   1.987716e+01 -1.522109e+02 7.070124e+00
    endloop
  endfacet
  facet normal 2.435459e-14 -1.000000e+00 1.530300e-14
    outer loop
      vertex   1.917953e+01 -1.522109e+02 6.323144e+00
      vertex   1.987716e+01 -1.522109e+02 7.070124e+00
      vertex   1.894125e+01 -1.522109e+02 6.702356e+00
    endloop
  endfacet
  facet normal 6.594174e-14 -1.000000e+00 -9.052996e-14
    outer loop
      vertex   1.894125e+01 -1.522109e+02 6.702356e+00
      vertex   1.987716e+01 -1.522109e+02 7.070124e+00
      vertex   1.977726e+01 -1.522109e+02 7.311305e+00
    endloop
  endfacet
  facet normal 0.000000e+00 -1.000000e+00 0.000000e+00
    outer loop
      vertex   1.894125e+01 -1.522109e+02 6.702356e+00
      vertex   1.977726e+01 -1.522109e+02 7.311305e+00
      vertex   1.879333e+01 -1.522109e+02 7.125082e+00
    endloop
  endfacet
  facet normal 0.000000e+00 -1.000000e+00 0.000000e+00
    outer loop
      vertex   1.879333e+01 -1.522109e+02 7.125082e+00
      vertex   1.977726e+01 -1.522109e+02 7.311305e+00
      vertex   1.974319e+01 -1.522109e+02 7.570124e+00
    endloop
  endfacet
  facet normal 0.000000e+00 -1.000000e+00 0.000000e+00
    outer loop
      vertex   1.879333e+01 -1.522109e+02 7.125082e+00
      vertex   1.974319e+01 -1.522109e+02 7.570124e+00
      vertex   1.874319e+01 -1.522109e+02 7.570124e+00
    endloop
  endfacet
  facet normal 0.000000e+00 -1.000000e+00 0.000000e+00
    outer loop
      vertex   1.874319e+01 -1.522109e+02 7.570124e+00
      vertex   1.974319e+01 -1.522109e+02 7.570124e+00
      vertex   1.879333e+01 -1.522109e+02 8.015165e+00
    endloop
  endfacet
  facet normal 0.000000e+00 -1.000000e+00 0.000000e+00
    outer loop
      vertex   1.879333e+01 -1.522109e+02 8.015165e+00
      vertex   1.974319e+01 -1.522109e+02 7.570124e+00
      vertex   1.977726e+01 -1.522109e+02 7.828943e+00
    endloop
  endfacet
  facet normal 0.000000e+00 -1.000000e+00 0.000000e+00
    outer loop
      vertex   1.879333e+01 -1.522109e+02 8.015165e+00
      vertex   1.977726e+01 -1.522109e+02 7.828943e+00
      vertex   1.894125e+01 -1.522109e+02 8.437891e+00
    endloop
  endfacet
  facet normal 6.594174e-14 -1.000000e+00 9.052996e-14
    outer loop
      vertex   1.894125e+01 -1.522109e+02 8.437891e+00
      vertex   1.977726e+01 -1.522109e+02 7.828943e+00
      vertex   1.987716e+01 -1.522109e+02 8.070124e+00
    endloop
  endfacet
  facet normal 2.435459e-14 -1.000000e+00 -1.530300e-14
    outer loop
      vertex   1.894125e+01 -1.522109e+02 8.437891e+00
      vertex   1.987716e+01 -1.522109e+02 8.070124e+00
      vertex   1.917953e+01 -1.522109e+02 8.817103e+00
    endloop
  endfacet
  facet normal 2.236494e-14 -1.000000e+00 -1.716122e-14
    outer loop
      vertex   1.917953e+01 -1.522109e+02 8.817103e+00
      vertex   1.987716e+01 -1.522109e+02 8.070124e+00
      vertex   2.003608e+01 -1.522109e+02 8.277230e+00
    endloop
  endfacet
  facet normal 2.035314e-14 -1.000000e+00 -2.035314e-14
    outer loop
      vertex   1.917953e+01 -1.522109e+02 8.817103e+00
      vertex   2.003608e+01 -1.522109e+02 8.277230e+00
      vertex   1.949621e+01 -1.522109e+02 9.133787e+00
    endloop
  endfacet
  facet normal 1.716122e-14 -1.000000e+00 -2.236494e-14
    outer loop
      vertex   1.949621e+01 -1.522109e+02 9.133787e+00
      vertex   2.003608e+01 -1.522109e+02 8.277230e+00
      vertex   2.024319e+01 -1.522109e+02 8.436149e+00
    endloop
  endfacet
  facet normal 6.010821e-14 -1.000000e+00 2.361957e-14
    outer loop
      vertex   1.949621e+01 -1.522109e+02 9.133787e+00
      vertex   2.024319e+01 -1.522109e+02 8.436149e+00
      vertex   1.987542e+01 -1.522109e+02 9.372061e+00
    endloop
  endfacet
  facet normal 0.000000e+00 -1.000000e+00 0.000000e+00
    outer loop
      vertex   1.987542e+01 -1.522109e+02 9.372061e+00
      vertex   2.024319e+01 -1.522109e+02 8.436149e+00
      vertex   2.048437e+01 -1.522109e+02 8.536049e+00
    endloop
  endfacet
  facet normal 0.000000e+00 -1.000000e+00 0.000000e+00
    outer loop
      vertex   1.987542e+01 -1.522109e+02 9.372061e+00
      vertex   2.048437e+01 -1.522109e+02 8.536049e+00
      vertex   2.029815e+01 -1.522109e+02 9.519979e+00
    endloop
  endfacet
  facet normal -1.071433e-13 -1.000000e+00 -2.027841e-14
    outer loop
      vertex   2.029815e+01 -1.522109e+02 9.519979e+00
      vertex   2.048437e+01 -1.522109e+02 8.536049e+00
      vertex   2.074319e+01 -1.522109e+02 8.570124e+00
    endloop
  endfacet
  facet normal 2.190332e-04 1.000000e+00 9.710582e-13
    outer loop
      vertex   2.370891e+01 -1.359080e+02 2.801416e+01
      vertex   2.370891e+01 -1.359080e+02 2.981416e+01
      vertex   3.694891e+01 -1.359109e+02 2.801416e+01
    endloop
  endfacet
  facet normal 2.190332e-04 1.000000e+00 9.552688e-13
    outer loop
      vertex   3.694891e+01 -1.359109e+02 2.801416e+01
      vertex   2.370891e+01 -1.359080e+02 2.981416e+01
      vertex   3.694891e+01 -1.359109e+02 2.981416e+01
    endloop
  endfacet
  facet normal -1.000000e+00 2.190332e-04 3.612341e-11
    outer loop
      vertex   3.694989e+01 -1.314109e+02 2.801416e+01
      vertex   3.694891e+01 -1.359109e+02 2.801416e+01
      vertex   3.694989e+01 -1.314109e+02 2.981416e+01
    endloop
  endfacet
  facet normal -1.000000e+00 2.190332e-04 3.611947e-11
    outer loop
      vertex   3.694989e+01 -1.314109e+02 2.981416e+01
      vertex   3.694891e+01 -1.359109e+02 2.801416e+01
      vertex   3.694891e+01 -1.359109e+02 2.981416e+01
    endloop
  endfacet
  facet normal -3.612047e-11 9.758287e-13 -1.000000e+00
    outer loop
      vertex   3.694989e+01 -1.314109e+02 2.981416e+01
      vertex   3.694891e+01 -1.359109e+02 2.981416e+01
      vertex   2.370989e+01 -1.314080e+02 2.981416e+01
    endloop
  endfacet
  facet normal -3.612047e-11 9.758287e-13 -1.000000e+00
    outer loop
      vertex   2.370989e+01 -1.314080e+02 2.981416e+01
      vertex   3.694891e+01 -1.359109e+02 2.981416e+01
      vertex   2.370891e+01 -1.359080e+02 2.981416e+01
    endloop
  endfacet
  facet normal 1.305262e-01 1.426835e-15 -9.914449e-01
    outer loop
      vertex   3.965756e+01 -1.522109e+02 8.536049e+00
      vertex   3.965756e+01 -1.509109e+02 8.536049e+00
      vertex   3.991638e+01 -1.522109e+02 8.570124e+00
    endloop
  endfacet
  facet normal 1.305262e-01 1.426835e-15 -9.914449e-01
    outer loop
      vertex   3.991638e+01 -1.522109e+02 8.570124e+00
      vertex   3.965756e+01 -1.509109e+02 8.536049e+00
      vertex   3.991638e+01 -1.509109e+02 8.570124e+00
    endloop
  endfacet
  facet normal -1.305262e-01 -1.426835e-15 -9.914449e-01
    outer loop
      vertex   3.991638e+01 -1.522109e+02 8.570124e+00
      vertex   3.991638e+01 -1.509109e+02 8.570124e+00
      vertex   4.017519e+01 -1.522109e+02 8.536049e+00
    endloop
  endfacet
  facet normal -1.305262e-01 -2.140253e-15 -9.914449e-01
    outer loop
      vertex   4.017519e+01 -1.522109e+02 8.536049e+00
      vertex   3.991638e+01 -1.509109e+02 8.570124e+00
      vertex   4.017519e+01 -1.509109e+02 8.536049e+00
    endloop
  endfacet
  facet normal -3.826834e-01 -6.274903e-15 -9.238795e-01
    outer loop
      vertex   4.017519e+01 -1.522109e+02 8.536049e+00
      vertex   4.017519e+01 -1.509109e+02 8.536049e+00
      vertex   4.041638e+01 -1.522109e+02 8.436149e+00
    endloop
  endfacet
  facet normal -3.826834e-01 -6.274903e-15 -9.238795e-01
    outer loop
      vertex   4.041638e+01 -1.522109e+02 8.436149e+00
      vertex   4.017519e+01 -1.509109e+02 8.536049e+00
      vertex   4.041638e+01 -1.509109e+02 8.436149e+00
    endloop
  endfacet
  facet normal -6.087614e-01 -9.981930e-15 -7.933533e-01
    outer loop
      vertex   4.041638e+01 -1.522109e+02 8.436149e+00
      vertex   4.041638e+01 -1.509109e+02 8.436149e+00
      vertex   4.062348e+01 -1.522109e+02 8.277230e+00
    endloop
  endfacet
  facet normal -6.087614e-01 -6.654620e-15 -7.933533e-01
    outer loop
      vertex   4.062348e+01 -1.522109e+02 8.277230e+00
      vertex   4.041638e+01 -1.509109e+02 8.436149e+00
      vertex   4.062348e+01 -1.509109e+02 8.277230e+00
    endloop
  endfacet
  facet normal -7.933533e-01 -8.672469e-15 -6.087614e-01
    outer loop
      vertex   4.062348e+01 -1.522109e+02 8.277230e+00
      vertex   4.062348e+01 -1.509109e+02 8.277230e+00
      vertex   4.078240e+01 -1.522109e+02 8.070124e+00
    endloop
  endfacet
  facet normal -7.933533e-01 -1.300870e-14 -6.087614e-01
    outer loop
      vertex   4.078240e+01 -1.522109e+02 8.070124e+00
      vertex   4.062348e+01 -1.509109e+02 8.277230e+00
      vertex   4.078240e+01 -1.509109e+02 8.070124e+00
    endloop
  endfacet
  facet normal -9.238795e-01 -1.514896e-14 -3.826834e-01
    outer loop
      vertex   4.078240e+01 -1.522109e+02 8.070124e+00
      vertex   4.078240e+01 -1.509109e+02 8.070124e+00
      vertex   4.088230e+01 -1.522109e+02 7.828943e+00
    endloop
  endfacet
  facet normal -9.238795e-01 -1.009930e-14 -3.826834e-01
    outer loop
      vertex   4.088230e+01 -1.522109e+02 7.828943e+00
      vertex   4.078240e+01 -1.509109e+02 8.070124e+00
      vertex   4.088230e+01 -1.509109e+02 7.828943e+00
    endloop
  endfacet
  facet normal -9.914449e-01 -1.083789e-14 -1.305262e-01
    outer loop
      vertex   4.088230e+01 -1.522109e+02 7.828943e+00
      vertex   4.088230e+01 -1.509109e+02 7.828943e+00
      vertex   4.091638e+01 -1.522109e+02 7.570124e+00
    endloop
  endfacet
  facet normal -9.914449e-01 -1.083789e-14 -1.305262e-01
    outer loop
      vertex   4.091638e+01 -1.522109e+02 7.570124e+00
      vertex   4.088230e+01 -1.509109e+02 7.828943e+00
      vertex   4.091638e+01 -1.509109e+02 7.570124e+00
    endloop
  endfacet
  facet normal -9.914449e-01 -1.083789e-14 1.305262e-01
    outer loop
      vertex   4.091638e+01 -1.522109e+02 7.570124e+00
      vertex   4.091638e+01 -1.509109e+02 7.570124e+00
      vertex   4.088230e+01 -1.522109e+02 7.311305e+00
    endloop
  endfacet
  facet normal -9.914449e-01 -1.083789e-14 1.305262e-01
    outer loop
      vertex   4.088230e+01 -1.522109e+02 7.311305e+00
      vertex   4.091638e+01 -1.509109e+02 7.570124e+00
      vertex   4.088230e+01 -1.509109e+02 7.311305e+00
    endloop
  endfacet
  facet normal -9.238795e-01 -1.009930e-14 3.826834e-01
    outer loop
      vertex   4.088230e+01 -1.522109e+02 7.311305e+00
      vertex   4.088230e+01 -1.509109e+02 7.311305e+00
      vertex   4.078240e+01 -1.522109e+02 7.070124e+00
    endloop
  endfacet
  facet normal -9.238795e-01 -1.514896e-14 3.826834e-01
    outer loop
      vertex   4.078240e+01 -1.522109e+02 7.070124e+00
      vertex   4.088230e+01 -1.509109e+02 7.311305e+00
      vertex   4.078240e+01 -1.509109e+02 7.070124e+00
    endloop
  endfacet
  facet normal -7.933533e-01 -1.300870e-14 6.087614e-01
    outer loop
      vertex   4.078240e+01 -1.522109e+02 7.070124e+00
      vertex   4.078240e+01 -1.509109e+02 7.070124e+00
      vertex   4.062348e+01 -1.522109e+02 6.863017e+00
    endloop
  endfacet
  facet normal -7.933533e-01 -1.300870e-14 6.087614e-01
    outer loop
      vertex   4.062348e+01 -1.522109e+02 6.863017e+00
      vertex   4.078240e+01 -1.509109e+02 7.070124e+00
      vertex   4.062348e+01 -1.509109e+02 6.863017e+00
    endloop
  endfacet
  facet normal -6.087614e-01 -9.981930e-15 7.933533e-01
    outer loop
      vertex   4.062348e+01 -1.522109e+02 6.863017e+00
      vertex   4.062348e+01 -1.509109e+02 6.863017e+00
      vertex   4.041638e+01 -1.522109e+02 6.704098e+00
    endloop
  endfacet
  facet normal -6.087614e-01 -9.981930e-15 7.933533e-01
    outer loop
      vertex   4.041638e+01 -1.522109e+02 6.704098e+00
      vertex   4.062348e+01 -1.509109e+02 6.863017e+00
      vertex   4.041638e+01 -1.509109e+02 6.704098e+00
    endloop
  endfacet
  facet normal -3.826834e-01 -6.274903e-15 9.238795e-01
    outer loop
      vertex   4.041638e+01 -1.522109e+02 6.704098e+00
      vertex   4.041638e+01 -1.509109e+02 6.704098e+00
      vertex   4.017519e+01 -1.522109e+02 6.604198e+00
    endloop
  endfacet
  facet normal -3.826834e-01 -4.183269e-15 9.238795e-01
    outer loop
      vertex   4.017519e+01 -1.522109e+02 6.604198e+00
      vertex   4.041638e+01 -1.509109e+02 6.704098e+00
      vertex   4.017519e+01 -1.509109e+02 6.604198e+00
    endloop
  endfacet
  facet normal -1.305262e-01 -1.426835e-15 9.914449e-01
    outer loop
      vertex   4.017519e+01 -1.522109e+02 6.604198e+00
      vertex   4.017519e+01 -1.509109e+02 6.604198e+00
      vertex   3.991638e+01 -1.522109e+02 6.570124e+00
    endloop
  endfacet
  facet normal -1.305262e-01 -1.426835e-15 9.914449e-01
    outer loop
      vertex   3.991638e+01 -1.522109e+02 6.570124e+00
      vertex   4.017519e+01 -1.509109e+02 6.604198e+00
      vertex   3.991638e+01 -1.509109e+02 6.570124e+00
    endloop
  endfacet
  facet normal 1.305262e-01 1.426835e-15 9.914449e-01
    outer loop
      vertex   3.991638e+01 -1.522109e+02 6.570124e+00
      vertex   3.991638e+01 -1.509109e+02 6.570124e+00
      vertex   3.965756e+01 -1.522109e+02 6.604198e+00
    endloop
  endfacet
  facet normal 1.305262e-01 1.426835e-15 9.914449e-01
    outer loop
      vertex   3.965756e+01 -1.522109e+02 6.604198e+00
      vertex   3.991638e+01 -1.509109e+02 6.570124e+00
      vertex   3.965756e+01 -1.509109e+02 6.604198e+00
    endloop
  endfacet
  facet normal 3.826834e-01 4.183269e-15 9.238795e-01
    outer loop
      vertex   3.965756e+01 -1.522109e+02 6.604198e+00
      vertex   3.965756e+01 -1.509109e+02 6.604198e+00
      vertex   3.941638e+01 -1.522109e+02 6.704098e+00
    endloop
  endfacet
  facet normal 3.826834e-01 4.183269e-15 9.238795e-01
    outer loop
      vertex   3.941638e+01 -1.522109e+02 6.704098e+00
      vertex   3.965756e+01 -1.509109e+02 6.604198e+00
      vertex   3.941638e+01 -1.509109e+02 6.704098e+00
    endloop
  endfacet
  facet normal 6.087614e-01 6.654620e-15 7.933533e-01
    outer loop
      vertex   3.941638e+01 -1.522109e+02 6.704098e+00
      vertex   3.941638e+01 -1.509109e+02 6.704098e+00
      vertex   3.920927e+01 -1.522109e+02 6.863017e+00
    endloop
  endfacet
  facet normal 6.087614e-01 6.654620e-15 7.933533e-01
    outer loop
      vertex   3.920927e+01 -1.522109e+02 6.863017e+00
      vertex   3.941638e+01 -1.509109e+02 6.704098e+00
      vertex   3.920927e+01 -1.509109e+02 6.863017e+00
    endloop
  endfacet
  facet normal 7.933533e-01 8.672469e-15 6.087614e-01
    outer loop
      vertex   3.920927e+01 -1.522109e+02 6.863017e+00
      vertex   3.920927e+01 -1.509109e+02 6.863017e+00
      vertex   3.905035e+01 -1.522109e+02 7.070124e+00
    endloop
  endfacet
  facet normal 7.933533e-01 8.672469e-15 6.087614e-01
    outer loop
      vertex   3.905035e+01 -1.522109e+02 7.070124e+00
      vertex   3.920927e+01 -1.509109e+02 6.863017e+00
      vertex   3.905035e+01 -1.509109e+02 7.070124e+00
    endloop
  endfacet
  facet normal 9.238795e-01 1.009930e-14 3.826834e-01
    outer loop
      vertex   3.905035e+01 -1.522109e+02 7.070124e+00
      vertex   3.905035e+01 -1.509109e+02 7.070124e+00
      vertex   3.895045e+01 -1.522109e+02 7.311305e+00
    endloop
  endfacet
  facet normal 9.238795e-01 1.514896e-14 3.826834e-01
    outer loop
      vertex   3.895045e+01 -1.522109e+02 7.311305e+00
      vertex   3.905035e+01 -1.509109e+02 7.070124e+00
      vertex   3.895045e+01 -1.509109e+02 7.311305e+00
    endloop
  endfacet
  facet normal 9.914449e-01 1.625683e-14 1.305262e-01
    outer loop
      vertex   3.895045e+01 -1.522109e+02 7.311305e+00
      vertex   3.895045e+01 -1.509109e+02 7.311305e+00
      vertex   3.891638e+01 -1.522109e+02 7.570124e+00
    endloop
  endfacet
  facet normal 9.914449e-01 1.625683e-14 1.305262e-01
    outer loop
      vertex   3.891638e+01 -1.522109e+02 7.570124e+00
      vertex   3.895045e+01 -1.509109e+02 7.311305e+00
      vertex   3.891638e+01 -1.509109e+02 7.570124e+00
    endloop
  endfacet
  facet normal 9.914449e-01 1.625683e-14 -1.305262e-01
    outer loop
      vertex   3.891638e+01 -1.522109e+02 7.570124e+00
      vertex   3.891638e+01 -1.509109e+02 7.570124e+00
      vertex   3.895045e+01 -1.522109e+02 7.828943e+00
    endloop
  endfacet
  facet normal 9.914449e-01 1.625683e-14 -1.305262e-01
    outer loop
      vertex   3.895045e+01 -1.522109e+02 7.828943e+00
      vertex   3.891638e+01 -1.509109e+02 7.570124e+00
      vertex   3.895045e+01 -1.509109e+02 7.828943e+00
    endloop
  endfacet
  facet normal 9.238795e-01 1.514896e-14 -3.826834e-01
    outer loop
      vertex   3.895045e+01 -1.522109e+02 7.828943e+00
      vertex   3.895045e+01 -1.509109e+02 7.828943e+00
      vertex   3.905035e+01 -1.522109e+02 8.070124e+00
    endloop
  endfacet
  facet normal 9.238795e-01 1.514896e-14 -3.826834e-01
    outer loop
      vertex   3.905035e+01 -1.522109e+02 8.070124e+00
      vertex   3.895045e+01 -1.509109e+02 7.828943e+00
      vertex   3.905035e+01 -1.509109e+02 8.070124e+00
    endloop
  endfacet
  facet normal 7.933533e-01 1.300870e-14 -6.087614e-01
    outer loop
      vertex   3.905035e+01 -1.522109e+02 8.070124e+00
      vertex   3.905035e+01 -1.509109e+02 8.070124e+00
      vertex   3.920927e+01 -1.522109e+02 8.277230e+00
    endloop
  endfacet
  facet normal 7.933533e-01 8.672469e-15 -6.087614e-01
    outer loop
      vertex   3.920927e+01 -1.522109e+02 8.277230e+00
      vertex   3.905035e+01 -1.509109e+02 8.070124e+00
      vertex   3.920927e+01 -1.509109e+02 8.277230e+00
    endloop
  endfacet
  facet normal 6.087614e-01 6.654620e-15 -7.933533e-01
    outer loop
      vertex   3.920927e+01 -1.522109e+02 8.277230e+00
      vertex   3.920927e+01 -1.509109e+02 8.277230e+00
      vertex   3.941638e+01 -1.522109e+02 8.436149e+00
    endloop
  endfacet
  facet normal 6.087614e-01 9.981930e-15 -7.933533e-01
    outer loop
      vertex   3.941638e+01 -1.522109e+02 8.436149e+00
      vertex   3.920927e+01 -1.509109e+02 8.277230e+00
      vertex   3.941638e+01 -1.509109e+02 8.436149e+00
    endloop
  endfacet
  facet normal 3.826834e-01 6.274903e-15 -9.238795e-01
    outer loop
      vertex   3.941638e+01 -1.522109e+02 8.436149e+00
      vertex   3.941638e+01 -1.509109e+02 8.436149e+00
      vertex   3.965756e+01 -1.522109e+02 8.536049e+00
    endloop
  endfacet
  facet normal 3.826834e-01 4.183269e-15 -9.238795e-01
    outer loop
      vertex   3.965756e+01 -1.522109e+02 8.536049e+00
      vertex   3.941638e+01 -1.509109e+02 8.436149e+00
      vertex   3.965756e+01 -1.509109e+02 8.536049e+00
    endloop
  endfacet
  facet normal 1.305262e-01 3.567088e-16 -9.914449e-01
    outer loop
      vertex   2.048437e+01 -1.522109e+02 8.536049e+00
      vertex   2.048437e+01 -1.509109e+02 8.536049e+00
      vertex   2.074319e+01 -1.522109e+02 8.570124e+00
    endloop
  endfacet
  facet normal 1.305262e-01 1.711445e-15 -9.914449e-01
    outer loop
      vertex   2.074319e+01 -1.522109e+02 8.570124e+00
      vertex   2.048437e+01 -1.509109e+02 8.536049e+00
      vertex   2.074319e+01 -1.509109e+02 8.570124e+00
    endloop
  endfacet
  facet normal -1.305262e-01 9.980273e-16 -9.914449e-01
    outer loop
      vertex   2.074319e+01 -1.522109e+02 8.570124e+00
      vertex   2.074319e+01 -1.509109e+02 8.570124e+00
      vertex   2.100201e+01 -1.522109e+02 8.536049e+00
    endloop
  endfacet
  facet normal -1.305262e-01 -3.567088e-16 -9.914449e-01
    outer loop
      vertex   2.100201e+01 -1.522109e+02 8.536049e+00
      vertex   2.074319e+01 -1.509109e+02 8.570124e+00
      vertex   2.100201e+01 -1.509109e+02 8.536049e+00
    endloop
  endfacet
  facet normal -3.826834e-01 -1.045817e-15 -9.238795e-01
    outer loop
      vertex   2.100201e+01 -1.522109e+02 8.536049e+00
      vertex   2.100201e+01 -1.509109e+02 8.536049e+00
      vertex   2.124319e+01 -1.522109e+02 8.436149e+00
    endloop
  endfacet
  facet normal -3.826834e-01 0.000000e+00 -9.238795e-01
    outer loop
      vertex   2.124319e+01 -1.522109e+02 8.436149e+00
      vertex   2.100201e+01 -1.509109e+02 8.536049e+00
      vertex   2.124319e+01 -1.509109e+02 8.436149e+00
    endloop
  endfacet
  facet normal -6.087614e-01 0.000000e+00 -7.933533e-01
    outer loop
      vertex   2.124319e+01 -1.522109e+02 8.436149e+00
      vertex   2.124319e+01 -1.509109e+02 8.436149e+00
      vertex   2.145030e+01 -1.522109e+02 8.277230e+00
    endloop
  endfacet
  facet normal -6.087614e-01 -1.663655e-15 -7.933533e-01
    outer loop
      vertex   2.145030e+01 -1.522109e+02 8.277230e+00
      vertex   2.124319e+01 -1.509109e+02 8.436149e+00
      vertex   2.145030e+01 -1.509109e+02 8.277230e+00
    endloop
  endfacet
  facet normal -7.933533e-01 -2.168117e-15 -6.087614e-01
    outer loop
      vertex   2.145030e+01 -1.522109e+02 8.277230e+00
      vertex   2.145030e+01 -1.509109e+02 8.277230e+00
      vertex   2.160922e+01 -1.522109e+02 8.070124e+00
    endloop
  endfacet
  facet normal -7.933533e-01 -4.336235e-15 -6.087614e-01
    outer loop
      vertex   2.160922e+01 -1.522109e+02 8.070124e+00
      vertex   2.145030e+01 -1.509109e+02 8.277230e+00
      vertex   2.160922e+01 -1.509109e+02 8.070124e+00
    endloop
  endfacet
  facet normal -9.238795e-01 -5.049652e-15 -3.826834e-01
    outer loop
      vertex   2.160922e+01 -1.522109e+02 8.070124e+00
      vertex   2.160922e+01 -1.509109e+02 8.070124e+00
      vertex   2.170912e+01 -1.522109e+02 7.828943e+00
    endloop
  endfacet
  facet normal -9.238795e-01 -5.049652e-15 -3.826834e-01
    outer loop
      vertex   2.170912e+01 -1.522109e+02 7.828943e+00
      vertex   2.160922e+01 -1.509109e+02 8.070124e+00
      vertex   2.170912e+01 -1.509109e+02 7.828943e+00
    endloop
  endfacet
  facet normal -9.914449e-01 -5.418944e-15 -1.305262e-01
    outer loop
      vertex   2.170912e+01 -1.522109e+02 7.828943e+00
      vertex   2.170912e+01 -1.509109e+02 7.828943e+00
      vertex   2.174319e+01 -1.522109e+02 7.570124e+00
    endloop
  endfacet
  facet normal -9.914449e-01 -5.418944e-15 -1.305262e-01
    outer loop
      vertex   2.174319e+01 -1.522109e+02 7.570124e+00
      vertex   2.170912e+01 -1.509109e+02 7.828943e+00
      vertex   2.174319e+01 -1.509109e+02 7.570124e+00
    endloop
  endfacet
  facet normal -9.914449e-01 -5.418944e-15 1.305262e-01
    outer loop
      vertex   2.174319e+01 -1.522109e+02 7.570124e+00
      vertex   2.174319e+01 -1.509109e+02 7.570124e+00
      vertex   2.170912e+01 -1.522109e+02 7.311305e+00
    endloop
  endfacet
  facet normal -9.914449e-01 -5.418944e-15 1.305262e-01
    outer loop
      vertex   2.170912e+01 -1.522109e+02 7.311305e+00
      vertex   2.174319e+01 -1.509109e+02 7.570124e+00
      vertex   2.170912e+01 -1.509109e+02 7.311305e+00
    endloop
  endfacet
  facet normal -9.238795e-01 -5.049652e-15 3.826834e-01
    outer loop
      vertex   2.170912e+01 -1.522109e+02 7.311305e+00
      vertex   2.170912e+01 -1.509109e+02 7.311305e+00
      vertex   2.160922e+01 -1.522109e+02 7.070124e+00
    endloop
  endfacet
  facet normal -9.238795e-01 -2.524826e-15 3.826834e-01
    outer loop
      vertex   2.160922e+01 -1.522109e+02 7.070124e+00
      vertex   2.170912e+01 -1.509109e+02 7.311305e+00
      vertex   2.160922e+01 -1.509109e+02 7.070124e+00
    endloop
  endfacet
  facet normal -7.933533e-01 -2.168117e-15 6.087614e-01
    outer loop
      vertex   2.160922e+01 -1.522109e+02 7.070124e+00
      vertex   2.160922e+01 -1.509109e+02 7.070124e+00
      vertex   2.145030e+01 -1.522109e+02 6.863017e+00
    endloop
  endfacet
  facet normal -7.933533e-01 -2.168117e-15 6.087614e-01
    outer loop
      vertex   2.145030e+01 -1.522109e+02 6.863017e+00
      vertex   2.160922e+01 -1.509109e+02 7.070124e+00
      vertex   2.145030e+01 -1.509109e+02 6.863017e+00
    endloop
  endfacet
  facet normal -6.087614e-01 -1.663655e-15 7.933533e-01
    outer loop
      vertex   2.145030e+01 -1.522109e+02 6.863017e+00
      vertex   2.145030e+01 -1.509109e+02 6.863017e+00
      vertex   2.124319e+01 -1.522109e+02 6.704098e+00
    endloop
  endfacet
  facet normal -6.087614e-01 -3.327310e-15 7.933533e-01
    outer loop
      vertex   2.124319e+01 -1.522109e+02 6.704098e+00
      vertex   2.145030e+01 -1.509109e+02 6.863017e+00
      vertex   2.124319e+01 -1.509109e+02 6.704098e+00
    endloop
  endfacet
  facet normal -3.826834e-01 -2.091634e-15 9.238795e-01
    outer loop
      vertex   2.124319e+01 -1.522109e+02 6.704098e+00
      vertex   2.124319e+01 -1.509109e+02 6.704098e+00
      vertex   2.100201e+01 -1.522109e+02 6.604198e+00
    endloop
  endfacet
  facet normal -3.826834e-01 -1.045817e-15 9.238795e-01
    outer loop
      vertex   2.100201e+01 -1.522109e+02 6.604198e+00
      vertex   2.124319e+01 -1.509109e+02 6.704098e+00
      vertex   2.100201e+01 -1.509109e+02 6.604198e+00
    endloop
  endfacet
  facet normal -1.305262e-01 -3.567088e-16 9.914449e-01
    outer loop
      vertex   2.100201e+01 -1.522109e+02 6.604198e+00
      vertex   2.100201e+01 -1.509109e+02 6.604198e+00
      vertex   2.074319e+01 -1.522109e+02 6.570124e+00
    endloop
  endfacet
  facet normal -1.305262e-01 -3.567088e-16 9.914449e-01
    outer loop
      vertex   2.074319e+01 -1.522109e+02 6.570124e+00
      vertex   2.100201e+01 -1.509109e+02 6.604198e+00
      vertex   2.074319e+01 -1.509109e+02 6.570124e+00
    endloop
  endfacet
  facet normal 1.305262e-01 3.567088e-16 9.914449e-01
    outer loop
      vertex   2.074319e+01 -1.522109e+02 6.570124e+00
      vertex   2.074319e+01 -1.509109e+02 6.570124e+00
      vertex   2.048437e+01 -1.522109e+02 6.604198e+00
    endloop
  endfacet
  facet normal 1.305262e-01 7.134176e-16 9.914449e-01
    outer loop
      vertex   2.048437e+01 -1.522109e+02 6.604198e+00
      vertex   2.074319e+01 -1.509109e+02 6.570124e+00
      vertex   2.048437e+01 -1.509109e+02 6.604198e+00
    endloop
  endfacet
  facet normal 3.826834e-01 2.091634e-15 9.238795e-01
    outer loop
      vertex   2.048437e+01 -1.522109e+02 6.604198e+00
      vertex   2.048437e+01 -1.509109e+02 6.604198e+00
      vertex   2.024319e+01 -1.522109e+02 6.704098e+00
    endloop
  endfacet
  facet normal 3.826834e-01 1.045817e-15 9.238795e-01
    outer loop
      vertex   2.024319e+01 -1.522109e+02 6.704098e+00
      vertex   2.048437e+01 -1.509109e+02 6.604198e+00
      vertex   2.024319e+01 -1.509109e+02 6.704098e+00
    endloop
  endfacet
  facet normal 6.087614e-01 1.663655e-15 7.933533e-01
    outer loop
      vertex   2.024319e+01 -1.522109e+02 6.704098e+00
      vertex   2.024319e+01 -1.509109e+02 6.704098e+00
      vertex   2.003608e+01 -1.522109e+02 6.863017e+00
    endloop
  endfacet
  facet normal 6.087614e-01 1.663655e-15 7.933533e-01
    outer loop
      vertex   2.003608e+01 -1.522109e+02 6.863017e+00
      vertex   2.024319e+01 -1.509109e+02 6.704098e+00
      vertex   2.003608e+01 -1.509109e+02 6.863017e+00
    endloop
  endfacet
  facet normal 7.933533e-01 2.168117e-15 6.087614e-01
    outer loop
      vertex   2.003608e+01 -1.522109e+02 6.863017e+00
      vertex   2.003608e+01 -1.509109e+02 6.863017e+00
      vertex   1.987716e+01 -1.522109e+02 7.070124e+00
    endloop
  endfacet
  facet normal 7.933533e-01 2.168117e-15 6.087614e-01
    outer loop
      vertex   1.987716e+01 -1.522109e+02 7.070124e+00
      vertex   2.003608e+01 -1.509109e+02 6.863017e+00
      vertex   1.987716e+01 -1.509109e+02 7.070124e+00
    endloop
  endfacet
  facet normal 9.238795e-01 2.524826e-15 3.826834e-01
    outer loop
      vertex   1.987716e+01 -1.522109e+02 7.070124e+00
      vertex   1.987716e+01 -1.509109e+02 7.070124e+00
      vertex   1.977726e+01 -1.522109e+02 7.311305e+00
    endloop
  endfacet
  facet normal 9.238795e-01 2.524826e-15 3.826834e-01
    outer loop
      vertex   1.977726e+01 -1.522109e+02 7.311305e+00
      vertex   1.987716e+01 -1.509109e+02 7.070124e+00
      vertex   1.977726e+01 -1.509109e+02 7.311305e+00
    endloop
  endfacet
  facet normal 9.914449e-01 2.709472e-15 1.305262e-01
    outer loop
      vertex   1.977726e+01 -1.522109e+02 7.311305e+00
      vertex   1.977726e+01 -1.509109e+02 7.311305e+00
      vertex   1.974319e+01 -1.522109e+02 7.570124e+00
    endloop
  endfacet
  facet normal 9.914449e-01 2.709472e-15 1.305262e-01
    outer loop
      vertex   1.974319e+01 -1.522109e+02 7.570124e+00
      vertex   1.977726e+01 -1.509109e+02 7.311305e+00
      vertex   1.974319e+01 -1.509109e+02 7.570124e+00
    endloop
  endfacet
  facet normal 9.914449e-01 2.709472e-15 -1.305262e-01
    outer loop
      vertex   1.974319e+01 -1.522109e+02 7.570124e+00
      vertex   1.974319e+01 -1.509109e+02 7.570124e+00
      vertex   1.977726e+01 -1.522109e+02 7.828943e+00
    endloop
  endfacet
  facet normal 9.914449e-01 2.709472e-15 -1.305262e-01
    outer loop
      vertex   1.977726e+01 -1.522109e+02 7.828943e+00
      vertex   1.974319e+01 -1.509109e+02 7.570124e+00
      vertex   1.977726e+01 -1.509109e+02 7.828943e+00
    endloop
  endfacet
  facet normal 9.238795e-01 2.524826e-15 -3.826834e-01
    outer loop
      vertex   1.977726e+01 -1.522109e+02 7.828943e+00
      vertex   1.977726e+01 -1.509109e+02 7.828943e+00
      vertex   1.987716e+01 -1.522109e+02 8.070124e+00
    endloop
  endfacet
  facet normal 9.238795e-01 2.524826e-15 -3.826834e-01
    outer loop
      vertex   1.987716e+01 -1.522109e+02 8.070124e+00
      vertex   1.977726e+01 -1.509109e+02 7.828943e+00
      vertex   1.987716e+01 -1.509109e+02 8.070124e+00
    endloop
  endfacet
  facet normal 7.933533e-01 2.168117e-15 -6.087614e-01
    outer loop
      vertex   1.987716e+01 -1.522109e+02 8.070124e+00
      vertex   1.987716e+01 -1.509109e+02 8.070124e+00
      vertex   2.003608e+01 -1.522109e+02 8.277230e+00
    endloop
  endfacet
  facet normal 7.933533e-01 2.168117e-15 -6.087614e-01
    outer loop
      vertex   2.003608e+01 -1.522109e+02 8.277230e+00
      vertex   1.987716e+01 -1.509109e+02 8.070124e+00
      vertex   2.003608e+01 -1.509109e+02 8.277230e+00
    endloop
  endfacet
  facet normal 6.087614e-01 1.663655e-15 -7.933533e-01
    outer loop
      vertex   2.003608e+01 -1.522109e+02 8.277230e+00
      vertex   2.003608e+01 -1.509109e+02 8.277230e+00
      vertex   2.024319e+01 -1.522109e+02 8.436149e+00
    endloop
  endfacet
  facet normal 6.087614e-01 1.663655e-15 -7.933533e-01
    outer loop
      vertex   2.024319e+01 -1.522109e+02 8.436149e+00
      vertex   2.003608e+01 -1.509109e+02 8.277230e+00
      vertex   2.024319e+01 -1.509109e+02 8.436149e+00
    endloop
  endfacet
  facet normal 3.826834e-01 1.045817e-15 -9.238795e-01
    outer loop
      vertex   2.024319e+01 -1.522109e+02 8.436149e+00
      vertex   2.024319e+01 -1.509109e+02 8.436149e+00
      vertex   2.048437e+01 -1.522109e+02 8.536049e+00
    endloop
  endfacet
  facet normal 3.826834e-01 1.045817e-15 -9.238795e-01
    outer loop
      vertex   2.048437e+01 -1.522109e+02 8.536049e+00
      vertex   2.024319e+01 -1.509109e+02 8.436149e+00
      vertex   2.048437e+01 -1.509109e+02 8.536049e+00
    endloop
  endfacet
  facet normal -7.536475e-01 6.389349e-01 -1.542002e-01
    outer loop
      vertex   2.103517e+01 -1.371329e+02 2.741416e+01
      vertex   1.762978e+01 -1.411497e+02 2.741416e+01
      vertex   2.058053e+01 -1.370344e+02 3.004440e+01
    endloop
  endfacet
  facet normal -7.536475e-01 6.389349e-01 -1.542002e-01
    outer loop
      vertex   2.058053e+01 -1.370344e+02 3.004440e+01
      vertex   1.762978e+01 -1.411497e+02 2.741416e+01
      vertex   9.409578e+00 -1.502109e+02 3.004440e+01
    endloop
  endfacet
  facet normal -7.536475e-01 6.389349e-01 -1.542002e-01
    outer loop
      vertex   9.409578e+00 -1.502109e+02 3.004440e+01
      vertex   1.762978e+01 -1.411497e+02 2.741416e+01
      vertex   1.202918e+01 -1.479609e+02 2.656416e+01
    endloop
  endfacet
  facet normal -7.536475e-01 6.389349e-01 -1.542002e-01
    outer loop
      vertex   9.409578e+00 -1.502109e+02 3.004440e+01
      vertex   1.202918e+01 -1.479609e+02 2.656416e+01
      vertex   1.058202e+01 -1.502109e+02 2.431416e+01
    endloop
  endfacet
  facet normal -7.536475e-01 6.389349e-01 -1.542002e-01
    outer loop
      vertex   1.762978e+01 -1.411497e+02 2.741416e+01
      vertex   1.762978e+01 -1.413548e+02 2.656416e+01
      vertex   1.202918e+01 -1.479609e+02 2.656416e+01
    endloop
  endfacet
  facet normal -9.362524e-01 -3.177293e-01 -1.499318e-01
    outer loop
      vertex   2.155968e+01 -1.318662e+02 2.741416e+01
      vertex   2.194573e+01 -1.330038e+02 2.741416e+01
      vertex   2.146350e+01 -1.318660e+02 2.801416e+01
    endloop
  endfacet
  facet normal -9.362524e-01 -3.177293e-01 -1.499318e-01
    outer loop
      vertex   2.146350e+01 -1.318660e+02 2.801416e+01
      vertex   2.194573e+01 -1.330038e+02 2.741416e+01
      vertex   2.149109e+01 -1.329053e+02 3.004440e+01
    endloop
  endfacet
  facet normal -9.362524e-01 -3.177293e-01 -1.499318e-01
    outer loop
      vertex   2.146350e+01 -1.318660e+02 2.801416e+01
      vertex   2.149109e+01 -1.329053e+02 3.004440e+01
      vertex   2.028078e+01 -1.283809e+02 2.801416e+01
    endloop
  endfacet
  facet normal -9.362524e-01 -3.177293e-01 -1.499318e-01
    outer loop
      vertex   2.028078e+01 -1.283809e+02 2.801416e+01
      vertex   2.149109e+01 -1.329053e+02 3.004440e+01
      vertex   1.748880e+01 -1.211118e+02 3.004440e+01
    endloop
  endfacet
  facet normal -9.362524e-01 -3.177293e-01 -1.499318e-01
    outer loop
      vertex   2.028078e+01 -1.283809e+02 2.801416e+01
      vertex   1.748880e+01 -1.211118e+02 3.004440e+01
      vertex   1.809036e+01 -1.212421e+02 2.656416e+01
    endloop
  endfacet
  facet normal -9.362524e-01 -3.177293e-01 -1.499318e-01
    outer loop
      vertex   1.809036e+01 -1.212421e+02 2.656416e+01
      vertex   2.051322e+01 -1.283816e+02 2.656416e+01
      vertex   2.028078e+01 -1.283809e+02 2.801416e+01
    endloop
  endfacet
  facet normal -9.852145e-01 -2.616359e-02 -1.693156e-01
    outer loop
      vertex   2.197911e+01 -1.342608e+02 2.741416e+01
      vertex   2.152447e+01 -1.341623e+02 3.004440e+01
      vertex   2.194573e+01 -1.330038e+02 2.741416e+01
    endloop
  endfacet
  facet normal -9.852145e-01 -2.616359e-02 -1.693156e-01
    outer loop
      vertex   2.194573e+01 -1.330038e+02 2.741416e+01
      vertex   2.152447e+01 -1.341623e+02 3.004440e+01
      vertex   2.149109e+01 -1.329053e+02 3.004440e+01
    endloop
  endfacet
  facet normal -9.699103e-01 1.702600e-01 -1.740273e-01
    outer loop
      vertex   2.183701e+01 -1.350703e+02 2.741416e+01
      vertex   2.138237e+01 -1.349718e+02 3.004440e+01
      vertex   2.197911e+01 -1.342608e+02 2.741416e+01
    endloop
  endfacet
  facet normal -9.699103e-01 1.702600e-01 -1.740273e-01
    outer loop
      vertex   2.197911e+01 -1.342608e+02 2.741416e+01
      vertex   2.138237e+01 -1.349718e+02 3.004440e+01
      vertex   2.152447e+01 -1.341623e+02 3.004440e+01
    endloop
  endfacet
  facet normal -9.521037e-01 2.514475e-01 -1.739903e-01
    outer loop
      vertex   2.183701e+01 -1.350703e+02 2.741416e+01
      vertex   2.157133e+01 -1.360763e+02 2.741416e+01
      vertex   2.138237e+01 -1.349718e+02 3.004440e+01
    endloop
  endfacet
  facet normal -9.521037e-01 2.514475e-01 -1.739903e-01
    outer loop
      vertex   2.138237e+01 -1.349718e+02 3.004440e+01
      vertex   2.157133e+01 -1.360763e+02 2.741416e+01
      vertex   2.111669e+01 -1.359778e+02 3.004440e+01
    endloop
  endfacet
  facet normal -8.789851e-01 4.460335e-01 -1.686398e-01
    outer loop
      vertex   2.157133e+01 -1.360763e+02 2.741416e+01
      vertex   2.103517e+01 -1.371329e+02 2.741416e+01
      vertex   2.111669e+01 -1.359778e+02 3.004440e+01
    endloop
  endfacet
  facet normal -8.789851e-01 4.460335e-01 -1.686398e-01
    outer loop
      vertex   2.111669e+01 -1.359778e+02 3.004440e+01
      vertex   2.103517e+01 -1.371329e+02 2.741416e+01
      vertex   2.058053e+01 -1.370344e+02 3.004440e+01
    endloop
  endfacet
  facet normal 1.000000e+00 -2.148959e-14 -5.616397e-15
    outer loop
      vertex   2.320478e+01 -1.505359e+02 2.801416e+01
      vertex   2.320478e+01 -1.402859e+02 2.801416e+01
      vertex   2.320478e+01 -1.505359e+02 3.054440e+01
    endloop
  endfacet
  facet normal 1.000000e+00 -2.114298e-14 -4.212298e-15
    outer loop
      vertex   2.320478e+01 -1.505359e+02 3.054440e+01
      vertex   2.320478e+01 -1.402859e+02 2.801416e+01
      vertex   2.320478e+01 -1.402859e+02 3.054440e+01
    endloop
  endfacet
  facet normal 9.937122e-01 -1.119645e-01 -4.185812e-15
    outer loop
      vertex   2.320478e+01 -1.402859e+02 3.054440e+01
      vertex   2.320478e+01 -1.402859e+02 2.801416e+01
      vertex   2.325493e+01 -1.398409e+02 3.054440e+01
    endloop
  endfacet
  facet normal 9.937122e-01 -1.119645e-01 -4.323408e-15
    outer loop
      vertex   2.325493e+01 -1.398409e+02 3.054440e+01
      vertex   2.320478e+01 -1.402859e+02 2.801416e+01
      vertex   2.325493e+01 -1.398409e+02 2.801416e+01
    endloop
  endfacet
  facet normal 9.438833e-01 -3.302791e-01 -1.591267e-15
    outer loop
      vertex   2.325493e+01 -1.398409e+02 3.054440e+01
      vertex   2.325493e+01 -1.398409e+02 2.801416e+01
      vertex   2.340284e+01 -1.394182e+02 3.054440e+01
    endloop
  endfacet
  facet normal 9.438833e-01 -3.302791e-01 -7.951835e-15
    outer loop
      vertex   2.340284e+01 -1.394182e+02 3.054440e+01
      vertex   2.325493e+01 -1.398409e+02 2.801416e+01
      vertex   2.340284e+01 -1.394182e+02 2.801416e+01
    endloop
  endfacet
  facet normal 8.467242e-01 -5.320321e-01 -7.133309e-15
    outer loop
      vertex   2.340284e+01 -1.394182e+02 3.054440e+01
      vertex   2.340284e+01 -1.394182e+02 2.801416e+01
      vertex   2.364112e+01 -1.390389e+02 3.054440e+01
    endloop
  endfacet
  facet normal 8.467242e-01 -5.320321e-01 -1.157102e-15
    outer loop
      vertex   2.364112e+01 -1.390389e+02 3.054440e+01
      vertex   2.340284e+01 -1.394182e+02 2.801416e+01
      vertex   2.364112e+01 -1.390389e+02 2.801416e+01
    endloop
  endfacet
  facet normal 7.071068e-01 -7.071068e-01 1.985696e-15
    outer loop
      vertex   2.364112e+01 -1.390389e+02 3.054440e+01
      vertex   2.364112e+01 -1.390389e+02 2.801416e+01
      vertex   2.395780e+01 -1.387223e+02 3.054440e+01
    endloop
  endfacet
  facet normal 7.071068e-01 -7.071068e-01 8.935633e-15
    outer loop
      vertex   2.395780e+01 -1.387223e+02 3.054440e+01
      vertex   2.364112e+01 -1.390389e+02 2.801416e+01
      vertex   2.395780e+01 -1.387223e+02 2.801416e+01
    endloop
  endfacet
  facet normal 5.320321e-01 -8.467242e-01 1.379298e-14
    outer loop
      vertex   2.395780e+01 -1.387223e+02 3.054440e+01
      vertex   2.395780e+01 -1.387223e+02 2.801416e+01
      vertex   2.433702e+01 -1.384840e+02 3.054440e+01
    endloop
  endfacet
  facet normal 5.320321e-01 -8.467242e-01 5.028923e-15
    outer loop
      vertex   2.433702e+01 -1.384840e+02 3.054440e+01
      vertex   2.395780e+01 -1.387223e+02 2.801416e+01
      vertex   2.433702e+01 -1.384840e+02 2.801416e+01
    endloop
  endfacet
  facet normal 3.302791e-01 -9.438833e-01 7.819979e-15
    outer loop
      vertex   2.433702e+01 -1.384840e+02 3.054440e+01
      vertex   2.433702e+01 -1.384840e+02 2.801416e+01
      vertex   2.475974e+01 -1.383361e+02 3.054440e+01
    endloop
  endfacet
  facet normal 3.302791e-01 -9.438833e-01 -2.782467e-15
    outer loop
      vertex   2.475974e+01 -1.383361e+02 3.054440e+01
      vertex   2.433702e+01 -1.384840e+02 2.801416e+01
      vertex   2.475974e+01 -1.383361e+02 2.801416e+01
    endloop
  endfacet
  facet normal 1.119645e-01 -9.937122e-01 -9.432554e-16
    outer loop
      vertex   2.475974e+01 -1.383361e+02 3.054440e+01
      vertex   2.475974e+01 -1.383361e+02 2.801416e+01
      vertex   2.520478e+01 -1.382859e+02 3.054440e+01
    endloop
  endfacet
  facet normal 1.119645e-01 -9.937122e-01 -7.860462e-16
    outer loop
      vertex   2.520478e+01 -1.382859e+02 3.054440e+01
      vertex   2.475974e+01 -1.383361e+02 2.801416e+01
      vertex   2.520478e+01 -1.382859e+02 2.801416e+01
    endloop
  endfacet
  facet normal 1.903035e-14 -5.377915e-16 -1.000000e+00
    outer loop
      vertex   1.762978e+01 -1.479609e+02 2.656416e+01
      vertex   1.202918e+01 -1.479609e+02 2.656416e+01
      vertex   1.762978e+01 -1.413548e+02 2.656416e+01
    endloop
  endfacet
  facet normal 1.663710e-14 1.000000e+00 -9.344055e-29
    outer loop
      vertex   3.545478e+01 -1.525359e+02 2.801416e+01
      vertex   2.520478e+01 -1.525359e+02 2.801416e+01
      vertex   3.545478e+01 -1.525359e+02 3.054440e+01
    endloop
  endfacet
  facet normal 2.218280e-14 1.000000e+00 -2.246559e-14
    outer loop
      vertex   3.545478e+01 -1.525359e+02 3.054440e+01
      vertex   2.520478e+01 -1.525359e+02 2.801416e+01
      vertex   2.520478e+01 -1.525359e+02 3.054440e+01
    endloop
  endfacet
  facet normal 1.119645e-01 9.937122e-01 -2.311037e-14
    outer loop
      vertex   2.520478e+01 -1.525359e+02 3.054440e+01
      vertex   2.520478e+01 -1.525359e+02 2.801416e+01
      vertex   2.475974e+01 -1.524858e+02 3.054440e+01
    endloop
  endfacet
  facet normal 1.119645e-01 9.937122e-01 -1.163379e-14
    outer loop
      vertex   2.475974e+01 -1.524858e+02 3.054440e+01
      vertex   2.520478e+01 -1.525359e+02 2.801416e+01
      vertex   2.475974e+01 -1.524858e+02 2.801416e+01
    endloop
  endfacet
  facet normal 3.302791e-01 9.438833e-01 -1.199368e-14
    outer loop
      vertex   2.475974e+01 -1.524858e+02 3.054440e+01
      vertex   2.475974e+01 -1.524858e+02 2.801416e+01
      vertex   2.433702e+01 -1.523379e+02 3.054440e+01
    endloop
  endfacet
  facet normal 3.302791e-01 9.438833e-01 -1.106619e-14
    outer loop
      vertex   2.433702e+01 -1.523379e+02 3.054440e+01
      vertex   2.475974e+01 -1.524858e+02 2.801416e+01
      vertex   2.433702e+01 -1.523379e+02 2.801416e+01
    endloop
  endfacet
  facet normal 5.320321e-01 8.467242e-01 -1.025810e-14
    outer loop
      vertex   2.433702e+01 -1.523379e+02 3.054440e+01
      vertex   2.433702e+01 -1.523379e+02 2.801416e+01
      vertex   2.395780e+01 -1.520996e+02 3.054440e+01
    endloop
  endfacet
  facet normal 5.320321e-01 8.467242e-01 -1.494052e-15
    outer loop
      vertex   2.395780e+01 -1.520996e+02 3.054440e+01
      vertex   2.433702e+01 -1.523379e+02 2.801416e+01
      vertex   2.395780e+01 -1.520996e+02 2.801416e+01
    endloop
  endfacet
  facet normal 7.071068e-01 7.071068e-01 -1.985696e-15
    outer loop
      vertex   2.395780e+01 -1.520996e+02 3.054440e+01
      vertex   2.395780e+01 -1.520996e+02 2.801416e+01
      vertex   2.364112e+01 -1.517829e+02 3.054440e+01
    endloop
  endfacet
  facet normal 7.071068e-01 7.071068e-01 -1.687842e-14
    outer loop
      vertex   2.364112e+01 -1.517829e+02 3.054440e+01
      vertex   2.395780e+01 -1.520996e+02 2.801416e+01
      vertex   2.364112e+01 -1.517829e+02 2.801416e+01
    endloop
  endfacet
  facet normal 8.467242e-01 5.320321e-01 -1.314130e-14
    outer loop
      vertex   2.364112e+01 -1.517829e+02 3.054440e+01
      vertex   2.364112e+01 -1.517829e+02 2.801416e+01
      vertex   2.340284e+01 -1.514037e+02 3.054440e+01
    endloop
  endfacet
  facet normal 8.467242e-01 5.320321e-01 -1.188885e-15
    outer loop
      vertex   2.340284e+01 -1.514037e+02 3.054440e+01
      vertex   2.364112e+01 -1.517829e+02 2.801416e+01
      vertex   2.340284e+01 -1.514037e+02 2.801416e+01
    endloop
  endfacet
  facet normal 9.438833e-01 3.302791e-01 -1.325306e-15
    outer loop
      vertex   2.340284e+01 -1.514037e+02 3.054440e+01
      vertex   2.340284e+01 -1.514037e+02 2.801416e+01
      vertex   2.325493e+01 -1.509810e+02 3.054440e+01
    endloop
  endfacet
  facet normal 9.438833e-01 3.302791e-01 -5.035262e-15
    outer loop
      vertex   2.325493e+01 -1.509810e+02 3.054440e+01
      vertex   2.340284e+01 -1.514037e+02 2.801416e+01
      vertex   2.325493e+01 -1.509810e+02 2.801416e+01
    endloop
  endfacet
  facet normal 9.937122e-01 1.119645e-01 -2.652944e-15
    outer loop
      vertex   2.325493e+01 -1.509810e+02 3.054440e+01
      vertex   2.325493e+01 -1.509810e+02 2.801416e+01
      vertex   2.320478e+01 -1.505359e+02 3.054440e+01
    endloop
  endfacet
  facet normal 9.937122e-01 1.119645e-01 -6.838756e-15
    outer loop
      vertex   2.320478e+01 -1.505359e+02 3.054440e+01
      vertex   2.325493e+01 -1.509810e+02 2.801416e+01
      vertex   2.320478e+01 -1.505359e+02 2.801416e+01
    endloop
  endfacet
  facet normal -6.286203e-03 9.999802e-01 7.157387e-15
    outer loop
      vertex   3.032978e+01 -1.001244e+02 2.656416e+01
      vertex   2.248791e+01 -1.001737e+02 2.819177e+01
      vertex   3.032978e+01 -1.001244e+02 3.054440e+01
    endloop
  endfacet
  facet normal -6.286203e-03 9.999802e-01 -2.276813e-14
    outer loop
      vertex   3.032978e+01 -1.001244e+02 3.054440e+01
      vertex   2.248791e+01 -1.001737e+02 2.819177e+01
      vertex   2.112297e+01 -1.001822e+02 3.004440e+01
    endloop
  endfacet
  facet normal -6.286203e-03 9.999802e-01 -4.823388e-16
    outer loop
      vertex   3.032978e+01 -1.001244e+02 3.054440e+01
      vertex   2.112297e+01 -1.001822e+02 3.004440e+01
      vertex   2.112297e+01 -1.001822e+02 3.014440e+01
    endloop
  endfacet
  facet normal -6.286203e-03 9.999802e-01 6.017815e-14
    outer loop
      vertex   2.242190e+01 -1.001741e+02 2.656416e+01
      vertex   2.270800e+01 -1.001723e+02 2.696649e+01
      vertex   3.032978e+01 -1.001244e+02 2.656416e+01
    endloop
  endfacet
  facet normal -6.286203e-03 9.999802e-01 3.464312e-14
    outer loop
      vertex   3.032978e+01 -1.001244e+02 2.656416e+01
      vertex   2.270800e+01 -1.001723e+02 2.696649e+01
      vertex   2.248791e+01 -1.001737e+02 2.819177e+01
    endloop
  endfacet
  facet normal -6.286203e-03 9.999802e-01 -1.020553e-14
    outer loop
      vertex   2.248791e+01 -1.001737e+02 2.819177e+01
      vertex   2.145575e+01 -1.001801e+02 2.819177e+01
      vertex   2.112297e+01 -1.001822e+02 3.004440e+01
    endloop
  endfacet
  facet normal -6.286203e-03 9.999802e-01 -3.541477e-14
    outer loop
      vertex   1.854587e+01 -1.001984e+02 3.014440e+01
      vertex   1.854587e+01 -1.001984e+02 3.054440e+01
      vertex   2.112297e+01 -1.001822e+02 3.014440e+01
    endloop
  endfacet
  facet normal -6.286203e-03 9.999802e-01 1.616465e-13
    outer loop
      vertex   2.112297e+01 -1.001822e+02 3.014440e+01
      vertex   1.854587e+01 -1.001984e+02 3.054440e+01
      vertex   3.032978e+01 -1.001244e+02 3.054440e+01
    endloop
  endfacet
  facet normal -7.627705e-01 6.466693e-01 1.160468e-13
    outer loop
      vertex   9.409578e+00 -1.502109e+02 3.014440e+01
      vertex   2.058053e+01 -1.370344e+02 3.014440e+01
      vertex   9.409578e+00 -1.502109e+02 3.004440e+01
    endloop
  endfacet
  facet normal -7.627705e-01 6.466693e-01 -3.290579e-14
    outer loop
      vertex   9.409578e+00 -1.502109e+02 3.004440e+01
      vertex   2.058053e+01 -1.370344e+02 3.014440e+01
      vertex   2.058053e+01 -1.370344e+02 3.004440e+01
    endloop
  endfacet
  facet normal -8.917570e-01 4.525145e-01 3.168157e-14
    outer loop
      vertex   2.111669e+01 -1.359778e+02 3.004440e+01
      vertex   2.058053e+01 -1.370344e+02 3.004440e+01
      vertex   2.111669e+01 -1.359778e+02 3.014440e+01
    endloop
  endfacet
  facet normal -8.917570e-01 4.525145e-01 -3.185872e-14
    outer loop
      vertex   2.111669e+01 -1.359778e+02 3.014440e+01
      vertex   2.058053e+01 -1.370344e+02 3.004440e+01
      vertex   2.058053e+01 -1.370344e+02 3.014440e+01
    endloop
  endfacet
  facet normal -9.668508e-01 2.553421e-01 0.000000e+00
    outer loop
      vertex   2.138237e+01 -1.349718e+02 3.004440e+01
      vertex   2.111669e+01 -1.359778e+02 3.004440e+01
      vertex   2.138237e+01 -1.349718e+02 3.014440e+01
    endloop
  endfacet
  facet normal -9.668508e-01 2.553421e-01 3.414418e-14
    outer loop
      vertex   2.138237e+01 -1.349718e+02 3.014440e+01
      vertex   2.111669e+01 -1.359778e+02 3.004440e+01
      vertex   2.111669e+01 -1.359778e+02 3.014440e+01
    endloop
  endfacet
  facet normal -9.849397e-01 1.728983e-01 0.000000e+00
    outer loop
      vertex   2.152447e+01 -1.341623e+02 3.004440e+01
      vertex   2.138237e+01 -1.349718e+02 3.004440e+01
      vertex   2.152447e+01 -1.341623e+02 3.014440e+01
    endloop
  endfacet
  facet normal -9.849397e-01 1.728983e-01 0.000000e+00
    outer loop
      vertex   2.152447e+01 -1.341623e+02 3.014440e+01
      vertex   2.138237e+01 -1.349718e+02 3.004440e+01
      vertex   2.138237e+01 -1.349718e+02 3.014440e+01
    endloop
  endfacet
  facet normal -9.996476e-01 -2.654687e-02 0.000000e+00
    outer loop
      vertex   2.149109e+01 -1.329053e+02 3.004440e+01
      vertex   2.152447e+01 -1.341623e+02 3.004440e+01
      vertex   2.149109e+01 -1.329053e+02 3.014440e+01
    endloop
  endfacet
  facet normal -9.996476e-01 -2.654687e-02 0.000000e+00
    outer loop
      vertex   2.149109e+01 -1.329053e+02 3.014440e+01
      vertex   2.152447e+01 -1.341623e+02 3.004440e+01
      vertex   2.152447e+01 -1.341623e+02 3.014440e+01
    endloop
  endfacet
  facet normal -9.469565e-01 -3.213619e-01 4.566827e-14
    outer loop
      vertex   1.748880e+01 -1.211118e+02 3.004440e+01
      vertex   2.149109e+01 -1.329053e+02 3.004440e+01
      vertex   1.748880e+01 -1.211118e+02 3.014440e+01
    endloop
  endfacet
  facet normal -9.469565e-01 -3.213619e-01 0.000000e+00
    outer loop
      vertex   1.748880e+01 -1.211118e+02 3.014440e+01
      vertex   2.149109e+01 -1.329053e+02 3.004440e+01
      vertex   2.149109e+01 -1.329053e+02 3.014440e+01
    endloop
  endfacet
  facet normal -9.883959e-01 -1.518996e-01 0.000000e+00
    outer loop
      vertex   1.747944e+01 -1.210509e+02 3.004440e+01
      vertex   1.748880e+01 -1.211118e+02 3.004440e+01
      vertex   1.747944e+01 -1.210509e+02 3.014440e+01
    endloop
  endfacet
  facet normal -9.883959e-01 -1.518996e-01 2.159207e-14
    outer loop
      vertex   1.747944e+01 -1.210509e+02 3.014440e+01
      vertex   1.748880e+01 -1.211118e+02 3.004440e+01
      vertex   1.748880e+01 -1.211118e+02 3.014440e+01
    endloop
  endfacet
  facet normal -9.983899e-01 5.672342e-02 -8.060883e-15
    outer loop
      vertex   1.748911e+01 -1.208807e+02 3.004440e+01
      vertex   1.747944e+01 -1.210509e+02 3.004440e+01
      vertex   1.748911e+01 -1.208807e+02 3.014440e+01
    endloop
  endfacet
  facet normal -9.983899e-01 5.672342e-02 0.000000e+00
    outer loop
      vertex   1.748911e+01 -1.208807e+02 3.014440e+01
      vertex   1.747944e+01 -1.210509e+02 3.004440e+01
      vertex   1.747944e+01 -1.210509e+02 3.014440e+01
    endloop
  endfacet
  facet normal -9.849364e-01 1.729167e-01 -6.998394e-14
    outer loop
      vertex   2.112297e+01 -1.001822e+02 3.004440e+01
      vertex   1.748911e+01 -1.208807e+02 3.004440e+01
      vertex   2.112297e+01 -1.001822e+02 3.014440e+01
    endloop
  endfacet
  facet normal -9.849364e-01 1.729167e-01 -2.028668e-14
    outer loop
      vertex   2.112297e+01 -1.001822e+02 3.014440e+01
      vertex   1.748911e+01 -1.208807e+02 3.004440e+01
      vertex   1.748911e+01 -1.208807e+02 3.014440e+01
    endloop
  endfacet
  facet normal -5.632266e-07 -3.092448e-07 -1.000000e+00
    outer loop
      vertex   5.329730e+00 -1.542109e+02 3.014440e+01
      vertex   9.197631e+00 -1.504609e+02 3.014440e+01
      vertex   1.125660e+01 -1.542109e+02 3.014440e+01
    endloop
  endfacet
  facet normal 2.835460e-05 1.556836e-05 -1.000000e+00
    outer loop
      vertex   1.125660e+01 -1.542109e+02 3.014440e+01
      vertex   9.197631e+00 -1.504609e+02 3.014440e+01
      vertex   9.315360e+00 -1.504609e+02 3.014440e+01
    endloop
  endfacet
  facet normal -9.951287e-07 3.750363e-07 -1.000000e+00
    outer loop
      vertex   1.125660e+01 -1.542109e+02 3.014440e+01
      vertex   9.315360e+00 -1.504609e+02 3.014440e+01
      vertex   9.409578e+00 -1.502109e+02 3.014440e+01
    endloop
  endfacet
  facet normal 0.000000e+00 0.000000e+00 -1.000000e+00
    outer loop
      vertex   9.409578e+00 -1.502109e+02 3.014440e+01
      vertex   9.315360e+00 -1.504609e+02 3.014440e+01
      vertex   9.246711e+00 -1.504030e+02 3.014440e+01
    endloop
  endfacet
  facet normal 1.071109e-15 -9.080759e-16 -1.000000e+00
    outer loop
      vertex   9.409578e+00 -1.502109e+02 3.014440e+01
      vertex   9.246711e+00 -1.504030e+02 3.014440e+01
      vertex   6.232115e+00 -1.500465e+02 3.014440e+01
    endloop
  endfacet
  facet normal 6.198059e-06 5.240765e-05 -1.000000e+00
    outer loop
      vertex   6.232115e+00 -1.500465e+02 3.014440e+01
      vertex   9.246711e+00 -1.504030e+02 3.014440e+01
      vertex   9.197631e+00 -1.504609e+02 3.014440e+01
    endloop
  endfacet
  facet normal -1.092579e-06 2.367502e-07 -1.000000e+00
    outer loop
      vertex   6.232115e+00 -1.500465e+02 3.014440e+01
      vertex   9.197631e+00 -1.504609e+02 3.014440e+01
      vertex   5.329730e+00 -1.542109e+02 3.014440e+01
    endloop
  endfacet
  facet normal 1.144513e-15 5.104887e-16 -1.000000e+00
    outer loop
      vertex   6.232115e+00 -1.500465e+02 3.014440e+01
      vertex   1.843754e+01 -1.356544e+02 3.014440e+01
      vertex   9.409578e+00 -1.502109e+02 3.014440e+01
    endloop
  endfacet
  facet normal 2.930926e-15 -5.974425e-16 -1.000000e+00
    outer loop
      vertex   9.409578e+00 -1.502109e+02 3.014440e+01
      vertex   1.843754e+01 -1.356544e+02 3.014440e+01
      vertex   2.058053e+01 -1.370344e+02 3.014440e+01
    endloop
  endfacet
  facet normal 2.498796e-15 -1.268491e-15 -1.000000e+00
    outer loop
      vertex   2.058053e+01 -1.370344e+02 3.014440e+01
      vertex   1.843754e+01 -1.356544e+02 3.014440e+01
      vertex   1.872403e+01 -1.350900e+02 3.014440e+01
    endloop
  endfacet
  facet normal -1.466890e-15 -5.054977e-15 -1.000000e+00
    outer loop
      vertex   2.058053e+01 -1.370344e+02 3.014440e+01
      vertex   1.872403e+01 -1.350900e+02 3.014440e+01
      vertex   1.889653e+01 -1.344373e+02 3.014440e+01
    endloop
  endfacet
  facet normal 1.428609e-14 5.159419e-15 -1.000000e+00
    outer loop
      vertex   1.889653e+01 -1.344373e+02 3.014440e+01
      vertex   1.897792e+01 -1.339740e+02 3.014440e+01
      vertex   2.058053e+01 -1.370344e+02 3.014440e+01
    endloop
  endfacet
  facet normal 2.718415e-14 1.191375e-14 -1.000000e+00
    outer loop
      vertex   2.058053e+01 -1.370344e+02 3.014440e+01
      vertex   1.897792e+01 -1.339740e+02 3.014440e+01
      vertex   1.896117e+01 -1.333394e+02 3.014440e+01
    endloop
  endfacet
  facet normal 0.000000e+00 0.000000e+00 -1.000000e+00
    outer loop
      vertex   2.058053e+01 -1.370344e+02 3.014440e+01
      vertex   1.896117e+01 -1.333394e+02 3.014440e+01
      vertex   2.111669e+01 -1.359778e+02 3.014440e+01
    endloop
  endfacet
  facet normal 2.463254e-15 2.012444e-15 -1.000000e+00
    outer loop
      vertex   2.111669e+01 -1.359778e+02 3.014440e+01
      vertex   1.896117e+01 -1.333394e+02 3.014440e+01
      vertex   2.149109e+01 -1.329053e+02 3.014440e+01
    endloop
  endfacet
  facet normal -1.625852e-14 4.293822e-15 -1.000000e+00
    outer loop
      vertex   2.111669e+01 -1.359778e+02 3.014440e+01
      vertex   2.149109e+01 -1.329053e+02 3.014440e+01
      vertex   2.138237e+01 -1.349718e+02 3.014440e+01
    endloop
  endfacet
  facet normal 7.731223e-15 3.031706e-15 -1.000000e+00
    outer loop
      vertex   2.138237e+01 -1.349718e+02 3.014440e+01
      vertex   2.149109e+01 -1.329053e+02 3.014440e+01
      vertex   2.152447e+01 -1.341623e+02 3.014440e+01
    endloop
  endfacet
  facet normal 2.751703e-15 3.313418e-16 -1.000000e+00
    outer loop
      vertex   2.149109e+01 -1.329053e+02 3.014440e+01
      vertex   1.896117e+01 -1.333394e+02 3.014440e+01
      vertex   1.748880e+01 -1.211118e+02 3.014440e+01
    endloop
  endfacet
  facet normal 5.578453e-15 6.717204e-16 -1.000000e+00
    outer loop
      vertex   1.748880e+01 -1.211118e+02 3.014440e+01
      vertex   1.896117e+01 -1.333394e+02 3.014440e+01
      vertex   1.501159e+01 -1.216952e+02 3.014440e+01
    endloop
  endfacet
  facet normal 3.207723e-14 -1.118460e-13 -1.000000e+00
    outer loop
      vertex   1.748880e+01 -1.211118e+02 3.014440e+01
      vertex   1.501159e+01 -1.216952e+02 3.014440e+01
      vertex   1.747944e+01 -1.210509e+02 3.014440e+01
    endloop
  endfacet
  facet normal 2.016551e-15 3.304437e-15 -1.000000e+00
    outer loop
      vertex   1.747944e+01 -1.210509e+02 3.014440e+01
      vertex   1.501159e+01 -1.216952e+02 3.014440e+01
      vertex   1.496255e+01 -1.205901e+02 3.014440e+01
    endloop
  endfacet
  facet normal 8.962717e-15 4.124317e-14 -1.000000e+00
    outer loop
      vertex   1.747944e+01 -1.210509e+02 3.014440e+01
      vertex   1.496255e+01 -1.205901e+02 3.014440e+01
      vertex   1.748911e+01 -1.208807e+02 3.014440e+01
    endloop
  endfacet
  facet normal 4.193779e-15 -2.142809e-16 -1.000000e+00
    outer loop
      vertex   1.748911e+01 -1.208807e+02 3.014440e+01
      vertex   1.496255e+01 -1.205901e+02 3.014440e+01
      vertex   1.854587e+01 -1.001984e+02 3.014440e+01
    endloop
  endfacet
  facet normal 0.000000e+00 0.000000e+00 -1.000000e+00
    outer loop
      vertex   1.748911e+01 -1.208807e+02 3.014440e+01
      vertex   1.854587e+01 -1.001984e+02 3.014440e+01
      vertex   2.112297e+01 -1.001822e+02 3.014440e+01
    endloop
  endfacet
  facet normal 1.518102e-13 9.952425e-15 -1.000000e+00
    outer loop
      vertex   1.501159e+01 -1.216952e+02 3.014440e+01
      vertex   1.492990e+01 -1.211631e+02 3.014440e+01
      vertex   1.496255e+01 -1.205901e+02 3.014440e+01
    endloop
  endfacet
  facet normal 1.923466e-15 8.345432e-07 -1.000000e+00
    outer loop
      vertex   9.409578e+00 -1.502109e+02 3.014440e+01
      vertex   1.125660e+01 -1.502109e+02 3.014440e+01
      vertex   1.125660e+01 -1.542109e+02 3.014440e+01
    endloop
  endfacet
  facet normal -9.884200e-01 -1.517431e-01 1.316840e-14
    outer loop
      vertex   1.492990e+01 -1.211631e+02 3.014440e+01
      vertex   1.501159e+01 -1.216952e+02 3.014440e+01
      vertex   1.492990e+01 -1.211631e+02 3.054440e+01
    endloop
  endfacet
  facet normal -9.884200e-01 -1.517431e-01 1.856106e-14
    outer loop
      vertex   1.492990e+01 -1.211631e+02 3.054440e+01
      vertex   1.501159e+01 -1.216952e+02 3.014440e+01
      vertex   1.501159e+01 -1.216952e+02 3.054440e+01
    endloop
  endfacet
  facet normal -9.983809e-01 5.688202e-02 2.412847e-15
    outer loop
      vertex   1.496255e+01 -1.205901e+02 3.014440e+01
      vertex   1.492990e+01 -1.211631e+02 3.014440e+01
      vertex   1.496255e+01 -1.205901e+02 3.054440e+01
    endloop
  endfacet
  facet normal -9.983809e-01 5.688202e-02 1.331508e-14
    outer loop
      vertex   1.496255e+01 -1.205901e+02 3.054440e+01
      vertex   1.492990e+01 -1.211631e+02 3.014440e+01
      vertex   1.492990e+01 -1.211631e+02 3.054440e+01
    endloop
  endfacet
  facet normal -9.849089e-01 1.730733e-01 1.134670e-14
    outer loop
      vertex   1.854587e+01 -1.001984e+02 3.014440e+01
      vertex   1.496255e+01 -1.205901e+02 3.014440e+01
      vertex   1.854587e+01 -1.001984e+02 3.054440e+01
    endloop
  endfacet
  facet normal -9.849089e-01 1.730733e-01 -1.715947e-15
    outer loop
      vertex   1.854587e+01 -1.001984e+02 3.054440e+01
      vertex   1.496255e+01 -1.205901e+02 3.014440e+01
      vertex   1.496255e+01 -1.205901e+02 3.054440e+01
    endloop
  endfacet
  facet normal -9.699071e-01 1.702782e-01 -1.740274e-01
    outer loop
      vertex   1.809068e+01 -1.210111e+02 2.656416e+01
      vertex   1.748911e+01 -1.208807e+02 3.004440e+01
      vertex   1.840552e+01 -1.175543e+02 2.819177e+01
    endloop
  endfacet
  facet normal -9.699071e-01 1.702782e-01 -1.740274e-01
    outer loop
      vertex   1.840552e+01 -1.175543e+02 2.819177e+01
      vertex   1.748911e+01 -1.208807e+02 3.004440e+01
      vertex   2.112297e+01 -1.001822e+02 3.004440e+01
    endloop
  endfacet
  facet normal -9.699071e-01 1.702782e-01 -1.740274e-01
    outer loop
      vertex   1.840552e+01 -1.175543e+02 2.819177e+01
      vertex   2.112297e+01 -1.001822e+02 3.004440e+01
      vertex   2.145575e+01 -1.001801e+02 2.819177e+01
    endloop
  endfacet
  facet normal -9.699071e-01 1.702782e-01 -1.740274e-01
    outer loop
      vertex   1.840552e+01 -1.175543e+02 2.819177e+01
      vertex   1.868883e+01 -1.176040e+02 2.656416e+01
      vertex   1.809068e+01 -1.210111e+02 2.656416e+01
    endloop
  endfacet
  facet normal 1.729167e-01 9.849364e-01 -2.227044e-14
    outer loop
      vertex   1.934176e+01 -1.177186e+02 2.656416e+01
      vertex   1.868883e+01 -1.176040e+02 2.656416e+01
      vertex   1.961900e+01 -1.177673e+02 2.696649e+01
    endloop
  endfacet
  facet normal 1.729167e-01 9.849364e-01 -4.176924e-15
    outer loop
      vertex   1.961900e+01 -1.177673e+02 2.696649e+01
      vertex   1.868883e+01 -1.176040e+02 2.656416e+01
      vertex   1.940572e+01 -1.177299e+02 2.819177e+01
    endloop
  endfacet
  facet normal 1.729167e-01 9.849364e-01 -5.037820e-16
    outer loop
      vertex   1.940572e+01 -1.177299e+02 2.819177e+01
      vertex   1.868883e+01 -1.176040e+02 2.656416e+01
      vertex   1.840552e+01 -1.175543e+02 2.819177e+01
    endloop
  endfacet
  facet normal -2.414154e-13 1.000000e+00 0.000000e+00
    outer loop
      vertex   9.197631e+00 -1.504609e+02 3.014440e+01
      vertex   9.197631e+00 -1.504609e+02 3.054440e+01
      vertex   9.315360e+00 -1.504609e+02 3.014440e+01
    endloop
  endfacet
  facet normal -2.414154e-13 1.000000e+00 2.144199e-27
    outer loop
      vertex   9.315360e+00 -1.504609e+02 3.014440e+01
      vertex   9.197631e+00 -1.504609e+02 3.054440e+01
      vertex   9.315360e+00 -1.504609e+02 3.054440e+01
    endloop
  endfacet
  facet normal -1.273521e-18 2.025859e-16 -1.000000e+00
    outer loop
      vertex   2.248791e+01 -1.001737e+02 2.819177e+01
      vertex   1.940572e+01 -1.177299e+02 2.819177e+01
      vertex   2.145575e+01 -1.001801e+02 2.819177e+01
    endloop
  endfacet
  facet normal 1.047671e-14 -1.021373e-15 -1.000000e+00
    outer loop
      vertex   2.145575e+01 -1.001801e+02 2.819177e+01
      vertex   1.940572e+01 -1.177299e+02 2.819177e+01
      vertex   1.840552e+01 -1.175543e+02 2.819177e+01
    endloop
  endfacet
  facet normal -9.699071e-01 1.702782e-01 -1.740274e-01
    outer loop
      vertex   2.270800e+01 -1.001723e+02 2.696649e+01
      vertex   1.961900e+01 -1.177673e+02 2.696649e+01
      vertex   2.248791e+01 -1.001737e+02 2.819177e+01
    endloop
  endfacet
  facet normal -9.699071e-01 1.702782e-01 -1.740274e-01
    outer loop
      vertex   2.248791e+01 -1.001737e+02 2.819177e+01
      vertex   1.961900e+01 -1.177673e+02 2.696649e+01
      vertex   1.940572e+01 -1.177299e+02 2.819177e+01
    endloop
  endfacet
  facet normal -8.070302e-01 1.416833e-01 5.732610e-01
    outer loop
      vertex   2.270800e+01 -1.001723e+02 2.696649e+01
      vertex   2.242190e+01 -1.001741e+02 2.656416e+01
      vertex   1.961900e+01 -1.177673e+02 2.696649e+01
    endloop
  endfacet
  facet normal -8.070302e-01 1.416833e-01 5.732610e-01
    outer loop
      vertex   1.961900e+01 -1.177673e+02 2.696649e+01
      vertex   2.242190e+01 -1.001741e+02 2.656416e+01
      vertex   1.934176e+01 -1.177186e+02 2.656416e+01
    endloop
  endfacet
  facet normal -9.834950e-01 5.587717e-02 -1.720912e-01
    outer loop
      vertex   1.808101e+01 -1.211813e+02 2.656416e+01
      vertex   1.747944e+01 -1.210509e+02 3.004440e+01
      vertex   1.809068e+01 -1.210111e+02 2.656416e+01
    endloop
  endfacet
  facet normal -9.834950e-01 5.587717e-02 -1.720912e-01
    outer loop
      vertex   1.809068e+01 -1.210111e+02 2.656416e+01
      vertex   1.747944e+01 -1.210509e+02 3.004440e+01
      vertex   1.748911e+01 -1.208807e+02 3.004440e+01
    endloop
  endfacet
  facet normal -9.751856e-01 -1.498694e-01 -1.629486e-01
    outer loop
      vertex   1.809036e+01 -1.212421e+02 2.656416e+01
      vertex   1.748880e+01 -1.211118e+02 3.004440e+01
      vertex   1.808101e+01 -1.211813e+02 2.656416e+01
    endloop
  endfacet
  facet normal -9.751856e-01 -1.498694e-01 -1.629486e-01
    outer loop
      vertex   1.808101e+01 -1.211813e+02 2.656416e+01
      vertex   1.748880e+01 -1.211118e+02 3.004440e+01
      vertex   1.747944e+01 -1.210509e+02 3.004440e+01
    endloop
  endfacet
  facet normal 1.538783e-14 -1.000000e+00 -2.842171e-13
    outer loop
      vertex   9.409578e+00 -1.502109e+02 3.014440e+01
      vertex   9.409578e+00 -1.502109e+02 3.004440e+01
      vertex   1.125660e+01 -1.502109e+02 3.014440e+01
    endloop
  endfacet
  facet normal -2.655950e-16 -1.000000e+00 4.905605e-15
    outer loop
      vertex   1.125660e+01 -1.502109e+02 3.014440e+01
      vertex   9.409578e+00 -1.502109e+02 3.004440e+01
      vertex   1.058202e+01 -1.502109e+02 2.431416e+01
    endloop
  endfacet
  facet normal 4.213202e-14 -1.000000e+00 5.134708e-29
    outer loop
      vertex   1.125660e+01 -1.502109e+02 3.014440e+01
      vertex   1.058202e+01 -1.502109e+02 2.431416e+01
      vertex   1.125660e+01 -1.502109e+02 2.431416e+01
    endloop
  endfacet
  facet normal 7.627705e-01 -6.466693e-01 0.000000e+00
    outer loop
      vertex   9.197631e+00 -1.504609e+02 3.014440e+01
      vertex   9.246711e+00 -1.504030e+02 3.014440e+01
      vertex   9.197631e+00 -1.504609e+02 3.054440e+01
    endloop
  endfacet
  facet normal 7.627705e-01 -6.466693e-01 -6.628348e-14
    outer loop
      vertex   9.197631e+00 -1.504609e+02 3.054440e+01
      vertex   9.246711e+00 -1.504030e+02 3.014440e+01
      vertex   9.246711e+00 -1.504030e+02 3.054440e+01
    endloop
  endfacet
  facet normal -9.470071e-01 -3.212126e-01 2.402843e-14
    outer loop
      vertex   1.501159e+01 -1.216952e+02 3.014440e+01
      vertex   1.896117e+01 -1.333394e+02 3.014440e+01
      vertex   1.501159e+01 -1.216952e+02 3.054440e+01
    endloop
  endfacet
  facet normal -9.470071e-01 -3.212126e-01 8.668088e-15
    outer loop
      vertex   1.501159e+01 -1.216952e+02 3.054440e+01
      vertex   1.896117e+01 -1.333394e+02 3.014440e+01
      vertex   1.896117e+01 -1.333394e+02 3.054440e+01
    endloop
  endfacet
  facet normal -9.996518e-01 -2.638823e-02 8.878691e-15
    outer loop
      vertex   1.896117e+01 -1.333394e+02 3.014440e+01
      vertex   1.897792e+01 -1.339740e+02 3.014440e+01
      vertex   1.896117e+01 -1.333394e+02 3.054440e+01
    endloop
  endfacet
  facet normal -9.996518e-01 -2.638823e-02 8.873743e-15
    outer loop
      vertex   1.896117e+01 -1.333394e+02 3.054440e+01
      vertex   1.897792e+01 -1.339740e+02 3.014440e+01
      vertex   1.897792e+01 -1.339740e+02 3.054440e+01
    endloop
  endfacet
  facet normal -9.849122e-01 1.730549e-01 8.747777e-15
    outer loop
      vertex   1.897792e+01 -1.339740e+02 3.014440e+01
      vertex   1.889653e+01 -1.344373e+02 3.014440e+01
      vertex   1.897792e+01 -1.339740e+02 3.054440e+01
    endloop
  endfacet
  facet normal -9.849122e-01 1.730549e-01 1.748304e-14
    outer loop
      vertex   1.897792e+01 -1.339740e+02 3.054440e+01
      vertex   1.889653e+01 -1.344373e+02 3.014440e+01
      vertex   1.889653e+01 -1.344373e+02 3.054440e+01
    endloop
  endfacet
  facet normal -9.668102e-01 2.554958e-01 1.717400e-14
    outer loop
      vertex   1.889653e+01 -1.344373e+02 3.014440e+01
      vertex   1.872403e+01 -1.350900e+02 3.014440e+01
      vertex   1.889653e+01 -1.344373e+02 3.054440e+01
    endloop
  endfacet
  facet normal -9.668102e-01 2.554958e-01 8.581561e-15
    outer loop
      vertex   1.889653e+01 -1.344373e+02 3.054440e+01
      vertex   1.872403e+01 -1.350900e+02 3.014440e+01
      vertex   1.872403e+01 -1.350900e+02 3.054440e+01
    endloop
  endfacet
  facet normal -8.916852e-01 4.526560e-01 7.919756e-15
    outer loop
      vertex   1.872403e+01 -1.350900e+02 3.014440e+01
      vertex   1.843754e+01 -1.356544e+02 3.014440e+01
      vertex   1.872403e+01 -1.350900e+02 3.054440e+01
    endloop
  endfacet
  facet normal -8.916852e-01 4.526560e-01 7.893683e-15
    outer loop
      vertex   1.872403e+01 -1.350900e+02 3.054440e+01
      vertex   1.843754e+01 -1.356544e+02 3.014440e+01
      vertex   1.843754e+01 -1.356544e+02 3.054440e+01
    endloop
  endfacet
  facet normal -7.626684e-01 6.467897e-01 6.773856e-15
    outer loop
      vertex   1.843754e+01 -1.356544e+02 3.014440e+01
      vertex   6.232115e+00 -1.500465e+02 3.014440e+01
      vertex   1.843754e+01 -1.356544e+02 3.054440e+01
    endloop
  endfacet
  facet normal -7.626684e-01 6.467897e-01 -4.141839e-14
    outer loop
      vertex   1.843754e+01 -1.356544e+02 3.054440e+01
      vertex   6.232115e+00 -1.500465e+02 3.014440e+01
      vertex   6.232115e+00 -1.500465e+02 3.054440e+01
    endloop
  endfacet
  facet normal -9.773185e-01 2.117746e-01 -6.367157e-15
    outer loop
      vertex   6.232115e+00 -1.500465e+02 3.014440e+01
      vertex   5.329730e+00 -1.542109e+02 3.014440e+01
      vertex   6.232115e+00 -1.500465e+02 3.054440e+01
    endloop
  endfacet
  facet normal -9.773185e-01 2.117746e-01 4.429361e-15
    outer loop
      vertex   6.232115e+00 -1.500465e+02 3.054440e+01
      vertex   5.329730e+00 -1.542109e+02 3.014440e+01
      vertex   5.329730e+00 -1.542109e+02 3.054440e+01
    endloop
  endfacet
  facet normal -6.446681e-01 -7.644626e-01 5.725803e-15
    outer loop
      vertex   9.315360e+00 -1.504609e+02 3.014440e+01
      vertex   9.315360e+00 -1.504609e+02 3.054440e+01
      vertex   9.246711e+00 -1.504030e+02 3.014440e+01
    endloop
  endfacet
  facet normal -6.446681e-01 -7.644626e-01 -3.714092e-14
    outer loop
      vertex   9.246711e+00 -1.504030e+02 3.014440e+01
      vertex   9.315360e+00 -1.504609e+02 3.054440e+01
      vertex   9.246711e+00 -1.504030e+02 3.054440e+01
    endloop
  endfacet
  facet normal 6.286203e-03 9.999802e-01 7.123721e-15
    outer loop
      vertex   3.032978e+01 -1.001244e+02 3.054440e+01
      vertex   3.817165e+01 -1.001737e+02 2.819177e+01
      vertex   3.032978e+01 -1.001244e+02 2.656416e+01
    endloop
  endfacet
  facet normal 6.286203e-03 9.999802e-01 1.523025e-14
    outer loop
      vertex   3.032978e+01 -1.001244e+02 2.656416e+01
      vertex   3.817165e+01 -1.001737e+02 2.819177e+01
      vertex   3.795156e+01 -1.001723e+02 2.696649e+01
    endloop
  endfacet
  facet normal 6.286203e-03 9.999802e-01 1.130774e-13
    outer loop
      vertex   3.032978e+01 -1.001244e+02 2.656416e+01
      vertex   3.795156e+01 -1.001723e+02 2.696649e+01
      vertex   3.823766e+01 -1.001741e+02 2.656416e+01
    endloop
  endfacet
  facet normal 6.286203e-03 9.999802e-01 1.192269e-13
    outer loop
      vertex   4.211369e+01 -1.001984e+02 3.054440e+01
      vertex   3.953660e+01 -1.001822e+02 3.014440e+01
      vertex   3.032978e+01 -1.001244e+02 3.054440e+01
    endloop
  endfacet
  facet normal 6.286203e-03 9.999802e-01 -1.426517e-13
    outer loop
      vertex   3.032978e+01 -1.001244e+02 3.054440e+01
      vertex   3.953660e+01 -1.001822e+02 3.014440e+01
      vertex   3.953660e+01 -1.001822e+02 3.004440e+01
    endloop
  endfacet
  facet normal 6.286203e-03 9.999802e-01 -1.378417e-14
    outer loop
      vertex   3.032978e+01 -1.001244e+02 3.054440e+01
      vertex   3.953660e+01 -1.001822e+02 3.004440e+01
      vertex   3.817165e+01 -1.001737e+02 2.819177e+01
    endloop
  endfacet
  facet normal 6.286203e-03 9.999802e-01 2.266625e-14
    outer loop
      vertex   3.817165e+01 -1.001737e+02 2.819177e+01
      vertex   3.953660e+01 -1.001822e+02 3.004440e+01
      vertex   3.920382e+01 -1.001801e+02 2.819177e+01
    endloop
  endfacet
  facet normal 6.286203e-03 9.999802e-01 -1.065793e-13
    outer loop
      vertex   4.211369e+01 -1.001984e+02 3.054440e+01
      vertex   4.211369e+01 -1.001984e+02 3.014440e+01
      vertex   3.953660e+01 -1.001822e+02 3.014440e+01
    endloop
  endfacet
  facet normal 7.627705e-01 6.466693e-01 -1.625943e-13
    outer loop
      vertex   5.124999e+01 -1.502109e+02 3.004440e+01
      vertex   4.007904e+01 -1.370344e+02 3.004440e+01
      vertex   5.124999e+01 -1.502109e+02 3.014440e+01
    endloop
  endfacet
  facet normal 7.627705e-01 6.466693e-01 -1.645289e-13
    outer loop
      vertex   5.124999e+01 -1.502109e+02 3.014440e+01
      vertex   4.007904e+01 -1.370344e+02 3.004440e+01
      vertex   4.007904e+01 -1.370344e+02 3.014440e+01
    endloop
  endfacet
  facet normal 8.917570e-01 4.525145e-01 -1.900894e-13
    outer loop
      vertex   4.007904e+01 -1.370344e+02 3.004440e+01
      vertex   3.954288e+01 -1.359778e+02 3.004440e+01
      vertex   4.007904e+01 -1.370344e+02 3.014440e+01
    endloop
  endfacet
  facet normal 8.917570e-01 4.525145e-01 0.000000e+00
    outer loop
      vertex   4.007904e+01 -1.370344e+02 3.014440e+01
      vertex   3.954288e+01 -1.359778e+02 3.004440e+01
      vertex   3.954288e+01 -1.359778e+02 3.014440e+01
    endloop
  endfacet
  facet normal 9.668508e-01 2.553421e-01 -0.000000e+00
    outer loop
      vertex   3.954288e+01 -1.359778e+02 3.004440e+01
      vertex   3.927719e+01 -1.349718e+02 3.004440e+01
      vertex   3.954288e+01 -1.359778e+02 3.014440e+01
    endloop
  endfacet
  facet normal 9.668508e-01 2.553421e-01 6.828836e-14
    outer loop
      vertex   3.954288e+01 -1.359778e+02 3.014440e+01
      vertex   3.927719e+01 -1.349718e+02 3.004440e+01
      vertex   3.927719e+01 -1.349718e+02 3.014440e+01
    endloop
  endfacet
  facet normal 9.849397e-01 1.728983e-01 6.998417e-14
    outer loop
      vertex   3.927719e+01 -1.349718e+02 3.004440e+01
      vertex   3.913509e+01 -1.341623e+02 3.004440e+01
      vertex   3.927719e+01 -1.349718e+02 3.014440e+01
    endloop
  endfacet
  facet normal 9.849397e-01 1.728983e-01 -1.192137e-13
    outer loop
      vertex   3.927719e+01 -1.349718e+02 3.014440e+01
      vertex   3.913509e+01 -1.341623e+02 3.004440e+01
      vertex   3.913509e+01 -1.341623e+02 3.014440e+01
    endloop
  endfacet
  facet normal 9.996476e-01 -2.654687e-02 -6.348416e-14
    outer loop
      vertex   3.913509e+01 -1.341623e+02 3.004440e+01
      vertex   3.916848e+01 -1.329053e+02 3.004440e+01
      vertex   3.913509e+01 -1.341623e+02 3.014440e+01
    endloop
  endfacet
  facet normal 9.996476e-01 -2.654687e-02 0.000000e+00
    outer loop
      vertex   3.913509e+01 -1.341623e+02 3.014440e+01
      vertex   3.916848e+01 -1.329053e+02 3.004440e+01
      vertex   3.916848e+01 -1.329053e+02 3.014440e+01
    endloop
  endfacet
  facet normal 9.469565e-01 -3.213619e-01 0.000000e+00
    outer loop
      vertex   3.916848e+01 -1.329053e+02 3.004440e+01
      vertex   4.317077e+01 -1.211118e+02 3.004440e+01
      vertex   3.916848e+01 -1.329053e+02 3.014440e+01
    endloop
  endfacet
  facet normal 9.469565e-01 -3.213619e-01 -2.282104e-14
    outer loop
      vertex   3.916848e+01 -1.329053e+02 3.014440e+01
      vertex   4.317077e+01 -1.211118e+02 3.004440e+01
      vertex   4.317077e+01 -1.211118e+02 3.014440e+01
    endloop
  endfacet
  facet normal 9.883959e-01 -1.518996e-01 -4.864352e-14
    outer loop
      vertex   4.317077e+01 -1.211118e+02 3.004440e+01
      vertex   4.318012e+01 -1.210509e+02 3.004440e+01
      vertex   4.317077e+01 -1.211118e+02 3.014440e+01
    endloop
  endfacet
  facet normal 9.883959e-01 -1.518996e-01 -4.864379e-14
    outer loop
      vertex   4.317077e+01 -1.211118e+02 3.014440e+01
      vertex   4.318012e+01 -1.210509e+02 3.004440e+01
      vertex   4.318012e+01 -1.210509e+02 3.014440e+01
    endloop
  endfacet
  facet normal 9.983899e-01 5.672342e-02 -7.900075e-14
    outer loop
      vertex   4.318012e+01 -1.210509e+02 3.004440e+01
      vertex   4.317045e+01 -1.208807e+02 3.004440e+01
      vertex   4.318012e+01 -1.210509e+02 3.014440e+01
    endloop
  endfacet
  facet normal 9.983899e-01 5.672342e-02 -2.208799e-13
    outer loop
      vertex   4.318012e+01 -1.210509e+02 3.014440e+01
      vertex   4.317045e+01 -1.208807e+02 3.004440e+01
      vertex   4.317045e+01 -1.208807e+02 3.014440e+01
    endloop
  endfacet
  facet normal 9.849364e-01 1.729167e-01 -2.345248e-13
    outer loop
      vertex   4.317045e+01 -1.208807e+02 3.004440e+01
      vertex   3.953660e+01 -1.001822e+02 3.004440e+01
      vertex   4.317045e+01 -1.208807e+02 3.014440e+01
    endloop
  endfacet
  facet normal 9.849364e-01 1.729167e-01 -9.467116e-14
    outer loop
      vertex   4.317045e+01 -1.208807e+02 3.014440e+01
      vertex   3.953660e+01 -1.001822e+02 3.004440e+01
      vertex   3.953660e+01 -1.001822e+02 3.014440e+01
    endloop
  endfacet
  facet normal -1.923492e-15 8.345432e-07 -1.000000e+00
    outer loop
      vertex   4.940296e+01 -1.502109e+02 3.014440e+01
      vertex   5.124999e+01 -1.502109e+02 3.014440e+01
      vertex   4.940296e+01 -1.542109e+02 3.014440e+01
    endloop
  endfacet
  facet normal 9.951287e-07 3.750363e-07 -1.000000e+00
    outer loop
      vertex   4.940296e+01 -1.542109e+02 3.014440e+01
      vertex   5.124999e+01 -1.502109e+02 3.014440e+01
      vertex   5.134421e+01 -1.504609e+02 3.014440e+01
    endloop
  endfacet
  facet normal -2.835460e-05 1.556836e-05 -1.000000e+00
    outer loop
      vertex   4.940296e+01 -1.542109e+02 3.014440e+01
      vertex   5.134421e+01 -1.504609e+02 3.014440e+01
      vertex   5.146193e+01 -1.504609e+02 3.014440e+01
    endloop
  endfacet
  facet normal -7.383470e-15 -1.406403e-15 -1.000000e+00
    outer loop
      vertex   4.007904e+01 -1.370344e+02 3.014440e+01
      vertex   4.222203e+01 -1.356544e+02 3.014440e+01
      vertex   5.124999e+01 -1.502109e+02 3.014440e+01
    endloop
  endfacet
  facet normal -5.575727e-15 -2.852429e-16 -1.000000e+00
    outer loop
      vertex   5.124999e+01 -1.502109e+02 3.014440e+01
      vertex   4.222203e+01 -1.356544e+02 3.014440e+01
      vertex   5.442745e+01 -1.500465e+02 3.014440e+01
    endloop
  endfacet
  facet normal -5.355547e-15 -4.540380e-15 -1.000000e+00
    outer loop
      vertex   5.124999e+01 -1.502109e+02 3.014440e+01
      vertex   5.442745e+01 -1.500465e+02 3.014440e+01
      vertex   5.141285e+01 -1.504030e+02 3.014440e+01
    endloop
  endfacet
  facet normal -6.198059e-06 5.240765e-05 -1.000000e+00
    outer loop
      vertex   5.141285e+01 -1.504030e+02 3.014440e+01
      vertex   5.442745e+01 -1.500465e+02 3.014440e+01
      vertex   5.146193e+01 -1.504609e+02 3.014440e+01
    endloop
  endfacet
  facet normal 1.092579e-06 2.367502e-07 -1.000000e+00
    outer loop
      vertex   5.146193e+01 -1.504609e+02 3.014440e+01
      vertex   5.442745e+01 -1.500465e+02 3.014440e+01
      vertex   5.532984e+01 -1.542109e+02 3.014440e+01
    endloop
  endfacet
  facet normal 5.632266e-07 -3.092448e-07 -1.000000e+00
    outer loop
      vertex   5.146193e+01 -1.504609e+02 3.014440e+01
      vertex   5.532984e+01 -1.542109e+02 3.014440e+01
      vertex   4.940296e+01 -1.542109e+02 3.014440e+01
    endloop
  endfacet
  facet normal -3.050112e-15 -1.547753e-15 -1.000000e+00
    outer loop
      vertex   3.954288e+01 -1.359778e+02 3.014440e+01
      vertex   4.169840e+01 -1.333394e+02 3.014440e+01
      vertex   4.007904e+01 -1.370344e+02 3.014440e+01
    endloop
  endfacet
  facet normal -7.003531e-15 1.848752e-16 -1.000000e+00
    outer loop
      vertex   4.007904e+01 -1.370344e+02 3.014440e+01
      vertex   4.169840e+01 -1.333394e+02 3.014440e+01
      vertex   4.168165e+01 -1.339740e+02 3.014440e+01
    endloop
  endfacet
  facet normal -1.594598e-14 4.867766e-15 -1.000000e+00
    outer loop
      vertex   4.007904e+01 -1.370344e+02 3.014440e+01
      vertex   4.168165e+01 -1.339740e+02 3.014440e+01
      vertex   4.176304e+01 -1.344373e+02 3.014440e+01
    endloop
  endfacet
  facet normal -4.302798e-15 -5.243259e-16 -1.000000e+00
    outer loop
      vertex   4.169840e+01 -1.333394e+02 3.014440e+01
      vertex   3.954288e+01 -1.359778e+02 3.014440e+01
      vertex   3.916848e+01 -1.329053e+02 3.014440e+01
    endloop
  endfacet
  facet normal -2.482768e-14 -3.025426e-15 -1.000000e+00
    outer loop
      vertex   3.916848e+01 -1.329053e+02 3.014440e+01
      vertex   3.954288e+01 -1.359778e+02 3.014440e+01
      vertex   3.927719e+01 -1.349718e+02 3.014440e+01
    endloop
  endfacet
  facet normal -4.968696e-14 -4.333289e-15 -1.000000e+00
    outer loop
      vertex   3.916848e+01 -1.329053e+02 3.014440e+01
      vertex   3.927719e+01 -1.349718e+02 3.014440e+01
      vertex   3.913509e+01 -1.341623e+02 3.014440e+01
    endloop
  endfacet
  facet normal -4.225242e-15 -7.231954e-17 -1.000000e+00
    outer loop
      vertex   3.916848e+01 -1.329053e+02 3.014440e+01
      vertex   4.317077e+01 -1.211118e+02 3.014440e+01
      vertex   4.169840e+01 -1.333394e+02 3.014440e+01
    endloop
  endfacet
  facet normal -5.711531e-15 1.066496e-16 -1.000000e+00
    outer loop
      vertex   4.169840e+01 -1.333394e+02 3.014440e+01
      vertex   4.317077e+01 -1.211118e+02 3.014440e+01
      vertex   4.564798e+01 -1.216952e+02 3.014440e+01
    endloop
  endfacet
  facet normal 7.734209e-15 5.719927e-14 -1.000000e+00
    outer loop
      vertex   4.564798e+01 -1.216952e+02 3.014440e+01
      vertex   4.317077e+01 -1.211118e+02 3.014440e+01
      vertex   4.318012e+01 -1.210509e+02 3.014440e+01
    endloop
  endfacet
  facet normal -7.115541e-15 3.157946e-16 -1.000000e+00
    outer loop
      vertex   4.564798e+01 -1.216952e+02 3.014440e+01
      vertex   4.318012e+01 -1.210509e+02 3.014440e+01
      vertex   4.569702e+01 -1.205901e+02 3.014440e+01
    endloop
  endfacet
  facet normal -3.202210e-15 -2.105812e-14 -1.000000e+00
    outer loop
      vertex   4.569702e+01 -1.205901e+02 3.014440e+01
      vertex   4.318012e+01 -1.210509e+02 3.014440e+01
      vertex   4.317045e+01 -1.208807e+02 3.014440e+01
    endloop
  endfacet
  facet normal -5.611350e-15 -1.149360e-16 -1.000000e+00
    outer loop
      vertex   4.569702e+01 -1.205901e+02 3.014440e+01
      vertex   4.317045e+01 -1.208807e+02 3.014440e+01
      vertex   4.211369e+01 -1.001984e+02 3.014440e+01
    endloop
  endfacet
  facet normal -4.135969e-15 -3.955154e-17 -1.000000e+00
    outer loop
      vertex   4.211369e+01 -1.001984e+02 3.014440e+01
      vertex   4.317045e+01 -1.208807e+02 3.014440e+01
      vertex   3.953660e+01 -1.001822e+02 3.014440e+01
    endloop
  endfacet
  facet normal 0.000000e+00 -0.000000e+00 -1.000000e+00
    outer loop
      vertex   4.569702e+01 -1.205901e+02 3.014440e+01
      vertex   4.572966e+01 -1.211631e+02 3.014440e+01
      vertex   4.564798e+01 -1.216952e+02 3.014440e+01
    endloop
  endfacet
  facet normal -5.995300e-15 -1.584359e-15 -1.000000e+00
    outer loop
      vertex   4.176304e+01 -1.344373e+02 3.014440e+01
      vertex   4.193554e+01 -1.350900e+02 3.014440e+01
      vertex   4.007904e+01 -1.370344e+02 3.014440e+01
    endloop
  endfacet
  facet normal -9.302101e-15 1.573015e-15 -1.000000e+00
    outer loop
      vertex   4.007904e+01 -1.370344e+02 3.014440e+01
      vertex   4.193554e+01 -1.350900e+02 3.014440e+01
      vertex   4.222203e+01 -1.356544e+02 3.014440e+01
    endloop
  endfacet
  facet normal -0.000000e+00 0.000000e+00 -1.000000e+00
    outer loop
      vertex   5.141285e+01 -1.504030e+02 3.014440e+01
      vertex   5.134421e+01 -1.504609e+02 3.014440e+01
      vertex   5.124999e+01 -1.502109e+02 3.014440e+01
    endloop
  endfacet
  facet normal 9.884200e-01 -1.517431e-01 5.390997e-15
    outer loop
      vertex   4.564798e+01 -1.216952e+02 3.014440e+01
      vertex   4.572966e+01 -1.211631e+02 3.014440e+01
      vertex   4.564798e+01 -1.216952e+02 3.054440e+01
    endloop
  endfacet
  facet normal 9.884200e-01 -1.517431e-01 0.000000e+00
    outer loop
      vertex   4.564798e+01 -1.216952e+02 3.054440e+01
      vertex   4.572966e+01 -1.211631e+02 3.014440e+01
      vertex   4.572966e+01 -1.211631e+02 3.054440e+01
    endloop
  endfacet
  facet normal 9.983809e-01 5.688202e-02 -0.000000e+00
    outer loop
      vertex   4.572966e+01 -1.211631e+02 3.014440e+01
      vertex   4.569702e+01 -1.205901e+02 3.014440e+01
      vertex   4.572966e+01 -1.211631e+02 3.054440e+01
    endloop
  endfacet
  facet normal 9.983809e-01 5.688202e-02 3.545649e-14
    outer loop
      vertex   4.572966e+01 -1.211631e+02 3.054440e+01
      vertex   4.569702e+01 -1.205901e+02 3.014440e+01
      vertex   4.569702e+01 -1.205901e+02 3.054440e+01
    endloop
  endfacet
  facet normal 9.849089e-01 1.730733e-01 3.499099e-14
    outer loop
      vertex   4.569702e+01 -1.205901e+02 3.014440e+01
      vertex   4.211369e+01 -1.001984e+02 3.014440e+01
      vertex   4.569702e+01 -1.205901e+02 3.054440e+01
    endloop
  endfacet
  facet normal 9.849089e-01 1.730733e-01 -1.715947e-14
    outer loop
      vertex   4.569702e+01 -1.205901e+02 3.054440e+01
      vertex   4.211369e+01 -1.001984e+02 3.014440e+01
      vertex   4.211369e+01 -1.001984e+02 3.054440e+01
    endloop
  endfacet
  facet normal 9.699071e-01 1.702782e-01 -1.740274e-01
    outer loop
      vertex   3.920382e+01 -1.001801e+02 2.819177e+01
      vertex   3.953660e+01 -1.001822e+02 3.004440e+01
      vertex   4.225404e+01 -1.175543e+02 2.819177e+01
    endloop
  endfacet
  facet normal 9.699071e-01 1.702782e-01 -1.740274e-01
    outer loop
      vertex   4.225404e+01 -1.175543e+02 2.819177e+01
      vertex   3.953660e+01 -1.001822e+02 3.004440e+01
      vertex   4.317045e+01 -1.208807e+02 3.004440e+01
    endloop
  endfacet
  facet normal 9.699071e-01 1.702782e-01 -1.740274e-01
    outer loop
      vertex   4.225404e+01 -1.175543e+02 2.819177e+01
      vertex   4.317045e+01 -1.208807e+02 3.004440e+01
      vertex   4.256889e+01 -1.210111e+02 2.656416e+01
    endloop
  endfacet
  facet normal 9.699071e-01 1.702782e-01 -1.740274e-01
    outer loop
      vertex   4.256889e+01 -1.210111e+02 2.656416e+01
      vertex   4.197074e+01 -1.176040e+02 2.656416e+01
      vertex   4.225404e+01 -1.175543e+02 2.819177e+01
    endloop
  endfacet
  facet normal -1.729167e-01 9.849364e-01 6.449582e-14
    outer loop
      vertex   4.131781e+01 -1.177186e+02 2.656416e+01
      vertex   4.104057e+01 -1.177673e+02 2.696649e+01
      vertex   4.197074e+01 -1.176040e+02 2.656416e+01
    endloop
  endfacet
  facet normal -1.729167e-01 9.849364e-01 -9.591869e-16
    outer loop
      vertex   4.197074e+01 -1.176040e+02 2.656416e+01
      vertex   4.104057e+01 -1.177673e+02 2.696649e+01
      vertex   4.125384e+01 -1.177299e+02 2.819177e+01
    endloop
  endfacet
  facet normal -1.729167e-01 9.849364e-01 -1.897579e-15
    outer loop
      vertex   4.197074e+01 -1.176040e+02 2.656416e+01
      vertex   4.125384e+01 -1.177299e+02 2.819177e+01
      vertex   4.225404e+01 -1.175543e+02 2.819177e+01
    endloop
  endfacet
  facet normal 2.414154e-13 1.000000e+00 -0.000000e+00
    outer loop
      vertex   5.146193e+01 -1.504609e+02 3.014440e+01
      vertex   5.134421e+01 -1.504609e+02 3.014440e+01
      vertex   5.146193e+01 -1.504609e+02 3.054440e+01
    endloop
  endfacet
  facet normal 2.414154e-13 1.000000e+00 8.576797e-27
    outer loop
      vertex   5.146193e+01 -1.504609e+02 3.054440e+01
      vertex   5.134421e+01 -1.504609e+02 3.014440e+01
      vertex   5.134421e+01 -1.504609e+02 3.054440e+01
    endloop
  endfacet
  facet normal -3.441982e-15 2.808013e-18 -1.000000e+00
    outer loop
      vertex   3.817165e+01 -1.001737e+02 2.819177e+01
      vertex   3.920382e+01 -1.001801e+02 2.819177e+01
      vertex   4.125384e+01 -1.177299e+02 2.819177e+01
    endloop
  endfacet
  facet normal -1.051154e-14 -8.230037e-16 -1.000000e+00
    outer loop
      vertex   4.125384e+01 -1.177299e+02 2.819177e+01
      vertex   3.920382e+01 -1.001801e+02 2.819177e+01
      vertex   4.225404e+01 -1.175543e+02 2.819177e+01
    endloop
  endfacet
  facet normal 9.699071e-01 1.702782e-01 -1.740274e-01
    outer loop
      vertex   3.795156e+01 -1.001723e+02 2.696649e+01
      vertex   3.817165e+01 -1.001737e+02 2.819177e+01
      vertex   4.104057e+01 -1.177673e+02 2.696649e+01
    endloop
  endfacet
  facet normal 9.699071e-01 1.702782e-01 -1.740274e-01
    outer loop
      vertex   4.104057e+01 -1.177673e+02 2.696649e+01
      vertex   3.817165e+01 -1.001737e+02 2.819177e+01
      vertex   4.125384e+01 -1.177299e+02 2.819177e+01
    endloop
  endfacet
  facet normal 8.070302e-01 1.416833e-01 5.732610e-01
    outer loop
      vertex   3.795156e+01 -1.001723e+02 2.696649e+01
      vertex   4.104057e+01 -1.177673e+02 2.696649e+01
      vertex   3.823766e+01 -1.001741e+02 2.656416e+01
    endloop
  endfacet
  facet normal 8.070302e-01 1.416833e-01 5.732610e-01
    outer loop
      vertex   3.823766e+01 -1.001741e+02 2.656416e+01
      vertex   4.104057e+01 -1.177673e+02 2.696649e+01
      vertex   4.131781e+01 -1.177186e+02 2.656416e+01
    endloop
  endfacet
  facet normal 9.834950e-01 5.587717e-02 -1.720912e-01
    outer loop
      vertex   4.257856e+01 -1.211813e+02 2.656416e+01
      vertex   4.256889e+01 -1.210111e+02 2.656416e+01
      vertex   4.318012e+01 -1.210509e+02 3.004440e+01
    endloop
  endfacet
  facet normal 9.834950e-01 5.587717e-02 -1.720912e-01
    outer loop
      vertex   4.318012e+01 -1.210509e+02 3.004440e+01
      vertex   4.256889e+01 -1.210111e+02 2.656416e+01
      vertex   4.317045e+01 -1.208807e+02 3.004440e+01
    endloop
  endfacet
  facet normal 9.751856e-01 -1.498694e-01 -1.629486e-01
    outer loop
      vertex   4.256921e+01 -1.212421e+02 2.656416e+01
      vertex   4.257856e+01 -1.211813e+02 2.656416e+01
      vertex   4.317077e+01 -1.211118e+02 3.004440e+01
    endloop
  endfacet
  facet normal 9.751856e-01 -1.498694e-01 -1.629486e-01
    outer loop
      vertex   4.317077e+01 -1.211118e+02 3.004440e+01
      vertex   4.257856e+01 -1.211813e+02 2.656416e+01
      vertex   4.318012e+01 -1.210509e+02 3.004440e+01
    endloop
  endfacet
  facet normal 9.852145e-01 -2.616359e-02 -1.693156e-01
    outer loop
      vertex   3.868045e+01 -1.342608e+02 2.741416e+01
      vertex   3.871383e+01 -1.330038e+02 2.741416e+01
      vertex   3.913509e+01 -1.341623e+02 3.004440e+01
    endloop
  endfacet
  facet normal 9.852145e-01 -2.616359e-02 -1.693156e-01
    outer loop
      vertex   3.913509e+01 -1.341623e+02 3.004440e+01
      vertex   3.871383e+01 -1.330038e+02 2.741416e+01
      vertex   3.916848e+01 -1.329053e+02 3.004440e+01
    endloop
  endfacet
  facet normal 9.699103e-01 1.702600e-01 -1.740273e-01
    outer loop
      vertex   3.882255e+01 -1.350703e+02 2.741416e+01
      vertex   3.868045e+01 -1.342608e+02 2.741416e+01
      vertex   3.927719e+01 -1.349718e+02 3.004440e+01
    endloop
  endfacet
  facet normal 9.699103e-01 1.702600e-01 -1.740273e-01
    outer loop
      vertex   3.927719e+01 -1.349718e+02 3.004440e+01
      vertex   3.868045e+01 -1.342608e+02 2.741416e+01
      vertex   3.913509e+01 -1.341623e+02 3.004440e+01
    endloop
  endfacet
  facet normal 9.521037e-01 2.514475e-01 -1.739903e-01
    outer loop
      vertex   3.882255e+01 -1.350703e+02 2.741416e+01
      vertex   3.927719e+01 -1.349718e+02 3.004440e+01
      vertex   3.908824e+01 -1.360763e+02 2.741416e+01
    endloop
  endfacet
  facet normal 9.521037e-01 2.514475e-01 -1.739903e-01
    outer loop
      vertex   3.908824e+01 -1.360763e+02 2.741416e+01
      vertex   3.927719e+01 -1.349718e+02 3.004440e+01
      vertex   3.954288e+01 -1.359778e+02 3.004440e+01
    endloop
  endfacet
  facet normal 8.789851e-01 4.460335e-01 -1.686398e-01
    outer loop
      vertex   3.908824e+01 -1.360763e+02 2.741416e+01
      vertex   3.954288e+01 -1.359778e+02 3.004440e+01
      vertex   3.962440e+01 -1.371329e+02 2.741416e+01
    endloop
  endfacet
  facet normal 8.789851e-01 4.460335e-01 -1.686398e-01
    outer loop
      vertex   3.962440e+01 -1.371329e+02 2.741416e+01
      vertex   3.954288e+01 -1.359778e+02 3.004440e+01
      vertex   4.007904e+01 -1.370344e+02 3.004440e+01
    endloop
  endfacet
  facet normal 7.536475e-01 6.389349e-01 -1.542002e-01
    outer loop
      vertex   3.962440e+01 -1.371329e+02 2.741416e+01
      vertex   4.007904e+01 -1.370344e+02 3.004440e+01
      vertex   4.302978e+01 -1.411497e+02 2.741416e+01
    endloop
  endfacet
  facet normal 7.536475e-01 6.389349e-01 -1.542002e-01
    outer loop
      vertex   4.302978e+01 -1.411497e+02 2.741416e+01
      vertex   4.007904e+01 -1.370344e+02 3.004440e+01
      vertex   5.124999e+01 -1.502109e+02 3.004440e+01
    endloop
  endfacet
  facet normal 7.536475e-01 6.389349e-01 -1.542002e-01
    outer loop
      vertex   4.302978e+01 -1.411497e+02 2.741416e+01
      vertex   5.124999e+01 -1.502109e+02 3.004440e+01
      vertex   4.863038e+01 -1.479609e+02 2.656416e+01
    endloop
  endfacet
  facet normal 7.536475e-01 6.389349e-01 -1.542002e-01
    outer loop
      vertex   4.863038e+01 -1.479609e+02 2.656416e+01
      vertex   5.124999e+01 -1.502109e+02 3.004440e+01
      vertex   5.007755e+01 -1.502109e+02 2.431416e+01
    endloop
  endfacet
  facet normal 7.536475e-01 6.389349e-01 -1.542002e-01
    outer loop
      vertex   4.863038e+01 -1.479609e+02 2.656416e+01
      vertex   4.302978e+01 -1.413548e+02 2.656416e+01
      vertex   4.302978e+01 -1.411497e+02 2.741416e+01
    endloop
  endfacet
  facet normal 0.000000e+00 -1.000000e+00 0.000000e+00
    outer loop
      vertex   4.940296e+01 -1.502109e+02 2.431416e+01
      vertex   5.007755e+01 -1.502109e+02 2.431416e+01
      vertex   4.940296e+01 -1.502109e+02 3.014440e+01
    endloop
  endfacet
  facet normal 1.548484e-14 -1.000000e+00 1.791669e-15
    outer loop
      vertex   4.940296e+01 -1.502109e+02 3.014440e+01
      vertex   5.007755e+01 -1.502109e+02 2.431416e+01
      vertex   5.124999e+01 -1.502109e+02 3.004440e+01
    endloop
  endfacet
  facet normal 1.538783e-14 -1.000000e+00 -3.280114e-27
    outer loop
      vertex   4.940296e+01 -1.502109e+02 3.014440e+01
      vertex   5.124999e+01 -1.502109e+02 3.004440e+01
      vertex   5.124999e+01 -1.502109e+02 3.014440e+01
    endloop
  endfacet
  facet normal -7.627705e-01 -6.466693e-01 0.000000e+00
    outer loop
      vertex   5.146193e+01 -1.504609e+02 3.014440e+01
      vertex   5.146193e+01 -1.504609e+02 3.054440e+01
      vertex   5.141285e+01 -1.504030e+02 3.014440e+01
    endloop
  endfacet
  facet normal -7.627705e-01 -6.466693e-01 -1.189963e-13
    outer loop
      vertex   5.141285e+01 -1.504030e+02 3.014440e+01
      vertex   5.146193e+01 -1.504609e+02 3.054440e+01
      vertex   5.141285e+01 -1.504030e+02 3.054440e+01
    endloop
  endfacet
  facet normal 9.470071e-01 -3.212126e-01 1.682223e-14
    outer loop
      vertex   4.169840e+01 -1.333394e+02 3.014440e+01
      vertex   4.564798e+01 -1.216952e+02 3.014440e+01
      vertex   4.169840e+01 -1.333394e+02 3.054440e+01
    endloop
  endfacet
  facet normal 9.470071e-01 -3.212126e-01 1.155745e-14
    outer loop
      vertex   4.169840e+01 -1.333394e+02 3.054440e+01
      vertex   4.564798e+01 -1.216952e+02 3.014440e+01
      vertex   4.564798e+01 -1.216952e+02 3.054440e+01
    endloop
  endfacet
  facet normal 9.996518e-01 -2.638823e-02 5.514714e-14
    outer loop
      vertex   4.168165e+01 -1.339740e+02 3.014440e+01
      vertex   4.169840e+01 -1.333394e+02 3.014440e+01
      vertex   4.168165e+01 -1.339740e+02 3.054440e+01
    endloop
  endfacet
  facet normal 9.996518e-01 -2.638823e-02 1.776115e-14
    outer loop
      vertex   4.168165e+01 -1.339740e+02 3.054440e+01
      vertex   4.169840e+01 -1.333394e+02 3.014440e+01
      vertex   4.169840e+01 -1.333394e+02 3.054440e+01
    endloop
  endfacet
  facet normal 9.849122e-01 1.730549e-01 1.749555e-14
    outer loop
      vertex   4.176304e+01 -1.344373e+02 3.014440e+01
      vertex   4.168165e+01 -1.339740e+02 3.014440e+01
      vertex   4.176304e+01 -1.344373e+02 3.054440e+01
    endloop
  endfacet
  facet normal 9.849122e-01 1.730549e-01 4.020361e-14
    outer loop
      vertex   4.176304e+01 -1.344373e+02 3.054440e+01
      vertex   4.168165e+01 -1.339740e+02 3.014440e+01
      vertex   4.168165e+01 -1.339740e+02 3.054440e+01
    endloop
  endfacet
  facet normal 9.668102e-01 2.554958e-01 5.152200e-14
    outer loop
      vertex   4.193554e+01 -1.350900e+02 3.014440e+01
      vertex   4.176304e+01 -1.344373e+02 3.014440e+01
      vertex   4.193554e+01 -1.350900e+02 3.054440e+01
    endloop
  endfacet
  facet normal 9.668102e-01 2.554958e-01 1.716312e-14
    outer loop
      vertex   4.193554e+01 -1.350900e+02 3.054440e+01
      vertex   4.176304e+01 -1.344373e+02 3.014440e+01
      vertex   4.176304e+01 -1.344373e+02 3.054440e+01
    endloop
  endfacet
  facet normal 8.916852e-01 4.526560e-01 3.167902e-14
    outer loop
      vertex   4.222203e+01 -1.356544e+02 3.014440e+01
      vertex   4.193554e+01 -1.350900e+02 3.014440e+01
      vertex   4.222203e+01 -1.356544e+02 3.054440e+01
    endloop
  endfacet
  facet normal 8.916852e-01 4.526560e-01 4.747173e-14
    outer loop
      vertex   4.222203e+01 -1.356544e+02 3.054440e+01
      vertex   4.193554e+01 -1.350900e+02 3.014440e+01
      vertex   4.193554e+01 -1.350900e+02 3.054440e+01
    endloop
  endfacet
  facet normal 7.626684e-01 6.467897e-01 8.233672e-15
    outer loop
      vertex   5.442745e+01 -1.500465e+02 3.014440e+01
      vertex   4.222203e+01 -1.356544e+02 3.014440e+01
      vertex   5.442745e+01 -1.500465e+02 3.054440e+01
    endloop
  endfacet
  facet normal 7.626684e-01 6.467897e-01 2.635716e-14
    outer loop
      vertex   5.442745e+01 -1.500465e+02 3.054440e+01
      vertex   4.222203e+01 -1.356544e+02 3.014440e+01
      vertex   4.222203e+01 -1.356544e+02 3.054440e+01
    endloop
  endfacet
  facet normal 9.773185e-01 2.117746e-01 3.472133e-14
    outer loop
      vertex   5.532984e+01 -1.542109e+02 3.014440e+01
      vertex   5.442745e+01 -1.500465e+02 3.014440e+01
      vertex   5.532984e+01 -1.542109e+02 3.054440e+01
    endloop
  endfacet
  facet normal 9.773185e-01 2.117746e-01 5.419454e-14
    outer loop
      vertex   5.532984e+01 -1.542109e+02 3.054440e+01
      vertex   5.442745e+01 -1.500465e+02 3.014440e+01
      vertex   5.442745e+01 -1.500465e+02 3.054440e+01
    endloop
  endfacet
  facet normal 6.446681e-01 -7.644626e-01 -8.573346e-14
    outer loop
      vertex   5.141285e+01 -1.504030e+02 3.014440e+01
      vertex   5.141285e+01 -1.504030e+02 3.054440e+01
      vertex   5.134421e+01 -1.504609e+02 3.014440e+01
    endloop
  endfacet
  facet normal 6.446681e-01 -7.644626e-01 2.290321e-14
    outer loop
      vertex   5.134421e+01 -1.504609e+02 3.014440e+01
      vertex   5.141285e+01 -1.504030e+02 3.054440e+01
      vertex   5.134421e+01 -1.504609e+02 3.054440e+01
    endloop
  endfacet
endsolid
