solid ASCII
  facet normal -1.000000e+00 -1.345220e-14 -7.391557e-15
    outer loop
      vertex   5.264205e+01 -2.626168e+01 1.516933e+01
      vertex   5.264205e+01 -2.787120e+01 -7.856253e+00
      vertex   5.264205e+01 -3.048726e+01 1.516933e+01
    endloop
  endfacet
  facet normal -1.000000e+00 -1.123851e-14 -7.140047e-15
    outer loop
      vertex   5.264205e+01 -3.048726e+01 1.516933e+01
      vertex   5.264205e+01 -2.787120e+01 -7.856253e+00
      vertex   5.264205e+01 -3.048726e+01 -7.719151e+00
    endloop
  endfacet
  facet normal 7.206341e-01 -6.916256e-01 4.837907e-02
    outer loop
      vertex   6.014205e+01 -2.643479e+01 1.516933e+01
      vertex   6.014205e+01 -2.804479e+01 -7.847156e+00
      vertex   6.071930e+01 -2.661713e+01 3.964145e+00
    endloop
  endfacet
  facet normal 7.136595e-01 -6.987360e-01 4.957940e-02
    outer loop
      vertex   6.071930e+01 -2.661713e+01 3.964145e+00
      vertex   6.014205e+01 -2.804479e+01 -7.847156e+00
      vertex   6.072552e+01 -2.745106e+01 -7.878271e+00
    endloop
  endfacet
  facet normal 8.104134e-01 -5.843812e-01 4.157743e-02
    outer loop
      vertex   6.071930e+01 -2.661713e+01 3.964145e+00
      vertex   6.072552e+01 -2.745106e+01 -7.878271e+00
      vertex   6.121401e+01 -2.677615e+01 -7.913642e+00
    endloop
  endfacet
  facet normal 8.888728e-01 -4.568152e-01 3.499985e-02
    outer loop
      vertex   6.159560e+01 -2.603662e+01 -7.952399e+00
      vertex   6.156150e+01 -2.519756e+01 3.864900e+00
      vertex   6.121401e+01 -2.677615e+01 -7.913642e+00
    endloop
  endfacet
  facet normal 8.960351e-01 -4.427623e-01 3.290511e-02
    outer loop
      vertex   6.121401e+01 -2.677615e+01 -7.913642e+00
      vertex   6.156150e+01 -2.519756e+01 3.864900e+00
      vertex   6.119375e+01 -2.593795e+01 3.916664e+00
    endloop
  endfacet
  facet normal 8.204391e-01 -5.702036e-01 4.180517e-02
    outer loop
      vertex   6.121401e+01 -2.677615e+01 -7.913642e+00
      vertex   6.119375e+01 -2.593795e+01 3.916664e+00
      vertex   6.071930e+01 -2.661713e+01 3.964145e+00
    endloop
  endfacet
  facet normal 8.204404e-01 -5.703890e-01 3.916512e-02
    outer loop
      vertex   6.071930e+01 -2.661713e+01 3.964145e+00
      vertex   6.119375e+01 -2.593795e+01 3.916664e+00
      vertex   6.072587e+01 -2.583828e+01 1.516933e+01
    endloop
  endfacet
  facet normal 7.138351e-01 -6.986571e-01 4.814323e-02
    outer loop
      vertex   6.071930e+01 -2.661713e+01 3.964145e+00
      vertex   6.072587e+01 -2.583828e+01 1.516933e+01
      vertex   6.014205e+01 -2.643479e+01 1.516933e+01
    endloop
  endfacet
  facet normal 9.498506e-01 -3.117133e-01 2.487305e-02
    outer loop
      vertex   6.156150e+01 -2.519756e+01 3.864900e+00
      vertex   6.159560e+01 -2.603662e+01 -7.952399e+00
      vertex   6.182006e+01 -2.441406e+01 3.810120e+00
    endloop
  endfacet
  facet normal 9.473318e-01 -3.192005e-01 2.595392e-02
    outer loop
      vertex   6.182006e+01 -2.441406e+01 3.810120e+00
      vertex   6.159560e+01 -2.603662e+01 -7.952399e+00
      vertex   6.186237e+01 -2.524823e+01 -7.993717e+00
    endloop
  endfacet
  facet normal 9.839818e-01 -1.775426e-01 1.607438e-02
    outer loop
      vertex   6.182006e+01 -2.441406e+01 3.810120e+00
      vertex   6.186237e+01 -2.524823e+01 -7.993717e+00
      vertex   6.196709e+01 -2.360428e+01 3.753499e+00
    endloop
  endfacet
  facet normal 9.844985e-01 -1.746915e-01 1.567078e-02
    outer loop
      vertex   6.196709e+01 -2.360428e+01 3.753499e+00
      vertex   6.186237e+01 -2.524823e+01 -7.993717e+00
      vertex   6.200805e+01 -2.443113e+01 -8.036540e+00
    endloop
  endfacet
  facet normal 9.992169e-01 -3.907670e-02 6.211169e-03
    outer loop
      vertex   6.196709e+01 -2.360428e+01 3.753499e+00
      vertex   6.200805e+01 -2.443113e+01 -8.036540e+00
      vertex   6.199972e+01 -2.277929e+01 3.695810e+00
    endloop
  endfacet
  facet normal 9.996424e-01 -2.637169e-02 4.422694e-03
    outer loop
      vertex   6.199972e+01 -2.277929e+01 3.695810e+00
      vertex   6.200805e+01 -2.443113e+01 -8.036540e+00
      vertex   6.203018e+01 -2.359961e+01 -8.080118e+00
    endloop
  endfacet
  facet normal 9.924278e-01 1.226834e-01 -5.979176e-03
    outer loop
      vertex   6.199972e+01 -2.277929e+01 3.695810e+00
      vertex   6.203018e+01 -2.359961e+01 -8.080118e+00
      vertex   6.192797e+01 -2.277492e+01 -8.123338e+00
    endloop
  endfacet
  facet normal 9.944373e-01 1.051595e-01 -5.997856e-03
    outer loop
      vertex   6.199972e+01 -2.277929e+01 3.695810e+00
      vertex   6.192797e+01 -2.277492e+01 -8.123338e+00
      vertex   6.191204e+01 -2.195350e+01 3.638063e+00
    endloop
  endfacet
  facet normal 9.630373e-01 2.688011e-01 -1.746914e-02
    outer loop
      vertex   6.191204e+01 -2.195350e+01 3.638063e+00
      vertex   6.192797e+01 -2.277492e+01 -8.123338e+00
      vertex   6.170405e+01 -2.197542e+01 -8.165238e+00
    endloop
  endfacet
  facet normal 9.669574e-01 2.543358e-01 -1.751136e-02
    outer loop
      vertex   6.191204e+01 -2.195350e+01 3.638063e+00
      vertex   6.170405e+01 -2.197542e+01 -8.165238e+00
      vertex   6.170170e+01 -2.115763e+01 3.582405e+00
    endloop
  endfacet
  facet normal 9.134567e-01 4.059661e-01 -2.807755e-02
    outer loop
      vertex   6.170170e+01 -2.115763e+01 3.582405e+00
      vertex   6.170405e+01 -2.197542e+01 -8.165238e+00
      vertex   6.136290e+01 -2.039896e+01 3.529345e+00
    endloop
  endfacet
  facet normal 9.134568e-01 4.059402e-01 -2.844870e-02
    outer loop
      vertex   6.170170e+01 -2.115763e+01 3.582405e+00
      vertex   6.136290e+01 -2.039896e+01 3.529345e+00
      vertex   6.136479e+01 -1.958748e+01 1.516933e+01
    endloop
  endfacet
  facet normal 8.412713e-01 5.392947e-01 -3.773377e-02
    outer loop
      vertex   6.136479e+01 -1.958748e+01 1.516933e+01
      vertex   6.136290e+01 -2.039896e+01 3.529345e+00
      vertex   6.091567e+01 -1.888687e+01 1.516933e+01
    endloop
  endfacet
  facet normal 8.342803e-01 5.499320e-01 -3.938422e-02
    outer loop
      vertex   6.091567e+01 -1.888687e+01 1.516933e+01
      vertex   6.136290e+01 -2.039896e+01 3.529345e+00
      vertex   6.090530e+01 -1.970823e+01 3.481032e+00
    endloop
  endfacet
  facet normal 7.510955e-01 6.585226e-01 -4.694133e-02
    outer loop
      vertex   6.091567e+01 -1.888687e+01 1.516933e+01
      vertex   6.090530e+01 -1.970823e+01 3.481032e+00
      vertex   6.036562e+01 -1.825951e+01 1.516933e+01
    endloop
  endfacet
  facet normal 7.380991e-01 6.728872e-01 -4.932184e-02
    outer loop
      vertex   6.036562e+01 -1.825951e+01 1.516933e+01
      vertex   6.090530e+01 -1.970823e+01 3.481032e+00
      vertex   6.034552e+01 -1.909732e+01 3.438299e+00
    endloop
  endfacet
  facet normal 6.439147e-01 7.630743e-01 -5.560144e-02
    outer loop
      vertex   6.036562e+01 -1.825951e+01 1.516933e+01
      vertex   6.034552e+01 -1.909732e+01 3.438299e+00
      vertex   5.972916e+01 -1.772244e+01 1.516933e+01
    endloop
  endfacet
  facet normal 6.306857e-01 7.739003e-01 -5.756532e-02
    outer loop
      vertex   5.972916e+01 -1.772244e+01 1.516933e+01
      vertex   6.034552e+01 -1.909732e+01 3.438299e+00
      vertex   5.970346e+01 -1.857679e+01 3.401883e+00
    endloop
  endfacet
  facet normal 5.222984e-01 8.504409e-01 -6.288570e-02
    outer loop
      vertex   5.972916e+01 -1.772244e+01 1.516933e+01
      vertex   5.970346e+01 -1.857679e+01 3.401883e+00
      vertex   5.901972e+01 -1.728673e+01 1.516933e+01
    endloop
  endfacet
  facet normal 5.150415e-01 8.547888e-01 -6.378401e-02
    outer loop
      vertex   5.901972e+01 -1.728673e+01 1.516933e+01
      vertex   5.970346e+01 -1.857679e+01 3.401883e+00
      vertex   5.899600e+01 -1.815274e+01 3.372212e+00
    endloop
  endfacet
  facet normal 3.887253e-01 9.188238e-01 -6.823075e-02
    outer loop
      vertex   5.901972e+01 -1.728673e+01 1.516933e+01
      vertex   5.899600e+01 -1.815274e+01 3.372212e+00
      vertex   5.825129e+01 -1.696163e+01 1.516933e+01
    endloop
  endfacet
  facet normal 3.915216e-01 9.176576e-01 -6.793648e-02
    outer loop
      vertex   5.825129e+01 -1.696163e+01 1.516933e+01
      vertex   5.899600e+01 -1.815274e+01 3.372212e+00
      vertex   5.823477e+01 -1.782963e+01 3.349598e+00
    endloop
  endfacet
  facet normal 2.463628e-01 9.665497e-01 -7.132401e-02
    outer loop
      vertex   5.825129e+01 -1.696163e+01 1.516933e+01
      vertex   5.823477e+01 -1.782963e+01 3.349598e+00
      vertex   5.744501e+01 -1.675612e+01 1.516933e+01
    endloop
  endfacet
  facet normal 2.588691e-01 9.633582e-01 -7.019853e-02
    outer loop
      vertex   5.744501e+01 -1.675612e+01 1.516933e+01
      vertex   5.823477e+01 -1.782963e+01 3.349598e+00
      vertex   5.743200e+01 -1.761501e+01 3.334569e+00
    endloop
  endfacet
  facet normal 9.843397e-02 9.925254e-01 -7.213892e-02
    outer loop
      vertex   5.744501e+01 -1.675612e+01 1.516933e+01
      vertex   5.743200e+01 -1.761501e+01 3.334569e+00
      vertex   5.661533e+01 -1.667384e+01 1.516933e+01
    endloop
  endfacet
  facet normal 1.166213e-01 9.906543e-01 -7.073508e-02
    outer loop
      vertex   5.661533e+01 -1.667384e+01 1.516933e+01
      vertex   5.743200e+01 -1.761501e+01 3.334569e+00
      vertex   5.661381e+01 -1.751917e+01 3.327846e+00
    endloop
  endfacet
  facet normal -5.187869e-02 9.961189e-01 -7.110343e-02
    outer loop
      vertex   5.661533e+01 -1.667384e+01 1.516933e+01
      vertex   5.661381e+01 -1.751917e+01 3.327846e+00
      vertex   5.578323e+01 -1.671718e+01 1.516933e+01
    endloop
  endfacet
  facet normal -3.589968e-02 9.968983e-01 -7.003543e-02
    outer loop
      vertex   5.578323e+01 -1.671718e+01 1.516933e+01
      vertex   5.661381e+01 -1.751917e+01 3.327846e+00
      vertex   5.578291e+01 -1.754895e+01 3.329906e+00
    endloop
  endfacet
  facet normal -2.008849e-01 9.772066e-01 -6.864757e-02
    outer loop
      vertex   5.578323e+01 -1.671718e+01 1.516933e+01
      vertex   5.578291e+01 -1.754895e+01 3.329906e+00
      vertex   5.496807e+01 -1.688475e+01 1.516933e+01
    endloop
  endfacet
  facet normal -1.969387e-01 9.780254e-01 -6.842191e-02
    outer loop
      vertex   5.496807e+01 -1.688475e+01 1.516933e+01
      vertex   5.578291e+01 -1.754895e+01 3.329906e+00
      vertex   5.496799e+01 -1.771224e+01 3.341304e+00
    endloop
  endfacet
  facet normal -3.454169e-01 9.361613e-01 -6.549201e-02
    outer loop
      vertex   5.496807e+01 -1.688475e+01 1.516933e+01
      vertex   5.496799e+01 -1.771224e+01 3.341304e+00
      vertex   5.418519e+01 -1.717361e+01 1.516933e+01
    endloop
  endfacet
  facet normal -3.500282e-01 9.344310e-01 -6.571840e-02
    outer loop
      vertex   5.418519e+01 -1.717361e+01 1.516933e+01
      vertex   5.496799e+01 -1.771224e+01 3.341304e+00
      vertex   5.418749e+01 -1.800318e+01 3.361628e+00
    endloop
  endfacet
  facet normal -4.868715e-01 8.713192e-01 -6.131098e-02
    outer loop
      vertex   5.418519e+01 -1.717361e+01 1.516933e+01
      vertex   5.418749e+01 -1.800318e+01 3.361628e+00
      vertex   5.346174e+01 -1.840673e+01 3.389828e+00
    endloop
  endfacet
  facet normal -4.868715e-01 8.713707e-01 -6.057387e-02
    outer loop
      vertex   5.346174e+01 -1.840673e+01 3.389828e+00
      vertex   5.418749e+01 -1.800318e+01 3.361628e+00
      vertex   5.418611e+01 -1.881676e+01 -8.330776e+00
    endloop
  endfacet
  facet normal -4.820331e-01 8.740707e-01 -6.036930e-02
    outer loop
      vertex   5.346174e+01 -1.840673e+01 3.389828e+00
      vertex   5.418611e+01 -1.881676e+01 -8.330776e+00
      vertex   5.345722e+01 -1.921728e+01 -8.309786e+00
    endloop
  endfacet
  facet normal 9.120555e-01 4.090727e-01 -2.853720e-02
    outer loop
      vertex   6.170405e+01 -2.197542e+01 -8.165238e+00
      vertex   6.136233e+01 -2.121629e+01 -8.205022e+00
      vertex   6.136290e+01 -2.039896e+01 3.529345e+00
    endloop
  endfacet
  facet normal 8.342807e-01 5.500046e-01 -3.834964e-02
    outer loop
      vertex   6.136290e+01 -2.039896e+01 3.529345e+00
      vertex   6.136233e+01 -2.121629e+01 -8.205022e+00
      vertex   6.090530e+01 -1.970823e+01 3.481032e+00
    endloop
  endfacet
  facet normal 8.406322e-01 5.403509e-01 -3.685546e-02
    outer loop
      vertex   6.136233e+01 -2.121629e+01 -8.205022e+00
      vertex   6.091217e+01 -2.051847e+01 -8.241593e+00
      vertex   6.090530e+01 -1.970823e+01 3.481032e+00
    endloop
  endfacet
  facet normal 7.381006e-01 6.731145e-01 -4.609178e-02
    outer loop
      vertex   6.090530e+01 -1.970823e+01 3.481032e+00
      vertex   6.091217e+01 -2.051847e+01 -8.241593e+00
      vertex   6.034552e+01 -1.909732e+01 3.438299e+00
    endloop
  endfacet
  facet normal 7.503954e-01 6.595336e-01 -4.384284e-02
    outer loop
      vertex   6.091217e+01 -2.051847e+01 -8.241593e+00
      vertex   6.036209e+01 -1.989478e+01 -8.274280e+00
      vertex   6.034552e+01 -1.909732e+01 3.438299e+00
    endloop
  endfacet
  facet normal 6.306877e-01 7.743042e-01 -5.182639e-02
    outer loop
      vertex   6.034552e+01 -1.909732e+01 3.438299e+00
      vertex   6.036209e+01 -1.989478e+01 -8.274280e+00
      vertex   5.970346e+01 -1.857679e+01 3.401883e+00
    endloop
  endfacet
  facet normal 6.431681e-01 7.640928e-01 -4.996975e-02
    outer loop
      vertex   6.036209e+01 -1.989478e+01 -8.274280e+00
      vertex   5.972447e+01 -1.935990e+01 -8.302311e+00
      vertex   5.970346e+01 -1.857679e+01 3.401883e+00
    endloop
  endfacet
  facet normal 5.150423e-01 8.553136e-01 -5.630311e-02
    outer loop
      vertex   5.970346e+01 -1.857679e+01 3.401883e+00
      vertex   5.972447e+01 -1.935990e+01 -8.302311e+00
      vertex   5.899600e+01 -1.815274e+01 3.372212e+00
    endloop
  endfacet
  facet normal 5.215044e-01 8.514417e-01 -5.549953e-02
    outer loop
      vertex   5.972447e+01 -1.935990e+01 -8.302311e+00
      vertex   5.901540e+01 -1.892707e+01 -8.324995e+00
      vertex   5.899600e+01 -1.815274e+01 3.372212e+00
    endloop
  endfacet
  facet normal 3.915209e-01 9.182022e-01 -6.013445e-02
    outer loop
      vertex   5.899600e+01 -1.815274e+01 3.372212e+00
      vertex   5.901540e+01 -1.892707e+01 -8.324995e+00
      vertex   5.823477e+01 -1.782963e+01 3.349598e+00
    endloop
  endfacet
  facet normal 3.879939e-01 9.196735e-01 -6.050861e-02
    outer loop
      vertex   5.901540e+01 -1.892707e+01 -8.324995e+00
      vertex   5.824739e+01 -1.860418e+01 -8.341917e+00
      vertex   5.823477e+01 -1.782963e+01 3.349598e+00
    endloop
  endfacet
  facet normal 2.456483e-01 9.672562e-01 -6.381465e-02
    outer loop
      vertex   5.823477e+01 -1.782963e+01 3.349598e+00
      vertex   5.824739e+01 -1.860418e+01 -8.341917e+00
      vertex   5.744141e+01 -1.840019e+01 -8.352607e+00
    endloop
  endfacet
  facet normal 2.588689e-01 9.637538e-01 -6.454018e-02
    outer loop
      vertex   5.823477e+01 -1.782963e+01 3.349598e+00
      vertex   5.744141e+01 -1.840019e+01 -8.352607e+00
      vertex   5.743200e+01 -1.761501e+01 3.334569e+00
    endloop
  endfacet
  facet normal 9.787601e-02 9.929655e-01 -6.663224e-02
    outer loop
      vertex   5.743200e+01 -1.761501e+01 3.334569e+00
      vertex   5.744141e+01 -1.840019e+01 -8.352607e+00
      vertex   5.661375e+01 -1.831890e+01 -8.356868e+00
    endloop
  endfacet
  facet normal 1.166212e-01 9.908584e-01 -6.781731e-02
    outer loop
      vertex   5.743200e+01 -1.761501e+01 3.334569e+00
      vertex   5.661375e+01 -1.831890e+01 -8.356868e+00
      vertex   5.661381e+01 -1.751917e+01 3.327846e+00
    endloop
  endfacet
  facet normal -3.589969e-02 9.970229e-01 -6.823852e-02
    outer loop
      vertex   5.661381e+01 -1.751917e+01 3.327846e+00
      vertex   5.661375e+01 -1.831890e+01 -8.356868e+00
      vertex   5.578291e+01 -1.754895e+01 3.329906e+00
    endloop
  endfacet
  facet normal -5.227312e-02 9.962219e-01 -6.934977e-02
    outer loop
      vertex   5.661375e+01 -1.831890e+01 -8.356868e+00
      vertex   5.578174e+01 -1.836240e+01 -8.354588e+00
      vertex   5.578291e+01 -1.754895e+01 3.329906e+00
    endloop
  endfacet
  facet normal -1.969387e-01 9.780499e-01 -6.807012e-02
    outer loop
      vertex   5.578291e+01 -1.754895e+01 3.329906e+00
      vertex   5.578174e+01 -1.836240e+01 -8.354588e+00
      vertex   5.496799e+01 -1.771224e+01 3.341304e+00
    endloop
  endfacet
  facet normal -2.011650e-01 9.771723e-01 -6.831538e-02
    outer loop
      vertex   5.578174e+01 -1.836240e+01 -8.354588e+00
      vertex   5.496775e+01 -1.852936e+01 -8.345838e+00
      vertex   5.496799e+01 -1.771224e+01 3.341304e+00
    endloop
  endfacet
  facet normal -3.500283e-01 9.344585e-01 -6.532604e-02
    outer loop
      vertex   5.496799e+01 -1.771224e+01 3.341304e+00
      vertex   5.496775e+01 -1.852936e+01 -8.345838e+00
      vertex   5.418749e+01 -1.800318e+01 3.361628e+00
    endloop
  endfacet
  facet normal -3.454723e-01 9.361682e-01 -6.509924e-02
    outer loop
      vertex   5.496775e+01 -1.852936e+01 -8.345838e+00
      vertex   5.418611e+01 -1.881676e+01 -8.330776e+00
      vertex   5.418749e+01 -1.800318e+01 3.361628e+00
    endloop
  endfacet
  facet normal -6.088648e-01 7.913933e-01 -5.459235e-02
    outer loop
      vertex   5.346174e+01 -1.840673e+01 3.389828e+00
      vertex   5.345722e+01 -1.921728e+01 -8.309786e+00
      vertex   5.280294e+01 -1.891115e+01 3.425083e+00
    endloop
  endfacet
  facet normal -6.075476e-01 7.924081e-01 -5.454539e-02
    outer loop
      vertex   5.280294e+01 -1.891115e+01 3.425083e+00
      vertex   5.345722e+01 -1.921728e+01 -8.309786e+00
      vertex   5.279697e+01 -1.972168e+01 -8.283351e+00
    endloop
  endfacet
  facet normal -7.194512e-01 6.929100e-01 -4.760040e-02
    outer loop
      vertex   5.280294e+01 -1.891115e+01 3.425083e+00
      vertex   5.279697e+01 -1.972168e+01 -8.283351e+00
      vertex   5.221817e+01 -2.032049e+01 -8.251969e+00
    endloop
  endfacet
  facet normal -7.171223e-01 6.952921e-01 -4.800454e-02
    outer loop
      vertex   5.280294e+01 -1.891115e+01 3.425083e+00
      vertex   5.221817e+01 -2.032049e+01 -8.251969e+00
      vertex   5.222320e+01 -1.950622e+01 3.466679e+00
    endloop
  endfacet
  facet normal -8.151265e-01 5.779137e-01 -3.980640e-02
    outer loop
      vertex   5.222320e+01 -1.950622e+01 3.466679e+00
      vertex   5.221817e+01 -2.032049e+01 -8.251969e+00
      vertex   5.173672e+01 -2.099711e+01 -8.216509e+00
    endloop
  endfacet
  facet normal -8.116940e-01 5.826732e-01 -4.055668e-02
    outer loop
      vertex   5.222320e+01 -1.950622e+01 3.466679e+00
      vertex   5.173672e+01 -2.099711e+01 -8.216509e+00
      vertex   5.173827e+01 -2.017848e+01 3.513676e+00
    endloop
  endfacet
  facet normal -8.924254e-01 4.501084e-01 -3.129465e-02
    outer loop
      vertex   5.173827e+01 -2.017848e+01 3.513676e+00
      vertex   5.173672e+01 -2.099711e+01 -8.216509e+00
      vertex   5.136121e+01 -2.173894e+01 -8.177631e+00
    endloop
  endfacet
  facet normal -8.912052e-01 4.524946e-01 -3.165249e-02
    outer loop
      vertex   5.173827e+01 -2.017848e+01 3.513676e+00
      vertex   5.136121e+01 -2.173894e+01 -8.177631e+00
      vertex   5.136071e+01 -2.091849e+01 3.565412e+00
    endloop
  endfacet
  facet normal -9.497731e-01 3.121755e-01 -2.185137e-02
    outer loop
      vertex   5.136071e+01 -2.091849e+01 3.565412e+00
      vertex   5.136121e+01 -2.173894e+01 -8.177631e+00
      vertex   5.110066e+01 -2.252873e+01 -8.136240e+00
    endloop
  endfacet
  facet normal -9.522774e-01 3.045282e-01 -2.074338e-02
    outer loop
      vertex   5.136071e+01 -2.091849e+01 3.565412e+00
      vertex   5.110066e+01 -2.252873e+01 -8.136240e+00
      vertex   5.110699e+01 -2.170810e+01 3.620620e+00
    endloop
  endfacet
  facet normal -9.881265e-01 1.533056e-01 -1.016870e-02
    outer loop
      vertex   5.110699e+01 -2.170810e+01 3.620620e+00
      vertex   5.110066e+01 -2.252873e+01 -8.136240e+00
      vertex   5.097963e+01 -2.252521e+01 3.677755e+00
    endloop
  endfacet
  facet normal -9.881253e-01 1.531517e-01 -1.236760e-02
    outer loop
      vertex   5.110699e+01 -2.170810e+01 3.620620e+00
      vertex   5.097963e+01 -2.252521e+01 3.677755e+00
      vertex   5.096060e+01 -2.172003e+01 1.516933e+01
    endloop
  endfacet
  facet normal -9.998146e-01 1.902054e-02 -2.988734e-03
    outer loop
      vertex   5.096060e+01 -2.172003e+01 1.516933e+01
      vertex   5.097963e+01 -2.252521e+01 3.677755e+00
      vertex   5.094473e+01 -2.255438e+01 1.516933e+01
    endloop
  endfacet
  facet normal -9.999756e-01 6.296723e-03 -3.021523e-03
    outer loop
      vertex   5.094473e+01 -2.255438e+01 1.516933e+01
      vertex   5.097963e+01 -2.252521e+01 3.677755e+00
      vertex   5.097425e+01 -2.335250e+01 3.735605e+00
    endloop
  endfacet
  facet normal -9.915198e-01 -1.297929e-01 6.499917e-03
    outer loop
      vertex   5.094473e+01 -2.255438e+01 1.516933e+01
      vertex   5.097425e+01 -2.335250e+01 3.735605e+00
      vertex   5.105276e+01 -2.337966e+01 1.516933e+01
    endloop
  endfacet
  facet normal -9.908104e-01 -1.351029e-01 6.482432e-03
    outer loop
      vertex   5.105276e+01 -2.337966e+01 1.516933e+01
      vertex   5.097425e+01 -2.335250e+01 3.735605e+00
      vertex   5.108601e+01 -2.416937e+01 3.792729e+00
    endloop
  endfacet
  facet normal -9.611013e-01 -2.757130e-01 1.632975e-02
    outer loop
      vertex   5.105276e+01 -2.337966e+01 1.516933e+01
      vertex   5.108601e+01 -2.416937e+01 3.792729e+00
      vertex   5.128275e+01 -2.418138e+01 1.516933e+01
    endloop
  endfacet
  facet normal -9.622361e-01 -2.717245e-01 1.635359e-02
    outer loop
      vertex   5.128275e+01 -2.418138e+01 1.516933e+01
      vertex   5.108601e+01 -2.416937e+01 3.792729e+00
      vertex   5.131125e+01 -2.496367e+01 3.848277e+00
    endloop
  endfacet
  facet normal -9.091027e-01 -4.157323e-01 2.643835e-02
    outer loop
      vertex   5.128275e+01 -2.418138e+01 1.516933e+01
      vertex   5.131125e+01 -2.496367e+01 3.848277e+00
      vertex   5.162979e+01 -2.494028e+01 1.516933e+01
    endloop
  endfacet
  facet normal -9.139973e-01 -4.048505e-01 2.655359e-02
    outer loop
      vertex   5.162979e+01 -2.494028e+01 1.516933e+01
      vertex   5.131125e+01 -2.496367e+01 3.848277e+00
      vertex   5.164773e+01 -2.571984e+01 3.901163e+00
    endloop
  endfacet
  facet normal -8.366065e-01 -5.465881e-01 3.648262e-02
    outer loop
      vertex   5.162979e+01 -2.494028e+01 1.516933e+01
      vertex   5.164773e+01 -2.571984e+01 3.901163e+00
      vertex   5.208650e+01 -2.563932e+01 1.516933e+01
    endloop
  endfacet
  facet normal -8.443817e-01 -5.344836e-01 3.669888e-02
    outer loop
      vertex   5.208650e+01 -2.563932e+01 1.516933e+01
      vertex   5.164773e+01 -2.571984e+01 3.901163e+00
      vertex   5.209250e+01 -2.641914e+01 3.950074e+00
    endloop
  endfacet
  facet normal -7.452295e-01 -6.652305e-01 4.583982e-02
    outer loop
      vertex   5.208650e+01 -2.563932e+01 1.516933e+01
      vertex   5.209250e+01 -2.641914e+01 3.950074e+00
      vertex   5.264205e+01 -2.626168e+01 1.516933e+01
    endloop
  endfacet
  facet normal -7.511161e-01 -6.585631e-01 4.603459e-02
    outer loop
      vertex   5.264205e+01 -2.626168e+01 1.516933e+01
      vertex   5.209250e+01 -2.641914e+01 3.950074e+00
      vertex   5.264205e+01 -2.787120e+01 -7.856253e+00
    endloop
  endfacet
  facet normal -7.452947e-01 -6.650691e-01 4.710573e-02
    outer loop
      vertex   5.264205e+01 -2.787120e+01 -7.856253e+00
      vertex   5.209250e+01 -2.641914e+01 3.950074e+00
      vertex   5.208668e+01 -2.725113e+01 -7.888749e+00
    endloop
  endfacet
  facet normal -8.364880e-01 -5.466081e-01 3.882553e-02
    outer loop
      vertex   5.208668e+01 -2.725113e+01 -7.888749e+00
      vertex   5.209250e+01 -2.641914e+01 3.950074e+00
      vertex   5.163132e+01 -2.655688e+01 -7.925134e+00
    endloop
  endfacet
  facet normal -8.443808e-01 -5.343228e-01 3.898956e-02
    outer loop
      vertex   5.163132e+01 -2.655688e+01 -7.925134e+00
      vertex   5.209250e+01 -2.641914e+01 3.950074e+00
      vertex   5.164773e+01 -2.571984e+01 3.901163e+00
    endloop
  endfacet
  facet normal -9.088924e-01 -4.158994e-01 3.069735e-02
    outer loop
      vertex   5.163132e+01 -2.655688e+01 -7.925134e+00
      vertex   5.164773e+01 -2.571984e+01 3.901163e+00
      vertex   5.128391e+01 -2.580059e+01 -7.964769e+00
    endloop
  endfacet
  facet normal -9.139959e-01 -4.045545e-01 3.077664e-02
    outer loop
      vertex   5.128391e+01 -2.580059e+01 -7.964769e+00
      vertex   5.164773e+01 -2.571984e+01 3.901163e+00
      vertex   5.131125e+01 -2.496367e+01 3.848277e+00
    endloop
  endfacet
  facet normal -9.609441e-01 -2.758851e-01 2.176947e-02
    outer loop
      vertex   5.128391e+01 -2.580059e+01 -7.964769e+00
      vertex   5.131125e+01 -2.496367e+01 3.848277e+00
      vertex   5.105380e+01 -2.500237e+01 -8.006602e+00
    endloop
  endfacet
  facet normal -9.622357e-01 -2.713447e-01 2.178270e-02
    outer loop
      vertex   5.105380e+01 -2.500237e+01 -8.006602e+00
      vertex   5.131125e+01 -2.496367e+01 3.848277e+00
      vertex   5.108601e+01 -2.416937e+01 3.792729e+00
    endloop
  endfacet
  facet normal -9.914527e-01 -1.299251e-01 1.187864e-02
    outer loop
      vertex   5.105380e+01 -2.500237e+01 -8.006602e+00
      vertex   5.108601e+01 -2.416937e+01 3.792729e+00
      vertex   5.094539e+01 -2.417906e+01 -8.049750e+00
    endloop
  endfacet
  facet normal -9.908117e-01 -1.347259e-01 1.187496e-02
    outer loop
      vertex   5.094539e+01 -2.417906e+01 -8.049750e+00
      vertex   5.108601e+01 -2.416937e+01 3.792729e+00
      vertex   5.097425e+01 -2.335250e+01 3.735605e+00
    endloop
  endfacet
  facet normal -9.998182e-01 1.903608e-02 1.113073e-03
    outer loop
      vertex   5.094539e+01 -2.417906e+01 -8.049750e+00
      vertex   5.097425e+01 -2.335250e+01 3.735605e+00
      vertex   5.096118e+01 -2.334696e+01 -8.093358e+00
    endloop
  endfacet
  facet normal -9.999777e-01 6.585460e-03 1.107418e-03
    outer loop
      vertex   5.096118e+01 -2.334696e+01 -8.093358e+00
      vertex   5.097425e+01 -2.335250e+01 3.735605e+00
      vertex   5.097963e+01 -2.252521e+01 3.677755e+00
    endloop
  endfacet
  facet normal -9.858176e-01 1.675133e-01 -1.014929e-02
    outer loop
      vertex   5.096118e+01 -2.334696e+01 -8.093358e+00
      vertex   5.097963e+01 -2.252521e+01 3.677755e+00
      vertex   5.110066e+01 -2.252873e+01 -8.136240e+00
    endloop
  endfacet
  facet normal -9.858010e-01 1.674647e-01 -1.232336e-02
    outer loop
      vertex   5.096060e+01 -2.172003e+01 1.516933e+01
      vertex   5.110009e+01 -2.089891e+01 1.516933e+01
      vertex   5.110699e+01 -2.170810e+01 3.620620e+00
    endloop
  endfacet
  facet normal -9.497973e-01 3.120605e-01 -2.243333e-02
    outer loop
      vertex   5.110699e+01 -2.170810e+01 3.620620e+00
      vertex   5.110009e+01 -2.089891e+01 1.516933e+01
      vertex   5.136004e+01 -2.010769e+01 1.516933e+01
    endloop
  endfacet
  facet normal -9.522776e-01 3.044872e-01 -2.132949e-02
    outer loop
      vertex   5.110699e+01 -2.170810e+01 3.620620e+00
      vertex   5.136004e+01 -2.010769e+01 1.516933e+01
      vertex   5.136071e+01 -2.091849e+01 3.565412e+00
    endloop
  endfacet
  facet normal -8.912052e-01 4.524936e-01 -3.166758e-02
    outer loop
      vertex   5.136071e+01 -2.091849e+01 3.565412e+00
      vertex   5.136004e+01 -2.010769e+01 1.516933e+01
      vertex   5.173827e+01 -2.017848e+01 3.513676e+00
    endloop
  endfacet
  facet normal -8.925114e-01 4.499099e-01 -3.169427e-02
    outer loop
      vertex   5.136004e+01 -2.010769e+01 1.516933e+01
      vertex   5.173568e+01 -1.936253e+01 1.516933e+01
      vertex   5.173827e+01 -2.017848e+01 3.513676e+00
    endloop
  endfacet
  facet normal -8.116940e-01 5.826444e-01 -4.096833e-02
    outer loop
      vertex   5.173827e+01 -2.017848e+01 3.513676e+00
      vertex   5.173568e+01 -1.936253e+01 1.516933e+01
      vertex   5.222320e+01 -1.950622e+01 3.466679e+00
    endloop
  endfacet
  facet normal -8.151980e-01 5.777256e-01 -4.105391e-02
    outer loop
      vertex   5.173568e+01 -1.936253e+01 1.516933e+01
      vertex   5.221689e+01 -1.868352e+01 1.516933e+01
      vertex   5.222320e+01 -1.950622e+01 3.466679e+00
    endloop
  endfacet
  facet normal -7.171223e-01 6.952044e-01 -4.925976e-02
    outer loop
      vertex   5.222320e+01 -1.950622e+01 3.466679e+00
      vertex   5.221689e+01 -1.868352e+01 1.516933e+01
      vertex   5.280294e+01 -1.891115e+01 3.425083e+00
    endloop
  endfacet
  facet normal -7.195722e-01 6.926630e-01 -4.933276e-02
    outer loop
      vertex   5.221689e+01 -1.868352e+01 1.516933e+01
      vertex   5.279524e+01 -1.808270e+01 1.516933e+01
      vertex   5.280294e+01 -1.891115e+01 3.425083e+00
    endloop
  endfacet
  facet normal -6.076342e-01 7.922203e-01 -5.628216e-02
    outer loop
      vertex   5.280294e+01 -1.891115e+01 3.425083e+00
      vertex   5.279524e+01 -1.808270e+01 1.516933e+01
      vertex   5.345641e+01 -1.757558e+01 1.516933e+01
    endloop
  endfacet
  facet normal -6.088648e-01 7.912873e-01 -5.610759e-02
    outer loop
      vertex   5.280294e+01 -1.891115e+01 3.425083e+00
      vertex   5.345641e+01 -1.757558e+01 1.516933e+01
      vertex   5.346174e+01 -1.840673e+01 3.389828e+00
    endloop
  endfacet
  facet normal -4.820493e-01 8.739559e-01 -6.188316e-02
    outer loop
      vertex   5.346174e+01 -1.840673e+01 3.389828e+00
      vertex   5.345641e+01 -1.757558e+01 1.516933e+01
      vertex   5.418519e+01 -1.717361e+01 1.516933e+01
    endloop
  endfacet
  facet normal 9.124899e-01 4.080864e-01 -2.876765e-02
    outer loop
      vertex   6.136479e+01 -1.958748e+01 1.516933e+01
      vertex   6.170533e+01 -2.034893e+01 1.516933e+01
      vertex   6.170170e+01 -2.115763e+01 3.582405e+00
    endloop
  endfacet
  facet normal 9.669574e-01 2.542980e-01 -1.805130e-02
    outer loop
      vertex   6.170170e+01 -2.115763e+01 3.582405e+00
      vertex   6.170533e+01 -2.034893e+01 1.516933e+01
      vertex   6.191204e+01 -2.195350e+01 3.638063e+00
    endloop
  endfacet
  facet normal 9.632811e-01 2.677498e-01 -1.998901e-02
    outer loop
      vertex   6.170533e+01 -2.034893e+01 1.516933e+01
      vertex   6.192848e+01 -2.115178e+01 1.516933e+01
      vertex   6.191204e+01 -2.195350e+01 3.638063e+00
    endloop
  endfacet
  facet normal 9.944373e-01 1.049694e-01 -8.716024e-03
    outer loop
      vertex   6.191204e+01 -2.195350e+01 3.638063e+00
      vertex   6.192848e+01 -2.115178e+01 1.516933e+01
      vertex   6.199972e+01 -2.277929e+01 3.695810e+00
    endloop
  endfacet
  facet normal 9.925107e-01 1.216526e-01 -1.109448e-02
    outer loop
      vertex   6.192848e+01 -2.115178e+01 1.516933e+01
      vertex   6.202977e+01 -2.197814e+01 1.516933e+01
      vertex   6.199972e+01 -2.277929e+01 3.695810e+00
    endloop
  endfacet
  facet normal 9.992195e-01 -3.950128e-02 1.407060e-04
    outer loop
      vertex   6.199972e+01 -2.277929e+01 3.695810e+00
      vertex   6.202977e+01 -2.197814e+01 1.516933e+01
      vertex   6.196709e+01 -2.360428e+01 3.753499e+00
    endloop
  endfacet
  facet normal 9.996273e-01 -2.725352e-02 -1.606182e-03
    outer loop
      vertex   6.202977e+01 -2.197814e+01 1.516933e+01
      vertex   6.200702e+01 -2.281249e+01 1.516933e+01
      vertex   6.196709e+01 -2.360428e+01 3.753499e+00
    endloop
  endfacet
  facet normal 9.839822e-01 -1.780438e-01 8.907288e-03
    outer loop
      vertex   6.196709e+01 -2.360428e+01 3.753499e+00
      vertex   6.200702e+01 -2.281249e+01 1.516933e+01
      vertex   6.182006e+01 -2.441406e+01 3.810120e+00
    endloop
  endfacet
  facet normal 9.844312e-01 -1.755624e-01 8.550026e-03
    outer loop
      vertex   6.200702e+01 -2.281249e+01 1.516933e+01
      vertex   6.186087e+01 -2.363203e+01 1.516933e+01
      vertex   6.182006e+01 -2.441406e+01 3.810120e+00
    endloop
  endfacet
  facet normal 9.472676e-01 -3.199020e-01 1.862063e-02
    outer loop
      vertex   6.182006e+01 -2.441406e+01 3.810120e+00
      vertex   6.186087e+01 -2.363203e+01 1.516933e+01
      vertex   6.159420e+01 -2.442167e+01 1.516933e+01
    endloop
  endfacet
  facet normal 9.498504e-01 -3.121464e-01 1.867719e-02
    outer loop
      vertex   6.182006e+01 -2.441406e+01 3.810120e+00
      vertex   6.159420e+01 -2.442167e+01 1.516933e+01
      vertex   6.156150e+01 -2.519756e+01 3.864900e+00
    endloop
  endfacet
  facet normal 8.888414e-01 -4.573079e-01 2.881681e-02
    outer loop
      vertex   6.156150e+01 -2.519756e+01 3.864900e+00
      vertex   6.159420e+01 -2.442167e+01 1.516933e+01
      vertex   6.121266e+01 -2.516325e+01 1.516933e+01
    endloop
  endfacet
  facet normal 8.960350e-01 -4.430356e-01 2.899548e-02
    outer loop
      vertex   6.156150e+01 -2.519756e+01 3.864900e+00
      vertex   6.121266e+01 -2.516325e+01 1.516933e+01
      vertex   6.119375e+01 -2.593795e+01 3.916664e+00
    endloop
  endfacet
  facet normal 8.104883e-01 -5.844633e-01 3.887598e-02
    outer loop
      vertex   6.119375e+01 -2.593795e+01 3.916664e+00
      vertex   6.121266e+01 -2.516325e+01 1.516933e+01
      vertex   6.072587e+01 -2.583828e+01 1.516933e+01
    endloop
  endfacet
  facet normal 1.000000e+00 1.402685e-14 8.280136e-15
    outer loop
      vertex   6.014205e+01 -2.643479e+01 1.516933e+01
      vertex   6.014205e+01 -3.048726e+01 1.516933e+01
      vertex   6.014205e+01 -2.804479e+01 -7.847156e+00
    endloop
  endfacet
  facet normal 1.000000e+00 1.205944e-14 8.071358e-15
    outer loop
      vertex   6.014205e+01 -2.804479e+01 -7.847156e+00
      vertex   6.014205e+01 -3.048726e+01 1.516933e+01
      vertex   6.014205e+01 -3.048726e+01 -7.719151e+00
    endloop
  endfacet
  facet normal -7.040626e-01 5.571678e-02 -7.079488e-01
    outer loop
      vertex   5.880687e+01 -2.413324e+01 6.968434e+00
      vertex   5.639205e+01 -2.335624e+01 9.431144e+00
      vertex   5.889205e+01 -2.348708e+01 6.934570e+00
    endloop
  endfacet
  facet normal -5.633903e-01 3.948643e-01 -7.257228e-01
    outer loop
      vertex   5.815982e+01 -2.525242e+01 7.027088e+00
      vertex   5.639205e+01 -2.335624e+01 9.431144e+00
      vertex   5.855711e+01 -2.473537e+01 6.999990e+00
    endloop
  endfacet
  facet normal -2.717580e-01 6.183350e-01 -7.374344e-01
    outer loop
      vertex   5.703910e+01 -2.589858e+01 7.060952e+00
      vertex   5.639205e+01 -2.335624e+01 9.431144e+00
      vertex   5.764205e+01 -2.564918e+01 7.047881e+00
    endloop
  endfacet
  facet normal 9.269160e-02 6.662499e-01 -7.399455e-01
    outer loop
      vertex   5.574500e+01 -2.589858e+01 7.060952e+00
      vertex   5.639205e+01 -2.335624e+01 9.431144e+00
      vertex   5.639205e+01 -2.598365e+01 7.065410e+00
    endloop
  endfacet
  facet normal 4.323046e-01 5.257704e-01 -7.325833e-01
    outer loop
      vertex   5.462428e+01 -2.525242e+01 7.027088e+00
      vertex   5.639205e+01 -2.335624e+01 9.431144e+00
      vertex   5.514205e+01 -2.564918e+01 7.047881e+00
    endloop
  endfacet
  facet normal 6.560819e-01 2.345378e-01 -7.173204e-01
    outer loop
      vertex   5.397724e+01 -2.413324e+01 6.968434e+00
      vertex   5.639205e+01 -2.335624e+01 9.431144e+00
      vertex   5.422699e+01 -2.473537e+01 6.999990e+00
    endloop
  endfacet
  facet normal 7.040626e-01 -1.294124e-01 -6.982466e-01
    outer loop
      vertex   5.397724e+01 -2.284092e+01 6.900706e+00
      vertex   5.639205e+01 -2.335624e+01 9.431144e+00
      vertex   5.389205e+01 -2.348708e+01 6.934570e+00
    endloop
  endfacet
  facet normal 5.633903e-01 -4.685599e-01 -6.804726e-01
    outer loop
      vertex   5.462428e+01 -2.172173e+01 6.842052e+00
      vertex   5.639205e+01 -2.335624e+01 9.431144e+00
      vertex   5.422699e+01 -2.223879e+01 6.869150e+00
    endloop
  endfacet
  facet normal 2.717580e-01 -6.920305e-01 -6.687610e-01
    outer loop
      vertex   5.574500e+01 -2.107557e+01 6.808189e+00
      vertex   5.639205e+01 -2.335624e+01 9.431144e+00
      vertex   5.514205e+01 -2.132498e+01 6.821259e+00
    endloop
  endfacet
  facet normal -9.269160e-02 -7.399455e-01 -6.662499e-01
    outer loop
      vertex   5.703910e+01 -2.107557e+01 6.808189e+00
      vertex   5.639205e+01 -2.335624e+01 9.431144e+00
      vertex   5.639205e+01 -2.099050e+01 6.803730e+00
    endloop
  endfacet
  facet normal -4.323046e-01 -5.994660e-01 -6.736121e-01
    outer loop
      vertex   5.815982e+01 -2.172173e+01 6.842052e+00
      vertex   5.639205e+01 -2.335624e+01 9.431144e+00
      vertex   5.764205e+01 -2.132498e+01 6.821259e+00
    endloop
  endfacet
  facet normal -6.560819e-01 -3.082334e-01 -6.888750e-01
    outer loop
      vertex   5.880687e+01 -2.284092e+01 6.900706e+00
      vertex   5.639205e+01 -2.335624e+01 9.431144e+00
      vertex   5.855711e+01 -2.223879e+01 6.869150e+00
    endloop
  endfacet
  facet normal 7.040626e-01 5.571678e-02 -7.079488e-01
    outer loop
      vertex   5.389205e+01 -2.348708e+01 6.934570e+00
      vertex   5.639205e+01 -2.335624e+01 9.431144e+00
      vertex   5.397724e+01 -2.413324e+01 6.968434e+00
    endloop
  endfacet
  facet normal -4.323046e-01 5.257704e-01 -7.325833e-01
    outer loop
      vertex   5.764205e+01 -2.564918e+01 7.047881e+00
      vertex   5.639205e+01 -2.335624e+01 9.431144e+00
      vertex   5.815982e+01 -2.525242e+01 7.027088e+00
    endloop
  endfacet
  facet normal -2.717580e-01 -6.920305e-01 -6.687610e-01
    outer loop
      vertex   5.764205e+01 -2.132498e+01 6.821259e+00
      vertex   5.639205e+01 -2.335624e+01 9.431144e+00
      vertex   5.703910e+01 -2.107557e+01 6.808189e+00
    endloop
  endfacet
  facet normal 5.633903e-01 3.948643e-01 -7.257228e-01
    outer loop
      vertex   5.422699e+01 -2.473537e+01 6.999990e+00
      vertex   5.639205e+01 -2.335624e+01 9.431144e+00
      vertex   5.462428e+01 -2.525242e+01 7.027088e+00
    endloop
  endfacet
  facet normal 2.717580e-01 6.183350e-01 -7.374344e-01
    outer loop
      vertex   5.514205e+01 -2.564918e+01 7.047881e+00
      vertex   5.639205e+01 -2.335624e+01 9.431144e+00
      vertex   5.574500e+01 -2.589858e+01 7.060952e+00
    endloop
  endfacet
  facet normal -9.269160e-02 6.662499e-01 -7.399455e-01
    outer loop
      vertex   5.639205e+01 -2.598365e+01 7.065410e+00
      vertex   5.639205e+01 -2.335624e+01 9.431144e+00
      vertex   5.703910e+01 -2.589858e+01 7.060952e+00
    endloop
  endfacet
  facet normal -6.560819e-01 2.345378e-01 -7.173204e-01
    outer loop
      vertex   5.855711e+01 -2.473537e+01 6.999990e+00
      vertex   5.639205e+01 -2.335624e+01 9.431144e+00
      vertex   5.880687e+01 -2.413324e+01 6.968434e+00
    endloop
  endfacet
  facet normal -7.040626e-01 -1.294124e-01 -6.982466e-01
    outer loop
      vertex   5.889205e+01 -2.348708e+01 6.934570e+00
      vertex   5.639205e+01 -2.335624e+01 9.431144e+00
      vertex   5.880687e+01 -2.284092e+01 6.900706e+00
    endloop
  endfacet
  facet normal -5.633903e-01 -4.685599e-01 -6.804726e-01
    outer loop
      vertex   5.855711e+01 -2.223879e+01 6.869150e+00
      vertex   5.639205e+01 -2.335624e+01 9.431144e+00
      vertex   5.815982e+01 -2.172173e+01 6.842052e+00
    endloop
  endfacet
  facet normal 9.269160e-02 -7.399455e-01 -6.662499e-01
    outer loop
      vertex   5.639205e+01 -2.099050e+01 6.803730e+00
      vertex   5.639205e+01 -2.335624e+01 9.431144e+00
      vertex   5.574500e+01 -2.107557e+01 6.808189e+00
    endloop
  endfacet
  facet normal 4.323046e-01 -5.994660e-01 -6.736121e-01
    outer loop
      vertex   5.514205e+01 -2.132498e+01 6.821259e+00
      vertex   5.639205e+01 -2.335624e+01 9.431144e+00
      vertex   5.462428e+01 -2.172173e+01 6.842052e+00
    endloop
  endfacet
  facet normal 6.560819e-01 -3.082334e-01 -6.888750e-01
    outer loop
      vertex   5.422699e+01 -2.223879e+01 6.869150e+00
      vertex   5.639205e+01 -2.335624e+01 9.431144e+00
      vertex   5.397724e+01 -2.284092e+01 6.900706e+00
    endloop
  endfacet
  facet normal -8.173748e-15 5.022014e-15 1.000000e+00
    outer loop
      vertex   6.072587e+01 -2.583828e+01 1.516933e+01
      vertex   5.264205e+01 -2.626168e+01 1.516933e+01
      vertex   6.014205e+01 -2.643479e+01 1.516933e+01
    endloop
  endfacet
  facet normal -8.260556e-15 1.261144e-15 1.000000e+00
    outer loop
      vertex   6.014205e+01 -2.643479e+01 1.516933e+01
      vertex   5.264205e+01 -2.626168e+01 1.516933e+01
      vertex   5.264205e+01 -3.048726e+01 1.516933e+01
    endloop
  endfacet
  facet normal -7.579123e-15 -1.063112e-28 1.000000e+00
    outer loop
      vertex   6.014205e+01 -2.643479e+01 1.516933e+01
      vertex   5.264205e+01 -3.048726e+01 1.516933e+01
      vertex   6.014205e+01 -3.048726e+01 1.516933e+01
    endloop
  endfacet
  facet normal -7.985831e-15 1.434117e-15 1.000000e+00
    outer loop
      vertex   5.264205e+01 -2.626168e+01 1.516933e+01
      vertex   6.072587e+01 -2.583828e+01 1.516933e+01
      vertex   5.208650e+01 -2.563932e+01 1.516933e+01
    endloop
  endfacet
  facet normal -8.126317e-15 -4.665931e-15 1.000000e+00
    outer loop
      vertex   5.208650e+01 -2.563932e+01 1.516933e+01
      vertex   6.072587e+01 -2.583828e+01 1.516933e+01
      vertex   6.121266e+01 -2.516325e+01 1.516933e+01
    endloop
  endfacet
  facet normal -8.093865e-15 -5.288042e-15 1.000000e+00
    outer loop
      vertex   5.208650e+01 -2.563932e+01 1.516933e+01
      vertex   6.121266e+01 -2.516325e+01 1.516933e+01
      vertex   5.162979e+01 -2.494028e+01 1.516933e+01
    endloop
  endfacet
  facet normal -8.041761e-15 -3.048681e-15 1.000000e+00
    outer loop
      vertex   5.162979e+01 -2.494028e+01 1.516933e+01
      vertex   6.121266e+01 -2.516325e+01 1.516933e+01
      vertex   6.159420e+01 -2.442167e+01 1.516933e+01
    endloop
  endfacet
  facet normal -9.437692e-15 2.377257e-14 1.000000e+00
    outer loop
      vertex   5.162979e+01 -2.494028e+01 1.516933e+01
      vertex   6.159420e+01 -2.442167e+01 1.516933e+01
      vertex   5.128275e+01 -2.418138e+01 1.516933e+01
    endloop
  endfacet
  facet normal -9.965675e-15 1.115942e-15 1.000000e+00
    outer loop
      vertex   5.128275e+01 -2.418138e+01 1.516933e+01
      vertex   6.159420e+01 -2.442167e+01 1.516933e+01
      vertex   6.186087e+01 -2.363203e+01 1.516933e+01
    endloop
  endfacet
  facet normal -9.762282e-15 -2.800525e-15 1.000000e+00
    outer loop
      vertex   5.128275e+01 -2.418138e+01 1.516933e+01
      vertex   6.186087e+01 -2.363203e+01 1.516933e+01
      vertex   5.105276e+01 -2.337966e+01 1.516933e+01
    endloop
  endfacet
  facet normal -9.807881e-15 -4.753354e-15 1.000000e+00
    outer loop
      vertex   5.105276e+01 -2.337966e+01 1.516933e+01
      vertex   6.186087e+01 -2.363203e+01 1.516933e+01
      vertex   6.200702e+01 -2.281249e+01 1.516933e+01
    endloop
  endfacet
  facet normal -9.960607e-15 -1.803644e-15 1.000000e+00
    outer loop
      vertex   5.105276e+01 -2.337966e+01 1.516933e+01
      vertex   6.200702e+01 -2.281249e+01 1.516933e+01
      vertex   5.661533e+01 -1.667384e+01 1.516933e+01
    endloop
  endfacet
  facet normal 7.544881e-16 7.607623e-15 1.000000e+00
    outer loop
      vertex   5.661533e+01 -1.667384e+01 1.516933e+01
      vertex   6.200702e+01 -2.281249e+01 1.516933e+01
      vertex   5.744501e+01 -1.675612e+01 1.516933e+01
    endloop
  endfacet
  facet normal 2.220586e-15 8.711974e-15 1.000000e+00
    outer loop
      vertex   5.744501e+01 -1.675612e+01 1.516933e+01
      vertex   6.200702e+01 -2.281249e+01 1.516933e+01
      vertex   5.825129e+01 -1.696163e+01 1.516933e+01
    endloop
  endfacet
  facet normal -1.480895e-14 -2.219497e-15 1.000000e+00
    outer loop
      vertex   5.825129e+01 -1.696163e+01 1.516933e+01
      vertex   6.200702e+01 -2.281249e+01 1.516933e+01
      vertex   5.901972e+01 -1.728673e+01 1.516933e+01
    endloop
  endfacet
  facet normal -2.176742e-15 4.609657e-15 1.000000e+00
    outer loop
      vertex   5.901972e+01 -1.728673e+01 1.516933e+01
      vertex   6.200702e+01 -2.281249e+01 1.516933e+01
      vertex   5.972916e+01 -1.772244e+01 1.516933e+01
    endloop
  endfacet
  facet normal -1.036703e-14 9.444024e-16 1.000000e+00
    outer loop
      vertex   5.972916e+01 -1.772244e+01 1.516933e+01
      vertex   6.200702e+01 -2.281249e+01 1.516933e+01
      vertex   6.036562e+01 -1.825951e+01 1.516933e+01
    endloop
  endfacet
  facet normal -1.835485e-14 -1.935298e-15 1.000000e+00
    outer loop
      vertex   6.036562e+01 -1.825951e+01 1.516933e+01
      vertex   6.200702e+01 -2.281249e+01 1.516933e+01
      vertex   6.091567e+01 -1.888687e+01 1.516933e+01
    endloop
  endfacet
  facet normal -2.619478e-14 -4.114875e-15 1.000000e+00
    outer loop
      vertex   6.091567e+01 -1.888687e+01 1.516933e+01
      vertex   6.200702e+01 -2.281249e+01 1.516933e+01
      vertex   6.136479e+01 -1.958748e+01 1.516933e+01
    endloop
  endfacet
  facet normal -4.257750e-14 -7.377366e-15 1.000000e+00
    outer loop
      vertex   6.136479e+01 -1.958748e+01 1.516933e+01
      vertex   6.200702e+01 -2.281249e+01 1.516933e+01
      vertex   6.170533e+01 -2.034893e+01 1.516933e+01
    endloop
  endfacet
  facet normal -1.391172e-14 -3.866847e-15 1.000000e+00
    outer loop
      vertex   6.170533e+01 -2.034893e+01 1.516933e+01
      vertex   6.200702e+01 -2.281249e+01 1.516933e+01
      vertex   6.192848e+01 -2.115178e+01 1.516933e+01
    endloop
  endfacet
  facet normal 4.304002e-14 -1.173430e-15 1.000000e+00
    outer loop
      vertex   6.192848e+01 -2.115178e+01 1.516933e+01
      vertex   6.200702e+01 -2.281249e+01 1.516933e+01
      vertex   6.202977e+01 -2.197814e+01 1.516933e+01
    endloop
  endfacet
  facet normal -6.145575e-15 -4.968268e-15 1.000000e+00
    outer loop
      vertex   5.661533e+01 -1.667384e+01 1.516933e+01
      vertex   5.578323e+01 -1.671718e+01 1.516933e+01
      vertex   5.105276e+01 -2.337966e+01 1.516933e+01
    endloop
  endfacet
  facet normal -2.582118e-14 9.001730e-15 1.000000e+00
    outer loop
      vertex   5.105276e+01 -2.337966e+01 1.516933e+01
      vertex   5.578323e+01 -1.671718e+01 1.516933e+01
      vertex   5.496807e+01 -1.688475e+01 1.516933e+01
    endloop
  endfacet
  facet normal -8.557536e-15 -1.405274e-15 1.000000e+00
    outer loop
      vertex   5.105276e+01 -2.337966e+01 1.516933e+01
      vertex   5.496807e+01 -1.688475e+01 1.516933e+01
      vertex   5.418519e+01 -1.717361e+01 1.516933e+01
    endloop
  endfacet
  facet normal -2.379890e-15 -4.523371e-15 1.000000e+00
    outer loop
      vertex   5.418519e+01 -1.717361e+01 1.516933e+01
      vertex   5.345641e+01 -1.757558e+01 1.516933e+01
      vertex   5.105276e+01 -2.337966e+01 1.516933e+01
    endloop
  endfacet
  facet normal -1.682375e-15 -4.812234e-15 1.000000e+00
    outer loop
      vertex   5.105276e+01 -2.337966e+01 1.516933e+01
      vertex   5.345641e+01 -1.757558e+01 1.516933e+01
      vertex   5.279524e+01 -1.808270e+01 1.516933e+01
    endloop
  endfacet
  facet normal -8.639512e-16 -5.081462e-15 1.000000e+00
    outer loop
      vertex   5.105276e+01 -2.337966e+01 1.516933e+01
      vertex   5.279524e+01 -1.808270e+01 1.516933e+01
      vertex   5.221689e+01 -1.868352e+01 1.516933e+01
    endloop
  endfacet
  facet normal -1.689408e-14 -1.107741e-15 1.000000e+00
    outer loop
      vertex   5.221689e+01 -1.868352e+01 1.516933e+01
      vertex   5.173568e+01 -1.936253e+01 1.516933e+01
      vertex   5.105276e+01 -2.337966e+01 1.516933e+01
    endloop
  endfacet
  facet normal 1.904748e-14 -7.217866e-15 1.000000e+00
    outer loop
      vertex   5.105276e+01 -2.337966e+01 1.516933e+01
      vertex   5.173568e+01 -1.936253e+01 1.516933e+01
      vertex   5.136004e+01 -2.010769e+01 1.516933e+01
    endloop
  endfacet
  facet normal -5.340859e-14 -4.131392e-16 1.000000e+00
    outer loop
      vertex   5.105276e+01 -2.337966e+01 1.516933e+01
      vertex   5.136004e+01 -2.010769e+01 1.516933e+01
      vertex   5.110009e+01 -2.089891e+01 1.516933e+01
    endloop
  endfacet
  facet normal -3.354106e-14 -7.921881e-16 1.000000e+00
    outer loop
      vertex   5.110009e+01 -2.089891e+01 1.516933e+01
      vertex   5.096060e+01 -2.172003e+01 1.516933e+01
      vertex   5.105276e+01 -2.337966e+01 1.516933e+01
    endloop
  endfacet
  facet normal 1.420033e-14 1.858866e-15 1.000000e+00
    outer loop
      vertex   5.105276e+01 -2.337966e+01 1.516933e+01
      vertex   5.096060e+01 -2.172003e+01 1.516933e+01
      vertex   5.094473e+01 -2.255438e+01 1.516933e+01
    endloop
  endfacet
  facet normal -9.914449e-01 -1.303473e-01 6.831213e-03
    outer loop
      vertex   5.880687e+01 -2.284092e+01 6.900706e+00
      vertex   5.880687e+01 -2.362596e+01 -8.078737e+00
      vertex   5.889205e+01 -2.348708e+01 6.934570e+00
    endloop
  endfacet
  facet normal -9.914449e-01 -1.303473e-01 6.831213e-03
    outer loop
      vertex   5.889205e+01 -2.348708e+01 6.934570e+00
      vertex   5.880687e+01 -2.362596e+01 -8.078737e+00
      vertex   5.889205e+01 -2.427212e+01 -8.044873e+00
    endloop
  endfacet
  facet normal -9.914449e-01 1.303473e-01 -6.831213e-03
    outer loop
      vertex   5.889205e+01 -2.348708e+01 6.934570e+00
      vertex   5.889205e+01 -2.427212e+01 -8.044873e+00
      vertex   5.880687e+01 -2.413324e+01 6.968434e+00
    endloop
  endfacet
  facet normal -9.914449e-01 1.303473e-01 -6.831213e-03
    outer loop
      vertex   5.880687e+01 -2.413324e+01 6.968434e+00
      vertex   5.889205e+01 -2.427212e+01 -8.044873e+00
      vertex   5.880687e+01 -2.491828e+01 -8.011009e+00
    endloop
  endfacet
  facet normal -9.238795e-01 3.821590e-01 -2.002810e-02
    outer loop
      vertex   5.880687e+01 -2.413324e+01 6.968434e+00
      vertex   5.880687e+01 -2.491828e+01 -8.011009e+00
      vertex   5.855711e+01 -2.473537e+01 6.999990e+00
    endloop
  endfacet
  facet normal -9.238795e-01 3.821590e-01 -2.002810e-02
    outer loop
      vertex   5.855711e+01 -2.473537e+01 6.999990e+00
      vertex   5.880687e+01 -2.491828e+01 -8.011009e+00
      vertex   5.855711e+01 -2.552040e+01 -7.979453e+00
    endloop
  endfacet
  facet normal -7.933533e-01 6.079271e-01 -3.186011e-02
    outer loop
      vertex   5.855711e+01 -2.473537e+01 6.999990e+00
      vertex   5.855711e+01 -2.552040e+01 -7.979453e+00
      vertex   5.815982e+01 -2.525242e+01 7.027088e+00
    endloop
  endfacet
  facet normal -7.933533e-01 6.079271e-01 -3.186011e-02
    outer loop
      vertex   5.815982e+01 -2.525242e+01 7.027088e+00
      vertex   5.855711e+01 -2.552040e+01 -7.979453e+00
      vertex   5.815982e+01 -2.603746e+01 -7.952355e+00
    endloop
  endfacet
  facet normal -6.087614e-01 7.922661e-01 -4.152091e-02
    outer loop
      vertex   5.815982e+01 -2.525242e+01 7.027088e+00
      vertex   5.815982e+01 -2.603746e+01 -7.952355e+00
      vertex   5.764205e+01 -2.564918e+01 7.047881e+00
    endloop
  endfacet
  facet normal -6.087614e-01 7.922661e-01 -4.152091e-02
    outer loop
      vertex   5.764205e+01 -2.564918e+01 7.047881e+00
      vertex   5.815982e+01 -2.603746e+01 -7.952355e+00
      vertex   5.764205e+01 -2.643421e+01 -7.931562e+00
    endloop
  endfacet
  facet normal -3.826834e-01 9.226134e-01 -4.835212e-02
    outer loop
      vertex   5.764205e+01 -2.564918e+01 7.047881e+00
      vertex   5.764205e+01 -2.643421e+01 -7.931562e+00
      vertex   5.703910e+01 -2.589858e+01 7.060952e+00
    endloop
  endfacet
  facet normal -3.826834e-01 9.226134e-01 -4.835212e-02
    outer loop
      vertex   5.703910e+01 -2.589858e+01 7.060952e+00
      vertex   5.764205e+01 -2.643421e+01 -7.931562e+00
      vertex   5.703910e+01 -2.668362e+01 -7.918491e+00
    endloop
  endfacet
  facet normal -1.305262e-01 9.900861e-01 -5.188821e-02
    outer loop
      vertex   5.703910e+01 -2.589858e+01 7.060952e+00
      vertex   5.703910e+01 -2.668362e+01 -7.918491e+00
      vertex   5.639205e+01 -2.598365e+01 7.065410e+00
    endloop
  endfacet
  facet normal -1.305262e-01 9.900861e-01 -5.188821e-02
    outer loop
      vertex   5.639205e+01 -2.598365e+01 7.065410e+00
      vertex   5.703910e+01 -2.668362e+01 -7.918491e+00
      vertex   5.639205e+01 -2.676869e+01 -7.914033e+00
    endloop
  endfacet
  facet normal 1.305262e-01 9.900861e-01 -5.188821e-02
    outer loop
      vertex   5.639205e+01 -2.598365e+01 7.065410e+00
      vertex   5.639205e+01 -2.676869e+01 -7.914033e+00
      vertex   5.574500e+01 -2.589858e+01 7.060952e+00
    endloop
  endfacet
  facet normal 1.305262e-01 9.900861e-01 -5.188821e-02
    outer loop
      vertex   5.574500e+01 -2.589858e+01 7.060952e+00
      vertex   5.639205e+01 -2.676869e+01 -7.914033e+00
      vertex   5.574500e+01 -2.668362e+01 -7.918491e+00
    endloop
  endfacet
  facet normal 3.826834e-01 9.226134e-01 -4.835212e-02
    outer loop
      vertex   5.574500e+01 -2.589858e+01 7.060952e+00
      vertex   5.574500e+01 -2.668362e+01 -7.918491e+00
      vertex   5.514205e+01 -2.564918e+01 7.047881e+00
    endloop
  endfacet
  facet normal 3.826834e-01 9.226134e-01 -4.835212e-02
    outer loop
      vertex   5.514205e+01 -2.564918e+01 7.047881e+00
      vertex   5.574500e+01 -2.668362e+01 -7.918491e+00
      vertex   5.514205e+01 -2.643421e+01 -7.931562e+00
    endloop
  endfacet
  facet normal 6.087614e-01 7.922661e-01 -4.152091e-02
    outer loop
      vertex   5.514205e+01 -2.564918e+01 7.047881e+00
      vertex   5.514205e+01 -2.643421e+01 -7.931562e+00
      vertex   5.462428e+01 -2.525242e+01 7.027088e+00
    endloop
  endfacet
  facet normal 6.087614e-01 7.922661e-01 -4.152091e-02
    outer loop
      vertex   5.462428e+01 -2.525242e+01 7.027088e+00
      vertex   5.514205e+01 -2.643421e+01 -7.931562e+00
      vertex   5.462428e+01 -2.603746e+01 -7.952355e+00
    endloop
  endfacet
  facet normal 7.933533e-01 6.079271e-01 -3.186011e-02
    outer loop
      vertex   5.462428e+01 -2.525242e+01 7.027088e+00
      vertex   5.462428e+01 -2.603746e+01 -7.952355e+00
      vertex   5.422699e+01 -2.473537e+01 6.999990e+00
    endloop
  endfacet
  facet normal 7.933533e-01 6.079271e-01 -3.186011e-02
    outer loop
      vertex   5.422699e+01 -2.473537e+01 6.999990e+00
      vertex   5.462428e+01 -2.603746e+01 -7.952355e+00
      vertex   5.422699e+01 -2.552040e+01 -7.979453e+00
    endloop
  endfacet
  facet normal 9.238795e-01 3.821590e-01 -2.002810e-02
    outer loop
      vertex   5.422699e+01 -2.473537e+01 6.999990e+00
      vertex   5.422699e+01 -2.552040e+01 -7.979453e+00
      vertex   5.397724e+01 -2.413324e+01 6.968434e+00
    endloop
  endfacet
  facet normal 9.238795e-01 3.821590e-01 -2.002810e-02
    outer loop
      vertex   5.397724e+01 -2.413324e+01 6.968434e+00
      vertex   5.422699e+01 -2.552040e+01 -7.979453e+00
      vertex   5.397724e+01 -2.491828e+01 -8.011009e+00
    endloop
  endfacet
  facet normal 9.914449e-01 1.303473e-01 -6.831213e-03
    outer loop
      vertex   5.397724e+01 -2.413324e+01 6.968434e+00
      vertex   5.397724e+01 -2.491828e+01 -8.011009e+00
      vertex   5.389205e+01 -2.348708e+01 6.934570e+00
    endloop
  endfacet
  facet normal 9.914449e-01 1.303473e-01 -6.831213e-03
    outer loop
      vertex   5.389205e+01 -2.348708e+01 6.934570e+00
      vertex   5.397724e+01 -2.491828e+01 -8.011009e+00
      vertex   5.389205e+01 -2.427212e+01 -8.044873e+00
    endloop
  endfacet
  facet normal 9.914449e-01 -1.303473e-01 6.831213e-03
    outer loop
      vertex   5.389205e+01 -2.348708e+01 6.934570e+00
      vertex   5.389205e+01 -2.427212e+01 -8.044873e+00
      vertex   5.397724e+01 -2.284092e+01 6.900706e+00
    endloop
  endfacet
  facet normal 9.914449e-01 -1.303473e-01 6.831213e-03
    outer loop
      vertex   5.397724e+01 -2.284092e+01 6.900706e+00
      vertex   5.389205e+01 -2.427212e+01 -8.044873e+00
      vertex   5.397724e+01 -2.362596e+01 -8.078737e+00
    endloop
  endfacet
  facet normal 9.238795e-01 -3.821590e-01 2.002810e-02
    outer loop
      vertex   5.397724e+01 -2.284092e+01 6.900706e+00
      vertex   5.397724e+01 -2.362596e+01 -8.078737e+00
      vertex   5.422699e+01 -2.223879e+01 6.869150e+00
    endloop
  endfacet
  facet normal 9.238795e-01 -3.821590e-01 2.002810e-02
    outer loop
      vertex   5.422699e+01 -2.223879e+01 6.869150e+00
      vertex   5.397724e+01 -2.362596e+01 -8.078737e+00
      vertex   5.422699e+01 -2.302383e+01 -8.110293e+00
    endloop
  endfacet
  facet normal 7.933533e-01 -6.079271e-01 3.186011e-02
    outer loop
      vertex   5.422699e+01 -2.223879e+01 6.869150e+00
      vertex   5.422699e+01 -2.302383e+01 -8.110293e+00
      vertex   5.462428e+01 -2.172173e+01 6.842052e+00
    endloop
  endfacet
  facet normal 7.933533e-01 -6.079271e-01 3.186011e-02
    outer loop
      vertex   5.462428e+01 -2.172173e+01 6.842052e+00
      vertex   5.422699e+01 -2.302383e+01 -8.110293e+00
      vertex   5.462428e+01 -2.250677e+01 -8.137391e+00
    endloop
  endfacet
  facet normal 6.087614e-01 -7.922661e-01 4.152091e-02
    outer loop
      vertex   5.462428e+01 -2.172173e+01 6.842052e+00
      vertex   5.462428e+01 -2.250677e+01 -8.137391e+00
      vertex   5.514205e+01 -2.132498e+01 6.821259e+00
    endloop
  endfacet
  facet normal 6.087614e-01 -7.922661e-01 4.152091e-02
    outer loop
      vertex   5.514205e+01 -2.132498e+01 6.821259e+00
      vertex   5.462428e+01 -2.250677e+01 -8.137391e+00
      vertex   5.514205e+01 -2.211002e+01 -8.158184e+00
    endloop
  endfacet
  facet normal 3.826834e-01 -9.226134e-01 4.835212e-02
    outer loop
      vertex   5.514205e+01 -2.132498e+01 6.821259e+00
      vertex   5.514205e+01 -2.211002e+01 -8.158184e+00
      vertex   5.574500e+01 -2.107557e+01 6.808189e+00
    endloop
  endfacet
  facet normal 3.826834e-01 -9.226134e-01 4.835212e-02
    outer loop
      vertex   5.574500e+01 -2.107557e+01 6.808189e+00
      vertex   5.514205e+01 -2.211002e+01 -8.158184e+00
      vertex   5.574500e+01 -2.186061e+01 -8.171255e+00
    endloop
  endfacet
  facet normal 1.305262e-01 -9.900861e-01 5.188821e-02
    outer loop
      vertex   5.574500e+01 -2.107557e+01 6.808189e+00
      vertex   5.574500e+01 -2.186061e+01 -8.171255e+00
      vertex   5.639205e+01 -2.099050e+01 6.803730e+00
    endloop
  endfacet
  facet normal 1.305262e-01 -9.900861e-01 5.188821e-02
    outer loop
      vertex   5.639205e+01 -2.099050e+01 6.803730e+00
      vertex   5.574500e+01 -2.186061e+01 -8.171255e+00
      vertex   5.639205e+01 -2.177554e+01 -8.175713e+00
    endloop
  endfacet
  facet normal -1.305262e-01 -9.900861e-01 5.188821e-02
    outer loop
      vertex   5.639205e+01 -2.099050e+01 6.803730e+00
      vertex   5.639205e+01 -2.177554e+01 -8.175713e+00
      vertex   5.703910e+01 -2.107557e+01 6.808189e+00
    endloop
  endfacet
  facet normal -1.305262e-01 -9.900861e-01 5.188821e-02
    outer loop
      vertex   5.703910e+01 -2.107557e+01 6.808189e+00
      vertex   5.639205e+01 -2.177554e+01 -8.175713e+00
      vertex   5.703910e+01 -2.186061e+01 -8.171255e+00
    endloop
  endfacet
  facet normal -3.826834e-01 -9.226134e-01 4.835212e-02
    outer loop
      vertex   5.703910e+01 -2.107557e+01 6.808189e+00
      vertex   5.703910e+01 -2.186061e+01 -8.171255e+00
      vertex   5.764205e+01 -2.132498e+01 6.821259e+00
    endloop
  endfacet
  facet normal -3.826834e-01 -9.226134e-01 4.835212e-02
    outer loop
      vertex   5.764205e+01 -2.132498e+01 6.821259e+00
      vertex   5.703910e+01 -2.186061e+01 -8.171255e+00
      vertex   5.764205e+01 -2.211002e+01 -8.158184e+00
    endloop
  endfacet
  facet normal -6.087614e-01 -7.922661e-01 4.152091e-02
    outer loop
      vertex   5.764205e+01 -2.132498e+01 6.821259e+00
      vertex   5.764205e+01 -2.211002e+01 -8.158184e+00
      vertex   5.815982e+01 -2.172173e+01 6.842052e+00
    endloop
  endfacet
  facet normal -6.087614e-01 -7.922661e-01 4.152091e-02
    outer loop
      vertex   5.815982e+01 -2.172173e+01 6.842052e+00
      vertex   5.764205e+01 -2.211002e+01 -8.158184e+00
      vertex   5.815982e+01 -2.250677e+01 -8.137391e+00
    endloop
  endfacet
  facet normal -7.933533e-01 -6.079271e-01 3.186011e-02
    outer loop
      vertex   5.815982e+01 -2.172173e+01 6.842052e+00
      vertex   5.815982e+01 -2.250677e+01 -8.137391e+00
      vertex   5.855711e+01 -2.223879e+01 6.869150e+00
    endloop
  endfacet
  facet normal -7.933533e-01 -6.079271e-01 3.186011e-02
    outer loop
      vertex   5.855711e+01 -2.223879e+01 6.869150e+00
      vertex   5.815982e+01 -2.250677e+01 -8.137391e+00
      vertex   5.855711e+01 -2.302383e+01 -8.110293e+00
    endloop
  endfacet
  facet normal -9.238795e-01 -3.821590e-01 2.002810e-02
    outer loop
      vertex   5.855711e+01 -2.223879e+01 6.869150e+00
      vertex   5.855711e+01 -2.302383e+01 -8.110293e+00
      vertex   5.880687e+01 -2.284092e+01 6.900706e+00
    endloop
  endfacet
  facet normal -9.238795e-01 -3.821590e-01 2.002810e-02
    outer loop
      vertex   5.880687e+01 -2.284092e+01 6.900706e+00
      vertex   5.855711e+01 -2.302383e+01 -8.110293e+00
      vertex   5.880687e+01 -2.362596e+01 -8.078737e+00
    endloop
  endfacet
  facet normal -5.924789e-15 1.000000e+00 -6.083303e-15
    outer loop
      vertex   7.677366e+01 -3.048726e+01 7.303469e+00
      vertex   7.684181e+01 -3.048726e+01 7.821107e+00
      vertex   8.816745e+01 -3.048726e+01 1.664694e+01
    endloop
  endfacet
  facet normal -1.452376e-14 1.000000e+00 4.951226e-15
    outer loop
      vertex   8.816745e+01 -3.048726e+01 1.664694e+01
      vertex   7.684181e+01 -3.048726e+01 7.821107e+00
      vertex   7.677366e+01 -3.048726e+01 8.338745e+00
    endloop
  endfacet
  facet normal -1.250656e-14 1.000000e+00 2.184857e-15
    outer loop
      vertex   8.816745e+01 -3.048726e+01 1.664694e+01
      vertex   7.677366e+01 -3.048726e+01 8.338745e+00
      vertex   7.657386e+01 -3.048726e+01 8.821107e+00
    endloop
  endfacet
  facet normal -1.489566e-14 1.000000e+00 5.724180e-15
    outer loop
      vertex   7.657386e+01 -3.048726e+01 8.821107e+00
      vertex   7.625602e+01 -3.048726e+01 9.235321e+00
      vertex   8.816745e+01 -3.048726e+01 1.664694e+01
    endloop
  endfacet
  facet normal -1.009940e-14 1.000000e+00 -1.984020e-15
    outer loop
      vertex   8.816745e+01 -3.048726e+01 1.664694e+01
      vertex   7.625602e+01 -3.048726e+01 9.235321e+00
      vertex   7.584181e+01 -3.048726e+01 9.553158e+00
    endloop
  endfacet
  facet normal -1.327023e-14 1.000000e+00 3.525381e-15
    outer loop
      vertex   8.816745e+01 -3.048726e+01 1.664694e+01
      vertex   7.584181e+01 -3.048726e+01 9.553158e+00
      vertex   7.535945e+01 -3.048726e+01 9.752959e+00
    endloop
  endfacet
  facet normal -1.877854e-14 1.000000e+00 1.375901e-14
    outer loop
      vertex   7.535945e+01 -3.048726e+01 9.752959e+00
      vertex   7.484181e+01 -3.048726e+01 9.821107e+00
      vertex   8.816745e+01 -3.048726e+01 1.664694e+01
    endloop
  endfacet
  facet normal -1.631814e-14 1.000000e+00 8.955720e-15
    outer loop
      vertex   8.816745e+01 -3.048726e+01 1.664694e+01
      vertex   7.484181e+01 -3.048726e+01 9.821107e+00
      vertex   6.014205e+01 -3.048726e+01 1.516933e+01
    endloop
  endfacet
  facet normal -1.746421e-14 1.000000e+00 3.069291e-14
    outer loop
      vertex   8.816745e+01 -3.048726e+01 1.664694e+01
      vertex   6.014205e+01 -3.048726e+01 1.516933e+01
      vertex   5.032979e+01 -3.048726e+01 1.664694e+01
    endloop
  endfacet
  facet normal -1.278977e-14 1.000000e+00 6.173408e-14
    outer loop
      vertex   5.032979e+01 -3.048726e+01 1.664694e+01
      vertex   6.014205e+01 -3.048726e+01 1.516933e+01
      vertex   5.264205e+01 -3.048726e+01 1.516933e+01
    endloop
  endfacet
  facet normal 2.502287e-12 1.000000e+00 3.997482e-12
    outer loop
      vertex   5.032979e+01 -3.048726e+01 1.664694e+01
      vertex   5.264205e+01 -3.048726e+01 1.516933e+01
      vertex   5.032981e+01 -3.048726e+01 1.662560e+01
    endloop
  endfacet
  facet normal -1.522133e-14 1.000000e+00 2.277566e-16
    outer loop
      vertex   5.032981e+01 -3.048726e+01 1.662560e+01
      vertex   5.264205e+01 -3.048726e+01 1.516933e+01
      vertex   5.033927e+01 -3.048726e+01 1.659596e+00
    endloop
  endfacet
  facet normal -1.388515e-14 1.000000e+00 -9.914065e-29
    outer loop
      vertex   5.033927e+01 -3.048726e+01 1.659596e+00
      vertex   5.264205e+01 -3.048726e+01 1.516933e+01
      vertex   5.264205e+01 -3.048726e+01 -7.719151e+00
    endloop
  endfacet
  facet normal -1.587620e-14 1.000000e+00 -4.888638e-16
    outer loop
      vertex   5.033927e+01 -3.048726e+01 1.659596e+00
      vertex   5.264205e+01 -3.048726e+01 -7.719151e+00
      vertex   4.034230e+01 -3.048726e+01 -7.095446e-01
    endloop
  endfacet
  facet normal -1.528579e-14 1.000000e+00 5.471251e-16
    outer loop
      vertex   4.034230e+01 -3.048726e+01 -7.095446e-01
      vertex   5.264205e+01 -3.048726e+01 -7.719151e+00
      vertex   3.032979e+01 -3.048726e+01 -7.719151e+00
    endloop
  endfacet
  facet normal -1.490275e-14 1.000000e+00 -7.481301e-29
    outer loop
      vertex   4.034230e+01 -3.048726e+01 -7.095446e-01
      vertex   3.032979e+01 -3.048726e+01 -7.719151e+00
      vertex   3.032979e+01 -3.048726e+01 -7.095446e-01
    endloop
  endfacet
  facet normal -1.528097e-14 1.000000e+00 1.180639e-14
    outer loop
      vertex   7.484181e+01 -3.048726e+01 9.821107e+00
      vertex   7.432417e+01 -3.048726e+01 9.752959e+00
      vertex   6.014205e+01 -3.048726e+01 1.516933e+01
    endloop
  endfacet
  facet normal -2.089611e-14 1.000000e+00 -2.896162e-15
    outer loop
      vertex   6.014205e+01 -3.048726e+01 1.516933e+01
      vertex   7.432417e+01 -3.048726e+01 9.752959e+00
      vertex   7.384181e+01 -3.048726e+01 9.553158e+00
    endloop
  endfacet
  facet normal -1.583254e-14 1.000000e+00 9.455595e-15
    outer loop
      vertex   6.014205e+01 -3.048726e+01 1.516933e+01
      vertex   7.384181e+01 -3.048726e+01 9.553158e+00
      vertex   7.342760e+01 -3.048726e+01 9.235321e+00
    endloop
  endfacet
  facet normal -1.778978e-14 1.000000e+00 5.073570e-15
    outer loop
      vertex   7.342760e+01 -3.048726e+01 9.235321e+00
      vertex   7.310976e+01 -3.048726e+01 8.821107e+00
      vertex   6.014205e+01 -3.048726e+01 1.516933e+01
    endloop
  endfacet
  facet normal -1.985334e-14 1.000000e+00 8.582772e-16
    outer loop
      vertex   6.014205e+01 -3.048726e+01 1.516933e+01
      vertex   7.310976e+01 -3.048726e+01 8.821107e+00
      vertex   7.290996e+01 -3.048726e+01 8.338745e+00
    endloop
  endfacet
  facet normal -1.897599e-14 1.000000e+00 2.498237e-15
    outer loop
      vertex   6.014205e+01 -3.048726e+01 1.516933e+01
      vertex   7.290996e+01 -3.048726e+01 8.338745e+00
      vertex   7.284181e+01 -3.048726e+01 7.821107e+00
    endloop
  endfacet
  facet normal -2.210539e-14 1.000000e+00 -2.910230e-15
    outer loop
      vertex   7.284181e+01 -3.048726e+01 7.821107e+00
      vertex   7.290996e+01 -3.048726e+01 7.303469e+00
      vertex   6.014205e+01 -3.048726e+01 1.516933e+01
    endloop
  endfacet
  facet normal -2.117973e-14 1.000000e+00 -1.407685e-15
    outer loop
      vertex   6.014205e+01 -3.048726e+01 1.516933e+01
      vertex   7.290996e+01 -3.048726e+01 7.303469e+00
      vertex   7.310976e+01 -3.048726e+01 6.821107e+00
    endloop
  endfacet
  facet normal -1.997373e-14 1.000000e+00 4.656553e-16
    outer loop
      vertex   6.014205e+01 -3.048726e+01 1.516933e+01
      vertex   7.310976e+01 -3.048726e+01 6.821107e+00
      vertex   6.014205e+01 -3.048726e+01 -7.719151e+00
    endloop
  endfacet
  facet normal -1.562517e-14 1.000000e+00 -3.412602e-15
    outer loop
      vertex   6.014205e+01 -3.048726e+01 -7.719151e+00
      vertex   7.310976e+01 -3.048726e+01 6.821107e+00
      vertex   7.342760e+01 -3.048726e+01 6.406894e+00
    endloop
  endfacet
  facet normal -1.305233e-14 1.000000e+00 -5.832352e-15
    outer loop
      vertex   6.014205e+01 -3.048726e+01 -7.719151e+00
      vertex   7.342760e+01 -3.048726e+01 6.406894e+00
      vertex   7.384181e+01 -3.048726e+01 6.089056e+00
    endloop
  endfacet
  facet normal -2.117392e-14 1.000000e+00 2.225452e-15
    outer loop
      vertex   7.384181e+01 -3.048726e+01 6.089056e+00
      vertex   7.432417e+01 -3.048726e+01 5.889255e+00
      vertex   6.014205e+01 -3.048726e+01 -7.719151e+00
    endloop
  endfacet
  facet normal -1.436750e-14 1.000000e+00 -4.867915e-15
    outer loop
      vertex   6.014205e+01 -3.048726e+01 -7.719151e+00
      vertex   7.432417e+01 -3.048726e+01 5.889255e+00
      vertex   7.484181e+01 -3.048726e+01 5.821107e+00
    endloop
  endfacet
  facet normal -1.521212e-14 1.000000e+00 -3.950978e-15
    outer loop
      vertex   6.014205e+01 -3.048726e+01 -7.719151e+00
      vertex   7.484181e+01 -3.048726e+01 5.821107e+00
      vertex   8.816745e+01 -3.048726e+01 -7.719151e+00
    endloop
  endfacet
  facet normal -1.951260e-14 1.000000e+00 -8.183296e-15
    outer loop
      vertex   8.816745e+01 -3.048726e+01 -7.719151e+00
      vertex   7.484181e+01 -3.048726e+01 5.821107e+00
      vertex   7.535945e+01 -3.048726e+01 5.889255e+00
    endloop
  endfacet
  facet normal -1.363302e-14 1.000000e+00 -2.649534e-15
    outer loop
      vertex   8.816745e+01 -3.048726e+01 -7.719151e+00
      vertex   7.535945e+01 -3.048726e+01 5.889255e+00
      vertex   7.584181e+01 -3.048726e+01 6.089056e+00
    endloop
  endfacet
  facet normal -9.425707e-15 1.000000e+00 1.106045e-15
    outer loop
      vertex   7.584181e+01 -3.048726e+01 6.089056e+00
      vertex   7.625602e+01 -3.048726e+01 6.406894e+00
      vertex   8.816745e+01 -3.048726e+01 -7.719151e+00
    endloop
  endfacet
  facet normal -1.627272e-14 1.000000e+00 -4.667524e-15
    outer loop
      vertex   8.816745e+01 -3.048726e+01 -7.719151e+00
      vertex   7.625602e+01 -3.048726e+01 6.406894e+00
      vertex   7.657386e+01 -3.048726e+01 6.821107e+00
    endloop
  endfacet
  facet normal -1.293597e-14 1.000000e+00 -2.006990e-15
    outer loop
      vertex   8.816745e+01 -3.048726e+01 -7.719151e+00
      vertex   7.657386e+01 -3.048726e+01 6.821107e+00
      vertex   7.677366e+01 -3.048726e+01 7.303469e+00
    endloop
  endfacet
  facet normal -1.067426e-14 1.000000e+00 -2.916113e-16
    outer loop
      vertex   8.816745e+01 -3.048726e+01 -7.719151e+00
      vertex   7.677366e+01 -3.048726e+01 7.303469e+00
      vertex   8.816745e+01 -3.048726e+01 1.664694e+01
    endloop
  endfacet
  facet normal -1.599205e-14 1.000000e+00 7.618770e-21
    outer loop
      vertex   4.034230e+01 -3.048726e+01 -7.095446e-01
      vertex   4.034230e+01 -3.048726e+01 1.653272e+00
      vertex   5.033927e+01 -3.048726e+01 1.659596e+00
    endloop
  endfacet
  facet normal -9.773185e-01 -2.117746e-01 -1.332272e-16
    outer loop
      vertex   1.323444e+02 -1.982856e+01 -8.277750e+00
      vertex   1.325690e+02 -2.086520e+01 -8.223422e+00
      vertex   1.323444e+02 -1.982856e+01 8.664160e+00
    endloop
  endfacet
  facet normal -9.773185e-01 -2.117746e-01 4.493578e-17
    outer loop
      vertex   1.323444e+02 -1.982856e+01 8.664160e+00
      vertex   1.325690e+02 -2.086520e+01 -8.223422e+00
      vertex   1.325690e+02 -2.086520e+01 8.664160e+00
    endloop
  endfacet
  facet normal -6.485559e-01 -7.611670e-01 -4.788495e-16
    outer loop
      vertex   1.323444e+02 -1.982856e+01 8.664160e+00
      vertex   1.315569e+02 -1.915761e+01 8.664160e+00
      vertex   1.323444e+02 -1.982856e+01 -8.277750e+00
    endloop
  endfacet
  facet normal -6.485559e-01 -7.611670e-01 1.643513e-16
    outer loop
      vertex   1.323444e+02 -1.982856e+01 -8.277750e+00
      vertex   1.315569e+02 -1.915761e+01 8.664160e+00
      vertex   1.315569e+02 -1.915761e+01 -8.312913e+00
    endloop
  endfacet
  facet normal -8.149437e-01 -5.795402e-01 1.212777e-16
    outer loop
      vertex   1.315569e+02 -1.915761e+01 -8.312913e+00
      vertex   1.315569e+02 -1.915761e+01 8.664160e+00
      vertex   1.309574e+02 -1.831451e+01 8.664160e+00
    endloop
  endfacet
  facet normal -8.149437e-01 -5.795402e-01 1.197911e-16
    outer loop
      vertex   1.315569e+02 -1.915761e+01 -8.312913e+00
      vertex   1.309574e+02 -1.831451e+01 8.664160e+00
      vertex   1.309574e+02 -1.831451e+01 -8.357098e+00
    endloop
  endfacet
  facet normal -9.318862e-01 -3.627508e-01 7.571412e-17
    outer loop
      vertex   1.309574e+02 -1.831451e+01 -8.357098e+00
      vertex   1.309574e+02 -1.831451e+01 8.664160e+00
      vertex   1.305821e+02 -1.735044e+01 8.664160e+00
    endloop
  endfacet
  facet normal -9.318862e-01 -3.627508e-01 1.508672e-16
    outer loop
      vertex   1.309574e+02 -1.831451e+01 -8.357098e+00
      vertex   1.305821e+02 -1.735044e+01 8.664160e+00
      vertex   1.305821e+02 -1.735044e+01 -8.407623e+00
    endloop
  endfacet
  facet normal -9.922882e-01 -1.239521e-01 5.158998e-17
    outer loop
      vertex   1.305821e+02 -1.735044e+01 -8.407623e+00
      vertex   1.305821e+02 -1.735044e+01 8.664160e+00
      vertex   1.304539e+02 -1.632388e+01 8.664160e+00
    endloop
  endfacet
  facet normal -9.922882e-01 -1.239521e-01 1.698191e-15
    outer loop
      vertex   1.305821e+02 -1.735044e+01 -8.407623e+00
      vertex   1.304539e+02 -1.632388e+01 8.664160e+00
      vertex   1.304539e+02 -1.632388e+01 -8.461423e+00
    endloop
  endfacet
  facet normal -9.924849e-01 1.223671e-01 1.596363e-15
    outer loop
      vertex   1.304539e+02 -1.632388e+01 -8.461423e+00
      vertex   1.304539e+02 -1.632388e+01 8.664160e+00
      vertex   1.305805e+02 -1.529711e+01 8.664160e+00
    endloop
  endfacet
  facet normal -9.924849e-01 1.223671e-01 1.566375e-15
    outer loop
      vertex   1.304539e+02 -1.632388e+01 -8.461423e+00
      vertex   1.305805e+02 -1.529711e+01 8.664160e+00
      vertex   1.305805e+02 -1.529711e+01 -8.515233e+00
    endloop
  endfacet
  facet normal -9.324644e-01 3.612619e-01 1.318548e-15
    outer loop
      vertex   1.305805e+02 -1.529711e+01 -8.515233e+00
      vertex   1.305805e+02 -1.529711e+01 8.664160e+00
      vertex   1.309542e+02 -1.433244e+01 8.664160e+00
    endloop
  endfacet
  facet normal -9.324644e-01 3.612619e-01 -1.868529e-16
    outer loop
      vertex   1.305805e+02 -1.529711e+01 -8.515233e+00
      vertex   1.309542e+02 -1.433244e+01 8.664160e+00
      vertex   1.309542e+02 -1.433244e+01 -8.565789e+00
    endloop
  endfacet
  facet normal -8.158683e-01 5.782378e-01 -2.980730e-16
    outer loop
      vertex   1.309542e+02 -1.433244e+01 -8.565789e+00
      vertex   1.309542e+02 -1.433244e+01 8.664160e+00
      vertex   1.315524e+02 -1.348839e+01 8.664160e+00
    endloop
  endfacet
  facet normal -8.158683e-01 5.782378e-01 -2.981990e-16
    outer loop
      vertex   1.309542e+02 -1.433244e+01 -8.565789e+00
      vertex   1.315524e+02 -1.348839e+01 8.664160e+00
      vertex   1.315524e+02 -1.348839e+01 -8.610024e+00
    endloop
  endfacet
  facet normal -6.497709e-01 7.601301e-01 -3.908325e-16
    outer loop
      vertex   1.315524e+02 -1.348839e+01 -8.610024e+00
      vertex   1.315524e+02 -1.348839e+01 8.664160e+00
      vertex   1.323388e+02 -1.281617e+01 8.664160e+00
    endloop
  endfacet
  facet normal -6.497709e-01 7.601301e-01 -3.099918e-16
    outer loop
      vertex   1.315524e+02 -1.348839e+01 -8.610024e+00
      vertex   1.323388e+02 -1.281617e+01 8.664160e+00
      vertex   1.323388e+02 -1.281617e+01 -8.645254e+00
    endloop
  endfacet
  facet normal -4.442497e-01 8.959030e-01 -3.677637e-16
    outer loop
      vertex   1.323388e+02 -1.281617e+01 -8.645254e+00
      vertex   1.323388e+02 -1.281617e+01 8.664160e+00
      vertex   1.332657e+02 -1.235658e+01 8.664160e+00
    endloop
  endfacet
  facet normal -4.442497e-01 8.959030e-01 -1.826410e-16
    outer loop
      vertex   1.323388e+02 -1.281617e+01 -8.645254e+00
      vertex   1.332657e+02 -1.235658e+01 8.664160e+00
      vertex   1.332657e+02 -1.235658e+01 -8.669340e+00
    endloop
  endfacet
  facet normal -2.117746e-01 9.773185e-01 -2.003134e-16
    outer loop
      vertex   1.332657e+02 -1.235658e+01 -8.669340e+00
      vertex   1.332657e+02 -1.235658e+01 8.664160e+00
      vertex   1.342767e+02 -1.213749e+01 8.664160e+00
    endloop
  endfacet
  facet normal -2.117746e-01 9.773185e-01 1.469441e-16
    outer loop
      vertex   1.332657e+02 -1.235658e+01 -8.669340e+00
      vertex   1.342767e+02 -1.213749e+01 8.664160e+00
      vertex   1.342767e+02 -1.213749e+01 -8.680822e+00
    endloop
  endfacet
  facet normal 3.354961e-02 9.994371e-01 -2.596861e-16
    outer loop
      vertex   1.342767e+02 -1.213749e+01 -8.680822e+00
      vertex   1.342767e+02 -1.213749e+01 8.664160e+00
      vertex   1.353107e+02 -1.217220e+01 -8.679003e+00
    endloop
  endfacet
  facet normal 3.354961e-02 9.994371e-01 1.497522e-16
    outer loop
      vertex   1.353107e+02 -1.217220e+01 -8.679003e+00
      vertex   1.342767e+02 -1.213749e+01 8.664160e+00
      vertex   1.353107e+02 -1.217220e+01 8.664160e+00
    endloop
  endfacet
  facet normal 2.768383e-01 9.609165e-01 -2.568364e-16
    outer loop
      vertex   1.353107e+02 -1.217220e+01 -8.679003e+00
      vertex   1.353107e+02 -1.217220e+01 8.664160e+00
      vertex   1.363048e+02 -1.245860e+01 -8.663993e+00
    endloop
  endfacet
  facet normal 2.768383e-01 9.609165e-01 1.369660e-16
    outer loop
      vertex   1.363048e+02 -1.245860e+01 -8.663993e+00
      vertex   1.353107e+02 -1.217220e+01 8.664160e+00
      vertex   1.363048e+02 -1.245860e+01 8.664160e+00
    endloop
  endfacet
  facet normal 5.033302e-01 8.640941e-01 -2.940803e-16
    outer loop
      vertex   1.363048e+02 -1.245860e+01 -8.663993e+00
      vertex   1.363048e+02 -1.245860e+01 8.664160e+00
      vertex   1.371987e+02 -1.297931e+01 -8.636704e+00
    endloop
  endfacet
  facet normal 5.033302e-01 8.640941e-01 6.033744e-17
    outer loop
      vertex   1.371987e+02 -1.297931e+01 -8.636704e+00
      vertex   1.363048e+02 -1.245860e+01 8.664160e+00
      vertex   1.371987e+02 -1.297931e+01 8.664160e+00
    endloop
  endfacet
  facet normal 6.992836e-01 7.148444e-01 -4.148144e-16
    outer loop
      vertex   1.371987e+02 -1.297931e+01 -8.636704e+00
      vertex   1.371987e+02 -1.297931e+01 8.664160e+00
      vertex   1.379383e+02 -1.370275e+01 -8.598790e+00
    endloop
  endfacet
  facet normal 6.992836e-01 7.148444e-01 -2.686105e-16
    outer loop
      vertex   1.379383e+02 -1.370275e+01 -8.598790e+00
      vertex   1.371987e+02 -1.297931e+01 8.664160e+00
      vertex   1.379383e+02 -1.370275e+01 8.664160e+00
    endloop
  endfacet
  facet normal 8.528091e-01 5.222228e-01 -7.592240e-16
    outer loop
      vertex   1.379383e+02 -1.370275e+01 -8.598790e+00
      vertex   1.379383e+02 -1.370275e+01 8.664160e+00
      vertex   1.384785e+02 -1.458502e+01 -8.552552e+00
    endloop
  endfacet
  facet normal 8.528091e-01 5.222228e-01 8.620963e-16
    outer loop
      vertex   1.384785e+02 -1.458502e+01 -8.552552e+00
      vertex   1.379383e+02 -1.370275e+01 8.664160e+00
      vertex   1.384785e+02 -1.458502e+01 8.664160e+00
    endloop
  endfacet
  facet normal 9.545920e-01 2.979162e-01 4.918063e-16
    outer loop
      vertex   1.384785e+02 -1.458502e+01 -8.552552e+00
      vertex   1.384785e+02 -1.458502e+01 8.664160e+00
      vertex   1.387867e+02 -1.557258e+01 -8.500796e+00
    endloop
  endfacet
  facet normal 9.545920e-01 2.979162e-01 5.857809e-16
    outer loop
      vertex   1.387867e+02 -1.557258e+01 -8.500796e+00
      vertex   1.384785e+02 -1.458502e+01 8.664160e+00
      vertex   1.387867e+02 -1.557258e+01 8.664160e+00
    endloop
  endfacet
  facet normal 9.984568e-01 5.553413e-02 1.091946e-16
    outer loop
      vertex   1.387867e+02 -1.557258e+01 -8.500796e+00
      vertex   1.387867e+02 -1.557258e+01 8.664160e+00
      vertex   1.388442e+02 -1.660553e+01 -8.446662e+00
    endloop
  endfacet
  facet normal 9.984568e-01 5.553413e-02 1.153053e-16
    outer loop
      vertex   1.388442e+02 -1.660553e+01 -8.446662e+00
      vertex   1.387867e+02 -1.557258e+01 8.664160e+00
      vertex   1.388442e+02 -1.660553e+01 8.664160e+00
    endloop
  endfacet
  facet normal 9.817420e-01 -1.902174e-01 -3.949477e-16
    outer loop
      vertex   1.388442e+02 -1.660553e+01 -8.446662e+00
      vertex   1.388442e+02 -1.660553e+01 8.664160e+00
      vertex   1.386474e+02 -1.762118e+01 -8.393434e+00
    endloop
  endfacet
  facet normal 9.817420e-01 -1.902174e-01 -4.357981e-16
    outer loop
      vertex   1.386474e+02 -1.762118e+01 -8.393434e+00
      vertex   1.388442e+02 -1.660553e+01 8.664160e+00
      vertex   1.386474e+02 -1.762118e+01 8.664160e+00
    endloop
  endfacet
  facet normal 9.054618e-01 -4.244278e-01 -9.723866e-16
    outer loop
      vertex   1.386474e+02 -1.762118e+01 -8.393434e+00
      vertex   1.386474e+02 -1.762118e+01 8.664160e+00
      vertex   1.382083e+02 -1.855792e+01 -8.344342e+00
    endloop
  endfacet
  facet normal 9.054618e-01 -4.244278e-01 6.265141e-16
    outer loop
      vertex   1.382083e+02 -1.855792e+01 -8.344342e+00
      vertex   1.386474e+02 -1.762118e+01 8.664160e+00
      vertex   1.382083e+02 -1.855792e+01 8.664160e+00
    endloop
  endfacet
  facet normal 9.769400e-01 2.129956e-01 -1.486853e-02
    outer loop
      vertex   1.334126e+02 -2.030996e+01 -8.252521e+00
      vertex   1.333933e+02 -2.022193e+01 -8.257134e+00
      vertex   1.334126e+02 -2.022809e+01 -7.081796e+00
    endloop
  endfacet
  facet normal -3.074455e-01 -9.515657e-01 4.220114e-05
    outer loop
      vertex   1.334126e+02 -2.022809e+01 -7.081796e+00
      vertex   1.333933e+02 -2.022193e+01 -8.257134e+00
      vertex   1.333934e+02 -2.022195e+01 -8.257133e+00
    endloop
  endfacet
  facet normal -9.770611e-01 -2.124424e-01 1.482984e-02
    outer loop
      vertex   1.334126e+02 -2.022809e+01 -7.081796e+00
      vertex   1.333934e+02 -2.022195e+01 -8.257133e+00
      vertex   1.334126e+02 -2.030996e+01 -8.252521e+00
    endloop
  endfacet
  facet normal 9.778605e-01 1.171213e-01 -1.734112e-01
    outer loop
      vertex   1.529574e+02 -2.581960e+01 8.460466e+00
      vertex   1.527872e+02 -2.585648e+01 7.475749e+00
      vertex   1.514538e+02 -1.356110e+01 8.261217e+00
    endloop
  endfacet
  facet normal 9.778605e-01 1.171213e-01 -1.734112e-01
    outer loop
      vertex   1.514538e+02 -1.356110e+01 8.261217e+00
      vertex   1.527872e+02 -2.585648e+01 7.475749e+00
      vertex   1.512836e+02 -1.359798e+01 7.276499e+00
    endloop
  endfacet
  facet normal -2.094289e-02 9.992090e-01 -3.380540e-02
    outer loop
      vertex   1.529574e+02 -2.581960e+01 8.460466e+00
      vertex   1.651276e+02 -2.563592e+01 6.349942e+00
      vertex   1.527872e+02 -2.585648e+01 7.475749e+00
    endloop
  endfacet
  facet normal -2.094289e-02 9.992090e-01 -3.380540e-02
    outer loop
      vertex   1.527872e+02 -2.585648e+01 7.475749e+00
      vertex   1.651276e+02 -2.563592e+01 6.349942e+00
      vertex   1.649574e+02 -2.567280e+01 5.365224e+00
    endloop
  endfacet
  facet normal 1.702097e-01 3.688273e-02 9.847174e-01
    outer loop
      vertex   1.649574e+02 -2.567280e+01 5.365224e+00
      vertex   1.512836e+02 -1.359798e+01 7.276499e+00
      vertex   1.527872e+02 -2.585648e+01 7.475749e+00
    endloop
  endfacet
  facet normal -6.444125e-01 -7.518371e-01 1.395476e-01
    outer loop
      vertex   1.651276e+02 -2.563592e+01 6.349942e+00
      vertex   1.514538e+02 -1.356110e+01 8.261217e+00
      vertex   1.649574e+02 -2.567280e+01 5.365224e+00
    endloop
  endfacet
  facet normal -6.444125e-01 -7.518371e-01 1.395476e-01
    outer loop
      vertex   1.649574e+02 -2.567280e+01 5.365224e+00
      vertex   1.514538e+02 -1.356110e+01 8.261217e+00
      vertex   1.512836e+02 -1.359798e+01 7.276499e+00
    endloop
  endfacet
  facet normal -7.040626e-01 5.571678e-02 -7.079488e-01
    outer loop
      vertex   1.370687e+02 -1.660033e+01 -1.437328e+00
      vertex   1.346539e+02 -1.582333e+01 1.025382e+00
      vertex   1.371539e+02 -1.595417e+01 -1.471192e+00
    endloop
  endfacet
  facet normal -5.633903e-01 3.948643e-01 -7.257228e-01
    outer loop
      vertex   1.364216e+02 -1.771951e+01 -1.378674e+00
      vertex   1.346539e+02 -1.582333e+01 1.025382e+00
      vertex   1.368189e+02 -1.720246e+01 -1.405772e+00
    endloop
  endfacet
  facet normal -2.717580e-01 6.183350e-01 -7.374344e-01
    outer loop
      vertex   1.353009e+02 -1.836568e+01 -1.344810e+00
      vertex   1.346539e+02 -1.582333e+01 1.025382e+00
      vertex   1.359039e+02 -1.811627e+01 -1.357881e+00
    endloop
  endfacet
  facet normal 9.269160e-02 6.662499e-01 -7.399455e-01
    outer loop
      vertex   1.340068e+02 -1.836568e+01 -1.344810e+00
      vertex   1.346539e+02 -1.582333e+01 1.025382e+00
      vertex   1.346539e+02 -1.845074e+01 -1.340352e+00
    endloop
  endfacet
  facet normal 4.323046e-01 5.257704e-01 -7.325833e-01
    outer loop
      vertex   1.328861e+02 -1.771951e+01 -1.378674e+00
      vertex   1.346539e+02 -1.582333e+01 1.025382e+00
      vertex   1.334039e+02 -1.811627e+01 -1.357881e+00
    endloop
  endfacet
  facet normal 6.560819e-01 2.345378e-01 -7.173204e-01
    outer loop
      vertex   1.322391e+02 -1.660033e+01 -1.437328e+00
      vertex   1.346539e+02 -1.582333e+01 1.025382e+00
      vertex   1.324888e+02 -1.720246e+01 -1.405772e+00
    endloop
  endfacet
  facet normal 7.040626e-01 -1.294124e-01 -6.982466e-01
    outer loop
      vertex   1.322391e+02 -1.530801e+01 -1.505055e+00
      vertex   1.346539e+02 -1.582333e+01 1.025382e+00
      vertex   1.321539e+02 -1.595417e+01 -1.471192e+00
    endloop
  endfacet
  facet normal 5.633903e-01 -4.685599e-01 -6.804726e-01
    outer loop
      vertex   1.328861e+02 -1.418883e+01 -1.563709e+00
      vertex   1.346539e+02 -1.582333e+01 1.025382e+00
      vertex   1.324888e+02 -1.470588e+01 -1.536612e+00
    endloop
  endfacet
  facet normal 2.717580e-01 -6.920305e-01 -6.687610e-01
    outer loop
      vertex   1.340068e+02 -1.354267e+01 -1.597573e+00
      vertex   1.346539e+02 -1.582333e+01 1.025382e+00
      vertex   1.334039e+02 -1.379207e+01 -1.584502e+00
    endloop
  endfacet
  facet normal -9.269160e-02 -7.399455e-01 -6.662499e-01
    outer loop
      vertex   1.353009e+02 -1.354267e+01 -1.597573e+00
      vertex   1.346539e+02 -1.582333e+01 1.025382e+00
      vertex   1.346539e+02 -1.345760e+01 -1.602032e+00
    endloop
  endfacet
  facet normal -4.323046e-01 -5.994660e-01 -6.736121e-01
    outer loop
      vertex   1.364216e+02 -1.418883e+01 -1.563709e+00
      vertex   1.346539e+02 -1.582333e+01 1.025382e+00
      vertex   1.359039e+02 -1.379207e+01 -1.584502e+00
    endloop
  endfacet
  facet normal -6.560819e-01 -3.082334e-01 -6.888750e-01
    outer loop
      vertex   1.370687e+02 -1.530801e+01 -1.505055e+00
      vertex   1.346539e+02 -1.582333e+01 1.025382e+00
      vertex   1.368189e+02 -1.470588e+01 -1.536612e+00
    endloop
  endfacet
  facet normal 7.040626e-01 5.571678e-02 -7.079488e-01
    outer loop
      vertex   1.321539e+02 -1.595417e+01 -1.471192e+00
      vertex   1.346539e+02 -1.582333e+01 1.025382e+00
      vertex   1.322391e+02 -1.660033e+01 -1.437328e+00
    endloop
  endfacet
  facet normal -4.323046e-01 5.257704e-01 -7.325833e-01
    outer loop
      vertex   1.359039e+02 -1.811627e+01 -1.357881e+00
      vertex   1.346539e+02 -1.582333e+01 1.025382e+00
      vertex   1.364216e+02 -1.771951e+01 -1.378674e+00
    endloop
  endfacet
  facet normal -2.717580e-01 -6.920305e-01 -6.687610e-01
    outer loop
      vertex   1.359039e+02 -1.379207e+01 -1.584502e+00
      vertex   1.346539e+02 -1.582333e+01 1.025382e+00
      vertex   1.353009e+02 -1.354267e+01 -1.597573e+00
    endloop
  endfacet
  facet normal 5.633903e-01 3.948643e-01 -7.257228e-01
    outer loop
      vertex   1.324888e+02 -1.720246e+01 -1.405772e+00
      vertex   1.346539e+02 -1.582333e+01 1.025382e+00
      vertex   1.328861e+02 -1.771951e+01 -1.378674e+00
    endloop
  endfacet
  facet normal 2.717580e-01 6.183350e-01 -7.374344e-01
    outer loop
      vertex   1.334039e+02 -1.811627e+01 -1.357881e+00
      vertex   1.346539e+02 -1.582333e+01 1.025382e+00
      vertex   1.340068e+02 -1.836568e+01 -1.344810e+00
    endloop
  endfacet
  facet normal -9.269160e-02 6.662499e-01 -7.399455e-01
    outer loop
      vertex   1.346539e+02 -1.845074e+01 -1.340352e+00
      vertex   1.346539e+02 -1.582333e+01 1.025382e+00
      vertex   1.353009e+02 -1.836568e+01 -1.344810e+00
    endloop
  endfacet
  facet normal -6.560819e-01 2.345378e-01 -7.173204e-01
    outer loop
      vertex   1.368189e+02 -1.720246e+01 -1.405772e+00
      vertex   1.346539e+02 -1.582333e+01 1.025382e+00
      vertex   1.370687e+02 -1.660033e+01 -1.437328e+00
    endloop
  endfacet
  facet normal -7.040626e-01 -1.294124e-01 -6.982466e-01
    outer loop
      vertex   1.371539e+02 -1.595417e+01 -1.471192e+00
      vertex   1.346539e+02 -1.582333e+01 1.025382e+00
      vertex   1.370687e+02 -1.530801e+01 -1.505055e+00
    endloop
  endfacet
  facet normal -5.633903e-01 -4.685599e-01 -6.804726e-01
    outer loop
      vertex   1.368189e+02 -1.470588e+01 -1.536612e+00
      vertex   1.346539e+02 -1.582333e+01 1.025382e+00
      vertex   1.364216e+02 -1.418883e+01 -1.563709e+00
    endloop
  endfacet
  facet normal 9.269160e-02 -7.399455e-01 -6.662499e-01
    outer loop
      vertex   1.346539e+02 -1.345760e+01 -1.602032e+00
      vertex   1.346539e+02 -1.582333e+01 1.025382e+00
      vertex   1.340068e+02 -1.354267e+01 -1.597573e+00
    endloop
  endfacet
  facet normal 4.323046e-01 -5.994660e-01 -6.736121e-01
    outer loop
      vertex   1.334039e+02 -1.379207e+01 -1.584502e+00
      vertex   1.346539e+02 -1.582333e+01 1.025382e+00
      vertex   1.328861e+02 -1.418883e+01 -1.563709e+00
    endloop
  endfacet
  facet normal 6.560819e-01 -3.082334e-01 -6.888750e-01
    outer loop
      vertex   1.324888e+02 -1.470588e+01 -1.536612e+00
      vertex   1.346539e+02 -1.582333e+01 1.025382e+00
      vertex   1.322391e+02 -1.530801e+01 -1.505055e+00
    endloop
  endfacet
  facet normal -9.914449e-01 1.303473e-01 -6.831213e-03
    outer loop
      vertex   1.370687e+02 -1.696668e+01 -8.427735e+00
      vertex   1.370687e+02 -1.660033e+01 -1.437328e+00
      vertex   1.371539e+02 -1.632052e+01 -8.461598e+00
    endloop
  endfacet
  facet normal -9.914449e-01 1.303473e-01 -6.831213e-03
    outer loop
      vertex   1.371539e+02 -1.632052e+01 -8.461598e+00
      vertex   1.370687e+02 -1.660033e+01 -1.437328e+00
      vertex   1.371539e+02 -1.595417e+01 -1.471192e+00
    endloop
  endfacet
  facet normal -9.914449e-01 -1.303473e-01 6.831213e-03
    outer loop
      vertex   1.371539e+02 -1.632052e+01 -8.461598e+00
      vertex   1.371539e+02 -1.595417e+01 -1.471192e+00
      vertex   1.370687e+02 -1.567436e+01 -8.495462e+00
    endloop
  endfacet
  facet normal -9.914449e-01 -1.303473e-01 6.831213e-03
    outer loop
      vertex   1.370687e+02 -1.567436e+01 -8.495462e+00
      vertex   1.371539e+02 -1.595417e+01 -1.471192e+00
      vertex   1.370687e+02 -1.530801e+01 -1.505055e+00
    endloop
  endfacet
  facet normal -9.238795e-01 -3.821590e-01 2.002810e-02
    outer loop
      vertex   1.370687e+02 -1.567436e+01 -8.495462e+00
      vertex   1.370687e+02 -1.530801e+01 -1.505055e+00
      vertex   1.368189e+02 -1.507223e+01 -8.527018e+00
    endloop
  endfacet
  facet normal -9.238795e-01 -3.821590e-01 2.002810e-02
    outer loop
      vertex   1.368189e+02 -1.507223e+01 -8.527018e+00
      vertex   1.370687e+02 -1.530801e+01 -1.505055e+00
      vertex   1.368189e+02 -1.470588e+01 -1.536612e+00
    endloop
  endfacet
  facet normal -7.933533e-01 -6.079271e-01 3.186011e-02
    outer loop
      vertex   1.368189e+02 -1.507223e+01 -8.527018e+00
      vertex   1.368189e+02 -1.470588e+01 -1.536612e+00
      vertex   1.364216e+02 -1.455518e+01 -8.554116e+00
    endloop
  endfacet
  facet normal -7.933533e-01 -6.079271e-01 3.186011e-02
    outer loop
      vertex   1.364216e+02 -1.455518e+01 -8.554116e+00
      vertex   1.368189e+02 -1.470588e+01 -1.536612e+00
      vertex   1.364216e+02 -1.418883e+01 -1.563709e+00
    endloop
  endfacet
  facet normal -6.087614e-01 -7.922661e-01 4.152091e-02
    outer loop
      vertex   1.364216e+02 -1.455518e+01 -8.554116e+00
      vertex   1.364216e+02 -1.418883e+01 -1.563709e+00
      vertex   1.359039e+02 -1.415843e+01 -8.574909e+00
    endloop
  endfacet
  facet normal -6.087614e-01 -7.922661e-01 4.152091e-02
    outer loop
      vertex   1.359039e+02 -1.415843e+01 -8.574909e+00
      vertex   1.364216e+02 -1.418883e+01 -1.563709e+00
      vertex   1.359039e+02 -1.379207e+01 -1.584502e+00
    endloop
  endfacet
  facet normal -3.826834e-01 -9.226134e-01 4.835212e-02
    outer loop
      vertex   1.359039e+02 -1.415843e+01 -8.574909e+00
      vertex   1.359039e+02 -1.379207e+01 -1.584502e+00
      vertex   1.353009e+02 -1.390902e+01 -8.587980e+00
    endloop
  endfacet
  facet normal -3.826834e-01 -9.226134e-01 4.835212e-02
    outer loop
      vertex   1.353009e+02 -1.390902e+01 -8.587980e+00
      vertex   1.359039e+02 -1.379207e+01 -1.584502e+00
      vertex   1.353009e+02 -1.354267e+01 -1.597573e+00
    endloop
  endfacet
  facet normal -1.305262e-01 -9.900861e-01 5.188821e-02
    outer loop
      vertex   1.353009e+02 -1.390902e+01 -8.587980e+00
      vertex   1.353009e+02 -1.354267e+01 -1.597573e+00
      vertex   1.346539e+02 -1.382395e+01 -8.592438e+00
    endloop
  endfacet
  facet normal -1.305262e-01 -9.900861e-01 5.188821e-02
    outer loop
      vertex   1.346539e+02 -1.382395e+01 -8.592438e+00
      vertex   1.353009e+02 -1.354267e+01 -1.597573e+00
      vertex   1.346539e+02 -1.345760e+01 -1.602032e+00
    endloop
  endfacet
  facet normal 1.305262e-01 -9.900861e-01 5.188821e-02
    outer loop
      vertex   1.346539e+02 -1.382395e+01 -8.592438e+00
      vertex   1.346539e+02 -1.345760e+01 -1.602032e+00
      vertex   1.340068e+02 -1.390902e+01 -8.587980e+00
    endloop
  endfacet
  facet normal 1.305262e-01 -9.900861e-01 5.188821e-02
    outer loop
      vertex   1.340068e+02 -1.390902e+01 -8.587980e+00
      vertex   1.346539e+02 -1.345760e+01 -1.602032e+00
      vertex   1.340068e+02 -1.354267e+01 -1.597573e+00
    endloop
  endfacet
  facet normal 3.826834e-01 -9.226134e-01 4.835212e-02
    outer loop
      vertex   1.340068e+02 -1.390902e+01 -8.587980e+00
      vertex   1.340068e+02 -1.354267e+01 -1.597573e+00
      vertex   1.334039e+02 -1.415843e+01 -8.574909e+00
    endloop
  endfacet
  facet normal 3.826834e-01 -9.226134e-01 4.835212e-02
    outer loop
      vertex   1.334039e+02 -1.415843e+01 -8.574909e+00
      vertex   1.340068e+02 -1.354267e+01 -1.597573e+00
      vertex   1.334039e+02 -1.379207e+01 -1.584502e+00
    endloop
  endfacet
  facet normal 6.087614e-01 -7.922661e-01 4.152091e-02
    outer loop
      vertex   1.334039e+02 -1.415843e+01 -8.574909e+00
      vertex   1.334039e+02 -1.379207e+01 -1.584502e+00
      vertex   1.328861e+02 -1.455518e+01 -8.554116e+00
    endloop
  endfacet
  facet normal 6.087614e-01 -7.922661e-01 4.152091e-02
    outer loop
      vertex   1.328861e+02 -1.455518e+01 -8.554116e+00
      vertex   1.334039e+02 -1.379207e+01 -1.584502e+00
      vertex   1.328861e+02 -1.418883e+01 -1.563709e+00
    endloop
  endfacet
  facet normal 7.933533e-01 -6.079271e-01 3.186011e-02
    outer loop
      vertex   1.328861e+02 -1.455518e+01 -8.554116e+00
      vertex   1.328861e+02 -1.418883e+01 -1.563709e+00
      vertex   1.324888e+02 -1.507223e+01 -8.527018e+00
    endloop
  endfacet
  facet normal 7.933533e-01 -6.079271e-01 3.186011e-02
    outer loop
      vertex   1.324888e+02 -1.507223e+01 -8.527018e+00
      vertex   1.328861e+02 -1.418883e+01 -1.563709e+00
      vertex   1.324888e+02 -1.470588e+01 -1.536612e+00
    endloop
  endfacet
  facet normal 9.238795e-01 -3.821590e-01 2.002810e-02
    outer loop
      vertex   1.324888e+02 -1.507223e+01 -8.527018e+00
      vertex   1.324888e+02 -1.470588e+01 -1.536612e+00
      vertex   1.322391e+02 -1.567436e+01 -8.495462e+00
    endloop
  endfacet
  facet normal 9.238795e-01 -3.821590e-01 2.002810e-02
    outer loop
      vertex   1.322391e+02 -1.567436e+01 -8.495462e+00
      vertex   1.324888e+02 -1.470588e+01 -1.536612e+00
      vertex   1.322391e+02 -1.530801e+01 -1.505055e+00
    endloop
  endfacet
  facet normal 9.914449e-01 -1.303473e-01 6.831213e-03
    outer loop
      vertex   1.322391e+02 -1.567436e+01 -8.495462e+00
      vertex   1.322391e+02 -1.530801e+01 -1.505055e+00
      vertex   1.321539e+02 -1.632052e+01 -8.461598e+00
    endloop
  endfacet
  facet normal 9.914449e-01 -1.303473e-01 6.831213e-03
    outer loop
      vertex   1.321539e+02 -1.632052e+01 -8.461598e+00
      vertex   1.322391e+02 -1.530801e+01 -1.505055e+00
      vertex   1.321539e+02 -1.595417e+01 -1.471192e+00
    endloop
  endfacet
  facet normal 9.914449e-01 1.303473e-01 -6.831213e-03
    outer loop
      vertex   1.321539e+02 -1.632052e+01 -8.461598e+00
      vertex   1.321539e+02 -1.595417e+01 -1.471192e+00
      vertex   1.322391e+02 -1.696668e+01 -8.427735e+00
    endloop
  endfacet
  facet normal 9.914449e-01 1.303473e-01 -6.831213e-03
    outer loop
      vertex   1.322391e+02 -1.696668e+01 -8.427735e+00
      vertex   1.321539e+02 -1.595417e+01 -1.471192e+00
      vertex   1.322391e+02 -1.660033e+01 -1.437328e+00
    endloop
  endfacet
  facet normal 9.238795e-01 3.821590e-01 -2.002810e-02
    outer loop
      vertex   1.322391e+02 -1.696668e+01 -8.427735e+00
      vertex   1.322391e+02 -1.660033e+01 -1.437328e+00
      vertex   1.324888e+02 -1.756881e+01 -8.396178e+00
    endloop
  endfacet
  facet normal 9.238795e-01 3.821590e-01 -2.002810e-02
    outer loop
      vertex   1.324888e+02 -1.756881e+01 -8.396178e+00
      vertex   1.322391e+02 -1.660033e+01 -1.437328e+00
      vertex   1.324888e+02 -1.720246e+01 -1.405772e+00
    endloop
  endfacet
  facet normal 7.933533e-01 6.079271e-01 -3.186011e-02
    outer loop
      vertex   1.324888e+02 -1.756881e+01 -8.396178e+00
      vertex   1.324888e+02 -1.720246e+01 -1.405772e+00
      vertex   1.328861e+02 -1.808587e+01 -8.369081e+00
    endloop
  endfacet
  facet normal 7.933533e-01 6.079271e-01 -3.186011e-02
    outer loop
      vertex   1.328861e+02 -1.808587e+01 -8.369081e+00
      vertex   1.324888e+02 -1.720246e+01 -1.405772e+00
      vertex   1.328861e+02 -1.771951e+01 -1.378674e+00
    endloop
  endfacet
  facet normal 6.087614e-01 7.922661e-01 -4.152091e-02
    outer loop
      vertex   1.328861e+02 -1.808587e+01 -8.369081e+00
      vertex   1.328861e+02 -1.771951e+01 -1.378674e+00
      vertex   1.334039e+02 -1.848262e+01 -8.348288e+00
    endloop
  endfacet
  facet normal 6.087614e-01 7.922661e-01 -4.152091e-02
    outer loop
      vertex   1.334039e+02 -1.848262e+01 -8.348288e+00
      vertex   1.328861e+02 -1.771951e+01 -1.378674e+00
      vertex   1.334039e+02 -1.811627e+01 -1.357881e+00
    endloop
  endfacet
  facet normal 3.826834e-01 9.226134e-01 -4.835212e-02
    outer loop
      vertex   1.334039e+02 -1.848262e+01 -8.348288e+00
      vertex   1.334039e+02 -1.811627e+01 -1.357881e+00
      vertex   1.340068e+02 -1.873203e+01 -8.335217e+00
    endloop
  endfacet
  facet normal 3.826834e-01 9.226134e-01 -4.835212e-02
    outer loop
      vertex   1.340068e+02 -1.873203e+01 -8.335217e+00
      vertex   1.334039e+02 -1.811627e+01 -1.357881e+00
      vertex   1.340068e+02 -1.836568e+01 -1.344810e+00
    endloop
  endfacet
  facet normal 1.305262e-01 9.900861e-01 -5.188821e-02
    outer loop
      vertex   1.340068e+02 -1.873203e+01 -8.335217e+00
      vertex   1.340068e+02 -1.836568e+01 -1.344810e+00
      vertex   1.346539e+02 -1.881710e+01 -8.330758e+00
    endloop
  endfacet
  facet normal 1.305262e-01 9.900861e-01 -5.188821e-02
    outer loop
      vertex   1.346539e+02 -1.881710e+01 -8.330758e+00
      vertex   1.340068e+02 -1.836568e+01 -1.344810e+00
      vertex   1.346539e+02 -1.845074e+01 -1.340352e+00
    endloop
  endfacet
  facet normal -1.305262e-01 9.900861e-01 -5.188821e-02
    outer loop
      vertex   1.346539e+02 -1.881710e+01 -8.330758e+00
      vertex   1.346539e+02 -1.845074e+01 -1.340352e+00
      vertex   1.353009e+02 -1.873203e+01 -8.335217e+00
    endloop
  endfacet
  facet normal -1.305262e-01 9.900861e-01 -5.188821e-02
    outer loop
      vertex   1.353009e+02 -1.873203e+01 -8.335217e+00
      vertex   1.346539e+02 -1.845074e+01 -1.340352e+00
      vertex   1.353009e+02 -1.836568e+01 -1.344810e+00
    endloop
  endfacet
  facet normal -3.826834e-01 9.226134e-01 -4.835212e-02
    outer loop
      vertex   1.353009e+02 -1.873203e+01 -8.335217e+00
      vertex   1.353009e+02 -1.836568e+01 -1.344810e+00
      vertex   1.359039e+02 -1.848262e+01 -8.348288e+00
    endloop
  endfacet
  facet normal -3.826834e-01 9.226134e-01 -4.835212e-02
    outer loop
      vertex   1.359039e+02 -1.848262e+01 -8.348288e+00
      vertex   1.353009e+02 -1.836568e+01 -1.344810e+00
      vertex   1.359039e+02 -1.811627e+01 -1.357881e+00
    endloop
  endfacet
  facet normal -6.087614e-01 7.922661e-01 -4.152091e-02
    outer loop
      vertex   1.359039e+02 -1.848262e+01 -8.348288e+00
      vertex   1.359039e+02 -1.811627e+01 -1.357881e+00
      vertex   1.364216e+02 -1.808587e+01 -8.369081e+00
    endloop
  endfacet
  facet normal -6.087614e-01 7.922661e-01 -4.152091e-02
    outer loop
      vertex   1.364216e+02 -1.808587e+01 -8.369081e+00
      vertex   1.359039e+02 -1.811627e+01 -1.357881e+00
      vertex   1.364216e+02 -1.771951e+01 -1.378674e+00
    endloop
  endfacet
  facet normal -7.933533e-01 6.079271e-01 -3.186011e-02
    outer loop
      vertex   1.364216e+02 -1.808587e+01 -8.369081e+00
      vertex   1.364216e+02 -1.771951e+01 -1.378674e+00
      vertex   1.368189e+02 -1.756881e+01 -8.396178e+00
    endloop
  endfacet
  facet normal -7.933533e-01 6.079271e-01 -3.186011e-02
    outer loop
      vertex   1.368189e+02 -1.756881e+01 -8.396178e+00
      vertex   1.364216e+02 -1.771951e+01 -1.378674e+00
      vertex   1.368189e+02 -1.720246e+01 -1.405772e+00
    endloop
  endfacet
  facet normal -9.238795e-01 3.821590e-01 -2.002810e-02
    outer loop
      vertex   1.368189e+02 -1.756881e+01 -8.396178e+00
      vertex   1.368189e+02 -1.720246e+01 -1.405772e+00
      vertex   1.370687e+02 -1.696668e+01 -8.427735e+00
    endloop
  endfacet
  facet normal -9.238795e-01 3.821590e-01 -2.002810e-02
    outer loop
      vertex   1.370687e+02 -1.696668e+01 -8.427735e+00
      vertex   1.368189e+02 -1.720246e+01 -1.405772e+00
      vertex   1.370687e+02 -1.660033e+01 -1.437328e+00
    endloop
  endfacet
  facet normal -4.559897e-01 -5.529086e-01 -6.973991e-01
    outer loop
      vertex   1.582255e+02 -2.512520e+01 4.355698e+00
      vertex   1.589750e+02 -2.315391e+01 2.302783e+00
      vertex   1.604727e+02 -2.710960e+01 4.459654e+00
    endloop
  endfacet
  facet normal -4.559897e-01 -5.529086e-01 -6.973991e-01
    outer loop
      vertex   1.604727e+02 -2.710960e+01 4.459654e+00
      vertex   1.589750e+02 -2.315391e+01 2.302783e+00
      vertex   1.618318e+02 -2.567662e+01 2.434940e+00
    endloop
  endfacet
  facet normal -6.622026e-01 -7.492113e-01 1.304298e-02
    outer loop
      vertex   1.582255e+02 -2.512520e+01 4.355698e+00
      vertex   1.604727e+02 -2.710960e+01 4.459654e+00
      vertex   1.604373e+02 -2.704272e+01 6.502298e+00
    endloop
  endfacet
  facet normal 3.489274e-02 -7.271949e-01 -6.855436e-01
    outer loop
      vertex   1.604322e+02 -2.704815e+01 6.507799e+00
      vertex   1.420798e+02 -2.744999e+01 5.999954e+00
      vertex   1.604373e+02 -2.704272e+01 6.502298e+00
    endloop
  endfacet
  facet normal 3.489274e-02 -7.271949e-01 -6.855436e-01
    outer loop
      vertex   1.604373e+02 -2.704272e+01 6.502298e+00
      vertex   1.420798e+02 -2.744999e+01 5.999954e+00
      vertex   1.582255e+02 -2.512520e+01 4.355698e+00
    endloop
  endfacet
  facet normal 3.489274e-02 -7.271949e-01 -6.855436e-01
    outer loop
      vertex   1.582255e+02 -2.512520e+01 4.355698e+00
      vertex   1.420798e+02 -2.744999e+01 5.999954e+00
      vertex   1.458566e+02 -2.338864e+01 1.884081e+00
    endloop
  endfacet
  facet normal 3.489274e-02 -7.271949e-01 -6.855436e-01
    outer loop
      vertex   1.582255e+02 -2.512520e+01 4.355698e+00
      vertex   1.458566e+02 -2.338864e+01 1.884081e+00
      vertex   1.589750e+02 -2.315391e+01 2.302783e+00
    endloop
  endfacet
  facet normal 3.489274e-02 -7.271949e-01 -6.855436e-01
    outer loop
      vertex   1.589750e+02 -2.315391e+01 2.302783e+00
      vertex   1.458566e+02 -2.338864e+01 1.884081e+00
      vertex   1.635293e+02 -2.300168e+01 2.373117e+00
    endloop
  endfacet
  facet normal 3.489274e-02 -7.271949e-01 -6.855436e-01
    outer loop
      vertex   1.589750e+02 -2.315391e+01 2.302783e+00
      vertex   1.635293e+02 -2.300168e+01 2.373117e+00
      vertex   1.635259e+02 -2.300538e+01 2.376867e+00
    endloop
  endfacet
  facet normal -5.458704e-02 -9.985090e-01 1.023412e-04
    outer loop
      vertex   5.032978e+01 -3.048726e+01 1.665959e+01
      vertex   5.010106e+01 -3.047476e+01 1.665945e+01
      vertex   5.032979e+01 -3.048726e+01 1.664694e+01
    endloop
  endfacet
  facet normal -4.049960e-15 7.071068e-01 -7.071068e-01
    outer loop
      vertex   5.032979e+01 -3.048726e+01 1.664694e+01
      vertex   5.010106e+01 -3.047476e+01 1.665945e+01
      vertex   8.816745e+01 -3.048726e+01 1.664694e+01
    endloop
  endfacet
  facet normal -4.305532e-15 7.071068e-01 -7.071068e-01
    outer loop
      vertex   8.816745e+01 -3.048726e+01 1.664694e+01
      vertex   5.010106e+01 -3.047476e+01 1.665945e+01
      vertex   8.833748e+01 -3.045057e+01 1.668363e+01
    endloop
  endfacet
  facet normal -2.926073e-13 1.314006e-12 1.000000e+00
    outer loop
      vertex   1.384332e+02 -1.959569e+01 8.664160e+00
      vertex   1.384329e+02 -1.959440e+01 8.664160e+00
      vertex   1.325693e+02 -2.086633e+01 8.664160e+00
    endloop
  endfacet
  facet normal -3.307503e-13 1.489845e-12 1.000000e+00
    outer loop
      vertex   1.325693e+02 -2.086633e+01 8.664160e+00
      vertex   1.384329e+02 -1.959440e+01 8.664160e+00
      vertex   1.325690e+02 -2.086520e+01 8.664160e+00
    endloop
  endfacet
  facet normal -8.232469e-15 1.643783e-15 1.000000e+00
    outer loop
      vertex   1.325690e+02 -2.086520e+01 8.664160e+00
      vertex   1.384329e+02 -1.959440e+01 8.664160e+00
      vertex   1.382083e+02 -1.855792e+01 8.664160e+00
    endloop
  endfacet
  facet normal -9.520294e-15 4.791392e-15 1.000000e+00
    outer loop
      vertex   1.325690e+02 -2.086520e+01 8.664160e+00
      vertex   1.382083e+02 -1.855792e+01 8.664160e+00
      vertex   1.323444e+02 -1.982856e+01 8.664160e+00
    endloop
  endfacet
  facet normal -2.115980e-13 9.373597e-13 1.000000e+00
    outer loop
      vertex   1.323444e+02 -1.982856e+01 8.664160e+00
      vertex   1.382083e+02 -1.855792e+01 8.664160e+00
      vertex   1.386474e+02 -1.762118e+01 8.664160e+00
    endloop
  endfacet
  facet normal 1.251699e-13 -2.425229e-14 1.000000e+00
    outer loop
      vertex   1.323444e+02 -1.982856e+01 8.664160e+00
      vertex   1.386474e+02 -1.762118e+01 8.664160e+00
      vertex   1.388442e+02 -1.660553e+01 8.664160e+00
    endloop
  endfacet
  facet normal 1.101072e-13 6.124158e-15 1.000000e+00
    outer loop
      vertex   1.388442e+02 -1.660553e+01 8.664160e+00
      vertex   1.387867e+02 -1.557258e+01 8.664160e+00
      vertex   1.323444e+02 -1.982856e+01 8.664160e+00
    endloop
  endfacet
  facet normal 9.464060e-14 2.953615e-14 1.000000e+00
    outer loop
      vertex   1.323444e+02 -1.982856e+01 8.664160e+00
      vertex   1.387867e+02 -1.557258e+01 8.664160e+00
      vertex   1.384785e+02 -1.458502e+01 8.664160e+00
    endloop
  endfacet
  facet normal 7.869537e-14 4.818958e-14 1.000000e+00
    outer loop
      vertex   1.323444e+02 -1.982856e+01 8.664160e+00
      vertex   1.384785e+02 -1.458502e+01 8.664160e+00
      vertex   1.379383e+02 -1.370275e+01 8.664160e+00
    endloop
  endfacet
  facet normal 6.202868e-14 6.340898e-14 1.000000e+00
    outer loop
      vertex   1.379383e+02 -1.370275e+01 8.664160e+00
      vertex   1.371987e+02 -1.297931e+01 8.664160e+00
      vertex   1.323444e+02 -1.982856e+01 8.664160e+00
    endloop
  endfacet
  facet normal 4.426776e-14 7.599684e-14 1.000000e+00
    outer loop
      vertex   1.323444e+02 -1.982856e+01 8.664160e+00
      vertex   1.371987e+02 -1.297931e+01 8.664160e+00
      vertex   1.363048e+02 -1.245860e+01 8.664160e+00
    endloop
  endfacet
  facet normal 2.334657e-14 8.723924e-14 1.000000e+00
    outer loop
      vertex   1.323444e+02 -1.982856e+01 8.664160e+00
      vertex   1.363048e+02 -1.245860e+01 8.664160e+00
      vertex   1.353107e+02 -1.217220e+01 8.664160e+00
    endloop
  endfacet
  facet normal 3.190626e-15 9.504820e-14 1.000000e+00
    outer loop
      vertex   1.353107e+02 -1.217220e+01 8.664160e+00
      vertex   1.342767e+02 -1.213749e+01 8.664160e+00
      vertex   1.323444e+02 -1.982856e+01 8.664160e+00
    endloop
  endfacet
  facet normal -2.196548e-14 1.013685e-13 1.000000e+00
    outer loop
      vertex   1.323444e+02 -1.982856e+01 8.664160e+00
      vertex   1.342767e+02 -1.213749e+01 8.664160e+00
      vertex   1.332657e+02 -1.235658e+01 8.664160e+00
    endloop
  endfacet
  facet normal -5.210825e-14 1.050849e-13 1.000000e+00
    outer loop
      vertex   1.323444e+02 -1.982856e+01 8.664160e+00
      vertex   1.332657e+02 -1.235658e+01 8.664160e+00
      vertex   1.323388e+02 -1.281617e+01 8.664160e+00
    endloop
  endfacet
  facet normal -0.000000e+00 0.000000e+00 1.000000e+00
    outer loop
      vertex   1.315524e+02 -1.348839e+01 8.664160e+00
      vertex   1.304539e+02 -1.632388e+01 8.664160e+00
      vertex   1.323388e+02 -1.281617e+01 8.664160e+00
    endloop
  endfacet
  facet normal 0.000000e+00 0.000000e+00 1.000000e+00
    outer loop
      vertex   1.323388e+02 -1.281617e+01 8.664160e+00
      vertex   1.304539e+02 -1.632388e+01 8.664160e+00
      vertex   1.305821e+02 -1.735044e+01 8.664160e+00
    endloop
  endfacet
  facet normal 0.000000e+00 0.000000e+00 1.000000e+00
    outer loop
      vertex   1.323388e+02 -1.281617e+01 8.664160e+00
      vertex   1.305821e+02 -1.735044e+01 8.664160e+00
      vertex   1.309574e+02 -1.831451e+01 8.664160e+00
    endloop
  endfacet
  facet normal -0.000000e+00 0.000000e+00 1.000000e+00
    outer loop
      vertex   1.309542e+02 -1.433244e+01 8.664160e+00
      vertex   1.305805e+02 -1.529711e+01 8.664160e+00
      vertex   1.315524e+02 -1.348839e+01 8.664160e+00
    endloop
  endfacet
  facet normal 0.000000e+00 0.000000e+00 1.000000e+00
    outer loop
      vertex   1.315524e+02 -1.348839e+01 8.664160e+00
      vertex   1.305805e+02 -1.529711e+01 8.664160e+00
      vertex   1.304539e+02 -1.632388e+01 8.664160e+00
    endloop
  endfacet
  facet normal -0.000000e+00 0.000000e+00 1.000000e+00
    outer loop
      vertex   1.309574e+02 -1.831451e+01 8.664160e+00
      vertex   1.315569e+02 -1.915761e+01 8.664160e+00
      vertex   1.323388e+02 -1.281617e+01 8.664160e+00
    endloop
  endfacet
  facet normal -8.471641e-13 1.044499e-13 1.000000e+00
    outer loop
      vertex   1.323388e+02 -1.281617e+01 8.664160e+00
      vertex   1.315569e+02 -1.915761e+01 8.664160e+00
      vertex   1.323444e+02 -1.982856e+01 8.664160e+00
    endloop
  endfacet
  facet normal -2.109328e-01 9.775006e-01 -2.376403e-15
    outer loop
      vertex   8.816745e+01 -3.048726e+01 1.664694e+01
      vertex   8.833748e+01 -3.045057e+01 1.668363e+01
      vertex   8.816745e+01 -3.048726e+01 -7.719151e+00
    endloop
  endfacet
  facet normal -2.109328e-01 9.775006e-01 -2.778404e-15
    outer loop
      vertex   8.816745e+01 -3.048726e+01 -7.719151e+00
      vertex   8.833748e+01 -3.045057e+01 1.668363e+01
      vertex   8.869732e+01 -3.037292e+01 -7.725143e+00
    endloop
  endfacet
  facet normal -2.109328e-01 9.775006e-01 -2.008331e-15
    outer loop
      vertex   8.869732e+01 -3.037292e+01 -7.725143e+00
      vertex   8.833748e+01 -3.045057e+01 1.668363e+01
      vertex   8.869732e+01 -3.037292e+01 1.668385e+01
    endloop
  endfacet
  facet normal -9.773130e-01 -2.117999e-01 1.782297e-16
    outer loop
      vertex   1.325693e+02 -2.086633e+01 8.664160e+00
      vertex   1.325690e+02 -2.086520e+01 8.664160e+00
      vertex   1.325693e+02 -2.086633e+01 -8.223362e+00
    endloop
  endfacet
  facet normal -9.773130e-01 -2.117999e-01 4.455593e-17
    outer loop
      vertex   1.325693e+02 -2.086633e+01 -8.223362e+00
      vertex   1.325690e+02 -2.086520e+01 8.664160e+00
      vertex   1.325690e+02 -2.086520e+01 -8.223422e+00
    endloop
  endfacet
  facet normal 9.773185e-01 2.117746e-01 2.075480e-15
    outer loop
      vertex   1.382083e+02 -1.855792e+01 -8.344342e+00
      vertex   1.382083e+02 -1.855792e+01 8.664160e+00
      vertex   1.384329e+02 -1.959440e+01 -8.290022e+00
    endloop
  endfacet
  facet normal 9.773185e-01 2.117746e-01 -3.321098e-15
    outer loop
      vertex   1.384329e+02 -1.959440e+01 -8.290022e+00
      vertex   1.382083e+02 -1.855792e+01 8.664160e+00
      vertex   1.384329e+02 -1.959440e+01 8.664160e+00
    endloop
  endfacet
  facet normal 9.773130e-01 2.117999e-01 -3.321085e-15
    outer loop
      vertex   1.384329e+02 -1.959440e+01 -8.290022e+00
      vertex   1.384329e+02 -1.959440e+01 8.664160e+00
      vertex   1.384332e+02 -1.959569e+01 -8.289954e+00
    endloop
  endfacet
  facet normal 9.773130e-01 2.117999e-01 -3.550593e-16
    outer loop
      vertex   1.384332e+02 -1.959569e+01 -8.289954e+00
      vertex   1.384329e+02 -1.959440e+01 8.664160e+00
      vertex   1.384332e+02 -1.959569e+01 8.664160e+00
    endloop
  endfacet
  facet normal -1.237240e-01 9.923167e-01 1.587495e-15
    outer loop
      vertex   1.508229e+02 -1.688357e+01 8.494706e+00
      vertex   1.511022e+02 -1.684875e+01 8.445133e+00
      vertex   1.511022e+02 -1.684875e+01 6.220163e+00
    endloop
  endfacet
  facet normal -9.848078e-01 -1.227878e-01 -1.227878e-01
    outer loop
      vertex   1.508229e+02 -1.688357e+01 8.494706e+00
      vertex   1.511022e+02 -1.684875e+01 6.220163e+00
      vertex   1.508260e+02 -1.690864e+01 8.495114e+00
    endloop
  endfacet
  facet normal -2.119276e-01 9.772854e-01 -2.055177e-15
    outer loop
      vertex   1.511022e+02 -1.684875e+01 -8.433915e+00
      vertex   1.407656e+02 -1.909028e+01 -8.316442e+00
      vertex   1.511022e+02 -1.684875e+01 6.220163e+00
    endloop
  endfacet
  facet normal -2.119276e-01 9.772854e-01 -1.153771e-15
    outer loop
      vertex   1.511022e+02 -1.684875e+01 6.220163e+00
      vertex   1.407656e+02 -1.909028e+01 -8.316442e+00
      vertex   1.407656e+02 -1.909028e+01 1.031578e+01
    endloop
  endfacet
  facet normal -2.119276e-01 9.772854e-01 -4.483668e-15
    outer loop
      vertex   1.511022e+02 -1.684875e+01 6.220163e+00
      vertex   1.407656e+02 -1.909028e+01 1.031578e+01
      vertex   1.508260e+02 -1.690864e+01 8.495114e+00
    endloop
  endfacet
  facet normal -2.457570e-01 -9.661341e-01 7.866598e-02
    outer loop
      vertex   1.665544e+02 -2.703672e+01 6.155784e+00
      vertex   1.662755e+02 -2.696208e+01 6.201200e+00
      vertex   1.651928e+02 -2.733179e+01 -1.721955e+00
    endloop
  endfacet
  facet normal -2.457570e-01 -9.661341e-01 7.866598e-02
    outer loop
      vertex   1.651928e+02 -2.733179e+01 -1.721955e+00
      vertex   1.662755e+02 -2.696208e+01 6.201200e+00
      vertex   1.649138e+02 -2.725714e+01 -1.676539e+00
    endloop
  endfacet
  facet normal -4.090985e-01 -9.064677e-01 1.046650e-01
    outer loop
      vertex   1.668126e+02 -2.715788e+01 6.115691e+00
      vertex   1.665544e+02 -2.703672e+01 6.155784e+00
      vertex   1.654510e+02 -2.745294e+01 -1.762048e+00
    endloop
  endfacet
  facet normal -4.090985e-01 -9.064677e-01 1.046650e-01
    outer loop
      vertex   1.654510e+02 -2.745294e+01 -1.762048e+00
      vertex   1.665544e+02 -2.703672e+01 6.155784e+00
      vertex   1.651928e+02 -2.733179e+01 -1.721955e+00
    endloop
  endfacet
  facet normal -5.576682e-01 -8.202728e-01 1.271170e-01
    outer loop
      vertex   1.670449e+02 -2.732107e+01 6.081656e+00
      vertex   1.668126e+02 -2.715788e+01 6.115691e+00
      vertex   1.656832e+02 -2.761613e+01 -1.796083e+00
    endloop
  endfacet
  facet normal -5.576682e-01 -8.202728e-01 1.271170e-01
    outer loop
      vertex   1.656832e+02 -2.761613e+01 -1.796083e+00
      vertex   1.668126e+02 -2.715788e+01 6.115691e+00
      vertex   1.654510e+02 -2.745294e+01 -1.762048e+00
    endloop
  endfacet
  facet normal -6.888655e-01 -7.101022e-01 1.456681e-01
    outer loop
      vertex   1.672463e+02 -2.752206e+01 6.054369e+00
      vertex   1.670449e+02 -2.732107e+01 6.081656e+00
      vertex   1.658846e+02 -2.781712e+01 -1.823371e+00
    endloop
  endfacet
  facet normal -6.888655e-01 -7.101022e-01 1.456681e-01
    outer loop
      vertex   1.658846e+02 -2.781712e+01 -1.823371e+00
      vertex   1.670449e+02 -2.732107e+01 6.081656e+00
      vertex   1.656832e+02 -2.761613e+01 -1.796083e+00
    endloop
  endfacet
  facet normal -8.000536e-01 -5.782137e-01 1.599472e-01
    outer loop
      vertex   1.674120e+02 -2.775683e+01 6.034520e+00
      vertex   1.672463e+02 -2.752206e+01 6.054369e+00
      vertex   1.660504e+02 -2.805189e+01 -1.843220e+00
    endloop
  endfacet
  facet normal -8.000536e-01 -5.782137e-01 1.599472e-01
    outer loop
      vertex   1.660504e+02 -2.805189e+01 -1.843220e+00
      vertex   1.672463e+02 -2.752206e+01 6.054369e+00
      vertex   1.658846e+02 -2.781712e+01 -1.823371e+00
    endloop
  endfacet
  facet normal -8.885087e-01 -4.263860e-01 1.695501e-01
    outer loop
      vertex   1.675366e+02 -2.802098e+01 6.022886e+00
      vertex   1.674120e+02 -2.775683e+01 6.034520e+00
      vertex   1.661749e+02 -2.831604e+01 -1.854853e+00
    endloop
  endfacet
  facet normal -8.885087e-01 -4.263860e-01 1.695501e-01
    outer loop
      vertex   1.661749e+02 -2.831604e+01 -1.854853e+00
      vertex   1.674120e+02 -2.775683e+01 6.034520e+00
      vertex   1.660504e+02 -2.805189e+01 -1.843220e+00
    endloop
  endfacet
  facet normal -9.501864e-01 -2.586403e-01 1.739283e-01
    outer loop
      vertex   1.676085e+02 -2.828700e+01 6.020412e+00
      vertex   1.675366e+02 -2.802098e+01 6.022886e+00
      vertex   1.662469e+02 -2.858206e+01 -1.857328e+00
    endloop
  endfacet
  facet normal -9.501864e-01 -2.586403e-01 1.739283e-01
    outer loop
      vertex   1.662469e+02 -2.858206e+01 -1.857328e+00
      vertex   1.675366e+02 -2.802098e+01 6.022886e+00
      vertex   1.661749e+02 -2.831604e+01 -1.854853e+00
    endloop
  endfacet
  facet normal -1.733577e-02 3.271951e-02 9.993142e-01
    outer loop
      vertex   1.640415e+02 -2.276839e+01 6.430283e+00
      vertex   1.640462e+02 -2.295931e+01 6.436616e+00
      vertex   1.641389e+02 -2.285443e+01 6.434790e+00
    endloop
  endfacet
  facet normal 6.622026e-01 7.492113e-01 -1.304298e-02
    outer loop
      vertex   1.641392e+02 -2.285502e+01 6.416633e+00
      vertex   1.640415e+02 -2.276839e+01 6.430283e+00
      vertex   1.641389e+02 -2.285443e+01 6.434790e+00
    endloop
  endfacet
  facet normal 7.491243e-01 -6.615223e-01 3.465510e-02
    outer loop
      vertex   1.640462e+02 -2.295931e+01 6.436616e+00
      vertex   1.641392e+02 -2.285502e+01 6.416633e+00
      vertex   1.641389e+02 -2.285443e+01 6.434790e+00
    endloop
  endfacet
  facet normal -9.923167e-01 -1.237240e-01 -9.623033e-15
    outer loop
      vertex   1.511022e+02 -1.684875e+01 -8.433915e+00
      vertex   1.511022e+02 -1.684875e+01 6.220163e+00
      vertex   1.503205e+02 -1.057895e+01 -8.762502e+00
    endloop
  endfacet
  facet normal -9.923167e-01 -1.237240e-01 -1.171973e-14
    outer loop
      vertex   1.503205e+02 -1.057895e+01 -8.762502e+00
      vertex   1.511022e+02 -1.684875e+01 6.220163e+00
      vertex   1.503205e+02 -1.057895e+01 8.345420e+00
    endloop
  endfacet
  facet normal -9.923167e-01 -1.237240e-01 -1.307803e-14
    outer loop
      vertex   1.503205e+02 -1.057895e+01 8.345420e+00
      vertex   1.511022e+02 -1.684875e+01 6.220163e+00
      vertex   1.511022e+02 -1.684875e+01 8.445133e+00
    endloop
  endfacet
  facet normal -1.733577e-02 3.271951e-02 9.993142e-01
    outer loop
      vertex   1.604431e+02 -2.704780e+01 6.507976e+00
      vertex   1.604322e+02 -2.704815e+01 6.507799e+00
      vertex   1.604432e+02 -2.704791e+01 6.507982e+00
    endloop
  endfacet
  facet normal -7.175927e-02 -9.961822e-01 4.971571e-02
    outer loop
      vertex   1.662755e+02 -2.696208e+01 6.201200e+00
      vertex   1.660036e+02 -2.694019e+01 6.247375e+00
      vertex   1.649138e+02 -2.725714e+01 -1.676539e+00
    endloop
  endfacet
  facet normal -7.175927e-02 -9.961822e-01 4.971571e-02
    outer loop
      vertex   1.649138e+02 -2.725714e+01 -1.676539e+00
      vertex   1.660036e+02 -2.694019e+01 6.247375e+00
      vertex   1.646420e+02 -2.723525e+01 -1.630365e+00
    endloop
  endfacet
  facet normal 3.489274e-02 -7.271949e-01 -6.855436e-01
    outer loop
      vertex   1.604322e+02 -2.704815e+01 6.507799e+00
      vertex   1.604431e+02 -2.704780e+01 6.507976e+00
      vertex   1.604432e+02 -2.704791e+01 6.508104e+00
    endloop
  endfacet
  facet normal -6.622026e-01 -7.492113e-01 1.304298e-02
    outer loop
      vertex   1.604431e+02 -2.704780e+01 6.507976e+00
      vertex   1.604432e+02 -2.704791e+01 6.507982e+00
      vertex   1.604432e+02 -2.704791e+01 6.508104e+00
    endloop
  endfacet
  facet normal 6.619199e-01 7.495746e-01 3.006378e-15
    outer loop
      vertex   1.642802e+02 -2.290623e+01 2.391923e+00
      vertex   1.682500e+02 -2.641185e+01 5.839293e+00
      vertex   1.644413e+02 -2.304850e+01 -3.806446e+00
    endloop
  endfacet
  facet normal 6.619199e-01 7.495746e-01 5.076865e-15
    outer loop
      vertex   1.644413e+02 -2.304850e+01 -3.806446e+00
      vertex   1.682500e+02 -2.641185e+01 5.839293e+00
      vertex   1.682500e+02 -2.641185e+01 -7.932734e+00
    endloop
  endfacet
  facet normal 6.619199e-01 7.495746e-01 -2.203285e-15
    outer loop
      vertex   1.644413e+02 -2.304850e+01 -3.806446e+00
      vertex   1.682500e+02 -2.641185e+01 -7.932734e+00
      vertex   1.543281e+02 -1.411795e+01 -4.274290e+00
    endloop
  endfacet
  facet normal 6.619199e-01 7.495746e-01 1.815706e-14
    outer loop
      vertex   1.543281e+02 -1.411795e+01 -4.274290e+00
      vertex   1.682500e+02 -2.641185e+01 -7.932734e+00
      vertex   1.503205e+02 -1.057895e+01 -8.762502e+00
    endloop
  endfacet
  facet normal 6.619199e-01 7.495746e-01 6.874433e-15
    outer loop
      vertex   1.543281e+02 -1.411795e+01 -4.274290e+00
      vertex   1.503205e+02 -1.057895e+01 -8.762502e+00
      vertex   1.541681e+02 -1.397660e+01 1.883745e+00
    endloop
  endfacet
  facet normal 6.619199e-01 7.495746e-01 8.799296e-15
    outer loop
      vertex   1.541681e+02 -1.397660e+01 1.883745e+00
      vertex   1.503205e+02 -1.057895e+01 -8.762502e+00
      vertex   1.503205e+02 -1.057895e+01 8.345420e+00
    endloop
  endfacet
  facet normal 6.619199e-01 7.495746e-01 -1.582859e-16
    outer loop
      vertex   1.541681e+02 -1.397660e+01 1.883745e+00
      vertex   1.503205e+02 -1.057895e+01 8.345420e+00
      vertex   1.642802e+02 -2.290623e+01 2.391923e+00
    endloop
  endfacet
  facet normal 6.619199e-01 7.495746e-01 1.387942e-14
    outer loop
      vertex   1.642802e+02 -2.290623e+01 2.391923e+00
      vertex   1.503205e+02 -1.057895e+01 8.345420e+00
      vertex   1.682500e+02 -2.641185e+01 5.839293e+00
    endloop
  endfacet
  facet normal -7.491243e-01 6.615223e-01 -3.465510e-02
    outer loop
      vertex   1.637166e+02 -2.278954e+01 2.373110e+00
      vertex   1.638345e+02 -2.265609e+01 2.373105e+00
      vertex   1.638345e+02 -2.265616e+01 2.370788e+00
    endloop
  endfacet
  facet normal 6.622026e-01 7.492113e-01 -1.304298e-02
    outer loop
      vertex   1.642090e+02 -2.298680e+01 2.391926e+00
      vertex   1.642091e+02 -2.298693e+01 2.388115e+00
      vertex   1.638345e+02 -2.265609e+01 2.373105e+00
    endloop
  endfacet
  facet normal 6.622026e-01 7.492113e-01 -1.304298e-02
    outer loop
      vertex   1.638345e+02 -2.265609e+01 2.373105e+00
      vertex   1.642091e+02 -2.298693e+01 2.388115e+00
      vertex   1.638345e+02 -2.265616e+01 2.370788e+00
    endloop
  endfacet
  facet normal 2.094296e-02 -9.992090e-01 3.380539e-02
    outer loop
      vertex   1.604432e+02 -2.704791e+01 6.507982e+00
      vertex   1.660036e+02 -2.694019e+01 6.247375e+00
      vertex   1.604432e+02 -2.704791e+01 6.508104e+00
    endloop
  endfacet
  facet normal 2.094296e-02 -9.992090e-01 3.380539e-02
    outer loop
      vertex   1.604432e+02 -2.704791e+01 6.508104e+00
      vertex   1.660036e+02 -2.694019e+01 6.247375e+00
      vertex   1.125570e+02 -2.774683e+01 1.551590e+01
    endloop
  endfacet
  facet normal 2.094296e-02 -9.992090e-01 3.380539e-02
    outer loop
      vertex   1.604432e+02 -2.704791e+01 6.508104e+00
      vertex   1.125570e+02 -2.774683e+01 1.551590e+01
      vertex   1.604322e+02 -2.704815e+01 6.507799e+00
    endloop
  endfacet
  facet normal 2.094296e-02 -9.992090e-01 3.380539e-02
    outer loop
      vertex   1.604322e+02 -2.704815e+01 6.507799e+00
      vertex   1.125570e+02 -2.774683e+01 1.551590e+01
      vertex   1.420798e+02 -2.744999e+01 5.999954e+00
    endloop
  endfacet
  facet normal 2.094296e-02 -9.992090e-01 3.380539e-02
    outer loop
      vertex   1.420798e+02 -2.744999e+01 5.999954e+00
      vertex   1.125570e+02 -2.774683e+01 1.551590e+01
      vertex   1.111953e+02 -2.804189e+01 7.638163e+00
    endloop
  endfacet
  facet normal 2.094296e-02 -9.992090e-01 3.380539e-02
    outer loop
      vertex   1.420798e+02 -2.744999e+01 5.999954e+00
      vertex   1.111953e+02 -2.804189e+01 7.638163e+00
      vertex   1.421421e+02 -2.757483e+01 2.271490e+00
    endloop
  endfacet
  facet normal 2.094296e-02 -9.992090e-01 3.380539e-02
    outer loop
      vertex   1.604432e+02 -2.704791e+01 6.507982e+00
      vertex   1.604322e+02 -2.704815e+01 6.507799e+00
      vertex   1.660036e+02 -2.694019e+01 6.247375e+00
    endloop
  endfacet
  facet normal 2.094296e-02 -9.992090e-01 3.380539e-02
    outer loop
      vertex   1.660036e+02 -2.694019e+01 6.247375e+00
      vertex   1.604322e+02 -2.704815e+01 6.507799e+00
      vertex   1.646420e+02 -2.723525e+01 -1.630365e+00
    endloop
  endfacet
  facet normal 2.094296e-02 -9.992090e-01 3.380539e-02
    outer loop
      vertex   1.646420e+02 -2.723525e+01 -1.630365e+00
      vertex   1.604322e+02 -2.704815e+01 6.507799e+00
      vertex   1.605562e+02 -2.729691e+01 -9.218329e-01
    endloop
  endfacet
  facet normal 2.819826e-02 -2.493651e-02 -9.992913e-01
    outer loop
      vertex   1.638345e+02 -2.265609e+01 2.373105e+00
      vertex   1.637166e+02 -2.278954e+01 2.373110e+00
      vertex   1.541681e+02 -1.397660e+01 1.883745e+00
    endloop
  endfacet
  facet normal 2.819826e-02 -2.493651e-02 -9.992913e-01
    outer loop
      vertex   1.541681e+02 -1.397660e+01 1.883745e+00
      vertex   1.637166e+02 -2.278954e+01 2.373110e+00
      vertex   1.635293e+02 -2.300168e+01 2.373117e+00
    endloop
  endfacet
  facet normal 2.819826e-02 -2.493651e-02 -9.992913e-01
    outer loop
      vertex   1.541681e+02 -1.397660e+01 1.883745e+00
      vertex   1.635293e+02 -2.300168e+01 2.373117e+00
      vertex   1.458566e+02 -2.338864e+01 1.884081e+00
    endloop
  endfacet
  facet normal 2.819826e-02 -2.493651e-02 -9.992913e-01
    outer loop
      vertex   1.541681e+02 -1.397660e+01 1.883745e+00
      vertex   1.642802e+02 -2.290623e+01 2.391923e+00
      vertex   1.638345e+02 -2.265609e+01 2.373105e+00
    endloop
  endfacet
  facet normal 2.819826e-02 -2.493651e-02 -9.992913e-01
    outer loop
      vertex   1.638345e+02 -2.265609e+01 2.373105e+00
      vertex   1.642802e+02 -2.290623e+01 2.391923e+00
      vertex   1.642090e+02 -2.298680e+01 2.391926e+00
    endloop
  endfacet
  facet normal 7.491243e-01 -6.615223e-01 3.465510e-02
    outer loop
      vertex   1.637166e+02 -2.278954e+01 2.373110e+00
      vertex   1.635259e+02 -2.300538e+01 2.376867e+00
      vertex   1.635293e+02 -2.300168e+01 2.373117e+00
    endloop
  endfacet
  facet normal 1.733577e-02 -3.271951e-02 -9.993142e-01
    outer loop
      vertex   1.589750e+02 -2.315391e+01 2.302783e+00
      vertex   1.635259e+02 -2.300538e+01 2.376867e+00
      vertex   1.618318e+02 -2.567662e+01 2.434940e+00
    endloop
  endfacet
  facet normal 1.733577e-02 -3.271951e-02 -9.993142e-01
    outer loop
      vertex   1.618318e+02 -2.567662e+01 2.434940e+00
      vertex   1.635259e+02 -2.300538e+01 2.376867e+00
      vertex   1.642091e+02 -2.298693e+01 2.388115e+00
    endloop
  endfacet
  facet normal 1.733577e-02 -3.271951e-02 -9.993142e-01
    outer loop
      vertex   1.642091e+02 -2.298693e+01 2.388115e+00
      vertex   1.635259e+02 -2.300538e+01 2.376867e+00
      vertex   1.637166e+02 -2.278954e+01 2.373110e+00
    endloop
  endfacet
  facet normal 1.733577e-02 -3.271951e-02 -9.993142e-01
    outer loop
      vertex   1.642091e+02 -2.298693e+01 2.388115e+00
      vertex   1.637166e+02 -2.278954e+01 2.373110e+00
      vertex   1.638345e+02 -2.265616e+01 2.370788e+00
    endloop
  endfacet
  facet normal 7.491243e-01 -6.615223e-01 3.465510e-02
    outer loop
      vertex   1.262368e+02 -4.540728e+01 5.688642e+00
      vertex   1.265285e+02 -4.554164e+01 -3.180179e+00
      vertex   1.421421e+02 -2.757483e+01 2.271490e+00
    endloop
  endfacet
  facet normal 7.491243e-01 -6.615223e-01 3.465510e-02
    outer loop
      vertex   1.421421e+02 -2.757483e+01 2.271490e+00
      vertex   1.265285e+02 -4.554164e+01 -3.180179e+00
      vertex   1.458566e+02 -2.338864e+01 1.884081e+00
    endloop
  endfacet
  facet normal 7.491243e-01 -6.615223e-01 3.465510e-02
    outer loop
      vertex   1.421421e+02 -2.757483e+01 2.271490e+00
      vertex   1.458566e+02 -2.338864e+01 1.884081e+00
      vertex   1.420798e+02 -2.744999e+01 5.999954e+00
    endloop
  endfacet
  facet normal 7.491243e-01 -6.615223e-01 3.465510e-02
    outer loop
      vertex   1.264974e+02 -4.557686e+01 -3.180179e+00
      vertex   1.265257e+02 -4.560197e+01 -4.273146e+00
      vertex   1.265285e+02 -4.554164e+01 -3.180179e+00
    endloop
  endfacet
  facet normal 7.491243e-01 -6.615223e-01 3.465510e-02
    outer loop
      vertex   1.265285e+02 -4.554164e+01 -3.180179e+00
      vertex   1.265257e+02 -4.560197e+01 -4.273146e+00
      vertex   1.543281e+02 -1.411795e+01 -4.274290e+00
    endloop
  endfacet
  facet normal 7.491243e-01 -6.615223e-01 3.465510e-02
    outer loop
      vertex   1.265285e+02 -4.554164e+01 -3.180179e+00
      vertex   1.543281e+02 -1.411795e+01 -4.274290e+00
      vertex   1.458566e+02 -2.338864e+01 1.884081e+00
    endloop
  endfacet
  facet normal 7.491243e-01 -6.615223e-01 3.465510e-02
    outer loop
      vertex   1.458566e+02 -2.338864e+01 1.884081e+00
      vertex   1.543281e+02 -1.411795e+01 -4.274290e+00
      vertex   1.541681e+02 -1.397660e+01 1.883745e+00
    endloop
  endfacet
  facet normal 6.618051e-01 7.496759e-01 -3.256882e-05
    outer loop
      vertex   1.366109e+02 -5.450493e+01 -2.672022e+00
      vertex   1.366403e+02 -5.453096e+01 -3.805302e+00
      vertex   1.264974e+02 -4.557686e+01 -3.180179e+00
    endloop
  endfacet
  facet normal 6.618051e-01 7.496759e-01 -3.256882e-05
    outer loop
      vertex   1.264974e+02 -4.557686e+01 -3.180179e+00
      vertex   1.366403e+02 -5.453096e+01 -3.805302e+00
      vertex   1.265257e+02 -4.560197e+01 -4.273146e+00
    endloop
  endfacet
  facet normal -2.821478e-02 2.491537e-02 9.992913e-01
    outer loop
      vertex   1.220656e+02 -3.047083e+01 -3.681948e+00
      vertex   9.254435e+01 -3.573110e+01 -4.384320e+00
      vertex   1.243985e+02 -4.366065e+01 -3.287217e+00
    endloop
  endfacet
  facet normal -2.821478e-02 2.491537e-02 9.992913e-01
    outer loop
      vertex   1.243985e+02 -4.366065e+01 -3.287217e+00
      vertex   9.254435e+01 -3.573110e+01 -4.384320e+00
      vertex   9.510584e+01 -5.020776e+01 -3.951050e+00
    endloop
  endfacet
  facet normal -2.821478e-02 2.491537e-02 9.992913e-01
    outer loop
      vertex   1.243985e+02 -4.366065e+01 -3.287217e+00
      vertex   9.510584e+01 -5.020776e+01 -3.951050e+00
      vertex   1.290254e+02 -6.982046e+01 -2.504334e+00
    endloop
  endfacet
  facet normal -2.821478e-02 2.491537e-02 9.992913e-01
    outer loop
      vertex   1.290254e+02 -6.982046e+01 -2.504334e+00
      vertex   9.510584e+01 -5.020776e+01 -3.951050e+00
      vertex   1.023450e+02 -9.112118e+01 -2.726558e+00
    endloop
  endfacet
  facet normal -2.821478e-02 2.491537e-02 9.992913e-01
    outer loop
      vertex   1.290254e+02 -6.982046e+01 -2.504334e+00
      vertex   1.023450e+02 -9.112118e+01 -2.726558e+00
      vertex   1.318681e+02 -8.589257e+01 -2.023345e+00
    endloop
  endfacet
  facet normal -2.821478e-02 2.491537e-02 9.992913e-01
    outer loop
      vertex   1.290577e+02 -6.984901e+01 -2.502709e+00
      vertex   1.399806e+02 -5.747969e+01 -2.502709e+00
      vertex   1.290254e+02 -6.982046e+01 -2.504334e+00
    endloop
  endfacet
  facet normal -2.821478e-02 2.491537e-02 9.992913e-01
    outer loop
      vertex   1.290254e+02 -6.982046e+01 -2.504334e+00
      vertex   1.399806e+02 -5.747969e+01 -2.502709e+00
      vertex   1.366109e+02 -5.450493e+01 -2.672022e+00
    endloop
  endfacet
  facet normal -2.821478e-02 2.491537e-02 9.992913e-01
    outer loop
      vertex   1.290254e+02 -6.982046e+01 -2.504334e+00
      vertex   1.366109e+02 -5.450493e+01 -2.672022e+00
      vertex   1.264974e+02 -4.557686e+01 -3.180179e+00
    endloop
  endfacet
  facet normal -2.821478e-02 2.491537e-02 9.992913e-01
    outer loop
      vertex   1.265285e+02 -4.554164e+01 -3.180179e+00
      vertex   1.243985e+02 -4.366065e+01 -3.287217e+00
      vertex   1.264974e+02 -4.557686e+01 -3.180179e+00
    endloop
  endfacet
  facet normal -2.821478e-02 2.491537e-02 9.992913e-01
    outer loop
      vertex   1.264974e+02 -4.557686e+01 -3.180179e+00
      vertex   1.243985e+02 -4.366065e+01 -3.287217e+00
      vertex   1.290254e+02 -6.982046e+01 -2.504334e+00
    endloop
  endfacet
  facet normal -6.616139e-01 -7.497726e-01 -1.039655e-02
    outer loop
      vertex   1.262368e+02 -4.540728e+01 5.688642e+00
      vertex   1.244585e+02 -4.384145e+01 5.937389e+00
      vertex   1.265285e+02 -4.554164e+01 -3.180179e+00
    endloop
  endfacet
  facet normal -6.616139e-01 -7.497726e-01 -1.039655e-02
    outer loop
      vertex   1.265285e+02 -4.554164e+01 -3.180179e+00
      vertex   1.244585e+02 -4.384145e+01 5.937389e+00
      vertex   1.243985e+02 -4.366065e+01 -3.287217e+00
    endloop
  endfacet
  facet normal 1.742284e-01 -9.846820e-01 6.765702e-03
    outer loop
      vertex   1.125570e+02 -2.774683e+01 1.551590e+01
      vertex   9.122059e+01 -3.149576e+01 1.934434e+01
      vertex   1.111953e+02 -2.804189e+01 7.638163e+00
    endloop
  endfacet
  facet normal 1.742284e-01 -9.846820e-01 6.765702e-03
    outer loop
      vertex   1.111953e+02 -2.804189e+01 7.638163e+00
      vertex   9.122059e+01 -3.149576e+01 1.934434e+01
      vertex   8.985892e+01 -3.179083e+01 1.146660e+01
    endloop
  endfacet
  facet normal -6.618051e-01 -7.496759e-01 3.256882e-05
    outer loop
      vertex   1.399806e+02 -5.747969e+01 -2.502709e+00
      vertex   1.399663e+02 -5.746700e+01 -1.950442e+00
      vertex   1.366109e+02 -5.450493e+01 -2.672022e+00
    endloop
  endfacet
  facet normal -6.618051e-01 -7.496759e-01 3.256882e-05
    outer loop
      vertex   1.366109e+02 -5.450493e+01 -2.672022e+00
      vertex   1.399663e+02 -5.746700e+01 -1.950442e+00
      vertex   1.398043e+02 -5.732376e+01 3.789824e+00
    endloop
  endfacet
  facet normal -6.618051e-01 -7.496759e-01 3.256882e-05
    outer loop
      vertex   1.366109e+02 -5.450493e+01 -2.672022e+00
      vertex   1.398043e+02 -5.732376e+01 3.789824e+00
      vertex   1.364308e+02 -5.434565e+01 4.261393e+00
    endloop
  endfacet
  facet normal -9.847270e-01 -1.740798e-01 2.987151e-03
    outer loop
      vertex   1.318360e+02 -8.556925e+01 6.225095e+00
      vertex   1.289849e+02 -6.944360e+01 6.113911e+00
      vertex   1.318721e+02 -8.587628e+01 2.446471e-01
    endloop
  endfacet
  facet normal -9.847270e-01 -1.740799e-01 2.987424e-03
    outer loop
      vertex   1.318721e+02 -8.587628e+01 2.446471e-01
      vertex   1.289849e+02 -6.944360e+01 6.113911e+00
      vertex   1.290292e+02 -6.982376e+01 -1.447300e+00
    endloop
  endfacet
  facet normal -9.847270e-01 -1.740799e-01 2.987152e-03
    outer loop
      vertex   1.318721e+02 -8.587628e+01 2.446471e-01
      vertex   1.290292e+02 -6.982376e+01 -1.447300e+00
      vertex   1.318681e+02 -8.589257e+01 -2.023345e+00
    endloop
  endfacet
  facet normal -9.847270e-01 -1.740798e-01 2.983126e-03
    outer loop
      vertex   1.318681e+02 -8.589257e+01 -2.023345e+00
      vertex   1.290292e+02 -6.982376e+01 -1.447300e+00
      vertex   1.290274e+02 -6.982219e+01 -1.950733e+00
    endloop
  endfacet
  facet normal -9.847270e-01 -1.740798e-01 2.987151e-03
    outer loop
      vertex   1.318681e+02 -8.589257e+01 -2.023345e+00
      vertex   1.290274e+02 -6.982219e+01 -1.950733e+00
      vertex   1.290254e+02 -6.982046e+01 -2.504334e+00
    endloop
  endfacet
  facet normal -1.742284e-01 9.846820e-01 -6.765702e-03
    outer loop
      vertex   1.023282e+02 -9.102619e+01 1.152994e+01
      vertex   1.067692e+02 -9.029767e+01 3.195830e+00
      vertex   1.023450e+02 -9.112118e+01 -2.726558e+00
    endloop
  endfacet
  facet normal -1.742284e-01 9.846820e-01 -6.765702e-03
    outer loop
      vertex   1.023450e+02 -9.112118e+01 -2.726558e+00
      vertex   1.067692e+02 -9.029767e+01 3.195830e+00
      vertex   1.200627e+02 -8.794554e+01 3.195830e+00
    endloop
  endfacet
  facet normal -1.742284e-01 9.846820e-01 -6.765702e-03
    outer loop
      vertex   1.023450e+02 -9.112118e+01 -2.726558e+00
      vertex   1.200627e+02 -8.794554e+01 3.195830e+00
      vertex   1.318681e+02 -8.589257e+01 -2.023345e+00
    endloop
  endfacet
  facet normal -1.742284e-01 9.846820e-01 -6.765702e-03
    outer loop
      vertex   1.318681e+02 -8.589257e+01 -2.023345e+00
      vertex   1.200627e+02 -8.794554e+01 3.195830e+00
      vertex   1.316942e+02 -8.590774e+01 2.446471e-01
    endloop
  endfacet
  facet normal -1.742284e-01 9.846820e-01 -6.765702e-03
    outer loop
      vertex   1.318681e+02 -8.589257e+01 -2.023345e+00
      vertex   1.316942e+02 -8.590774e+01 2.446471e-01
      vertex   1.318721e+02 -8.587628e+01 2.446471e-01
    endloop
  endfacet
  facet normal -1.742284e-01 9.846820e-01 -6.765702e-03
    outer loop
      vertex   1.023282e+02 -9.102619e+01 1.152994e+01
      vertex   1.067603e+02 -9.024745e+01 1.073467e+01
      vertex   1.067692e+02 -9.029767e+01 3.195830e+00
    endloop
  endfacet
  facet normal -1.742284e-01 9.846820e-01 -6.765702e-03
    outer loop
      vertex   1.200609e+02 -8.793554e+01 4.695795e+00
      vertex   1.316890e+02 -8.587809e+01 4.695795e+00
      vertex   1.200627e+02 -8.794554e+01 3.195830e+00
    endloop
  endfacet
  facet normal -1.742284e-01 9.846820e-01 -6.765702e-03
    outer loop
      vertex   1.200627e+02 -8.794554e+01 3.195830e+00
      vertex   1.316890e+02 -8.587809e+01 4.695795e+00
      vertex   1.316942e+02 -8.590774e+01 2.446471e-01
    endloop
  endfacet
  facet normal 9.847046e-01 1.742324e-01 1.042804e-14
    outer loop
      vertex   9.510491e+01 -5.020251e+01 1.124944e+01
      vertex   1.023282e+02 -9.102619e+01 1.152994e+01
      vertex   9.510583e+01 -5.020776e+01 7.624644e+00
    endloop
  endfacet
  facet normal 9.847046e-01 1.742324e-01 1.671699e-08
    outer loop
      vertex   9.510583e+01 -5.020776e+01 7.624644e+00
      vertex   1.023282e+02 -9.102619e+01 1.152994e+01
      vertex   1.023450e+02 -9.112118e+01 -2.726558e+00
    endloop
  endfacet
  facet normal 9.847046e-01 1.742324e-01 2.060158e-08
    outer loop
      vertex   9.510583e+01 -5.020776e+01 7.624644e+00
      vertex   1.023450e+02 -9.112118e+01 -2.726558e+00
      vertex   9.510584e+01 -5.020776e+01 -3.951050e+00
    endloop
  endfacet
  facet normal 9.847046e-01 1.742324e-01 6.527314e-14
    outer loop
      vertex   9.508841e+01 -5.010929e+01 7.624644e+00
      vertex   9.475737e+01 -4.823835e+01 9.554088e+00
      vertex   9.510583e+01 -5.020776e+01 7.624644e+00
    endloop
  endfacet
  facet normal 9.847046e-01 1.742324e-01 1.042863e-14
    outer loop
      vertex   9.510583e+01 -5.020776e+01 7.624644e+00
      vertex   9.475737e+01 -4.823835e+01 9.554088e+00
      vertex   9.510491e+01 -5.020251e+01 1.124944e+01
    endloop
  endfacet
  facet normal 9.847046e-01 1.742324e-01 8.254040e-15
    outer loop
      vertex   9.475737e+01 -4.823835e+01 9.554088e+00
      vertex   9.475737e+01 -4.823835e+01 1.124944e+01
      vertex   9.510491e+01 -5.020251e+01 1.124944e+01
    endloop
  endfacet
  facet normal -9.847046e-01 -1.742324e-01 -8.276479e-15
    outer loop
      vertex   9.256071e+01 -3.582352e+01 -6.203016e+00
      vertex   9.510584e+01 -5.020776e+01 -5.449170e+00
      vertex   9.254656e+01 -3.574358e+01 -4.630029e+00
    endloop
  endfacet
  facet normal -9.847046e-01 -1.742324e-01 -2.034212e-14
    outer loop
      vertex   9.254656e+01 -3.574358e+01 -4.630029e+00
      vertex   9.510584e+01 -5.020776e+01 -5.449170e+00
      vertex   9.510584e+01 -5.020776e+01 -3.951050e+00
    endloop
  endfacet
  facet normal -9.847046e-01 -1.742324e-01 -1.321496e-14
    outer loop
      vertex   9.254656e+01 -3.574358e+01 -4.630029e+00
      vertex   9.510584e+01 -5.020776e+01 -3.951050e+00
      vertex   9.254435e+01 -3.573110e+01 -4.384320e+00
    endloop
  endfacet
  facet normal -9.847044e-01 -1.742334e-01 5.469184e-08
    outer loop
      vertex   9.250166e+01 -3.548980e+01 3.639315e-01
      vertex   9.250737e+01 -3.552208e+01 -4.631551e+00
      vertex   9.254435e+01 -3.573110e+01 -4.384320e+00
    endloop
  endfacet
  facet normal -9.847044e-01 -1.742334e-01 5.469183e-08
    outer loop
      vertex   9.254435e+01 -3.573110e+01 -4.384320e+00
      vertex   9.250737e+01 -3.552208e+01 -4.631551e+00
      vertex   9.254656e+01 -3.574358e+01 -4.630029e+00
    endloop
  endfacet
  facet normal 1.740008e-01 -9.833959e-01 5.153760e-02
    outer loop
      vertex   9.243480e+01 -3.493693e+01 1.113920e+01
      vertex   9.249630e+01 -3.545954e+01 9.595523e-01
      vertex   1.220081e+02 -2.998189e+01 5.841830e+00
    endloop
  endfacet
  facet normal 1.740008e-01 -9.833959e-01 5.153760e-02
    outer loop
      vertex   1.220081e+02 -2.998189e+01 5.841830e+00
      vertex   9.249630e+01 -3.545954e+01 9.595523e-01
      vertex   1.220656e+02 -3.047083e+01 -3.681948e+00
    endloop
  endfacet
  facet normal 1.740008e-01 -9.833959e-01 5.153760e-02
    outer loop
      vertex   1.220656e+02 -3.047083e+01 -3.681948e+00
      vertex   9.249630e+01 -3.545954e+01 9.595523e-01
      vertex   9.250166e+01 -3.548980e+01 3.639315e-01
    endloop
  endfacet
  facet normal 1.740008e-01 -9.833959e-01 5.153760e-02
    outer loop
      vertex   1.220656e+02 -3.047083e+01 -3.681948e+00
      vertex   9.250166e+01 -3.548980e+01 3.639315e-01
      vertex   9.254435e+01 -3.573110e+01 -4.384320e+00
    endloop
  endfacet
  facet normal 1.740008e-01 -9.833959e-01 5.153760e-02
    outer loop
      vertex   9.249630e+01 -3.545954e+01 9.595523e-01
      vertex   9.249990e+01 -3.549012e+01 3.638856e-01
      vertex   9.250166e+01 -3.548980e+01 3.639315e-01
    endloop
  endfacet
  facet normal -9.847270e-01 -1.740798e-01 2.987151e-03
    outer loop
      vertex   1.243985e+02 -4.366065e+01 -3.287217e+00
      vertex   1.244585e+02 -4.384145e+01 5.937389e+00
      vertex   1.220656e+02 -3.047083e+01 -3.681948e+00
    endloop
  endfacet
  facet normal -9.847270e-01 -1.740798e-01 2.987151e-03
    outer loop
      vertex   1.220656e+02 -3.047083e+01 -3.681948e+00
      vertex   1.244585e+02 -4.384145e+01 5.937389e+00
      vertex   1.220081e+02 -2.998189e+01 5.841830e+00
    endloop
  endfacet
  facet normal -7.491243e-01 6.615224e-01 -3.465510e-02
    outer loop
      vertex   1.290577e+02 -6.984901e+01 -2.502709e+00
      vertex   1.290434e+02 -6.983631e+01 -1.949993e+00
      vertex   1.399806e+02 -5.747969e+01 -2.502709e+00
    endloop
  endfacet
  facet normal -7.491243e-01 6.615224e-01 -3.465510e-02
    outer loop
      vertex   1.399806e+02 -5.747969e+01 -2.502709e+00
      vertex   1.290434e+02 -6.983631e+01 -1.949993e+00
      vertex   1.399663e+02 -5.746700e+01 -1.950442e+00
    endloop
  endfacet
  facet normal 6.619207e-01 7.495739e-01 -2.722392e-05
    outer loop
      vertex   1.290254e+02 -6.982046e+01 -2.504334e+00
      vertex   1.290274e+02 -6.982219e+01 -1.950733e+00
      vertex   1.290577e+02 -6.984901e+01 -2.502709e+00
    endloop
  endfacet
  facet normal 6.619207e-01 7.495739e-01 -2.722392e-05
    outer loop
      vertex   1.290577e+02 -6.984901e+01 -2.502709e+00
      vertex   1.290274e+02 -6.982219e+01 -1.950733e+00
      vertex   1.290434e+02 -6.983631e+01 -1.949993e+00
    endloop
  endfacet
  facet normal 9.847270e-01 1.740798e-01 -2.987151e-03
    outer loop
      vertex   9.243480e+01 -3.493693e+01 1.113920e+01
      vertex   9.251426e+01 -3.538639e+01 1.114230e+01
      vertex   9.249630e+01 -3.545954e+01 9.595523e-01
    endloop
  endfacet
  facet normal 1.742284e-01 -9.846820e-01 6.765702e-03
    outer loop
      vertex   9.249630e+01 -3.545954e+01 9.595523e-01
      vertex   9.251426e+01 -3.538639e+01 1.114230e+01
      vertex   9.248429e+01 -3.539166e+01 1.114767e+01
    endloop
  endfacet
  facet normal 9.847061e-01 1.742236e-01 1.506235e-08
    outer loop
      vertex   9.250098e+01 -3.548595e+01 9.608566e-01
      vertex   9.249630e+01 -3.545954e+01 9.595523e-01
      vertex   9.249347e+01 -3.544355e+01 7.523154e+00
    endloop
  endfacet
  facet normal 9.847033e-01 1.742394e-01 -2.440361e-08
    outer loop
      vertex   9.249347e+01 -3.544355e+01 7.523154e+00
      vertex   9.249630e+01 -3.545954e+01 9.595523e-01
      vertex   9.248429e+01 -3.539166e+01 1.114767e+01
    endloop
  endfacet
  facet normal 9.847046e-01 1.742324e-01 7.833073e-08
    outer loop
      vertex   9.249347e+01 -3.544355e+01 7.523154e+00
      vertex   9.248429e+01 -3.539166e+01 1.114767e+01
      vertex   9.248933e+01 -3.542013e+01 1.114787e+01
    endloop
  endfacet
  facet normal 9.845019e-01 1.753739e-01 -7.464567e-06
    outer loop
      vertex   9.284007e+01 -3.738910e+01 1.116099e+01
      vertex   9.284201e+01 -3.740005e+01 9.465677e+00
      vertex   9.248933e+01 -3.542013e+01 1.114787e+01
    endloop
  endfacet
  facet normal 9.845019e-01 1.753740e-01 -7.526813e-06
    outer loop
      vertex   9.248933e+01 -3.542013e+01 1.114787e+01
      vertex   9.284201e+01 -3.740005e+01 9.465677e+00
      vertex   9.251101e+01 -3.554200e+01 7.523810e+00
    endloop
  endfacet
  facet normal 9.845019e-01 1.753740e-01 -7.528959e-06
    outer loop
      vertex   9.248933e+01 -3.542013e+01 1.114787e+01
      vertex   9.251101e+01 -3.554200e+01 7.523810e+00
      vertex   9.249347e+01 -3.544355e+01 7.523154e+00
    endloop
  endfacet
  facet normal 1.753703e-01 -9.844807e-01 6.560783e-03
    outer loop
      vertex   9.284201e+01 -3.740005e+01 9.465677e+00
      vertex   9.284007e+01 -3.738910e+01 1.116099e+01
      vertex   5.890247e+01 -4.340527e+01 1.555709e+01
    endloop
  endfacet
  facet normal 1.753703e-01 -9.844807e-01 6.560783e-03
    outer loop
      vertex   5.890247e+01 -4.340527e+01 1.555709e+01
      vertex   9.284007e+01 -3.738910e+01 1.116099e+01
      vertex   5.890053e+01 -4.339432e+01 1.725241e+01
    endloop
  endfacet
  facet normal -9.845019e-01 -1.753740e-01 7.465323e-06
    outer loop
      vertex   5.855393e+01 -4.144877e+01 1.361457e+01
      vertex   5.857147e+01 -4.154722e+01 1.361523e+01
      vertex   5.854979e+01 -4.142535e+01 1.723929e+01
    endloop
  endfacet
  facet normal -9.845019e-01 -1.753740e-01 7.465323e-06
    outer loop
      vertex   5.854979e+01 -4.142535e+01 1.723929e+01
      vertex   5.857147e+01 -4.154722e+01 1.361523e+01
      vertex   5.890247e+01 -4.340527e+01 1.555709e+01
    endloop
  endfacet
  facet normal -9.845019e-01 -1.753740e-01 7.465323e-06
    outer loop
      vertex   5.854979e+01 -4.142535e+01 1.723929e+01
      vertex   5.890247e+01 -4.340527e+01 1.555709e+01
      vertex   5.890053e+01 -4.339432e+01 1.725241e+01
    endloop
  endfacet
  facet normal 1.753703e-01 -9.844807e-01 6.560783e-03
    outer loop
      vertex   9.250098e+01 -3.548595e+01 9.608566e-01
      vertex   4.781509e+01 -4.340813e+01 6.651810e+00
      vertex   9.249990e+01 -3.549012e+01 3.638856e-01
    endloop
  endfacet
  facet normal 1.753703e-01 -9.844807e-01 6.560783e-03
    outer loop
      vertex   9.249990e+01 -3.549012e+01 3.638856e-01
      vertex   4.781509e+01 -4.340813e+01 6.651810e+00
      vertex   5.038379e+01 -4.297537e+01 2.928724e+00
    endloop
  endfacet
  facet normal 1.753703e-01 -9.844807e-01 6.560783e-03
    outer loop
      vertex   9.249990e+01 -3.549012e+01 3.638856e-01
      vertex   5.038379e+01 -4.297537e+01 2.928724e+00
      vertex   9.250737e+01 -3.552208e+01 -4.631551e+00
    endloop
  endfacet
  facet normal 1.753703e-01 -9.844807e-01 6.560783e-03
    outer loop
      vertex   9.249347e+01 -3.544355e+01 7.523154e+00
      vertex   5.855393e+01 -4.144877e+01 1.361457e+01
      vertex   9.250098e+01 -3.548595e+01 9.608566e-01
    endloop
  endfacet
  facet normal 1.753703e-01 -9.844807e-01 6.560783e-03
    outer loop
      vertex   9.250098e+01 -3.548595e+01 9.608566e-01
      vertex   5.855393e+01 -4.144877e+01 1.361457e+01
      vertex   4.781509e+01 -4.340813e+01 6.651810e+00
    endloop
  endfacet
  facet normal 1.753703e-01 -9.844807e-01 6.560783e-03
    outer loop
      vertex   5.854979e+01 -4.142535e+01 1.723929e+01
      vertex   5.324784e+01 -4.236347e+01 1.819087e+01
      vertex   5.855393e+01 -4.144877e+01 1.361457e+01
    endloop
  endfacet
  facet normal 1.753703e-01 -9.844807e-01 6.560783e-03
    outer loop
      vertex   5.855393e+01 -4.144877e+01 1.361457e+01
      vertex   5.324784e+01 -4.236347e+01 1.819087e+01
      vertex   4.780100e+01 -4.336470e+01 1.354550e+01
    endloop
  endfacet
  facet normal 1.753703e-01 -9.844807e-01 6.560783e-03
    outer loop
      vertex   5.855393e+01 -4.144877e+01 1.361457e+01
      vertex   4.780100e+01 -4.336470e+01 1.354550e+01
      vertex   4.781509e+01 -4.340813e+01 6.651810e+00
    endloop
  endfacet
  facet normal 1.753703e-01 -9.844807e-01 6.560783e-03
    outer loop
      vertex   9.250737e+01 -3.552208e+01 -4.631551e+00
      vertex   9.250166e+01 -3.548980e+01 3.639315e-01
      vertex   9.249990e+01 -3.549012e+01 3.638856e-01
    endloop
  endfacet
  facet normal -6.282619e-01 -1.361377e-01 7.659984e-01
    outer loop
      vertex   4.780100e+01 -4.336470e+01 1.354550e+01
      vertex   5.324784e+01 -4.236347e+01 1.819087e+01
      vertex   4.729321e+01 -4.102129e+01 1.354550e+01
    endloop
  endfacet
  facet normal -6.282619e-01 -1.361377e-01 7.659984e-01
    outer loop
      vertex   4.729321e+01 -4.102129e+01 1.354550e+01
      vertex   5.324784e+01 -4.236347e+01 1.819087e+01
      vertex   5.270284e+01 -3.984834e+01 1.819087e+01
    endloop
  endfacet
  facet normal 2.119252e-01 -9.772859e-01 -2.726301e-05
    outer loop
      vertex   4.729756e+01 -4.102016e+01 6.769008e+00
      vertex   4.729321e+01 -4.102129e+01 1.354550e+01
      vertex   3.761614e+01 -4.311998e+01 2.092117e+01
    endloop
  endfacet
  facet normal 2.119252e-01 -9.772859e-01 -2.726301e-05
    outer loop
      vertex   3.761614e+01 -4.311998e+01 2.092117e+01
      vertex   4.729321e+01 -4.102129e+01 1.354550e+01
      vertex   4.924434e+01 -4.059833e+01 1.881677e+01
    endloop
  endfacet
  facet normal 2.119252e-01 -9.772859e-01 -2.726301e-05
    outer loop
      vertex   4.924434e+01 -4.059833e+01 1.881677e+01
      vertex   4.729321e+01 -4.102129e+01 1.354550e+01
      vertex   5.270284e+01 -3.984834e+01 1.819087e+01
    endloop
  endfacet
  facet normal 2.119252e-01 -9.772859e-01 -2.726301e-05
    outer loop
      vertex   4.924434e+01 -4.059833e+01 1.881677e+01
      vertex   5.270284e+01 -3.984834e+01 1.819087e+01
      vertex   4.924202e+01 -4.059895e+01 2.287927e+01
    endloop
  endfacet
  facet normal 2.119252e-01 -9.772859e-01 -2.726301e-05
    outer loop
      vertex   4.924202e+01 -4.059895e+01 2.287927e+01
      vertex   5.270284e+01 -3.984834e+01 1.819087e+01
      vertex   9.122059e+01 -3.149576e+01 1.934434e+01
    endloop
  endfacet
  facet normal 2.119252e-01 -9.772859e-01 -2.726301e-05
    outer loop
      vertex   4.924202e+01 -4.059895e+01 2.287927e+01
      vertex   9.122059e+01 -3.149576e+01 1.934434e+01
      vertex   3.382161e+01 -4.394307e+01 2.973204e+01
    endloop
  endfacet
  facet normal 2.119252e-01 -9.772859e-01 -2.726301e-05
    outer loop
      vertex   5.270284e+01 -3.984834e+01 1.819087e+01
      vertex   8.985892e+01 -3.179083e+01 1.146660e+01
      vertex   9.122059e+01 -3.149576e+01 1.934434e+01
    endloop
  endfacet
  facet normal 2.119252e-01 -9.772859e-01 -2.726301e-05
    outer loop
      vertex   3.382161e+01 -4.394307e+01 2.973204e+01
      vertex   3.314077e+01 -4.409060e+01 2.579317e+01
      vertex   4.924202e+01 -4.059895e+01 2.287927e+01
    endloop
  endfacet
  facet normal 5.086386e-01 -8.591740e-01 -5.573841e-02
    outer loop
      vertex   1.820891e+02 -1.045353e+02 6.373317e+00
      vertex   1.469633e+02 -1.257756e+02 1.324041e+01
      vertex   1.819825e+02 -1.039338e+02 -3.869979e+00
    endloop
  endfacet
  facet normal 5.086386e-01 -8.591740e-01 -5.573841e-02
    outer loop
      vertex   1.819825e+02 -1.039338e+02 -3.869979e+00
      vertex   1.469633e+02 -1.257756e+02 1.324041e+01
      vertex   1.442090e+02 -1.263724e+02 -2.694024e+00
    endloop
  endfacet
  facet normal 1.740766e-01 -9.847087e-01 6.792945e-03
    outer loop
      vertex   1.469633e+02 -1.257756e+02 1.324041e+01
      vertex   1.273673e+02 -1.292657e+02 9.475382e+00
      vertex   1.442090e+02 -1.263724e+02 -2.694024e+00
    endloop
  endfacet
  facet normal 1.740766e-01 -9.847087e-01 6.792945e-03
    outer loop
      vertex   1.442090e+02 -1.263724e+02 -2.694024e+00
      vertex   1.273673e+02 -1.292657e+02 9.475382e+00
      vertex   1.273744e+02 -1.293058e+02 3.480007e+00
    endloop
  endfacet
  facet normal 1.740766e-01 -9.847087e-01 6.792945e-03
    outer loop
      vertex   1.442090e+02 -1.263724e+02 -2.694024e+00
      vertex   1.273744e+02 -1.293058e+02 3.480007e+00
      vertex   1.140805e+02 -1.316559e+02 3.479992e+00
    endloop
  endfacet
  facet normal 1.740766e-01 -9.847087e-01 6.792945e-03
    outer loop
      vertex   1.469633e+02 -1.257756e+02 1.324041e+01
      vertex   9.897632e+01 -1.341993e+02 2.185052e+01
      vertex   1.273673e+02 -1.292657e+02 9.475382e+00
    endloop
  endfacet
  facet normal 1.740766e-01 -9.847087e-01 6.792945e-03
    outer loop
      vertex   1.273673e+02 -1.292657e+02 9.475382e+00
      vertex   9.897632e+01 -1.341993e+02 2.185052e+01
      vertex   1.140734e+02 -1.316158e+02 9.475367e+00
    endloop
  endfacet
  facet normal 1.740766e-01 -9.847087e-01 6.792945e-03
    outer loop
      vertex   1.140734e+02 -1.316158e+02 9.475367e+00
      vertex   9.897632e+01 -1.341993e+02 2.185052e+01
      vertex   9.481284e+01 -1.351015e+02 -2.236552e+00
    endloop
  endfacet
  facet normal 1.740766e-01 -9.847087e-01 6.792945e-03
    outer loop
      vertex   1.140734e+02 -1.316158e+02 9.475367e+00
      vertex   9.481284e+01 -1.351015e+02 -2.236552e+00
      vertex   1.140805e+02 -1.316559e+02 3.479992e+00
    endloop
  endfacet
  facet normal 1.740766e-01 -9.847087e-01 6.792945e-03
    outer loop
      vertex   1.140805e+02 -1.316559e+02 3.479992e+00
      vertex   9.481284e+01 -1.351015e+02 -2.236552e+00
      vertex   1.442090e+02 -1.263724e+02 -2.694024e+00
    endloop
  endfacet
  facet normal 4.357900e-01 -8.990841e-01 -4.165161e-02
    outer loop
      vertex   5.569130e+01 -1.541100e+02 -1.240357e+00
      vertex   9.481284e+01 -1.351015e+02 -2.236552e+00
      vertex   5.863599e+01 -1.541100e+02 2.956915e+01
    endloop
  endfacet
  facet normal 4.357900e-01 -8.990841e-01 -4.165161e-02
    outer loop
      vertex   5.863599e+01 -1.541100e+02 2.956915e+01
      vertex   9.481284e+01 -1.351015e+02 -2.236552e+00
      vertex   9.897632e+01 -1.341993e+02 2.185052e+01
    endloop
  endfacet
  facet normal 7.510654e-02 -9.971497e-01 -7.178477e-03
    outer loop
      vertex   5.820372e+01 -1.542109e+02 2.964765e+01
      vertex   5.525203e+01 -1.542109e+02 -1.235068e+00
      vertex   5.835237e+01 -1.541995e+02 2.962153e+01
    endloop
  endfacet
  facet normal 1.354872e-01 -9.906905e-01 -1.324766e-02
    outer loop
      vertex   5.835237e+01 -1.541995e+02 2.962153e+01
      vertex   5.525203e+01 -1.542109e+02 -1.235068e+00
      vertex   5.716232e+01 -1.541854e+02 1.639083e+01
    endloop
  endfacet
  facet normal 1.868304e-01 -9.822299e-01 -1.785673e-02
    outer loop
      vertex   5.835237e+01 -1.541995e+02 2.962153e+01
      vertex   5.716232e+01 -1.541854e+02 1.639083e+01
      vertex   5.758399e+01 -1.541854e+02 2.080265e+01
    endloop
  endfacet
  facet normal 3.318265e-01 -9.428071e-01 -3.171507e-02
    outer loop
      vertex   5.758399e+01 -1.541854e+02 2.080265e+01
      vertex   5.716232e+01 -1.541854e+02 1.639083e+01
      vertex   5.863599e+01 -1.541100e+02 2.956915e+01
    endloop
  endfacet
  facet normal 3.318265e-01 -9.428071e-01 -3.171507e-02
    outer loop
      vertex   5.758399e+01 -1.541854e+02 2.080265e+01
      vertex   5.863599e+01 -1.541100e+02 2.956915e+01
      vertex   5.800566e+01 -1.541854e+02 2.521446e+01
    endloop
  endfacet
  facet normal 3.666852e-01 -9.296095e-01 -3.698915e-02
    outer loop
      vertex   5.800566e+01 -1.541854e+02 2.521446e+01
      vertex   5.863599e+01 -1.541100e+02 2.956915e+01
      vertex   5.849756e+01 -1.541656e+02 2.959516e+01
    endloop
  endfacet
  facet normal 2.237224e-01 -9.744323e-01 -2.073406e-02
    outer loop
      vertex   5.800566e+01 -1.541854e+02 2.521446e+01
      vertex   5.849756e+01 -1.541656e+02 2.959516e+01
      vertex   5.835237e+01 -1.541995e+02 2.962153e+01
    endloop
  endfacet
  facet normal 7.511508e-02 -9.971611e-01 -5.235733e-03
    outer loop
      vertex   5.540313e+01 -1.541995e+02 -1.235665e+00
      vertex   5.589731e+01 -1.541854e+02 3.155377e+00
      vertex   5.525203e+01 -1.542109e+02 -1.235068e+00
    endloop
  endfacet
  facet normal 1.125259e-01 -9.935906e-01 -1.075492e-02
    outer loop
      vertex   5.525203e+01 -1.542109e+02 -1.235068e+00
      vertex   5.589731e+01 -1.541854e+02 3.155377e+00
      vertex   5.631898e+01 -1.541854e+02 7.567194e+00
    endloop
  endfacet
  facet normal 1.125259e-01 -9.935906e-01 -1.075492e-02
    outer loop
      vertex   5.525203e+01 -1.542109e+02 -1.235068e+00
      vertex   5.631898e+01 -1.541854e+02 7.567194e+00
      vertex   5.674065e+01 -1.541854e+02 1.197901e+01
    endloop
  endfacet
  facet normal 2.600697e-01 -9.652698e-01 -2.485675e-02
    outer loop
      vertex   5.674065e+01 -1.541854e+02 1.197901e+01
      vertex   5.631898e+01 -1.541854e+02 7.567194e+00
      vertex   5.555067e+01 -1.541656e+02 -1.237441e+00
    endloop
  endfacet
  facet normal 3.099370e-01 -9.503048e-01 -2.932435e-02
    outer loop
      vertex   5.674065e+01 -1.541854e+02 1.197901e+01
      vertex   5.555067e+01 -1.541656e+02 -1.237441e+00
      vertex   5.863599e+01 -1.541100e+02 2.956915e+01
    endloop
  endfacet
  facet normal 3.670207e-01 -9.295511e-01 -3.507883e-02
    outer loop
      vertex   5.863599e+01 -1.541100e+02 2.956915e+01
      vertex   5.555067e+01 -1.541656e+02 -1.237441e+00
      vertex   5.569130e+01 -1.541100e+02 -1.240357e+00
    endloop
  endfacet
  facet normal 2.235989e-01 -9.744325e-01 -2.201995e-02
    outer loop
      vertex   5.540313e+01 -1.541995e+02 -1.235665e+00
      vertex   5.555067e+01 -1.541656e+02 -1.237441e+00
      vertex   5.589731e+01 -1.541854e+02 3.155377e+00
    endloop
  endfacet
  facet normal 2.600697e-01 -9.652698e-01 -2.485675e-02
    outer loop
      vertex   5.589731e+01 -1.541854e+02 3.155377e+00
      vertex   5.555067e+01 -1.541656e+02 -1.237441e+00
      vertex   5.631898e+01 -1.541854e+02 7.567194e+00
    endloop
  endfacet
  facet normal 1.125259e-01 -9.935906e-01 -1.075492e-02
    outer loop
      vertex   5.716232e+01 -1.541854e+02 1.639083e+01
      vertex   5.525203e+01 -1.542109e+02 -1.235068e+00
      vertex   5.674065e+01 -1.541854e+02 1.197901e+01
    endloop
  endfacet
  facet normal 3.318265e-01 -9.428071e-01 -3.171507e-02
    outer loop
      vertex   5.863599e+01 -1.541100e+02 2.956915e+01
      vertex   5.716232e+01 -1.541854e+02 1.639083e+01
      vertex   5.674065e+01 -1.541854e+02 1.197901e+01
    endloop
  endfacet
  facet normal 1.868304e-01 -9.822299e-01 -1.785673e-02
    outer loop
      vertex   5.800566e+01 -1.541854e+02 2.521446e+01
      vertex   5.835237e+01 -1.541995e+02 2.962153e+01
      vertex   5.758399e+01 -1.541854e+02 2.080265e+01
    endloop
  endfacet
  facet normal -1.406288e-29 -1.000000e+00 1.811484e-15
    outer loop
      vertex   4.950297e+01 -1.542109e+02 -1.235068e+00
      vertex   5.525203e+01 -1.542109e+02 -1.235068e+00
      vertex   4.950297e+01 -1.542109e+02 3.014441e+01
    endloop
  endfacet
  facet normal 7.112412e-18 -1.000000e+00 1.812787e-15
    outer loop
      vertex   4.950297e+01 -1.542109e+02 3.014441e+01
      vertex   5.525203e+01 -1.542109e+02 -1.235068e+00
      vertex   5.546516e+01 -1.542109e+02 3.012101e+01
    endloop
  endfacet
  facet normal 4.766992e-15 -1.000000e+00 1.214995e-12
    outer loop
      vertex   4.950297e+01 -1.542109e+02 3.014441e+01
      vertex   5.546516e+01 -1.542109e+02 3.012101e+01
      vertex   5.546516e+01 -1.542109e+02 3.014441e+01
    endloop
  endfacet
  facet normal 2.104536e-14 -1.000000e+00 1.669787e-15
    outer loop
      vertex   5.525203e+01 -1.542109e+02 -1.235068e+00
      vertex   5.820372e+01 -1.542109e+02 2.964765e+01
      vertex   5.546516e+01 -1.542109e+02 3.012101e+01
    endloop
  endfacet
  facet normal 1.000000e+00 1.894781e-14 -2.302148e-26
    outer loop
      vertex   5.546516e+01 -1.542109e+02 3.014441e+01
      vertex   5.546516e+01 -1.542109e+02 3.012101e+01
      vertex   5.546516e+01 -1.527109e+02 3.014441e+01
    endloop
  endfacet
  facet normal 1.000000e+00 1.894781e-14 0.000000e+00
    outer loop
      vertex   5.546516e+01 -1.527109e+02 3.014441e+01
      vertex   5.546516e+01 -1.542109e+02 3.012101e+01
      vertex   5.546516e+01 -1.527109e+02 3.006483e+01
    endloop
  endfacet
  facet normal -0.000000e+00 1.000000e+00 0.000000e+00
    outer loop
      vertex   5.500481e+01 -1.527109e+02 3.014440e+01
      vertex   5.546516e+01 -1.527109e+02 3.014441e+01
      vertex   5.546516e+01 -1.527109e+02 3.006483e+01
    endloop
  endfacet
  facet normal -3.467252e-10 1.579895e-11 1.000000e+00
    outer loop
      vertex   4.183127e+01 -1.374109e+02 3.014440e+01
      vertex   4.193554e+01 -1.350900e+02 3.014440e+01
      vertex   4.182979e+01 -1.374109e+02 3.014440e+01
    endloop
  endfacet
  facet normal 0.000000e+00 -0.000000e+00 1.000000e+00
    outer loop
      vertex   4.182979e+01 -1.374109e+02 3.014440e+01
      vertex   4.193554e+01 -1.350900e+02 3.014440e+01
      vertex   4.176304e+01 -1.344373e+02 3.014440e+01
    endloop
  endfacet
  facet normal -9.927183e-15 -2.228245e-16 1.000000e+00
    outer loop
      vertex   4.182979e+01 -1.374109e+02 3.014440e+01
      vertex   4.176304e+01 -1.344373e+02 3.014440e+01
      vertex   4.039828e+01 -1.374109e+02 3.014440e+01
    endloop
  endfacet
  facet normal -3.169919e-14 9.769405e-15 1.000000e+00
    outer loop
      vertex   4.039828e+01 -1.374109e+02 3.014440e+01
      vertex   4.176304e+01 -1.344373e+02 3.014440e+01
      vertex   4.168165e+01 -1.339740e+02 3.014440e+01
    endloop
  endfacet
  facet normal 1.375884e-14 -7.205091e-15 1.000000e+00
    outer loop
      vertex   4.039828e+01 -1.374109e+02 3.014440e+01
      vertex   4.168165e+01 -1.339740e+02 3.014440e+01
      vertex   4.007904e+01 -1.370344e+02 3.014440e+01
    endloop
  endfacet
  facet normal 0.000000e+00 0.000000e+00 1.000000e+00
    outer loop
      vertex   4.007904e+01 -1.370344e+02 3.014440e+01
      vertex   4.168165e+01 -1.339740e+02 3.014440e+01
      vertex   4.169840e+01 -1.333394e+02 3.014440e+01
    endloop
  endfacet
  facet normal -2.133289e-14 9.349367e-15 1.000000e+00
    outer loop
      vertex   4.007904e+01 -1.370344e+02 3.014440e+01
      vertex   4.169840e+01 -1.333394e+02 3.014440e+01
      vertex   3.954288e+01 -1.359778e+02 3.014440e+01
    endloop
  endfacet
  facet normal -9.837224e-15 -4.243008e-17 1.000000e+00
    outer loop
      vertex   3.954288e+01 -1.359778e+02 3.014440e+01
      vertex   4.169840e+01 -1.333394e+02 3.014440e+01
      vertex   3.916848e+01 -1.329053e+02 3.014440e+01
    endloop
  endfacet
  facet normal -1.669842e-14 -8.785150e-16 1.000000e+00
    outer loop
      vertex   3.954288e+01 -1.359778e+02 3.014440e+01
      vertex   3.916848e+01 -1.329053e+02 3.014440e+01
      vertex   3.927720e+01 -1.349718e+02 3.014440e+01
    endloop
  endfacet
  facet normal 1.071051e-13 5.634872e-15 1.000000e+00
    outer loop
      vertex   3.927720e+01 -1.349718e+02 3.014440e+01
      vertex   3.916848e+01 -1.329053e+02 3.014440e+01
      vertex   3.913510e+01 -1.341623e+02 3.014440e+01
    endloop
  endfacet
  facet normal 4.990180e-16 2.219345e-13 1.000000e+00
    outer loop
      vertex   4.183127e+01 -1.374109e+02 3.014440e+01
      vertex   4.183276e+01 -1.374109e+02 3.014440e+01
      vertex   4.193554e+01 -1.350900e+02 3.014440e+01
    endloop
  endfacet
  facet normal 7.173565e-12 -9.573081e-14 1.000000e+00
    outer loop
      vertex   4.193554e+01 -1.350900e+02 3.014440e+01
      vertex   4.183276e+01 -1.374109e+02 3.014440e+01
      vertex   4.183425e+01 -1.374109e+02 3.014440e+01
    endloop
  endfacet
  facet normal 4.285417e-13 1.986599e-13 1.000000e+00
    outer loop
      vertex   4.193554e+01 -1.350900e+02 3.014440e+01
      vertex   4.183425e+01 -1.374109e+02 3.014440e+01
      vertex   4.222203e+01 -1.356544e+02 3.014440e+01
    endloop
  endfacet
  facet normal 5.031753e-13 1.821834e-13 1.000000e+00
    outer loop
      vertex   4.222203e+01 -1.356544e+02 3.014440e+01
      vertex   4.183425e+01 -1.374109e+02 3.014440e+01
      vertex   4.282979e+01 -1.374109e+02 3.014440e+01
    endloop
  endfacet
  facet normal 1.363546e-15 8.561899e-15 1.000000e+00
    outer loop
      vertex   4.222203e+01 -1.356544e+02 3.014440e+01
      vertex   4.282979e+01 -1.374109e+02 3.014440e+01
      vertex   5.442746e+01 -1.500465e+02 3.014440e+01
    endloop
  endfacet
  facet normal 5.662518e-07 5.197390e-07 1.000000e+00
    outer loop
      vertex   5.442746e+01 -1.500465e+02 3.014440e+01
      vertex   4.282979e+01 -1.374109e+02 3.014440e+01
      vertex   5.167389e+01 -1.507109e+02 3.014441e+01
    endloop
  endfacet
  facet normal 6.572942e-07 1.424287e-07 1.000000e+00
    outer loop
      vertex   5.442746e+01 -1.500465e+02 3.014440e+01
      vertex   5.167389e+01 -1.507109e+02 3.014441e+01
      vertex   5.500481e+01 -1.527109e+02 3.014440e+01
    endloop
  endfacet
  facet normal 1.635531e-06 1.771642e-06 1.000000e+00
    outer loop
      vertex   5.500481e+01 -1.527109e+02 3.014440e+01
      vertex   5.167389e+01 -1.507109e+02 3.014441e+01
      vertex   5.546516e+01 -1.542109e+02 3.014441e+01
    endloop
  endfacet
  facet normal -4.137094e-06 -7.835129e-20 1.000000e+00
    outer loop
      vertex   5.500481e+01 -1.527109e+02 3.014440e+01
      vertex   5.546516e+01 -1.542109e+02 3.014441e+01
      vertex   5.546516e+01 -1.527109e+02 3.014441e+01
    endloop
  endfacet
  facet normal -2.153454e-07 4.801559e-21 1.000000e+00
    outer loop
      vertex   4.282979e+01 -1.374109e+02 3.014440e+01
      vertex   4.282979e+01 -1.402790e+02 3.014440e+01
      vertex   5.167389e+01 -1.507109e+02 3.014441e+01
    endloop
  endfacet
  facet normal -1.309204e-14 -2.392060e-28 1.000000e+00
    outer loop
      vertex   4.950297e+01 -1.507109e+02 3.014441e+01
      vertex   4.950297e+01 -1.542109e+02 3.014441e+01
      vertex   5.167389e+01 -1.507109e+02 3.014441e+01
    endloop
  endfacet
  facet normal -7.746362e-15 -3.315720e-15 1.000000e+00
    outer loop
      vertex   5.167389e+01 -1.507109e+02 3.014441e+01
      vertex   4.950297e+01 -1.542109e+02 3.014441e+01
      vertex   5.546516e+01 -1.542109e+02 3.014441e+01
    endloop
  endfacet
  facet normal -9.972867e-15 -8.329666e-16 1.000000e+00
    outer loop
      vertex   3.916848e+01 -1.329053e+02 3.014440e+01
      vertex   4.169840e+01 -1.333394e+02 3.014440e+01
      vertex   4.317078e+01 -1.211118e+02 3.014440e+01
    endloop
  endfacet
  facet normal -7.438840e-15 -1.138097e-15 1.000000e+00
    outer loop
      vertex   4.317078e+01 -1.211118e+02 3.014440e+01
      vertex   4.169840e+01 -1.333394e+02 3.014440e+01
      vertex   4.564798e+01 -1.216952e+02 3.014440e+01
    endloop
  endfacet
  facet normal 3.289110e-14 1.701088e-13 1.000000e+00
    outer loop
      vertex   4.317078e+01 -1.211118e+02 3.014440e+01
      vertex   4.564798e+01 -1.216952e+02 3.014440e+01
      vertex   4.318013e+01 -1.210509e+02 3.014440e+01
    endloop
  endfacet
  facet normal -8.895869e-15 1.003963e-14 1.000000e+00
    outer loop
      vertex   4.318013e+01 -1.210509e+02 3.014440e+01
      vertex   4.564798e+01 -1.216952e+02 3.014440e+01
      vertex   4.569703e+01 -1.205901e+02 3.014440e+01
    endloop
  endfacet
  facet normal -1.455077e-14 4.092568e-14 1.000000e+00
    outer loop
      vertex   4.318013e+01 -1.210509e+02 3.014440e+01
      vertex   4.569703e+01 -1.205901e+02 3.014440e+01
      vertex   4.317046e+01 -1.208807e+02 3.014440e+01
    endloop
  endfacet
  facet normal -9.843002e-15 2.225166e-20 1.000000e+00
    outer loop
      vertex   4.317046e+01 -1.208807e+02 3.014440e+01
      vertex   4.569703e+01 -1.205901e+02 3.014440e+01
      vertex   4.208769e+01 -1.000504e+02 3.014440e+01
    endloop
  endfacet
  facet normal -2.909616e-15 3.604226e-16 1.000000e+00
    outer loop
      vertex   4.317046e+01 -1.208807e+02 3.014440e+01
      vertex   4.208769e+01 -1.000504e+02 3.014440e+01
      vertex   3.959096e+01 -1.004919e+02 3.014440e+01
    endloop
  endfacet
  facet normal 9.515858e-14 5.421590e-15 1.000000e+00
    outer loop
      vertex   4.564798e+01 -1.216952e+02 3.014440e+01
      vertex   4.572967e+01 -1.211631e+02 3.014440e+01
      vertex   4.569703e+01 -1.205901e+02 3.014440e+01
    endloop
  endfacet
  facet normal 7.535481e-01 6.390552e-01 -1.541875e-01
    outer loop
      vertex   4.282979e+01 -1.379567e+02 2.357209e+01
      vertex   4.282979e+01 -1.374109e+02 2.583425e+01
      vertex   5.425747e+01 -1.517834e+02 2.211469e+01
    endloop
  endfacet
  facet normal 7.535481e-01 6.390552e-01 -1.541875e-01
    outer loop
      vertex   5.425747e+01 -1.517834e+02 2.211469e+01
      vertex   4.282979e+01 -1.374109e+02 2.583425e+01
      vertex   5.442746e+01 -1.500465e+02 3.014440e+01
    endloop
  endfacet
  facet normal 7.535481e-01 6.390552e-01 -1.541875e-01
    outer loop
      vertex   5.425747e+01 -1.517834e+02 2.211469e+01
      vertex   5.442746e+01 -1.500465e+02 3.014440e+01
      vertex   5.561914e+01 -1.514884e+02 2.999242e+01
    endloop
  endfacet
  facet normal 7.535481e-01 6.390552e-01 -1.541875e-01
    outer loop
      vertex   4.237869e+01 -1.374109e+02 2.362962e+01
      vertex   4.112361e+01 -1.358924e+02 2.378969e+01
      vertex   4.282979e+01 -1.374109e+02 2.583425e+01
    endloop
  endfacet
  facet normal 7.535481e-01 6.390552e-01 -1.541875e-01
    outer loop
      vertex   4.282979e+01 -1.374109e+02 2.583425e+01
      vertex   4.112361e+01 -1.358924e+02 2.378969e+01
      vertex   4.222203e+01 -1.356544e+02 3.014440e+01
    endloop
  endfacet
  facet normal 7.535481e-01 6.390552e-01 -1.541875e-01
    outer loop
      vertex   4.282979e+01 -1.374109e+02 2.583425e+01
      vertex   4.222203e+01 -1.356544e+02 3.014440e+01
      vertex   5.442746e+01 -1.500465e+02 3.014440e+01
    endloop
  endfacet
  facet normal 4.989075e-01 8.585304e-01 -1.183930e-01
    outer loop
      vertex   5.561914e+01 -1.514884e+02 2.999242e+01
      vertex   5.616697e+01 -1.518181e+02 2.991008e+01
      vertex   5.425747e+01 -1.517834e+02 2.211469e+01
    endloop
  endfacet
  facet normal 4.989075e-01 8.585304e-01 -1.183930e-01
    outer loop
      vertex   5.425747e+01 -1.517834e+02 2.211469e+01
      vertex   5.616697e+01 -1.518181e+02 2.991008e+01
      vertex   5.480530e+01 -1.521131e+02 2.203234e+01
    endloop
  endfacet
  facet normal 1.414164e-01 9.880411e-01 -6.145110e-02
    outer loop
      vertex   5.616697e+01 -1.518181e+02 2.991008e+01
      vertex   5.675972e+01 -1.519091e+02 2.981103e+01
      vertex   5.480530e+01 -1.521131e+02 2.203234e+01
    endloop
  endfacet
  facet normal 1.414164e-01 9.880411e-01 -6.145110e-02
    outer loop
      vertex   5.480530e+01 -1.521131e+02 2.203234e+01
      vertex   5.675972e+01 -1.519091e+02 2.981103e+01
      vertex   5.539805e+01 -1.522041e+02 2.193329e+01
    endloop
  endfacet
  facet normal 2.079871e-03 9.992836e-01 -3.778771e-02
    outer loop
      vertex   5.675972e+01 -1.519091e+02 2.981103e+01
      vertex   5.746105e+01 -1.519151e+02 2.969003e+01
      vertex   5.539805e+01 -1.522041e+02 2.193329e+01
    endloop
  endfacet
  facet normal 2.079871e-03 9.992836e-01 -3.778771e-02
    outer loop
      vertex   5.539805e+01 -1.522041e+02 2.193329e+01
      vertex   5.746105e+01 -1.519151e+02 2.969003e+01
      vertex   5.609938e+01 -1.522102e+02 2.181229e+01
    endloop
  endfacet
  facet normal -4.359283e-01 8.990158e-01 4.167808e-02
    outer loop
      vertex   5.746105e+01 -1.519151e+02 2.969003e+01
      vertex   9.820213e+01 -1.317986e+02 2.189442e+01
      vertex   5.609938e+01 -1.522102e+02 2.181229e+01
    endloop
  endfacet
  facet normal -4.359283e-01 8.990158e-01 4.167808e-02
    outer loop
      vertex   5.609938e+01 -1.522102e+02 2.181229e+01
      vertex   9.820213e+01 -1.317986e+02 2.189442e+01
      vertex   9.684046e+01 -1.320936e+02 1.401668e+01
    endloop
  endfacet
  facet normal -1.742284e-01 9.846820e-01 -6.765702e-03
    outer loop
      vertex   1.106810e+02 -1.296618e+02 1.153323e+01
      vertex   9.684046e+01 -1.320936e+02 1.401668e+01
      vertex   1.106715e+02 -1.296076e+02 1.965702e+01
    endloop
  endfacet
  facet normal -1.742284e-01 9.846820e-01 -6.765702e-03
    outer loop
      vertex   1.106715e+02 -1.296076e+02 1.965702e+01
      vertex   9.684046e+01 -1.320936e+02 1.401668e+01
      vertex   9.820213e+01 -1.317986e+02 2.189442e+01
    endloop
  endfacet
  facet normal 9.847046e-01 1.742324e-01 6.889818e-15
    outer loop
      vertex   1.106835e+02 -1.296755e+02 1.153333e+01
      vertex   1.106810e+02 -1.296618e+02 1.153323e+01
      vertex   1.106835e+02 -1.296755e+02 1.965749e+01
    endloop
  endfacet
  facet normal 9.847046e-01 1.742324e-01 7.315168e-15
    outer loop
      vertex   1.106835e+02 -1.296755e+02 1.965749e+01
      vertex   1.106810e+02 -1.296618e+02 1.153323e+01
      vertex   1.106715e+02 -1.296076e+02 1.965702e+01
    endloop
  endfacet
  facet normal -1.742324e-01 9.847046e-01 -1.523845e-15
    outer loop
      vertex   1.136376e+02 -1.291528e+02 1.100313e+01
      vertex   1.106835e+02 -1.296755e+02 1.153333e+01
      vertex   1.136376e+02 -1.291528e+02 1.912729e+01
    endloop
  endfacet
  facet normal -1.742324e-01 9.847046e-01 -1.220802e-15
    outer loop
      vertex   1.136376e+02 -1.291528e+02 1.912729e+01
      vertex   1.106835e+02 -1.296755e+02 1.153333e+01
      vertex   1.106835e+02 -1.296755e+02 1.965749e+01
    endloop
  endfacet
  facet normal -9.847046e-01 -1.742324e-01 -8.612273e-15
    outer loop
      vertex   1.136376e+02 -1.291528e+02 1.100313e+01
      vertex   1.136376e+02 -1.291528e+02 1.912729e+01
      vertex   1.136358e+02 -1.291426e+02 1.100306e+01
    endloop
  endfacet
  facet normal -9.847046e-01 -1.742324e-01 -5.259790e-15
    outer loop
      vertex   1.136358e+02 -1.291426e+02 1.100306e+01
      vertex   1.136376e+02 -1.291528e+02 1.912729e+01
      vertex   1.136262e+02 -1.290885e+02 1.912684e+01
    endloop
  endfacet
  facet normal -1.742284e-01 9.846820e-01 -6.765702e-03
    outer loop
      vertex   1.136380e+02 -1.291528e+02 9.458445e+00
      vertex   1.136362e+02 -1.291425e+02 1.100299e+01
      vertex   1.269315e+02 -1.268007e+02 9.458445e+00
    endloop
  endfacet
  facet normal -1.742284e-01 9.846820e-01 -6.765702e-03
    outer loop
      vertex   1.269315e+02 -1.268007e+02 9.458445e+00
      vertex   1.136362e+02 -1.291425e+02 1.100299e+01
      vertex   1.136262e+02 -1.290885e+02 1.912684e+01
    endloop
  endfacet
  facet normal -1.742284e-01 9.846820e-01 -6.765702e-03
    outer loop
      vertex   1.269315e+02 -1.268007e+02 9.458445e+00
      vertex   1.136262e+02 -1.290885e+02 1.912684e+01
      vertex   1.460828e+02 -1.233856e+02 1.330308e+01
    endloop
  endfacet
  facet normal -1.742284e-01 9.846820e-01 -6.765702e-03
    outer loop
      vertex   1.136362e+02 -1.291425e+02 1.100299e+01
      vertex   1.136358e+02 -1.291426e+02 1.100306e+01
      vertex   1.136262e+02 -1.290885e+02 1.912684e+01
    endloop
  endfacet
  facet normal -1.742284e-01 9.846820e-01 -6.765702e-03
    outer loop
      vertex   1.460828e+02 -1.233856e+02 1.330308e+01
      vertex   1.447212e+02 -1.236807e+02 5.425337e+00
      vertex   1.269315e+02 -1.268007e+02 9.458445e+00
    endloop
  endfacet
  facet normal -1.742284e-01 9.846820e-01 -6.765702e-03
    outer loop
      vertex   1.269315e+02 -1.268007e+02 9.458445e+00
      vertex   1.447212e+02 -1.236807e+02 5.425337e+00
      vertex   1.269325e+02 -1.268063e+02 8.617199e+00
    endloop
  endfacet
  facet normal -5.087707e-01 8.590941e-01 5.576424e-02
    outer loop
      vertex   1.793900e+02 -1.027093e+02 -1.352693e+00
      vertex   1.447212e+02 -1.236807e+02 5.425337e+00
      vertex   1.807516e+02 -1.024142e+02 6.525046e+00
    endloop
  endfacet
  facet normal -5.087707e-01 8.590941e-01 5.576424e-02
    outer loop
      vertex   1.807516e+02 -1.024142e+02 6.525046e+00
      vertex   1.447212e+02 -1.236807e+02 5.425337e+00
      vertex   1.460828e+02 -1.233856e+02 1.330308e+01
    endloop
  endfacet
  facet normal 2.706494e-01 -9.626182e-01 -1.072718e-02
    outer loop
      vertex   3.359367e+01 -4.391705e+01 2.164631e+01
      vertex   3.360292e+01 -4.395972e+01 2.570839e+01
      vertex   3.217660e+01 -4.431837e+01 2.190628e+01
    endloop
  endfacet
  facet normal 2.706494e-01 -9.626182e-01 -1.072718e-02
    outer loop
      vertex   3.217660e+01 -4.431837e+01 2.190628e+01
      vertex   3.360292e+01 -4.395972e+01 2.570839e+01
      vertex   3.314077e+01 -4.409060e+01 2.579317e+01
    endloop
  endfacet
  facet normal 2.706494e-01 -9.626182e-01 -1.072718e-02
    outer loop
      vertex   3.217660e+01 -4.431837e+01 2.190628e+01
      vertex   3.314077e+01 -4.409060e+01 2.579317e+01
      vertex   3.353828e+01 -4.402331e+01 2.978402e+01
    endloop
  endfacet
  facet normal 2.706494e-01 -9.626182e-01 -1.072718e-02
    outer loop
      vertex   3.353828e+01 -4.402331e+01 2.978402e+01
      vertex   3.314077e+01 -4.409060e+01 2.579317e+01
      vertex   3.382161e+01 -4.394307e+01 2.973204e+01
    endloop
  endfacet
  facet normal 4.539449e-01 -8.898859e-01 -4.513423e-02
    outer loop
      vertex   3.353828e+01 -4.402331e+01 2.978402e+01
      vertex   3.325320e+01 -4.417152e+01 2.983885e+01
      vertex   3.217660e+01 -4.431837e+01 2.190628e+01
    endloop
  endfacet
  facet normal 4.539449e-01 -8.898859e-01 -4.513423e-02
    outer loop
      vertex   3.217660e+01 -4.431837e+01 2.190628e+01
      vertex   3.325320e+01 -4.417152e+01 2.983885e+01
      vertex   3.189152e+01 -4.446658e+01 2.196111e+01
    endloop
  endfacet
  facet normal 6.158037e-01 -7.841209e-01 -7.707315e-02
    outer loop
      vertex   3.164521e+01 -4.466493e+01 2.201111e+01
      vertex   3.189152e+01 -4.446658e+01 2.196111e+01
      vertex   3.300689e+01 -4.436987e+01 2.988885e+01
    endloop
  endfacet
  facet normal 6.158037e-01 -7.841209e-01 -7.707315e-02
    outer loop
      vertex   3.300689e+01 -4.436987e+01 2.988885e+01
      vertex   3.189152e+01 -4.446658e+01 2.196111e+01
      vertex   3.325320e+01 -4.417152e+01 2.983885e+01
    endloop
  endfacet
  facet normal 7.516439e-01 -6.510710e-01 -1.055367e-01
    outer loop
      vertex   3.144305e+01 -4.490544e+01 2.205507e+01
      vertex   3.164521e+01 -4.466493e+01 2.201111e+01
      vertex   3.280473e+01 -4.461038e+01 2.993280e+01
    endloop
  endfacet
  facet normal 7.516439e-01 -6.510710e-01 -1.055367e-01
    outer loop
      vertex   3.280473e+01 -4.461038e+01 2.993280e+01
      vertex   3.164521e+01 -4.466493e+01 2.201111e+01
      vertex   3.300689e+01 -4.436987e+01 2.988885e+01
    endloop
  endfacet
  facet normal 8.590014e-01 -4.952116e-01 -1.299313e-01
    outer loop
      vertex   3.128987e+01 -4.518081e+01 2.209186e+01
      vertex   3.144305e+01 -4.490544e+01 2.205507e+01
      vertex   3.265155e+01 -4.488575e+01 2.996960e+01
    endloop
  endfacet
  facet normal 8.590014e-01 -4.952116e-01 -1.299313e-01
    outer loop
      vertex   3.265155e+01 -4.488575e+01 2.996960e+01
      vertex   3.144305e+01 -4.490544e+01 2.205507e+01
      vertex   3.280473e+01 -4.461038e+01 2.993280e+01
    endloop
  endfacet
  facet normal 9.355289e-01 -3.199509e-01 -1.497235e-01
    outer loop
      vertex   3.119076e+01 -4.548393e+01 2.212034e+01
      vertex   3.128987e+01 -4.518081e+01 2.209186e+01
      vertex   3.255244e+01 -4.518887e+01 2.999808e+01
    endloop
  endfacet
  facet normal 9.355289e-01 -3.199509e-01 -1.497235e-01
    outer loop
      vertex   3.255244e+01 -4.518887e+01 2.999808e+01
      vertex   3.128987e+01 -4.518081e+01 2.209186e+01
      vertex   3.265155e+01 -4.488575e+01 2.996960e+01
    endloop
  endfacet
  facet normal 9.779372e-01 -1.291396e-01 -1.642007e-01
    outer loop
      vertex   3.115129e+01 -4.580693e+01 2.213926e+01
      vertex   3.119076e+01 -4.548393e+01 2.212034e+01
      vertex   3.251296e+01 -4.551187e+01 3.001700e+01
    endloop
  endfacet
  facet normal 9.779372e-01 -1.291396e-01 -1.642007e-01
    outer loop
      vertex   3.251296e+01 -4.551187e+01 3.001700e+01
      vertex   3.119076e+01 -4.548393e+01 2.212034e+01
      vertex   3.255244e+01 -4.518887e+01 2.999808e+01
    endloop
  endfacet
  facet normal 9.824656e-01 7.081277e-02 -1.724727e-01
    outer loop
      vertex   3.117478e+01 -4.611473e+01 2.214673e+01
      vertex   3.115129e+01 -4.580693e+01 2.213926e+01
      vertex   3.253646e+01 -4.581967e+01 3.002447e+01
    endloop
  endfacet
  facet normal 9.824656e-01 7.081277e-02 -1.724727e-01
    outer loop
      vertex   3.253646e+01 -4.581967e+01 3.002447e+01
      vertex   3.115129e+01 -4.580693e+01 2.213926e+01
      vertex   3.251296e+01 -4.551187e+01 3.001700e+01
    endloop
  endfacet
  facet normal 9.698798e-01 1.704323e-01 -1.740285e-01
    outer loop
      vertex   3.696448e+01 -8.582402e+01 1.552465e+01
      vertex   3.693623e+01 -7.867309e+01 2.237033e+01
      vertex   3.949153e+01 -8.527644e+01 3.014440e+01
    endloop
  endfacet
  facet normal 9.698798e-01 1.704323e-01 -1.740285e-01
    outer loop
      vertex   3.949153e+01 -8.527644e+01 3.014440e+01
      vertex   3.693623e+01 -7.867309e+01 2.237033e+01
      vertex   3.650827e+01 -7.156056e+01 2.695085e+01
    endloop
  endfacet
  facet normal 9.698798e-01 1.704323e-01 -1.740285e-01
    outer loop
      vertex   3.949153e+01 -8.527644e+01 3.014440e+01
      vertex   3.650827e+01 -7.156056e+01 2.695085e+01
      vertex   3.562674e+01 -6.328310e+01 3.014440e+01
    endloop
  endfacet
  facet normal 9.698798e-01 1.704323e-01 -1.740285e-01
    outer loop
      vertex   3.562674e+01 -6.328310e+01 3.014440e+01
      vertex   3.650827e+01 -7.156056e+01 2.695085e+01
      vertex   3.544117e+01 -6.553031e+01 2.690943e+01
    endloop
  endfacet
  facet normal 9.698798e-01 1.704323e-01 -1.740285e-01
    outer loop
      vertex   3.562674e+01 -6.328310e+01 3.014440e+01
      vertex   3.544117e+01 -6.553031e+01 2.690943e+01
      vertex   3.302335e+01 -5.186699e+01 2.681560e+01
    endloop
  endfacet
  facet normal 9.698798e-01 1.704323e-01 -1.740285e-01
    outer loop
      vertex   3.693623e+01 -7.867309e+01 2.237033e+01
      vertex   3.570829e+01 -7.173391e+01 2.232268e+01
      vertex   3.650827e+01 -7.156056e+01 2.695085e+01
    endloop
  endfacet
  facet normal 9.698798e-01 1.704323e-01 -1.740285e-01
    outer loop
      vertex   3.222336e+01 -5.204033e+01 2.218743e+01
      vertex   3.117478e+01 -4.611473e+01 2.214673e+01
      vertex   3.302335e+01 -5.186699e+01 2.681560e+01
    endloop
  endfacet
  facet normal 9.698798e-01 1.704323e-01 -1.740285e-01
    outer loop
      vertex   3.302335e+01 -5.186699e+01 2.681560e+01
      vertex   3.117478e+01 -4.611473e+01 2.214673e+01
      vertex   3.253646e+01 -4.581967e+01 3.002447e+01
    endloop
  endfacet
  facet normal 9.698798e-01 1.704323e-01 -1.740285e-01
    outer loop
      vertex   3.302335e+01 -5.186699e+01 2.681560e+01
      vertex   3.253646e+01 -4.581967e+01 3.002447e+01
      vertex   3.562674e+01 -6.328310e+01 3.014440e+01
    endloop
  endfacet
  facet normal -1.225775e-14 -7.487647e-16 1.000000e+00
    outer loop
      vertex   3.699714e+01 -8.571744e+01 3.014440e+01
      vertex   3.562674e+01 -6.328310e+01 3.014440e+01
      vertex   3.032979e+01 -4.774007e+01 3.014440e+01
    endloop
  endfacet
  facet normal -1.222857e-14 -7.388176e-16 1.000000e+00
    outer loop
      vertex   3.032979e+01 -4.774007e+01 3.014440e+01
      vertex   3.562674e+01 -6.328310e+01 3.014440e+01
      vertex   3.119542e+01 -4.283298e+01 3.014440e+01
    endloop
  endfacet
  facet normal -3.614846e-15 -2.258308e-15 1.000000e+00
    outer loop
      vertex   3.032979e+01 -4.774007e+01 3.014440e+01
      vertex   3.119542e+01 -4.283298e+01 3.014440e+01
      vertex   3.032979e+01 -4.302055e+01 3.014440e+01
    endloop
  endfacet
  facet normal -1.268162e-14 -7.746565e-16 1.000000e+00
    outer loop
      vertex   3.699714e+01 -8.571744e+01 3.014440e+01
      vertex   3.949153e+01 -8.527644e+01 3.014440e+01
      vertex   3.562674e+01 -6.328310e+01 3.014440e+01
    endloop
  endfacet
  facet normal -2.117746e-01 9.773185e-01 -1.312406e-14
    outer loop
      vertex   4.987616e+01 -3.878506e+01 1.666044e+01
      vertex   4.889738e+01 -3.899715e+01 1.881677e+01
      vertex   8.869732e+01 -3.037292e+01 1.668385e+01
    endloop
  endfacet
  facet normal -2.117746e-01 9.773185e-01 -2.748803e-15
    outer loop
      vertex   8.869732e+01 -3.037292e+01 1.668385e+01
      vertex   4.889738e+01 -3.899715e+01 1.881677e+01
      vertex   4.889504e+01 -3.899766e+01 2.287927e+01
    endloop
  endfacet
  facet normal -2.117746e-01 9.773185e-01 -4.023145e-15
    outer loop
      vertex   8.869732e+01 -3.037292e+01 1.668385e+01
      vertex   4.889504e+01 -3.899766e+01 2.287927e+01
      vertex   3.119542e+01 -4.283298e+01 3.014440e+01
    endloop
  endfacet
  facet normal -2.117746e-01 9.773185e-01 -8.529469e-15
    outer loop
      vertex   3.119542e+01 -4.283298e+01 3.014440e+01
      vertex   4.889504e+01 -3.899766e+01 2.287927e+01
      vertex   3.326174e+01 -4.238523e+01 2.570839e+01
    endloop
  endfacet
  facet normal -2.117746e-01 9.773185e-01 -2.718293e-14
    outer loop
      vertex   3.119542e+01 -4.283298e+01 3.014440e+01
      vertex   3.326174e+01 -4.238523e+01 2.570839e+01
      vertex   3.032979e+01 -4.302055e+01 3.014440e+01
    endloop
  endfacet
  facet normal -2.117746e-01 9.773185e-01 7.106596e-16
    outer loop
      vertex   3.032979e+01 -4.302055e+01 3.014440e+01
      vertex   3.326174e+01 -4.238523e+01 2.570839e+01
      vertex   3.032979e+01 -4.302055e+01 2.012954e+01
    endloop
  endfacet
  facet normal -2.117746e-01 9.773185e-01 -1.111477e-15
    outer loop
      vertex   3.032979e+01 -4.302055e+01 2.012954e+01
      vertex   3.326174e+01 -4.238523e+01 2.570839e+01
      vertex   3.326174e+01 -4.238523e+01 2.164631e+01
    endloop
  endfacet
  facet normal -2.117746e-01 9.773185e-01 4.501266e-15
    outer loop
      vertex   3.032979e+01 -4.302055e+01 2.012954e+01
      vertex   3.326174e+01 -4.238523e+01 2.164631e+01
      vertex   4.889738e+01 -3.899715e+01 1.881677e+01
    endloop
  endfacet
  facet normal -2.117746e-01 9.773185e-01 -5.590771e-16
    outer loop
      vertex   4.988587e+01 -3.878295e+01 1.660446e+00
      vertex   4.034230e+01 -4.085094e+01 1.012336e+01
      vertex   4.987616e+01 -3.878506e+01 1.666044e+01
    endloop
  endfacet
  facet normal -2.117746e-01 9.773185e-01 1.813236e-15
    outer loop
      vertex   4.987616e+01 -3.878506e+01 1.666044e+01
      vertex   4.034230e+01 -4.085094e+01 1.012336e+01
      vertex   3.032979e+01 -4.302055e+01 2.012954e+01
    endloop
  endfacet
  facet normal -2.117746e-01 9.773185e-01 -1.312593e-14
    outer loop
      vertex   4.987616e+01 -3.878506e+01 1.666044e+01
      vertex   3.032979e+01 -4.302055e+01 2.012954e+01
      vertex   4.889738e+01 -3.899715e+01 1.881677e+01
    endloop
  endfacet
  facet normal -2.117746e-01 9.773185e-01 -2.448755e-15
    outer loop
      vertex   4.988587e+01 -3.878295e+01 1.660446e+00
      vertex   4.034230e+01 -4.085094e+01 1.654692e+00
      vertex   4.034230e+01 -4.085094e+01 1.012336e+01
    endloop
  endfacet
  facet normal -2.117746e-01 9.773185e-01 -1.261492e-14
    outer loop
      vertex   3.119542e+01 -4.283298e+01 3.014440e+01
      vertex   1.407656e+02 -1.909028e+01 1.031578e+01
      vertex   8.869732e+01 -3.037292e+01 1.668385e+01
    endloop
  endfacet
  facet normal -2.117746e-01 9.773185e-01 -4.824089e-15
    outer loop
      vertex   8.869732e+01 -3.037292e+01 1.668385e+01
      vertex   1.407656e+02 -1.909028e+01 1.031578e+01
      vertex   1.325693e+02 -2.086633e+01 8.664160e+00
    endloop
  endfacet
  facet normal -2.117746e-01 9.773185e-01 -1.164106e-15
    outer loop
      vertex   8.869732e+01 -3.037292e+01 1.668385e+01
      vertex   1.325693e+02 -2.086633e+01 8.664160e+00
      vertex   8.869732e+01 -3.037292e+01 -7.725143e+00
    endloop
  endfacet
  facet normal -2.117746e-01 9.773185e-01 -8.248140e-16
    outer loop
      vertex   8.869732e+01 -3.037292e+01 -7.725143e+00
      vertex   1.325693e+02 -2.086633e+01 8.664160e+00
      vertex   1.325693e+02 -2.086633e+01 -8.223362e+00
    endloop
  endfacet
  facet normal -2.117746e-01 9.773185e-01 -8.424932e-15
    outer loop
      vertex   1.325693e+02 -2.086633e+01 8.664160e+00
      vertex   1.407656e+02 -1.909028e+01 1.031578e+01
      vertex   1.384332e+02 -1.959569e+01 8.664160e+00
    endloop
  endfacet
  facet normal -2.117746e-01 9.773185e-01 -1.697797e-15
    outer loop
      vertex   1.384332e+02 -1.959569e+01 8.664160e+00
      vertex   1.407656e+02 -1.909028e+01 1.031578e+01
      vertex   1.407656e+02 -1.909028e+01 -8.316442e+00
    endloop
  endfacet
  facet normal -2.117746e-01 9.773185e-01 -1.638367e-15
    outer loop
      vertex   1.384332e+02 -1.959569e+01 8.664160e+00
      vertex   1.407656e+02 -1.909028e+01 -8.316442e+00
      vertex   1.384332e+02 -1.959569e+01 -8.289954e+00
    endloop
  endfacet
  facet normal -9.843269e-01 -4.042944e-02 1.716564e-01
    outer loop
      vertex   1.570226e+02 -8.692731e+01 -4.127037e+00
      vertex   1.580366e+02 -8.670760e+01 1.738925e+00
      vertex   1.570046e+02 -8.653632e+01 -4.138559e+00
    endloop
  endfacet
  facet normal -9.843269e-01 -4.042944e-02 1.716564e-01
    outer loop
      vertex   1.570046e+02 -8.653632e+01 -4.138559e+00
      vertex   1.580366e+02 -8.670760e+01 1.738925e+00
      vertex   1.580185e+02 -8.631661e+01 1.727403e+00
    endloop
  endfacet
  facet normal -9.388442e-01 -2.974830e-01 1.734226e-01
    outer loop
      vertex   1.570046e+02 -8.653632e+01 -4.138559e+00
      vertex   1.580185e+02 -8.631661e+01 1.727403e+00
      vertex   1.568873e+02 -8.616275e+01 -4.132290e+00
    endloop
  endfacet
  facet normal -9.388442e-01 -2.974830e-01 1.734226e-01
    outer loop
      vertex   1.568873e+02 -8.616275e+01 -4.132290e+00
      vertex   1.580185e+02 -8.631661e+01 1.727403e+00
      vertex   1.579013e+02 -8.594304e+01 1.733671e+00
    endloop
  endfacet
  facet normal -8.293808e-01 -5.342636e-01 1.633703e-01
    outer loop
      vertex   1.568873e+02 -8.616275e+01 -4.132290e+00
      vertex   1.579013e+02 -8.594304e+01 1.733671e+00
      vertex   1.566790e+02 -8.583205e+01 -4.108660e+00
    endloop
  endfacet
  facet normal -8.293808e-01 -5.342636e-01 1.633703e-01
    outer loop
      vertex   1.566790e+02 -8.583205e+01 -4.108660e+00
      vertex   1.579013e+02 -8.594304e+01 1.733671e+00
      vertex   1.576929e+02 -8.561234e+01 1.757302e+00
    endloop
  endfacet
  facet normal -6.633964e-01 -7.346351e-01 1.421847e-01
    outer loop
      vertex   1.566790e+02 -8.583205e+01 -4.108660e+00
      vertex   1.576929e+02 -8.561234e+01 1.757302e+00
      vertex   1.563937e+02 -8.556677e+01 -4.069277e+00
    endloop
  endfacet
  facet normal -6.633964e-01 -7.346351e-01 1.421847e-01
    outer loop
      vertex   1.563937e+02 -8.556677e+01 -4.069277e+00
      vertex   1.576929e+02 -8.561234e+01 1.757302e+00
      vertex   1.574076e+02 -8.534706e+01 1.796685e+00
    endloop
  endfacet
  facet normal -4.522027e-01 -8.849423e-01 1.113093e-01
    outer loop
      vertex   1.563937e+02 -8.556677e+01 -4.069277e+00
      vertex   1.574076e+02 -8.534706e+01 1.796685e+00
      vertex   1.560508e+02 -8.538499e+01 -4.016826e+00
    endloop
  endfacet
  facet normal -4.522027e-01 -8.849423e-01 1.113093e-01
    outer loop
      vertex   1.560508e+02 -8.538499e+01 -4.016826e+00
      vertex   1.574076e+02 -8.534706e+01 1.796685e+00
      vertex   1.570648e+02 -8.516528e+01 1.849135e+00
    endloop
  endfacet
  facet normal -2.101921e-01 -9.749422e-01 7.284845e-02
    outer loop
      vertex   1.560508e+02 -8.538499e+01 -4.016826e+00
      vertex   1.570648e+02 -8.516528e+01 1.849135e+00
      vertex   1.556738e+02 -8.529908e+01 -3.954882e+00
    endloop
  endfacet
  facet normal -2.101921e-01 -9.749422e-01 7.284845e-02
    outer loop
      vertex   1.556738e+02 -8.529908e+01 -3.954882e+00
      vertex   1.570648e+02 -8.516528e+01 1.849135e+00
      vertex   1.566878e+02 -8.507937e+01 1.911080e+00
    endloop
  endfacet
  facet normal 4.614271e-02 -9.985014e-01 2.942308e-02
    outer loop
      vertex   1.556738e+02 -8.529908e+01 -3.954882e+00
      vertex   1.566878e+02 -8.507937e+01 1.911080e+00
      vertex   1.552884e+02 -8.531492e+01 -3.887665e+00
    endloop
  endfacet
  facet normal 4.614271e-02 -9.985014e-01 2.942308e-02
    outer loop
      vertex   1.552884e+02 -8.531492e+01 -3.887665e+00
      vertex   1.566878e+02 -8.507937e+01 1.911080e+00
      vertex   1.563023e+02 -8.509521e+01 1.978297e+00
    endloop
  endfacet
  facet normal 2.993330e-01 -9.540144e-01 -1.600743e-02
    outer loop
      vertex   1.552884e+02 -8.531492e+01 -3.887665e+00
      vertex   1.563023e+02 -8.509521e+01 1.978297e+00
      vertex   1.549208e+02 -8.543140e+01 -3.819756e+00
    endloop
  endfacet
  facet normal 2.993330e-01 -9.540144e-01 -1.600743e-02
    outer loop
      vertex   1.549208e+02 -8.543140e+01 -3.819756e+00
      vertex   1.563023e+02 -8.509521e+01 1.978297e+00
      vertex   1.559347e+02 -8.521169e+01 2.046206e+00
    endloop
  endfacet
  facet normal 5.321242e-01 -8.445129e-01 -6.034707e-02
    outer loop
      vertex   1.549208e+02 -8.543140e+01 -3.819756e+00
      vertex   1.559347e+02 -8.521169e+01 2.046206e+00
      vertex   1.545960e+02 -8.564061e+01 -3.755784e+00
    endloop
  endfacet
  facet normal 5.321242e-01 -8.445129e-01 -6.034707e-02
    outer loop
      vertex   1.545960e+02 -8.564061e+01 -3.755784e+00
      vertex   1.559347e+02 -8.521169e+01 2.046206e+00
      vertex   1.556099e+02 -8.542090e+01 2.110178e+00
    endloop
  endfacet
  facet normal 7.286521e-01 -6.774592e-01 -1.005741e-01
    outer loop
      vertex   1.545960e+02 -8.564061e+01 -3.755784e+00
      vertex   1.556099e+02 -8.542090e+01 2.110178e+00
      vertex   1.543362e+02 -8.592828e+01 -3.700107e+00
    endloop
  endfacet
  facet normal 7.286521e-01 -6.774592e-01 -1.005741e-01
    outer loop
      vertex   1.543362e+02 -8.592828e+01 -3.700107e+00
      vertex   1.556099e+02 -8.542090e+01 2.110178e+00
      vertex   1.553502e+02 -8.570857e+01 2.165854e+00
    endloop
  endfacet
  facet normal 8.755235e-01 -4.642378e-01 -1.339473e-01
    outer loop
      vertex   1.543362e+02 -8.592828e+01 -3.700107e+00
      vertex   1.553502e+02 -8.570857e+01 2.165854e+00
      vertex   1.541591e+02 -8.627480e+01 -3.656521e+00
    endloop
  endfacet
  facet normal 8.755235e-01 -4.642378e-01 -1.339473e-01
    outer loop
      vertex   1.541591e+02 -8.627480e+01 -3.656521e+00
      vertex   1.553502e+02 -8.570857e+01 2.165854e+00
      vertex   1.551731e+02 -8.605509e+01 2.209441e+00
    endloop
  endfacet
  facet normal 9.627294e-01 -2.193793e-01 -1.581921e-01
    outer loop
      vertex   1.541591e+02 -8.627480e+01 -3.656521e+00
      vertex   1.551731e+02 -8.605509e+01 2.209441e+00
      vertex   1.540768e+02 -8.665657e+01 -3.627995e+00
    endloop
  endfacet
  facet normal 9.627294e-01 -2.193793e-01 -1.581921e-01
    outer loop
      vertex   1.540768e+02 -8.665657e+01 -3.627995e+00
      vertex   1.551731e+02 -8.605509e+01 2.209441e+00
      vertex   1.550908e+02 -8.643686e+01 2.237967e+00
    endloop
  endfacet
  facet normal 9.843269e-01 4.042944e-02 -1.716564e-01
    outer loop
      vertex   1.540768e+02 -8.665657e+01 -3.627995e+00
      vertex   1.550908e+02 -8.643686e+01 2.237967e+00
      vertex   1.540949e+02 -8.704756e+01 -3.616474e+00
    endloop
  endfacet
  facet normal 9.843269e-01 4.042944e-02 -1.716564e-01
    outer loop
      vertex   1.540949e+02 -8.704756e+01 -3.616474e+00
      vertex   1.550908e+02 -8.643686e+01 2.237967e+00
      vertex   1.551088e+02 -8.682785e+01 2.249488e+00
    endloop
  endfacet
  facet normal 9.388442e-01 2.974830e-01 -1.734226e-01
    outer loop
      vertex   1.540949e+02 -8.704756e+01 -3.616474e+00
      vertex   1.551088e+02 -8.682785e+01 2.249488e+00
      vertex   1.542121e+02 -8.742113e+01 -3.622742e+00
    endloop
  endfacet
  facet normal 9.388442e-01 2.974830e-01 -1.734226e-01
    outer loop
      vertex   1.542121e+02 -8.742113e+01 -3.622742e+00
      vertex   1.551088e+02 -8.682785e+01 2.249488e+00
      vertex   1.552261e+02 -8.720142e+01 2.243220e+00
    endloop
  endfacet
  facet normal 8.293808e-01 5.342636e-01 -1.633703e-01
    outer loop
      vertex   1.542121e+02 -8.742113e+01 -3.622742e+00
      vertex   1.552261e+02 -8.720142e+01 2.243220e+00
      vertex   1.544205e+02 -8.775182e+01 -3.646372e+00
    endloop
  endfacet
  facet normal 8.293808e-01 5.342636e-01 -1.633703e-01
    outer loop
      vertex   1.544205e+02 -8.775182e+01 -3.646372e+00
      vertex   1.552261e+02 -8.720142e+01 2.243220e+00
      vertex   1.554344e+02 -8.753211e+01 2.219589e+00
    endloop
  endfacet
  facet normal 6.633964e-01 7.346351e-01 -1.421847e-01
    outer loop
      vertex   1.544205e+02 -8.775182e+01 -3.646372e+00
      vertex   1.554344e+02 -8.753211e+01 2.219589e+00
      vertex   1.547058e+02 -8.801710e+01 -3.685755e+00
    endloop
  endfacet
  facet normal 6.633964e-01 7.346351e-01 -1.421847e-01
    outer loop
      vertex   1.547058e+02 -8.801710e+01 -3.685755e+00
      vertex   1.554344e+02 -8.753211e+01 2.219589e+00
      vertex   1.557198e+02 -8.779739e+01 2.180207e+00
    endloop
  endfacet
  facet normal 4.522027e-01 8.849423e-01 -1.113093e-01
    outer loop
      vertex   1.547058e+02 -8.801710e+01 -3.685755e+00
      vertex   1.557198e+02 -8.779739e+01 2.180207e+00
      vertex   1.550487e+02 -8.819889e+01 -3.738206e+00
    endloop
  endfacet
  facet normal 4.522027e-01 8.849423e-01 -1.113093e-01
    outer loop
      vertex   1.550487e+02 -8.819889e+01 -3.738206e+00
      vertex   1.557198e+02 -8.779739e+01 2.180207e+00
      vertex   1.560626e+02 -8.797918e+01 2.127756e+00
    endloop
  endfacet
  facet normal 2.101921e-01 9.749422e-01 -7.284845e-02
    outer loop
      vertex   1.550487e+02 -8.819889e+01 -3.738206e+00
      vertex   1.560626e+02 -8.797918e+01 2.127756e+00
      vertex   1.554256e+02 -8.828479e+01 -3.800151e+00
    endloop
  endfacet
  facet normal 2.101921e-01 9.749422e-01 -7.284845e-02
    outer loop
      vertex   1.554256e+02 -8.828479e+01 -3.800151e+00
      vertex   1.560626e+02 -8.797918e+01 2.127756e+00
      vertex   1.564396e+02 -8.806508e+01 2.065811e+00
    endloop
  endfacet
  facet normal -4.614271e-02 9.985014e-01 -2.942308e-02
    outer loop
      vertex   1.554256e+02 -8.828479e+01 -3.800151e+00
      vertex   1.564396e+02 -8.806508e+01 2.065811e+00
      vertex   1.558111e+02 -8.826896e+01 -3.867368e+00
    endloop
  endfacet
  facet normal -4.614271e-02 9.985014e-01 -2.942308e-02
    outer loop
      vertex   1.558111e+02 -8.826896e+01 -3.867368e+00
      vertex   1.564396e+02 -8.806508e+01 2.065811e+00
      vertex   1.568250e+02 -8.804925e+01 1.998594e+00
    endloop
  endfacet
  facet normal -2.993330e-01 9.540144e-01 1.600743e-02
    outer loop
      vertex   1.558111e+02 -8.826896e+01 -3.867368e+00
      vertex   1.568250e+02 -8.804925e+01 1.998594e+00
      vertex   1.561787e+02 -8.815247e+01 -3.935276e+00
    endloop
  endfacet
  facet normal -2.993330e-01 9.540144e-01 1.600743e-02
    outer loop
      vertex   1.561787e+02 -8.815247e+01 -3.935276e+00
      vertex   1.568250e+02 -8.804925e+01 1.998594e+00
      vertex   1.571926e+02 -8.793276e+01 1.930686e+00
    endloop
  endfacet
  facet normal -5.321242e-01 8.445129e-01 6.034707e-02
    outer loop
      vertex   1.561787e+02 -8.815247e+01 -3.935276e+00
      vertex   1.571926e+02 -8.793276e+01 1.930686e+00
      vertex   1.565035e+02 -8.794327e+01 -3.999248e+00
    endloop
  endfacet
  facet normal -5.321242e-01 8.445129e-01 6.034707e-02
    outer loop
      vertex   1.565035e+02 -8.794327e+01 -3.999248e+00
      vertex   1.571926e+02 -8.793276e+01 1.930686e+00
      vertex   1.575174e+02 -8.772356e+01 1.866713e+00
    endloop
  endfacet
  facet normal -7.286521e-01 6.774592e-01 1.005741e-01
    outer loop
      vertex   1.565035e+02 -8.794327e+01 -3.999248e+00
      vertex   1.575174e+02 -8.772356e+01 1.866713e+00
      vertex   1.567632e+02 -8.765560e+01 -4.054925e+00
    endloop
  endfacet
  facet normal -7.286521e-01 6.774592e-01 1.005741e-01
    outer loop
      vertex   1.567632e+02 -8.765560e+01 -4.054925e+00
      vertex   1.575174e+02 -8.772356e+01 1.866713e+00
      vertex   1.577772e+02 -8.743589e+01 1.811037e+00
    endloop
  endfacet
  facet normal -8.755235e-01 4.642378e-01 1.339473e-01
    outer loop
      vertex   1.567632e+02 -8.765560e+01 -4.054925e+00
      vertex   1.577772e+02 -8.743589e+01 1.811037e+00
      vertex   1.569403e+02 -8.730908e+01 -4.098511e+00
    endloop
  endfacet
  facet normal -8.755235e-01 4.642378e-01 1.339473e-01
    outer loop
      vertex   1.569403e+02 -8.730908e+01 -4.098511e+00
      vertex   1.577772e+02 -8.743589e+01 1.811037e+00
      vertex   1.579543e+02 -8.708937e+01 1.767450e+00
    endloop
  endfacet
  facet normal -9.627294e-01 2.193793e-01 1.581921e-01
    outer loop
      vertex   1.569403e+02 -8.730908e+01 -4.098511e+00
      vertex   1.579543e+02 -8.708937e+01 1.767450e+00
      vertex   1.570226e+02 -8.692731e+01 -4.127037e+00
    endloop
  endfacet
  facet normal -9.627294e-01 2.193793e-01 1.581921e-01
    outer loop
      vertex   1.570226e+02 -8.692731e+01 -4.127037e+00
      vertex   1.579543e+02 -8.708937e+01 1.767450e+00
      vertex   1.580366e+02 -8.670760e+01 1.738925e+00
    endloop
  endfacet
  facet normal -9.843269e-01 -4.042944e-02 1.716564e-01
    outer loop
      vertex   1.502224e+02 -4.903708e+01 -4.922218e+00
      vertex   1.513288e+02 -4.879734e+01 1.478445e+00
      vertex   1.502043e+02 -4.864609e+01 -4.933740e+00
    endloop
  endfacet
  facet normal -9.843269e-01 -4.042944e-02 1.716564e-01
    outer loop
      vertex   1.502043e+02 -4.864609e+01 -4.933740e+00
      vertex   1.513288e+02 -4.879734e+01 1.478445e+00
      vertex   1.513107e+02 -4.840635e+01 1.466924e+00
    endloop
  endfacet
  facet normal -9.388442e-01 -2.974830e-01 1.734226e-01
    outer loop
      vertex   1.502043e+02 -4.864609e+01 -4.933740e+00
      vertex   1.513107e+02 -4.840635e+01 1.466924e+00
      vertex   1.500871e+02 -4.827251e+01 -4.927472e+00
    endloop
  endfacet
  facet normal -9.388442e-01 -2.974830e-01 1.734226e-01
    outer loop
      vertex   1.500871e+02 -4.827251e+01 -4.927472e+00
      vertex   1.513107e+02 -4.840635e+01 1.466924e+00
      vertex   1.511935e+02 -4.803278e+01 1.473192e+00
    endloop
  endfacet
  facet normal -8.293808e-01 -5.342636e-01 1.633703e-01
    outer loop
      vertex   1.500871e+02 -4.827251e+01 -4.927472e+00
      vertex   1.511935e+02 -4.803278e+01 1.473192e+00
      vertex   1.498788e+02 -4.794182e+01 -4.903841e+00
    endloop
  endfacet
  facet normal -8.293808e-01 -5.342636e-01 1.633703e-01
    outer loop
      vertex   1.498788e+02 -4.794182e+01 -4.903841e+00
      vertex   1.511935e+02 -4.803278e+01 1.473192e+00
      vertex   1.509851e+02 -4.770208e+01 1.496822e+00
    endloop
  endfacet
  facet normal -6.633964e-01 -7.346351e-01 1.421847e-01
    outer loop
      vertex   1.498788e+02 -4.794182e+01 -4.903841e+00
      vertex   1.509851e+02 -4.770208e+01 1.496822e+00
      vertex   1.495934e+02 -4.767654e+01 -4.864458e+00
    endloop
  endfacet
  facet normal -6.633964e-01 -7.346351e-01 1.421847e-01
    outer loop
      vertex   1.495934e+02 -4.767654e+01 -4.864458e+00
      vertex   1.509851e+02 -4.770208e+01 1.496822e+00
      vertex   1.506998e+02 -4.743681e+01 1.536205e+00
    endloop
  endfacet
  facet normal -4.522027e-01 -8.849423e-01 1.113093e-01
    outer loop
      vertex   1.495934e+02 -4.767654e+01 -4.864458e+00
      vertex   1.506998e+02 -4.743681e+01 1.536205e+00
      vertex   1.492506e+02 -4.749476e+01 -4.812007e+00
    endloop
  endfacet
  facet normal -4.522027e-01 -8.849423e-01 1.113093e-01
    outer loop
      vertex   1.492506e+02 -4.749476e+01 -4.812007e+00
      vertex   1.506998e+02 -4.743681e+01 1.536205e+00
      vertex   1.503570e+02 -4.725502e+01 1.588656e+00
    endloop
  endfacet
  facet normal -2.101921e-01 -9.749422e-01 7.284845e-02
    outer loop
      vertex   1.492506e+02 -4.749476e+01 -4.812007e+00
      vertex   1.503570e+02 -4.725502e+01 1.588656e+00
      vertex   1.488736e+02 -4.740885e+01 -4.750063e+00
    endloop
  endfacet
  facet normal -2.101921e-01 -9.749422e-01 7.284845e-02
    outer loop
      vertex   1.488736e+02 -4.740885e+01 -4.750063e+00
      vertex   1.503570e+02 -4.725502e+01 1.588656e+00
      vertex   1.499800e+02 -4.716912e+01 1.650601e+00
    endloop
  endfacet
  facet normal 4.614271e-02 -9.985014e-01 2.942308e-02
    outer loop
      vertex   1.488736e+02 -4.740885e+01 -4.750063e+00
      vertex   1.499800e+02 -4.716912e+01 1.650601e+00
      vertex   1.484882e+02 -4.742468e+01 -4.682846e+00
    endloop
  endfacet
  facet normal 4.614271e-02 -9.985014e-01 2.942308e-02
    outer loop
      vertex   1.484882e+02 -4.742468e+01 -4.682846e+00
      vertex   1.499800e+02 -4.716912e+01 1.650601e+00
      vertex   1.495945e+02 -4.718495e+01 1.717818e+00
    endloop
  endfacet
  facet normal 2.993330e-01 -9.540144e-01 -1.600743e-02
    outer loop
      vertex   1.484882e+02 -4.742468e+01 -4.682846e+00
      vertex   1.495945e+02 -4.718495e+01 1.717818e+00
      vertex   1.481205e+02 -4.754117e+01 -4.614937e+00
    endloop
  endfacet
  facet normal 2.993330e-01 -9.540144e-01 -1.600743e-02
    outer loop
      vertex   1.481205e+02 -4.754117e+01 -4.614937e+00
      vertex   1.495945e+02 -4.718495e+01 1.717818e+00
      vertex   1.492269e+02 -4.730144e+01 1.785726e+00
    endloop
  endfacet
  facet normal 5.321242e-01 -8.445129e-01 -6.034707e-02
    outer loop
      vertex   1.481205e+02 -4.754117e+01 -4.614937e+00
      vertex   1.492269e+02 -4.730144e+01 1.785726e+00
      vertex   1.477958e+02 -4.775038e+01 -4.550965e+00
    endloop
  endfacet
  facet normal 5.321242e-01 -8.445129e-01 -6.034707e-02
    outer loop
      vertex   1.477958e+02 -4.775038e+01 -4.550965e+00
      vertex   1.492269e+02 -4.730144e+01 1.785726e+00
      vertex   1.489021e+02 -4.751064e+01 1.849698e+00
    endloop
  endfacet
  facet normal 7.286521e-01 -6.774592e-01 -1.005741e-01
    outer loop
      vertex   1.477958e+02 -4.775038e+01 -4.550965e+00
      vertex   1.489021e+02 -4.751064e+01 1.849698e+00
      vertex   1.475360e+02 -4.803805e+01 -4.495288e+00
    endloop
  endfacet
  facet normal 7.286521e-01 -6.774592e-01 -1.005741e-01
    outer loop
      vertex   1.475360e+02 -4.803805e+01 -4.495288e+00
      vertex   1.489021e+02 -4.751064e+01 1.849698e+00
      vertex   1.486424e+02 -4.779831e+01 1.905375e+00
    endloop
  endfacet
  facet normal 8.755235e-01 -4.642378e-01 -1.339473e-01
    outer loop
      vertex   1.475360e+02 -4.803805e+01 -4.495288e+00
      vertex   1.486424e+02 -4.779831e+01 1.905375e+00
      vertex   1.473589e+02 -4.838457e+01 -4.451702e+00
    endloop
  endfacet
  facet normal 8.755235e-01 -4.642378e-01 -1.339473e-01
    outer loop
      vertex   1.473589e+02 -4.838457e+01 -4.451702e+00
      vertex   1.486424e+02 -4.779831e+01 1.905375e+00
      vertex   1.484653e+02 -4.814483e+01 1.948961e+00
    endloop
  endfacet
  facet normal 9.627294e-01 -2.193793e-01 -1.581921e-01
    outer loop
      vertex   1.473589e+02 -4.838457e+01 -4.451702e+00
      vertex   1.484653e+02 -4.814483e+01 1.948961e+00
      vertex   1.472766e+02 -4.876634e+01 -4.423176e+00
    endloop
  endfacet
  facet normal 9.627294e-01 -2.193793e-01 -1.581921e-01
    outer loop
      vertex   1.472766e+02 -4.876634e+01 -4.423176e+00
      vertex   1.484653e+02 -4.814483e+01 1.948961e+00
      vertex   1.483830e+02 -4.852660e+01 1.977487e+00
    endloop
  endfacet
  facet normal 9.843269e-01 4.042944e-02 -1.716564e-01
    outer loop
      vertex   1.472766e+02 -4.876634e+01 -4.423176e+00
      vertex   1.483830e+02 -4.852660e+01 1.977487e+00
      vertex   1.472947e+02 -4.915733e+01 -4.411655e+00
    endloop
  endfacet
  facet normal 9.843269e-01 4.042944e-02 -1.716564e-01
    outer loop
      vertex   1.472947e+02 -4.915733e+01 -4.411655e+00
      vertex   1.483830e+02 -4.852660e+01 1.977487e+00
      vertex   1.484011e+02 -4.891759e+01 1.989009e+00
    endloop
  endfacet
  facet normal 9.388442e-01 2.974830e-01 -1.734226e-01
    outer loop
      vertex   1.472947e+02 -4.915733e+01 -4.411655e+00
      vertex   1.484011e+02 -4.891759e+01 1.989009e+00
      vertex   1.474119e+02 -4.953090e+01 -4.417923e+00
    endloop
  endfacet
  facet normal 9.388442e-01 2.974830e-01 -1.734226e-01
    outer loop
      vertex   1.474119e+02 -4.953090e+01 -4.417923e+00
      vertex   1.484011e+02 -4.891759e+01 1.989009e+00
      vertex   1.485183e+02 -4.929116e+01 1.982740e+00
    endloop
  endfacet
  facet normal 8.293808e-01 5.342636e-01 -1.633703e-01
    outer loop
      vertex   1.474119e+02 -4.953090e+01 -4.417923e+00
      vertex   1.485183e+02 -4.929116e+01 1.982740e+00
      vertex   1.476203e+02 -4.986159e+01 -4.441553e+00
    endloop
  endfacet
  facet normal 8.293808e-01 5.342636e-01 -1.633703e-01
    outer loop
      vertex   1.476203e+02 -4.986159e+01 -4.441553e+00
      vertex   1.485183e+02 -4.929116e+01 1.982740e+00
      vertex   1.487266e+02 -4.962186e+01 1.959110e+00
    endloop
  endfacet
  facet normal 6.633964e-01 7.346351e-01 -1.421847e-01
    outer loop
      vertex   1.476203e+02 -4.986159e+01 -4.441553e+00
      vertex   1.487266e+02 -4.962186e+01 1.959110e+00
      vertex   1.479056e+02 -5.012687e+01 -4.480936e+00
    endloop
  endfacet
  facet normal 6.633964e-01 7.346351e-01 -1.421847e-01
    outer loop
      vertex   1.479056e+02 -5.012687e+01 -4.480936e+00
      vertex   1.487266e+02 -4.962186e+01 1.959110e+00
      vertex   1.490120e+02 -4.988714e+01 1.919727e+00
    endloop
  endfacet
  facet normal 4.522027e-01 8.849423e-01 -1.113093e-01
    outer loop
      vertex   1.479056e+02 -5.012687e+01 -4.480936e+00
      vertex   1.490120e+02 -4.988714e+01 1.919727e+00
      vertex   1.482484e+02 -5.030866e+01 -4.533387e+00
    endloop
  endfacet
  facet normal 4.522027e-01 8.849423e-01 -1.113093e-01
    outer loop
      vertex   1.482484e+02 -5.030866e+01 -4.533387e+00
      vertex   1.490120e+02 -4.988714e+01 1.919727e+00
      vertex   1.493548e+02 -5.006892e+01 1.867276e+00
    endloop
  endfacet
  facet normal 2.101921e-01 9.749422e-01 -7.284845e-02
    outer loop
      vertex   1.482484e+02 -5.030866e+01 -4.533387e+00
      vertex   1.493548e+02 -5.006892e+01 1.867276e+00
      vertex   1.486254e+02 -5.039456e+01 -4.595332e+00
    endloop
  endfacet
  facet normal 2.101921e-01 9.749422e-01 -7.284845e-02
    outer loop
      vertex   1.486254e+02 -5.039456e+01 -4.595332e+00
      vertex   1.493548e+02 -5.006892e+01 1.867276e+00
      vertex   1.497318e+02 -5.015482e+01 1.805332e+00
    endloop
  endfacet
  facet normal -4.614271e-02 9.985014e-01 -2.942308e-02
    outer loop
      vertex   1.486254e+02 -5.039456e+01 -4.595332e+00
      vertex   1.497318e+02 -5.015482e+01 1.805332e+00
      vertex   1.490109e+02 -5.037873e+01 -4.662549e+00
    endloop
  endfacet
  facet normal -4.614271e-02 9.985014e-01 -2.942308e-02
    outer loop
      vertex   1.490109e+02 -5.037873e+01 -4.662549e+00
      vertex   1.497318e+02 -5.015482e+01 1.805332e+00
      vertex   1.501172e+02 -5.013899e+01 1.738115e+00
    endloop
  endfacet
  facet normal -2.993330e-01 9.540144e-01 1.600743e-02
    outer loop
      vertex   1.490109e+02 -5.037873e+01 -4.662549e+00
      vertex   1.501172e+02 -5.013899e+01 1.738115e+00
      vertex   1.493785e+02 -5.026224e+01 -4.730457e+00
    endloop
  endfacet
  facet normal -2.993330e-01 9.540144e-01 1.600743e-02
    outer loop
      vertex   1.493785e+02 -5.026224e+01 -4.730457e+00
      vertex   1.501172e+02 -5.013899e+01 1.738115e+00
      vertex   1.504849e+02 -5.002251e+01 1.670206e+00
    endloop
  endfacet
  facet normal -5.321242e-01 8.445129e-01 6.034707e-02
    outer loop
      vertex   1.493785e+02 -5.026224e+01 -4.730457e+00
      vertex   1.504849e+02 -5.002251e+01 1.670206e+00
      vertex   1.497033e+02 -5.005304e+01 -4.794430e+00
    endloop
  endfacet
  facet normal -5.321242e-01 8.445129e-01 6.034707e-02
    outer loop
      vertex   1.497033e+02 -5.005304e+01 -4.794430e+00
      vertex   1.504849e+02 -5.002251e+01 1.670206e+00
      vertex   1.508096e+02 -4.981330e+01 1.606234e+00
    endloop
  endfacet
  facet normal -7.286521e-01 6.774592e-01 1.005741e-01
    outer loop
      vertex   1.497033e+02 -5.005304e+01 -4.794430e+00
      vertex   1.508096e+02 -4.981330e+01 1.606234e+00
      vertex   1.499630e+02 -4.976537e+01 -4.850106e+00
    endloop
  endfacet
  facet normal -7.286521e-01 6.774592e-01 1.005741e-01
    outer loop
      vertex   1.499630e+02 -4.976537e+01 -4.850106e+00
      vertex   1.508096e+02 -4.981330e+01 1.606234e+00
      vertex   1.510694e+02 -4.952563e+01 1.550557e+00
    endloop
  endfacet
  facet normal -8.755235e-01 4.642378e-01 1.339473e-01
    outer loop
      vertex   1.499630e+02 -4.976537e+01 -4.850106e+00
      vertex   1.510694e+02 -4.952563e+01 1.550557e+00
      vertex   1.501401e+02 -4.941884e+01 -4.893692e+00
    endloop
  endfacet
  facet normal -8.755235e-01 4.642378e-01 1.339473e-01
    outer loop
      vertex   1.501401e+02 -4.941884e+01 -4.893692e+00
      vertex   1.510694e+02 -4.952563e+01 1.550557e+00
      vertex   1.512465e+02 -4.917911e+01 1.506971e+00
    endloop
  endfacet
  facet normal -9.627294e-01 2.193793e-01 1.581921e-01
    outer loop
      vertex   1.501401e+02 -4.941884e+01 -4.893692e+00
      vertex   1.512465e+02 -4.917911e+01 1.506971e+00
      vertex   1.502224e+02 -4.903708e+01 -4.922218e+00
    endloop
  endfacet
  facet normal -9.627294e-01 2.193793e-01 1.581921e-01
    outer loop
      vertex   1.502224e+02 -4.903708e+01 -4.922218e+00
      vertex   1.512465e+02 -4.917911e+01 1.506971e+00
      vertex   1.513288e+02 -4.879734e+01 1.478445e+00
    endloop
  endfacet
  facet normal 1.305061e-01 9.914433e-01 2.878060e-03
    outer loop
      vertex   1.680921e+02 -1.003845e+02 -4.055990e+00
      vertex   1.686182e+02 -1.004668e+02 4.252245e-01
      vertex   1.687392e+02 -1.004697e+02 -4.051526e+00
    endloop
  endfacet
  facet normal -8.290223e-02 9.965535e-01 -2.892219e-03
    outer loop
      vertex   1.687392e+02 -1.004697e+02 -4.051526e+00
      vertex   1.686182e+02 -1.004668e+02 4.252245e-01
      vertex   1.692686e+02 -1.004130e+02 3.107859e-01
    endloop
  endfacet
  facet normal -1.305056e-01 9.914432e-01 2.951640e-03
    outer loop
      vertex   1.687392e+02 -1.004697e+02 -4.051526e+00
      vertex   1.692686e+02 -1.004130e+02 3.107859e-01
      vertex   1.693862e+02 -1.003845e+02 -4.055990e+00
    endloop
  endfacet
  facet normal -3.380164e-01 9.411355e-01 -2.965411e-03
    outer loop
      vertex   1.693862e+02 -1.003845e+02 -4.055990e+00
      vertex   1.692686e+02 -1.004130e+02 3.107859e-01
      vertex   1.698830e+02 -1.001927e+02 1.963473e-01
    endloop
  endfacet
  facet normal -3.826257e-01 9.238985e-01 3.022913e-03
    outer loop
      vertex   1.693862e+02 -1.003845e+02 -4.055990e+00
      vertex   1.698830e+02 -1.001927e+02 1.963473e-01
      vertex   1.699892e+02 -1.001348e+02 -4.069079e+00
    endloop
  endfacet
  facet normal -5.700627e-01 8.215956e-01 -3.035193e-03
    outer loop
      vertex   1.699892e+02 -1.001348e+02 -4.069079e+00
      vertex   1.698830e+02 -1.001927e+02 1.963473e-01
      vertex   1.704193e+02 -9.982095e+01 8.970754e-02
    endloop
  endfacet
  facet normal -6.086804e-01 7.934095e-01 3.086070e-03
    outer loop
      vertex   1.699892e+02 -1.001348e+02 -4.069079e+00
      vertex   1.704193e+02 -9.982095e+01 8.970754e-02
      vertex   1.705070e+02 -9.973748e+01 -4.089901e+00
    endloop
  endfacet
  facet normal -7.632430e-01 6.461042e-01 -3.095740e-03
    outer loop
      vertex   1.705070e+02 -9.973748e+01 -4.089901e+00
      vertex   1.704193e+02 -9.982095e+01 8.970754e-02
      vertex   1.708412e+02 -9.932302e+01 -1.866130e-03
    endloop
  endfacet
  facet normal -7.932701e-01 6.088619e-01 3.135327e-03
    outer loop
      vertex   1.705070e+02 -9.973748e+01 -4.089901e+00
      vertex   1.708412e+02 -9.932302e+01 -1.866130e-03
      vertex   1.709043e+02 -9.921972e+01 -4.117036e+00
    endloop
  endfacet
  facet normal -9.044190e-01 4.266338e-01 -3.141404e-03
    outer loop
      vertex   1.709043e+02 -9.921972e+01 -4.117036e+00
      vertex   1.708412e+02 -9.932302e+01 -1.866130e-03
      vertex   1.711199e+02 -9.873286e+01 -7.213308e-02
    endloop
  endfacet
  facet normal -9.238162e-01 3.828231e-01 3.165743e-03
    outer loop
      vertex   1.709043e+02 -9.921972e+01 -4.117036e+00
      vertex   1.711199e+02 -9.873286e+01 -7.213308e-02
      vertex   1.711540e+02 -9.861676e+01 -4.148635e+00
    endloop
  endfacet
  facet normal -9.840005e-01 1.781376e-01 -3.167546e-03
    outer loop
      vertex   1.711540e+02 -9.861676e+01 -4.148635e+00
      vertex   1.711199e+02 -9.873286e+01 -7.213308e-02
      vertex   1.712363e+02 -9.809069e+01 -1.163047e-01
    endloop
  endfacet
  facet normal -9.914183e-01 1.306890e-01 3.174076e-03
    outer loop
      vertex   1.711540e+02 -9.861676e+01 -4.148635e+00
      vertex   1.712363e+02 -9.809069e+01 -1.163047e-01
      vertex   1.712392e+02 -9.796972e+01 -4.182545e+00
    endloop
  endfacet
  facet normal -9.965885e-01 -8.246970e-02 -3.171362e-03
    outer loop
      vertex   1.712392e+02 -9.796972e+01 -4.182545e+00
      vertex   1.712363e+02 -9.809069e+01 -1.163047e-01
      vertex   1.711825e+02 -9.744028e+01 -1.313709e-01
    endloop
  endfacet
  facet normal -9.914613e-01 -1.303628e-01 3.159412e-03
    outer loop
      vertex   1.712392e+02 -9.796972e+01 -4.182545e+00
      vertex   1.711825e+02 -9.744028e+01 -1.313709e-01
      vertex   1.711540e+02 -9.732267e+01 -4.216456e+00
    endloop
  endfacet
  facet normal -9.413352e-01 -3.374583e-01 -3.152433e-03
    outer loop
      vertex   1.711540e+02 -9.732267e+01 -4.216456e+00
      vertex   1.711825e+02 -9.744028e+01 -1.313709e-01
      vertex   1.709622e+02 -9.682595e+01 -1.163047e-01
    endloop
  endfacet
  facet normal -9.239329e-01 -3.825418e-01 3.123352e-03
    outer loop
      vertex   1.711540e+02 -9.732267e+01 -4.216456e+00
      vertex   1.709622e+02 -9.682595e+01 -1.163047e-01
      vertex   1.709043e+02 -9.671972e+01 -4.248055e+00
    endloop
  endfacet
  facet normal -8.219980e-01 -5.694819e-01 -3.112813e-03
    outer loop
      vertex   1.709043e+02 -9.671972e+01 -4.248055e+00
      vertex   1.709622e+02 -9.682595e+01 -1.163047e-01
      vertex   1.705904e+02 -9.628956e+01 -7.213308e-02
    endloop
  endfacet
  facet normal -7.934273e-01 -6.086573e-01 3.069688e-03
    outer loop
      vertex   1.709043e+02 -9.671972e+01 -4.248055e+00
      vertex   1.705904e+02 -9.628956e+01 -7.213308e-02
      vertex   1.705070e+02 -9.620195e+01 -4.275190e+00
    endloop
  endfacet
  facet normal -6.466868e-01 -7.627496e-01 -3.056613e-03
    outer loop
      vertex   1.705070e+02 -9.620195e+01 -4.275190e+00
      vertex   1.705904e+02 -9.628956e+01 -7.213308e-02
      vertex   1.700925e+02 -9.586768e+01 -1.866130e-03
    endloop
  endfacet
  facet normal -6.088347e-01 -7.932914e-01 3.003683e-03
    outer loop
      vertex   1.705070e+02 -9.620195e+01 -4.275190e+00
      vertex   1.700925e+02 -9.586768e+01 -1.866130e-03
      vertex   1.699892e+02 -9.580465e+01 -4.296012e+00
    endloop
  endfacet
  facet normal -4.273191e-01 -9.040959e-01 -2.989245e-03
    outer loop
      vertex   1.699892e+02 -9.580465e+01 -4.296012e+00
      vertex   1.700925e+02 -9.586768e+01 -1.866130e-03
      vertex   1.695023e+02 -9.558904e+01 8.970754e-02
    endloop
  endfacet
  facet normal -3.827361e-01 -9.238531e-01 2.931202e-03
    outer loop
      vertex   1.699892e+02 -9.580465e+01 -4.296012e+00
      vertex   1.695023e+02 -9.558904e+01 8.970754e-02
      vertex   1.693862e+02 -9.555490e+01 -4.309101e+00
    endloop
  endfacet
  facet normal -1.788176e-01 -9.838779e-01 -2.916558e-03
    outer loop
      vertex   1.693862e+02 -9.555490e+01 -4.309101e+00
      vertex   1.695023e+02 -9.558904e+01 8.970754e-02
      vertex   1.688602e+02 -9.547264e+01 1.963473e-01
    endloop
  endfacet
  facet normal -1.305450e-01 -9.914383e-01 2.857944e-03
    outer loop
      vertex   1.693862e+02 -9.555490e+01 -4.309101e+00
      vertex   1.688602e+02 -9.547264e+01 1.963473e-01
      vertex   1.687392e+02 -9.546972e+01 -4.313565e+00
    endloop
  endfacet
  facet normal 8.189979e-02 -9.966365e-01 -2.844117e-03
    outer loop
      vertex   1.687392e+02 -9.546972e+01 -4.313565e+00
      vertex   1.688602e+02 -9.547264e+01 1.963473e-01
      vertex   1.682098e+02 -9.552642e+01 3.107859e-01
    endloop
  endfacet
  facet normal 1.305446e-01 -9.914385e-01 2.788907e-03
    outer loop
      vertex   1.687392e+02 -9.546972e+01 -4.313565e+00
      vertex   1.682098e+02 -9.552642e+01 3.107859e-01
      vertex   1.680921e+02 -9.555490e+01 -4.309101e+00
    endloop
  endfacet
  facet normal 3.370688e-01 -9.414759e-01 -2.776722e-03
    outer loop
      vertex   1.680921e+02 -9.555490e+01 -4.309101e+00
      vertex   1.682098e+02 -9.552642e+01 3.107859e-01
      vertex   1.675954e+02 -9.574670e+01 4.252245e-01
    endloop
  endfacet
  facet normal 3.827326e-01 -9.238552e-01 2.728130e-03
    outer loop
      vertex   1.680921e+02 -9.555490e+01 -4.309101e+00
      vertex   1.675954e+02 -9.574670e+01 4.252245e-01
      vertex   1.674892e+02 -9.580465e+01 -4.296012e+00
    endloop
  endfacet
  facet normal 5.692906e-01 -8.221319e-01 -2.718205e-03
    outer loop
      vertex   1.674892e+02 -9.580465e+01 -4.296012e+00
      vertex   1.675954e+02 -9.574670e+01 4.252245e-01
      vertex   1.670590e+02 -9.611848e+01 5.318643e-01
    endloop
  endfacet
  facet normal 6.088270e-01 -7.932985e-01 2.678657e-03
    outer loop
      vertex   1.674892e+02 -9.580465e+01 -4.296012e+00
      vertex   1.670590e+02 -9.611848e+01 5.318643e-01
      vertex   1.669714e+02 -9.620195e+01 -4.275190e+00
    endloop
  endfacet
  facet normal 7.627208e-01 -6.467224e-01 -2.671413e-03
    outer loop
      vertex   1.669714e+02 -9.620195e+01 -4.275190e+00
      vertex   1.670590e+02 -9.611848e+01 5.318643e-01
      vertex   1.666371e+02 -9.661641e+01 6.234380e-01
    endloop
  endfacet
  facet normal 7.934175e-01 -6.086721e-01 2.642622e-03
    outer loop
      vertex   1.669714e+02 -9.620195e+01 -4.275190e+00
      vertex   1.666371e+02 -9.661641e+01 6.234380e-01
      vertex   1.665741e+02 -9.671972e+01 -4.248055e+00
    endloop
  endfacet
  facet normal 9.041547e-01 -4.271971e-01 -2.638319e-03
    outer loop
      vertex   1.665741e+02 -9.671972e+01 -4.248055e+00
      vertex   1.666371e+02 -9.661641e+01 6.234380e-01
      vertex   1.663585e+02 -9.720657e+01 6.937050e-01
    endloop
  endfacet
  facet normal 9.239249e-01 -3.825649e-01 2.621393e-03
    outer loop
      vertex   1.665741e+02 -9.671972e+01 -4.248055e+00
      vertex   1.663585e+02 -9.720657e+01 6.937050e-01
      vertex   1.663244e+02 -9.732267e+01 -4.216456e+00
    endloop
  endfacet
  facet normal 9.839322e-01 -1.785233e-01 -2.620158e-03
    outer loop
      vertex   1.663244e+02 -9.732267e+01 -4.216456e+00
      vertex   1.663585e+02 -9.720657e+01 6.937050e-01
      vertex   1.662421e+02 -9.784874e+01 7.378766e-01
    endloop
  endfacet
  facet normal 9.914592e-01 -1.303910e-01 2.615707e-03
    outer loop
      vertex   1.663244e+02 -9.732267e+01 -4.216456e+00
      vertex   1.662421e+02 -9.784874e+01 7.378766e-01
      vertex   1.662392e+02 -9.796972e+01 -4.182545e+00
    endloop
  endfacet
  facet normal 9.966011e-01 8.233665e-02 -2.617553e-03
    outer loop
      vertex   1.662392e+02 -9.796972e+01 -4.182545e+00
      vertex   1.662421e+02 -9.784874e+01 7.378766e-01
      vertex   1.662959e+02 -9.849915e+01 7.529427e-01
    endloop
  endfacet
  facet normal 9.914236e-01 1.306610e-01 2.625750e-03
    outer loop
      vertex   1.662392e+02 -9.796972e+01 -4.182545e+00
      vertex   1.662959e+02 -9.849915e+01 7.529427e-01
      vertex   1.663244e+02 -9.861676e+01 -4.148635e+00
    endloop
  endfacet
  facet normal 9.412916e-01 3.375845e-01 -2.630590e-03
    outer loop
      vertex   1.663244e+02 -9.861676e+01 -4.148635e+00
      vertex   1.662959e+02 -9.849915e+01 7.529427e-01
      vertex   1.665162e+02 -9.911348e+01 7.378766e-01
    endloop
  endfacet
  facet normal 9.238272e-01 3.828007e-01 2.651189e-03
    outer loop
      vertex   1.663244e+02 -9.861676e+01 -4.148635e+00
      vertex   1.665162e+02 -9.911348e+01 7.378766e-01
      vertex   1.665741e+02 -9.921972e+01 -4.117036e+00
    endloop
  endfacet
  facet normal 8.217765e-01 5.698037e-01 -2.658830e-03
    outer loop
      vertex   1.665741e+02 -9.921972e+01 -4.117036e+00
      vertex   1.665162e+02 -9.911348e+01 7.378766e-01
      vertex   1.668880e+02 -9.964987e+01 6.937050e-01
    endloop
  endfacet
  facet normal 7.932823e-01 6.088480e-01 2.691122e-03
    outer loop
      vertex   1.665741e+02 -9.921972e+01 -4.117036e+00
      vertex   1.668880e+02 -9.964987e+01 6.937050e-01
      vertex   1.669714e+02 -9.973748e+01 -4.089901e+00
    endloop
  endfacet
  facet normal 6.462144e-01 7.631511e-01 -2.701252e-03
    outer loop
      vertex   1.669714e+02 -9.973748e+01 -4.089901e+00
      vertex   1.668880e+02 -9.964987e+01 6.937050e-01
      vertex   1.673859e+02 -1.000718e+02 6.234380e-01
    endloop
  endfacet
  facet normal 6.086897e-01 7.934036e-01 2.743985e-03
    outer loop
      vertex   1.669714e+02 -9.973748e+01 -4.089901e+00
      vertex   1.673859e+02 -1.000718e+02 6.234380e-01
      vertex   1.674892e+02 -1.001348e+02 -4.069079e+00
    endloop
  endfacet
  facet normal 4.265904e-01 9.044407e-01 -2.756146e-03
    outer loop
      vertex   1.674892e+02 -1.001348e+02 -4.069079e+00
      vertex   1.673859e+02 -1.000718e+02 6.234380e-01
      vertex   1.679760e+02 -1.003504e+02 5.318643e-01
    endloop
  endfacet
  facet normal 3.826299e-01 9.238974e-01 2.807402e-03
    outer loop
      vertex   1.674892e+02 -1.001348e+02 -4.069079e+00
      vertex   1.679760e+02 -1.003504e+02 5.318643e-01
      vertex   1.680921e+02 -1.003845e+02 -4.055990e+00
    endloop
  endfacet
  facet normal 1.778951e-01 9.840454e-01 -2.820967e-03
    outer loop
      vertex   1.680921e+02 -1.003845e+02 -4.055990e+00
      vertex   1.679760e+02 -1.003504e+02 5.318643e-01
      vertex   1.686182e+02 -1.004668e+02 4.252245e-01
    endloop
  endfacet
  facet normal -1.740008e-01 9.833959e-01 -5.153760e-02
    outer loop
      vertex   1.318721e+02 -8.587628e+01 2.446471e-01
      vertex   1.316942e+02 -8.590774e+01 2.446471e-01
      vertex   1.318360e+02 -8.556925e+01 6.225095e+00
    endloop
  endfacet
  facet normal -1.740008e-01 9.833959e-01 -5.153760e-02
    outer loop
      vertex   1.318360e+02 -8.556925e+01 6.225095e+00
      vertex   1.316942e+02 -8.590774e+01 2.446471e-01
      vertex   1.316401e+02 -8.560206e+01 6.260170e+00
    endloop
  endfacet
  facet normal -7.490433e-01 6.614509e-01 -3.764224e-02
    outer loop
      vertex   1.289849e+02 -6.944360e+01 6.113911e+00
      vertex   1.398043e+02 -5.732376e+01 3.789824e+00
      vertex   1.290292e+02 -6.982376e+01 -1.447300e+00
    endloop
  endfacet
  facet normal -7.490432e-01 6.614509e-01 -3.764267e-02
    outer loop
      vertex   1.290292e+02 -6.982376e+01 -1.447300e+00
      vertex   1.398043e+02 -5.732376e+01 3.789824e+00
      vertex   1.399663e+02 -5.746700e+01 -1.950442e+00
    endloop
  endfacet
  facet normal -7.490431e-01 6.614506e-01 -3.764914e-02
    outer loop
      vertex   1.290292e+02 -6.982376e+01 -1.447300e+00
      vertex   1.399663e+02 -5.746700e+01 -1.950442e+00
      vertex   1.290434e+02 -6.983631e+01 -1.949993e+00
    endloop
  endfacet
  facet normal -9.847314e-01 -1.740806e-01 -1.042943e-06
    outer loop
      vertex   1.273673e+02 -1.292657e+02 9.475382e+00
      vertex   1.269325e+02 -1.268063e+02 8.617199e+00
      vertex   1.273744e+02 -1.293058e+02 3.480007e+00
    endloop
  endfacet
  facet normal -9.847314e-01 -1.740806e-01 -1.042942e-06
    outer loop
      vertex   1.273744e+02 -1.293058e+02 3.480007e+00
      vertex   1.269325e+02 -1.268063e+02 8.617199e+00
      vertex   1.200614e+02 -8.793806e+01 4.695812e+00
    endloop
  endfacet
  facet normal -9.847314e-01 -1.740806e-01 -1.042943e-06
    outer loop
      vertex   1.273744e+02 -1.293058e+02 3.480007e+00
      vertex   1.200614e+02 -8.793806e+01 4.695812e+00
      vertex   1.200627e+02 -8.794554e+01 3.195830e+00
    endloop
  endfacet
  facet normal -9.847314e-01 -1.740806e-01 -1.042943e-06
    outer loop
      vertex   1.200627e+02 -8.794554e+01 3.195830e+00
      vertex   1.200614e+02 -8.793806e+01 4.695812e+00
      vertex   1.200609e+02 -8.793554e+01 4.695795e+00
    endloop
  endfacet
  facet normal -9.847314e-01 -1.740806e-01 -1.042943e-06
    outer loop
      vertex   1.273673e+02 -1.292657e+02 9.475382e+00
      vertex   1.269315e+02 -1.268007e+02 9.458445e+00
      vertex   1.269325e+02 -1.268063e+02 8.617199e+00
    endloop
  endfacet
  facet normal -9.847314e-01 -1.740806e-01 -1.042943e-06
    outer loop
      vertex   1.269325e+02 -1.268063e+02 8.617199e+00
      vertex   1.200571e+02 -8.791372e+01 8.348901e+00
      vertex   1.200614e+02 -8.793806e+01 4.695812e+00
    endloop
  endfacet
  facet normal -1.742284e-01 9.846820e-01 -6.765702e-03
    outer loop
      vertex   1.200571e+02 -8.791372e+01 8.348901e+00
      vertex   1.316876e+02 -8.587017e+01 6.262012e+00
      vertex   1.200614e+02 -8.793806e+01 4.695812e+00
    endloop
  endfacet
  facet normal -1.742284e-01 9.846820e-01 -6.765702e-03
    outer loop
      vertex   1.200614e+02 -8.793806e+01 4.695812e+00
      vertex   1.316876e+02 -8.587017e+01 6.262012e+00
      vertex   1.316894e+02 -8.588061e+01 4.695812e+00
    endloop
  endfacet
  facet normal -9.847023e-01 -1.742452e-01 8.827394e-08
    outer loop
      vertex   1.316942e+02 -8.590774e+01 2.446471e-01
      vertex   1.316890e+02 -8.587809e+01 4.695795e+00
      vertex   1.316401e+02 -8.560206e+01 6.260170e+00
    endloop
  endfacet
  facet normal -9.847046e-01 -1.742324e-01 -2.246905e-06
    outer loop
      vertex   1.316401e+02 -8.560206e+01 6.260170e+00
      vertex   1.316890e+02 -8.587809e+01 4.695795e+00
      vertex   1.316876e+02 -8.587017e+01 6.262012e+00
    endloop
  endfacet
  facet normal -9.849434e-01 -1.728773e-01 -9.309547e-06
    outer loop
      vertex   1.316876e+02 -8.587017e+01 6.262012e+00
      vertex   1.316890e+02 -8.587809e+01 4.695795e+00
      vertex   1.316894e+02 -8.588061e+01 4.695812e+00
    endloop
  endfacet
  facet normal -8.351756e-01 -5.499810e-01 -1.597643e-03
    outer loop
      vertex   5.831276e+01 -1.387752e+02 8.664160e+00
      vertex   5.858721e+01 -1.391609e+02 -2.023805e+00
      vertex   5.867169e+01 -1.393203e+02 8.664160e+00
    endloop
  endfacet
  facet normal -9.239080e-01 -3.826114e-01 1.598944e-03
    outer loop
      vertex   5.867169e+01 -1.393203e+02 8.664160e+00
      vertex   5.858721e+01 -1.391609e+02 -2.023805e+00
      vertex   5.883696e+01 -1.397639e+02 -1.992206e+00
    endloop
  endfacet
  facet normal -9.490633e-01 -3.150815e-01 -1.602381e-03
    outer loop
      vertex   5.867169e+01 -1.393203e+02 8.664160e+00
      vertex   5.883696e+01 -1.397639e+02 -1.992206e+00
      vertex   5.887733e+01 -1.399397e+02 8.664160e+00
    endloop
  endfacet
  facet normal -9.914545e-01 -1.304434e-01 1.603785e-03
    outer loop
      vertex   5.887733e+01 -1.399397e+02 8.664160e+00
      vertex   5.883696e+01 -1.397639e+02 -1.992206e+00
      vertex   5.892215e+01 -1.404109e+02 -1.958296e+00
    endloop
  endfacet
  facet normal -9.982738e-01 -5.870972e-02 -1.607496e-03
    outer loop
      vertex   5.887733e+01 -1.399397e+02 8.664160e+00
      vertex   5.892215e+01 -1.404109e+02 -1.958296e+00
      vertex   5.891564e+01 -1.405912e+02 8.664160e+00
    endloop
  endfacet
  facet normal -9.914327e-01 1.306089e-01 1.608909e-03
    outer loop
      vertex   5.891564e+01 -1.405912e+02 8.664160e+00
      vertex   5.892215e+01 -1.404109e+02 -1.958296e+00
      vertex   5.883696e+01 -1.410580e+02 -1.924385e+00
    endloop
  endfacet
  facet normal -9.794536e-01 2.016630e-01 -1.612644e-03
    outer loop
      vertex   5.891564e+01 -1.405912e+02 8.664160e+00
      vertex   5.883696e+01 -1.410580e+02 -1.924385e+00
      vertex   5.878403e+01 -1.412304e+02 8.664160e+00
    endloop
  endfacet
  facet normal -9.238484e-01 3.827551e-01 1.613969e-03
    outer loop
      vertex   5.878403e+01 -1.412304e+02 8.664160e+00
      vertex   5.883696e+01 -1.410580e+02 -1.924385e+00
      vertex   5.858721e+01 -1.416609e+02 -1.892786e+00
    endloop
  endfacet
  facet normal -8.938853e-01 4.482928e-01 -1.617471e-03
    outer loop
      vertex   5.878403e+01 -1.412304e+02 8.664160e+00
      vertex   5.858721e+01 -1.416609e+02 -1.892786e+00
      vertex   5.849146e+01 -1.418138e+02 8.664160e+00
    endloop
  endfacet
  facet normal -7.933113e-01 6.088140e-01 1.618616e-03
    outer loop
      vertex   5.849146e+01 -1.418138e+02 8.664160e+00
      vertex   5.858721e+01 -1.416609e+02 -1.892786e+00
      vertex   5.818991e+01 -1.421787e+02 -1.865651e+00
    endloop
  endfacet
  facet normal -7.474002e-01 6.643721e-01 -1.621639e-03
    outer loop
      vertex   5.849146e+01 -1.418138e+02 8.664160e+00
      vertex   5.818991e+01 -1.421787e+02 -1.865651e+00
      vertex   5.805787e+01 -1.423015e+02 8.664160e+00
    endloop
  endfacet
  facet normal -6.087196e-01 7.933838e-01 1.622522e-03
    outer loop
      vertex   5.805787e+01 -1.423015e+02 8.664160e+00
      vertex   5.818991e+01 -1.421787e+02 -1.865651e+00
      vertex   5.767215e+01 -1.425760e+02 -1.844830e+00
    endloop
  endfacet
  facet normal -5.499810e-01 8.351756e-01 -1.624852e-03
    outer loop
      vertex   5.805787e+01 -1.423015e+02 8.664160e+00
      vertex   5.767215e+01 -1.425760e+02 -1.844830e+00
      vertex   5.751281e+01 -1.426605e+02 8.664160e+00
    endloop
  endfacet
  facet normal -3.826528e-01 9.238908e-01 1.625409e-03
    outer loop
      vertex   5.751281e+01 -1.426605e+02 8.664160e+00
      vertex   5.767215e+01 -1.425760e+02 -1.844830e+00
      vertex   5.706919e+01 -1.428257e+02 -1.831741e+00
    endloop
  endfacet
  facet normal -3.150815e-01 9.490632e-01 -1.626878e-03
    outer loop
      vertex   5.751281e+01 -1.426605e+02 8.664160e+00
      vertex   5.706919e+01 -1.428257e+02 -1.831741e+00
      vertex   5.689342e+01 -1.428661e+02 8.664160e+00
    endloop
  endfacet
  facet normal -1.305150e-01 9.914450e-01 1.627069e-03
    outer loop
      vertex   5.689342e+01 -1.428661e+02 8.664160e+00
      vertex   5.706919e+01 -1.428257e+02 -1.831741e+00
      vertex   5.642215e+01 -1.429109e+02 -1.827276e+00
    endloop
  endfacet
  facet normal -5.870972e-02 9.982738e-01 -1.627571e-03
    outer loop
      vertex   5.689342e+01 -1.428661e+02 8.664160e+00
      vertex   5.642215e+01 -1.429109e+02 -1.827276e+00
      vertex   5.624191e+01 -1.429044e+02 8.664160e+00
    endloop
  endfacet
  facet normal 1.305150e-01 9.914450e-01 1.627380e-03
    outer loop
      vertex   5.624191e+01 -1.429044e+02 8.664160e+00
      vertex   5.642215e+01 -1.429109e+02 -1.827276e+00
      vertex   5.577510e+01 -1.428257e+02 -1.831741e+00
    endloop
  endfacet
  facet normal 2.016630e-01 9.794536e-01 -1.626878e-03
    outer loop
      vertex   5.624191e+01 -1.429044e+02 8.664160e+00
      vertex   5.577510e+01 -1.428257e+02 -1.831741e+00
      vertex   5.560269e+01 -1.427728e+02 8.664160e+00
    endloop
  endfacet
  facet normal 3.826528e-01 9.238908e-01 1.626321e-03
    outer loop
      vertex   5.560269e+01 -1.427728e+02 8.664160e+00
      vertex   5.577510e+01 -1.428257e+02 -1.831741e+00
      vertex   5.517215e+01 -1.425760e+02 -1.844830e+00
    endloop
  endfacet
  facet normal 4.482928e-01 8.938853e-01 -1.624852e-03
    outer loop
      vertex   5.560269e+01 -1.427728e+02 8.664160e+00
      vertex   5.517215e+01 -1.425760e+02 -1.844830e+00
      vertex   5.501931e+01 -1.424802e+02 8.664160e+00
    endloop
  endfacet
  facet normal 6.087195e-01 7.933838e-01 1.623967e-03
    outer loop
      vertex   5.501931e+01 -1.424802e+02 8.664160e+00
      vertex   5.517215e+01 -1.425760e+02 -1.844830e+00
      vertex   5.465438e+01 -1.421787e+02 -1.865651e+00
    endloop
  endfacet
  facet normal 6.643721e-01 7.474002e-01 -1.621639e-03
    outer loop
      vertex   5.501931e+01 -1.424802e+02 8.664160e+00
      vertex   5.465438e+01 -1.421787e+02 -1.865651e+00
      vertex   5.453154e+01 -1.420467e+02 8.664160e+00
    endloop
  endfacet
  facet normal 7.933113e-01 6.088141e-01 1.620490e-03
    outer loop
      vertex   5.453154e+01 -1.420467e+02 8.664160e+00
      vertex   5.465438e+01 -1.421787e+02 -1.865651e+00
      vertex   5.425708e+01 -1.416609e+02 -1.892786e+00
    endloop
  endfacet
  facet normal 8.351756e-01 5.499810e-01 -1.617471e-03
    outer loop
      vertex   5.453154e+01 -1.420467e+02 8.664160e+00
      vertex   5.425708e+01 -1.416609e+02 -1.892786e+00
      vertex   5.417260e+01 -1.415016e+02 8.664160e+00
    endloop
  endfacet
  facet normal 9.238484e-01 3.827552e-01 1.616140e-03
    outer loop
      vertex   5.417260e+01 -1.415016e+02 8.664160e+00
      vertex   5.425708e+01 -1.416609e+02 -1.892786e+00
      vertex   5.400733e+01 -1.410580e+02 -1.924385e+00
    endloop
  endfacet
  facet normal 9.490632e-01 3.150815e-01 -1.612644e-03
    outer loop
      vertex   5.417260e+01 -1.415016e+02 8.664160e+00
      vertex   5.400733e+01 -1.410580e+02 -1.924385e+00
      vertex   5.396697e+01 -1.408822e+02 8.664160e+00
    endloop
  endfacet
  facet normal 9.914326e-01 1.306090e-01 1.611225e-03
    outer loop
      vertex   5.396697e+01 -1.408822e+02 8.664160e+00
      vertex   5.400733e+01 -1.410580e+02 -1.924385e+00
      vertex   5.392215e+01 -1.404109e+02 -1.958296e+00
    endloop
  endfacet
  facet normal 9.982738e-01 5.870972e-02 -1.607496e-03
    outer loop
      vertex   5.396697e+01 -1.408822e+02 8.664160e+00
      vertex   5.392215e+01 -1.404109e+02 -1.958296e+00
      vertex   5.392865e+01 -1.402307e+02 8.664160e+00
    endloop
  endfacet
  facet normal 9.914545e-01 -1.304433e-01 1.606085e-03
    outer loop
      vertex   5.392865e+01 -1.402307e+02 8.664160e+00
      vertex   5.392215e+01 -1.404109e+02 -1.958296e+00
      vertex   5.400733e+01 -1.397639e+02 -1.992206e+00
    endloop
  endfacet
  facet normal 9.794536e-01 -2.016630e-01 -1.602381e-03
    outer loop
      vertex   5.392865e+01 -1.402307e+02 8.664160e+00
      vertex   5.400733e+01 -1.397639e+02 -1.992206e+00
      vertex   5.406026e+01 -1.395915e+02 8.664160e+00
    endloop
  endfacet
  facet normal 9.239080e-01 -3.826113e-01 1.601075e-03
    outer loop
      vertex   5.406026e+01 -1.395915e+02 8.664160e+00
      vertex   5.400733e+01 -1.397639e+02 -1.992206e+00
      vertex   5.425708e+01 -1.391609e+02 -2.023805e+00
    endloop
  endfacet
  facet normal 8.938853e-01 -4.482928e-01 -1.597643e-03
    outer loop
      vertex   5.406026e+01 -1.395915e+02 8.664160e+00
      vertex   5.425708e+01 -1.391609e+02 -2.023805e+00
      vertex   5.435283e+01 -1.390081e+02 8.664160e+00
    endloop
  endfacet
  facet normal 7.933927e-01 -6.087080e-01 1.596528e-03
    outer loop
      vertex   5.435283e+01 -1.390081e+02 8.664160e+00
      vertex   5.425708e+01 -1.391609e+02 -2.023805e+00
      vertex   5.465438e+01 -1.386432e+02 -2.050940e+00
    endloop
  endfacet
  facet normal 7.474002e-01 -6.643721e-01 -1.593597e-03
    outer loop
      vertex   5.435283e+01 -1.390081e+02 8.664160e+00
      vertex   5.465438e+01 -1.386432e+02 -2.050940e+00
      vertex   5.478642e+01 -1.385203e+02 8.664160e+00
    endloop
  endfacet
  facet normal 6.088010e-01 -7.933214e-01 1.592746e-03
    outer loop
      vertex   5.478642e+01 -1.385203e+02 8.664160e+00
      vertex   5.465438e+01 -1.386432e+02 -2.050940e+00
      vertex   5.517215e+01 -1.382459e+02 -2.071762e+00
    endloop
  endfacet
  facet normal 5.499810e-01 -8.351756e-01 -1.590507e-03
    outer loop
      vertex   5.478642e+01 -1.385203e+02 8.664160e+00
      vertex   5.517215e+01 -1.382459e+02 -2.071762e+00
      vertex   5.533149e+01 -1.381614e+02 8.664160e+00
    endloop
  endfacet
  facet normal 3.827124e-01 -9.238662e-01 1.589973e-03
    outer loop
      vertex   5.533149e+01 -1.381614e+02 8.664160e+00
      vertex   5.517215e+01 -1.382459e+02 -2.071762e+00
      vertex   5.577510e+01 -1.379961e+02 -2.084851e+00
    endloop
  endfacet
  facet normal 3.150815e-01 -9.490633e-01 -1.588570e-03
    outer loop
      vertex   5.533149e+01 -1.381614e+02 8.664160e+00
      vertex   5.577510e+01 -1.379961e+02 -2.084851e+00
      vertex   5.595088e+01 -1.379558e+02 8.664160e+00
    endloop
  endfacet
  facet normal 1.305368e-01 -9.914422e-01 1.588388e-03
    outer loop
      vertex   5.595088e+01 -1.379558e+02 8.664160e+00
      vertex   5.577510e+01 -1.379961e+02 -2.084851e+00
      vertex   5.642215e+01 -1.379109e+02 -2.089315e+00
    endloop
  endfacet
  facet normal 5.870972e-02 -9.982738e-01 -1.587910e-03
    outer loop
      vertex   5.595088e+01 -1.379558e+02 8.664160e+00
      vertex   5.642215e+01 -1.379109e+02 -2.089315e+00
      vertex   5.660238e+01 -1.379174e+02 8.664160e+00
    endloop
  endfacet
  facet normal -1.305368e-01 -9.914422e-01 1.588092e-03
    outer loop
      vertex   5.660238e+01 -1.379174e+02 8.664160e+00
      vertex   5.642215e+01 -1.379109e+02 -2.089315e+00
      vertex   5.706919e+01 -1.379961e+02 -2.084851e+00
    endloop
  endfacet
  facet normal -2.016630e-01 -9.794537e-01 -1.588570e-03
    outer loop
      vertex   5.660238e+01 -1.379174e+02 8.664160e+00
      vertex   5.706919e+01 -1.379961e+02 -2.084851e+00
      vertex   5.724160e+01 -1.380490e+02 8.664160e+00
    endloop
  endfacet
  facet normal -3.827124e-01 -9.238662e-01 1.589102e-03
    outer loop
      vertex   5.724160e+01 -1.380490e+02 8.664160e+00
      vertex   5.706919e+01 -1.379961e+02 -2.084851e+00
      vertex   5.767215e+01 -1.382459e+02 -2.071762e+00
    endloop
  endfacet
  facet normal -4.482928e-01 -8.938854e-01 -1.590507e-03
    outer loop
      vertex   5.724160e+01 -1.380490e+02 8.664160e+00
      vertex   5.767215e+01 -1.382459e+02 -2.071762e+00
      vertex   5.782498e+01 -1.383416e+02 8.664160e+00
    endloop
  endfacet
  facet normal -6.088009e-01 -7.933214e-01 1.591356e-03
    outer loop
      vertex   5.782498e+01 -1.383416e+02 8.664160e+00
      vertex   5.767215e+01 -1.382459e+02 -2.071762e+00
      vertex   5.818991e+01 -1.386432e+02 -2.050940e+00
    endloop
  endfacet
  facet normal -6.643721e-01 -7.474002e-01 -1.593597e-03
    outer loop
      vertex   5.782498e+01 -1.383416e+02 8.664160e+00
      vertex   5.818991e+01 -1.386432e+02 -2.050940e+00
      vertex   5.831276e+01 -1.387752e+02 8.664160e+00
    endloop
  endfacet
  facet normal -7.933927e-01 -6.087081e-01 1.594708e-03
    outer loop
      vertex   5.831276e+01 -1.387752e+02 8.664160e+00
      vertex   5.818991e+01 -1.386432e+02 -2.050940e+00
      vertex   5.858721e+01 -1.391609e+02 -2.023805e+00
    endloop
  endfacet
  facet normal 1.536309e-14 -1.000000e+00 2.842172e-14
    outer loop
      vertex   3.772979e+01 -1.509109e+02 1.266416e+01
      vertex   3.032979e+01 -1.509109e+02 1.266416e+01
      vertex   3.772979e+01 -1.509109e+02 1.166416e+01
    endloop
  endfacet
  facet normal 1.184993e-14 -1.000000e+00 2.424350e-15
    outer loop
      vertex   3.772979e+01 -1.509109e+02 1.166416e+01
      vertex   3.032979e+01 -1.509109e+02 1.266416e+01
      vertex   3.846749e+01 -1.509109e+02 8.058352e+00
    endloop
  endfacet
  facet normal 0.000000e+00 -1.000000e+00 0.000000e+00
    outer loop
      vertex   3.772979e+01 -1.509109e+02 1.166416e+01
      vertex   3.846749e+01 -1.509109e+02 8.058352e+00
      vertex   3.861734e+01 -1.509109e+02 8.420124e+00
    endloop
  endfacet
  facet normal 1.314945e-14 -1.000000e+00 4.039420e-15
    outer loop
      vertex   3.032979e+01 -1.509109e+02 -1.408014e+00
      vertex   3.846749e+01 -1.509109e+02 7.281895e+00
      vertex   3.032979e+01 -1.509109e+02 1.266416e+01
    endloop
  endfacet
  facet normal 1.147716e-14 -1.000000e+00 1.510996e-15
    outer loop
      vertex   3.032979e+01 -1.509109e+02 1.266416e+01
      vertex   3.846749e+01 -1.509109e+02 7.281895e+00
      vertex   3.841638e+01 -1.509109e+02 7.670124e+00
    endloop
  endfacet
  facet normal 9.751194e-15 -1.000000e+00 -1.283769e-15
    outer loop
      vertex   3.032979e+01 -1.509109e+02 1.266416e+01
      vertex   3.841638e+01 -1.509109e+02 7.670124e+00
      vertex   3.846749e+01 -1.509109e+02 8.058352e+00
    endloop
  endfacet
  facet normal 1.630604e-14 -1.000000e+00 1.875244e-15
    outer loop
      vertex   4.950297e+01 -1.509109e+02 -1.408014e+00
      vertex   3.991638e+01 -1.509109e+02 6.170124e+00
      vertex   3.032979e+01 -1.509109e+02 -1.408014e+00
    endloop
  endfacet
  facet normal 2.539608e-15 -1.000000e+00 1.929024e-14
    outer loop
      vertex   3.032979e+01 -1.509109e+02 -1.408014e+00
      vertex   3.991638e+01 -1.509109e+02 6.170124e+00
      vertex   3.952815e+01 -1.509109e+02 6.221235e+00
    endloop
  endfacet
  facet normal 5.857068e-14 -1.000000e+00 -4.826480e-14
    outer loop
      vertex   3.032979e+01 -1.509109e+02 -1.408014e+00
      vertex   3.952815e+01 -1.509109e+02 6.221235e+00
      vertex   3.916638e+01 -1.509109e+02 6.371085e+00
    endloop
  endfacet
  facet normal 1.397038e-14 -1.000000e+00 9.875642e-29
    outer loop
      vertex   4.950297e+01 -1.509109e+02 1.266416e+01
      vertex   4.136527e+01 -1.509109e+02 7.281895e+00
      vertex   4.950297e+01 -1.509109e+02 -1.408014e+00
    endloop
  endfacet
  facet normal 9.686042e-15 -1.000000e+00 -4.012090e-15
    outer loop
      vertex   4.950297e+01 -1.509109e+02 -1.408014e+00
      vertex   4.136527e+01 -1.509109e+02 7.281895e+00
      vertex   4.121542e+01 -1.509109e+02 6.920124e+00
    endloop
  endfacet
  facet normal 7.745412e-15 -1.000000e+00 -5.943263e-15
    outer loop
      vertex   4.950297e+01 -1.509109e+02 -1.408014e+00
      vertex   4.121542e+01 -1.509109e+02 6.920124e+00
      vertex   4.097704e+01 -1.509109e+02 6.609463e+00
    endloop
  endfacet
  facet normal 1.277728e-14 -1.000000e+00 9.078804e-29
    outer loop
      vertex   4.282979e+01 -1.509109e+02 1.266416e+01
      vertex   4.282979e+01 -1.509109e+02 1.166416e+01
      vertex   4.950297e+01 -1.509109e+02 1.266416e+01
    endloop
  endfacet
  facet normal 1.234762e-14 -1.000000e+00 2.867148e-15
    outer loop
      vertex   4.950297e+01 -1.509109e+02 1.266416e+01
      vertex   4.282979e+01 -1.509109e+02 1.166416e+01
      vertex   4.136527e+01 -1.509109e+02 8.058352e+00
    endloop
  endfacet
  facet normal 1.300159e-14 -1.000000e+00 1.711692e-15
    outer loop
      vertex   4.950297e+01 -1.509109e+02 1.266416e+01
      vertex   4.136527e+01 -1.509109e+02 8.058352e+00
      vertex   4.141638e+01 -1.509109e+02 7.670124e+00
    endloop
  endfacet
  facet normal 1.671865e-14 -1.000000e+00 1.465772e-14
    outer loop
      vertex   3.772979e+01 -1.509109e+02 1.166416e+01
      vertex   3.991638e+01 -1.509109e+02 9.170124e+00
      vertex   4.282979e+01 -1.509109e+02 1.166416e+01
    endloop
  endfacet
  facet normal 6.735160e-14 -1.000000e+00 -4.448912e-14
    outer loop
      vertex   4.282979e+01 -1.509109e+02 1.166416e+01
      vertex   3.991638e+01 -1.509109e+02 9.170124e+00
      vertex   4.030461e+01 -1.509109e+02 9.119012e+00
    endloop
  endfacet
  facet normal 6.223667e-14 -1.000000e+00 -3.941432e-14
    outer loop
      vertex   4.282979e+01 -1.509109e+02 1.166416e+01
      vertex   4.030461e+01 -1.509109e+02 9.119012e+00
      vertex   4.066638e+01 -1.509109e+02 8.969162e+00
    endloop
  endfacet
  facet normal 5.007703e-15 -1.000000e+00 6.526166e-15
    outer loop
      vertex   4.066638e+01 -1.509109e+02 8.969162e+00
      vertex   4.097704e+01 -1.509109e+02 8.730784e+00
      vertex   4.282979e+01 -1.509109e+02 1.166416e+01
    endloop
  endfacet
  facet normal 6.926032e-15 -1.000000e+00 5.314532e-15
    outer loop
      vertex   4.282979e+01 -1.509109e+02 1.166416e+01
      vertex   4.097704e+01 -1.509109e+02 8.730784e+00
      vertex   4.121542e+01 -1.509109e+02 8.420124e+00
    endloop
  endfacet
  facet normal 9.608118e-15 -1.000000e+00 3.979813e-15
    outer loop
      vertex   4.282979e+01 -1.509109e+02 1.166416e+01
      vertex   4.121542e+01 -1.509109e+02 8.420124e+00
      vertex   4.136527e+01 -1.509109e+02 8.058352e+00
    endloop
  endfacet
  facet normal 1.530288e-14 -1.000000e+00 -2.014662e-15
    outer loop
      vertex   4.141638e+01 -1.509109e+02 7.670124e+00
      vertex   4.136527e+01 -1.509109e+02 7.281895e+00
      vertex   4.950297e+01 -1.509109e+02 1.266416e+01
    endloop
  endfacet
  facet normal 5.991555e-15 -1.000000e+00 -7.808347e-15
    outer loop
      vertex   4.097704e+01 -1.509109e+02 6.609463e+00
      vertex   4.066638e+01 -1.509109e+02 6.371085e+00
      vertex   4.950297e+01 -1.509109e+02 -1.408014e+00
    endloop
  endfacet
  facet normal 5.754154e-14 -1.000000e+00 5.074936e-14
    outer loop
      vertex   4.950297e+01 -1.509109e+02 -1.408014e+00
      vertex   4.066638e+01 -1.509109e+02 6.371085e+00
      vertex   4.030461e+01 -1.509109e+02 6.221235e+00
    endloop
  endfacet
  facet normal 2.116340e-15 -1.000000e+00 -1.607520e-14
    outer loop
      vertex   4.950297e+01 -1.509109e+02 -1.408014e+00
      vertex   4.030461e+01 -1.509109e+02 6.221235e+00
      vertex   3.991638e+01 -1.509109e+02 6.170124e+00
    endloop
  endfacet
  facet normal 7.489444e-15 -1.000000e+00 9.760433e-15
    outer loop
      vertex   3.916638e+01 -1.509109e+02 6.371085e+00
      vertex   3.885572e+01 -1.509109e+02 6.609463e+00
      vertex   3.032979e+01 -1.509109e+02 -1.408014e+00
    endloop
  endfacet
  facet normal 9.681765e-15 -1.000000e+00 7.429079e-15
    outer loop
      vertex   3.032979e+01 -1.509109e+02 -1.408014e+00
      vertex   3.885572e+01 -1.509109e+02 6.609463e+00
      vertex   3.861734e+01 -1.509109e+02 6.920124e+00
    endloop
  endfacet
  facet normal 1.210755e-14 -1.000000e+00 5.015112e-15
    outer loop
      vertex   3.032979e+01 -1.509109e+02 -1.408014e+00
      vertex   3.861734e+01 -1.509109e+02 6.920124e+00
      vertex   3.846749e+01 -1.509109e+02 7.281895e+00
    endloop
  endfacet
  facet normal 0.000000e+00 -1.000000e+00 0.000000e+00
    outer loop
      vertex   3.861734e+01 -1.509109e+02 8.420124e+00
      vertex   3.885572e+01 -1.509109e+02 8.730784e+00
      vertex   3.772979e+01 -1.509109e+02 1.166416e+01
    endloop
  endfacet
  facet normal 0.000000e+00 -1.000000e+00 0.000000e+00
    outer loop
      vertex   3.772979e+01 -1.509109e+02 1.166416e+01
      vertex   3.885572e+01 -1.509109e+02 8.730784e+00
      vertex   3.916638e+01 -1.509109e+02 8.969162e+00
    endloop
  endfacet
  facet normal 6.435338e-14 -1.000000e+00 3.430413e-14
    outer loop
      vertex   3.772979e+01 -1.509109e+02 1.166416e+01
      vertex   3.916638e+01 -1.509109e+02 8.969162e+00
      vertex   3.952815e+01 -1.509109e+02 9.119012e+00
    endloop
  endfacet
  facet normal -6.563310e-14 -1.000000e+00 -5.754240e-14
    outer loop
      vertex   3.952815e+01 -1.509109e+02 9.119012e+00
      vertex   3.991638e+01 -1.509109e+02 9.170124e+00
      vertex   3.772979e+01 -1.509109e+02 1.166416e+01
    endloop
  endfacet
  facet normal -1.000000e+00 -2.190207e-14 -7.068985e-15
    outer loop
      vertex   4.950297e+01 -1.509109e+02 -1.408014e+00
      vertex   4.950297e+01 -1.542109e+02 -1.235068e+00
      vertex   4.950297e+01 -1.509109e+02 1.266416e+01
    endloop
  endfacet
  facet normal -1.000000e+00 -1.924933e-14 -7.698807e-15
    outer loop
      vertex   4.950297e+01 -1.509109e+02 1.266416e+01
      vertex   4.950297e+01 -1.542109e+02 -1.235068e+00
      vertex   4.950297e+01 -1.542109e+02 3.014441e+01
    endloop
  endfacet
  facet normal -1.000000e+00 -1.931803e-14 -7.711778e-15
    outer loop
      vertex   4.950297e+01 -1.509109e+02 1.266416e+01
      vertex   4.950297e+01 -1.542109e+02 3.014441e+01
      vertex   4.950297e+01 -1.507109e+02 1.953415e+01
    endloop
  endfacet
  facet normal -1.000000e+00 -1.827110e-14 -7.366427e-15
    outer loop
      vertex   4.950297e+01 -1.507109e+02 1.953415e+01
      vertex   4.950297e+01 -1.542109e+02 3.014441e+01
      vertex   4.950297e+01 -1.507109e+02 3.014441e+01
    endloop
  endfacet
  facet normal -1.000000e+00 7.105427e-14 -1.034271e-14
    outer loop
      vertex   4.950297e+01 -1.507109e+02 1.953415e+01
      vertex   4.950297e+01 -1.507109e+02 1.266416e+01
      vertex   4.950297e+01 -1.509109e+02 1.266416e+01
    endloop
  endfacet
  facet normal 6.619207e-01 7.495739e-01 -2.676311e-05
    outer loop
      vertex   1.290274e+02 -6.982219e+01 -1.950733e+00
      vertex   1.290292e+02 -6.982376e+01 -1.447300e+00
      vertex   1.290434e+02 -6.983631e+01 -1.949993e+00
    endloop
  endfacet
  facet normal -1.178805e-03 6.662218e-03 9.999771e-01
    outer loop
      vertex   1.316890e+02 -8.587809e+01 4.695795e+00
      vertex   1.200609e+02 -8.793554e+01 4.695795e+00
      vertex   1.316894e+02 -8.588061e+01 4.695812e+00
    endloop
  endfacet
  facet normal -1.178805e-03 6.662218e-03 9.999771e-01
    outer loop
      vertex   1.316894e+02 -8.588061e+01 4.695812e+00
      vertex   1.200609e+02 -8.793554e+01 4.695795e+00
      vertex   1.200614e+02 -8.793806e+01 4.695812e+00
    endloop
  endfacet
  facet normal -1.178805e-03 6.662218e-03 9.999771e-01
    outer loop
      vertex   1.200627e+02 -8.794554e+01 3.195830e+00
      vertex   1.067692e+02 -9.029767e+01 3.195830e+00
      vertex   1.273744e+02 -1.293058e+02 3.480007e+00
    endloop
  endfacet
  facet normal -1.178805e-03 6.662218e-03 9.999771e-01
    outer loop
      vertex   1.273744e+02 -1.293058e+02 3.480007e+00
      vertex   1.067692e+02 -9.029767e+01 3.195830e+00
      vertex   1.140805e+02 -1.316559e+02 3.479992e+00
    endloop
  endfacet
  facet normal 9.847314e-01 1.740806e-01 1.042943e-06
    outer loop
      vertex   1.136362e+02 -1.291425e+02 1.100299e+01
      vertex   1.136380e+02 -1.291528e+02 9.458445e+00
      vertex   1.067603e+02 -9.024745e+01 1.073467e+01
    endloop
  endfacet
  facet normal 9.847314e-01 1.740806e-01 1.042942e-06
    outer loop
      vertex   1.067603e+02 -9.024745e+01 1.073467e+01
      vertex   1.136380e+02 -1.291528e+02 9.458445e+00
      vertex   1.067692e+02 -9.029767e+01 3.195830e+00
    endloop
  endfacet
  facet normal 9.847314e-01 1.740806e-01 1.042943e-06
    outer loop
      vertex   1.067692e+02 -9.029767e+01 3.195830e+00
      vertex   1.136380e+02 -1.291528e+02 9.458445e+00
      vertex   1.140805e+02 -1.316559e+02 3.479992e+00
    endloop
  endfacet
  facet normal 9.847314e-01 1.740806e-01 1.042943e-06
    outer loop
      vertex   1.140805e+02 -1.316559e+02 3.479992e+00
      vertex   1.136380e+02 -1.291528e+02 9.458445e+00
      vertex   1.140734e+02 -1.316158e+02 9.475367e+00
    endloop
  endfacet
  facet normal 1.702096e-01 3.688262e-02 9.847174e-01
    outer loop
      vertex   6.088566e+01 -9.717817e+01 1.892375e+01
      vertex   8.103897e+01 -9.563157e+01 1.538230e+01
      vertex   6.086759e+01 -9.678717e+01 1.891223e+01
    endloop
  endfacet
  facet normal 1.702096e-01 3.688262e-02 9.847174e-01
    outer loop
      vertex   6.086759e+01 -9.678717e+01 1.891223e+01
      vertex   8.103897e+01 -9.563157e+01 1.538230e+01
      vertex   8.102090e+01 -9.524058e+01 1.537078e+01
    endloop
  endfacet
  facet normal 1.702096e-01 3.688262e-02 9.847174e-01
    outer loop
      vertex   6.086759e+01 -9.678717e+01 1.891223e+01
      vertex   8.102090e+01 -9.524058e+01 1.537078e+01
      vertex   6.075038e+01 -9.641360e+01 1.891850e+01
    endloop
  endfacet
  facet normal 1.702096e-01 3.688262e-02 9.847174e-01
    outer loop
      vertex   6.075038e+01 -9.641360e+01 1.891850e+01
      vertex   8.102090e+01 -9.524058e+01 1.537078e+01
      vertex   8.110321e+01 -9.485881e+01 1.534225e+01
    endloop
  endfacet
  facet normal 1.702096e-01 3.688262e-02 9.847174e-01
    outer loop
      vertex   6.075038e+01 -9.641360e+01 1.891850e+01
      vertex   8.110321e+01 -9.485881e+01 1.534225e+01
      vertex   6.054201e+01 -9.608291e+01 1.894213e+01
    endloop
  endfacet
  facet normal 1.702096e-01 3.688262e-02 9.847174e-01
    outer loop
      vertex   6.054201e+01 -9.608291e+01 1.894213e+01
      vertex   8.110321e+01 -9.485881e+01 1.534225e+01
      vertex   5.546731e+01 -7.541975e+01 1.904536e+01
    endloop
  endfacet
  facet normal 1.702096e-01 3.688262e-02 9.847174e-01
    outer loop
      vertex   6.054201e+01 -9.608291e+01 1.894213e+01
      vertex   5.546731e+01 -7.541975e+01 1.904536e+01
      vertex   5.877510e+01 -9.412915e+01 1.917436e+01
    endloop
  endfacet
  facet normal 1.702096e-01 3.688262e-02 9.847174e-01
    outer loop
      vertex   8.103897e+01 -9.563157e+01 1.538230e+01
      vertex   6.088566e+01 -9.717817e+01 1.892375e+01
      vertex   8.115618e+01 -9.600514e+01 1.537603e+01
    endloop
  endfacet
  facet normal 1.702096e-01 3.688262e-02 9.847174e-01
    outer loop
      vertex   8.115618e+01 -9.600514e+01 1.537603e+01
      vertex   6.088566e+01 -9.717817e+01 1.892375e+01
      vertex   6.080335e+01 -9.755993e+01 1.895228e+01
    endloop
  endfacet
  facet normal 1.702096e-01 3.688262e-02 9.847174e-01
    outer loop
      vertex   8.115618e+01 -9.600514e+01 1.537603e+01
      vertex   6.080335e+01 -9.755993e+01 1.895228e+01
      vertex   8.136455e+01 -9.633583e+01 1.535240e+01
    endloop
  endfacet
  facet normal 1.702096e-01 3.688262e-02 9.847174e-01
    outer loop
      vertex   8.136455e+01 -9.633583e+01 1.535240e+01
      vertex   6.080335e+01 -9.755993e+01 1.895228e+01
      vertex   6.131367e+01 -1.222047e+02 1.978714e+01
    endloop
  endfacet
  facet normal 1.702096e-01 3.688262e-02 9.847174e-01
    outer loop
      vertex   8.136455e+01 -9.633583e+01 1.535240e+01
      vertex   6.131367e+01 -1.222047e+02 1.978714e+01
      vertex   6.143088e+01 -1.225782e+02 1.978087e+01
    endloop
  endfacet
  facet normal 1.702096e-01 3.688262e-02 9.847174e-01
    outer loop
      vertex   6.080335e+01 -9.755993e+01 1.895228e+01
      vertex   6.062628e+01 -9.790646e+01 1.899586e+01
      vertex   6.131367e+01 -1.222047e+02 1.978714e+01
    endloop
  endfacet
  facet normal 1.702096e-01 3.688262e-02 9.847174e-01
    outer loop
      vertex   6.131367e+01 -1.222047e+02 1.978714e+01
      vertex   6.062628e+01 -9.790646e+01 1.899586e+01
      vertex   6.110530e+01 -1.218740e+02 1.981077e+01
    endloop
  endfacet
  facet normal 1.702096e-01 3.688262e-02 9.847174e-01
    outer loop
      vertex   6.110530e+01 -1.218740e+02 1.981077e+01
      vertex   6.062628e+01 -9.790646e+01 1.899586e+01
      vertex   6.036651e+01 -9.819412e+01 1.905154e+01
    endloop
  endfacet
  facet normal 1.702096e-01 3.688262e-02 9.847174e-01
    outer loop
      vertex   6.110530e+01 -1.218740e+02 1.981077e+01
      vertex   6.036651e+01 -9.819412e+01 1.905154e+01
      vertex   6.081998e+01 -1.216087e+02 1.985015e+01
    endloop
  endfacet
  facet normal 1.702096e-01 3.688262e-02 9.847174e-01
    outer loop
      vertex   6.081998e+01 -1.216087e+02 1.985015e+01
      vertex   6.036651e+01 -9.819412e+01 1.905154e+01
      vertex   6.004174e+01 -9.840333e+01 1.911551e+01
    endloop
  endfacet
  facet normal 1.702096e-01 3.688262e-02 9.847174e-01
    outer loop
      vertex   6.081998e+01 -1.216087e+02 1.985015e+01
      vertex   6.004174e+01 -9.840333e+01 1.911551e+01
      vertex   5.967411e+01 -9.851982e+01 1.918342e+01
    endloop
  endfacet
  facet normal 1.702096e-01 3.688262e-02 9.847174e-01
    outer loop
      vertex   6.081998e+01 -1.216087e+02 1.985015e+01
      vertex   5.967411e+01 -9.851982e+01 1.918342e+01
      vertex   6.047714e+01 -1.214269e+02 1.990260e+01
    endloop
  endfacet
  facet normal 1.702096e-01 3.688262e-02 9.847174e-01
    outer loop
      vertex   6.047714e+01 -1.214269e+02 1.990260e+01
      vertex   5.967411e+01 -9.851982e+01 1.918342e+01
      vertex   5.928867e+01 -9.853565e+01 1.925064e+01
    endloop
  endfacet
  facet normal 1.702096e-01 3.688262e-02 9.847174e-01
    outer loop
      vertex   6.047714e+01 -1.214269e+02 1.990260e+01
      vertex   5.928867e+01 -9.853565e+01 1.925064e+01
      vertex   6.010016e+01 -1.213410e+02 1.996455e+01
    endloop
  endfacet
  facet normal 1.702096e-01 3.688262e-02 9.847174e-01
    outer loop
      vertex   6.010016e+01 -1.213410e+02 1.996455e+01
      vertex   5.928867e+01 -9.853565e+01 1.925064e+01
      vertex   5.891168e+01 -9.844974e+01 1.931258e+01
    endloop
  endfacet
  facet normal 1.702096e-01 3.688262e-02 9.847174e-01
    outer loop
      vertex   6.010016e+01 -1.213410e+02 1.996455e+01
      vertex   5.891168e+01 -9.844974e+01 1.931258e+01
      vertex   5.971471e+01 -1.213568e+02 2.003176e+01
    endloop
  endfacet
  facet normal 1.702096e-01 3.688262e-02 9.847174e-01
    outer loop
      vertex   5.971471e+01 -1.213568e+02 2.003176e+01
      vertex   5.891168e+01 -9.844974e+01 1.931258e+01
      vertex   5.856884e+01 -9.826796e+01 1.936503e+01
    endloop
  endfacet
  facet normal 1.702096e-01 3.688262e-02 9.847174e-01
    outer loop
      vertex   5.971471e+01 -1.213568e+02 2.003176e+01
      vertex   5.856884e+01 -9.826796e+01 1.936503e+01
      vertex   5.934708e+01 -1.214733e+02 2.009967e+01
    endloop
  endfacet
  facet normal 1.702096e-01 3.688262e-02 9.847174e-01
    outer loop
      vertex   5.934708e+01 -1.214733e+02 2.009967e+01
      vertex   5.856884e+01 -9.826796e+01 1.936503e+01
      vertex   5.902231e+01 -1.216825e+02 2.016364e+01
    endloop
  endfacet
  facet normal 1.702096e-01 3.688262e-02 9.847174e-01
    outer loop
      vertex   5.902231e+01 -1.216825e+02 2.016364e+01
      vertex   5.856884e+01 -9.826796e+01 1.936503e+01
      vertex   5.828352e+01 -9.800268e+01 1.940442e+01
    endloop
  endfacet
  facet normal 1.702096e-01 3.688262e-02 9.847174e-01
    outer loop
      vertex   5.902231e+01 -1.216825e+02 2.016364e+01
      vertex   5.828352e+01 -9.800268e+01 1.940442e+01
      vertex   4.577016e+01 -1.002014e+02 2.164972e+01
    endloop
  endfacet
  facet normal 1.702096e-01 3.688262e-02 9.847174e-01
    outer loop
      vertex   4.577016e+01 -1.002014e+02 2.164972e+01
      vertex   5.828352e+01 -9.800268e+01 1.940442e+01
      vertex   4.585247e+01 -9.981958e+01 2.162119e+01
    endloop
  endfacet
  facet normal 1.702096e-01 3.688262e-02 9.847174e-01
    outer loop
      vertex   4.585247e+01 -9.981958e+01 2.162119e+01
      vertex   5.828352e+01 -9.800268e+01 1.940442e+01
      vertex   5.807515e+01 -9.767199e+01 1.942805e+01
    endloop
  endfacet
  facet normal 1.702096e-01 3.688262e-02 9.847174e-01
    outer loop
      vertex   4.585247e+01 -9.981958e+01 2.162119e+01
      vertex   5.807515e+01 -9.767199e+01 1.942805e+01
      vertex   4.583440e+01 -9.942859e+01 2.160967e+01
    endloop
  endfacet
  facet normal 1.702096e-01 3.688262e-02 9.847174e-01
    outer loop
      vertex   4.583440e+01 -9.942859e+01 2.160967e+01
      vertex   5.807515e+01 -9.767199e+01 1.942805e+01
      vertex   5.795794e+01 -9.729842e+01 1.943432e+01
    endloop
  endfacet
  facet normal 1.702096e-01 3.688262e-02 9.847174e-01
    outer loop
      vertex   4.583440e+01 -9.942859e+01 2.160967e+01
      vertex   5.795794e+01 -9.729842e+01 1.943432e+01
      vertex   4.571719e+01 -9.905502e+01 2.161594e+01
    endloop
  endfacet
  facet normal 1.702096e-01 3.688262e-02 9.847174e-01
    outer loop
      vertex   4.571719e+01 -9.905502e+01 2.161594e+01
      vertex   5.795794e+01 -9.729842e+01 1.943432e+01
      vertex   5.793987e+01 -9.690742e+01 1.942279e+01
    endloop
  endfacet
  facet normal 1.702096e-01 3.688262e-02 9.847174e-01
    outer loop
      vertex   4.571719e+01 -9.905502e+01 2.161594e+01
      vertex   5.793987e+01 -9.690742e+01 1.942279e+01
      vertex   4.550882e+01 -9.872433e+01 2.163957e+01
    endloop
  endfacet
  facet normal 1.702096e-01 3.688262e-02 9.847174e-01
    outer loop
      vertex   4.550882e+01 -9.872433e+01 2.163957e+01
      vertex   5.793987e+01 -9.690742e+01 1.942279e+01
      vertex   5.802218e+01 -9.652566e+01 1.939427e+01
    endloop
  endfacet
  facet normal 1.702096e-01 3.688262e-02 9.847174e-01
    outer loop
      vertex   4.550882e+01 -9.872433e+01 2.163957e+01
      vertex   5.802218e+01 -9.652566e+01 1.939427e+01
      vertex   5.877510e+01 -9.412915e+01 1.917436e+01
    endloop
  endfacet
  facet normal 1.702096e-01 3.688262e-02 9.847174e-01
    outer loop
      vertex   5.877510e+01 -9.412915e+01 1.917436e+01
      vertex   5.802218e+01 -9.652566e+01 1.939427e+01
      vertex   5.819925e+01 -9.617913e+01 1.935068e+01
    endloop
  endfacet
  facet normal 1.702096e-01 3.688262e-02 9.847174e-01
    outer loop
      vertex   5.877510e+01 -9.412915e+01 1.917436e+01
      vertex   5.819925e+01 -9.617913e+01 1.935068e+01
      vertex   5.845902e+01 -9.589147e+01 1.929501e+01
    endloop
  endfacet
  facet normal 1.702096e-01 3.688262e-02 9.847174e-01
    outer loop
      vertex   5.845902e+01 -9.589147e+01 1.929501e+01
      vertex   5.878379e+01 -9.568226e+01 1.923103e+01
      vertex   5.877510e+01 -9.412915e+01 1.917436e+01
    endloop
  endfacet
  facet normal 1.702096e-01 3.688262e-02 9.847174e-01
    outer loop
      vertex   5.877510e+01 -9.412915e+01 1.917436e+01
      vertex   5.878379e+01 -9.568226e+01 1.923103e+01
      vertex   5.915142e+01 -9.556577e+01 1.916313e+01
    endloop
  endfacet
  facet normal 1.702096e-01 3.688262e-02 9.847174e-01
    outer loop
      vertex   5.877510e+01 -9.412915e+01 1.917436e+01
      vertex   5.915142e+01 -9.556577e+01 1.916313e+01
      vertex   5.953686e+01 -9.554994e+01 1.909591e+01
    endloop
  endfacet
  facet normal 1.702096e-01 3.688262e-02 9.847174e-01
    outer loop
      vertex   5.953686e+01 -9.554994e+01 1.909591e+01
      vertex   5.991385e+01 -9.563584e+01 1.903396e+01
      vertex   5.877510e+01 -9.412915e+01 1.917436e+01
    endloop
  endfacet
  facet normal 1.702096e-01 3.688262e-02 9.847174e-01
    outer loop
      vertex   5.877510e+01 -9.412915e+01 1.917436e+01
      vertex   5.991385e+01 -9.563584e+01 1.903396e+01
      vertex   6.025668e+01 -9.581763e+01 1.898151e+01
    endloop
  endfacet
  facet normal 1.702096e-01 3.688262e-02 9.847174e-01
    outer loop
      vertex   5.877510e+01 -9.412915e+01 1.917436e+01
      vertex   6.025668e+01 -9.581763e+01 1.898151e+01
      vertex   6.054201e+01 -9.608291e+01 1.894213e+01
    endloop
  endfacet
  facet normal 1.702096e-01 3.688262e-02 9.847174e-01
    outer loop
      vertex   6.144895e+01 -1.229692e+02 1.979239e+01
      vertex   9.684046e+01 -1.320936e+02 1.401668e+01
      vertex   6.143088e+01 -1.225782e+02 1.978087e+01
    endloop
  endfacet
  facet normal 1.702096e-01 3.688262e-02 9.847174e-01
    outer loop
      vertex   6.143088e+01 -1.225782e+02 1.978087e+01
      vertex   9.684046e+01 -1.320936e+02 1.401668e+01
      vertex   8.199271e+01 -9.678290e+01 1.526057e+01
    endloop
  endfacet
  facet normal 1.702096e-01 3.688262e-02 9.847174e-01
    outer loop
      vertex   6.143088e+01 -1.225782e+02 1.978087e+01
      vertex   8.199271e+01 -9.678290e+01 1.526057e+01
      vertex   8.164987e+01 -9.660111e+01 1.531302e+01
    endloop
  endfacet
  facet normal 1.702096e-01 3.688262e-02 9.847174e-01
    outer loop
      vertex   6.144895e+01 -1.229692e+02 1.979239e+01
      vertex   6.136664e+01 -1.233510e+02 1.982092e+01
      vertex   9.684046e+01 -1.320936e+02 1.401668e+01
    endloop
  endfacet
  facet normal 1.702096e-01 3.688262e-02 9.847174e-01
    outer loop
      vertex   9.684046e+01 -1.320936e+02 1.401668e+01
      vertex   6.136664e+01 -1.233510e+02 1.982092e+01
      vertex   6.118957e+01 -1.236975e+02 1.986450e+01
    endloop
  endfacet
  facet normal 1.702096e-01 3.688262e-02 9.847174e-01
    outer loop
      vertex   9.684046e+01 -1.320936e+02 1.401668e+01
      vertex   6.118957e+01 -1.236975e+02 1.986450e+01
      vertex   5.609938e+01 -1.522102e+02 2.181229e+01
    endloop
  endfacet
  facet normal 1.702096e-01 3.688262e-02 9.847174e-01
    outer loop
      vertex   5.609938e+01 -1.522102e+02 2.181229e+01
      vertex   6.118957e+01 -1.236975e+02 1.986450e+01
      vertex   6.092980e+01 -1.239852e+02 1.992018e+01
    endloop
  endfacet
  facet normal 1.702096e-01 3.688262e-02 9.847174e-01
    outer loop
      vertex   5.609938e+01 -1.522102e+02 2.181229e+01
      vertex   6.092980e+01 -1.239852e+02 1.992018e+01
      vertex   6.060503e+01 -1.241944e+02 1.998415e+01
    endloop
  endfacet
  facet normal 1.702096e-01 3.688262e-02 9.847174e-01
    outer loop
      vertex   6.060503e+01 -1.241944e+02 1.998415e+01
      vertex   6.023740e+01 -1.243109e+02 2.005206e+01
      vertex   5.609938e+01 -1.522102e+02 2.181229e+01
    endloop
  endfacet
  facet normal 1.702096e-01 3.688262e-02 9.847174e-01
    outer loop
      vertex   5.609938e+01 -1.522102e+02 2.181229e+01
      vertex   6.023740e+01 -1.243109e+02 2.005206e+01
      vertex   5.985196e+01 -1.243267e+02 2.011928e+01
    endloop
  endfacet
  facet normal 1.702096e-01 3.688262e-02 9.847174e-01
    outer loop
      vertex   5.609938e+01 -1.522102e+02 2.181229e+01
      vertex   5.985196e+01 -1.243267e+02 2.011928e+01
      vertex   5.947497e+01 -1.242408e+02 2.018122e+01
    endloop
  endfacet
  facet normal 1.702096e-01 3.688262e-02 9.847174e-01
    outer loop
      vertex   5.947497e+01 -1.242408e+02 2.018122e+01
      vertex   5.913214e+01 -1.240590e+02 2.023367e+01
      vertex   5.609938e+01 -1.522102e+02 2.181229e+01
    endloop
  endfacet
  facet normal 1.702096e-01 3.688262e-02 9.847174e-01
    outer loop
      vertex   5.609938e+01 -1.522102e+02 2.181229e+01
      vertex   5.913214e+01 -1.240590e+02 2.023367e+01
      vertex   5.425747e+01 -1.517834e+02 2.211469e+01
    endloop
  endfacet
  facet normal 1.702096e-01 3.688262e-02 9.847174e-01
    outer loop
      vertex   5.609938e+01 -1.522102e+02 2.181229e+01
      vertex   5.425747e+01 -1.517834e+02 2.211469e+01
      vertex   5.539805e+01 -1.522041e+02 2.193329e+01
    endloop
  endfacet
  facet normal 1.702096e-01 3.688262e-02 9.847174e-01
    outer loop
      vertex   5.539805e+01 -1.522041e+02 2.193329e+01
      vertex   5.425747e+01 -1.517834e+02 2.211469e+01
      vertex   5.480530e+01 -1.521131e+02 2.203234e+01
    endloop
  endfacet
  facet normal 1.702096e-01 3.688262e-02 9.847174e-01
    outer loop
      vertex   5.913214e+01 -1.240590e+02 2.023367e+01
      vertex   5.884681e+01 -1.237937e+02 2.027306e+01
      vertex   5.425747e+01 -1.517834e+02 2.211469e+01
    endloop
  endfacet
  facet normal 1.702096e-01 3.688262e-02 9.847174e-01
    outer loop
      vertex   5.425747e+01 -1.517834e+02 2.211469e+01
      vertex   5.884681e+01 -1.237937e+02 2.027306e+01
      vertex   4.282979e+01 -1.374109e+02 2.355165e+01
    endloop
  endfacet
  facet normal 1.702096e-01 3.688262e-02 9.847174e-01
    outer loop
      vertex   5.425747e+01 -1.517834e+02 2.211469e+01
      vertex   4.282979e+01 -1.374109e+02 2.355165e+01
      vertex   4.282979e+01 -1.379567e+02 2.357209e+01
    endloop
  endfacet
  facet normal 1.702096e-01 3.688262e-02 9.847174e-01
    outer loop
      vertex   4.282979e+01 -1.374109e+02 2.355165e+01
      vertex   5.884681e+01 -1.237937e+02 2.027306e+01
      vertex   4.436267e+01 -1.219737e+02 2.270849e+01
    endloop
  endfacet
  facet normal 1.702096e-01 3.688262e-02 9.847174e-01
    outer loop
      vertex   4.436267e+01 -1.219737e+02 2.270849e+01
      vertex   5.884681e+01 -1.237937e+02 2.027306e+01
      vertex   5.863844e+01 -1.234630e+02 2.029669e+01
    endloop
  endfacet
  facet normal 1.702096e-01 3.688262e-02 9.847174e-01
    outer loop
      vertex   4.436267e+01 -1.219737e+02 2.270849e+01
      vertex   5.863844e+01 -1.234630e+02 2.029669e+01
      vertex   5.852123e+01 -1.230895e+02 2.030295e+01
    endloop
  endfacet
  facet normal 1.702096e-01 3.688262e-02 9.847174e-01
    outer loop
      vertex   4.436267e+01 -1.219737e+02 2.270849e+01
      vertex   5.852123e+01 -1.230895e+02 2.030295e+01
      vertex   4.443865e+01 -1.214428e+02 2.267547e+01
    endloop
  endfacet
  facet normal 1.702096e-01 3.688262e-02 9.847174e-01
    outer loop
      vertex   4.443865e+01 -1.214428e+02 2.267547e+01
      vertex   5.852123e+01 -1.230895e+02 2.030295e+01
      vertex   5.850316e+01 -1.226985e+02 2.029143e+01
    endloop
  endfacet
  facet normal 1.702096e-01 3.688262e-02 9.847174e-01
    outer loop
      vertex   4.443865e+01 -1.214428e+02 2.267547e+01
      vertex   5.850316e+01 -1.226985e+02 2.029143e+01
      vertex   4.440336e+01 -1.208704e+02 2.266013e+01
    endloop
  endfacet
  facet normal 1.702096e-01 3.688262e-02 9.847174e-01
    outer loop
      vertex   4.440336e+01 -1.208704e+02 2.266013e+01
      vertex   5.850316e+01 -1.226985e+02 2.029143e+01
      vertex   4.420748e+01 -1.197635e+02 2.265253e+01
    endloop
  endfacet
  facet normal 1.702096e-01 3.688262e-02 9.847174e-01
    outer loop
      vertex   4.420748e+01 -1.197635e+02 2.265253e+01
      vertex   5.850316e+01 -1.226985e+02 2.029143e+01
      vertex   5.858547e+01 -1.223167e+02 2.026291e+01
    endloop
  endfacet
  facet normal 1.702096e-01 3.688262e-02 9.847174e-01
    outer loop
      vertex   4.420748e+01 -1.197635e+02 2.265253e+01
      vertex   5.858547e+01 -1.223167e+02 2.026291e+01
      vertex   5.876254e+01 -1.219702e+02 2.021932e+01
    endloop
  endfacet
  facet normal 1.702096e-01 3.688262e-02 9.847174e-01
    outer loop
      vertex   5.902231e+01 -1.216825e+02 2.016364e+01
      vertex   4.559309e+01 -1.005479e+02 2.169330e+01
      vertex   5.876254e+01 -1.219702e+02 2.021932e+01
    endloop
  endfacet
  facet normal 1.702096e-01 3.688262e-02 9.847174e-01
    outer loop
      vertex   5.876254e+01 -1.219702e+02 2.021932e+01
      vertex   4.559309e+01 -1.005479e+02 2.169330e+01
      vertex   4.533332e+01 -1.008355e+02 2.174898e+01
    endloop
  endfacet
  facet normal 1.702096e-01 3.688262e-02 9.847174e-01
    outer loop
      vertex   5.876254e+01 -1.219702e+02 2.021932e+01
      vertex   4.533332e+01 -1.008355e+02 2.174898e+01
      vertex   4.420748e+01 -1.197635e+02 2.265253e+01
    endloop
  endfacet
  facet normal 1.702096e-01 3.688262e-02 9.847174e-01
    outer loop
      vertex   4.420748e+01 -1.197635e+02 2.265253e+01
      vertex   4.533332e+01 -1.008355e+02 2.174898e+01
      vertex   4.500855e+01 -1.010447e+02 2.181295e+01
    endloop
  endfacet
  facet normal 1.702096e-01 3.688262e-02 9.847174e-01
    outer loop
      vertex   4.420748e+01 -1.197635e+02 2.265253e+01
      vertex   4.500855e+01 -1.010447e+02 2.181295e+01
      vertex   4.464092e+01 -1.011612e+02 2.188086e+01
    endloop
  endfacet
  facet normal 1.702096e-01 3.688262e-02 9.847174e-01
    outer loop
      vertex   4.577016e+01 -1.002014e+02 2.164972e+01
      vertex   4.559309e+01 -1.005479e+02 2.169330e+01
      vertex   5.902231e+01 -1.216825e+02 2.016364e+01
    endloop
  endfacet
  facet normal 1.702096e-01 3.688262e-02 9.847174e-01
    outer loop
      vertex   4.464092e+01 -1.011612e+02 2.188086e+01
      vertex   4.425548e+01 -1.011771e+02 2.194808e+01
      vertex   4.420748e+01 -1.197635e+02 2.265253e+01
    endloop
  endfacet
  facet normal 1.702096e-01 3.688262e-02 9.847174e-01
    outer loop
      vertex   4.420748e+01 -1.197635e+02 2.265253e+01
      vertex   4.425548e+01 -1.011771e+02 2.194808e+01
      vertex   4.387849e+01 -1.010912e+02 2.201002e+01
    endloop
  endfacet
  facet normal 1.702096e-01 3.688262e-02 9.847174e-01
    outer loop
      vertex   4.420748e+01 -1.197635e+02 2.265253e+01
      vertex   4.387849e+01 -1.010912e+02 2.201002e+01
      vertex   4.420717e+01 -1.197636e+02 2.265259e+01
    endloop
  endfacet
  facet normal 1.702096e-01 3.688262e-02 9.847174e-01
    outer loop
      vertex   4.420717e+01 -1.197636e+02 2.265259e+01
      vertex   4.387849e+01 -1.010912e+02 2.201002e+01
      vertex   4.353566e+01 -1.009094e+02 2.206247e+01
    endloop
  endfacet
  facet normal 1.702096e-01 3.688262e-02 9.847174e-01
    outer loop
      vertex   4.420717e+01 -1.197636e+02 2.265259e+01
      vertex   4.353566e+01 -1.009094e+02 2.206247e+01
      vertex   4.076968e+01 -1.003360e+02 2.251910e+01
    endloop
  endfacet
  facet normal 1.702096e-01 3.688262e-02 9.847174e-01
    outer loop
      vertex   4.076968e+01 -1.003360e+02 2.251910e+01
      vertex   4.353566e+01 -1.009094e+02 2.206247e+01
      vertex   4.325033e+01 -1.006441e+02 2.210186e+01
    endloop
  endfacet
  facet normal 1.702096e-01 3.688262e-02 9.847174e-01
    outer loop
      vertex   4.076968e+01 -1.003360e+02 2.251910e+01
      vertex   4.325033e+01 -1.006441e+02 2.210186e+01
      vertex   4.304196e+01 -1.003134e+02 2.212549e+01
    endloop
  endfacet
  facet normal 1.702096e-01 3.688262e-02 9.847174e-01
    outer loop
      vertex   4.304196e+01 -1.003134e+02 2.212549e+01
      vertex   4.292475e+01 -9.993984e+01 2.213176e+01
      vertex   4.076968e+01 -1.003360e+02 2.251910e+01
    endloop
  endfacet
  facet normal 1.702096e-01 3.688262e-02 9.847174e-01
    outer loop
      vertex   4.076968e+01 -1.003360e+02 2.251910e+01
      vertex   4.292475e+01 -9.993984e+01 2.213176e+01
      vertex   4.290668e+01 -9.954884e+01 2.212023e+01
    endloop
  endfacet
  facet normal 1.702096e-01 3.688262e-02 9.847174e-01
    outer loop
      vertex   4.076968e+01 -1.003360e+02 2.251910e+01
      vertex   4.290668e+01 -9.954884e+01 2.212023e+01
      vertex   4.298899e+01 -9.916708e+01 2.209171e+01
    endloop
  endfacet
  facet normal 1.702096e-01 3.688262e-02 9.847174e-01
    outer loop
      vertex   4.298899e+01 -9.916708e+01 2.209171e+01
      vertex   4.316606e+01 -9.882055e+01 2.204812e+01
      vertex   4.076968e+01 -1.003360e+02 2.251910e+01
    endloop
  endfacet
  facet normal 1.702096e-01 3.688262e-02 9.847174e-01
    outer loop
      vertex   4.076968e+01 -1.003360e+02 2.251910e+01
      vertex   4.316606e+01 -9.882055e+01 2.204812e+01
      vertex   3.782574e+01 -9.780705e+01 2.293324e+01
    endloop
  endfacet
  facet normal 1.702096e-01 3.688262e-02 9.847174e-01
    outer loop
      vertex   4.076968e+01 -1.003360e+02 2.251910e+01
      vertex   3.782574e+01 -9.780705e+01 2.293324e+01
      vertex   4.076965e+01 -1.003360e+02 2.251911e+01
    endloop
  endfacet
  facet normal 1.702096e-01 3.688262e-02 9.847174e-01
    outer loop
      vertex   4.076965e+01 -1.003360e+02 2.251911e+01
      vertex   3.782574e+01 -9.780705e+01 2.293324e+01
      vertex   3.834802e+01 -1.007612e+02 2.295361e+01
    endloop
  endfacet
  facet normal 1.702096e-01 3.688262e-02 9.847174e-01
    outer loop
      vertex   4.316606e+01 -9.882055e+01 2.204812e+01
      vertex   4.342584e+01 -9.853289e+01 2.199245e+01
      vertex   3.782574e+01 -9.780705e+01 2.293324e+01
    endloop
  endfacet
  facet normal 1.702096e-01 3.688262e-02 9.847174e-01
    outer loop
      vertex   3.782574e+01 -9.780705e+01 2.293324e+01
      vertex   4.342584e+01 -9.853289e+01 2.199245e+01
      vertex   4.375060e+01 -9.832368e+01 2.192847e+01
    endloop
  endfacet
  facet normal 1.702096e-01 3.688262e-02 9.847174e-01
    outer loop
      vertex   3.782574e+01 -9.780705e+01 2.293324e+01
      vertex   4.375060e+01 -9.832368e+01 2.192847e+01
      vertex   4.411823e+01 -9.820719e+01 2.186056e+01
    endloop
  endfacet
  facet normal 1.702096e-01 3.688262e-02 9.847174e-01
    outer loop
      vertex   4.411823e+01 -9.820719e+01 2.186056e+01
      vertex   4.450368e+01 -9.819136e+01 2.179335e+01
      vertex   3.782574e+01 -9.780705e+01 2.293324e+01
    endloop
  endfacet
  facet normal 1.702096e-01 3.688262e-02 9.847174e-01
    outer loop
      vertex   3.782574e+01 -9.780705e+01 2.293324e+01
      vertex   4.450368e+01 -9.819136e+01 2.179335e+01
      vertex   5.877510e+01 -9.412915e+01 1.917436e+01
    endloop
  endfacet
  facet normal 1.702096e-01 3.688262e-02 9.847174e-01
    outer loop
      vertex   5.877510e+01 -9.412915e+01 1.917436e+01
      vertex   4.450368e+01 -9.819136e+01 2.179335e+01
      vertex   4.488066e+01 -9.827726e+01 2.173140e+01
    endloop
  endfacet
  facet normal 1.702096e-01 3.688262e-02 9.847174e-01
    outer loop
      vertex   5.877510e+01 -9.412915e+01 1.917436e+01
      vertex   4.488066e+01 -9.827726e+01 2.173140e+01
      vertex   4.522350e+01 -9.845905e+01 2.167895e+01
    endloop
  endfacet
  facet normal 1.702096e-01 3.688262e-02 9.847174e-01
    outer loop
      vertex   4.522350e+01 -9.845905e+01 2.167895e+01
      vertex   4.550882e+01 -9.872433e+01 2.163957e+01
      vertex   5.877510e+01 -9.412915e+01 1.917436e+01
    endloop
  endfacet
  facet normal 1.702096e-01 3.688262e-02 9.847174e-01
    outer loop
      vertex   1.106835e+02 -1.296755e+02 1.153333e+01
      vertex   1.136376e+02 -1.291528e+02 1.100313e+01
      vertex   1.106810e+02 -1.296618e+02 1.153323e+01
    endloop
  endfacet
  facet normal 1.702096e-01 3.688262e-02 9.847174e-01
    outer loop
      vertex   1.106810e+02 -1.296618e+02 1.153323e+01
      vertex   1.136376e+02 -1.291528e+02 1.100313e+01
      vertex   1.136358e+02 -1.291426e+02 1.100306e+01
    endloop
  endfacet
  facet normal 1.702096e-01 3.688262e-02 9.847174e-01
    outer loop
      vertex   1.106810e+02 -1.296618e+02 1.153323e+01
      vertex   1.136358e+02 -1.291426e+02 1.100306e+01
      vertex   1.067603e+02 -9.024745e+01 1.073467e+01
    endloop
  endfacet
  facet normal 1.702096e-01 3.688262e-02 9.847174e-01
    outer loop
      vertex   1.067603e+02 -9.024745e+01 1.073467e+01
      vertex   1.136358e+02 -1.291426e+02 1.100306e+01
      vertex   1.136362e+02 -1.291425e+02 1.100299e+01
    endloop
  endfacet
  facet normal 1.702096e-01 3.688262e-02 9.847174e-01
    outer loop
      vertex   1.067603e+02 -9.024745e+01 1.073467e+01
      vertex   1.023282e+02 -9.102619e+01 1.152994e+01
      vertex   1.106810e+02 -1.296618e+02 1.153323e+01
    endloop
  endfacet
  facet normal 1.702096e-01 3.688262e-02 9.847174e-01
    outer loop
      vertex   1.106810e+02 -1.296618e+02 1.153323e+01
      vertex   1.023282e+02 -9.102619e+01 1.152994e+01
      vertex   9.684046e+01 -1.320936e+02 1.401668e+01
    endloop
  endfacet
  facet normal 1.702096e-01 3.688262e-02 9.847174e-01
    outer loop
      vertex   9.684046e+01 -1.320936e+02 1.401668e+01
      vertex   1.023282e+02 -9.102619e+01 1.152994e+01
      vertex   8.388438e+01 -9.589308e+01 1.490026e+01
    endloop
  endfacet
  facet normal 1.702096e-01 3.688262e-02 9.847174e-01
    outer loop
      vertex   9.684046e+01 -1.320936e+02 1.401668e+01
      vertex   8.388438e+01 -9.589308e+01 1.490026e+01
      vertex   8.370731e+01 -9.623961e+01 1.494385e+01
    endloop
  endfacet
  facet normal 1.702096e-01 3.688262e-02 9.847174e-01
    outer loop
      vertex   9.510491e+01 -5.020251e+01 1.124944e+01
      vertex   7.736251e+01 -5.817454e+01 1.461483e+01
      vertex   1.023282e+02 -9.102619e+01 1.152994e+01
    endloop
  endfacet
  facet normal 1.702096e-01 3.688262e-02 9.847174e-01
    outer loop
      vertex   1.023282e+02 -9.102619e+01 1.152994e+01
      vertex   7.736251e+01 -5.817454e+01 1.461483e+01
      vertex   7.718544e+01 -5.852106e+01 1.465841e+01
    endloop
  endfacet
  facet normal 1.702096e-01 3.688262e-02 9.847174e-01
    outer loop
      vertex   1.023282e+02 -9.102619e+01 1.152994e+01
      vertex   7.718544e+01 -5.852106e+01 1.465841e+01
      vertex   8.333771e+01 -9.415078e+01 1.492950e+01
    endloop
  endfacet
  facet normal 1.702096e-01 3.688262e-02 9.847174e-01
    outer loop
      vertex   8.333771e+01 -9.415078e+01 1.492950e+01
      vertex   7.718544e+01 -5.852106e+01 1.465841e+01
      vertex   7.692567e+01 -5.880873e+01 1.471409e+01
    endloop
  endfacet
  facet normal 1.702096e-01 3.688262e-02 9.847174e-01
    outer loop
      vertex   8.333771e+01 -9.415078e+01 1.492950e+01
      vertex   7.692567e+01 -5.880873e+01 1.471409e+01
      vertex   8.299488e+01 -9.396900e+01 1.498195e+01
    endloop
  endfacet
  facet normal 1.702096e-01 3.688262e-02 9.847174e-01
    outer loop
      vertex   8.299488e+01 -9.396900e+01 1.498195e+01
      vertex   7.692567e+01 -5.880873e+01 1.471409e+01
      vertex   7.660090e+01 -5.901794e+01 1.477806e+01
    endloop
  endfacet
  facet normal 1.702096e-01 3.688262e-02 9.847174e-01
    outer loop
      vertex   8.299488e+01 -9.396900e+01 1.498195e+01
      vertex   7.660090e+01 -5.901794e+01 1.477806e+01
      vertex   8.261789e+01 -9.388309e+01 1.504389e+01
    endloop
  endfacet
  facet normal 1.702096e-01 3.688262e-02 9.847174e-01
    outer loop
      vertex   8.261789e+01 -9.388309e+01 1.504389e+01
      vertex   7.660090e+01 -5.901794e+01 1.477806e+01
      vertex   7.623327e+01 -5.913442e+01 1.484597e+01
    endloop
  endfacet
  facet normal 1.702096e-01 3.688262e-02 9.847174e-01
    outer loop
      vertex   8.261789e+01 -9.388309e+01 1.504389e+01
      vertex   7.623327e+01 -5.913442e+01 1.484597e+01
      vertex   8.223245e+01 -9.389892e+01 1.511111e+01
    endloop
  endfacet
  facet normal 1.702096e-01 3.688262e-02 9.847174e-01
    outer loop
      vertex   8.223245e+01 -9.389892e+01 1.511111e+01
      vertex   7.623327e+01 -5.913442e+01 1.484597e+01
      vertex   7.584783e+01 -5.915026e+01 1.491319e+01
    endloop
  endfacet
  facet normal 1.702096e-01 3.688262e-02 9.847174e-01
    outer loop
      vertex   8.223245e+01 -9.389892e+01 1.511111e+01
      vertex   7.584783e+01 -5.915026e+01 1.491319e+01
      vertex   8.186482e+01 -9.401541e+01 1.517902e+01
    endloop
  endfacet
  facet normal 1.702096e-01 3.688262e-02 9.847174e-01
    outer loop
      vertex   8.186482e+01 -9.401541e+01 1.517902e+01
      vertex   7.584783e+01 -5.915026e+01 1.491319e+01
      vertex   7.547084e+01 -5.906435e+01 1.497513e+01
    endloop
  endfacet
  facet normal 1.702096e-01 3.688262e-02 9.847174e-01
    outer loop
      vertex   8.186482e+01 -9.401541e+01 1.517902e+01
      vertex   7.547084e+01 -5.906435e+01 1.497513e+01
      vertex   8.154005e+01 -9.422462e+01 1.524299e+01
    endloop
  endfacet
  facet normal 1.702096e-01 3.688262e-02 9.847174e-01
    outer loop
      vertex   8.154005e+01 -9.422462e+01 1.524299e+01
      vertex   7.547084e+01 -5.906435e+01 1.497513e+01
      vertex   7.512801e+01 -5.888257e+01 1.502758e+01
    endloop
  endfacet
  facet normal 1.702096e-01 3.688262e-02 9.847174e-01
    outer loop
      vertex   8.154005e+01 -9.422462e+01 1.524299e+01
      vertex   7.512801e+01 -5.888257e+01 1.502758e+01
      vertex   8.128028e+01 -9.451229e+01 1.529867e+01
    endloop
  endfacet
  facet normal 1.702096e-01 3.688262e-02 9.847174e-01
    outer loop
      vertex   8.128028e+01 -9.451229e+01 1.529867e+01
      vertex   7.512801e+01 -5.888257e+01 1.502758e+01
      vertex   5.546731e+01 -7.541975e+01 1.904536e+01
    endloop
  endfacet
  facet normal 1.702096e-01 3.688262e-02 9.847174e-01
    outer loop
      vertex   8.128028e+01 -9.451229e+01 1.529867e+01
      vertex   5.546731e+01 -7.541975e+01 1.904536e+01
      vertex   8.110321e+01 -9.485881e+01 1.534225e+01
    endloop
  endfacet
  facet normal 1.702096e-01 3.688262e-02 9.847174e-01
    outer loop
      vertex   6.116620e+01 -5.620758e+01 1.734071e+01
      vertex   7.571058e+01 -5.618038e+01 1.482567e+01
      vertex   9.510491e+01 -5.020251e+01 1.124944e+01
    endloop
  endfacet
  facet normal 1.702096e-01 3.688262e-02 9.847174e-01
    outer loop
      vertex   9.510491e+01 -5.020251e+01 1.124944e+01
      vertex   7.571058e+01 -5.618038e+01 1.482567e+01
      vertex   7.609603e+01 -5.616455e+01 1.475846e+01
    endloop
  endfacet
  facet normal 1.702096e-01 3.688262e-02 9.847174e-01
    outer loop
      vertex   9.510491e+01 -5.020251e+01 1.124944e+01
      vertex   7.609603e+01 -5.616455e+01 1.475846e+01
      vertex   7.647301e+01 -5.625045e+01 1.469651e+01
    endloop
  endfacet
  facet normal 1.702096e-01 3.688262e-02 9.847174e-01
    outer loop
      vertex   6.116713e+01 -5.621283e+01 1.734074e+01
      vertex   7.449903e+01 -5.752203e+01 1.508534e+01
      vertex   6.116620e+01 -5.620758e+01 1.734071e+01
    endloop
  endfacet
  facet normal 1.702096e-01 3.688262e-02 9.847174e-01
    outer loop
      vertex   6.116620e+01 -5.620758e+01 1.734071e+01
      vertex   7.449903e+01 -5.752203e+01 1.508534e+01
      vertex   7.458134e+01 -5.714026e+01 1.505682e+01
    endloop
  endfacet
  facet normal 1.702096e-01 3.688262e-02 9.847174e-01
    outer loop
      vertex   6.116620e+01 -5.620758e+01 1.734071e+01
      vertex   7.458134e+01 -5.714026e+01 1.505682e+01
      vertex   7.475841e+01 -5.679374e+01 1.501323e+01
    endloop
  endfacet
  facet normal 1.702096e-01 3.688262e-02 9.847174e-01
    outer loop
      vertex   4.012060e+01 -5.993678e+01 2.111814e+01
      vertex   5.546731e+01 -7.541975e+01 1.904536e+01
      vertex   6.116713e+01 -5.621283e+01 1.734074e+01
    endloop
  endfacet
  facet normal 1.702096e-01 3.688262e-02 9.847174e-01
    outer loop
      vertex   6.116713e+01 -5.621283e+01 1.734074e+01
      vertex   5.546731e+01 -7.541975e+01 1.904536e+01
      vertex   7.484268e+01 -5.861729e+01 1.506696e+01
    endloop
  endfacet
  facet normal 1.702096e-01 3.688262e-02 9.847174e-01
    outer loop
      vertex   6.116713e+01 -5.621283e+01 1.734074e+01
      vertex   7.484268e+01 -5.861729e+01 1.506696e+01
      vertex   7.463431e+01 -5.828659e+01 1.509060e+01
    endloop
  endfacet
  facet normal 1.702096e-01 3.688262e-02 9.847174e-01
    outer loop
      vertex   4.011158e+01 -5.988578e+01 2.111779e+01
      vertex   3.222361e+01 -5.204029e+01 2.218738e+01
      vertex   4.012060e+01 -5.993678e+01 2.111814e+01
    endloop
  endfacet
  facet normal 1.702096e-01 3.688262e-02 9.847174e-01
    outer loop
      vertex   4.012060e+01 -5.993678e+01 2.111814e+01
      vertex   3.222361e+01 -5.204029e+01 2.218738e+01
      vertex   3.570818e+01 -7.173393e+01 2.232270e+01
    endloop
  endfacet
  facet normal 1.702096e-01 3.688262e-02 9.847174e-01
    outer loop
      vertex   4.012060e+01 -5.993678e+01 2.111814e+01
      vertex   3.570818e+01 -7.173393e+01 2.232270e+01
      vertex   3.570829e+01 -7.173391e+01 2.232268e+01
    endloop
  endfacet
  facet normal 1.702096e-01 3.688262e-02 9.847174e-01
    outer loop
      vertex   4.056846e+01 -5.980550e+01 2.103581e+01
      vertex   3.761614e+01 -4.311998e+01 2.092117e+01
      vertex   4.011158e+01 -5.988578e+01 2.111779e+01
    endloop
  endfacet
  facet normal 1.702096e-01 3.688262e-02 9.847174e-01
    outer loop
      vertex   4.011158e+01 -5.988578e+01 2.111779e+01
      vertex   3.761614e+01 -4.311998e+01 2.092117e+01
      vertex   3.359367e+01 -4.391705e+01 2.164631e+01
    endloop
  endfacet
  facet normal 1.702096e-01 3.688262e-02 9.847174e-01
    outer loop
      vertex   4.011158e+01 -5.988578e+01 2.111779e+01
      vertex   3.359367e+01 -4.391705e+01 2.164631e+01
      vertex   3.222361e+01 -5.204029e+01 2.218738e+01
    endloop
  endfacet
  facet normal 1.702096e-01 3.688262e-02 9.847174e-01
    outer loop
      vertex   3.222361e+01 -5.204029e+01 2.218738e+01
      vertex   3.359367e+01 -4.391705e+01 2.164631e+01
      vertex   3.217660e+01 -4.431837e+01 2.190628e+01
    endloop
  endfacet
  facet normal 1.702096e-01 3.688262e-02 9.847174e-01
    outer loop
      vertex   3.222361e+01 -5.204029e+01 2.218738e+01
      vertex   3.217660e+01 -4.431837e+01 2.190628e+01
      vertex   3.117478e+01 -4.611473e+01 2.214673e+01
    endloop
  endfacet
  facet normal 1.702096e-01 3.688262e-02 9.847174e-01
    outer loop
      vertex   3.117478e+01 -4.611473e+01 2.214673e+01
      vertex   3.217660e+01 -4.431837e+01 2.190628e+01
      vertex   3.189152e+01 -4.446658e+01 2.196111e+01
    endloop
  endfacet
  facet normal 1.702096e-01 3.688262e-02 9.847174e-01
    outer loop
      vertex   3.117478e+01 -4.611473e+01 2.214673e+01
      vertex   3.189152e+01 -4.446658e+01 2.196111e+01
      vertex   3.164521e+01 -4.466493e+01 2.201111e+01
    endloop
  endfacet
  facet normal 1.702096e-01 3.688262e-02 9.847174e-01
    outer loop
      vertex   4.924434e+01 -4.059833e+01 1.881677e+01
      vertex   4.889738e+01 -3.899715e+01 1.881677e+01
      vertex   3.761614e+01 -4.311998e+01 2.092117e+01
    endloop
  endfacet
  facet normal 1.702096e-01 3.688262e-02 9.847174e-01
    outer loop
      vertex   3.761614e+01 -4.311998e+01 2.092117e+01
      vertex   4.889738e+01 -3.899715e+01 1.881677e+01
      vertex   3.326174e+01 -4.238523e+01 2.164631e+01
    endloop
  endfacet
  facet normal 1.702096e-01 3.688262e-02 9.847174e-01
    outer loop
      vertex   3.761614e+01 -4.311998e+01 2.092117e+01
      vertex   3.326174e+01 -4.238523e+01 2.164631e+01
      vertex   3.359367e+01 -4.391705e+01 2.164631e+01
    endloop
  endfacet
  facet normal 1.702096e-01 3.688262e-02 9.847174e-01
    outer loop
      vertex   3.164521e+01 -4.466493e+01 2.201111e+01
      vertex   3.144305e+01 -4.490544e+01 2.205507e+01
      vertex   3.117478e+01 -4.611473e+01 2.214673e+01
    endloop
  endfacet
  facet normal 1.702096e-01 3.688262e-02 9.847174e-01
    outer loop
      vertex   3.117478e+01 -4.611473e+01 2.214673e+01
      vertex   3.144305e+01 -4.490544e+01 2.205507e+01
      vertex   3.128987e+01 -4.518081e+01 2.209186e+01
    endloop
  endfacet
  facet normal 1.702096e-01 3.688262e-02 9.847174e-01
    outer loop
      vertex   3.117478e+01 -4.611473e+01 2.214673e+01
      vertex   3.128987e+01 -4.518081e+01 2.209186e+01
      vertex   3.119076e+01 -4.548393e+01 2.212034e+01
    endloop
  endfacet
  facet normal 1.702096e-01 3.688262e-02 9.847174e-01
    outer loop
      vertex   3.119076e+01 -4.548393e+01 2.212034e+01
      vertex   3.115129e+01 -4.580693e+01 2.213926e+01
      vertex   3.117478e+01 -4.611473e+01 2.214673e+01
    endloop
  endfacet
  facet normal 1.702096e-01 3.688262e-02 9.847174e-01
    outer loop
      vertex   3.117478e+01 -4.611473e+01 2.214673e+01
      vertex   3.222336e+01 -5.204033e+01 2.218743e+01
      vertex   3.222361e+01 -5.204029e+01 2.218738e+01
    endloop
  endfacet
  facet normal 1.702096e-01 3.688262e-02 9.847174e-01
    outer loop
      vertex   3.693623e+01 -7.867309e+01 2.237033e+01
      vertex   5.546731e+01 -7.541975e+01 1.904536e+01
      vertex   3.570829e+01 -7.173391e+01 2.232268e+01
    endloop
  endfacet
  facet normal 1.702096e-01 3.688262e-02 9.847174e-01
    outer loop
      vertex   3.570829e+01 -7.173391e+01 2.232268e+01
      vertex   5.546731e+01 -7.541975e+01 1.904536e+01
      vertex   4.012060e+01 -5.993678e+01 2.111814e+01
    endloop
  endfacet
  facet normal 1.702096e-01 3.688262e-02 9.847174e-01
    outer loop
      vertex   4.436267e+01 -1.219737e+02 2.270849e+01
      vertex   4.060062e+01 -1.335773e+02 2.379338e+01
      vertex   4.282979e+01 -1.374109e+02 2.355165e+01
    endloop
  endfacet
  facet normal 1.702096e-01 3.688262e-02 9.847174e-01
    outer loop
      vertex   4.282979e+01 -1.374109e+02 2.355165e+01
      vertex   4.060062e+01 -1.335773e+02 2.379338e+01
      vertex   4.067028e+01 -1.346740e+02 2.382241e+01
    endloop
  endfacet
  facet normal 1.702096e-01 3.688262e-02 9.847174e-01
    outer loop
      vertex   4.282979e+01 -1.374109e+02 2.355165e+01
      vertex   4.067028e+01 -1.346740e+02 2.382241e+01
      vertex   4.112361e+01 -1.358924e+02 2.378969e+01
    endloop
  endfacet
  facet normal 1.702096e-01 3.688262e-02 9.847174e-01
    outer loop
      vertex   4.112361e+01 -1.358924e+02 2.378969e+01
      vertex   4.067028e+01 -1.346740e+02 2.382241e+01
      vertex   4.084188e+01 -1.353270e+02 2.381721e+01
    endloop
  endfacet
  facet normal 1.702096e-01 3.688262e-02 9.847174e-01
    outer loop
      vertex   4.060062e+01 -1.335773e+02 2.379338e+01
      vertex   4.058834e+01 -1.342109e+02 2.381923e+01
      vertex   4.067028e+01 -1.346740e+02 2.382241e+01
    endloop
  endfacet
  facet normal 1.702096e-01 3.688262e-02 9.847174e-01
    outer loop
      vertex   4.112361e+01 -1.358924e+02 2.378969e+01
      vertex   4.237869e+01 -1.374109e+02 2.362962e+01
      vertex   4.282979e+01 -1.374109e+02 2.355165e+01
    endloop
  endfacet
  facet normal 1.702096e-01 3.688262e-02 9.847174e-01
    outer loop
      vertex   7.730954e+01 -5.702821e+01 1.458105e+01
      vertex   7.742675e+01 -5.740178e+01 1.457478e+01
      vertex   9.510491e+01 -5.020251e+01 1.124944e+01
    endloop
  endfacet
  facet normal 1.702096e-01 3.688262e-02 9.847174e-01
    outer loop
      vertex   9.510491e+01 -5.020251e+01 1.124944e+01
      vertex   7.742675e+01 -5.740178e+01 1.457478e+01
      vertex   7.744482e+01 -5.779277e+01 1.458630e+01
    endloop
  endfacet
  facet normal 1.702096e-01 3.688262e-02 9.847174e-01
    outer loop
      vertex   9.510491e+01 -5.020251e+01 1.124944e+01
      vertex   7.744482e+01 -5.779277e+01 1.458630e+01
      vertex   7.736251e+01 -5.817454e+01 1.461483e+01
    endloop
  endfacet
  facet normal 1.702096e-01 3.688262e-02 9.847174e-01
    outer loop
      vertex   7.512801e+01 -5.888257e+01 1.502758e+01
      vertex   7.484268e+01 -5.861729e+01 1.506696e+01
      vertex   5.546731e+01 -7.541975e+01 1.904536e+01
    endloop
  endfacet
  facet normal 1.702096e-01 3.688262e-02 9.847174e-01
    outer loop
      vertex   7.463431e+01 -5.828659e+01 1.509060e+01
      vertex   7.451710e+01 -5.791302e+01 1.509686e+01
      vertex   6.116713e+01 -5.621283e+01 1.734074e+01
    endloop
  endfacet
  facet normal 1.702096e-01 3.688262e-02 9.847174e-01
    outer loop
      vertex   6.116713e+01 -5.621283e+01 1.734074e+01
      vertex   7.451710e+01 -5.791302e+01 1.509686e+01
      vertex   7.449903e+01 -5.752203e+01 1.508534e+01
    endloop
  endfacet
  facet normal 1.702096e-01 3.688262e-02 9.847174e-01
    outer loop
      vertex   7.475841e+01 -5.679374e+01 1.501323e+01
      vertex   7.501819e+01 -5.650607e+01 1.495755e+01
      vertex   6.116620e+01 -5.620758e+01 1.734071e+01
    endloop
  endfacet
  facet normal 1.702096e-01 3.688262e-02 9.847174e-01
    outer loop
      vertex   6.116620e+01 -5.620758e+01 1.734071e+01
      vertex   7.501819e+01 -5.650607e+01 1.495755e+01
      vertex   7.534295e+01 -5.629687e+01 1.489358e+01
    endloop
  endfacet
  facet normal 1.702096e-01 3.688262e-02 9.847174e-01
    outer loop
      vertex   6.116620e+01 -5.620758e+01 1.734071e+01
      vertex   7.534295e+01 -5.629687e+01 1.489358e+01
      vertex   7.571058e+01 -5.618038e+01 1.482567e+01
    endloop
  endfacet
  facet normal 1.702096e-01 3.688262e-02 9.847174e-01
    outer loop
      vertex   7.647301e+01 -5.625045e+01 1.469651e+01
      vertex   7.681585e+01 -5.643224e+01 1.464406e+01
      vertex   9.510491e+01 -5.020251e+01 1.124944e+01
    endloop
  endfacet
  facet normal 1.702096e-01 3.688262e-02 9.847174e-01
    outer loop
      vertex   9.510491e+01 -5.020251e+01 1.124944e+01
      vertex   7.681585e+01 -5.643224e+01 1.464406e+01
      vertex   7.710117e+01 -5.669752e+01 1.460468e+01
    endloop
  endfacet
  facet normal 1.702096e-01 3.688262e-02 9.847174e-01
    outer loop
      vertex   9.510491e+01 -5.020251e+01 1.124944e+01
      vertex   7.710117e+01 -5.669752e+01 1.460468e+01
      vertex   7.730954e+01 -5.702821e+01 1.458105e+01
    endloop
  endfacet
  facet normal 1.702096e-01 3.688262e-02 9.847174e-01
    outer loop
      vertex   8.383141e+01 -9.474675e+01 1.486648e+01
      vertex   8.394862e+01 -9.512033e+01 1.486022e+01
      vertex   1.023282e+02 -9.102619e+01 1.152994e+01
    endloop
  endfacet
  facet normal 1.702096e-01 3.688262e-02 9.847174e-01
    outer loop
      vertex   1.023282e+02 -9.102619e+01 1.152994e+01
      vertex   8.394862e+01 -9.512033e+01 1.486022e+01
      vertex   8.396669e+01 -9.551132e+01 1.487174e+01
    endloop
  endfacet
  facet normal 1.702096e-01 3.688262e-02 9.847174e-01
    outer loop
      vertex   1.023282e+02 -9.102619e+01 1.152994e+01
      vertex   8.396669e+01 -9.551132e+01 1.487174e+01
      vertex   8.388438e+01 -9.589308e+01 1.490026e+01
    endloop
  endfacet
  facet normal 1.702096e-01 3.688262e-02 9.847174e-01
    outer loop
      vertex   8.370731e+01 -9.623961e+01 1.494385e+01
      vertex   8.344754e+01 -9.652728e+01 1.499953e+01
      vertex   9.684046e+01 -1.320936e+02 1.401668e+01
    endloop
  endfacet
  facet normal 1.702096e-01 3.688262e-02 9.847174e-01
    outer loop
      vertex   9.684046e+01 -1.320936e+02 1.401668e+01
      vertex   8.344754e+01 -9.652728e+01 1.499953e+01
      vertex   8.312277e+01 -9.673648e+01 1.506350e+01
    endloop
  endfacet
  facet normal 1.702096e-01 3.688262e-02 9.847174e-01
    outer loop
      vertex   9.684046e+01 -1.320936e+02 1.401668e+01
      vertex   8.312277e+01 -9.673648e+01 1.506350e+01
      vertex   8.275514e+01 -9.685297e+01 1.513141e+01
    endloop
  endfacet
  facet normal 1.702096e-01 3.688262e-02 9.847174e-01
    outer loop
      vertex   8.275514e+01 -9.685297e+01 1.513141e+01
      vertex   8.236970e+01 -9.686880e+01 1.519862e+01
      vertex   9.684046e+01 -1.320936e+02 1.401668e+01
    endloop
  endfacet
  facet normal 1.702096e-01 3.688262e-02 9.847174e-01
    outer loop
      vertex   9.684046e+01 -1.320936e+02 1.401668e+01
      vertex   8.236970e+01 -9.686880e+01 1.519862e+01
      vertex   8.199271e+01 -9.678290e+01 1.526057e+01
    endloop
  endfacet
  facet normal 1.702096e-01 3.688262e-02 9.847174e-01
    outer loop
      vertex   8.164987e+01 -9.660111e+01 1.531302e+01
      vertex   8.136455e+01 -9.633583e+01 1.535240e+01
      vertex   6.143088e+01 -1.225782e+02 1.978087e+01
    endloop
  endfacet
  facet normal 1.702096e-01 3.688262e-02 9.847174e-01
    outer loop
      vertex   8.333771e+01 -9.415078e+01 1.492950e+01
      vertex   8.362304e+01 -9.441606e+01 1.489011e+01
      vertex   1.023282e+02 -9.102619e+01 1.152994e+01
    endloop
  endfacet
  facet normal 1.702096e-01 3.688262e-02 9.847174e-01
    outer loop
      vertex   1.023282e+02 -9.102619e+01 1.152994e+01
      vertex   8.362304e+01 -9.441606e+01 1.489011e+01
      vertex   8.383141e+01 -9.474675e+01 1.486648e+01
    endloop
  endfacet
  facet normal 1.713742e-01 3.032274e-02 9.847393e-01
    outer loop
      vertex   6.116620e+01 -5.620758e+01 1.734071e+01
      vertex   9.510491e+01 -5.020251e+01 1.124944e+01
      vertex   6.081867e+01 -5.424342e+01 1.734071e+01
    endloop
  endfacet
  facet normal 1.713742e-01 3.032274e-02 9.847393e-01
    outer loop
      vertex   6.081867e+01 -5.424342e+01 1.734071e+01
      vertex   9.510491e+01 -5.020251e+01 1.124944e+01
      vertex   9.475737e+01 -4.823835e+01 1.124944e+01
    endloop
  endfacet
  facet normal -1.742324e-01 9.847046e-01 -1.460459e-15
    outer loop
      vertex   9.475737e+01 -4.823835e+01 9.554088e+00
      vertex   6.081867e+01 -5.424342e+01 1.564535e+01
      vertex   9.475737e+01 -4.823835e+01 1.124944e+01
    endloop
  endfacet
  facet normal -1.742324e-01 9.847046e-01 2.432043e-15
    outer loop
      vertex   9.475737e+01 -4.823835e+01 1.124944e+01
      vertex   6.081867e+01 -5.424342e+01 1.564535e+01
      vertex   6.081867e+01 -5.424342e+01 1.734071e+01
    endloop
  endfacet
  facet normal -2.443808e-01 6.748499e-01 -6.963158e-01
    outer loop
      vertex   9.475737e+01 -4.823835e+01 9.554088e+00
      vertex   9.508841e+01 -5.010929e+01 7.624644e+00
      vertex   6.081867e+01 -5.424342e+01 1.564535e+01
    endloop
  endfacet
  facet normal -2.443808e-01 6.748499e-01 -6.963158e-01
    outer loop
      vertex   6.081867e+01 -5.424342e+01 1.564535e+01
      vertex   9.508841e+01 -5.010929e+01 7.624644e+00
      vertex   6.114971e+01 -5.611436e+01 1.371591e+01
    endloop
  endfacet
  facet normal -1.713742e-01 -3.032274e-02 -9.847393e-01
    outer loop
      vertex   6.114971e+01 -5.611436e+01 1.371591e+01
      vertex   9.508841e+01 -5.010929e+01 7.624644e+00
      vertex   6.116713e+01 -5.621283e+01 1.371591e+01
    endloop
  endfacet
  facet normal -1.713742e-01 -3.032274e-02 -9.847393e-01
    outer loop
      vertex   6.116713e+01 -5.621283e+01 1.371591e+01
      vertex   9.508841e+01 -5.010929e+01 7.624644e+00
      vertex   9.510583e+01 -5.020776e+01 7.624644e+00
    endloop
  endfacet
  facet normal -1.742324e-01 9.847046e-01 6.035238e-15
    outer loop
      vertex   9.510584e+01 -5.020776e+01 -5.449170e+00
      vertex   9.508742e+01 -5.021102e+01 -4.527342e+00
      vertex   9.510584e+01 -5.020776e+01 -3.951050e+00
    endloop
  endfacet
  facet normal -1.742324e-01 9.847046e-01 -1.254782e-14
    outer loop
      vertex   9.510584e+01 -5.020776e+01 -3.951050e+00
      vertex   9.508742e+01 -5.021102e+01 -4.527342e+00
      vertex   5.298226e+01 -5.766105e+01 3.029629e+00
    endloop
  endfacet
  facet normal -1.742324e-01 9.847046e-01 -4.548490e-15
    outer loop
      vertex   9.510584e+01 -5.020776e+01 -3.951050e+00
      vertex   5.298226e+01 -5.766105e+01 3.029629e+00
      vertex   9.510583e+01 -5.020776e+01 7.624644e+00
    endloop
  endfacet
  facet normal -1.742324e-01 9.847046e-01 9.497813e-16
    outer loop
      vertex   9.510583e+01 -5.020776e+01 7.624644e+00
      vertex   5.298226e+01 -5.766105e+01 3.029629e+00
      vertex   6.116713e+01 -5.621283e+01 1.371591e+01
    endloop
  endfacet
  facet normal -1.742324e-01 9.847046e-01 -3.019613e-16
    outer loop
      vertex   6.116713e+01 -5.621283e+01 1.371591e+01
      vertex   5.298226e+01 -5.766105e+01 3.029629e+00
      vertex   4.579496e+01 -5.893276e+01 1.346248e+01
    endloop
  endfacet
  facet normal -1.742324e-01 9.847046e-01 -2.954822e-15
    outer loop
      vertex   6.116713e+01 -5.621283e+01 1.371591e+01
      vertex   4.579496e+01 -5.893276e+01 1.346248e+01
      vertex   6.116713e+01 -5.621283e+01 1.734074e+01
    endloop
  endfacet
  facet normal -1.742324e-01 9.847046e-01 1.452535e-15
    outer loop
      vertex   6.116713e+01 -5.621283e+01 1.734074e+01
      vertex   4.579496e+01 -5.893276e+01 1.346248e+01
      vertex   4.012060e+01 -5.993678e+01 2.111814e+01
    endloop
  endfacet
  facet normal -1.742324e-01 9.847046e-01 -4.886022e-15
    outer loop
      vertex   4.012060e+01 -5.993678e+01 2.111814e+01
      vertex   4.579496e+01 -5.893276e+01 1.346248e+01
      vertex   4.517742e+01 -5.904203e+01 1.357011e+01
    endloop
  endfacet
  facet normal -1.742324e-01 9.847046e-01 1.721599e-15
    outer loop
      vertex   4.012060e+01 -5.993678e+01 2.111814e+01
      vertex   4.517742e+01 -5.904203e+01 1.357011e+01
      vertex   3.878835e+01 -6.017251e+01 1.346248e+01
    endloop
  endfacet
  facet normal -1.742324e-01 9.847046e-01 -1.958762e-13
    outer loop
      vertex   3.878835e+01 -6.017251e+01 1.346248e+01
      vertex   4.517742e+01 -5.904203e+01 1.357011e+01
      vertex   4.517742e+01 -5.904203e+01 1.346248e+01
    endloop
  endfacet
  facet normal -1.742324e-01 9.847046e-01 1.067171e-14
    outer loop
      vertex   9.510584e+01 -5.020776e+01 -5.449170e+00
      vertex   9.508471e+01 -5.021150e+01 -5.449106e+00
      vertex   9.508742e+01 -5.021102e+01 -4.527342e+00
    endloop
  endfacet
  facet normal -1.742324e-01 9.847046e-01 2.757718e-12
    outer loop
      vertex   4.579496e+01 -5.893276e+01 1.346248e+01
      vertex   4.577707e+01 -5.893593e+01 1.346248e+01
      vertex   4.517742e+01 -5.904203e+01 1.357011e+01
    endloop
  endfacet
  facet normal -6.034103e-03 5.127023e-02 9.986666e-01
    outer loop
      vertex   9.508471e+01 -5.021150e+01 -5.449106e+00
      vertex   9.510584e+01 -5.020776e+01 -5.449170e+00
      vertex   9.253958e+01 -3.582725e+01 -6.202952e+00
    endloop
  endfacet
  facet normal -6.034103e-03 5.127023e-02 9.986666e-01
    outer loop
      vertex   9.253958e+01 -3.582725e+01 -6.202952e+00
      vertex   9.510584e+01 -5.020776e+01 -5.449170e+00
      vertex   9.256071e+01 -3.582352e+01 -6.203016e+00
    endloop
  endfacet
  facet normal 1.740008e-01 -9.833959e-01 5.153760e-02
    outer loop
      vertex   9.254656e+01 -3.574358e+01 -4.630029e+00
      vertex   9.253006e+01 -3.574635e+01 -4.627073e+00
      vertex   9.256071e+01 -3.582352e+01 -6.203016e+00
    endloop
  endfacet
  facet normal 1.740008e-01 -9.833959e-01 5.153760e-02
    outer loop
      vertex   9.256071e+01 -3.582352e+01 -6.203016e+00
      vertex   9.253006e+01 -3.574635e+01 -4.627073e+00
      vertex   9.253958e+01 -3.582725e+01 -6.202952e+00
    endloop
  endfacet
  facet normal 1.702096e-01 3.688262e-02 9.847174e-01
    outer loop
      vertex   5.298226e+01 -5.766105e+01 3.029629e+00
      vertex   9.508742e+01 -5.021102e+01 -4.527342e+00
      vertex   5.038379e+01 -4.297537e+01 2.928724e+00
    endloop
  endfacet
  facet normal 1.702096e-01 3.688262e-02 9.847174e-01
    outer loop
      vertex   5.038379e+01 -4.297537e+01 2.928724e+00
      vertex   9.508742e+01 -5.021102e+01 -4.527342e+00
      vertex   9.253006e+01 -3.574635e+01 -4.627073e+00
    endloop
  endfacet
  facet normal 1.702096e-01 3.688262e-02 9.847174e-01
    outer loop
      vertex   5.038379e+01 -4.297537e+01 2.928724e+00
      vertex   9.253006e+01 -3.574635e+01 -4.627073e+00
      vertex   9.250737e+01 -3.552208e+01 -4.631551e+00
    endloop
  endfacet
  facet normal 1.702096e-01 3.688262e-02 9.847174e-01
    outer loop
      vertex   9.250737e+01 -3.552208e+01 -4.631551e+00
      vertex   9.253006e+01 -3.574635e+01 -4.627073e+00
      vertex   9.254656e+01 -3.574358e+01 -4.630029e+00
    endloop
  endfacet
  facet normal 9.847270e-01 1.740798e-01 -2.987151e-03
    outer loop
      vertex   9.250098e+01 -3.548595e+01 9.608566e-01
      vertex   9.249990e+01 -3.549012e+01 3.638856e-01
      vertex   9.249630e+01 -3.545954e+01 9.595523e-01
    endloop
  endfacet
  facet normal 3.649165e-03 -7.222129e-01 -6.916612e-01
    outer loop
      vertex   5.890247e+01 -4.340527e+01 1.555709e+01
      vertex   5.857147e+01 -4.154722e+01 1.361523e+01
      vertex   9.284201e+01 -3.740005e+01 9.465677e+00
    endloop
  endfacet
  facet normal 3.649165e-03 -7.222129e-01 -6.916612e-01
    outer loop
      vertex   9.284201e+01 -3.740005e+01 9.465677e+00
      vertex   5.857147e+01 -4.154722e+01 1.361523e+01
      vertex   9.251101e+01 -3.554200e+01 7.523810e+00
    endloop
  endfacet
  facet normal -1.702096e-01 -3.688262e-02 -9.847174e-01
    outer loop
      vertex   9.251101e+01 -3.554200e+01 7.523810e+00
      vertex   5.857147e+01 -4.154722e+01 1.361523e+01
      vertex   9.249347e+01 -3.544355e+01 7.523154e+00
    endloop
  endfacet
  facet normal -1.702096e-01 -3.688262e-02 -9.847174e-01
    outer loop
      vertex   9.249347e+01 -3.544355e+01 7.523154e+00
      vertex   5.857147e+01 -4.154722e+01 1.361523e+01
      vertex   5.855393e+01 -4.144877e+01 1.361457e+01
    endloop
  endfacet
  facet normal 8.061673e-01 1.465810e-01 5.732437e-01
    outer loop
      vertex   5.038379e+01 -4.297537e+01 2.928724e+00
      vertex   4.781509e+01 -4.340813e+01 6.651810e+00
      vertex   5.298226e+01 -5.766105e+01 3.029629e+00
    endloop
  endfacet
  facet normal 8.061673e-01 1.465810e-01 5.732437e-01
    outer loop
      vertex   5.298226e+01 -5.766105e+01 3.029629e+00
      vertex   4.781509e+01 -4.340813e+01 6.651810e+00
      vertex   4.579496e+01 -5.893276e+01 1.346248e+01
    endloop
  endfacet
  facet normal 8.061673e-01 1.465810e-01 5.732437e-01
    outer loop
      vertex   4.579496e+01 -5.893276e+01 1.346248e+01
      vertex   4.781509e+01 -4.340813e+01 6.651810e+00
      vertex   3.761614e+01 -4.311998e+01 2.092117e+01
    endloop
  endfacet
  facet normal 8.061673e-01 1.465810e-01 5.732437e-01
    outer loop
      vertex   4.579496e+01 -5.893276e+01 1.346248e+01
      vertex   3.761614e+01 -4.311998e+01 2.092117e+01
      vertex   4.056846e+01 -5.980550e+01 2.103581e+01
    endloop
  endfacet
  facet normal 8.061673e-01 1.465810e-01 5.732437e-01
    outer loop
      vertex   4.781509e+01 -4.340813e+01 6.651810e+00
      vertex   4.729756e+01 -4.102016e+01 6.769008e+00
      vertex   3.761614e+01 -4.311998e+01 2.092117e+01
    endloop
  endfacet
  facet normal -9.773183e-01 -2.117745e-01 -6.627981e-04
    outer loop
      vertex   4.781509e+01 -4.340813e+01 6.651810e+00
      vertex   4.780100e+01 -4.336470e+01 1.354550e+01
      vertex   4.729756e+01 -4.102016e+01 6.769008e+00
    endloop
  endfacet
  facet normal -9.773183e-01 -2.117745e-01 -6.627981e-04
    outer loop
      vertex   4.729756e+01 -4.102016e+01 6.769008e+00
      vertex   4.780100e+01 -4.336470e+01 1.354550e+01
      vertex   4.729321e+01 -4.102129e+01 1.354550e+01
    endloop
  endfacet
  facet normal -9.773184e-01 -2.117745e-01 -5.892199e-04
    outer loop
      vertex   4.924202e+01 -4.059895e+01 2.287927e+01
      vertex   4.889504e+01 -3.899766e+01 2.287927e+01
      vertex   4.924434e+01 -4.059833e+01 1.881677e+01
    endloop
  endfacet
  facet normal -9.773184e-01 -2.117745e-01 -5.892199e-04
    outer loop
      vertex   4.924434e+01 -4.059833e+01 1.881677e+01
      vertex   4.889504e+01 -3.899766e+01 2.287927e+01
      vertex   4.889738e+01 -3.899715e+01 1.881677e+01
    endloop
  endfacet
  facet normal -1.702096e-01 -3.688262e-02 -9.847174e-01
    outer loop
      vertex   3.314077e+01 -4.409060e+01 2.579317e+01
      vertex   3.360292e+01 -4.395972e+01 2.570839e+01
      vertex   4.924202e+01 -4.059895e+01 2.287927e+01
    endloop
  endfacet
  facet normal -1.702096e-01 -3.688262e-02 -9.847174e-01
    outer loop
      vertex   4.924202e+01 -4.059895e+01 2.287927e+01
      vertex   3.360292e+01 -4.395972e+01 2.570839e+01
      vertex   4.889504e+01 -3.899766e+01 2.287927e+01
    endloop
  endfacet
  facet normal -1.702096e-01 -3.688262e-02 -9.847174e-01
    outer loop
      vertex   4.889504e+01 -3.899766e+01 2.287927e+01
      vertex   3.360292e+01 -4.395972e+01 2.570839e+01
      vertex   3.326174e+01 -4.238523e+01 2.570839e+01
    endloop
  endfacet
  facet normal 1.178805e-03 -6.662218e-03 -9.999771e-01
    outer loop
      vertex   1.140734e+02 -1.316158e+02 9.475367e+00
      vertex   1.136380e+02 -1.291528e+02 9.458445e+00
      vertex   1.273673e+02 -1.292657e+02 9.475382e+00
    endloop
  endfacet
  facet normal 1.178805e-03 -6.662218e-03 -9.999771e-01
    outer loop
      vertex   1.273673e+02 -1.292657e+02 9.475382e+00
      vertex   1.136380e+02 -1.291528e+02 9.458445e+00
      vertex   1.269315e+02 -1.268007e+02 9.458445e+00
    endloop
  endfacet
  facet normal -3.734139e-03 -9.999930e-01 2.521881e-16
    outer loop
      vertex   4.183425e+01 -1.374109e+02 2.751416e+01
      vertex   4.183425e+01 -1.374109e+02 3.014440e+01
      vertex   4.183276e+01 -1.374109e+02 2.751416e+01
    endloop
  endfacet
  facet normal -3.734139e-03 -9.999930e-01 1.815754e-16
    outer loop
      vertex   4.183276e+01 -1.374109e+02 2.751416e+01
      vertex   4.183425e+01 -1.374109e+02 3.014440e+01
      vertex   4.183276e+01 -1.374109e+02 3.014440e+01
    endloop
  endfacet
  facet normal -2.248486e-03 -9.999975e-01 1.093344e-16
    outer loop
      vertex   4.183276e+01 -1.374109e+02 2.751416e+01
      vertex   4.183276e+01 -1.374109e+02 3.014440e+01
      vertex   4.183127e+01 -1.374109e+02 2.751416e+01
    endloop
  endfacet
  facet normal -2.248486e-03 -9.999975e-01 -1.076318e-14
    outer loop
      vertex   4.183127e+01 -1.374109e+02 2.751416e+01
      vertex   4.183276e+01 -1.374109e+02 3.014440e+01
      vertex   4.183127e+01 -1.374109e+02 3.014440e+01
    endloop
  endfacet
  facet normal -7.628291e-04 -9.999997e-01 -1.079130e-14
    outer loop
      vertex   4.183127e+01 -1.374109e+02 2.751416e+01
      vertex   4.183127e+01 -1.374109e+02 3.014440e+01
      vertex   4.182979e+01 -1.374109e+02 2.751416e+01
    endloop
  endfacet
  facet normal -7.628291e-04 -9.999997e-01 1.080573e-14
    outer loop
      vertex   4.182979e+01 -1.374109e+02 2.751416e+01
      vertex   4.183127e+01 -1.374109e+02 3.014440e+01
      vertex   4.182979e+01 -1.374109e+02 3.014440e+01
    endloop
  endfacet
  facet normal -1.985437e-14 -1.000000e+00 1.080573e-14
    outer loop
      vertex   4.182979e+01 -1.374109e+02 3.014440e+01
      vertex   4.039828e+01 -1.374109e+02 3.014440e+01
      vertex   4.182979e+01 -1.374109e+02 2.751416e+01
    endloop
  endfacet
  facet normal -2.885935e-14 -1.000000e+00 5.904773e-15
    outer loop
      vertex   4.182979e+01 -1.374109e+02 2.751416e+01
      vertex   4.039828e+01 -1.374109e+02 3.014440e+01
      vertex   3.986012e+01 -1.374109e+02 2.751416e+01
    endloop
  endfacet
  facet normal -7.536475e-01 -6.389349e-01 1.542002e-01
    outer loop
      vertex   3.986013e+01 -1.374109e+02 2.751416e+01
      vertex   3.986012e+01 -1.374109e+02 2.751416e+01
      vertex   3.834124e+01 -1.374109e+02 2.009069e+01
    endloop
  endfacet
  facet normal -7.536475e-01 -6.389349e-01 1.542002e-01
    outer loop
      vertex   3.834124e+01 -1.374109e+02 2.009069e+01
      vertex   3.986012e+01 -1.374109e+02 2.751416e+01
      vertex   4.007904e+01 -1.370344e+02 3.014440e+01
    endloop
  endfacet
  facet normal -7.536475e-01 -6.389349e-01 1.542002e-01
    outer loop
      vertex   4.007904e+01 -1.370344e+02 3.014440e+01
      vertex   3.986012e+01 -1.374109e+02 2.751416e+01
      vertex   4.039828e+01 -1.374109e+02 3.014440e+01
    endloop
  endfacet
  facet normal -8.789851e-01 -4.460335e-01 1.686398e-01
    outer loop
      vertex   3.652140e+01 -1.366325e+02 1.266416e+01
      vertex   3.691641e+01 -1.374109e+02 1.266416e+01
      vertex   3.954288e+01 -1.359778e+02 3.014440e+01
    endloop
  endfacet
  facet normal -8.789851e-01 -4.460335e-01 1.686398e-01
    outer loop
      vertex   3.954288e+01 -1.359778e+02 3.014440e+01
      vertex   3.691641e+01 -1.374109e+02 1.266416e+01
      vertex   3.834124e+01 -1.374109e+02 2.009069e+01
    endloop
  endfacet
  facet normal -8.789851e-01 -4.460335e-01 1.686398e-01
    outer loop
      vertex   3.954288e+01 -1.359778e+02 3.014440e+01
      vertex   3.834124e+01 -1.374109e+02 2.009069e+01
      vertex   4.007904e+01 -1.370344e+02 3.014440e+01
    endloop
  endfacet
  facet normal -9.521037e-01 -2.514475e-01 1.739903e-01
    outer loop
      vertex   3.625572e+01 -1.356265e+02 1.266416e+01
      vertex   3.652140e+01 -1.366325e+02 1.266416e+01
      vertex   3.927720e+01 -1.349718e+02 3.014440e+01
    endloop
  endfacet
  facet normal -9.521037e-01 -2.514475e-01 1.739903e-01
    outer loop
      vertex   3.927720e+01 -1.349718e+02 3.014440e+01
      vertex   3.652140e+01 -1.366325e+02 1.266416e+01
      vertex   3.954288e+01 -1.359778e+02 3.014440e+01
    endloop
  endfacet
  facet normal -9.699103e-01 -1.702600e-01 1.740273e-01
    outer loop
      vertex   3.625572e+01 -1.356265e+02 1.266416e+01
      vertex   3.927720e+01 -1.349718e+02 3.014440e+01
      vertex   3.611362e+01 -1.348170e+02 1.266416e+01
    endloop
  endfacet
  facet normal -9.699103e-01 -1.702600e-01 1.740273e-01
    outer loop
      vertex   3.611362e+01 -1.348170e+02 1.266416e+01
      vertex   3.927720e+01 -1.349718e+02 3.014440e+01
      vertex   3.913510e+01 -1.341623e+02 3.014440e+01
    endloop
  endfacet
  facet normal -9.852145e-01 2.616359e-02 1.693156e-01
    outer loop
      vertex   3.611362e+01 -1.348170e+02 1.266416e+01
      vertex   3.913510e+01 -1.341623e+02 3.014440e+01
      vertex   3.614700e+01 -1.335600e+02 1.266416e+01
    endloop
  endfacet
  facet normal -9.852145e-01 2.616359e-02 1.693156e-01
    outer loop
      vertex   3.614700e+01 -1.335600e+02 1.266416e+01
      vertex   3.913510e+01 -1.341623e+02 3.014440e+01
      vertex   3.916848e+01 -1.329053e+02 3.014440e+01
    endloop
  endfacet
  facet normal -9.362524e-01 3.177293e-01 1.499318e-01
    outer loop
      vertex   3.688402e+01 -1.274760e+02 4.373419e+00
      vertex   3.821170e+01 -1.274760e+02 1.266416e+01
      vertex   3.866742e+01 -1.220876e+02 4.091025e+00
    endloop
  endfacet
  facet normal -9.362524e-01 3.177293e-01 1.499318e-01
    outer loop
      vertex   3.866742e+01 -1.220876e+02 4.091025e+00
      vertex   3.821170e+01 -1.274760e+02 1.266416e+01
      vertex   4.317078e+01 -1.211118e+02 3.014440e+01
    endloop
  endfacet
  facet normal -9.362524e-01 3.177293e-01 1.499318e-01
    outer loop
      vertex   4.317078e+01 -1.211118e+02 3.014440e+01
      vertex   3.821170e+01 -1.274760e+02 1.266416e+01
      vertex   3.916848e+01 -1.329053e+02 3.014440e+01
    endloop
  endfacet
  facet normal -9.362524e-01 3.177293e-01 1.499318e-01
    outer loop
      vertex   3.916848e+01 -1.329053e+02 3.014440e+01
      vertex   3.821170e+01 -1.274760e+02 1.266416e+01
      vertex   3.614700e+01 -1.335600e+02 1.266416e+01
    endloop
  endfacet
  facet normal -9.751856e-01 1.498694e-01 1.629486e-01
    outer loop
      vertex   3.866742e+01 -1.220876e+02 4.091025e+00
      vertex   4.317078e+01 -1.211118e+02 3.014440e+01
      vertex   3.867622e+01 -1.220269e+02 4.087842e+00
    endloop
  endfacet
  facet normal -9.751856e-01 1.498694e-01 1.629486e-01
    outer loop
      vertex   3.867622e+01 -1.220269e+02 4.087842e+00
      vertex   4.317078e+01 -1.211118e+02 3.014440e+01
      vertex   4.318013e+01 -1.210509e+02 3.014440e+01
    endloop
  endfacet
  facet normal -9.834950e-01 -5.587717e-02 1.720912e-01
    outer loop
      vertex   3.867622e+01 -1.220269e+02 4.087842e+00
      vertex   4.318013e+01 -1.210509e+02 3.014440e+01
      vertex   3.866501e+01 -1.218570e+02 4.078941e+00
    endloop
  endfacet
  facet normal -9.834950e-01 -5.587717e-02 1.720912e-01
    outer loop
      vertex   3.866501e+01 -1.218570e+02 4.078941e+00
      vertex   4.318013e+01 -1.210509e+02 3.014440e+01
      vertex   4.317046e+01 -1.208807e+02 3.014440e+01
    endloop
  endfacet
  facet normal -9.699071e-01 -1.702782e-01 1.740274e-01
    outer loop
      vertex   4.317046e+01 -1.208807e+02 3.014440e+01
      vertex   4.145001e+01 -1.154110e+02 2.590772e+01
      vertex   3.866501e+01 -1.218570e+02 4.078941e+00
    endloop
  endfacet
  facet normal -9.699071e-01 -1.702782e-01 1.740274e-01
    outer loop
      vertex   3.866501e+01 -1.218570e+02 4.078941e+00
      vertex   4.145001e+01 -1.154110e+02 2.590772e+01
      vertex   3.755162e+01 -1.064873e+02 1.291228e+01
    endloop
  endfacet
  facet normal -9.699071e-01 -1.702782e-01 1.740274e-01
    outer loop
      vertex   3.866501e+01 -1.218570e+02 4.078941e+00
      vertex   3.755162e+01 -1.064873e+02 1.291228e+01
      vertex   3.582215e+01 -1.064873e+02 3.273447e+00
    endloop
  endfacet
  facet normal -9.699071e-01 -1.702782e-01 1.740274e-01
    outer loop
      vertex   4.145001e+01 -1.154110e+02 2.590772e+01
      vertex   4.317046e+01 -1.208807e+02 3.014440e+01
      vertex   4.177795e+01 -1.153534e+02 2.779177e+01
    endloop
  endfacet
  facet normal -9.699071e-01 -1.702782e-01 1.740274e-01
    outer loop
      vertex   4.177795e+01 -1.153534e+02 2.779177e+01
      vertex   4.317046e+01 -1.208807e+02 3.014440e+01
      vertex   3.959096e+01 -1.004919e+02 3.014440e+01
    endloop
  endfacet
  facet normal -9.699071e-01 -1.702782e-01 1.740274e-01
    outer loop
      vertex   4.177795e+01 -1.153534e+02 2.779177e+01
      vertex   3.959096e+01 -1.004919e+02 3.014440e+01
      vertex   3.918431e+01 -1.005800e+02 2.779177e+01
    endloop
  endfacet
  facet normal -9.699071e-01 -1.702782e-01 1.740274e-01
    outer loop
      vertex   3.885865e+01 -1.006505e+02 2.590772e+01
      vertex   3.834802e+01 -1.007612e+02 2.295361e+01
      vertex   4.145001e+01 -1.154110e+02 2.590772e+01
    endloop
  endfacet
  facet normal -9.699071e-01 -1.702782e-01 1.740274e-01
    outer loop
      vertex   4.145001e+01 -1.154110e+02 2.590772e+01
      vertex   3.834802e+01 -1.007612e+02 2.295361e+01
      vertex   3.755162e+01 -1.064873e+02 1.291228e+01
    endloop
  endfacet
  facet normal -9.699071e-01 -1.702782e-01 1.740274e-01
    outer loop
      vertex   3.782574e+01 -9.780705e+01 2.293324e+01
      vertex   3.630836e+01 -9.813585e+01 1.415474e+01
      vertex   3.834802e+01 -1.007612e+02 2.295361e+01
    endloop
  endfacet
  facet normal -9.699071e-01 -1.702782e-01 1.740274e-01
    outer loop
      vertex   3.834802e+01 -1.007612e+02 2.295361e+01
      vertex   3.630836e+01 -9.813585e+01 1.415474e+01
      vertex   3.755162e+01 -1.064873e+02 1.291228e+01
    endloop
  endfacet
  facet normal -1.740945e-01 9.847055e-01 -6.789736e-03
    outer loop
      vertex   4.208769e+01 -1.000504e+02 3.014440e+01
      vertex   4.156963e+01 -1.001627e+02 2.714728e+01
      vertex   3.959096e+01 -1.004919e+02 3.014440e+01
    endloop
  endfacet
  facet normal -1.740945e-01 9.847055e-01 -6.789736e-03
    outer loop
      vertex   3.959096e+01 -1.004919e+02 3.014440e+01
      vertex   4.156963e+01 -1.001627e+02 2.714728e+01
      vertex   3.918431e+01 -1.005800e+02 2.779177e+01
    endloop
  endfacet
  facet normal -1.740945e-01 9.847055e-01 -6.789736e-03
    outer loop
      vertex   3.918431e+01 -1.005800e+02 2.779177e+01
      vertex   4.156963e+01 -1.001627e+02 2.714728e+01
      vertex   3.885865e+01 -1.006505e+02 2.590772e+01
    endloop
  endfacet
  facet normal -1.740945e-01 9.847055e-01 -6.789736e-03
    outer loop
      vertex   3.918431e+01 -1.005800e+02 2.779177e+01
      vertex   3.885865e+01 -1.006505e+02 2.590772e+01
      vertex   3.805895e+01 -1.007839e+02 2.706649e+01
    endloop
  endfacet
  facet normal -1.740945e-01 9.847055e-01 -6.789736e-03
    outer loop
      vertex   4.156963e+01 -1.001627e+02 2.714728e+01
      vertex   4.076965e+01 -1.003360e+02 2.251911e+01
      vertex   3.885865e+01 -1.006505e+02 2.590772e+01
    endloop
  endfacet
  facet normal -1.740945e-01 9.847055e-01 -6.789736e-03
    outer loop
      vertex   3.885865e+01 -1.006505e+02 2.590772e+01
      vertex   4.076965e+01 -1.003360e+02 2.251911e+01
      vertex   3.834802e+01 -1.007612e+02 2.295361e+01
    endloop
  endfacet
  facet normal -1.740945e-01 9.847055e-01 -6.789736e-03
    outer loop
      vertex   3.805895e+01 -1.007839e+02 2.706649e+01
      vertex   3.818432e+01 -1.007568e+02 2.779177e+01
      vertex   3.918431e+01 -1.005800e+02 2.779177e+01
    endloop
  endfacet
  facet normal 9.698798e-01 1.704323e-01 -1.740285e-01
    outer loop
      vertex   4.156963e+01 -1.001627e+02 2.714728e+01
      vertex   4.208769e+01 -1.000504e+02 3.014440e+01
      vertex   4.189726e+01 -1.020141e+02 2.716000e+01
    endloop
  endfacet
  facet normal 9.698798e-01 1.704323e-01 -1.740285e-01
    outer loop
      vertex   4.189726e+01 -1.020141e+02 2.716000e+01
      vertex   4.208769e+01 -1.000504e+02 3.014440e+01
      vertex   4.569703e+01 -1.205901e+02 3.014440e+01
    endloop
  endfacet
  facet normal 9.698798e-01 1.704323e-01 -1.740285e-01
    outer loop
      vertex   4.189726e+01 -1.020141e+02 2.716000e+01
      vertex   4.569703e+01 -1.205901e+02 3.014440e+01
      vertex   4.500747e+01 -1.195902e+02 2.728070e+01
    endloop
  endfacet
  facet normal 9.698798e-01 1.704323e-01 -1.740285e-01
    outer loop
      vertex   4.500747e+01 -1.195902e+02 2.728070e+01
      vertex   4.569703e+01 -1.205901e+02 3.014440e+01
      vertex   4.440336e+01 -1.208704e+02 2.266013e+01
    endloop
  endfacet
  facet normal 9.698798e-01 1.704323e-01 -1.740285e-01
    outer loop
      vertex   4.500747e+01 -1.195902e+02 2.728070e+01
      vertex   4.440336e+01 -1.208704e+02 2.266013e+01
      vertex   4.420748e+01 -1.197635e+02 2.265253e+01
    endloop
  endfacet
  facet normal 9.834854e-01 5.603336e-02 -1.720954e-01
    outer loop
      vertex   4.569703e+01 -1.205901e+02 3.014440e+01
      vertex   4.572967e+01 -1.211631e+02 3.014440e+01
      vertex   4.440336e+01 -1.208704e+02 2.266013e+01
    endloop
  endfacet
  facet normal 9.834854e-01 5.603336e-02 -1.720954e-01
    outer loop
      vertex   4.440336e+01 -1.208704e+02 2.266013e+01
      vertex   4.572967e+01 -1.211631e+02 3.014440e+01
      vertex   4.443865e+01 -1.214428e+02 2.267547e+01
    endloop
  endfacet
  facet normal 9.752077e-01 -1.497147e-01 -1.629583e-01
    outer loop
      vertex   4.572967e+01 -1.211631e+02 3.014440e+01
      vertex   4.564798e+01 -1.216952e+02 3.014440e+01
      vertex   4.443865e+01 -1.214428e+02 2.267547e+01
    endloop
  endfacet
  facet normal 9.752077e-01 -1.497147e-01 -1.629583e-01
    outer loop
      vertex   4.443865e+01 -1.214428e+02 2.267547e+01
      vertex   4.564798e+01 -1.216952e+02 3.014440e+01
      vertex   4.436267e+01 -1.219737e+02 2.270849e+01
    endloop
  endfacet
  facet normal 9.363005e-01 -3.175810e-01 -1.499457e-01
    outer loop
      vertex   4.564798e+01 -1.216952e+02 3.014440e+01
      vertex   4.169840e+01 -1.333394e+02 3.014440e+01
      vertex   4.436267e+01 -1.219737e+02 2.270849e+01
    endloop
  endfacet
  facet normal 9.363005e-01 -3.175810e-01 -1.499457e-01
    outer loop
      vertex   4.436267e+01 -1.219737e+02 2.270849e+01
      vertex   4.169840e+01 -1.333394e+02 3.014440e+01
      vertex   4.060062e+01 -1.335773e+02 2.379338e+01
    endloop
  endfacet
  facet normal 9.852176e-01 -2.600721e-02 -1.693220e-01
    outer loop
      vertex   4.169840e+01 -1.333394e+02 3.014440e+01
      vertex   4.168165e+01 -1.339740e+02 3.014440e+01
      vertex   4.060062e+01 -1.335773e+02 2.379338e+01
    endloop
  endfacet
  facet normal 9.852176e-01 -2.600721e-02 -1.693220e-01
    outer loop
      vertex   4.060062e+01 -1.335773e+02 2.379338e+01
      vertex   4.168165e+01 -1.339740e+02 3.014440e+01
      vertex   4.058834e+01 -1.342109e+02 2.381923e+01
    endloop
  endfacet
  facet normal 9.698831e-01 1.704142e-01 -1.740283e-01
    outer loop
      vertex   4.168165e+01 -1.339740e+02 3.014440e+01
      vertex   4.176304e+01 -1.344373e+02 3.014440e+01
      vertex   4.058834e+01 -1.342109e+02 2.381923e+01
    endloop
  endfacet
  facet normal 9.698831e-01 1.704142e-01 -1.740283e-01
    outer loop
      vertex   4.058834e+01 -1.342109e+02 2.381923e+01
      vertex   4.176304e+01 -1.344373e+02 3.014440e+01
      vertex   4.067028e+01 -1.346740e+02 2.382241e+01
    endloop
  endfacet
  facet normal 9.520640e-01 2.515989e-01 -1.739891e-01
    outer loop
      vertex   4.193554e+01 -1.350900e+02 3.014440e+01
      vertex   4.084188e+01 -1.353270e+02 2.381721e+01
      vertex   4.176304e+01 -1.344373e+02 3.014440e+01
    endloop
  endfacet
  facet normal 9.520640e-01 2.515989e-01 -1.739891e-01
    outer loop
      vertex   4.176304e+01 -1.344373e+02 3.014440e+01
      vertex   4.084188e+01 -1.353270e+02 2.381721e+01
      vertex   4.067028e+01 -1.346740e+02 2.382241e+01
    endloop
  endfacet
  facet normal 8.789153e-01 4.461735e-01 -1.686330e-01
    outer loop
      vertex   4.222203e+01 -1.356544e+02 3.014440e+01
      vertex   4.112361e+01 -1.358924e+02 2.378969e+01
      vertex   4.193554e+01 -1.350900e+02 3.014440e+01
    endloop
  endfacet
  facet normal 8.789153e-01 4.461735e-01 -1.686330e-01
    outer loop
      vertex   4.193554e+01 -1.350900e+02 3.014440e+01
      vertex   4.112361e+01 -1.358924e+02 2.378969e+01
      vertex   4.084188e+01 -1.353270e+02 2.381721e+01
    endloop
  endfacet
  facet normal 0.000000e+00 1.000000e+00 -0.000000e+00
    outer loop
      vertex   4.950297e+01 -1.507109e+02 1.953415e+01
      vertex   4.950297e+01 -1.507109e+02 3.014441e+01
      vertex   5.167389e+01 -1.507109e+02 3.014441e+01
    endloop
  endfacet
  facet normal -7.536475e-01 -6.389349e-01 1.542002e-01
    outer loop
      vertex   5.167389e+01 -1.507109e+02 3.014441e+01
      vertex   4.282979e+01 -1.402790e+02 3.014440e+01
      vertex   4.950297e+01 -1.507109e+02 1.953415e+01
    endloop
  endfacet
  facet normal -7.536475e-01 -6.389349e-01 1.542002e-01
    outer loop
      vertex   4.950297e+01 -1.507109e+02 1.953415e+01
      vertex   4.282979e+01 -1.402790e+02 3.014440e+01
      vertex   4.282979e+01 -1.444977e+02 1.266416e+01
    endloop
  endfacet
  facet normal -7.536475e-01 -6.389349e-01 1.542002e-01
    outer loop
      vertex   4.950297e+01 -1.507109e+02 1.953415e+01
      vertex   4.282979e+01 -1.444977e+02 1.266416e+01
      vertex   4.809734e+01 -1.507109e+02 1.266416e+01
    endloop
  endfacet
  facet normal -1.000000e+00 1.592529e-14 2.214310e-16
    outer loop
      vertex   4.282979e+01 -1.402790e+02 3.014440e+01
      vertex   4.282979e+01 -1.379567e+02 2.357209e+01
      vertex   4.282979e+01 -1.444977e+02 1.266416e+01
    endloop
  endfacet
  facet normal -1.000000e+00 2.068402e-14 -2.632130e-15
    outer loop
      vertex   4.282979e+01 -1.444977e+02 1.266416e+01
      vertex   4.282979e+01 -1.379567e+02 2.357209e+01
      vertex   4.282979e+01 -1.374109e+02 1.166416e+01
    endloop
  endfacet
  facet normal -1.000000e+00 2.368478e-14 1.863336e-14
    outer loop
      vertex   4.282979e+01 -1.444977e+02 1.266416e+01
      vertex   4.282979e+01 -1.374109e+02 1.166416e+01
      vertex   4.282979e+01 -1.509109e+02 1.166416e+01
    endloop
  endfacet
  facet normal -1.000000e+00 2.229701e-14 -1.470293e-28
    outer loop
      vertex   4.282979e+01 -1.374109e+02 3.014440e+01
      vertex   4.282979e+01 -1.374109e+02 2.583425e+01
      vertex   4.282979e+01 -1.402790e+02 3.014440e+01
    endloop
  endfacet
  facet normal -1.000000e+00 3.022067e-14 5.272527e-15
    outer loop
      vertex   4.282979e+01 -1.402790e+02 3.014440e+01
      vertex   4.282979e+01 -1.374109e+02 2.583425e+01
      vertex   4.282979e+01 -1.379567e+02 2.357209e+01
    endloop
  endfacet
  facet normal -1.000000e+00 5.202873e-14 -1.195446e-15
    outer loop
      vertex   4.282979e+01 -1.379567e+02 2.357209e+01
      vertex   4.282979e+01 -1.374109e+02 2.355165e+01
      vertex   4.282979e+01 -1.374109e+02 1.166416e+01
    endloop
  endfacet
  facet normal -1.000000e+00 2.769814e-14 -7.105430e-15
    outer loop
      vertex   4.282979e+01 -1.509109e+02 1.166416e+01
      vertex   4.282979e+01 -1.509109e+02 1.266416e+01
      vertex   4.282979e+01 -1.444977e+02 1.266416e+01
    endloop
  endfacet
  facet normal -2.854895e-14 -1.000000e+00 1.928077e-27
    outer loop
      vertex   4.183425e+01 -1.374109e+02 3.014440e+01
      vertex   4.183425e+01 -1.374109e+02 2.751416e+01
      vertex   4.282979e+01 -1.374109e+02 3.014440e+01
    endloop
  endfacet
  facet normal -4.597077e-14 -1.000000e+00 6.594128e-15
    outer loop
      vertex   4.282979e+01 -1.374109e+02 3.014440e+01
      vertex   4.183425e+01 -1.374109e+02 2.751416e+01
      vertex   4.282979e+01 -1.374109e+02 2.583425e+01
    endloop
  endfacet
  facet normal -4.244332e-14 -1.000000e+00 8.684556e-15
    outer loop
      vertex   4.282979e+01 -1.374109e+02 2.583425e+01
      vertex   4.183425e+01 -1.374109e+02 2.751416e+01
      vertex   4.237869e+01 -1.374109e+02 2.362962e+01
    endloop
  endfacet
  facet normal -1.439716e-14 -1.000000e+00 1.261541e-14
    outer loop
      vertex   4.237869e+01 -1.374109e+02 2.362962e+01
      vertex   4.183425e+01 -1.374109e+02 2.751416e+01
      vertex   3.986013e+01 -1.374109e+02 2.751416e+01
    endloop
  endfacet
  facet normal -1.226785e-14 -1.000000e+00 1.399595e-14
    outer loop
      vertex   4.237869e+01 -1.374109e+02 2.362962e+01
      vertex   3.986013e+01 -1.374109e+02 2.751416e+01
      vertex   3.834124e+01 -1.374109e+02 2.009069e+01
    endloop
  endfacet
  facet normal 0.000000e+00 -1.000000e+00 0.000000e+00
    outer loop
      vertex   3.691641e+01 -1.374109e+02 1.266416e+01
      vertex   3.772979e+01 -1.374109e+02 1.266416e+01
      vertex   3.834124e+01 -1.374109e+02 2.009069e+01
    endloop
  endfacet
  facet normal -2.742173e-14 -1.000000e+00 2.257743e-15
    outer loop
      vertex   3.834124e+01 -1.374109e+02 2.009069e+01
      vertex   3.772979e+01 -1.374109e+02 1.266416e+01
      vertex   4.282979e+01 -1.374109e+02 1.166416e+01
    endloop
  endfacet
  facet normal -1.007714e-14 -1.000000e+00 1.149665e-14
    outer loop
      vertex   3.834124e+01 -1.374109e+02 2.009069e+01
      vertex   4.282979e+01 -1.374109e+02 1.166416e+01
      vertex   4.237869e+01 -1.374109e+02 2.362962e+01
    endloop
  endfacet
  facet normal -6.135223e-14 -1.000000e+00 9.563569e-15
    outer loop
      vertex   4.237869e+01 -1.374109e+02 2.362962e+01
      vertex   4.282979e+01 -1.374109e+02 1.166416e+01
      vertex   4.282979e+01 -1.374109e+02 2.355165e+01
    endloop
  endfacet
  facet normal -2.229154e-14 -1.000000e+00 2.842172e-14
    outer loop
      vertex   3.772979e+01 -1.374109e+02 1.266416e+01
      vertex   3.772979e+01 -1.374109e+02 1.166416e+01
      vertex   4.282979e+01 -1.374109e+02 1.166416e+01
    endloop
  endfacet
  facet normal 9.773185e-01 2.117746e-01 9.102859e-16
    outer loop
      vertex   3.360292e+01 -4.395972e+01 2.570839e+01
      vertex   3.359367e+01 -4.391705e+01 2.164631e+01
      vertex   3.326174e+01 -4.238523e+01 2.570839e+01
    endloop
  endfacet
  facet normal 9.773185e-01 2.117746e-01 5.128605e-15
    outer loop
      vertex   3.326174e+01 -4.238523e+01 2.570839e+01
      vertex   3.359367e+01 -4.391705e+01 2.164631e+01
      vertex   3.326174e+01 -4.238523e+01 2.164631e+01
    endloop
  endfacet
  facet normal 1.740945e-01 -9.847055e-01 6.789736e-03
    outer loop
      vertex   4.892655e+01 -8.372394e+01 1.337833e+01
      vertex   3.696448e+01 -8.582402e+01 1.552465e+01
      vertex   3.708527e+01 -8.581747e+01 1.337833e+01
    endloop
  endfacet
  facet normal 1.740945e-01 -9.847055e-01 6.789736e-03
    outer loop
      vertex   3.708527e+01 -8.581747e+01 1.337833e+01
      vertex   3.696448e+01 -8.582402e+01 1.552465e+01
      vertex   3.453896e+01 -8.625010e+01 1.592302e+01
    endloop
  endfacet
  facet normal 1.740945e-01 -9.847055e-01 6.789736e-03
    outer loop
      vertex   3.453896e+01 -8.625010e+01 1.592302e+01
      vertex   3.696448e+01 -8.582402e+01 1.552465e+01
      vertex   3.626483e+01 -8.587612e+01 2.590772e+01
    endloop
  endfacet
  facet normal 1.740945e-01 -9.847055e-01 6.789736e-03
    outer loop
      vertex   3.626483e+01 -8.587612e+01 2.590772e+01
      vertex   3.696448e+01 -8.582402e+01 1.552465e+01
      vertex   3.949153e+01 -8.527644e+01 3.014440e+01
    endloop
  endfacet
  facet normal 1.740945e-01 -9.847055e-01 6.789736e-03
    outer loop
      vertex   3.626483e+01 -8.587612e+01 2.590772e+01
      vertex   3.949153e+01 -8.527644e+01 3.014440e+01
      vertex   3.659049e+01 -8.580556e+01 2.779177e+01
    endloop
  endfacet
  facet normal 1.740945e-01 -9.847055e-01 6.789736e-03
    outer loop
      vertex   3.659049e+01 -8.580556e+01 2.779177e+01
      vertex   3.949153e+01 -8.527644e+01 3.014440e+01
      vertex   3.699714e+01 -8.571744e+01 3.014440e+01
    endloop
  endfacet
  facet normal 1.740945e-01 -9.847055e-01 6.789736e-03
    outer loop
      vertex   3.559050e+01 -8.598235e+01 2.779177e+01
      vertex   3.546513e+01 -8.600952e+01 2.706649e+01
      vertex   3.659049e+01 -8.580556e+01 2.779177e+01
    endloop
  endfacet
  facet normal 1.740945e-01 -9.847055e-01 6.789736e-03
    outer loop
      vertex   3.659049e+01 -8.580556e+01 2.779177e+01
      vertex   3.546513e+01 -8.600952e+01 2.706649e+01
      vertex   3.626483e+01 -8.587612e+01 2.590772e+01
    endloop
  endfacet
  facet normal -1.742284e-01 9.846820e-01 -6.765702e-03
    outer loop
      vertex   3.222361e+01 -5.204029e+01 2.218738e+01
      vertex   3.222336e+01 -5.204033e+01 2.218743e+01
      vertex   3.302359e+01 -5.186694e+01 2.681555e+01
    endloop
  endfacet
  facet normal -1.742284e-01 9.846820e-01 -6.765702e-03
    outer loop
      vertex   3.302359e+01 -5.186694e+01 2.681555e+01
      vertex   3.222336e+01 -5.204033e+01 2.218743e+01
      vertex   3.302335e+01 -5.186699e+01 2.681560e+01
    endloop
  endfacet
  facet normal 1.709331e-01 3.700974e-02 9.845873e-01
    outer loop
      vertex   3.302335e+01 -5.186699e+01 2.681560e+01
      vertex   3.544117e+01 -6.553031e+01 2.690943e+01
      vertex   3.302359e+01 -5.186694e+01 2.681555e+01
    endloop
  endfacet
  facet normal -1.685700e-01 -3.659452e-02 -9.850101e-01
    outer loop
      vertex   3.544117e+01 -6.553031e+01 2.690943e+01
      vertex   3.650827e+01 -7.156056e+01 2.695085e+01
      vertex   3.650816e+01 -7.156058e+01 2.695087e+01
    endloop
  endfacet
  facet normal -1.742284e-01 9.846820e-01 -6.765702e-03
    outer loop
      vertex   3.650827e+01 -7.156056e+01 2.695085e+01
      vertex   3.570829e+01 -7.173391e+01 2.232268e+01
      vertex   3.650816e+01 -7.156058e+01 2.695087e+01
    endloop
  endfacet
  facet normal -1.742284e-01 9.846820e-01 -6.765702e-03
    outer loop
      vertex   3.650816e+01 -7.156058e+01 2.695087e+01
      vertex   3.570829e+01 -7.173391e+01 2.232268e+01
      vertex   3.570818e+01 -7.173393e+01 2.232270e+01
    endloop
  endfacet
  facet normal 2.434597e-01 -6.702120e-01 7.011014e-01
    outer loop
      vertex   5.645378e+01 -8.099937e+01 1.336901e+01
      vertex   5.546731e+01 -7.541975e+01 1.904536e+01
      vertex   4.892655e+01 -8.372394e+01 1.337833e+01
    endloop
  endfacet
  facet normal 2.434597e-01 -6.702120e-01 7.011014e-01
    outer loop
      vertex   4.892655e+01 -8.372394e+01 1.337833e+01
      vertex   5.546731e+01 -7.541975e+01 1.904536e+01
      vertex   3.693623e+01 -7.867309e+01 2.237033e+01
    endloop
  endfacet
  facet normal 2.434597e-01 -6.702120e-01 7.011014e-01
    outer loop
      vertex   4.892655e+01 -8.372394e+01 1.337833e+01
      vertex   3.693623e+01 -7.867309e+01 2.237033e+01
      vertex   3.696448e+01 -8.582402e+01 1.552465e+01
    endloop
  endfacet
  facet normal -9.699071e-01 -1.702782e-01 1.740274e-01
    outer loop
      vertex   3.032979e+01 -4.775897e+01 3.012591e+01
      vertex   3.694547e+01 -8.549336e+01 3.007563e+01
      vertex   3.032979e+01 -4.774007e+01 3.014440e+01
    endloop
  endfacet
  facet normal -9.699071e-01 -1.702782e-01 1.740274e-01
    outer loop
      vertex   3.032979e+01 -4.774007e+01 3.014440e+01
      vertex   3.694547e+01 -8.549336e+01 3.007563e+01
      vertex   3.699714e+01 -8.571744e+01 3.014440e+01
    endloop
  endfacet
  facet normal -9.699071e-01 -1.702782e-01 1.740274e-01
    outer loop
      vertex   3.699714e+01 -8.571744e+01 3.014440e+01
      vertex   3.694547e+01 -8.549336e+01 3.007563e+01
      vertex   3.677856e+01 -8.549441e+01 2.914440e+01
    endloop
  endfacet
  facet normal -9.699071e-01 -1.702782e-01 1.740274e-01
    outer loop
      vertex   3.699714e+01 -8.571744e+01 3.014440e+01
      vertex   3.677856e+01 -8.549441e+01 2.914440e+01
      vertex   3.659049e+01 -8.580556e+01 2.779177e+01
    endloop
  endfacet
  facet normal -9.699071e-01 -1.702782e-01 1.740274e-01
    outer loop
      vertex   3.659049e+01 -8.580556e+01 2.779177e+01
      vertex   3.677856e+01 -8.549441e+01 2.914440e+01
      vertex   3.313212e+01 -6.610661e+01 2.779177e+01
    endloop
  endfacet
  facet normal -9.699071e-01 -1.702782e-01 1.740274e-01
    outer loop
      vertex   3.313212e+01 -6.610661e+01 2.779177e+01
      vertex   3.677856e+01 -8.549441e+01 2.914440e+01
      vertex   3.032979e+01 -4.876209e+01 2.914440e+01
    endloop
  endfacet
  facet normal -9.699071e-01 -1.702782e-01 1.740274e-01
    outer loop
      vertex   3.313212e+01 -6.610661e+01 2.779177e+01
      vertex   3.032979e+01 -4.876209e+01 2.914440e+01
      vertex   3.032979e+01 -5.132052e+01 2.664110e+01
    endloop
  endfacet
  facet normal -9.699071e-01 -1.702782e-01 1.740274e-01
    outer loop
      vertex   3.032979e+01 -5.132052e+01 2.664110e+01
      vertex   3.292839e+01 -6.614238e+01 2.662135e+01
      vertex   3.313212e+01 -6.610661e+01 2.779177e+01
    endloop
  endfacet
  facet normal -1.000000e+00 -1.168009e-14 -8.763960e-15
    outer loop
      vertex   3.032979e+01 -8.552818e+01 2.885565e+01
      vertex   3.032979e+01 -5.132052e+01 2.664110e+01
      vertex   3.032979e+01 -5.640704e+01 2.166416e+01
    endloop
  endfacet
  facet normal -1.000000e+00 -1.376482e-14 -6.633326e-15
    outer loop
      vertex   3.032979e+01 -5.640704e+01 2.166416e+01
      vertex   3.032979e+01 -5.132052e+01 2.664110e+01
      vertex   3.032979e+01 -4.302055e+01 2.012954e+01
    endloop
  endfacet
  facet normal -1.000000e+00 -1.187809e-14 9.824587e-15
    outer loop
      vertex   3.032979e+01 -5.640704e+01 2.166416e+01
      vertex   3.032979e+01 -4.302055e+01 2.012954e+01
      vertex   3.032979e+01 -5.797545e+01 2.012954e+01
    endloop
  endfacet
  facet normal -1.000000e+00 -1.160201e-14 3.691079e-14
    outer loop
      vertex   3.032979e+01 -8.552818e+01 2.914440e+01
      vertex   3.032979e+01 -4.878233e+01 2.914440e+01
      vertex   3.032979e+01 -8.552818e+01 2.885565e+01
    endloop
  endfacet
  facet normal -1.000000e+00 -1.124480e-14 -8.546179e-15
    outer loop
      vertex   3.032979e+01 -8.552818e+01 2.885565e+01
      vertex   3.032979e+01 -4.878233e+01 2.914440e+01
      vertex   3.032979e+01 -5.132052e+01 2.666416e+01
    endloop
  endfacet
  facet normal -1.000000e+00 2.877781e-14 6.161794e-13
    outer loop
      vertex   3.032979e+01 -8.552818e+01 2.885565e+01
      vertex   3.032979e+01 -5.132052e+01 2.666416e+01
      vertex   3.032979e+01 -5.132052e+01 2.664110e+01
    endloop
  endfacet
  facet normal -1.000000e+00 -1.062499e-14 -3.333150e-15
    outer loop
      vertex   3.032979e+01 -4.876209e+01 2.914440e+01
      vertex   3.032979e+01 -4.775897e+01 2.914440e+01
      vertex   3.032979e+01 -5.132052e+01 2.664110e+01
    endloop
  endfacet
  facet normal -1.000000e+00 -1.157942e-14 -1.975247e-15
    outer loop
      vertex   3.032979e+01 -5.132052e+01 2.664110e+01
      vertex   3.032979e+01 -4.775897e+01 2.914440e+01
      vertex   3.032979e+01 -4.302055e+01 3.014440e+01
    endloop
  endfacet
  facet normal -1.000000e+00 -1.106555e-14 -3.192696e-15
    outer loop
      vertex   3.032979e+01 -5.132052e+01 2.664110e+01
      vertex   3.032979e+01 -4.302055e+01 3.014440e+01
      vertex   3.032979e+01 -4.302055e+01 2.012954e+01
    endloop
  endfacet
  facet normal -1.000000e+00 -9.704599e-15 -1.085893e-14
    outer loop
      vertex   3.032979e+01 -4.775897e+01 2.914440e+01
      vertex   3.032979e+01 -4.775897e+01 3.012591e+01
      vertex   3.032979e+01 -4.302055e+01 3.014440e+01
    endloop
  endfacet
  facet normal -1.000000e+00 -6.774925e-15 -7.616112e-13
    outer loop
      vertex   3.032979e+01 -4.302055e+01 3.014440e+01
      vertex   3.032979e+01 -4.775897e+01 3.012591e+01
      vertex   3.032979e+01 -4.774007e+01 3.014440e+01
    endloop
  endfacet
  facet normal -7.068831e-01 -1.142105e-14 -7.073304e-01
    outer loop
      vertex   3.032979e+01 -4.302055e+01 2.012954e+01
      vertex   4.034230e+01 -4.085094e+01 1.012336e+01
      vertex   3.032979e+01 -5.797545e+01 2.012954e+01
    endloop
  endfacet
  facet normal -7.068831e-01 -1.061268e-14 -7.073304e-01
    outer loop
      vertex   3.032979e+01 -5.797545e+01 2.012954e+01
      vertex   4.034230e+01 -4.085094e+01 1.012336e+01
      vertex   3.453896e+01 -8.625010e+01 1.592302e+01
    endloop
  endfacet
  facet normal -7.068831e-01 -1.116599e-14 -7.073304e-01
    outer loop
      vertex   3.453896e+01 -8.625010e+01 1.592302e+01
      vertex   4.034230e+01 -4.085094e+01 1.012336e+01
      vertex   3.708527e+01 -8.581747e+01 1.337833e+01
    endloop
  endfacet
  facet normal -7.068831e-01 -1.076742e-14 -7.073304e-01
    outer loop
      vertex   3.708527e+01 -8.581747e+01 1.337833e+01
      vertex   4.034230e+01 -4.085094e+01 1.012336e+01
      vertex   4.034230e+01 -1.064873e+02 1.012336e+01
    endloop
  endfacet
  facet normal -7.068831e-01 -1.025560e-14 -7.073304e-01
    outer loop
      vertex   3.708527e+01 -8.581747e+01 1.337833e+01
      vertex   4.034230e+01 -1.064873e+02 1.012336e+01
      vertex   3.700374e+01 -9.801770e+01 1.345981e+01
    endloop
  endfacet
  facet normal -7.068831e-01 -1.122995e-14 -7.073304e-01
    outer loop
      vertex   3.700374e+01 -9.801770e+01 1.345981e+01
      vertex   4.034230e+01 -1.064873e+02 1.012336e+01
      vertex   3.755162e+01 -1.064873e+02 1.291228e+01
    endloop
  endfacet
  facet normal -7.068831e-01 -1.032684e-14 -7.073304e-01
    outer loop
      vertex   3.700374e+01 -9.801770e+01 1.345981e+01
      vertex   3.755162e+01 -1.064873e+02 1.291228e+01
      vertex   3.630836e+01 -9.813585e+01 1.415474e+01
    endloop
  endfacet
  facet normal -1.000000e+00 -1.537214e-14 -7.261115e-15
    outer loop
      vertex   4.034230e+01 -1.064873e+02 1.012336e+01
      vertex   4.034230e+01 -4.085094e+01 1.012336e+01
      vertex   4.034230e+01 -1.064873e+02 3.273447e+00
    endloop
  endfacet
  facet normal -1.000000e+00 -1.534186e-14 -7.551231e-15
    outer loop
      vertex   4.034230e+01 -1.064873e+02 3.273447e+00
      vertex   4.034230e+01 -4.085094e+01 1.012336e+01
      vertex   4.034230e+01 -4.085094e+01 1.654692e+00
    endloop
  endfacet
  facet normal -1.000000e+00 1.316570e-08 5.338357e-07
    outer loop
      vertex   4.034230e+01 -1.064873e+02 3.273447e+00
      vertex   4.034230e+01 -4.085094e+01 1.654692e+00
      vertex   4.034230e+01 -3.048726e+01 -7.095446e-01
    endloop
  endfacet
  facet normal -1.000000e+00 6.528780e-11 4.764098e-07
    outer loop
      vertex   4.034230e+01 -3.048726e+01 -7.095446e-01
      vertex   4.034230e+01 -4.085094e+01 1.654692e+00
      vertex   4.034230e+01 -3.048726e+01 1.653272e+00
    endloop
  endfacet
  facet normal -6.325976e-04 1.370772e-04 9.999998e-01
    outer loop
      vertex   5.033927e+01 -3.048726e+01 1.659596e+00
      vertex   4.034230e+01 -3.048726e+01 1.653272e+00
      vertex   5.033927e+01 -3.048932e+01 1.659596e+00
    endloop
  endfacet
  facet normal -6.325976e-04 1.370772e-04 9.999998e-01
    outer loop
      vertex   5.033927e+01 -3.048932e+01 1.659596e+00
      vertex   4.034230e+01 -3.048726e+01 1.653272e+00
      vertex   4.988587e+01 -3.878295e+01 1.660446e+00
    endloop
  endfacet
  facet normal -6.325976e-04 1.370772e-04 9.999998e-01
    outer loop
      vertex   4.988587e+01 -3.878295e+01 1.660446e+00
      vertex   4.034230e+01 -3.048726e+01 1.653272e+00
      vertex   4.034230e+01 -4.085094e+01 1.654692e+00
    endloop
  endfacet
  facet normal -9.985088e-01 5.458697e-02 -6.391371e-04
    outer loop
      vertex   5.032978e+01 -3.048726e+01 1.665959e+01
      vertex   5.032979e+01 -3.048726e+01 1.664694e+01
      vertex   4.987616e+01 -3.878506e+01 1.666044e+01
    endloop
  endfacet
  facet normal -9.985088e-01 5.458698e-02 -6.316544e-04
    outer loop
      vertex   4.987616e+01 -3.878506e+01 1.666044e+01
      vertex   5.032979e+01 -3.048726e+01 1.664694e+01
      vertex   5.032981e+01 -3.048726e+01 1.662560e+01
    endloop
  endfacet
  facet normal -9.985088e-01 5.458695e-02 -6.391371e-04
    outer loop
      vertex   4.987616e+01 -3.878506e+01 1.666044e+01
      vertex   5.032981e+01 -3.048726e+01 1.662560e+01
      vertex   4.988587e+01 -3.878295e+01 1.660446e+00
    endloop
  endfacet
  facet normal -9.985088e-01 5.458697e-02 -6.391477e-04
    outer loop
      vertex   4.988587e+01 -3.878295e+01 1.660446e+00
      vertex   5.032981e+01 -3.048726e+01 1.662560e+01
      vertex   5.033927e+01 -3.048932e+01 1.659596e+00
    endloop
  endfacet
  facet normal -6.325976e-04 1.370772e-04 9.999998e-01
    outer loop
      vertex   4.987616e+01 -3.878506e+01 1.666044e+01
      vertex   5.299000e+01 -3.406985e+01 1.666177e+01
      vertex   5.032978e+01 -3.048726e+01 1.665959e+01
    endloop
  endfacet
  facet normal -6.325976e-04 1.370772e-04 9.999998e-01
    outer loop
      vertex   5.032978e+01 -3.048726e+01 1.665959e+01
      vertex   5.299000e+01 -3.406985e+01 1.666177e+01
      vertex   5.299953e+01 -3.375673e+01 1.666173e+01
    endloop
  endfacet
  facet normal -6.325976e-04 1.370772e-04 9.999998e-01
    outer loop
      vertex   5.032978e+01 -3.048726e+01 1.665959e+01
      vertex   5.299953e+01 -3.375673e+01 1.666173e+01
      vertex   5.308978e+01 -3.345675e+01 1.666175e+01
    endloop
  endfacet
  facet normal -6.325976e-04 1.370772e-04 9.999998e-01
    outer loop
      vertex   8.869732e+01 -3.037292e+01 1.668385e+01
      vertex   8.833748e+01 -3.045057e+01 1.668363e+01
      vertex   4.987616e+01 -3.878506e+01 1.666044e+01
    endloop
  endfacet
  facet normal -6.325976e-04 1.370772e-04 9.999998e-01
    outer loop
      vertex   4.987616e+01 -3.878506e+01 1.666044e+01
      vertex   8.833748e+01 -3.045057e+01 1.668363e+01
      vertex   5.460922e+01 -3.507160e+01 1.666293e+01
    endloop
  endfacet
  facet normal -6.325976e-04 1.370772e-04 9.999998e-01
    outer loop
      vertex   4.987616e+01 -3.878506e+01 1.666044e+01
      vertex   5.460922e+01 -3.507160e+01 1.666293e+01
      vertex   5.430431e+01 -3.514344e+01 1.666275e+01
    endloop
  endfacet
  facet normal -6.325976e-04 1.370773e-04 9.999998e-01
    outer loop
      vertex   5.010106e+01 -3.047476e+01 1.665945e+01
      vertex   5.032978e+01 -3.048726e+01 1.665959e+01
      vertex   8.833748e+01 -3.045057e+01 1.668363e+01
    endloop
  endfacet
  facet normal -6.325976e-04 1.370772e-04 9.999998e-01
    outer loop
      vertex   8.833748e+01 -3.045057e+01 1.668363e+01
      vertex   5.032978e+01 -3.048726e+01 1.665959e+01
      vertex   5.437670e+01 -3.276507e+01 1.666247e+01
    endloop
  endfacet
  facet normal -6.325976e-04 1.370772e-04 9.999998e-01
    outer loop
      vertex   8.833748e+01 -3.045057e+01 1.668363e+01
      vertex   5.437670e+01 -3.276507e+01 1.666247e+01
      vertex   5.467669e+01 -3.285532e+01 1.666267e+01
    endloop
  endfacet
  facet normal -6.325976e-04 1.370772e-04 9.999998e-01
    outer loop
      vertex   5.342481e+01 -3.487884e+01 1.666215e+01
      vertex   5.321014e+01 -3.465070e+01 1.666199e+01
      vertex   4.987616e+01 -3.878506e+01 1.666044e+01
    endloop
  endfacet
  facet normal -6.325976e-04 1.370772e-04 9.999998e-01
    outer loop
      vertex   4.987616e+01 -3.878506e+01 1.666044e+01
      vertex   5.321014e+01 -3.465070e+01 1.666199e+01
      vertex   5.306183e+01 -3.437476e+01 1.666185e+01
    endloop
  endfacet
  facet normal -6.325976e-04 1.370772e-04 9.999998e-01
    outer loop
      vertex   4.987616e+01 -3.878506e+01 1.666044e+01
      vertex   5.306183e+01 -3.437476e+01 1.666185e+01
      vertex   5.299000e+01 -3.406985e+01 1.666177e+01
    endloop
  endfacet
  facet normal -6.325976e-04 1.370772e-04 9.999998e-01
    outer loop
      vertex   5.308978e+01 -3.345675e+01 1.666175e+01
      vertex   5.325459e+01 -3.319035e+01 1.666181e+01
      vertex   5.032978e+01 -3.048726e+01 1.665959e+01
    endloop
  endfacet
  facet normal -6.325976e-04 1.370772e-04 9.999998e-01
    outer loop
      vertex   5.032978e+01 -3.048726e+01 1.665959e+01
      vertex   5.325459e+01 -3.319035e+01 1.666181e+01
      vertex   5.348274e+01 -3.297568e+01 1.666193e+01
    endloop
  endfacet
  facet normal -6.325976e-04 1.370772e-04 9.999998e-01
    outer loop
      vertex   5.032978e+01 -3.048726e+01 1.665959e+01
      vertex   5.348274e+01 -3.297568e+01 1.666193e+01
      vertex   5.375867e+01 -3.282737e+01 1.666208e+01
    endloop
  endfacet
  facet normal -6.325976e-04 1.370772e-04 9.999998e-01
    outer loop
      vertex   5.375867e+01 -3.282737e+01 1.666208e+01
      vertex   5.406359e+01 -3.275554e+01 1.666227e+01
      vertex   5.032978e+01 -3.048726e+01 1.665959e+01
    endloop
  endfacet
  facet normal -6.325976e-04 1.370772e-04 9.999998e-01
    outer loop
      vertex   5.032978e+01 -3.048726e+01 1.665959e+01
      vertex   5.406359e+01 -3.275554e+01 1.666227e+01
      vertex   5.437670e+01 -3.276507e+01 1.666247e+01
    endloop
  endfacet
  facet normal -6.325976e-04 1.370772e-04 9.999998e-01
    outer loop
      vertex   5.467669e+01 -3.285532e+01 1.666267e+01
      vertex   5.494309e+01 -3.302013e+01 1.666286e+01
      vertex   8.833748e+01 -3.045057e+01 1.668363e+01
    endloop
  endfacet
  facet normal -6.325976e-04 1.370772e-04 9.999998e-01
    outer loop
      vertex   8.833748e+01 -3.045057e+01 1.668363e+01
      vertex   5.494309e+01 -3.302013e+01 1.666286e+01
      vertex   5.515776e+01 -3.324828e+01 1.666303e+01
    endloop
  endfacet
  facet normal -6.325976e-04 1.370772e-04 9.999998e-01
    outer loop
      vertex   8.833748e+01 -3.045057e+01 1.668363e+01
      vertex   5.515776e+01 -3.324828e+01 1.666303e+01
      vertex   5.530606e+01 -3.352421e+01 1.666316e+01
    endloop
  endfacet
  facet normal -6.325976e-04 1.370772e-04 9.999998e-01
    outer loop
      vertex   5.530606e+01 -3.352421e+01 1.666316e+01
      vertex   5.537790e+01 -3.382913e+01 1.666324e+01
      vertex   8.833748e+01 -3.045057e+01 1.668363e+01
    endloop
  endfacet
  facet normal -6.325976e-04 1.370772e-04 9.999998e-01
    outer loop
      vertex   8.833748e+01 -3.045057e+01 1.668363e+01
      vertex   5.537790e+01 -3.382913e+01 1.666324e+01
      vertex   5.536836e+01 -3.414224e+01 1.666328e+01
    endloop
  endfacet
  facet normal -6.325976e-04 1.370772e-04 9.999998e-01
    outer loop
      vertex   8.833748e+01 -3.045057e+01 1.668363e+01
      vertex   5.536836e+01 -3.414224e+01 1.666328e+01
      vertex   5.527812e+01 -3.444223e+01 1.666327e+01
    endloop
  endfacet
  facet normal -6.325976e-04 1.370772e-04 9.999998e-01
    outer loop
      vertex   5.527812e+01 -3.444223e+01 1.666327e+01
      vertex   5.511330e+01 -3.470863e+01 1.666320e+01
      vertex   8.833748e+01 -3.045057e+01 1.668363e+01
    endloop
  endfacet
  facet normal -6.325976e-04 1.370772e-04 9.999998e-01
    outer loop
      vertex   8.833748e+01 -3.045057e+01 1.668363e+01
      vertex   5.511330e+01 -3.470863e+01 1.666320e+01
      vertex   5.488516e+01 -3.492330e+01 1.666308e+01
    endloop
  endfacet
  facet normal -6.325976e-04 1.370772e-04 9.999998e-01
    outer loop
      vertex   8.833748e+01 -3.045057e+01 1.668363e+01
      vertex   5.488516e+01 -3.492330e+01 1.666308e+01
      vertex   5.460922e+01 -3.507160e+01 1.666293e+01
    endloop
  endfacet
  facet normal -6.325976e-04 1.370772e-04 9.999998e-01
    outer loop
      vertex   5.430431e+01 -3.514344e+01 1.666275e+01
      vertex   5.399119e+01 -3.513390e+01 1.666255e+01
      vertex   4.987616e+01 -3.878506e+01 1.666044e+01
    endloop
  endfacet
  facet normal -6.325976e-04 1.370772e-04 9.999998e-01
    outer loop
      vertex   4.987616e+01 -3.878506e+01 1.666044e+01
      vertex   5.399119e+01 -3.513390e+01 1.666255e+01
      vertex   5.369121e+01 -3.504366e+01 1.666234e+01
    endloop
  endfacet
  facet normal -6.325976e-04 1.370772e-04 9.999998e-01
    outer loop
      vertex   4.987616e+01 -3.878506e+01 1.666044e+01
      vertex   5.369121e+01 -3.504366e+01 1.666234e+01
      vertex   5.342481e+01 -3.487884e+01 1.666215e+01
    endloop
  endfacet
  facet normal 1.702096e-01 3.688262e-02 9.847174e-01
    outer loop
      vertex   1.568873e+02 -8.616275e+01 -4.132290e+00
      vertex   1.540768e+02 -8.665657e+01 -3.627995e+00
      vertex   1.570046e+02 -8.653632e+01 -4.138559e+00
    endloop
  endfacet
  facet normal 1.702096e-01 3.688262e-02 9.847174e-01
    outer loop
      vertex   1.570046e+02 -8.653632e+01 -4.138559e+00
      vertex   1.540768e+02 -8.665657e+01 -3.627995e+00
      vertex   1.540949e+02 -8.704756e+01 -3.616474e+00
    endloop
  endfacet
  facet normal 1.702096e-01 3.688262e-02 9.847174e-01
    outer loop
      vertex   1.570046e+02 -8.653632e+01 -4.138559e+00
      vertex   1.540949e+02 -8.704756e+01 -3.616474e+00
      vertex   1.570226e+02 -8.692731e+01 -4.127037e+00
    endloop
  endfacet
  facet normal 1.702096e-01 3.688262e-02 9.847174e-01
    outer loop
      vertex   1.570226e+02 -8.692731e+01 -4.127037e+00
      vertex   1.540949e+02 -8.704756e+01 -3.616474e+00
      vertex   1.542121e+02 -8.742113e+01 -3.622742e+00
    endloop
  endfacet
  facet normal 1.702096e-01 3.688262e-02 9.847174e-01
    outer loop
      vertex   1.570226e+02 -8.692731e+01 -4.127037e+00
      vertex   1.542121e+02 -8.742113e+01 -3.622742e+00
      vertex   1.569403e+02 -8.730908e+01 -4.098511e+00
    endloop
  endfacet
  facet normal 1.702096e-01 3.688262e-02 9.847174e-01
    outer loop
      vertex   1.569403e+02 -8.730908e+01 -4.098511e+00
      vertex   1.542121e+02 -8.742113e+01 -3.622742e+00
      vertex   1.544205e+02 -8.775182e+01 -3.646372e+00
    endloop
  endfacet
  facet normal 1.702096e-01 3.688262e-02 9.847174e-01
    outer loop
      vertex   1.569403e+02 -8.730908e+01 -4.098511e+00
      vertex   1.544205e+02 -8.775182e+01 -3.646372e+00
      vertex   1.567632e+02 -8.765560e+01 -4.054925e+00
    endloop
  endfacet
  facet normal 1.702096e-01 3.688262e-02 9.847174e-01
    outer loop
      vertex   1.567632e+02 -8.765560e+01 -4.054925e+00
      vertex   1.544205e+02 -8.775182e+01 -3.646372e+00
      vertex   1.547058e+02 -8.801710e+01 -3.685755e+00
    endloop
  endfacet
  facet normal 1.702096e-01 3.688262e-02 9.847174e-01
    outer loop
      vertex   1.567632e+02 -8.765560e+01 -4.054925e+00
      vertex   1.547058e+02 -8.801710e+01 -3.685755e+00
      vertex   1.565035e+02 -8.794327e+01 -3.999248e+00
    endloop
  endfacet
  facet normal 1.702096e-01 3.688262e-02 9.847174e-01
    outer loop
      vertex   1.565035e+02 -8.794327e+01 -3.999248e+00
      vertex   1.547058e+02 -8.801710e+01 -3.685755e+00
      vertex   1.550487e+02 -8.819889e+01 -3.738206e+00
    endloop
  endfacet
  facet normal 1.702096e-01 3.688262e-02 9.847174e-01
    outer loop
      vertex   1.565035e+02 -8.794327e+01 -3.999248e+00
      vertex   1.550487e+02 -8.819889e+01 -3.738206e+00
      vertex   1.561787e+02 -8.815247e+01 -3.935276e+00
    endloop
  endfacet
  facet normal 1.702096e-01 3.688262e-02 9.847174e-01
    outer loop
      vertex   1.561787e+02 -8.815247e+01 -3.935276e+00
      vertex   1.550487e+02 -8.819889e+01 -3.738206e+00
      vertex   1.554256e+02 -8.828479e+01 -3.800151e+00
    endloop
  endfacet
  facet normal 1.702096e-01 3.688262e-02 9.847174e-01
    outer loop
      vertex   1.561787e+02 -8.815247e+01 -3.935276e+00
      vertex   1.554256e+02 -8.828479e+01 -3.800151e+00
      vertex   1.558111e+02 -8.826896e+01 -3.867368e+00
    endloop
  endfacet
  facet normal 1.702096e-01 3.688262e-02 9.847174e-01
    outer loop
      vertex   1.540768e+02 -8.665657e+01 -3.627995e+00
      vertex   1.568873e+02 -8.616275e+01 -4.132290e+00
      vertex   1.541591e+02 -8.627480e+01 -3.656521e+00
    endloop
  endfacet
  facet normal 1.702096e-01 3.688262e-02 9.847174e-01
    outer loop
      vertex   1.541591e+02 -8.627480e+01 -3.656521e+00
      vertex   1.568873e+02 -8.616275e+01 -4.132290e+00
      vertex   1.566790e+02 -8.583205e+01 -4.108660e+00
    endloop
  endfacet
  facet normal 1.702096e-01 3.688262e-02 9.847174e-01
    outer loop
      vertex   1.541591e+02 -8.627480e+01 -3.656521e+00
      vertex   1.566790e+02 -8.583205e+01 -4.108660e+00
      vertex   1.543362e+02 -8.592828e+01 -3.700107e+00
    endloop
  endfacet
  facet normal 1.702096e-01 3.688262e-02 9.847174e-01
    outer loop
      vertex   1.543362e+02 -8.592828e+01 -3.700107e+00
      vertex   1.566790e+02 -8.583205e+01 -4.108660e+00
      vertex   1.563937e+02 -8.556677e+01 -4.069277e+00
    endloop
  endfacet
  facet normal 1.702096e-01 3.688262e-02 9.847174e-01
    outer loop
      vertex   1.543362e+02 -8.592828e+01 -3.700107e+00
      vertex   1.563937e+02 -8.556677e+01 -4.069277e+00
      vertex   1.545960e+02 -8.564061e+01 -3.755784e+00
    endloop
  endfacet
  facet normal 1.702096e-01 3.688262e-02 9.847174e-01
    outer loop
      vertex   1.545960e+02 -8.564061e+01 -3.755784e+00
      vertex   1.563937e+02 -8.556677e+01 -4.069277e+00
      vertex   1.560508e+02 -8.538499e+01 -4.016826e+00
    endloop
  endfacet
  facet normal 1.702096e-01 3.688262e-02 9.847174e-01
    outer loop
      vertex   1.545960e+02 -8.564061e+01 -3.755784e+00
      vertex   1.560508e+02 -8.538499e+01 -4.016826e+00
      vertex   1.549208e+02 -8.543140e+01 -3.819756e+00
    endloop
  endfacet
  facet normal 1.702096e-01 3.688262e-02 9.847174e-01
    outer loop
      vertex   1.549208e+02 -8.543140e+01 -3.819756e+00
      vertex   1.560508e+02 -8.538499e+01 -4.016826e+00
      vertex   1.556738e+02 -8.529908e+01 -3.954882e+00
    endloop
  endfacet
  facet normal 1.702096e-01 3.688262e-02 9.847174e-01
    outer loop
      vertex   1.549208e+02 -8.543140e+01 -3.819756e+00
      vertex   1.556738e+02 -8.529908e+01 -3.954882e+00
      vertex   1.552884e+02 -8.531492e+01 -3.887665e+00
    endloop
  endfacet
  facet normal 1.702096e-01 3.688262e-02 9.847174e-01
    outer loop
      vertex   1.500871e+02 -4.827251e+01 -4.927472e+00
      vertex   1.472766e+02 -4.876634e+01 -4.423176e+00
      vertex   1.502043e+02 -4.864609e+01 -4.933740e+00
    endloop
  endfacet
  facet normal 1.702096e-01 3.688262e-02 9.847174e-01
    outer loop
      vertex   1.502043e+02 -4.864609e+01 -4.933740e+00
      vertex   1.472766e+02 -4.876634e+01 -4.423176e+00
      vertex   1.472947e+02 -4.915733e+01 -4.411655e+00
    endloop
  endfacet
  facet normal 1.702096e-01 3.688262e-02 9.847174e-01
    outer loop
      vertex   1.502043e+02 -4.864609e+01 -4.933740e+00
      vertex   1.472947e+02 -4.915733e+01 -4.411655e+00
      vertex   1.502224e+02 -4.903708e+01 -4.922218e+00
    endloop
  endfacet
  facet normal 1.702096e-01 3.688262e-02 9.847174e-01
    outer loop
      vertex   1.502224e+02 -4.903708e+01 -4.922218e+00
      vertex   1.472947e+02 -4.915733e+01 -4.411655e+00
      vertex   1.474119e+02 -4.953090e+01 -4.417923e+00
    endloop
  endfacet
  facet normal 1.702096e-01 3.688262e-02 9.847174e-01
    outer loop
      vertex   1.502224e+02 -4.903708e+01 -4.922218e+00
      vertex   1.474119e+02 -4.953090e+01 -4.417923e+00
      vertex   1.501401e+02 -4.941884e+01 -4.893692e+00
    endloop
  endfacet
  facet normal 1.702096e-01 3.688262e-02 9.847174e-01
    outer loop
      vertex   1.501401e+02 -4.941884e+01 -4.893692e+00
      vertex   1.474119e+02 -4.953090e+01 -4.417923e+00
      vertex   1.476203e+02 -4.986159e+01 -4.441553e+00
    endloop
  endfacet
  facet normal 1.702096e-01 3.688262e-02 9.847174e-01
    outer loop
      vertex   1.501401e+02 -4.941884e+01 -4.893692e+00
      vertex   1.476203e+02 -4.986159e+01 -4.441553e+00
      vertex   1.499630e+02 -4.976537e+01 -4.850106e+00
    endloop
  endfacet
  facet normal 1.702096e-01 3.688262e-02 9.847174e-01
    outer loop
      vertex   1.499630e+02 -4.976537e+01 -4.850106e+00
      vertex   1.476203e+02 -4.986159e+01 -4.441553e+00
      vertex   1.479056e+02 -5.012687e+01 -4.480936e+00
    endloop
  endfacet
  facet normal 1.702096e-01 3.688262e-02 9.847174e-01
    outer loop
      vertex   1.499630e+02 -4.976537e+01 -4.850106e+00
      vertex   1.479056e+02 -5.012687e+01 -4.480936e+00
      vertex   1.497033e+02 -5.005304e+01 -4.794430e+00
    endloop
  endfacet
  facet normal 1.702096e-01 3.688262e-02 9.847174e-01
    outer loop
      vertex   1.497033e+02 -5.005304e+01 -4.794430e+00
      vertex   1.479056e+02 -5.012687e+01 -4.480936e+00
      vertex   1.482484e+02 -5.030866e+01 -4.533387e+00
    endloop
  endfacet
  facet normal 1.702096e-01 3.688262e-02 9.847174e-01
    outer loop
      vertex   1.497033e+02 -5.005304e+01 -4.794430e+00
      vertex   1.482484e+02 -5.030866e+01 -4.533387e+00
      vertex   1.493785e+02 -5.026224e+01 -4.730457e+00
    endloop
  endfacet
  facet normal 1.702096e-01 3.688262e-02 9.847174e-01
    outer loop
      vertex   1.493785e+02 -5.026224e+01 -4.730457e+00
      vertex   1.482484e+02 -5.030866e+01 -4.533387e+00
      vertex   1.486254e+02 -5.039456e+01 -4.595332e+00
    endloop
  endfacet
  facet normal 1.702096e-01 3.688262e-02 9.847174e-01
    outer loop
      vertex   1.493785e+02 -5.026224e+01 -4.730457e+00
      vertex   1.486254e+02 -5.039456e+01 -4.595332e+00
      vertex   1.490109e+02 -5.037873e+01 -4.662549e+00
    endloop
  endfacet
  facet normal 1.702096e-01 3.688262e-02 9.847174e-01
    outer loop
      vertex   1.472766e+02 -4.876634e+01 -4.423176e+00
      vertex   1.500871e+02 -4.827251e+01 -4.927472e+00
      vertex   1.473589e+02 -4.838457e+01 -4.451702e+00
    endloop
  endfacet
  facet normal 1.702096e-01 3.688262e-02 9.847174e-01
    outer loop
      vertex   1.473589e+02 -4.838457e+01 -4.451702e+00
      vertex   1.500871e+02 -4.827251e+01 -4.927472e+00
      vertex   1.498788e+02 -4.794182e+01 -4.903841e+00
    endloop
  endfacet
  facet normal 1.702096e-01 3.688262e-02 9.847174e-01
    outer loop
      vertex   1.473589e+02 -4.838457e+01 -4.451702e+00
      vertex   1.498788e+02 -4.794182e+01 -4.903841e+00
      vertex   1.475360e+02 -4.803805e+01 -4.495288e+00
    endloop
  endfacet
  facet normal 1.702096e-01 3.688262e-02 9.847174e-01
    outer loop
      vertex   1.475360e+02 -4.803805e+01 -4.495288e+00
      vertex   1.498788e+02 -4.794182e+01 -4.903841e+00
      vertex   1.495934e+02 -4.767654e+01 -4.864458e+00
    endloop
  endfacet
  facet normal 1.702096e-01 3.688262e-02 9.847174e-01
    outer loop
      vertex   1.475360e+02 -4.803805e+01 -4.495288e+00
      vertex   1.495934e+02 -4.767654e+01 -4.864458e+00
      vertex   1.477958e+02 -4.775038e+01 -4.550965e+00
    endloop
  endfacet
  facet normal 1.702096e-01 3.688262e-02 9.847174e-01
    outer loop
      vertex   1.477958e+02 -4.775038e+01 -4.550965e+00
      vertex   1.495934e+02 -4.767654e+01 -4.864458e+00
      vertex   1.492506e+02 -4.749476e+01 -4.812007e+00
    endloop
  endfacet
  facet normal 1.702096e-01 3.688262e-02 9.847174e-01
    outer loop
      vertex   1.477958e+02 -4.775038e+01 -4.550965e+00
      vertex   1.492506e+02 -4.749476e+01 -4.812007e+00
      vertex   1.481205e+02 -4.754117e+01 -4.614937e+00
    endloop
  endfacet
  facet normal 1.702096e-01 3.688262e-02 9.847174e-01
    outer loop
      vertex   1.481205e+02 -4.754117e+01 -4.614937e+00
      vertex   1.492506e+02 -4.749476e+01 -4.812007e+00
      vertex   1.488736e+02 -4.740885e+01 -4.750063e+00
    endloop
  endfacet
  facet normal 1.702096e-01 3.688262e-02 9.847174e-01
    outer loop
      vertex   1.481205e+02 -4.754117e+01 -4.614937e+00
      vertex   1.488736e+02 -4.740885e+01 -4.750063e+00
      vertex   1.484882e+02 -4.742468e+01 -4.682846e+00
    endloop
  endfacet
  facet normal 7.297253e-15 -6.181125e-15 -1.000000e+00
    outer loop
      vertex   5.887733e+01 -1.399397e+02 8.664160e+00
      vertex   5.406026e+01 -1.395915e+02 8.664160e+00
      vertex   5.867169e+01 -1.393203e+02 8.664160e+00
    endloop
  endfacet
  facet normal 6.959935e-15 -4.455300e-16 -1.000000e+00
    outer loop
      vertex   5.867169e+01 -1.393203e+02 8.664160e+00
      vertex   5.406026e+01 -1.395915e+02 8.664160e+00
      vertex   5.435283e+01 -1.390081e+02 8.664160e+00
    endloop
  endfacet
  facet normal 7.341591e-15 4.834595e-15 -1.000000e+00
    outer loop
      vertex   5.867169e+01 -1.393203e+02 8.664160e+00
      vertex   5.435283e+01 -1.390081e+02 8.664160e+00
      vertex   5.831276e+01 -1.387752e+02 8.664160e+00
    endloop
  endfacet
  facet normal 7.594600e-15 5.325553e-16 -1.000000e+00
    outer loop
      vertex   5.831276e+01 -1.387752e+02 8.664160e+00
      vertex   5.435283e+01 -1.390081e+02 8.664160e+00
      vertex   5.478642e+01 -1.385203e+02 8.664160e+00
    endloop
  endfacet
  facet normal 7.580237e-15 3.338464e-16 -1.000000e+00
    outer loop
      vertex   5.831276e+01 -1.387752e+02 8.664160e+00
      vertex   5.478642e+01 -1.385203e+02 8.664160e+00
      vertex   5.782498e+01 -1.383416e+02 8.664160e+00
    endloop
  endfacet
  facet normal 7.386368e-15 3.630296e-15 -1.000000e+00
    outer loop
      vertex   5.782498e+01 -1.383416e+02 8.664160e+00
      vertex   5.478642e+01 -1.385203e+02 8.664160e+00
      vertex   5.533149e+01 -1.381614e+02 8.664160e+00
    endloop
  endfacet
  facet normal 7.298100e-15 2.409123e-15 -1.000000e+00
    outer loop
      vertex   5.782498e+01 -1.383416e+02 8.664160e+00
      vertex   5.533149e+01 -1.381614e+02 8.664160e+00
      vertex   5.724160e+01 -1.380490e+02 8.664160e+00
    endloop
  endfacet
  facet normal 7.806614e-15 -6.237429e-15 -1.000000e+00
    outer loop
      vertex   5.724160e+01 -1.380490e+02 8.664160e+00
      vertex   5.533149e+01 -1.381614e+02 8.664160e+00
      vertex   5.595088e+01 -1.379558e+02 8.664160e+00
    endloop
  endfacet
  facet normal 8.214548e-15 -5.937607e-16 -1.000000e+00
    outer loop
      vertex   5.724160e+01 -1.380490e+02 8.664160e+00
      vertex   5.595088e+01 -1.379558e+02 8.664160e+00
      vertex   5.660238e+01 -1.379174e+02 8.664160e+00
    endloop
  endfacet
  facet normal 7.828396e-15 1.167118e-15 -1.000000e+00
    outer loop
      vertex   5.406026e+01 -1.395915e+02 8.664160e+00
      vertex   5.887733e+01 -1.399397e+02 8.664160e+00
      vertex   5.392865e+01 -1.402307e+02 8.664160e+00
    endloop
  endfacet
  facet normal 7.869816e-15 4.628336e-16 -1.000000e+00
    outer loop
      vertex   5.392865e+01 -1.402307e+02 8.664160e+00
      vertex   5.887733e+01 -1.399397e+02 8.664160e+00
      vertex   5.891564e+01 -1.405912e+02 8.664160e+00
    endloop
  endfacet
  facet normal 7.869816e-15 4.628336e-16 -1.000000e+00
    outer loop
      vertex   5.392865e+01 -1.402307e+02 8.664160e+00
      vertex   5.891564e+01 -1.405912e+02 8.664160e+00
      vertex   5.396697e+01 -1.408822e+02 8.664160e+00
    endloop
  endfacet
  facet normal 7.828396e-15 1.167118e-15 -1.000000e+00
    outer loop
      vertex   5.396697e+01 -1.408822e+02 8.664160e+00
      vertex   5.891564e+01 -1.405912e+02 8.664160e+00
      vertex   5.878403e+01 -1.412304e+02 8.664160e+00
    endloop
  endfacet
  facet normal 7.509648e-15 -3.242694e-15 -1.000000e+00
    outer loop
      vertex   5.396697e+01 -1.408822e+02 8.664160e+00
      vertex   5.878403e+01 -1.412304e+02 8.664160e+00
      vertex   5.417260e+01 -1.415016e+02 8.664160e+00
    endloop
  endfacet
  facet normal 7.356850e-15 -6.445866e-16 -1.000000e+00
    outer loop
      vertex   5.417260e+01 -1.415016e+02 8.664160e+00
      vertex   5.878403e+01 -1.412304e+02 8.664160e+00
      vertex   5.849146e+01 -1.418138e+02 8.664160e+00
    endloop
  endfacet
  facet normal 7.526111e-15 1.697107e-15 -1.000000e+00
    outer loop
      vertex   5.417260e+01 -1.415016e+02 8.664160e+00
      vertex   5.849146e+01 -1.418138e+02 8.664160e+00
      vertex   5.453154e+01 -1.420467e+02 8.664160e+00
    endloop
  endfacet
  facet normal 7.594600e-15 5.325553e-16 -1.000000e+00
    outer loop
      vertex   5.453154e+01 -1.420467e+02 8.664160e+00
      vertex   5.849146e+01 -1.418138e+02 8.664160e+00
      vertex   5.805787e+01 -1.423015e+02 8.664160e+00
    endloop
  endfacet
  facet normal 7.580237e-15 3.338464e-16 -1.000000e+00
    outer loop
      vertex   5.453154e+01 -1.420467e+02 8.664160e+00
      vertex   5.805787e+01 -1.423015e+02 8.664160e+00
      vertex   5.501931e+01 -1.424802e+02 8.664160e+00
    endloop
  endfacet
  facet normal 7.386368e-15 3.630296e-15 -1.000000e+00
    outer loop
      vertex   5.501931e+01 -1.424802e+02 8.664160e+00
      vertex   5.805787e+01 -1.423015e+02 8.664160e+00
      vertex   5.751281e+01 -1.426605e+02 8.664160e+00
    endloop
  endfacet
  facet normal 7.298100e-15 2.409123e-15 -1.000000e+00
    outer loop
      vertex   5.501931e+01 -1.424802e+02 8.664160e+00
      vertex   5.751281e+01 -1.426605e+02 8.664160e+00
      vertex   5.560269e+01 -1.427728e+02 8.664160e+00
    endloop
  endfacet
  facet normal 7.806614e-15 -6.237429e-15 -1.000000e+00
    outer loop
      vertex   5.560269e+01 -1.427728e+02 8.664160e+00
      vertex   5.751281e+01 -1.426605e+02 8.664160e+00
      vertex   5.689342e+01 -1.428661e+02 8.664160e+00
    endloop
  endfacet
  facet normal 8.214548e-15 -5.937607e-16 -1.000000e+00
    outer loop
      vertex   5.560269e+01 -1.427728e+02 8.664160e+00
      vertex   5.689342e+01 -1.428661e+02 8.664160e+00
      vertex   5.624191e+01 -1.429044e+02 8.664160e+00
    endloop
  endfacet
  facet normal -9.999998e-01 -8.671473e-08 -6.325976e-04
    outer loop
      vertex   5.032981e+01 -3.048726e+01 1.662560e+01
      vertex   5.033927e+01 -3.048726e+01 1.659596e+00
      vertex   5.033927e+01 -3.048932e+01 1.659596e+00
    endloop
  endfacet
  facet normal -8.408997e-15 5.233596e-02 9.986295e-01
    outer loop
      vertex   4.034230e+01 -1.064873e+02 3.273447e+00
      vertex   4.034230e+01 -3.048726e+01 -7.095446e-01
      vertex   3.582215e+01 -1.064873e+02 3.273447e+00
    endloop
  endfacet
  facet normal -8.205796e-15 5.233596e-02 9.986295e-01
    outer loop
      vertex   3.582215e+01 -1.064873e+02 3.273447e+00
      vertex   4.034230e+01 -3.048726e+01 -7.095446e-01
      vertex   3.032979e+01 -3.048726e+01 -7.095446e-01
    endloop
  endfacet
  facet normal -6.240643e-15 5.233596e-02 9.986295e-01
    outer loop
      vertex   3.582215e+01 -1.064873e+02 3.273447e+00
      vertex   3.032979e+01 -3.048726e+01 -7.095446e-01
      vertex   3.032979e+01 -1.273713e+02 4.367933e+00
    endloop
  endfacet
  facet normal -6.027741e-15 5.233596e-02 9.986295e-01
    outer loop
      vertex   3.032979e+01 -1.273713e+02 4.367933e+00
      vertex   3.032979e+01 -1.274760e+02 4.373419e+00
      vertex   3.582215e+01 -1.064873e+02 3.273447e+00
    endloop
  endfacet
  facet normal -8.433439e-15 5.233596e-02 9.986295e-01
    outer loop
      vertex   3.582215e+01 -1.064873e+02 3.273447e+00
      vertex   3.032979e+01 -1.274760e+02 4.373419e+00
      vertex   3.688402e+01 -1.274760e+02 4.373419e+00
    endloop
  endfacet
  facet normal -8.184685e-15 5.233596e-02 9.986295e-01
    outer loop
      vertex   3.582215e+01 -1.064873e+02 3.273447e+00
      vertex   3.688402e+01 -1.274760e+02 4.373419e+00
      vertex   3.866501e+01 -1.218570e+02 4.078941e+00
    endloop
  endfacet
  facet normal -4.619889e-14 5.233596e-02 9.986295e-01
    outer loop
      vertex   3.866501e+01 -1.218570e+02 4.078941e+00
      vertex   3.688402e+01 -1.274760e+02 4.373419e+00
      vertex   3.866742e+01 -1.220876e+02 4.091025e+00
    endloop
  endfacet
  facet normal 3.034011e-13 5.233596e-02 9.986295e-01
    outer loop
      vertex   3.866501e+01 -1.218570e+02 4.078941e+00
      vertex   3.866742e+01 -1.220876e+02 4.091025e+00
      vertex   3.867622e+01 -1.220269e+02 4.087842e+00
    endloop
  endfacet
  facet normal -9.914449e-01 -1.643157e-14 -1.305262e-01
    outer loop
      vertex   7.677366e+01 -3.821844e+01 8.338745e+00
      vertex   7.677366e+01 -3.048726e+01 8.338745e+00
      vertex   7.684181e+01 -3.820638e+01 7.821107e+00
    endloop
  endfacet
  facet normal -9.914449e-01 -1.653234e-14 -1.305262e-01
    outer loop
      vertex   7.684181e+01 -3.820638e+01 7.821107e+00
      vertex   7.677366e+01 -3.048726e+01 8.338745e+00
      vertex   7.684181e+01 -3.048726e+01 7.821107e+00
    endloop
  endfacet
  facet normal -9.914449e-01 -1.632207e-14 1.305262e-01
    outer loop
      vertex   7.684181e+01 -3.820638e+01 7.821107e+00
      vertex   7.684181e+01 -3.048726e+01 7.821107e+00
      vertex   7.677366e+01 -3.048726e+01 7.303469e+00
    endloop
  endfacet
  facet normal -9.238795e-01 -1.537177e-14 -3.826834e-01
    outer loop
      vertex   7.677366e+01 -3.048726e+01 8.338745e+00
      vertex   7.677366e+01 -3.821844e+01 8.338745e+00
      vertex   7.657386e+01 -3.048726e+01 8.821107e+00
    endloop
  endfacet
  facet normal -9.238795e-01 -1.361133e-14 -3.826834e-01
    outer loop
      vertex   7.657386e+01 -3.048726e+01 8.821107e+00
      vertex   7.677366e+01 -3.821844e+01 8.338745e+00
      vertex   7.657386e+01 -3.825379e+01 8.821107e+00
    endloop
  endfacet
  facet normal -7.933533e-01 -1.175238e-14 -6.087614e-01
    outer loop
      vertex   7.657386e+01 -3.048726e+01 8.821107e+00
      vertex   7.657386e+01 -3.825379e+01 8.821107e+00
      vertex   7.625602e+01 -3.048726e+01 9.235321e+00
    endloop
  endfacet
  facet normal -7.933533e-01 -1.166790e-14 -6.087614e-01
    outer loop
      vertex   7.625602e+01 -3.048726e+01 9.235321e+00
      vertex   7.657386e+01 -3.825379e+01 8.821107e+00
      vertex   7.625602e+01 -3.831003e+01 9.235321e+00
    endloop
  endfacet
  facet normal -6.087614e-01 -9.027172e-15 -7.933533e-01
    outer loop
      vertex   7.625602e+01 -3.048726e+01 9.235321e+00
      vertex   7.625602e+01 -3.831003e+01 9.235321e+00
      vertex   7.584181e+01 -3.048726e+01 9.553158e+00
    endloop
  endfacet
  facet normal -6.087614e-01 -8.943382e-15 -7.933533e-01
    outer loop
      vertex   7.584181e+01 -3.048726e+01 9.553158e+00
      vertex   7.625602e+01 -3.831003e+01 9.235321e+00
      vertex   7.584181e+01 -3.838332e+01 9.553158e+00
    endloop
  endfacet
  facet normal -3.826834e-01 -5.717692e-15 -9.238795e-01
    outer loop
      vertex   7.584181e+01 -3.048726e+01 9.553158e+00
      vertex   7.584181e+01 -3.838332e+01 9.553158e+00
      vertex   7.535945e+01 -3.048726e+01 9.752959e+00
    endloop
  endfacet
  facet normal -3.826834e-01 -5.656550e-15 -9.238795e-01
    outer loop
      vertex   7.535945e+01 -3.048726e+01 9.752959e+00
      vertex   7.584181e+01 -3.838332e+01 9.553158e+00
      vertex   7.535945e+01 -3.846867e+01 9.752959e+00
    endloop
  endfacet
  facet normal -1.305262e-01 -2.079868e-15 -9.914449e-01
    outer loop
      vertex   7.535945e+01 -3.048726e+01 9.752959e+00
      vertex   7.535945e+01 -3.846867e+01 9.752959e+00
      vertex   7.484181e+01 -3.048726e+01 9.821107e+00
    endloop
  endfacet
  facet normal -1.305262e-01 -2.056272e-15 -9.914449e-01
    outer loop
      vertex   7.484181e+01 -3.048726e+01 9.821107e+00
      vertex   7.535945e+01 -3.846867e+01 9.752959e+00
      vertex   7.484181e+01 -3.856026e+01 9.821107e+00
    endloop
  endfacet
  facet normal 1.305262e-01 1.619963e-15 -9.914449e-01
    outer loop
      vertex   7.484181e+01 -3.048726e+01 9.821107e+00
      vertex   7.484181e+01 -3.856026e+01 9.821107e+00
      vertex   7.432417e+01 -3.048726e+01 9.752959e+00
    endloop
  endfacet
  facet normal 1.305262e-01 1.601790e-15 -9.914449e-01
    outer loop
      vertex   7.432417e+01 -3.048726e+01 9.752959e+00
      vertex   7.484181e+01 -3.856026e+01 9.821107e+00
      vertex   7.432417e+01 -3.865185e+01 9.752959e+00
    endloop
  endfacet
  facet normal 3.826834e-01 5.127625e-15 -9.238795e-01
    outer loop
      vertex   7.432417e+01 -3.048726e+01 9.752959e+00
      vertex   7.432417e+01 -3.865185e+01 9.752959e+00
      vertex   7.384181e+01 -3.048726e+01 9.553158e+00
    endloop
  endfacet
  facet normal 3.826834e-01 5.273506e-15 -9.238795e-01
    outer loop
      vertex   7.384181e+01 -3.048726e+01 9.553158e+00
      vertex   7.432417e+01 -3.865185e+01 9.752959e+00
      vertex   7.384181e+01 -3.873719e+01 9.553158e+00
    endloop
  endfacet
  facet normal 6.087614e-01 8.388937e-15 -7.933533e-01
    outer loop
      vertex   7.384181e+01 -3.048726e+01 9.553158e+00
      vertex   7.384181e+01 -3.873719e+01 9.553158e+00
      vertex   7.342760e+01 -3.048726e+01 9.235321e+00
    endloop
  endfacet
  facet normal 6.087614e-01 8.145749e-15 -7.933533e-01
    outer loop
      vertex   7.342760e+01 -3.048726e+01 9.235321e+00
      vertex   7.384181e+01 -3.873719e+01 9.553158e+00
      vertex   7.342760e+01 -3.881049e+01 9.235321e+00
    endloop
  endfacet
  facet normal 7.933533e-01 1.070648e-14 -6.087614e-01
    outer loop
      vertex   7.342760e+01 -3.048726e+01 9.235321e+00
      vertex   7.342760e+01 -3.881049e+01 9.235321e+00
      vertex   7.310976e+01 -3.048726e+01 8.821107e+00
    endloop
  endfacet
  facet normal 7.933533e-01 1.063463e-14 -6.087614e-01
    outer loop
      vertex   7.310976e+01 -3.048726e+01 8.821107e+00
      vertex   7.342760e+01 -3.881049e+01 9.235321e+00
      vertex   7.310976e+01 -3.886672e+01 8.821107e+00
    endloop
  endfacet
  facet normal 9.238795e-01 1.245345e-14 -3.826834e-01
    outer loop
      vertex   7.310976e+01 -3.048726e+01 8.821107e+00
      vertex   7.310976e+01 -3.886672e+01 8.821107e+00
      vertex   7.290996e+01 -3.048726e+01 8.338745e+00
    endloop
  endfacet
  facet normal 9.238795e-01 1.240113e-14 -3.826834e-01
    outer loop
      vertex   7.290996e+01 -3.048726e+01 8.338745e+00
      vertex   7.310976e+01 -3.886672e+01 8.821107e+00
      vertex   7.290996e+01 -3.890208e+01 8.338745e+00
    endloop
  endfacet
  facet normal 9.914449e-01 1.336719e-14 -1.305262e-01
    outer loop
      vertex   7.290996e+01 -3.048726e+01 8.338745e+00
      vertex   7.290996e+01 -3.890208e+01 8.338745e+00
      vertex   7.284181e+01 -3.048726e+01 7.821107e+00
    endloop
  endfacet
  facet normal 9.914449e-01 1.504752e-14 -1.305262e-01
    outer loop
      vertex   7.284181e+01 -3.048726e+01 7.821107e+00
      vertex   7.290996e+01 -3.890208e+01 8.338745e+00
      vertex   7.284181e+01 -3.891413e+01 7.821107e+00
    endloop
  endfacet
  facet normal 9.914449e-01 1.504752e-14 1.305262e-01
    outer loop
      vertex   7.284181e+01 -3.048726e+01 7.821107e+00
      vertex   7.284181e+01 -3.891413e+01 7.821107e+00
      vertex   7.290996e+01 -3.890208e+01 7.303469e+00
    endloop
  endfacet
  facet normal 9.914449e-01 1.339477e-14 1.305262e-01
    outer loop
      vertex   7.284181e+01 -3.048726e+01 7.821107e+00
      vertex   7.290996e+01 -3.890208e+01 7.303469e+00
      vertex   7.290996e+01 -3.048726e+01 7.303469e+00
    endloop
  endfacet
  facet normal 9.238795e-01 1.248191e-14 3.826834e-01
    outer loop
      vertex   7.290996e+01 -3.048726e+01 7.303469e+00
      vertex   7.290996e+01 -3.890208e+01 7.303469e+00
      vertex   7.310976e+01 -3.886672e+01 6.821107e+00
    endloop
  endfacet
  facet normal 9.238795e-01 1.414121e-14 3.826834e-01
    outer loop
      vertex   7.290996e+01 -3.048726e+01 7.303469e+00
      vertex   7.310976e+01 -3.886672e+01 6.821107e+00
      vertex   7.310976e+01 -3.048726e+01 6.821107e+00
    endloop
  endfacet
  facet normal 7.933533e-01 1.217367e-14 6.087614e-01
    outer loop
      vertex   7.310976e+01 -3.048726e+01 6.821107e+00
      vertex   7.310976e+01 -3.886672e+01 6.821107e+00
      vertex   7.342760e+01 -3.881049e+01 6.406894e+00
    endloop
  endfacet
  facet normal 7.933533e-01 1.083245e-14 6.087614e-01
    outer loop
      vertex   7.310976e+01 -3.048726e+01 6.821107e+00
      vertex   7.342760e+01 -3.881049e+01 6.406894e+00
      vertex   7.342760e+01 -3.048726e+01 6.406894e+00
    endloop
  endfacet
  facet normal 6.087614e-01 8.315067e-15 7.933533e-01
    outer loop
      vertex   7.342760e+01 -3.048726e+01 6.406894e+00
      vertex   7.342760e+01 -3.881049e+01 6.406894e+00
      vertex   7.384181e+01 -3.873719e+01 6.089056e+00
    endloop
  endfacet
  facet normal 6.087614e-01 8.389830e-15 7.933533e-01
    outer loop
      vertex   7.342760e+01 -3.048726e+01 6.406894e+00
      vertex   7.384181e+01 -3.873719e+01 6.089056e+00
      vertex   7.384181e+01 -3.048726e+01 6.089056e+00
    endloop
  endfacet
  facet normal 3.826834e-01 5.273506e-15 9.238795e-01
    outer loop
      vertex   7.384181e+01 -3.048726e+01 6.089056e+00
      vertex   7.384181e+01 -3.873719e+01 6.089056e+00
      vertex   7.432417e+01 -3.865185e+01 5.889255e+00
    endloop
  endfacet
  facet normal 3.826834e-01 5.326131e-15 9.238795e-01
    outer loop
      vertex   7.384181e+01 -3.048726e+01 6.089056e+00
      vertex   7.432417e+01 -3.865185e+01 5.889255e+00
      vertex   7.432417e+01 -3.048726e+01 5.889255e+00
    endloop
  endfacet
  facet normal 1.305262e-01 1.817497e-15 9.914449e-01
    outer loop
      vertex   7.432417e+01 -3.048726e+01 5.889255e+00
      vertex   7.432417e+01 -3.865185e+01 5.889255e+00
      vertex   7.484181e+01 -3.856026e+01 5.821107e+00
    endloop
  endfacet
  facet normal 1.305262e-01 1.947523e-15 9.914449e-01
    outer loop
      vertex   7.432417e+01 -3.048726e+01 5.889255e+00
      vertex   7.484181e+01 -3.856026e+01 5.821107e+00
      vertex   7.484181e+01 -3.048726e+01 5.821107e+00
    endloop
  endfacet
  facet normal -1.305262e-01 -1.729040e-15 9.914449e-01
    outer loop
      vertex   7.484181e+01 -3.048726e+01 5.821107e+00
      vertex   7.484181e+01 -3.856026e+01 5.821107e+00
      vertex   7.535945e+01 -3.846867e+01 5.889255e+00
    endloop
  endfacet
  facet normal -1.305262e-01 -1.750072e-15 9.914449e-01
    outer loop
      vertex   7.484181e+01 -3.048726e+01 5.821107e+00
      vertex   7.535945e+01 -3.846867e+01 5.889255e+00
      vertex   7.535945e+01 -3.048726e+01 5.889255e+00
    endloop
  endfacet
  facet normal -3.826834e-01 -5.348119e-15 9.238795e-01
    outer loop
      vertex   7.535945e+01 -3.048726e+01 5.889255e+00
      vertex   7.535945e+01 -3.846867e+01 5.889255e+00
      vertex   7.584181e+01 -3.838332e+01 6.089056e+00
    endloop
  endfacet
  facet normal -3.826834e-01 -5.301917e-15 9.238795e-01
    outer loop
      vertex   7.535945e+01 -3.048726e+01 5.889255e+00
      vertex   7.584181e+01 -3.838332e+01 6.089056e+00
      vertex   7.584181e+01 -3.048726e+01 6.089056e+00
    endloop
  endfacet
  facet normal -6.087614e-01 -8.586425e-15 7.933533e-01
    outer loop
      vertex   7.584181e+01 -3.048726e+01 6.089056e+00
      vertex   7.584181e+01 -3.838332e+01 6.089056e+00
      vertex   7.625602e+01 -3.831003e+01 6.406894e+00
    endloop
  endfacet
  facet normal -6.087614e-01 -8.752823e-15 7.933533e-01
    outer loop
      vertex   7.584181e+01 -3.048726e+01 6.089056e+00
      vertex   7.625602e+01 -3.831003e+01 6.406894e+00
      vertex   7.625602e+01 -3.048726e+01 6.406894e+00
    endloop
  endfacet
  facet normal -7.933533e-01 -1.146054e-14 6.087614e-01
    outer loop
      vertex   7.625602e+01 -3.048726e+01 6.406894e+00
      vertex   7.625602e+01 -3.831003e+01 6.406894e+00
      vertex   7.657386e+01 -3.825379e+01 6.821107e+00
    endloop
  endfacet
  facet normal -7.933533e-01 -1.154046e-14 6.087614e-01
    outer loop
      vertex   7.625602e+01 -3.048726e+01 6.406894e+00
      vertex   7.657386e+01 -3.825379e+01 6.821107e+00
      vertex   7.657386e+01 -3.048726e+01 6.821107e+00
    endloop
  endfacet
  facet normal -9.238795e-01 -1.348003e-14 3.826834e-01
    outer loop
      vertex   7.657386e+01 -3.048726e+01 6.821107e+00
      vertex   7.657386e+01 -3.825379e+01 6.821107e+00
      vertex   7.677366e+01 -3.821844e+01 7.303469e+00
    endloop
  endfacet
  facet normal -9.238795e-01 -1.515166e-14 3.826834e-01
    outer loop
      vertex   7.657386e+01 -3.048726e+01 6.821107e+00
      vertex   7.677366e+01 -3.821844e+01 7.303469e+00
      vertex   7.677366e+01 -3.048726e+01 7.303469e+00
    endloop
  endfacet
  facet normal -9.914449e-01 -1.635660e-14 1.305262e-01
    outer loop
      vertex   7.677366e+01 -3.048726e+01 7.303469e+00
      vertex   7.677366e+01 -3.821844e+01 7.303469e+00
      vertex   7.684181e+01 -3.820638e+01 7.821107e+00
    endloop
  endfacet
  facet normal -2.168196e-14 1.000000e+00 -3.428126e-15
    outer loop
      vertex   3.032979e+01 -1.274760e+02 4.373419e+00
      vertex   3.032979e+01 -1.274760e+02 1.266416e+01
      vertex   3.688402e+01 -1.274760e+02 4.373419e+00
    endloop
  endfacet
  facet normal -1.983267e-14 1.000000e+00 -1.966178e-15
    outer loop
      vertex   3.688402e+01 -1.274760e+02 4.373419e+00
      vertex   3.032979e+01 -1.274760e+02 1.266416e+01
      vertex   3.821170e+01 -1.274760e+02 1.266416e+01
    endloop
  endfacet
  facet normal -7.536059e-15 -3.852737e-15 1.000000e+00
    outer loop
      vertex   3.362979e+01 -1.374935e+02 1.266416e+01
      vertex   3.362979e+01 -1.370324e+02 1.266416e+01
      vertex   3.032979e+01 -1.374935e+02 1.266416e+01
    endloop
  endfacet
  facet normal -2.385582e-14 1.129537e-13 1.000000e+00
    outer loop
      vertex   3.032979e+01 -1.374935e+02 1.266416e+01
      vertex   3.362979e+01 -1.370324e+02 1.266416e+01
      vertex   3.366386e+01 -1.367736e+02 1.266416e+01
    endloop
  endfacet
  facet normal 4.562134e-16 3.546517e-16 1.000000e+00
    outer loop
      vertex   3.032979e+01 -1.374935e+02 1.266416e+01
      vertex   3.366386e+01 -1.367736e+02 1.266416e+01
      vertex   3.032979e+01 -1.274760e+02 1.266416e+01
    endloop
  endfacet
  facet normal -2.472223e-16 1.024028e-16 1.000000e+00
    outer loop
      vertex   3.032979e+01 -1.274760e+02 1.266416e+01
      vertex   3.366386e+01 -1.367736e+02 1.266416e+01
      vertex   3.376376e+01 -1.365324e+02 1.266416e+01
    endloop
  endfacet
  facet normal -7.652097e-15 -2.705349e-15 1.000000e+00
    outer loop
      vertex   3.032979e+01 -1.274760e+02 1.266416e+01
      vertex   3.376376e+01 -1.365324e+02 1.266416e+01
      vertex   3.392268e+01 -1.363253e+02 1.266416e+01
    endloop
  endfacet
  facet normal -6.774523e-15 -2.349046e-15 1.000000e+00
    outer loop
      vertex   3.392268e+01 -1.363253e+02 1.266416e+01
      vertex   3.412979e+01 -1.361664e+02 1.266416e+01
      vertex   3.032979e+01 -1.274760e+02 1.266416e+01
    endloop
  endfacet
  facet normal -2.150514e-16 5.191801e-16 1.000000e+00
    outer loop
      vertex   3.032979e+01 -1.274760e+02 1.266416e+01
      vertex   3.412979e+01 -1.361664e+02 1.266416e+01
      vertex   3.437097e+01 -1.360665e+02 1.266416e+01
    endloop
  endfacet
  facet normal -1.495284e-14 -6.413848e-15 1.000000e+00
    outer loop
      vertex   3.032979e+01 -1.274760e+02 1.266416e+01
      vertex   3.437097e+01 -1.360665e+02 1.266416e+01
      vertex   3.614700e+01 -1.335600e+02 1.266416e+01
    endloop
  endfacet
  facet normal -1.413499e-13 8.314970e-14 1.000000e+00
    outer loop
      vertex   3.614700e+01 -1.335600e+02 1.266416e+01
      vertex   3.437097e+01 -1.360665e+02 1.266416e+01
      vertex   3.462979e+01 -1.360324e+02 1.266416e+01
    endloop
  endfacet
  facet normal -5.195314e-15 -4.042283e-16 1.000000e+00
    outer loop
      vertex   3.614700e+01 -1.335600e+02 1.266416e+01
      vertex   3.462979e+01 -1.360324e+02 1.266416e+01
      vertex   3.531362e+01 -1.360324e+02 1.266416e+01
    endloop
  endfacet
  facet normal 1.508770e-13 -5.301297e-14 1.000000e+00
    outer loop
      vertex   3.531362e+01 -1.360324e+02 1.266416e+01
      vertex   3.557244e+01 -1.360665e+02 1.266416e+01
      vertex   3.614700e+01 -1.335600e+02 1.266416e+01
    endloop
  endfacet
  facet normal -1.118337e-13 7.209471e-15 1.000000e+00
    outer loop
      vertex   3.614700e+01 -1.335600e+02 1.266416e+01
      vertex   3.557244e+01 -1.360665e+02 1.266416e+01
      vertex   3.611362e+01 -1.348170e+02 1.266416e+01
    endloop
  endfacet
  facet normal -1.447996e-14 -3.495772e-14 1.000000e+00
    outer loop
      vertex   3.611362e+01 -1.348170e+02 1.266416e+01
      vertex   3.557244e+01 -1.360665e+02 1.266416e+01
      vertex   3.581362e+01 -1.361664e+02 1.266416e+01
    endloop
  endfacet
  facet normal -3.235206e-14 -3.098425e-14 1.000000e+00
    outer loop
      vertex   3.611362e+01 -1.348170e+02 1.266416e+01
      vertex   3.581362e+01 -1.361664e+02 1.266416e+01
      vertex   3.602073e+01 -1.363253e+02 1.266416e+01
    endloop
  endfacet
  facet normal -8.354112e-14 -2.783156e-14 1.000000e+00
    outer loop
      vertex   3.611362e+01 -1.348170e+02 1.266416e+01
      vertex   3.602073e+01 -1.363253e+02 1.266416e+01
      vertex   3.625572e+01 -1.356265e+02 1.266416e+01
    endloop
  endfacet
  facet normal -5.844643e-14 -3.627051e-14 1.000000e+00
    outer loop
      vertex   3.625572e+01 -1.356265e+02 1.266416e+01
      vertex   3.602073e+01 -1.363253e+02 1.266416e+01
      vertex   3.617964e+01 -1.365324e+02 1.266416e+01
    endloop
  endfacet
  facet normal -8.265652e-14 -3.423745e-14 1.000000e+00
    outer loop
      vertex   3.625572e+01 -1.356265e+02 1.266416e+01
      vertex   3.617964e+01 -1.365324e+02 1.266416e+01
      vertex   3.627954e+01 -1.367736e+02 1.266416e+01
    endloop
  endfacet
  facet normal -1.554209e-13 -3.574893e-14 1.000000e+00
    outer loop
      vertex   3.625572e+01 -1.356265e+02 1.266416e+01
      vertex   3.627954e+01 -1.367736e+02 1.266416e+01
      vertex   3.652140e+01 -1.366325e+02 1.266416e+01
    endloop
  endfacet
  facet normal -2.566419e-13 1.377953e-13 1.000000e+00
    outer loop
      vertex   3.652140e+01 -1.366325e+02 1.266416e+01
      vertex   3.627954e+01 -1.367736e+02 1.266416e+01
      vertex   3.631362e+01 -1.370324e+02 1.266416e+01
    endloop
  endfacet
  facet normal 4.325187e-15 2.194779e-15 1.000000e+00
    outer loop
      vertex   3.652140e+01 -1.366325e+02 1.266416e+01
      vertex   3.631362e+01 -1.370324e+02 1.266416e+01
      vertex   3.691641e+01 -1.374109e+02 1.266416e+01
    endloop
  endfacet
  facet normal 2.946886e-15 2.326543e-29 1.000000e+00
    outer loop
      vertex   3.691641e+01 -1.374109e+02 1.266416e+01
      vertex   3.631362e+01 -1.370324e+02 1.266416e+01
      vertex   3.631362e+01 -1.424324e+02 1.266416e+01
    endloop
  endfacet
  facet normal -1.091962e-14 1.664580e-15 1.000000e+00
    outer loop
      vertex   3.691641e+01 -1.374109e+02 1.266416e+01
      vertex   3.631362e+01 -1.424324e+02 1.266416e+01
      vertex   3.772979e+01 -1.374109e+02 1.266416e+01
    endloop
  endfacet
  facet normal -5.017356e-15 -4.225243e-29 1.000000e+00
    outer loop
      vertex   3.772979e+01 -1.374109e+02 1.266416e+01
      vertex   3.631362e+01 -1.424324e+02 1.266416e+01
      vertex   3.772979e+01 -1.509109e+02 1.266416e+01
    endloop
  endfacet
  facet normal -5.772718e-13 -9.558362e-14 1.000000e+00
    outer loop
      vertex   3.772979e+01 -1.509109e+02 1.266416e+01
      vertex   3.631362e+01 -1.424324e+02 1.266416e+01
      vertex   3.627954e+01 -1.426912e+02 1.266416e+01
    endloop
  endfacet
  facet normal -1.061066e-14 4.395079e-15 1.000000e+00
    outer loop
      vertex   3.772979e+01 -1.509109e+02 1.266416e+01
      vertex   3.627954e+01 -1.426912e+02 1.266416e+01
      vertex   3.617964e+01 -1.429324e+02 1.266416e+01
    endloop
  endfacet
  facet normal -1.563371e-14 3.419154e-15 1.000000e+00
    outer loop
      vertex   3.617964e+01 -1.429324e+02 1.266416e+01
      vertex   3.602073e+01 -1.431395e+02 1.266416e+01
      vertex   3.772979e+01 -1.509109e+02 1.266416e+01
    endloop
  endfacet
  facet normal -1.184068e-14 4.253301e-15 1.000000e+00
    outer loop
      vertex   3.772979e+01 -1.509109e+02 1.266416e+01
      vertex   3.602073e+01 -1.431395e+02 1.266416e+01
      vertex   3.581362e+01 -1.432984e+02 1.266416e+01
    endloop
  endfacet
  facet normal -2.713412e-15 6.550756e-15 1.000000e+00
    outer loop
      vertex   3.772979e+01 -1.509109e+02 1.266416e+01
      vertex   3.581362e+01 -1.432984e+02 1.266416e+01
      vertex   3.557244e+01 -1.433983e+02 1.266416e+01
    endloop
  endfacet
  facet normal 1.511759e-13 5.074221e-14 1.000000e+00
    outer loop
      vertex   3.557244e+01 -1.433983e+02 1.266416e+01
      vertex   3.531362e+01 -1.434324e+02 1.266416e+01
      vertex   3.772979e+01 -1.509109e+02 1.266416e+01
    endloop
  endfacet
  facet normal -5.195314e-15 2.217139e-16 1.000000e+00
    outer loop
      vertex   3.772979e+01 -1.509109e+02 1.266416e+01
      vertex   3.531362e+01 -1.434324e+02 1.266416e+01
      vertex   3.462979e+01 -1.434324e+02 1.266416e+01
    endloop
  endfacet
  facet normal -1.375994e-13 -5.466239e-14 1.000000e+00
    outer loop
      vertex   3.772979e+01 -1.509109e+02 1.266416e+01
      vertex   3.462979e+01 -1.434324e+02 1.266416e+01
      vertex   3.437097e+01 -1.433983e+02 1.266416e+01
    endloop
  endfacet
  facet normal -7.681543e-15 3.422703e-15 1.000000e+00
    outer loop
      vertex   3.772979e+01 -1.509109e+02 1.266416e+01
      vertex   3.437097e+01 -1.433983e+02 1.266416e+01
      vertex   3.032979e+01 -1.509109e+02 1.266416e+01
    endloop
  endfacet
  facet normal -2.402839e-16 -5.800965e-16 1.000000e+00
    outer loop
      vertex   3.032979e+01 -1.509109e+02 1.266416e+01
      vertex   3.437097e+01 -1.433983e+02 1.266416e+01
      vertex   3.412979e+01 -1.432984e+02 1.266416e+01
    endloop
  endfacet
  facet normal -6.589988e-15 2.589537e-15 1.000000e+00
    outer loop
      vertex   3.032979e+01 -1.509109e+02 1.266416e+01
      vertex   3.412979e+01 -1.432984e+02 1.266416e+01
      vertex   3.392268e+01 -1.431395e+02 1.266416e+01
    endloop
  endfacet
  facet normal -7.346950e-15 2.939497e-15 1.000000e+00
    outer loop
      vertex   3.392268e+01 -1.431395e+02 1.266416e+01
      vertex   3.376376e+01 -1.429324e+02 1.266416e+01
      vertex   3.032979e+01 -1.509109e+02 1.266416e+01
    endloop
  endfacet
  facet normal -2.636016e-16 -1.091874e-16 1.000000e+00
    outer loop
      vertex   3.032979e+01 -1.509109e+02 1.266416e+01
      vertex   3.376376e+01 -1.429324e+02 1.266416e+01
      vertex   3.366386e+01 -1.426912e+02 1.266416e+01
    endloop
  endfacet
  facet normal 4.385194e-16 -3.939810e-16 1.000000e+00
    outer loop
      vertex   3.032979e+01 -1.509109e+02 1.266416e+01
      vertex   3.366386e+01 -1.426912e+02 1.266416e+01
      vertex   3.032979e+01 -1.418935e+02 1.266416e+01
    endloop
  endfacet
  facet normal -2.657985e-14 -1.133124e-13 1.000000e+00
    outer loop
      vertex   3.032979e+01 -1.418935e+02 1.266416e+01
      vertex   3.366386e+01 -1.426912e+02 1.266416e+01
      vertex   3.362979e+01 -1.424324e+02 1.266416e+01
    endloop
  endfacet
  facet normal -7.536059e-15 3.296042e-15 1.000000e+00
    outer loop
      vertex   3.032979e+01 -1.418935e+02 1.266416e+01
      vertex   3.362979e+01 -1.424324e+02 1.266416e+01
      vertex   3.362979e+01 -1.418935e+02 1.266416e+01
    endloop
  endfacet
  facet normal -8.338738e-15 -8.983520e-17 1.000000e+00
    outer loop
      vertex   3.614700e+01 -1.335600e+02 1.266416e+01
      vertex   3.821170e+01 -1.274760e+02 1.266416e+01
      vertex   3.032979e+01 -1.274760e+02 1.266416e+01
    endloop
  endfacet
  facet normal 1.000000e+00 7.894925e-15 -2.243874e-28
    outer loop
      vertex   3.772979e+01 -1.509109e+02 1.166416e+01
      vertex   3.772979e+01 -1.374109e+02 1.166416e+01
      vertex   3.772979e+01 -1.509109e+02 1.266416e+01
    endloop
  endfacet
  facet normal 1.000000e+00 8.421253e-15 7.105430e-15
    outer loop
      vertex   3.772979e+01 -1.509109e+02 1.266416e+01
      vertex   3.772979e+01 -1.374109e+02 1.166416e+01
      vertex   3.772979e+01 -1.374109e+02 1.266416e+01
    endloop
  endfacet
  facet normal 1.161795e-13 1.332268e-15 1.000000e+00
    outer loop
      vertex   4.127979e+01 -1.464109e+02 1.166416e+01
      vertex   4.282979e+01 -1.509109e+02 1.166416e+01
      vertex   4.127979e+01 -1.424109e+02 1.166416e+01
    endloop
  endfacet
  facet normal 1.521682e-13 7.894925e-15 1.000000e+00
    outer loop
      vertex   4.127979e+01 -1.424109e+02 1.166416e+01
      vertex   4.282979e+01 -1.509109e+02 1.166416e+01
      vertex   4.282979e+01 -1.374109e+02 1.166416e+01
    endloop
  endfacet
  facet normal 1.227532e-27 5.506717e-14 1.000000e+00
    outer loop
      vertex   4.127979e+01 -1.424109e+02 1.166416e+01
      vertex   4.282979e+01 -1.374109e+02 1.166416e+01
      vertex   3.772979e+01 -1.374109e+02 1.166416e+01
    endloop
  endfacet
  facet normal -1.119105e-13 -7.723205e-14 1.000000e+00
    outer loop
      vertex   4.127979e+01 -1.464109e+02 1.166416e+01
      vertex   3.927979e+01 -1.464109e+02 1.166416e+01
      vertex   4.282979e+01 -1.509109e+02 1.166416e+01
    endloop
  endfacet
  facet normal -1.847894e-28 1.105289e-14 1.000000e+00
    outer loop
      vertex   4.282979e+01 -1.509109e+02 1.166416e+01
      vertex   3.927979e+01 -1.464109e+02 1.166416e+01
      vertex   3.772979e+01 -1.509109e+02 1.166416e+01
    endloop
  endfacet
  facet normal 2.951044e-14 8.881784e-16 1.000000e+00
    outer loop
      vertex   3.772979e+01 -1.509109e+02 1.166416e+01
      vertex   3.927979e+01 -1.464109e+02 1.166416e+01
      vertex   3.927979e+01 -1.424109e+02 1.166416e+01
    endloop
  endfacet
  facet normal -8.913651e-15 7.894925e-15 1.000000e+00
    outer loop
      vertex   3.772979e+01 -1.509109e+02 1.166416e+01
      vertex   3.927979e+01 -1.424109e+02 1.166416e+01
      vertex   3.772979e+01 -1.374109e+02 1.166416e+01
    endloop
  endfacet
  facet normal -1.110223e-13 -2.375882e-14 1.000000e+00
    outer loop
      vertex   3.772979e+01 -1.374109e+02 1.166416e+01
      vertex   3.927979e+01 -1.424109e+02 1.166416e+01
      vertex   4.127979e+01 -1.424109e+02 1.166416e+01
    endloop
  endfacet
  facet normal 2.314665e-09 -6.096328e-08 1.000000e+00
    outer loop
      vertex   4.282979e+01 -1.444977e+02 1.266416e+01
      vertex   4.282979e+01 -1.509109e+02 1.266416e+01
      vertex   4.809734e+01 -1.507109e+02 1.266416e+01
    endloop
  endfacet
  facet normal -7.187217e-15 -1.498589e-14 1.000000e+00
    outer loop
      vertex   4.809734e+01 -1.507109e+02 1.266416e+01
      vertex   4.282979e+01 -1.509109e+02 1.266416e+01
      vertex   4.950297e+01 -1.509109e+02 1.266416e+01
    endloop
  endfacet
  facet normal -5.054959e-15 3.591764e-28 1.000000e+00
    outer loop
      vertex   4.809734e+01 -1.507109e+02 1.266416e+01
      vertex   4.950297e+01 -1.509109e+02 1.266416e+01
      vertex   4.950297e+01 -1.507109e+02 1.266416e+01
    endloop
  endfacet
  facet normal 1.305262e-01 2.553888e-15 -9.914449e-01
    outer loop
      vertex   3.952815e+01 -1.509109e+02 9.119012e+00
      vertex   3.952815e+01 -1.444109e+02 9.119012e+00
      vertex   3.991638e+01 -1.509109e+02 9.170124e+00
    endloop
  endfacet
  facet normal 1.305262e-01 2.282940e-15 -9.914449e-01
    outer loop
      vertex   3.991638e+01 -1.509109e+02 9.170124e+00
      vertex   3.952815e+01 -1.444109e+02 9.119012e+00
      vertex   3.991638e+01 -1.444109e+02 9.170124e+00
    endloop
  endfacet
  facet normal -1.305262e-01 -2.282940e-15 -9.914449e-01
    outer loop
      vertex   3.991638e+01 -1.509109e+02 9.170124e+00
      vertex   3.991638e+01 -1.444109e+02 9.170124e+00
      vertex   4.030461e+01 -1.509109e+02 9.119012e+00
    endloop
  endfacet
  facet normal -1.305262e-01 -2.154676e-15 -9.914449e-01
    outer loop
      vertex   4.030461e+01 -1.509109e+02 9.119012e+00
      vertex   3.991638e+01 -1.444109e+02 9.170124e+00
      vertex   4.030461e+01 -1.444109e+02 9.119012e+00
    endloop
  endfacet
  facet normal -3.826834e-01 -6.859086e-15 -9.238795e-01
    outer loop
      vertex   4.030461e+01 -1.509109e+02 9.119012e+00
      vertex   4.030461e+01 -1.444109e+02 9.119012e+00
      vertex   4.066638e+01 -1.509109e+02 8.969162e+00
    endloop
  endfacet
  facet normal -3.826834e-01 -6.188275e-15 -9.238795e-01
    outer loop
      vertex   4.066638e+01 -1.509109e+02 8.969162e+00
      vertex   4.030461e+01 -1.444109e+02 9.119012e+00
      vertex   4.066638e+01 -1.444109e+02 8.969162e+00
    endloop
  endfacet
  facet normal -6.087614e-01 -1.021379e-14 -7.933533e-01
    outer loop
      vertex   4.066638e+01 -1.509109e+02 8.969162e+00
      vertex   4.066638e+01 -1.444109e+02 8.969162e+00
      vertex   4.097704e+01 -1.509109e+02 8.730784e+00
    endloop
  endfacet
  facet normal -6.087614e-01 -9.765134e-15 -7.933533e-01
    outer loop
      vertex   4.097704e+01 -1.509109e+02 8.730784e+00
      vertex   4.066638e+01 -1.444109e+02 8.969162e+00
      vertex   4.097704e+01 -1.444109e+02 8.730784e+00
    endloop
  endfacet
  facet normal -7.933533e-01 -1.284236e-14 -6.087614e-01
    outer loop
      vertex   4.097704e+01 -1.509109e+02 8.730784e+00
      vertex   4.097704e+01 -1.444109e+02 8.730784e+00
      vertex   4.121542e+01 -1.509109e+02 8.420124e+00
    endloop
  endfacet
  facet normal -7.933533e-01 -1.354324e-14 -6.087614e-01
    outer loop
      vertex   4.121542e+01 -1.509109e+02 8.420124e+00
      vertex   4.097704e+01 -1.444109e+02 8.730784e+00
      vertex   4.121542e+01 -1.444109e+02 8.420124e+00
    endloop
  endfacet
  facet normal -9.238795e-01 -1.594975e-14 -3.826834e-01
    outer loop
      vertex   4.121542e+01 -1.509109e+02 8.420124e+00
      vertex   4.121542e+01 -1.444109e+02 8.420124e+00
      vertex   4.136527e+01 -1.509109e+02 8.058352e+00
    endloop
  endfacet
  facet normal -9.238795e-01 -1.493982e-14 -3.826834e-01
    outer loop
      vertex   4.136527e+01 -1.509109e+02 8.058352e+00
      vertex   4.121542e+01 -1.444109e+02 8.420124e+00
      vertex   4.136527e+01 -1.444109e+02 8.058352e+00
    endloop
  endfacet
  facet normal -9.914449e-01 -1.618552e-14 -1.305262e-01
    outer loop
      vertex   4.136527e+01 -1.509109e+02 8.058352e+00
      vertex   4.136527e+01 -1.444109e+02 8.058352e+00
      vertex   4.141638e+01 -1.509109e+02 7.670124e+00
    endloop
  endfacet
  facet normal -9.914449e-01 -1.728714e-14 -1.305262e-01
    outer loop
      vertex   4.141638e+01 -1.509109e+02 7.670124e+00
      vertex   4.136527e+01 -1.444109e+02 8.058352e+00
      vertex   4.141638e+01 -1.444109e+02 7.670124e+00
    endloop
  endfacet
  facet normal -9.914449e-01 -1.739416e-14 1.305262e-01
    outer loop
      vertex   4.141638e+01 -1.509109e+02 7.670124e+00
      vertex   4.141638e+01 -1.444109e+02 7.670124e+00
      vertex   4.136527e+01 -1.509109e+02 7.281895e+00
    endloop
  endfacet
  facet normal -9.914449e-01 -1.632820e-14 1.305262e-01
    outer loop
      vertex   4.136527e+01 -1.509109e+02 7.281895e+00
      vertex   4.141638e+01 -1.444109e+02 7.670124e+00
      vertex   4.136527e+01 -1.444109e+02 7.281895e+00
    endloop
  endfacet
  facet normal -9.238795e-01 -1.535815e-14 3.826834e-01
    outer loop
      vertex   4.136527e+01 -1.509109e+02 7.281895e+00
      vertex   4.136527e+01 -1.444109e+02 7.281895e+00
      vertex   4.121542e+01 -1.509109e+02 6.920124e+00
    endloop
  endfacet
  facet normal -9.238795e-01 -1.535815e-14 3.826834e-01
    outer loop
      vertex   4.121542e+01 -1.509109e+02 6.920124e+00
      vertex   4.136527e+01 -1.444109e+02 7.281895e+00
      vertex   4.121542e+01 -1.444109e+02 6.920124e+00
    endloop
  endfacet
  facet normal -7.933533e-01 -1.334146e-14 6.087614e-01
    outer loop
      vertex   4.121542e+01 -1.509109e+02 6.920124e+00
      vertex   4.121542e+01 -1.444109e+02 6.920124e+00
      vertex   4.097704e+01 -1.509109e+02 6.609463e+00
    endloop
  endfacet
  facet normal -7.933533e-01 -1.334146e-14 6.087614e-01
    outer loop
      vertex   4.097704e+01 -1.509109e+02 6.609463e+00
      vertex   4.121542e+01 -1.444109e+02 6.920124e+00
      vertex   4.097704e+01 -1.444109e+02 6.609463e+00
    endloop
  endfacet
  facet normal -6.087614e-01 -1.041557e-14 7.933533e-01
    outer loop
      vertex   4.097704e+01 -1.509109e+02 6.609463e+00
      vertex   4.097704e+01 -1.444109e+02 6.609463e+00
      vertex   4.066638e+01 -1.509109e+02 6.371085e+00
    endloop
  endfacet
  facet normal -6.087614e-01 -1.030716e-14 7.933533e-01
    outer loop
      vertex   4.066638e+01 -1.509109e+02 6.371085e+00
      vertex   4.097704e+01 -1.444109e+02 6.609463e+00
      vertex   4.066638e+01 -1.444109e+02 6.371085e+00
    endloop
  endfacet
  facet normal -3.826834e-01 -6.653638e-15 9.238795e-01
    outer loop
      vertex   4.066638e+01 -1.509109e+02 6.371085e+00
      vertex   4.066638e+01 -1.444109e+02 6.371085e+00
      vertex   4.030461e+01 -1.509109e+02 6.221235e+00
    endloop
  endfacet
  facet normal -3.826834e-01 -7.490294e-15 9.238795e-01
    outer loop
      vertex   4.030461e+01 -1.509109e+02 6.221235e+00
      vertex   4.066638e+01 -1.444109e+02 6.371085e+00
      vertex   4.030461e+01 -1.444109e+02 6.221235e+00
    endloop
  endfacet
  facet normal -1.305262e-01 -2.832045e-15 9.914449e-01
    outer loop
      vertex   4.030461e+01 -1.509109e+02 6.221235e+00
      vertex   4.030461e+01 -1.444109e+02 6.221235e+00
      vertex   3.991638e+01 -1.509109e+02 6.170124e+00
    endloop
  endfacet
  facet normal -1.305262e-01 -1.862099e-15 9.914449e-01
    outer loop
      vertex   3.991638e+01 -1.509109e+02 6.170124e+00
      vertex   4.030461e+01 -1.444109e+02 6.221235e+00
      vertex   3.991638e+01 -1.444109e+02 6.170124e+00
    endloop
  endfacet
  facet normal 1.305262e-01 2.133046e-15 9.914449e-01
    outer loop
      vertex   3.991638e+01 -1.509109e+02 6.170124e+00
      vertex   3.991638e+01 -1.444109e+02 6.170124e+00
      vertex   3.952815e+01 -1.509109e+02 6.221235e+00
    endloop
  endfacet
  facet normal 1.305262e-01 1.876518e-15 9.914449e-01
    outer loop
      vertex   3.952815e+01 -1.509109e+02 6.221235e+00
      vertex   3.991638e+01 -1.444109e+02 6.170124e+00
      vertex   3.952815e+01 -1.444109e+02 6.221235e+00
    endloop
  endfacet
  facet normal 3.826834e-01 6.314517e-15 9.238795e-01
    outer loop
      vertex   3.952815e+01 -1.509109e+02 6.221235e+00
      vertex   3.952815e+01 -1.444109e+02 6.221235e+00
      vertex   3.916638e+01 -1.509109e+02 6.371085e+00
    endloop
  endfacet
  facet normal 3.826834e-01 5.896189e-15 9.238795e-01
    outer loop
      vertex   3.916638e+01 -1.509109e+02 6.371085e+00
      vertex   3.952815e+01 -1.444109e+02 6.221235e+00
      vertex   3.916638e+01 -1.444109e+02 6.371085e+00
    endloop
  endfacet
  facet normal 6.087614e-01 9.656728e-15 7.933533e-01
    outer loop
      vertex   3.916638e+01 -1.509109e+02 6.371085e+00
      vertex   3.916638e+01 -1.444109e+02 6.371085e+00
      vertex   3.885572e+01 -1.509109e+02 6.609463e+00
    endloop
  endfacet
  facet normal 6.087614e-01 9.765134e-15 7.933533e-01
    outer loop
      vertex   3.885572e+01 -1.509109e+02 6.609463e+00
      vertex   3.916638e+01 -1.444109e+02 6.371085e+00
      vertex   3.885572e+01 -1.444109e+02 6.609463e+00
    endloop
  endfacet
  facet normal 7.933533e-01 1.284236e-14 6.087614e-01
    outer loop
      vertex   3.885572e+01 -1.509109e+02 6.609463e+00
      vertex   3.885572e+01 -1.444109e+02 6.609463e+00
      vertex   3.861734e+01 -1.509109e+02 6.920124e+00
    endloop
  endfacet
  facet normal 7.933533e-01 1.275918e-14 6.087614e-01
    outer loop
      vertex   3.861734e+01 -1.509109e+02 6.920124e+00
      vertex   3.885572e+01 -1.444109e+02 6.609463e+00
      vertex   3.861734e+01 -1.444109e+02 6.920124e+00
    endloop
  endfacet
  facet normal 9.238795e-01 1.499211e-14 3.826834e-01
    outer loop
      vertex   3.861734e+01 -1.509109e+02 6.920124e+00
      vertex   3.861734e+01 -1.444109e+02 6.920124e+00
      vertex   3.846749e+01 -1.509109e+02 7.281895e+00
    endloop
  endfacet
  facet normal 9.238795e-01 1.600204e-14 3.826834e-01
    outer loop
      vertex   3.846749e+01 -1.509109e+02 7.281895e+00
      vertex   3.861734e+01 -1.444109e+02 6.920124e+00
      vertex   3.846749e+01 -1.444109e+02 7.281895e+00
    endloop
  endfacet
  facet normal 9.914449e-01 1.728714e-14 1.305262e-01
    outer loop
      vertex   3.846749e+01 -1.509109e+02 7.281895e+00
      vertex   3.846749e+01 -1.444109e+02 7.281895e+00
      vertex   3.841638e+01 -1.509109e+02 7.670124e+00
    endloop
  endfacet
  facet normal 9.914449e-01 1.728714e-14 1.305262e-01
    outer loop
      vertex   3.841638e+01 -1.509109e+02 7.670124e+00
      vertex   3.846749e+01 -1.444109e+02 7.281895e+00
      vertex   3.841638e+01 -1.444109e+02 7.670124e+00
    endloop
  endfacet
  facet normal 9.914449e-01 1.739416e-14 -1.305262e-01
    outer loop
      vertex   3.841638e+01 -1.509109e+02 7.670124e+00
      vertex   3.841638e+01 -1.444109e+02 7.670124e+00
      vertex   3.846749e+01 -1.509109e+02 8.058352e+00
    endloop
  endfacet
  facet normal 9.914449e-01 1.632820e-14 -1.305262e-01
    outer loop
      vertex   3.846749e+01 -1.509109e+02 8.058352e+00
      vertex   3.841638e+01 -1.444109e+02 7.670124e+00
      vertex   3.846749e+01 -1.444109e+02 8.058352e+00
    endloop
  endfacet
  facet normal 9.238795e-01 1.535815e-14 -3.826834e-01
    outer loop
      vertex   3.846749e+01 -1.509109e+02 8.058352e+00
      vertex   3.846749e+01 -1.444109e+02 8.058352e+00
      vertex   3.861734e+01 -1.509109e+02 8.420124e+00
    endloop
  endfacet
  facet normal 9.238795e-01 1.525356e-14 -3.826834e-01
    outer loop
      vertex   3.861734e+01 -1.509109e+02 8.420124e+00
      vertex   3.846749e+01 -1.444109e+02 8.058352e+00
      vertex   3.861734e+01 -1.444109e+02 8.420124e+00
    endloop
  endfacet
  facet normal 7.933533e-01 1.317509e-14 -6.087614e-01
    outer loop
      vertex   3.861734e+01 -1.509109e+02 8.420124e+00
      vertex   3.861734e+01 -1.444109e+02 8.420124e+00
      vertex   3.885572e+01 -1.509109e+02 8.730784e+00
    endloop
  endfacet
  facet normal 7.933533e-01 1.317509e-14 -6.087614e-01
    outer loop
      vertex   3.885572e+01 -1.509109e+02 8.730784e+00
      vertex   3.861734e+01 -1.444109e+02 8.420124e+00
      vertex   3.885572e+01 -1.444109e+02 8.730784e+00
    endloop
  endfacet
  facet normal 6.087614e-01 1.019876e-14 -7.933533e-01
    outer loop
      vertex   3.885572e+01 -1.509109e+02 8.730784e+00
      vertex   3.885572e+01 -1.444109e+02 8.730784e+00
      vertex   3.916638e+01 -1.509109e+02 8.969162e+00
    endloop
  endfacet
  facet normal 6.087614e-01 1.041557e-14 -7.933533e-01
    outer loop
      vertex   3.916638e+01 -1.509109e+02 8.969162e+00
      vertex   3.885572e+01 -1.444109e+02 8.730784e+00
      vertex   3.916638e+01 -1.444109e+02 8.969162e+00
    endloop
  endfacet
  facet normal 3.826834e-01 6.779880e-15 -9.238795e-01
    outer loop
      vertex   3.916638e+01 -1.509109e+02 8.969162e+00
      vertex   3.916638e+01 -1.444109e+02 8.969162e+00
      vertex   3.952815e+01 -1.509109e+02 9.119012e+00
    endloop
  endfacet
  facet normal 3.826834e-01 6.945724e-15 -9.238795e-01
    outer loop
      vertex   3.952815e+01 -1.509109e+02 9.119012e+00
      vertex   3.916638e+01 -1.444109e+02 8.969162e+00
      vertex   3.952815e+01 -1.444109e+02 9.119012e+00
    endloop
  endfacet
  facet normal 4.043967e-14 -1.000000e+00 4.182557e-28
    outer loop
      vertex   4.950297e+01 -1.507109e+02 1.953415e+01
      vertex   4.809734e+01 -1.507109e+02 1.266416e+01
      vertex   4.950297e+01 -1.507109e+02 1.266416e+01
    endloop
  endfacet
  facet normal -9.843269e-01 -4.042944e-02 1.716564e-01
    outer loop
      vertex   5.977929e+01 -9.741790e+01 1.252309e+01
      vertex   6.088566e+01 -9.717817e+01 1.892375e+01
      vertex   5.976123e+01 -9.702691e+01 1.251157e+01
    endloop
  endfacet
  facet normal -9.843269e-01 -4.042944e-02 1.716564e-01
    outer loop
      vertex   5.976123e+01 -9.702691e+01 1.251157e+01
      vertex   6.088566e+01 -9.717817e+01 1.892375e+01
      vertex   6.086759e+01 -9.678717e+01 1.891223e+01
    endloop
  endfacet
  facet normal -9.388442e-01 -2.974830e-01 1.734226e-01
    outer loop
      vertex   5.976123e+01 -9.702691e+01 1.251157e+01
      vertex   6.086759e+01 -9.678717e+01 1.891223e+01
      vertex   5.964401e+01 -9.665334e+01 1.251784e+01
    endloop
  endfacet
  facet normal -9.388442e-01 -2.974830e-01 1.734226e-01
    outer loop
      vertex   5.964401e+01 -9.665334e+01 1.251784e+01
      vertex   6.086759e+01 -9.678717e+01 1.891223e+01
      vertex   6.075038e+01 -9.641360e+01 1.891850e+01
    endloop
  endfacet
  facet normal -8.293808e-01 -5.342636e-01 1.633703e-01
    outer loop
      vertex   5.964401e+01 -9.665334e+01 1.251784e+01
      vertex   6.075038e+01 -9.641360e+01 1.891850e+01
      vertex   5.943565e+01 -9.632265e+01 1.254147e+01
    endloop
  endfacet
  facet normal -8.293808e-01 -5.342636e-01 1.633703e-01
    outer loop
      vertex   5.943565e+01 -9.632265e+01 1.254147e+01
      vertex   6.075038e+01 -9.641360e+01 1.891850e+01
      vertex   6.054201e+01 -9.608291e+01 1.894213e+01
    endloop
  endfacet
  facet normal -6.633964e-01 -7.346351e-01 1.421847e-01
    outer loop
      vertex   5.943565e+01 -9.632265e+01 1.254147e+01
      vertex   6.054201e+01 -9.608291e+01 1.894213e+01
      vertex   5.915032e+01 -9.605737e+01 1.258085e+01
    endloop
  endfacet
  facet normal -6.633964e-01 -7.346351e-01 1.421847e-01
    outer loop
      vertex   5.915032e+01 -9.605737e+01 1.258085e+01
      vertex   6.054201e+01 -9.608291e+01 1.894213e+01
      vertex   6.025668e+01 -9.581763e+01 1.898151e+01
    endloop
  endfacet
  facet normal -4.522027e-01 -8.849423e-01 1.113093e-01
    outer loop
      vertex   5.915032e+01 -9.605737e+01 1.258085e+01
      vertex   6.025668e+01 -9.581763e+01 1.898151e+01
      vertex   5.880748e+01 -9.587558e+01 1.263330e+01
    endloop
  endfacet
  facet normal -4.522027e-01 -8.849423e-01 1.113093e-01
    outer loop
      vertex   5.880748e+01 -9.587558e+01 1.263330e+01
      vertex   6.025668e+01 -9.581763e+01 1.898151e+01
      vertex   5.991385e+01 -9.563584e+01 1.903396e+01
    endloop
  endfacet
  facet normal -2.101921e-01 -9.749422e-01 7.284845e-02
    outer loop
      vertex   5.880748e+01 -9.587558e+01 1.263330e+01
      vertex   5.991385e+01 -9.563584e+01 1.903396e+01
      vertex   5.843050e+01 -9.578968e+01 1.269524e+01
    endloop
  endfacet
  facet normal -2.101921e-01 -9.749422e-01 7.284845e-02
    outer loop
      vertex   5.843050e+01 -9.578968e+01 1.269524e+01
      vertex   5.991385e+01 -9.563584e+01 1.903396e+01
      vertex   5.953686e+01 -9.554994e+01 1.909591e+01
    endloop
  endfacet
  facet normal 4.614271e-02 -9.985014e-01 2.942308e-02
    outer loop
      vertex   5.843050e+01 -9.578968e+01 1.269524e+01
      vertex   5.953686e+01 -9.554994e+01 1.909591e+01
      vertex   5.804506e+01 -9.580551e+01 1.276246e+01
    endloop
  endfacet
  facet normal 4.614271e-02 -9.985014e-01 2.942308e-02
    outer loop
      vertex   5.804506e+01 -9.580551e+01 1.276246e+01
      vertex   5.953686e+01 -9.554994e+01 1.909591e+01
      vertex   5.915142e+01 -9.556577e+01 1.916313e+01
    endloop
  endfacet
  facet normal 2.993330e-01 -9.540144e-01 -1.600743e-02
    outer loop
      vertex   5.804506e+01 -9.580551e+01 1.276246e+01
      vertex   5.915142e+01 -9.556577e+01 1.916313e+01
      vertex   5.767743e+01 -9.592200e+01 1.283037e+01
    endloop
  endfacet
  facet normal 2.993330e-01 -9.540144e-01 -1.600743e-02
    outer loop
      vertex   5.767743e+01 -9.592200e+01 1.283037e+01
      vertex   5.915142e+01 -9.556577e+01 1.916313e+01
      vertex   5.878379e+01 -9.568226e+01 1.923103e+01
    endloop
  endfacet
  facet normal 5.321242e-01 -8.445129e-01 -6.034707e-02
    outer loop
      vertex   5.767743e+01 -9.592200e+01 1.283037e+01
      vertex   5.878379e+01 -9.568226e+01 1.923103e+01
      vertex   5.735266e+01 -9.613120e+01 1.289434e+01
    endloop
  endfacet
  facet normal 5.321242e-01 -8.445129e-01 -6.034707e-02
    outer loop
      vertex   5.735266e+01 -9.613120e+01 1.289434e+01
      vertex   5.878379e+01 -9.568226e+01 1.923103e+01
      vertex   5.845902e+01 -9.589147e+01 1.929501e+01
    endloop
  endfacet
  facet normal 7.286521e-01 -6.774592e-01 -1.005741e-01
    outer loop
      vertex   5.735266e+01 -9.613120e+01 1.289434e+01
      vertex   5.845902e+01 -9.589147e+01 1.929501e+01
      vertex   5.709289e+01 -9.641887e+01 1.295002e+01
    endloop
  endfacet
  facet normal 7.286521e-01 -6.774592e-01 -1.005741e-01
    outer loop
      vertex   5.709289e+01 -9.641887e+01 1.295002e+01
      vertex   5.845902e+01 -9.589147e+01 1.929501e+01
      vertex   5.819925e+01 -9.617913e+01 1.935068e+01
    endloop
  endfacet
  facet normal 8.755235e-01 -4.642378e-01 -1.339473e-01
    outer loop
      vertex   5.709289e+01 -9.641887e+01 1.295002e+01
      vertex   5.819925e+01 -9.617913e+01 1.935068e+01
      vertex   5.691582e+01 -9.676539e+01 1.299361e+01
    endloop
  endfacet
  facet normal 8.755235e-01 -4.642378e-01 -1.339473e-01
    outer loop
      vertex   5.691582e+01 -9.676539e+01 1.299361e+01
      vertex   5.819925e+01 -9.617913e+01 1.935068e+01
      vertex   5.802218e+01 -9.652566e+01 1.939427e+01
    endloop
  endfacet
  facet normal 9.627294e-01 -2.193793e-01 -1.581921e-01
    outer loop
      vertex   5.691582e+01 -9.676539e+01 1.299361e+01
      vertex   5.802218e+01 -9.652566e+01 1.939427e+01
      vertex   5.683351e+01 -9.714716e+01 1.302213e+01
    endloop
  endfacet
  facet normal 9.627294e-01 -2.193793e-01 -1.581921e-01
    outer loop
      vertex   5.683351e+01 -9.714716e+01 1.302213e+01
      vertex   5.802218e+01 -9.652566e+01 1.939427e+01
      vertex   5.793987e+01 -9.690742e+01 1.942279e+01
    endloop
  endfacet
  facet normal 9.843269e-01 4.042944e-02 -1.716564e-01
    outer loop
      vertex   5.683351e+01 -9.714716e+01 1.302213e+01
      vertex   5.793987e+01 -9.690742e+01 1.942279e+01
      vertex   5.685158e+01 -9.753815e+01 1.303365e+01
    endloop
  endfacet
  facet normal 9.843269e-01 4.042944e-02 -1.716564e-01
    outer loop
      vertex   5.685158e+01 -9.753815e+01 1.303365e+01
      vertex   5.793987e+01 -9.690742e+01 1.942279e+01
      vertex   5.795794e+01 -9.729842e+01 1.943432e+01
    endloop
  endfacet
  facet normal 9.388442e-01 2.974830e-01 -1.734226e-01
    outer loop
      vertex   5.685158e+01 -9.753815e+01 1.303365e+01
      vertex   5.795794e+01 -9.729842e+01 1.943432e+01
      vertex   5.696879e+01 -9.791172e+01 1.302738e+01
    endloop
  endfacet
  facet normal 9.388442e-01 2.974830e-01 -1.734226e-01
    outer loop
      vertex   5.696879e+01 -9.791172e+01 1.302738e+01
      vertex   5.795794e+01 -9.729842e+01 1.943432e+01
      vertex   5.807515e+01 -9.767199e+01 1.942805e+01
    endloop
  endfacet
  facet normal 8.293808e-01 5.342636e-01 -1.633703e-01
    outer loop
      vertex   5.696879e+01 -9.791172e+01 1.302738e+01
      vertex   5.807515e+01 -9.767199e+01 1.942805e+01
      vertex   5.717716e+01 -9.824242e+01 1.300375e+01
    endloop
  endfacet
  facet normal 8.293808e-01 5.342636e-01 -1.633703e-01
    outer loop
      vertex   5.717716e+01 -9.824242e+01 1.300375e+01
      vertex   5.807515e+01 -9.767199e+01 1.942805e+01
      vertex   5.828352e+01 -9.800268e+01 1.940442e+01
    endloop
  endfacet
  facet normal 6.633964e-01 7.346351e-01 -1.421847e-01
    outer loop
      vertex   5.717716e+01 -9.824242e+01 1.300375e+01
      vertex   5.828352e+01 -9.800268e+01 1.940442e+01
      vertex   5.746248e+01 -9.850770e+01 1.296437e+01
    endloop
  endfacet
  facet normal 6.633964e-01 7.346351e-01 -1.421847e-01
    outer loop
      vertex   5.746248e+01 -9.850770e+01 1.296437e+01
      vertex   5.828352e+01 -9.800268e+01 1.940442e+01
      vertex   5.856884e+01 -9.826796e+01 1.936503e+01
    endloop
  endfacet
  facet normal 4.522027e-01 8.849423e-01 -1.113093e-01
    outer loop
      vertex   5.746248e+01 -9.850770e+01 1.296437e+01
      vertex   5.856884e+01 -9.826796e+01 1.936503e+01
      vertex   5.780532e+01 -9.868948e+01 1.291192e+01
    endloop
  endfacet
  facet normal 4.522027e-01 8.849423e-01 -1.113093e-01
    outer loop
      vertex   5.780532e+01 -9.868948e+01 1.291192e+01
      vertex   5.856884e+01 -9.826796e+01 1.936503e+01
      vertex   5.891168e+01 -9.844974e+01 1.931258e+01
    endloop
  endfacet
  facet normal 2.101921e-01 9.749422e-01 -7.284845e-02
    outer loop
      vertex   5.780532e+01 -9.868948e+01 1.291192e+01
      vertex   5.891168e+01 -9.844974e+01 1.931258e+01
      vertex   5.818230e+01 -9.877539e+01 1.284998e+01
    endloop
  endfacet
  facet normal 2.101921e-01 9.749422e-01 -7.284845e-02
    outer loop
      vertex   5.818230e+01 -9.877539e+01 1.284998e+01
      vertex   5.891168e+01 -9.844974e+01 1.931258e+01
      vertex   5.928867e+01 -9.853565e+01 1.925064e+01
    endloop
  endfacet
  facet normal -4.614271e-02 9.985014e-01 -2.942308e-02
    outer loop
      vertex   5.818230e+01 -9.877539e+01 1.284998e+01
      vertex   5.928867e+01 -9.853565e+01 1.925064e+01
      vertex   5.856774e+01 -9.875955e+01 1.278276e+01
    endloop
  endfacet
  facet normal -4.614271e-02 9.985014e-01 -2.942308e-02
    outer loop
      vertex   5.856774e+01 -9.875955e+01 1.278276e+01
      vertex   5.928867e+01 -9.853565e+01 1.925064e+01
      vertex   5.967411e+01 -9.851982e+01 1.918342e+01
    endloop
  endfacet
  facet normal -2.993330e-01 9.540144e-01 1.600743e-02
    outer loop
      vertex   5.856774e+01 -9.875955e+01 1.278276e+01
      vertex   5.967411e+01 -9.851982e+01 1.918342e+01
      vertex   5.893538e+01 -9.864307e+01 1.271485e+01
    endloop
  endfacet
  facet normal -2.993330e-01 9.540144e-01 1.600743e-02
    outer loop
      vertex   5.893538e+01 -9.864307e+01 1.271485e+01
      vertex   5.967411e+01 -9.851982e+01 1.918342e+01
      vertex   6.004174e+01 -9.840333e+01 1.911551e+01
    endloop
  endfacet
  facet normal -5.321242e-01 8.445129e-01 6.034707e-02
    outer loop
      vertex   5.893538e+01 -9.864307e+01 1.271485e+01
      vertex   6.004174e+01 -9.840333e+01 1.911551e+01
      vertex   5.926014e+01 -9.843386e+01 1.265088e+01
    endloop
  endfacet
  facet normal -5.321242e-01 8.445129e-01 6.034707e-02
    outer loop
      vertex   5.926014e+01 -9.843386e+01 1.265088e+01
      vertex   6.004174e+01 -9.840333e+01 1.911551e+01
      vertex   6.036651e+01 -9.819412e+01 1.905154e+01
    endloop
  endfacet
  facet normal -7.286521e-01 6.774592e-01 1.005741e-01
    outer loop
      vertex   5.926014e+01 -9.843386e+01 1.265088e+01
      vertex   6.036651e+01 -9.819412e+01 1.905154e+01
      vertex   5.951991e+01 -9.814619e+01 1.259520e+01
    endloop
  endfacet
  facet normal -7.286521e-01 6.774592e-01 1.005741e-01
    outer loop
      vertex   5.951991e+01 -9.814619e+01 1.259520e+01
      vertex   6.036651e+01 -9.819412e+01 1.905154e+01
      vertex   6.062628e+01 -9.790646e+01 1.899586e+01
    endloop
  endfacet
  facet normal -8.755235e-01 4.642378e-01 1.339473e-01
    outer loop
      vertex   5.951991e+01 -9.814619e+01 1.259520e+01
      vertex   6.062628e+01 -9.790646e+01 1.899586e+01
      vertex   5.969699e+01 -9.779967e+01 1.255162e+01
    endloop
  endfacet
  facet normal -8.755235e-01 4.642378e-01 1.339473e-01
    outer loop
      vertex   5.969699e+01 -9.779967e+01 1.255162e+01
      vertex   6.062628e+01 -9.790646e+01 1.899586e+01
      vertex   6.080335e+01 -9.755993e+01 1.895228e+01
    endloop
  endfacet
  facet normal -9.627294e-01 2.193793e-01 1.581921e-01
    outer loop
      vertex   5.969699e+01 -9.779967e+01 1.255162e+01
      vertex   6.080335e+01 -9.755993e+01 1.895228e+01
      vertex   5.977929e+01 -9.741790e+01 1.252309e+01
    endloop
  endfacet
  facet normal -9.627294e-01 2.193793e-01 1.581921e-01
    outer loop
      vertex   5.977929e+01 -9.741790e+01 1.252309e+01
      vertex   6.080335e+01 -9.755993e+01 1.895228e+01
      vertex   6.088566e+01 -9.717817e+01 1.892375e+01
    endloop
  endfacet
  facet normal -9.843269e-01 -4.042944e-02 1.716564e-01
    outer loop
      vertex   6.034259e+01 -1.232090e+02 1.339173e+01
      vertex   6.144895e+01 -1.229692e+02 1.979239e+01
      vertex   6.032452e+01 -1.228180e+02 1.338021e+01
    endloop
  endfacet
  facet normal -9.843269e-01 -4.042944e-02 1.716564e-01
    outer loop
      vertex   6.032452e+01 -1.228180e+02 1.338021e+01
      vertex   6.144895e+01 -1.229692e+02 1.979239e+01
      vertex   6.143088e+01 -1.225782e+02 1.978087e+01
    endloop
  endfacet
  facet normal -9.388442e-01 -2.974830e-01 1.734226e-01
    outer loop
      vertex   6.032452e+01 -1.228180e+02 1.338021e+01
      vertex   6.143088e+01 -1.225782e+02 1.978087e+01
      vertex   6.020731e+01 -1.224444e+02 1.338647e+01
    endloop
  endfacet
  facet normal -9.388442e-01 -2.974830e-01 1.734226e-01
    outer loop
      vertex   6.020731e+01 -1.224444e+02 1.338647e+01
      vertex   6.143088e+01 -1.225782e+02 1.978087e+01
      vertex   6.131367e+01 -1.222047e+02 1.978714e+01
    endloop
  endfacet
  facet normal -8.293808e-01 -5.342636e-01 1.633703e-01
    outer loop
      vertex   6.020731e+01 -1.224444e+02 1.338647e+01
      vertex   6.131367e+01 -1.222047e+02 1.978714e+01
      vertex   5.999894e+01 -1.221137e+02 1.341011e+01
    endloop
  endfacet
  facet normal -8.293808e-01 -5.342636e-01 1.633703e-01
    outer loop
      vertex   5.999894e+01 -1.221137e+02 1.341011e+01
      vertex   6.131367e+01 -1.222047e+02 1.978714e+01
      vertex   6.110530e+01 -1.218740e+02 1.981077e+01
    endloop
  endfacet
  facet normal -6.633964e-01 -7.346351e-01 1.421847e-01
    outer loop
      vertex   5.999894e+01 -1.221137e+02 1.341011e+01
      vertex   6.110530e+01 -1.218740e+02 1.981077e+01
      vertex   5.971361e+01 -1.218484e+02 1.344949e+01
    endloop
  endfacet
  facet normal -6.633964e-01 -7.346351e-01 1.421847e-01
    outer loop
      vertex   5.971361e+01 -1.218484e+02 1.344949e+01
      vertex   6.110530e+01 -1.218740e+02 1.981077e+01
      vertex   6.081998e+01 -1.216087e+02 1.985015e+01
    endloop
  endfacet
  facet normal -4.522027e-01 -8.849423e-01 1.113093e-01
    outer loop
      vertex   5.971361e+01 -1.218484e+02 1.344949e+01
      vertex   6.081998e+01 -1.216087e+02 1.985015e+01
      vertex   5.937078e+01 -1.216666e+02 1.350194e+01
    endloop
  endfacet
  facet normal -4.522027e-01 -8.849423e-01 1.113093e-01
    outer loop
      vertex   5.937078e+01 -1.216666e+02 1.350194e+01
      vertex   6.081998e+01 -1.216087e+02 1.985015e+01
      vertex   6.047714e+01 -1.214269e+02 1.990260e+01
    endloop
  endfacet
  facet normal -2.101921e-01 -9.749422e-01 7.284845e-02
    outer loop
      vertex   5.937078e+01 -1.216666e+02 1.350194e+01
      vertex   6.047714e+01 -1.214269e+02 1.990260e+01
      vertex   5.899379e+01 -1.215807e+02 1.356388e+01
    endloop
  endfacet
  facet normal -2.101921e-01 -9.749422e-01 7.284845e-02
    outer loop
      vertex   5.899379e+01 -1.215807e+02 1.356388e+01
      vertex   6.047714e+01 -1.214269e+02 1.990260e+01
      vertex   6.010016e+01 -1.213410e+02 1.996455e+01
    endloop
  endfacet
  facet normal 4.614271e-02 -9.985014e-01 2.942308e-02
    outer loop
      vertex   5.899379e+01 -1.215807e+02 1.356388e+01
      vertex   6.010016e+01 -1.213410e+02 1.996455e+01
      vertex   5.860835e+01 -1.215966e+02 1.363110e+01
    endloop
  endfacet
  facet normal 4.614271e-02 -9.985014e-01 2.942308e-02
    outer loop
      vertex   5.860835e+01 -1.215966e+02 1.363110e+01
      vertex   6.010016e+01 -1.213410e+02 1.996455e+01
      vertex   5.971471e+01 -1.213568e+02 2.003176e+01
    endloop
  endfacet
  facet normal 2.993330e-01 -9.540144e-01 -1.600743e-02
    outer loop
      vertex   5.860835e+01 -1.215966e+02 1.363110e+01
      vertex   5.971471e+01 -1.213568e+02 2.003176e+01
      vertex   5.824072e+01 -1.217130e+02 1.369901e+01
    endloop
  endfacet
  facet normal 2.993330e-01 -9.540144e-01 -1.600743e-02
    outer loop
      vertex   5.824072e+01 -1.217130e+02 1.369901e+01
      vertex   5.971471e+01 -1.213568e+02 2.003176e+01
      vertex   5.934708e+01 -1.214733e+02 2.009967e+01
    endloop
  endfacet
  facet normal 5.321242e-01 -8.445129e-01 -6.034707e-02
    outer loop
      vertex   5.824072e+01 -1.217130e+02 1.369901e+01
      vertex   5.934708e+01 -1.214733e+02 2.009967e+01
      vertex   5.791595e+01 -1.219223e+02 1.376298e+01
    endloop
  endfacet
  facet normal 5.321242e-01 -8.445129e-01 -6.034707e-02
    outer loop
      vertex   5.791595e+01 -1.219223e+02 1.376298e+01
      vertex   5.934708e+01 -1.214733e+02 2.009967e+01
      vertex   5.902231e+01 -1.216825e+02 2.016364e+01
    endloop
  endfacet
  facet normal 7.286521e-01 -6.774592e-01 -1.005741e-01
    outer loop
      vertex   5.791595e+01 -1.219223e+02 1.376298e+01
      vertex   5.902231e+01 -1.216825e+02 2.016364e+01
      vertex   5.765618e+01 -1.222099e+02 1.381866e+01
    endloop
  endfacet
  facet normal 7.286521e-01 -6.774592e-01 -1.005741e-01
    outer loop
      vertex   5.765618e+01 -1.222099e+02 1.381866e+01
      vertex   5.902231e+01 -1.216825e+02 2.016364e+01
      vertex   5.876254e+01 -1.219702e+02 2.021932e+01
    endloop
  endfacet
  facet normal 8.755235e-01 -4.642378e-01 -1.339473e-01
    outer loop
      vertex   5.765618e+01 -1.222099e+02 1.381866e+01
      vertex   5.876254e+01 -1.219702e+02 2.021932e+01
      vertex   5.747911e+01 -1.225564e+02 1.386224e+01
    endloop
  endfacet
  facet normal 8.755235e-01 -4.642378e-01 -1.339473e-01
    outer loop
      vertex   5.747911e+01 -1.225564e+02 1.386224e+01
      vertex   5.876254e+01 -1.219702e+02 2.021932e+01
      vertex   5.858547e+01 -1.223167e+02 2.026291e+01
    endloop
  endfacet
  facet normal 9.627294e-01 -2.193793e-01 -1.581921e-01
    outer loop
      vertex   5.747911e+01 -1.225564e+02 1.386224e+01
      vertex   5.858547e+01 -1.223167e+02 2.026291e+01
      vertex   5.739680e+01 -1.229382e+02 1.389077e+01
    endloop
  endfacet
  facet normal 9.627294e-01 -2.193793e-01 -1.581921e-01
    outer loop
      vertex   5.739680e+01 -1.229382e+02 1.389077e+01
      vertex   5.858547e+01 -1.223167e+02 2.026291e+01
      vertex   5.850316e+01 -1.226985e+02 2.029143e+01
    endloop
  endfacet
  facet normal 9.843269e-01 4.042944e-02 -1.716564e-01
    outer loop
      vertex   5.739680e+01 -1.229382e+02 1.389077e+01
      vertex   5.850316e+01 -1.226985e+02 2.029143e+01
      vertex   5.741487e+01 -1.233292e+02 1.390229e+01
    endloop
  endfacet
  facet normal 9.843269e-01 4.042944e-02 -1.716564e-01
    outer loop
      vertex   5.741487e+01 -1.233292e+02 1.390229e+01
      vertex   5.850316e+01 -1.226985e+02 2.029143e+01
      vertex   5.852123e+01 -1.230895e+02 2.030295e+01
    endloop
  endfacet
  facet normal 9.388442e-01 2.974830e-01 -1.734226e-01
    outer loop
      vertex   5.741487e+01 -1.233292e+02 1.390229e+01
      vertex   5.852123e+01 -1.230895e+02 2.030295e+01
      vertex   5.753208e+01 -1.237028e+02 1.389602e+01
    endloop
  endfacet
  facet normal 9.388442e-01 2.974830e-01 -1.734226e-01
    outer loop
      vertex   5.753208e+01 -1.237028e+02 1.389602e+01
      vertex   5.852123e+01 -1.230895e+02 2.030295e+01
      vertex   5.863844e+01 -1.234630e+02 2.029669e+01
    endloop
  endfacet
  facet normal 8.293808e-01 5.342636e-01 -1.633703e-01
    outer loop
      vertex   5.753208e+01 -1.237028e+02 1.389602e+01
      vertex   5.863844e+01 -1.234630e+02 2.029669e+01
      vertex   5.774045e+01 -1.240335e+02 1.387239e+01
    endloop
  endfacet
  facet normal 8.293808e-01 5.342636e-01 -1.633703e-01
    outer loop
      vertex   5.774045e+01 -1.240335e+02 1.387239e+01
      vertex   5.863844e+01 -1.234630e+02 2.029669e+01
      vertex   5.884681e+01 -1.237937e+02 2.027306e+01
    endloop
  endfacet
  facet normal 6.633964e-01 7.346351e-01 -1.421847e-01
    outer loop
      vertex   5.774045e+01 -1.240335e+02 1.387239e+01
      vertex   5.884681e+01 -1.237937e+02 2.027306e+01
      vertex   5.802577e+01 -1.242987e+02 1.383301e+01
    endloop
  endfacet
  facet normal 6.633964e-01 7.346351e-01 -1.421847e-01
    outer loop
      vertex   5.802577e+01 -1.242987e+02 1.383301e+01
      vertex   5.884681e+01 -1.237937e+02 2.027306e+01
      vertex   5.913214e+01 -1.240590e+02 2.023367e+01
    endloop
  endfacet
  facet normal 4.522027e-01 8.849423e-01 -1.113093e-01
    outer loop
      vertex   5.802577e+01 -1.242987e+02 1.383301e+01
      vertex   5.913214e+01 -1.240590e+02 2.023367e+01
      vertex   5.836861e+01 -1.244805e+02 1.378056e+01
    endloop
  endfacet
  facet normal 4.522027e-01 8.849423e-01 -1.113093e-01
    outer loop
      vertex   5.836861e+01 -1.244805e+02 1.378056e+01
      vertex   5.913214e+01 -1.240590e+02 2.023367e+01
      vertex   5.947497e+01 -1.242408e+02 2.018122e+01
    endloop
  endfacet
  facet normal 2.101921e-01 9.749422e-01 -7.284845e-02
    outer loop
      vertex   5.836861e+01 -1.244805e+02 1.378056e+01
      vertex   5.947497e+01 -1.242408e+02 2.018122e+01
      vertex   5.874560e+01 -1.245664e+02 1.371861e+01
    endloop
  endfacet
  facet normal 2.101921e-01 9.749422e-01 -7.284845e-02
    outer loop
      vertex   5.874560e+01 -1.245664e+02 1.371861e+01
      vertex   5.947497e+01 -1.242408e+02 2.018122e+01
      vertex   5.985196e+01 -1.243267e+02 2.011928e+01
    endloop
  endfacet
  facet normal -4.614271e-02 9.985014e-01 -2.942308e-02
    outer loop
      vertex   5.874560e+01 -1.245664e+02 1.371861e+01
      vertex   5.985196e+01 -1.243267e+02 2.011928e+01
      vertex   5.913104e+01 -1.245506e+02 1.365140e+01
    endloop
  endfacet
  facet normal -4.614271e-02 9.985014e-01 -2.942308e-02
    outer loop
      vertex   5.913104e+01 -1.245506e+02 1.365140e+01
      vertex   5.985196e+01 -1.243267e+02 2.011928e+01
      vertex   6.023740e+01 -1.243109e+02 2.005206e+01
    endloop
  endfacet
  facet normal -2.993330e-01 9.540144e-01 1.600743e-02
    outer loop
      vertex   5.913104e+01 -1.245506e+02 1.365140e+01
      vertex   6.023740e+01 -1.243109e+02 2.005206e+01
      vertex   5.949867e+01 -1.244341e+02 1.358349e+01
    endloop
  endfacet
  facet normal -2.993330e-01 9.540144e-01 1.600743e-02
    outer loop
      vertex   5.949867e+01 -1.244341e+02 1.358349e+01
      vertex   6.023740e+01 -1.243109e+02 2.005206e+01
      vertex   6.060503e+01 -1.241944e+02 1.998415e+01
    endloop
  endfacet
  facet normal -5.321242e-01 8.445129e-01 6.034707e-02
    outer loop
      vertex   5.949867e+01 -1.244341e+02 1.358349e+01
      vertex   6.060503e+01 -1.241944e+02 1.998415e+01
      vertex   5.982344e+01 -1.242249e+02 1.351952e+01
    endloop
  endfacet
  facet normal -5.321242e-01 8.445129e-01 6.034707e-02
    outer loop
      vertex   5.982344e+01 -1.242249e+02 1.351952e+01
      vertex   6.060503e+01 -1.241944e+02 1.998415e+01
      vertex   6.092980e+01 -1.239852e+02 1.992018e+01
    endloop
  endfacet
  facet normal -7.286521e-01 6.774592e-01 1.005741e-01
    outer loop
      vertex   5.982344e+01 -1.242249e+02 1.351952e+01
      vertex   6.092980e+01 -1.239852e+02 1.992018e+01
      vertex   6.008321e+01 -1.239372e+02 1.346384e+01
    endloop
  endfacet
  facet normal -7.286521e-01 6.774592e-01 1.005741e-01
    outer loop
      vertex   6.008321e+01 -1.239372e+02 1.346384e+01
      vertex   6.092980e+01 -1.239852e+02 1.992018e+01
      vertex   6.118957e+01 -1.236975e+02 1.986450e+01
    endloop
  endfacet
  facet normal -8.755235e-01 4.642378e-01 1.339473e-01
    outer loop
      vertex   6.008321e+01 -1.239372e+02 1.346384e+01
      vertex   6.118957e+01 -1.236975e+02 1.986450e+01
      vertex   6.026028e+01 -1.235907e+02 1.342025e+01
    endloop
  endfacet
  facet normal -8.755235e-01 4.642378e-01 1.339473e-01
    outer loop
      vertex   6.026028e+01 -1.235907e+02 1.342025e+01
      vertex   6.118957e+01 -1.236975e+02 1.986450e+01
      vertex   6.136664e+01 -1.233510e+02 1.982092e+01
    endloop
  endfacet
  facet normal -9.627294e-01 2.193793e-01 1.581921e-01
    outer loop
      vertex   6.026028e+01 -1.235907e+02 1.342025e+01
      vertex   6.136664e+01 -1.233510e+02 1.982092e+01
      vertex   6.034259e+01 -1.232090e+02 1.339173e+01
    endloop
  endfacet
  facet normal -9.627294e-01 2.193793e-01 1.581921e-01
    outer loop
      vertex   6.034259e+01 -1.232090e+02 1.339173e+01
      vertex   6.136664e+01 -1.233510e+02 1.982092e+01
      vertex   6.144895e+01 -1.229692e+02 1.979239e+01
    endloop
  endfacet
  facet normal -9.843269e-01 -4.042944e-02 1.716564e-01
    outer loop
      vertex   4.474611e+01 -1.000593e+02 1.522053e+01
      vertex   4.585247e+01 -9.981958e+01 2.162119e+01
      vertex   4.472804e+01 -9.966833e+01 1.520901e+01
    endloop
  endfacet
  facet normal -9.843269e-01 -4.042944e-02 1.716564e-01
    outer loop
      vertex   4.472804e+01 -9.966833e+01 1.520901e+01
      vertex   4.585247e+01 -9.981958e+01 2.162119e+01
      vertex   4.583440e+01 -9.942859e+01 2.160967e+01
    endloop
  endfacet
  facet normal -9.388442e-01 -2.974830e-01 1.734226e-01
    outer loop
      vertex   4.472804e+01 -9.966833e+01 1.520901e+01
      vertex   4.583440e+01 -9.942859e+01 2.160967e+01
      vertex   4.461083e+01 -9.929476e+01 1.521528e+01
    endloop
  endfacet
  facet normal -9.388442e-01 -2.974830e-01 1.734226e-01
    outer loop
      vertex   4.461083e+01 -9.929476e+01 1.521528e+01
      vertex   4.583440e+01 -9.942859e+01 2.160967e+01
      vertex   4.571719e+01 -9.905502e+01 2.161594e+01
    endloop
  endfacet
  facet normal -8.293808e-01 -5.342636e-01 1.633703e-01
    outer loop
      vertex   4.461083e+01 -9.929476e+01 1.521528e+01
      vertex   4.571719e+01 -9.905502e+01 2.161594e+01
      vertex   4.440246e+01 -9.896407e+01 1.523891e+01
    endloop
  endfacet
  facet normal -8.293808e-01 -5.342636e-01 1.633703e-01
    outer loop
      vertex   4.440246e+01 -9.896407e+01 1.523891e+01
      vertex   4.571719e+01 -9.905502e+01 2.161594e+01
      vertex   4.550882e+01 -9.872433e+01 2.163957e+01
    endloop
  endfacet
  facet normal -6.633964e-01 -7.346351e-01 1.421847e-01
    outer loop
      vertex   4.440246e+01 -9.896407e+01 1.523891e+01
      vertex   4.550882e+01 -9.872433e+01 2.163957e+01
      vertex   4.411713e+01 -9.869879e+01 1.527829e+01
    endloop
  endfacet
  facet normal -6.633964e-01 -7.346351e-01 1.421847e-01
    outer loop
      vertex   4.411713e+01 -9.869879e+01 1.527829e+01
      vertex   4.550882e+01 -9.872433e+01 2.163957e+01
      vertex   4.522350e+01 -9.845905e+01 2.167895e+01
    endloop
  endfacet
  facet normal -4.522027e-01 -8.849423e-01 1.113093e-01
    outer loop
      vertex   4.411713e+01 -9.869879e+01 1.527829e+01
      vertex   4.522350e+01 -9.845905e+01 2.167895e+01
      vertex   4.377430e+01 -9.851700e+01 1.533074e+01
    endloop
  endfacet
  facet normal -4.522027e-01 -8.849423e-01 1.113093e-01
    outer loop
      vertex   4.377430e+01 -9.851700e+01 1.533074e+01
      vertex   4.522350e+01 -9.845905e+01 2.167895e+01
      vertex   4.488066e+01 -9.827726e+01 2.173140e+01
    endloop
  endfacet
  facet normal -2.101921e-01 -9.749422e-01 7.284845e-02
    outer loop
      vertex   4.377430e+01 -9.851700e+01 1.533074e+01
      vertex   4.488066e+01 -9.827726e+01 2.173140e+01
      vertex   4.339731e+01 -9.843110e+01 1.539268e+01
    endloop
  endfacet
  facet normal -2.101921e-01 -9.749422e-01 7.284845e-02
    outer loop
      vertex   4.339731e+01 -9.843110e+01 1.539268e+01
      vertex   4.488066e+01 -9.827726e+01 2.173140e+01
      vertex   4.450368e+01 -9.819136e+01 2.179335e+01
    endloop
  endfacet
  facet normal 4.614271e-02 -9.985014e-01 2.942308e-02
    outer loop
      vertex   4.339731e+01 -9.843110e+01 1.539268e+01
      vertex   4.450368e+01 -9.819136e+01 2.179335e+01
      vertex   4.301187e+01 -9.844693e+01 1.545990e+01
    endloop
  endfacet
  facet normal 4.614271e-02 -9.985014e-01 2.942308e-02
    outer loop
      vertex   4.301187e+01 -9.844693e+01 1.545990e+01
      vertex   4.450368e+01 -9.819136e+01 2.179335e+01
      vertex   4.411823e+01 -9.820719e+01 2.186056e+01
    endloop
  endfacet
  facet normal 2.993330e-01 -9.540144e-01 -1.600743e-02
    outer loop
      vertex   4.301187e+01 -9.844693e+01 1.545990e+01
      vertex   4.411823e+01 -9.820719e+01 2.186056e+01
      vertex   4.264424e+01 -9.856342e+01 1.552781e+01
    endloop
  endfacet
  facet normal 2.993330e-01 -9.540144e-01 -1.600743e-02
    outer loop
      vertex   4.264424e+01 -9.856342e+01 1.552781e+01
      vertex   4.411823e+01 -9.820719e+01 2.186056e+01
      vertex   4.375060e+01 -9.832368e+01 2.192847e+01
    endloop
  endfacet
  facet normal 5.321242e-01 -8.445129e-01 -6.034707e-02
    outer loop
      vertex   4.264424e+01 -9.856342e+01 1.552781e+01
      vertex   4.375060e+01 -9.832368e+01 2.192847e+01
      vertex   4.231947e+01 -9.877262e+01 1.559178e+01
    endloop
  endfacet
  facet normal 5.321242e-01 -8.445129e-01 -6.034707e-02
    outer loop
      vertex   4.231947e+01 -9.877262e+01 1.559178e+01
      vertex   4.375060e+01 -9.832368e+01 2.192847e+01
      vertex   4.342584e+01 -9.853289e+01 2.199245e+01
    endloop
  endfacet
  facet normal 7.286521e-01 -6.774592e-01 -1.005741e-01
    outer loop
      vertex   4.231947e+01 -9.877262e+01 1.559178e+01
      vertex   4.342584e+01 -9.853289e+01 2.199245e+01
      vertex   4.205970e+01 -9.906029e+01 1.564746e+01
    endloop
  endfacet
  facet normal 7.286521e-01 -6.774592e-01 -1.005741e-01
    outer loop
      vertex   4.205970e+01 -9.906029e+01 1.564746e+01
      vertex   4.342584e+01 -9.853289e+01 2.199245e+01
      vertex   4.316606e+01 -9.882055e+01 2.204812e+01
    endloop
  endfacet
  facet normal 8.755235e-01 -4.642378e-01 -1.339473e-01
    outer loop
      vertex   4.205970e+01 -9.906029e+01 1.564746e+01
      vertex   4.316606e+01 -9.882055e+01 2.204812e+01
      vertex   4.188263e+01 -9.940681e+01 1.569104e+01
    endloop
  endfacet
  facet normal 8.755235e-01 -4.642378e-01 -1.339473e-01
    outer loop
      vertex   4.188263e+01 -9.940681e+01 1.569104e+01
      vertex   4.316606e+01 -9.882055e+01 2.204812e+01
      vertex   4.298899e+01 -9.916708e+01 2.209171e+01
    endloop
  endfacet
  facet normal 9.627294e-01 -2.193793e-01 -1.581921e-01
    outer loop
      vertex   4.188263e+01 -9.940681e+01 1.569104e+01
      vertex   4.298899e+01 -9.916708e+01 2.209171e+01
      vertex   4.180032e+01 -9.978858e+01 1.571957e+01
    endloop
  endfacet
  facet normal 9.627294e-01 -2.193793e-01 -1.581921e-01
    outer loop
      vertex   4.180032e+01 -9.978858e+01 1.571957e+01
      vertex   4.298899e+01 -9.916708e+01 2.209171e+01
      vertex   4.290668e+01 -9.954884e+01 2.212023e+01
    endloop
  endfacet
  facet normal 9.843269e-01 4.042944e-02 -1.716564e-01
    outer loop
      vertex   4.180032e+01 -9.978858e+01 1.571957e+01
      vertex   4.290668e+01 -9.954884e+01 2.212023e+01
      vertex   4.181839e+01 -1.001796e+02 1.573109e+01
    endloop
  endfacet
  facet normal 9.843269e-01 4.042944e-02 -1.716564e-01
    outer loop
      vertex   4.181839e+01 -1.001796e+02 1.573109e+01
      vertex   4.290668e+01 -9.954884e+01 2.212023e+01
      vertex   4.292475e+01 -9.993984e+01 2.213176e+01
    endloop
  endfacet
  facet normal 9.388442e-01 2.974830e-01 -1.734226e-01
    outer loop
      vertex   4.181839e+01 -1.001796e+02 1.573109e+01
      vertex   4.292475e+01 -9.993984e+01 2.213176e+01
      vertex   4.193560e+01 -1.005531e+02 1.572482e+01
    endloop
  endfacet
  facet normal 9.388442e-01 2.974830e-01 -1.734226e-01
    outer loop
      vertex   4.193560e+01 -1.005531e+02 1.572482e+01
      vertex   4.292475e+01 -9.993984e+01 2.213176e+01
      vertex   4.304196e+01 -1.003134e+02 2.212549e+01
    endloop
  endfacet
  facet normal 8.293808e-01 5.342636e-01 -1.633703e-01
    outer loop
      vertex   4.193560e+01 -1.005531e+02 1.572482e+01
      vertex   4.304196e+01 -1.003134e+02 2.212549e+01
      vertex   4.214397e+01 -1.008838e+02 1.570119e+01
    endloop
  endfacet
  facet normal 8.293808e-01 5.342636e-01 -1.633703e-01
    outer loop
      vertex   4.214397e+01 -1.008838e+02 1.570119e+01
      vertex   4.304196e+01 -1.003134e+02 2.212549e+01
      vertex   4.325033e+01 -1.006441e+02 2.210186e+01
    endloop
  endfacet
  facet normal 6.633964e-01 7.346351e-01 -1.421847e-01
    outer loop
      vertex   4.214397e+01 -1.008838e+02 1.570119e+01
      vertex   4.325033e+01 -1.006441e+02 2.210186e+01
      vertex   4.242930e+01 -1.011491e+02 1.566181e+01
    endloop
  endfacet
  facet normal 6.633964e-01 7.346351e-01 -1.421847e-01
    outer loop
      vertex   4.242930e+01 -1.011491e+02 1.566181e+01
      vertex   4.325033e+01 -1.006441e+02 2.210186e+01
      vertex   4.353566e+01 -1.009094e+02 2.206247e+01
    endloop
  endfacet
  facet normal 4.522027e-01 8.849423e-01 -1.113093e-01
    outer loop
      vertex   4.242930e+01 -1.011491e+02 1.566181e+01
      vertex   4.353566e+01 -1.009094e+02 2.206247e+01
      vertex   4.277213e+01 -1.013309e+02 1.560936e+01
    endloop
  endfacet
  facet normal 4.522027e-01 8.849423e-01 -1.113093e-01
    outer loop
      vertex   4.277213e+01 -1.013309e+02 1.560936e+01
      vertex   4.353566e+01 -1.009094e+02 2.206247e+01
      vertex   4.387849e+01 -1.010912e+02 2.201002e+01
    endloop
  endfacet
  facet normal 2.101921e-01 9.749422e-01 -7.284845e-02
    outer loop
      vertex   4.277213e+01 -1.013309e+02 1.560936e+01
      vertex   4.387849e+01 -1.010912e+02 2.201002e+01
      vertex   4.314912e+01 -1.014168e+02 1.554742e+01
    endloop
  endfacet
  facet normal 2.101921e-01 9.749422e-01 -7.284845e-02
    outer loop
      vertex   4.314912e+01 -1.014168e+02 1.554742e+01
      vertex   4.387849e+01 -1.010912e+02 2.201002e+01
      vertex   4.425548e+01 -1.011771e+02 2.194808e+01
    endloop
  endfacet
  facet normal -4.614271e-02 9.985014e-01 -2.942308e-02
    outer loop
      vertex   4.314912e+01 -1.014168e+02 1.554742e+01
      vertex   4.425548e+01 -1.011771e+02 2.194808e+01
      vertex   4.353456e+01 -1.014010e+02 1.548020e+01
    endloop
  endfacet
  facet normal -4.614271e-02 9.985014e-01 -2.942308e-02
    outer loop
      vertex   4.353456e+01 -1.014010e+02 1.548020e+01
      vertex   4.425548e+01 -1.011771e+02 2.194808e+01
      vertex   4.464092e+01 -1.011612e+02 2.188086e+01
    endloop
  endfacet
  facet normal -2.993330e-01 9.540144e-01 1.600743e-02
    outer loop
      vertex   4.353456e+01 -1.014010e+02 1.548020e+01
      vertex   4.464092e+01 -1.011612e+02 2.188086e+01
      vertex   4.390219e+01 -1.012845e+02 1.541229e+01
    endloop
  endfacet
  facet normal -2.993330e-01 9.540144e-01 1.600743e-02
    outer loop
      vertex   4.390219e+01 -1.012845e+02 1.541229e+01
      vertex   4.464092e+01 -1.011612e+02 2.188086e+01
      vertex   4.500855e+01 -1.010447e+02 2.181295e+01
    endloop
  endfacet
  facet normal -5.321242e-01 8.445129e-01 6.034707e-02
    outer loop
      vertex   4.390219e+01 -1.012845e+02 1.541229e+01
      vertex   4.500855e+01 -1.010447e+02 2.181295e+01
      vertex   4.422696e+01 -1.010753e+02 1.534832e+01
    endloop
  endfacet
  facet normal -5.321242e-01 8.445129e-01 6.034707e-02
    outer loop
      vertex   4.422696e+01 -1.010753e+02 1.534832e+01
      vertex   4.500855e+01 -1.010447e+02 2.181295e+01
      vertex   4.533332e+01 -1.008355e+02 2.174898e+01
    endloop
  endfacet
  facet normal -7.286521e-01 6.774592e-01 1.005741e-01
    outer loop
      vertex   4.422696e+01 -1.010753e+02 1.534832e+01
      vertex   4.533332e+01 -1.008355e+02 2.174898e+01
      vertex   4.448673e+01 -1.007876e+02 1.529264e+01
    endloop
  endfacet
  facet normal -7.286521e-01 6.774592e-01 1.005741e-01
    outer loop
      vertex   4.448673e+01 -1.007876e+02 1.529264e+01
      vertex   4.533332e+01 -1.008355e+02 2.174898e+01
      vertex   4.559309e+01 -1.005479e+02 2.169330e+01
    endloop
  endfacet
  facet normal -8.755235e-01 4.642378e-01 1.339473e-01
    outer loop
      vertex   4.448673e+01 -1.007876e+02 1.529264e+01
      vertex   4.559309e+01 -1.005479e+02 2.169330e+01
      vertex   4.466380e+01 -1.004411e+02 1.524905e+01
    endloop
  endfacet
  facet normal -8.755235e-01 4.642378e-01 1.339473e-01
    outer loop
      vertex   4.466380e+01 -1.004411e+02 1.524905e+01
      vertex   4.559309e+01 -1.005479e+02 2.169330e+01
      vertex   4.577016e+01 -1.002014e+02 2.164972e+01
    endloop
  endfacet
  facet normal -9.627294e-01 2.193793e-01 1.581921e-01
    outer loop
      vertex   4.466380e+01 -1.004411e+02 1.524905e+01
      vertex   4.577016e+01 -1.002014e+02 2.164972e+01
      vertex   4.474611e+01 -1.000593e+02 1.522053e+01
    endloop
  endfacet
  facet normal -9.627294e-01 2.193793e-01 1.581921e-01
    outer loop
      vertex   4.474611e+01 -1.000593e+02 1.522053e+01
      vertex   4.577016e+01 -1.002014e+02 2.164972e+01
      vertex   4.585247e+01 -9.981958e+01 2.162119e+01
    endloop
  endfacet
  facet normal -1.742284e-01 9.846820e-01 -6.765702e-03
    outer loop
      vertex   4.420748e+01 -1.197635e+02 2.265253e+01
      vertex   4.420717e+01 -1.197636e+02 2.265259e+01
      vertex   4.500747e+01 -1.195902e+02 2.728070e+01
    endloop
  endfacet
  facet normal -1.742284e-01 9.846820e-01 -6.765702e-03
    outer loop
      vertex   4.500747e+01 -1.195902e+02 2.728070e+01
      vertex   4.420717e+01 -1.197636e+02 2.265259e+01
      vertex   4.500715e+01 -1.195902e+02 2.728076e+01
    endloop
  endfacet
  facet normal 9.698831e-01 1.704142e-01 -1.740283e-01
    outer loop
      vertex   4.156967e+01 -1.001627e+02 2.714728e+01
      vertex   4.189726e+01 -1.020141e+02 2.716000e+01
      vertex   4.076968e+01 -1.003360e+02 2.251910e+01
    endloop
  endfacet
  facet normal 9.698831e-01 1.704142e-01 -1.740283e-01
    outer loop
      vertex   4.076968e+01 -1.003360e+02 2.251910e+01
      vertex   4.189726e+01 -1.020141e+02 2.716000e+01
      vertex   4.420717e+01 -1.197636e+02 2.265259e+01
    endloop
  endfacet
  facet normal 9.698831e-01 1.704142e-01 -1.740283e-01
    outer loop
      vertex   4.420717e+01 -1.197636e+02 2.265259e+01
      vertex   4.189726e+01 -1.020141e+02 2.716000e+01
      vertex   4.500715e+01 -1.195902e+02 2.728076e+01
    endloop
  endfacet
  facet normal -1.742463e-01 9.846789e-01 -6.762493e-03
    outer loop
      vertex   4.156967e+01 -1.001627e+02 2.714728e+01
      vertex   4.076968e+01 -1.003360e+02 2.251910e+01
      vertex   4.156963e+01 -1.001627e+02 2.714728e+01
    endloop
  endfacet
  facet normal -1.742463e-01 9.846789e-01 -6.762493e-03
    outer loop
      vertex   4.156963e+01 -1.001627e+02 2.714728e+01
      vertex   4.076968e+01 -1.003360e+02 2.251910e+01
      vertex   4.076965e+01 -1.003360e+02 2.251911e+01
    endloop
  endfacet
  facet normal -1.740945e-01 9.847055e-01 -6.789736e-03
    outer loop
      vertex   3.782574e+01 -9.780705e+01 2.293324e+01
      vertex   5.877510e+01 -9.412915e+01 1.917436e+01
      vertex   3.630836e+01 -9.813585e+01 1.415474e+01
    endloop
  endfacet
  facet normal -1.740945e-01 9.847055e-01 -6.789736e-03
    outer loop
      vertex   3.630836e+01 -9.813585e+01 1.415474e+01
      vertex   5.877510e+01 -9.412915e+01 1.917436e+01
      vertex   5.878186e+01 -9.416736e+01 1.345981e+01
    endloop
  endfacet
  facet normal -1.740945e-01 9.847055e-01 -6.789736e-03
    outer loop
      vertex   3.630836e+01 -9.813585e+01 1.415474e+01
      vertex   5.878186e+01 -9.416736e+01 1.345981e+01
      vertex   3.700374e+01 -9.801770e+01 1.345981e+01
    endloop
  endfacet
  facet normal -9.847282e-01 -1.740985e-01 0.000000e+00
    outer loop
      vertex   5.546731e+01 -7.541975e+01 1.904536e+01
      vertex   5.645378e+01 -8.099937e+01 1.336901e+01
      vertex   5.877510e+01 -9.412915e+01 1.917436e+01
    endloop
  endfacet
  facet normal -9.847282e-01 -1.740985e-01 1.456428e-16
    outer loop
      vertex   5.877510e+01 -9.412915e+01 1.917436e+01
      vertex   5.645378e+01 -8.099937e+01 1.336901e+01
      vertex   5.878186e+01 -9.416736e+01 1.345981e+01
    endloop
  endfacet
  facet normal 9.698831e-01 1.704142e-01 -1.740283e-01
    outer loop
      vertex   3.302359e+01 -5.186694e+01 2.681555e+01
      vertex   3.544117e+01 -6.553031e+01 2.690943e+01
      vertex   3.222361e+01 -5.204029e+01 2.218738e+01
    endloop
  endfacet
  facet normal 9.698831e-01 1.704142e-01 -1.740283e-01
    outer loop
      vertex   3.222361e+01 -5.204029e+01 2.218738e+01
      vertex   3.544117e+01 -6.553031e+01 2.690943e+01
      vertex   3.570818e+01 -7.173393e+01 2.232270e+01
    endloop
  endfacet
  facet normal 9.698831e-01 1.704142e-01 -1.740283e-01
    outer loop
      vertex   3.570818e+01 -7.173393e+01 2.232270e+01
      vertex   3.544117e+01 -6.553031e+01 2.690943e+01
      vertex   3.650816e+01 -7.156058e+01 2.695087e+01
    endloop
  endfacet
  facet normal 1.742284e-01 -9.846820e-01 6.765702e-03
    outer loop
      vertex   4.011158e+01 -5.988578e+01 2.111779e+01
      vertex   3.878835e+01 -6.017251e+01 1.346248e+01
      vertex   4.056846e+01 -5.980550e+01 2.103581e+01
    endloop
  endfacet
  facet normal 1.742284e-01 -9.846820e-01 6.765702e-03
    outer loop
      vertex   4.056846e+01 -5.980550e+01 2.103581e+01
      vertex   3.878835e+01 -6.017251e+01 1.346248e+01
      vertex   4.519546e+01 -5.903812e+01 1.356684e+01
    endloop
  endfacet
  facet normal 1.742284e-01 -9.846820e-01 6.765702e-03
    outer loop
      vertex   4.056846e+01 -5.980550e+01 2.103581e+01
      vertex   4.519546e+01 -5.903812e+01 1.356684e+01
      vertex   4.579496e+01 -5.893276e+01 1.346248e+01
    endloop
  endfacet
  facet normal 1.742284e-01 -9.846820e-01 6.765702e-03
    outer loop
      vertex   4.579496e+01 -5.893276e+01 1.346248e+01
      vertex   4.519546e+01 -5.903812e+01 1.356684e+01
      vertex   4.577707e+01 -5.893593e+01 1.346248e+01
    endloop
  endfacet
  facet normal 1.742284e-01 -9.846820e-01 6.765702e-03
    outer loop
      vertex   3.878835e+01 -6.017251e+01 1.346248e+01
      vertex   4.517742e+01 -5.904203e+01 1.346248e+01
      vertex   4.519546e+01 -5.903812e+01 1.356684e+01
    endloop
  endfacet
  facet normal 9.698831e-01 1.704142e-01 -1.740283e-01
    outer loop
      vertex   4.011158e+01 -5.988578e+01 2.111779e+01
      vertex   4.012060e+01 -5.993678e+01 2.111814e+01
      vertex   3.878835e+01 -6.017251e+01 1.346248e+01
    endloop
  endfacet
  facet normal -9.847046e-01 -1.742324e-01 -5.449148e-15
    outer loop
      vertex   6.116713e+01 -5.621283e+01 1.734074e+01
      vertex   6.116620e+01 -5.620758e+01 1.734071e+01
      vertex   6.116713e+01 -5.621283e+01 1.371591e+01
    endloop
  endfacet
  facet normal -9.847046e-01 -1.742324e-01 -7.430494e-15
    outer loop
      vertex   6.116713e+01 -5.621283e+01 1.371591e+01
      vertex   6.116620e+01 -5.620758e+01 1.734071e+01
      vertex   6.114971e+01 -5.611436e+01 1.371591e+01
    endloop
  endfacet
  facet normal -9.847046e-01 -1.742324e-01 -6.746746e-15
    outer loop
      vertex   6.114971e+01 -5.611436e+01 1.371591e+01
      vertex   6.116620e+01 -5.620758e+01 1.734071e+01
      vertex   6.081867e+01 -5.424342e+01 1.564535e+01
    endloop
  endfacet
  facet normal -9.847046e-01 -1.742324e-01 -8.984270e-15
    outer loop
      vertex   6.081867e+01 -5.424342e+01 1.564535e+01
      vertex   6.116620e+01 -5.620758e+01 1.734071e+01
      vertex   6.081867e+01 -5.424342e+01 1.734071e+01
    endloop
  endfacet
  facet normal -9.843269e-01 -4.042944e-02 1.716564e-01
    outer loop
      vertex   7.633846e+01 -5.803251e+01 8.185637e+00
      vertex   7.744482e+01 -5.779277e+01 1.458630e+01
      vertex   7.632039e+01 -5.764152e+01 8.174115e+00
    endloop
  endfacet
  facet normal -9.843269e-01 -4.042944e-02 1.716564e-01
    outer loop
      vertex   7.632039e+01 -5.764152e+01 8.174115e+00
      vertex   7.744482e+01 -5.779277e+01 1.458630e+01
      vertex   7.742675e+01 -5.740178e+01 1.457478e+01
    endloop
  endfacet
  facet normal -9.388442e-01 -2.974830e-01 1.734226e-01
    outer loop
      vertex   7.632039e+01 -5.764152e+01 8.174115e+00
      vertex   7.742675e+01 -5.740178e+01 1.457478e+01
      vertex   7.620318e+01 -5.726795e+01 8.180384e+00
    endloop
  endfacet
  facet normal -9.388442e-01 -2.974830e-01 1.734226e-01
    outer loop
      vertex   7.620318e+01 -5.726795e+01 8.180384e+00
      vertex   7.742675e+01 -5.740178e+01 1.457478e+01
      vertex   7.730954e+01 -5.702821e+01 1.458105e+01
    endloop
  endfacet
  facet normal -8.293808e-01 -5.342636e-01 1.633703e-01
    outer loop
      vertex   7.620318e+01 -5.726795e+01 8.180384e+00
      vertex   7.730954e+01 -5.702821e+01 1.458105e+01
      vertex   7.599481e+01 -5.693725e+01 8.204014e+00
    endloop
  endfacet
  facet normal -8.293808e-01 -5.342636e-01 1.633703e-01
    outer loop
      vertex   7.599481e+01 -5.693725e+01 8.204014e+00
      vertex   7.730954e+01 -5.702821e+01 1.458105e+01
      vertex   7.710117e+01 -5.669752e+01 1.460468e+01
    endloop
  endfacet
  facet normal -6.633964e-01 -7.346351e-01 1.421847e-01
    outer loop
      vertex   7.599481e+01 -5.693725e+01 8.204014e+00
      vertex   7.710117e+01 -5.669752e+01 1.460468e+01
      vertex   7.570948e+01 -5.667197e+01 8.243397e+00
    endloop
  endfacet
  facet normal -6.633964e-01 -7.346351e-01 1.421847e-01
    outer loop
      vertex   7.570948e+01 -5.667197e+01 8.243397e+00
      vertex   7.710117e+01 -5.669752e+01 1.460468e+01
      vertex   7.681585e+01 -5.643224e+01 1.464406e+01
    endloop
  endfacet
  facet normal -4.522027e-01 -8.849423e-01 1.113093e-01
    outer loop
      vertex   7.570948e+01 -5.667197e+01 8.243397e+00
      vertex   7.681585e+01 -5.643224e+01 1.464406e+01
      vertex   7.536665e+01 -5.649019e+01 8.295848e+00
    endloop
  endfacet
  facet normal -4.522027e-01 -8.849423e-01 1.113093e-01
    outer loop
      vertex   7.536665e+01 -5.649019e+01 8.295848e+00
      vertex   7.681585e+01 -5.643224e+01 1.464406e+01
      vertex   7.647301e+01 -5.625045e+01 1.469651e+01
    endloop
  endfacet
  facet normal -2.101921e-01 -9.749422e-01 7.284845e-02
    outer loop
      vertex   7.536665e+01 -5.649019e+01 8.295848e+00
      vertex   7.647301e+01 -5.625045e+01 1.469651e+01
      vertex   7.498966e+01 -5.640428e+01 8.357792e+00
    endloop
  endfacet
  facet normal -2.101921e-01 -9.749422e-01 7.284845e-02
    outer loop
      vertex   7.498966e+01 -5.640428e+01 8.357792e+00
      vertex   7.647301e+01 -5.625045e+01 1.469651e+01
      vertex   7.609603e+01 -5.616455e+01 1.475846e+01
    endloop
  endfacet
  facet normal 4.614271e-02 -9.985014e-01 2.942308e-02
    outer loop
      vertex   7.498966e+01 -5.640428e+01 8.357792e+00
      vertex   7.609603e+01 -5.616455e+01 1.475846e+01
      vertex   7.460422e+01 -5.642012e+01 8.425009e+00
    endloop
  endfacet
  facet normal 4.614271e-02 -9.985014e-01 2.942308e-02
    outer loop
      vertex   7.460422e+01 -5.642012e+01 8.425009e+00
      vertex   7.609603e+01 -5.616455e+01 1.475846e+01
      vertex   7.571058e+01 -5.618038e+01 1.482567e+01
    endloop
  endfacet
  facet normal 2.993330e-01 -9.540144e-01 -1.600743e-02
    outer loop
      vertex   7.460422e+01 -5.642012e+01 8.425009e+00
      vertex   7.571058e+01 -5.618038e+01 1.482567e+01
      vertex   7.423659e+01 -5.653660e+01 8.492918e+00
    endloop
  endfacet
  facet normal 2.993330e-01 -9.540144e-01 -1.600743e-02
    outer loop
      vertex   7.423659e+01 -5.653660e+01 8.492918e+00
      vertex   7.571058e+01 -5.618038e+01 1.482567e+01
      vertex   7.534295e+01 -5.629687e+01 1.489358e+01
    endloop
  endfacet
  facet normal 5.321242e-01 -8.445129e-01 -6.034707e-02
    outer loop
      vertex   7.423659e+01 -5.653660e+01 8.492918e+00
      vertex   7.534295e+01 -5.629687e+01 1.489358e+01
      vertex   7.391182e+01 -5.674581e+01 8.556890e+00
    endloop
  endfacet
  facet normal 5.321242e-01 -8.445129e-01 -6.034707e-02
    outer loop
      vertex   7.391182e+01 -5.674581e+01 8.556890e+00
      vertex   7.534295e+01 -5.629687e+01 1.489358e+01
      vertex   7.501819e+01 -5.650607e+01 1.495755e+01
    endloop
  endfacet
  facet normal 7.286521e-01 -6.774592e-01 -1.005741e-01
    outer loop
      vertex   7.391182e+01 -5.674581e+01 8.556890e+00
      vertex   7.501819e+01 -5.650607e+01 1.495755e+01
      vertex   7.365205e+01 -5.703348e+01 8.612567e+00
    endloop
  endfacet
  facet normal 7.286521e-01 -6.774592e-01 -1.005741e-01
    outer loop
      vertex   7.365205e+01 -5.703348e+01 8.612567e+00
      vertex   7.501819e+01 -5.650607e+01 1.495755e+01
      vertex   7.475841e+01 -5.679374e+01 1.501323e+01
    endloop
  endfacet
  facet normal 8.755235e-01 -4.642378e-01 -1.339473e-01
    outer loop
      vertex   7.365205e+01 -5.703348e+01 8.612567e+00
      vertex   7.475841e+01 -5.679374e+01 1.501323e+01
      vertex   7.347498e+01 -5.738000e+01 8.656153e+00
    endloop
  endfacet
  facet normal 8.755235e-01 -4.642378e-01 -1.339473e-01
    outer loop
      vertex   7.347498e+01 -5.738000e+01 8.656153e+00
      vertex   7.475841e+01 -5.679374e+01 1.501323e+01
      vertex   7.458134e+01 -5.714026e+01 1.505682e+01
    endloop
  endfacet
  facet normal 9.627294e-01 -2.193793e-01 -1.581921e-01
    outer loop
      vertex   7.347498e+01 -5.738000e+01 8.656153e+00
      vertex   7.458134e+01 -5.714026e+01 1.505682e+01
      vertex   7.339267e+01 -5.776177e+01 8.684679e+00
    endloop
  endfacet
  facet normal 9.627294e-01 -2.193793e-01 -1.581921e-01
    outer loop
      vertex   7.339267e+01 -5.776177e+01 8.684679e+00
      vertex   7.458134e+01 -5.714026e+01 1.505682e+01
      vertex   7.449903e+01 -5.752203e+01 1.508534e+01
    endloop
  endfacet
  facet normal 9.843269e-01 4.042944e-02 -1.716564e-01
    outer loop
      vertex   7.339267e+01 -5.776177e+01 8.684679e+00
      vertex   7.449903e+01 -5.752203e+01 1.508534e+01
      vertex   7.341074e+01 -5.815276e+01 8.696200e+00
    endloop
  endfacet
  facet normal 9.843269e-01 4.042944e-02 -1.716564e-01
    outer loop
      vertex   7.341074e+01 -5.815276e+01 8.696200e+00
      vertex   7.449903e+01 -5.752203e+01 1.508534e+01
      vertex   7.451710e+01 -5.791302e+01 1.509686e+01
    endloop
  endfacet
  facet normal 9.388442e-01 2.974830e-01 -1.734226e-01
    outer loop
      vertex   7.341074e+01 -5.815276e+01 8.696200e+00
      vertex   7.451710e+01 -5.791302e+01 1.509686e+01
      vertex   7.352795e+01 -5.852633e+01 8.689932e+00
    endloop
  endfacet
  facet normal 9.388442e-01 2.974830e-01 -1.734226e-01
    outer loop
      vertex   7.352795e+01 -5.852633e+01 8.689932e+00
      vertex   7.451710e+01 -5.791302e+01 1.509686e+01
      vertex   7.463431e+01 -5.828659e+01 1.509060e+01
    endloop
  endfacet
  facet normal 8.293808e-01 5.342636e-01 -1.633703e-01
    outer loop
      vertex   7.352795e+01 -5.852633e+01 8.689932e+00
      vertex   7.463431e+01 -5.828659e+01 1.509060e+01
      vertex   7.373632e+01 -5.885702e+01 8.666302e+00
    endloop
  endfacet
  facet normal 8.293808e-01 5.342636e-01 -1.633703e-01
    outer loop
      vertex   7.373632e+01 -5.885702e+01 8.666302e+00
      vertex   7.463431e+01 -5.828659e+01 1.509060e+01
      vertex   7.484268e+01 -5.861729e+01 1.506696e+01
    endloop
  endfacet
  facet normal 6.633964e-01 7.346351e-01 -1.421847e-01
    outer loop
      vertex   7.373632e+01 -5.885702e+01 8.666302e+00
      vertex   7.484268e+01 -5.861729e+01 1.506696e+01
      vertex   7.402165e+01 -5.912230e+01 8.626919e+00
    endloop
  endfacet
  facet normal 6.633964e-01 7.346351e-01 -1.421847e-01
    outer loop
      vertex   7.402165e+01 -5.912230e+01 8.626919e+00
      vertex   7.484268e+01 -5.861729e+01 1.506696e+01
      vertex   7.512801e+01 -5.888257e+01 1.502758e+01
    endloop
  endfacet
  facet normal 4.522027e-01 8.849423e-01 -1.113093e-01
    outer loop
      vertex   7.402165e+01 -5.912230e+01 8.626919e+00
      vertex   7.512801e+01 -5.888257e+01 1.502758e+01
      vertex   7.436448e+01 -5.930409e+01 8.574468e+00
    endloop
  endfacet
  facet normal 4.522027e-01 8.849423e-01 -1.113093e-01
    outer loop
      vertex   7.436448e+01 -5.930409e+01 8.574468e+00
      vertex   7.512801e+01 -5.888257e+01 1.502758e+01
      vertex   7.547084e+01 -5.906435e+01 1.497513e+01
    endloop
  endfacet
  facet normal 2.101921e-01 9.749422e-01 -7.284845e-02
    outer loop
      vertex   7.436448e+01 -5.930409e+01 8.574468e+00
      vertex   7.547084e+01 -5.906435e+01 1.497513e+01
      vertex   7.474147e+01 -5.938999e+01 8.512523e+00
    endloop
  endfacet
  facet normal 2.101921e-01 9.749422e-01 -7.284845e-02
    outer loop
      vertex   7.474147e+01 -5.938999e+01 8.512523e+00
      vertex   7.547084e+01 -5.906435e+01 1.497513e+01
      vertex   7.584783e+01 -5.915026e+01 1.491319e+01
    endloop
  endfacet
  facet normal -4.614271e-02 9.985014e-01 -2.942308e-02
    outer loop
      vertex   7.474147e+01 -5.938999e+01 8.512523e+00
      vertex   7.584783e+01 -5.915026e+01 1.491319e+01
      vertex   7.512691e+01 -5.937416e+01 8.445306e+00
    endloop
  endfacet
  facet normal -4.614271e-02 9.985014e-01 -2.942308e-02
    outer loop
      vertex   7.512691e+01 -5.937416e+01 8.445306e+00
      vertex   7.584783e+01 -5.915026e+01 1.491319e+01
      vertex   7.623327e+01 -5.913442e+01 1.484597e+01
    endloop
  endfacet
  facet normal -2.993330e-01 9.540144e-01 1.600743e-02
    outer loop
      vertex   7.512691e+01 -5.937416e+01 8.445306e+00
      vertex   7.623327e+01 -5.913442e+01 1.484597e+01
      vertex   7.549454e+01 -5.925767e+01 8.377398e+00
    endloop
  endfacet
  facet normal -2.993330e-01 9.540144e-01 1.600743e-02
    outer loop
      vertex   7.549454e+01 -5.925767e+01 8.377398e+00
      vertex   7.623327e+01 -5.913442e+01 1.484597e+01
      vertex   7.660090e+01 -5.901794e+01 1.477806e+01
    endloop
  endfacet
  facet normal -5.321242e-01 8.445129e-01 6.034707e-02
    outer loop
      vertex   7.549454e+01 -5.925767e+01 8.377398e+00
      vertex   7.660090e+01 -5.901794e+01 1.477806e+01
      vertex   7.581931e+01 -5.904847e+01 8.313426e+00
    endloop
  endfacet
  facet normal -5.321242e-01 8.445129e-01 6.034707e-02
    outer loop
      vertex   7.581931e+01 -5.904847e+01 8.313426e+00
      vertex   7.660090e+01 -5.901794e+01 1.477806e+01
      vertex   7.692567e+01 -5.880873e+01 1.471409e+01
    endloop
  endfacet
  facet normal -7.286521e-01 6.774592e-01 1.005741e-01
    outer loop
      vertex   7.581931e+01 -5.904847e+01 8.313426e+00
      vertex   7.692567e+01 -5.880873e+01 1.471409e+01
      vertex   7.607908e+01 -5.876080e+01 8.257749e+00
    endloop
  endfacet
  facet normal -7.286521e-01 6.774592e-01 1.005741e-01
    outer loop
      vertex   7.607908e+01 -5.876080e+01 8.257749e+00
      vertex   7.692567e+01 -5.880873e+01 1.471409e+01
      vertex   7.718544e+01 -5.852106e+01 1.465841e+01
    endloop
  endfacet
  facet normal -8.755235e-01 4.642378e-01 1.339473e-01
    outer loop
      vertex   7.607908e+01 -5.876080e+01 8.257749e+00
      vertex   7.718544e+01 -5.852106e+01 1.465841e+01
      vertex   7.625615e+01 -5.841428e+01 8.214163e+00
    endloop
  endfacet
  facet normal -8.755235e-01 4.642378e-01 1.339473e-01
    outer loop
      vertex   7.625615e+01 -5.841428e+01 8.214163e+00
      vertex   7.718544e+01 -5.852106e+01 1.465841e+01
      vertex   7.736251e+01 -5.817454e+01 1.461483e+01
    endloop
  endfacet
  facet normal -9.627294e-01 2.193793e-01 1.581921e-01
    outer loop
      vertex   7.625615e+01 -5.841428e+01 8.214163e+00
      vertex   7.736251e+01 -5.817454e+01 1.461483e+01
      vertex   7.633846e+01 -5.803251e+01 8.185637e+00
    endloop
  endfacet
  facet normal -9.627294e-01 2.193793e-01 1.581921e-01
    outer loop
      vertex   7.633846e+01 -5.803251e+01 8.185637e+00
      vertex   7.736251e+01 -5.817454e+01 1.461483e+01
      vertex   7.744482e+01 -5.779277e+01 1.458630e+01
    endloop
  endfacet
  facet normal -9.843269e-01 -4.042944e-02 1.716564e-01
    outer loop
      vertex   8.286032e+01 -9.575106e+01 8.471073e+00
      vertex   8.396669e+01 -9.551132e+01 1.487174e+01
      vertex   8.284226e+01 -9.536006e+01 8.459552e+00
    endloop
  endfacet
  facet normal -9.843269e-01 -4.042944e-02 1.716564e-01
    outer loop
      vertex   8.284226e+01 -9.536006e+01 8.459552e+00
      vertex   8.396669e+01 -9.551132e+01 1.487174e+01
      vertex   8.394862e+01 -9.512033e+01 1.486022e+01
    endloop
  endfacet
  facet normal -9.388442e-01 -2.974830e-01 1.734226e-01
    outer loop
      vertex   8.284226e+01 -9.536006e+01 8.459552e+00
      vertex   8.394862e+01 -9.512033e+01 1.486022e+01
      vertex   8.272504e+01 -9.498649e+01 8.465820e+00
    endloop
  endfacet
  facet normal -9.388442e-01 -2.974830e-01 1.734226e-01
    outer loop
      vertex   8.272504e+01 -9.498649e+01 8.465820e+00
      vertex   8.394862e+01 -9.512033e+01 1.486022e+01
      vertex   8.383141e+01 -9.474675e+01 1.486648e+01
    endloop
  endfacet
  facet normal -8.293808e-01 -5.342636e-01 1.633703e-01
    outer loop
      vertex   8.272504e+01 -9.498649e+01 8.465820e+00
      vertex   8.383141e+01 -9.474675e+01 1.486648e+01
      vertex   8.251668e+01 -9.465580e+01 8.489451e+00
    endloop
  endfacet
  facet normal -8.293808e-01 -5.342636e-01 1.633703e-01
    outer loop
      vertex   8.251668e+01 -9.465580e+01 8.489451e+00
      vertex   8.383141e+01 -9.474675e+01 1.486648e+01
      vertex   8.362304e+01 -9.441606e+01 1.489011e+01
    endloop
  endfacet
  facet normal -6.633964e-01 -7.346351e-01 1.421847e-01
    outer loop
      vertex   8.251668e+01 -9.465580e+01 8.489451e+00
      vertex   8.362304e+01 -9.441606e+01 1.489011e+01
      vertex   8.223135e+01 -9.439052e+01 8.528833e+00
    endloop
  endfacet
  facet normal -6.633964e-01 -7.346351e-01 1.421847e-01
    outer loop
      vertex   8.223135e+01 -9.439052e+01 8.528833e+00
      vertex   8.362304e+01 -9.441606e+01 1.489011e+01
      vertex   8.333771e+01 -9.415078e+01 1.492950e+01
    endloop
  endfacet
  facet normal -4.522027e-01 -8.849423e-01 1.113093e-01
    outer loop
      vertex   8.223135e+01 -9.439052e+01 8.528833e+00
      vertex   8.333771e+01 -9.415078e+01 1.492950e+01
      vertex   8.188851e+01 -9.420873e+01 8.581284e+00
    endloop
  endfacet
  facet normal -4.522027e-01 -8.849423e-01 1.113093e-01
    outer loop
      vertex   8.188851e+01 -9.420873e+01 8.581284e+00
      vertex   8.333771e+01 -9.415078e+01 1.492950e+01
      vertex   8.299488e+01 -9.396900e+01 1.498195e+01
    endloop
  endfacet
  facet normal -2.101921e-01 -9.749422e-01 7.284845e-02
    outer loop
      vertex   8.188851e+01 -9.420873e+01 8.581284e+00
      vertex   8.299488e+01 -9.396900e+01 1.498195e+01
      vertex   8.151153e+01 -9.412283e+01 8.643229e+00
    endloop
  endfacet
  facet normal -2.101921e-01 -9.749422e-01 7.284845e-02
    outer loop
      vertex   8.151153e+01 -9.412283e+01 8.643229e+00
      vertex   8.299488e+01 -9.396900e+01 1.498195e+01
      vertex   8.261789e+01 -9.388309e+01 1.504389e+01
    endloop
  endfacet
  facet normal 4.614271e-02 -9.985014e-01 2.942308e-02
    outer loop
      vertex   8.151153e+01 -9.412283e+01 8.643229e+00
      vertex   8.261789e+01 -9.388309e+01 1.504389e+01
      vertex   8.112609e+01 -9.413866e+01 8.710446e+00
    endloop
  endfacet
  facet normal 4.614271e-02 -9.985014e-01 2.942308e-02
    outer loop
      vertex   8.112609e+01 -9.413866e+01 8.710446e+00
      vertex   8.261789e+01 -9.388309e+01 1.504389e+01
      vertex   8.223245e+01 -9.389892e+01 1.511111e+01
    endloop
  endfacet
  facet normal 2.993330e-01 -9.540144e-01 -1.600743e-02
    outer loop
      vertex   8.112609e+01 -9.413866e+01 8.710446e+00
      vertex   8.223245e+01 -9.389892e+01 1.511111e+01
      vertex   8.075846e+01 -9.425515e+01 8.778355e+00
    endloop
  endfacet
  facet normal 2.993330e-01 -9.540144e-01 -1.600743e-02
    outer loop
      vertex   8.075846e+01 -9.425515e+01 8.778355e+00
      vertex   8.223245e+01 -9.389892e+01 1.511111e+01
      vertex   8.186482e+01 -9.401541e+01 1.517902e+01
    endloop
  endfacet
  facet normal 5.321242e-01 -8.445129e-01 -6.034707e-02
    outer loop
      vertex   8.075846e+01 -9.425515e+01 8.778355e+00
      vertex   8.186482e+01 -9.401541e+01 1.517902e+01
      vertex   8.043369e+01 -9.446436e+01 8.842327e+00
    endloop
  endfacet
  facet normal 5.321242e-01 -8.445129e-01 -6.034707e-02
    outer loop
      vertex   8.043369e+01 -9.446436e+01 8.842327e+00
      vertex   8.186482e+01 -9.401541e+01 1.517902e+01
      vertex   8.154005e+01 -9.422462e+01 1.524299e+01
    endloop
  endfacet
  facet normal 7.286521e-01 -6.774592e-01 -1.005741e-01
    outer loop
      vertex   8.043369e+01 -9.446436e+01 8.842327e+00
      vertex   8.154005e+01 -9.422462e+01 1.524299e+01
      vertex   8.017392e+01 -9.475202e+01 8.898003e+00
    endloop
  endfacet
  facet normal 7.286521e-01 -6.774592e-01 -1.005741e-01
    outer loop
      vertex   8.017392e+01 -9.475202e+01 8.898003e+00
      vertex   8.154005e+01 -9.422462e+01 1.524299e+01
      vertex   8.128028e+01 -9.451229e+01 1.529867e+01
    endloop
  endfacet
  facet normal 8.755235e-01 -4.642378e-01 -1.339473e-01
    outer loop
      vertex   8.017392e+01 -9.475202e+01 8.898003e+00
      vertex   8.128028e+01 -9.451229e+01 1.529867e+01
      vertex   7.999685e+01 -9.509855e+01 8.941590e+00
    endloop
  endfacet
  facet normal 8.755235e-01 -4.642378e-01 -1.339473e-01
    outer loop
      vertex   7.999685e+01 -9.509855e+01 8.941590e+00
      vertex   8.128028e+01 -9.451229e+01 1.529867e+01
      vertex   8.110321e+01 -9.485881e+01 1.534225e+01
    endloop
  endfacet
  facet normal 9.627294e-01 -2.193793e-01 -1.581921e-01
    outer loop
      vertex   7.999685e+01 -9.509855e+01 8.941590e+00
      vertex   8.110321e+01 -9.485881e+01 1.534225e+01
      vertex   7.991454e+01 -9.548031e+01 8.970116e+00
    endloop
  endfacet
  facet normal 9.627294e-01 -2.193793e-01 -1.581921e-01
    outer loop
      vertex   7.991454e+01 -9.548031e+01 8.970116e+00
      vertex   8.110321e+01 -9.485881e+01 1.534225e+01
      vertex   8.102090e+01 -9.524058e+01 1.537078e+01
    endloop
  endfacet
  facet normal 9.843269e-01 4.042944e-02 -1.716564e-01
    outer loop
      vertex   7.991454e+01 -9.548031e+01 8.970116e+00
      vertex   8.102090e+01 -9.524058e+01 1.537078e+01
      vertex   7.993261e+01 -9.587131e+01 8.981637e+00
    endloop
  endfacet
  facet normal 9.843269e-01 4.042944e-02 -1.716564e-01
    outer loop
      vertex   7.993261e+01 -9.587131e+01 8.981637e+00
      vertex   8.102090e+01 -9.524058e+01 1.537078e+01
      vertex   8.103897e+01 -9.563157e+01 1.538230e+01
    endloop
  endfacet
  facet normal 9.388442e-01 2.974830e-01 -1.734226e-01
    outer loop
      vertex   7.993261e+01 -9.587131e+01 8.981637e+00
      vertex   8.103897e+01 -9.563157e+01 1.538230e+01
      vertex   8.004982e+01 -9.624488e+01 8.975369e+00
    endloop
  endfacet
  facet normal 9.388442e-01 2.974830e-01 -1.734226e-01
    outer loop
      vertex   8.004982e+01 -9.624488e+01 8.975369e+00
      vertex   8.103897e+01 -9.563157e+01 1.538230e+01
      vertex   8.115618e+01 -9.600514e+01 1.537603e+01
    endloop
  endfacet
  facet normal 8.293808e-01 5.342636e-01 -1.633703e-01
    outer loop
      vertex   8.004982e+01 -9.624488e+01 8.975369e+00
      vertex   8.115618e+01 -9.600514e+01 1.537603e+01
      vertex   8.025819e+01 -9.657557e+01 8.951738e+00
    endloop
  endfacet
  facet normal 8.293808e-01 5.342636e-01 -1.633703e-01
    outer loop
      vertex   8.025819e+01 -9.657557e+01 8.951738e+00
      vertex   8.115618e+01 -9.600514e+01 1.537603e+01
      vertex   8.136455e+01 -9.633583e+01 1.535240e+01
    endloop
  endfacet
  facet normal 6.633964e-01 7.346351e-01 -1.421847e-01
    outer loop
      vertex   8.025819e+01 -9.657557e+01 8.951738e+00
      vertex   8.136455e+01 -9.633583e+01 1.535240e+01
      vertex   8.054351e+01 -9.684085e+01 8.912356e+00
    endloop
  endfacet
  facet normal 6.633964e-01 7.346351e-01 -1.421847e-01
    outer loop
      vertex   8.054351e+01 -9.684085e+01 8.912356e+00
      vertex   8.136455e+01 -9.633583e+01 1.535240e+01
      vertex   8.164987e+01 -9.660111e+01 1.531302e+01
    endloop
  endfacet
  facet normal 4.522027e-01 8.849423e-01 -1.113093e-01
    outer loop
      vertex   8.054351e+01 -9.684085e+01 8.912356e+00
      vertex   8.164987e+01 -9.660111e+01 1.531302e+01
      vertex   8.088635e+01 -9.702263e+01 8.859905e+00
    endloop
  endfacet
  facet normal 4.522027e-01 8.849423e-01 -1.113093e-01
    outer loop
      vertex   8.088635e+01 -9.702263e+01 8.859905e+00
      vertex   8.164987e+01 -9.660111e+01 1.531302e+01
      vertex   8.199271e+01 -9.678290e+01 1.526057e+01
    endloop
  endfacet
  facet normal 2.101921e-01 9.749422e-01 -7.284845e-02
    outer loop
      vertex   8.088635e+01 -9.702263e+01 8.859905e+00
      vertex   8.199271e+01 -9.678290e+01 1.526057e+01
      vertex   8.126333e+01 -9.710854e+01 8.797960e+00
    endloop
  endfacet
  facet normal 2.101921e-01 9.749422e-01 -7.284845e-02
    outer loop
      vertex   8.126333e+01 -9.710854e+01 8.797960e+00
      vertex   8.199271e+01 -9.678290e+01 1.526057e+01
      vertex   8.236970e+01 -9.686880e+01 1.519862e+01
    endloop
  endfacet
  facet normal -4.614271e-02 9.985014e-01 -2.942308e-02
    outer loop
      vertex   8.126333e+01 -9.710854e+01 8.797960e+00
      vertex   8.236970e+01 -9.686880e+01 1.519862e+01
      vertex   8.164877e+01 -9.709271e+01 8.730743e+00
    endloop
  endfacet
  facet normal -4.614271e-02 9.985014e-01 -2.942308e-02
    outer loop
      vertex   8.164877e+01 -9.709271e+01 8.730743e+00
      vertex   8.236970e+01 -9.686880e+01 1.519862e+01
      vertex   8.275514e+01 -9.685297e+01 1.513141e+01
    endloop
  endfacet
  facet normal -2.993330e-01 9.540144e-01 1.600743e-02
    outer loop
      vertex   8.164877e+01 -9.709271e+01 8.730743e+00
      vertex   8.275514e+01 -9.685297e+01 1.513141e+01
      vertex   8.201641e+01 -9.697622e+01 8.662834e+00
    endloop
  endfacet
  facet normal -2.993330e-01 9.540144e-01 1.600743e-02
    outer loop
      vertex   8.201641e+01 -9.697622e+01 8.662834e+00
      vertex   8.275514e+01 -9.685297e+01 1.513141e+01
      vertex   8.312277e+01 -9.673648e+01 1.506350e+01
    endloop
  endfacet
  facet normal -5.321242e-01 8.445129e-01 6.034707e-02
    outer loop
      vertex   8.201641e+01 -9.697622e+01 8.662834e+00
      vertex   8.312277e+01 -9.673648e+01 1.506350e+01
      vertex   8.234117e+01 -9.676701e+01 8.598862e+00
    endloop
  endfacet
  facet normal -5.321242e-01 8.445129e-01 6.034707e-02
    outer loop
      vertex   8.234117e+01 -9.676701e+01 8.598862e+00
      vertex   8.312277e+01 -9.673648e+01 1.506350e+01
      vertex   8.344754e+01 -9.652728e+01 1.499953e+01
    endloop
  endfacet
  facet normal -7.286521e-01 6.774592e-01 1.005741e-01
    outer loop
      vertex   8.234117e+01 -9.676701e+01 8.598862e+00
      vertex   8.344754e+01 -9.652728e+01 1.499953e+01
      vertex   8.260095e+01 -9.647935e+01 8.543186e+00
    endloop
  endfacet
  facet normal -7.286521e-01 6.774592e-01 1.005741e-01
    outer loop
      vertex   8.260095e+01 -9.647935e+01 8.543186e+00
      vertex   8.344754e+01 -9.652728e+01 1.499953e+01
      vertex   8.370731e+01 -9.623961e+01 1.494385e+01
    endloop
  endfacet
  facet normal -8.755235e-01 4.642378e-01 1.339473e-01
    outer loop
      vertex   8.260095e+01 -9.647935e+01 8.543186e+00
      vertex   8.370731e+01 -9.623961e+01 1.494385e+01
      vertex   8.277802e+01 -9.613282e+01 8.499599e+00
    endloop
  endfacet
  facet normal -8.755235e-01 4.642378e-01 1.339473e-01
    outer loop
      vertex   8.277802e+01 -9.613282e+01 8.499599e+00
      vertex   8.370731e+01 -9.623961e+01 1.494385e+01
      vertex   8.388438e+01 -9.589308e+01 1.490026e+01
    endloop
  endfacet
  facet normal -9.627294e-01 2.193793e-01 1.581921e-01
    outer loop
      vertex   8.277802e+01 -9.613282e+01 8.499599e+00
      vertex   8.388438e+01 -9.589308e+01 1.490026e+01
      vertex   8.286032e+01 -9.575106e+01 8.471073e+00
    endloop
  endfacet
  facet normal -9.627294e-01 2.193793e-01 1.581921e-01
    outer loop
      vertex   8.286032e+01 -9.575106e+01 8.471073e+00
      vertex   8.388438e+01 -9.589308e+01 1.490026e+01
      vertex   8.396669e+01 -9.551132e+01 1.487174e+01
    endloop
  endfacet
  facet normal -2.117746e-01 9.773185e-01 -1.935710e-13
    outer loop
      vertex   4.517742e+01 -5.904203e+01 1.346248e+01
      vertex   4.517742e+01 -5.904203e+01 1.357011e+01
      vertex   4.519546e+01 -5.903812e+01 1.356684e+01
    endloop
  endfacet
  facet normal 1.702096e-01 3.688262e-02 9.847174e-01
    outer loop
      vertex   4.577707e+01 -5.893593e+01 1.346248e+01
      vertex   4.519546e+01 -5.903812e+01 1.356684e+01
      vertex   4.517742e+01 -5.904203e+01 1.357011e+01
    endloop
  endfacet
  facet normal 9.847270e-01 1.740798e-01 -2.987151e-03
    outer loop
      vertex   9.508471e+01 -5.021150e+01 -5.449106e+00
      vertex   9.253958e+01 -3.582725e+01 -6.202952e+00
      vertex   9.508742e+01 -5.021102e+01 -4.527342e+00
    endloop
  endfacet
  facet normal 9.847270e-01 1.740798e-01 -2.987151e-03
    outer loop
      vertex   9.508742e+01 -5.021102e+01 -4.527342e+00
      vertex   9.253958e+01 -3.582725e+01 -6.202952e+00
      vertex   9.253006e+01 -3.574635e+01 -4.627073e+00
    endloop
  endfacet
  facet normal 3.599289e-15 3.051442e-15 1.000000e+00
    outer loop
      vertex   3.986013e+01 -1.374109e+02 2.751416e+01
      vertex   4.183425e+01 -1.374109e+02 2.751416e+01
      vertex   3.986012e+01 -1.374109e+02 2.751416e+01
    endloop
  endfacet
  facet normal -2.906508e-15 -1.281551e-09 1.000000e+00
    outer loop
      vertex   3.986012e+01 -1.374109e+02 2.751416e+01
      vertex   4.183425e+01 -1.374109e+02 2.751416e+01
      vertex   4.183276e+01 -1.374109e+02 2.751416e+01
    endloop
  endfacet
  facet normal 0.000000e+00 0.000000e+00 1.000000e+00
    outer loop
      vertex   3.986012e+01 -1.374109e+02 2.751416e+01
      vertex   4.183276e+01 -1.374109e+02 2.751416e+01
      vertex   4.183127e+01 -1.374109e+02 2.751416e+01
    endloop
  endfacet
  facet normal 0.000000e+00 0.000000e+00 1.000000e+00
    outer loop
      vertex   4.183127e+01 -1.374109e+02 2.751416e+01
      vertex   4.182979e+01 -1.374109e+02 2.751416e+01
      vertex   3.986012e+01 -1.374109e+02 2.751416e+01
    endloop
  endfacet
  facet normal -1.257556e-14 1.000000e+00 -9.131260e-29
    outer loop
      vertex   4.034230e+01 -1.064873e+02 3.273447e+00
      vertex   3.582215e+01 -1.064873e+02 3.273447e+00
      vertex   4.034230e+01 -1.064873e+02 1.012336e+01
    endloop
  endfacet
  facet normal -1.727190e-14 1.000000e+00 3.099044e-15
    outer loop
      vertex   4.034230e+01 -1.064873e+02 1.012336e+01
      vertex   3.582215e+01 -1.064873e+02 3.273447e+00
      vertex   3.755162e+01 -1.064873e+02 1.291228e+01
    endloop
  endfacet
  facet normal -8.070302e-01 -1.416833e-01 -5.732610e-01
    outer loop
      vertex   3.805895e+01 -1.007839e+02 2.706649e+01
      vertex   3.885865e+01 -1.006505e+02 2.590772e+01
      vertex   4.065151e+01 -1.155512e+02 2.706649e+01
    endloop
  endfacet
  facet normal -8.070302e-01 -1.416833e-01 -5.732610e-01
    outer loop
      vertex   4.065151e+01 -1.155512e+02 2.706649e+01
      vertex   3.885865e+01 -1.006505e+02 2.590772e+01
      vertex   4.145001e+01 -1.154110e+02 2.590772e+01
    endloop
  endfacet
  facet normal 1.729167e-01 -9.849364e-01 2.184760e-14
    outer loop
      vertex   4.145001e+01 -1.154110e+02 2.590772e+01
      vertex   4.177795e+01 -1.153534e+02 2.779177e+01
      vertex   4.065151e+01 -1.155512e+02 2.706649e+01
    endloop
  endfacet
  facet normal 1.729167e-01 -9.849364e-01 -6.405897e-14
    outer loop
      vertex   4.065151e+01 -1.155512e+02 2.706649e+01
      vertex   4.177795e+01 -1.153534e+02 2.779177e+01
      vertex   4.077776e+01 -1.155290e+02 2.779177e+01
    endloop
  endfacet
  facet normal -1.649593e-16 9.330357e-16 1.000000e+00
    outer loop
      vertex   3.818432e+01 -1.007568e+02 2.779177e+01
      vertex   4.077776e+01 -1.155290e+02 2.779177e+01
      vertex   3.918431e+01 -1.005800e+02 2.779177e+01
    endloop
  endfacet
  facet normal -1.759762e-14 -9.251459e-16 1.000000e+00
    outer loop
      vertex   3.918431e+01 -1.005800e+02 2.779177e+01
      vertex   4.077776e+01 -1.155290e+02 2.779177e+01
      vertex   4.177795e+01 -1.153534e+02 2.779177e+01
    endloop
  endfacet
  facet normal -9.699071e-01 -1.702782e-01 1.740274e-01
    outer loop
      vertex   3.818432e+01 -1.007568e+02 2.779177e+01
      vertex   3.805895e+01 -1.007839e+02 2.706649e+01
      vertex   4.077776e+01 -1.155290e+02 2.779177e+01
    endloop
  endfacet
  facet normal -9.699071e-01 -1.702782e-01 1.740274e-01
    outer loop
      vertex   4.077776e+01 -1.155290e+02 2.779177e+01
      vertex   3.805895e+01 -1.007839e+02 2.706649e+01
      vertex   4.065151e+01 -1.155512e+02 2.706649e+01
    endloop
  endfacet
  facet normal 1.702096e-01 3.688262e-02 9.847174e-01
    outer loop
      vertex   4.156967e+01 -1.001627e+02 2.714728e+01
      vertex   4.156963e+01 -1.001627e+02 2.714728e+01
      vertex   4.189726e+01 -1.020141e+02 2.716000e+01
    endloop
  endfacet
  facet normal -1.752623e-01 -3.777032e-02 -9.837970e-01
    outer loop
      vertex   4.189726e+01 -1.020141e+02 2.716000e+01
      vertex   4.500747e+01 -1.195902e+02 2.728070e+01
      vertex   4.500715e+01 -1.195902e+02 2.728076e+01
    endloop
  endfacet
  facet normal -1.182083e-03 6.686045e-03 9.999769e-01
    outer loop
      vertex   3.708527e+01 -8.581747e+01 1.337833e+01
      vertex   3.700374e+01 -9.801770e+01 1.345981e+01
      vertex   4.892655e+01 -8.372394e+01 1.337833e+01
    endloop
  endfacet
  facet normal -1.182083e-03 6.686045e-03 9.999769e-01
    outer loop
      vertex   4.892655e+01 -8.372394e+01 1.337833e+01
      vertex   3.700374e+01 -9.801770e+01 1.345981e+01
      vertex   5.878186e+01 -9.416736e+01 1.345981e+01
    endloop
  endfacet
  facet normal -1.182083e-03 6.686045e-03 9.999769e-01
    outer loop
      vertex   4.892655e+01 -8.372394e+01 1.337833e+01
      vertex   5.878186e+01 -9.416736e+01 1.345981e+01
      vertex   5.645378e+01 -8.099937e+01 1.336901e+01
    endloop
  endfacet
  facet normal -9.699071e-01 -1.702782e-01 1.740274e-01
    outer loop
      vertex   3.032979e+01 -5.640704e+01 2.166416e+01
      vertex   3.032979e+01 -5.797545e+01 2.012954e+01
      vertex   3.543877e+01 -8.550786e+01 2.166416e+01
    endloop
  endfacet
  facet normal -9.699071e-01 -1.702782e-01 1.740274e-01
    outer loop
      vertex   3.543877e+01 -8.550786e+01 2.166416e+01
      vertex   3.032979e+01 -5.797545e+01 2.012954e+01
      vertex   3.453896e+01 -8.625010e+01 1.592302e+01
    endloop
  endfacet
  facet normal -9.699071e-01 -1.702782e-01 1.740274e-01
    outer loop
      vertex   3.543877e+01 -8.550786e+01 2.166416e+01
      vertex   3.453896e+01 -8.625010e+01 1.592302e+01
      vertex   3.626483e+01 -8.587612e+01 2.590772e+01
    endloop
  endfacet
  facet normal -9.699071e-01 -1.702782e-01 1.740274e-01
    outer loop
      vertex   3.626483e+01 -8.587612e+01 2.590772e+01
      vertex   3.619934e+01 -8.550308e+01 2.590772e+01
      vertex   3.543877e+01 -8.550786e+01 2.166416e+01
    endloop
  endfacet
  facet normal -8.070302e-01 -1.416833e-01 -5.732610e-01
    outer loop
      vertex   3.619934e+01 -8.550308e+01 2.590772e+01
      vertex   3.626483e+01 -8.587612e+01 2.590772e+01
      vertex   3.566260e+01 -8.550645e+01 2.666416e+01
    endloop
  endfacet
  facet normal -8.070302e-01 -1.416833e-01 -5.732610e-01
    outer loop
      vertex   3.566260e+01 -8.550645e+01 2.666416e+01
      vertex   3.626483e+01 -8.587612e+01 2.590772e+01
      vertex   3.546513e+01 -8.600952e+01 2.706649e+01
    endloop
  endfacet
  facet normal -8.070302e-01 -1.416833e-01 -5.732610e-01
    outer loop
      vertex   3.566260e+01 -8.550645e+01 2.666416e+01
      vertex   3.546513e+01 -8.600952e+01 2.706649e+01
      vertex   3.537703e+01 -8.550767e+01 2.706649e+01
    endloop
  endfacet
  facet normal -9.699071e-01 -1.702782e-01 1.740274e-01
    outer loop
      vertex   3.559050e+01 -8.598235e+01 2.779177e+01
      vertex   3.550684e+01 -8.550580e+01 2.779177e+01
      vertex   3.546513e+01 -8.600952e+01 2.706649e+01
    endloop
  endfacet
  facet normal -9.699071e-01 -1.702782e-01 1.740274e-01
    outer loop
      vertex   3.546513e+01 -8.600952e+01 2.706649e+01
      vertex   3.550684e+01 -8.550580e+01 2.779177e+01
      vertex   3.537703e+01 -8.550767e+01 2.706649e+01
    endloop
  endfacet
  facet normal -1.060286e-14 2.050372e-14 1.000000e+00
    outer loop
      vertex   3.550684e+01 -8.550580e+01 2.779177e+01
      vertex   3.559050e+01 -8.598235e+01 2.779177e+01
      vertex   3.652442e+01 -8.549941e+01 2.779177e+01
    endloop
  endfacet
  facet normal 0.000000e+00 0.000000e+00 1.000000e+00
    outer loop
      vertex   3.652442e+01 -8.549941e+01 2.779177e+01
      vertex   3.559050e+01 -8.598235e+01 2.779177e+01
      vertex   3.659049e+01 -8.580556e+01 2.779177e+01
    endloop
  endfacet
  facet normal 3.585410e-14 7.737397e-15 1.000000e+00
    outer loop
      vertex   3.652442e+01 -8.549941e+01 2.779177e+01
      vertex   3.659049e+01 -8.580556e+01 2.779177e+01
      vertex   3.313212e+01 -6.610661e+01 2.779177e+01
    endloop
  endfacet
  facet normal -2.496331e-16 1.421914e-15 1.000000e+00
    outer loop
      vertex   3.313212e+01 -6.610661e+01 2.779177e+01
      vertex   3.312466e+01 -6.610792e+01 2.779177e+01
      vertex   3.652442e+01 -8.549941e+01 2.779177e+01
    endloop
  endfacet
  facet normal -9.849765e-01 -1.726883e-01 1.542137e-14
    outer loop
      vertex   3.694547e+01 -8.549336e+01 2.914440e+01
      vertex   3.694547e+01 -8.549336e+01 3.007563e+01
      vertex   3.032979e+01 -4.775897e+01 2.914440e+01
    endloop
  endfacet
  facet normal -9.849765e-01 -1.726883e-01 -9.445653e-15
    outer loop
      vertex   3.032979e+01 -4.775897e+01 2.914440e+01
      vertex   3.694547e+01 -8.549336e+01 3.007563e+01
      vertex   3.032979e+01 -4.775897e+01 3.012591e+01
    endloop
  endfacet
  facet normal -1.729167e-01 9.849364e-01 6.473222e-15
    outer loop
      vertex   3.312466e+01 -6.610792e+01 2.779177e+01
      vertex   3.313212e+01 -6.610661e+01 2.779177e+01
      vertex   3.292839e+01 -6.614238e+01 2.666416e+01
    endloop
  endfacet
  facet normal -1.729167e-01 9.849364e-01 6.538599e-13
    outer loop
      vertex   3.292839e+01 -6.614238e+01 2.666416e+01
      vertex   3.313212e+01 -6.610661e+01 2.779177e+01
      vertex   3.292839e+01 -6.614238e+01 2.662135e+01
    endloop
  endfacet
  facet normal 9.849765e-01 1.726883e-01 -6.069223e-13
    outer loop
      vertex   3.032979e+01 -5.132052e+01 2.666416e+01
      vertex   3.292839e+01 -6.614238e+01 2.666416e+01
      vertex   3.032979e+01 -5.132052e+01 2.664110e+01
    endloop
  endfacet
  facet normal 9.849765e-01 1.726883e-01 1.102909e-13
    outer loop
      vertex   3.032979e+01 -5.132052e+01 2.664110e+01
      vertex   3.292839e+01 -6.614238e+01 2.666416e+01
      vertex   3.292839e+01 -6.614238e+01 2.662135e+01
    endloop
  endfacet
  facet normal -6.379692e-14 -9.749486e-15 1.000000e+00
    outer loop
      vertex   3.677856e+01 -8.549441e+01 2.914440e+01
      vertex   3.694547e+01 -8.549336e+01 2.914440e+01
      vertex   3.032979e+01 -4.876209e+01 2.914440e+01
    endloop
  endfacet
  facet normal -9.666259e-15 -1.027039e-28 1.000000e+00
    outer loop
      vertex   3.032979e+01 -4.876209e+01 2.914440e+01
      vertex   3.694547e+01 -8.549336e+01 2.914440e+01
      vertex   3.032979e+01 -4.775897e+01 2.914440e+01
    endloop
  endfacet
  facet normal -6.286203e-03 9.999802e-01 -4.573211e-14
    outer loop
      vertex   3.677856e+01 -8.549441e+01 2.914440e+01
      vertex   3.694547e+01 -8.549336e+01 3.007563e+01
      vertex   3.694547e+01 -8.549336e+01 2.914440e+01
    endloop
  endfacet
  facet normal -8.068127e-01 -1.416452e-01 -5.735764e-01
    outer loop
      vertex   3.032979e+01 -8.552818e+01 2.885565e+01
      vertex   3.032979e+01 -5.640704e+01 2.166416e+01
      vertex   3.470757e+01 -8.550066e+01 2.269092e+01
    endloop
  endfacet
  facet normal -8.068135e-01 -1.416452e-01 -5.735752e-01
    outer loop
      vertex   3.470757e+01 -8.550066e+01 2.269092e+01
      vertex   3.032979e+01 -5.640704e+01 2.166416e+01
      vertex   3.543877e+01 -8.550786e+01 2.166416e+01
    endloop
  endfacet
  facet normal -8.068135e-01 -1.416452e-01 -5.735752e-01
    outer loop
      vertex   3.470757e+01 -8.550066e+01 2.269092e+01
      vertex   3.543877e+01 -8.550786e+01 2.166416e+01
      vertex   3.470963e+01 -8.551244e+01 2.269092e+01
    endloop
  endfacet
  facet normal 9.699469e-01 1.700532e-01 -1.740258e-01
    outer loop
      vertex   3.032979e+01 -5.132052e+01 2.666416e+01
      vertex   3.032979e+01 -4.878233e+01 2.914440e+01
      vertex   3.312466e+01 -6.610792e+01 2.779177e+01
    endloop
  endfacet
  facet normal 9.699469e-01 1.700532e-01 -1.740258e-01
    outer loop
      vertex   3.312466e+01 -6.610792e+01 2.779177e+01
      vertex   3.032979e+01 -4.878233e+01 2.914440e+01
      vertex   3.676650e+01 -8.549593e+01 2.914440e+01
    endloop
  endfacet
  facet normal 9.699469e-01 1.700532e-01 -1.740258e-01
    outer loop
      vertex   3.312466e+01 -6.610792e+01 2.779177e+01
      vertex   3.676650e+01 -8.549593e+01 2.914440e+01
      vertex   3.652442e+01 -8.549941e+01 2.779177e+01
    endloop
  endfacet
  facet normal 9.699469e-01 1.700532e-01 -1.740258e-01
    outer loop
      vertex   3.312466e+01 -6.610792e+01 2.779177e+01
      vertex   3.292839e+01 -6.614238e+01 2.666416e+01
      vertex   3.032979e+01 -5.132052e+01 2.666416e+01
    endloop
  endfacet
  facet normal -6.111323e-15 -8.045709e-16 1.000000e+00
    outer loop
      vertex   3.151941e+01 -8.131730e+01 2.914440e+01
      vertex   3.146149e+01 -8.087731e+01 2.914440e+01
      vertex   3.032979e+01 -8.552818e+01 2.914440e+01
    endloop
  endfacet
  facet normal -2.052008e-14 2.701520e-15 1.000000e+00
    outer loop
      vertex   3.032979e+01 -8.552818e+01 2.914440e+01
      vertex   3.146149e+01 -8.087731e+01 2.914440e+01
      vertex   3.151941e+01 -8.043732e+01 2.914440e+01
    endloop
  endfacet
  facet normal -9.372983e-15 9.668340e-17 1.000000e+00
    outer loop
      vertex   3.032979e+01 -8.552818e+01 2.914440e+01
      vertex   3.151941e+01 -8.043732e+01 2.914440e+01
      vertex   3.032979e+01 -4.878233e+01 2.914440e+01
    endloop
  endfacet
  facet normal -9.936584e-16 4.115868e-16 1.000000e+00
    outer loop
      vertex   3.032979e+01 -4.878233e+01 2.914440e+01
      vertex   3.151941e+01 -8.043732e+01 2.914440e+01
      vertex   3.168925e+01 -8.002731e+01 2.914440e+01
    endloop
  endfacet
  facet normal -1.300560e-14 -1.110483e-16 1.000000e+00
    outer loop
      vertex   3.032979e+01 -4.878233e+01 2.914440e+01
      vertex   3.168925e+01 -8.002731e+01 2.914440e+01
      vertex   3.195941e+01 -7.967523e+01 2.914440e+01
    endloop
  endfacet
  facet normal -1.012210e-14 4.105806e-17 1.000000e+00
    outer loop
      vertex   3.195941e+01 -7.967523e+01 2.914440e+01
      vertex   3.231149e+01 -7.940506e+01 2.914440e+01
      vertex   3.032979e+01 -4.878233e+01 2.914440e+01
    endloop
  endfacet
  facet normal -2.808043e-16 6.779216e-16 1.000000e+00
    outer loop
      vertex   3.032979e+01 -4.878233e+01 2.914440e+01
      vertex   3.231149e+01 -7.940506e+01 2.914440e+01
      vertex   3.272150e+01 -7.923523e+01 2.914440e+01
    endloop
  endfacet
  facet normal -1.607492e-14 -5.625154e-16 1.000000e+00
    outer loop
      vertex   3.032979e+01 -4.878233e+01 2.914440e+01
      vertex   3.272150e+01 -7.923523e+01 2.914440e+01
      vertex   3.316149e+01 -7.917731e+01 2.914440e+01
    endloop
  endfacet
  facet normal -8.050120e-15 1.851025e-16 1.000000e+00
    outer loop
      vertex   3.316149e+01 -7.917731e+01 2.914440e+01
      vertex   3.360148e+01 -7.923523e+01 2.914440e+01
      vertex   3.032979e+01 -4.878233e+01 2.914440e+01
    endloop
  endfacet
  facet normal 4.551641e-16 1.098863e-15 1.000000e+00
    outer loop
      vertex   3.032979e+01 -4.878233e+01 2.914440e+01
      vertex   3.360148e+01 -7.923523e+01 2.914440e+01
      vertex   3.401149e+01 -7.940506e+01 2.914440e+01
    endloop
  endfacet
  facet normal -1.023348e-14 -1.862075e-16 1.000000e+00
    outer loop
      vertex   3.032979e+01 -4.878233e+01 2.914440e+01
      vertex   3.401149e+01 -7.940506e+01 2.914440e+01
      vertex   3.436357e+01 -7.967523e+01 2.914440e+01
    endloop
  endfacet
  facet normal -1.404089e-14 -6.833524e-16 1.000000e+00
    outer loop
      vertex   3.436357e+01 -7.967523e+01 2.914440e+01
      vertex   3.463373e+01 -8.002731e+01 2.914440e+01
      vertex   3.032979e+01 -4.878233e+01 2.914440e+01
    endloop
  endfacet
  facet normal 4.524100e-15 1.873943e-15 1.000000e+00
    outer loop
      vertex   3.032979e+01 -4.878233e+01 2.914440e+01
      vertex   3.463373e+01 -8.002731e+01 2.914440e+01
      vertex   3.480356e+01 -8.043732e+01 2.914440e+01
    endloop
  endfacet
  facet normal -6.382751e-15 3.324869e-16 1.000000e+00
    outer loop
      vertex   3.032979e+01 -4.878233e+01 2.914440e+01
      vertex   3.480356e+01 -8.043732e+01 2.914440e+01
      vertex   3.676650e+01 -8.549593e+01 2.914440e+01
    endloop
  endfacet
  facet normal -1.095708e-14 -1.442526e-15 1.000000e+00
    outer loop
      vertex   3.676650e+01 -8.549593e+01 2.914440e+01
      vertex   3.480356e+01 -8.043732e+01 2.914440e+01
      vertex   3.486149e+01 -8.087731e+01 2.914440e+01
    endloop
  endfacet
  facet normal -8.630559e-15 -4.829248e-16 1.000000e+00
    outer loop
      vertex   3.676650e+01 -8.549593e+01 2.914440e+01
      vertex   3.486149e+01 -8.087731e+01 2.914440e+01
      vertex   3.470900e+01 -8.550886e+01 2.914440e+01
    endloop
  endfacet
  facet normal 7.769366e-15 -1.022856e-15 1.000000e+00
    outer loop
      vertex   3.470900e+01 -8.550886e+01 2.914440e+01
      vertex   3.486149e+01 -8.087731e+01 2.914440e+01
      vertex   3.480356e+01 -8.131730e+01 2.914440e+01
    endloop
  endfacet
  facet normal -4.283309e-15 -7.509593e-16 1.000000e+00
    outer loop
      vertex   3.470900e+01 -8.550886e+01 2.914440e+01
      vertex   3.480356e+01 -8.131730e+01 2.914440e+01
      vertex   3.470757e+01 -8.550066e+01 2.914440e+01
    endloop
  endfacet
  facet normal 2.170512e-15 -8.990554e-16 1.000000e+00
    outer loop
      vertex   3.470757e+01 -8.550066e+01 2.914440e+01
      vertex   3.480356e+01 -8.131730e+01 2.914440e+01
      vertex   3.463373e+01 -8.172731e+01 2.914440e+01
    endloop
  endfacet
  facet normal -1.162681e-14 -1.169034e-15 1.000000e+00
    outer loop
      vertex   3.470757e+01 -8.550066e+01 2.914440e+01
      vertex   3.463373e+01 -8.172731e+01 2.914440e+01
      vertex   3.436357e+01 -8.207939e+01 2.914440e+01
    endloop
  endfacet
  facet normal -9.367851e-15 -9.419039e-16 1.000000e+00
    outer loop
      vertex   3.436357e+01 -8.207939e+01 2.914440e+01
      vertex   3.401149e+01 -8.234955e+01 2.914440e+01
      vertex   3.470757e+01 -8.550066e+01 2.914440e+01
    endloop
  endfacet
  facet normal -4.278557e-16 1.032935e-15 1.000000e+00
    outer loop
      vertex   3.470757e+01 -8.550066e+01 2.914440e+01
      vertex   3.401149e+01 -8.234955e+01 2.914440e+01
      vertex   3.360148e+01 -8.251938e+01 2.914440e+01
    endloop
  endfacet
  facet normal -7.848043e-15 -1.720031e-15 1.000000e+00
    outer loop
      vertex   3.470757e+01 -8.550066e+01 2.914440e+01
      vertex   3.360148e+01 -8.251938e+01 2.914440e+01
      vertex   3.316149e+01 -8.257731e+01 2.914440e+01
    endloop
  endfacet
  facet normal -1.701360e-14 -6.567431e-15 1.000000e+00
    outer loop
      vertex   3.316149e+01 -8.257731e+01 2.914440e+01
      vertex   3.272150e+01 -8.251938e+01 2.914440e+01
      vertex   3.470757e+01 -8.550066e+01 2.914440e+01
    endloop
  endfacet
  facet normal -7.303182e-15 -9.854190e-17 1.000000e+00
    outer loop
      vertex   3.470757e+01 -8.550066e+01 2.914440e+01
      vertex   3.272150e+01 -8.251938e+01 2.914440e+01
      vertex   3.032979e+01 -8.552818e+01 2.914440e+01
    endloop
  endfacet
  facet normal -1.839718e-15 -4.441472e-15 1.000000e+00
    outer loop
      vertex   3.032979e+01 -8.552818e+01 2.914440e+01
      vertex   3.272150e+01 -8.251938e+01 2.914440e+01
      vertex   3.231149e+01 -8.234955e+01 2.914440e+01
    endloop
  endfacet
  facet normal -9.725984e-15 4.751767e-16 1.000000e+00
    outer loop
      vertex   3.032979e+01 -8.552818e+01 2.914440e+01
      vertex   3.231149e+01 -8.234955e+01 2.914440e+01
      vertex   3.195941e+01 -8.207939e+01 2.914440e+01
    endloop
  endfacet
  facet normal -1.146202e-14 1.295485e-15 1.000000e+00
    outer loop
      vertex   3.195941e+01 -8.207939e+01 2.914440e+01
      vertex   3.168925e+01 -8.172731e+01 2.914440e+01
      vertex   3.032979e+01 -8.552818e+01 2.914440e+01
    endloop
  endfacet
  facet normal -3.632842e-15 -1.504772e-15 1.000000e+00
    outer loop
      vertex   3.032979e+01 -8.552818e+01 2.914440e+01
      vertex   3.168925e+01 -8.172731e+01 2.914440e+01
      vertex   3.151941e+01 -8.131730e+01 2.914440e+01
    endloop
  endfacet
  facet normal 6.286203e-03 -9.999802e-01 -4.944544e-14
    outer loop
      vertex   3.032979e+01 -8.552818e+01 2.914440e+01
      vertex   3.032979e+01 -8.552818e+01 2.885565e+01
      vertex   3.470757e+01 -8.550066e+01 2.914440e+01
    endloop
  endfacet
  facet normal 6.286203e-03 -9.999802e-01 4.152747e-17
    outer loop
      vertex   3.470757e+01 -8.550066e+01 2.914440e+01
      vertex   3.032979e+01 -8.552818e+01 2.885565e+01
      vertex   3.470757e+01 -8.550066e+01 2.269092e+01
    endloop
  endfacet
  facet normal -8.808367e-01 -4.734199e-01 -4.923203e-04
    outer loop
      vertex   5.305994e+01 -3.437435e+01 1.966185e+01
      vertex   5.321014e+01 -3.465070e+01 1.666199e+01
      vertex   5.320824e+01 -3.465029e+01 1.966199e+01
    endloop
  endfacet
  facet normal -7.282929e-01 -6.852658e-01 -3.667821e-04
    outer loop
      vertex   5.320824e+01 -3.465029e+01 1.966199e+01
      vertex   5.321014e+01 -3.465070e+01 1.666199e+01
      vertex   5.342481e+01 -3.487884e+01 1.666215e+01
    endloop
  endfacet
  facet normal -7.282929e-01 -6.852658e-01 -3.667821e-04
    outer loop
      vertex   5.320824e+01 -3.465029e+01 1.966199e+01
      vertex   5.342481e+01 -3.487884e+01 1.666215e+01
      vertex   5.342291e+01 -3.487843e+01 1.966215e+01
    endloop
  endfacet
  facet normal -5.261171e-01 -8.504121e-01 -2.162484e-04
    outer loop
      vertex   5.342291e+01 -3.487843e+01 1.966215e+01
      vertex   5.342481e+01 -3.487884e+01 1.666215e+01
      vertex   5.369121e+01 -3.504366e+01 1.666234e+01
    endloop
  endfacet
  facet normal -5.261171e-01 -8.504121e-01 -2.162484e-04
    outer loop
      vertex   5.342291e+01 -3.487843e+01 1.966215e+01
      vertex   5.369121e+01 -3.504366e+01 1.666234e+01
      vertex   5.368931e+01 -3.504325e+01 1.966234e+01
    endloop
  endfacet
  facet normal -2.880874e-01 -9.576041e-01 -5.097768e-05
    outer loop
      vertex   5.368931e+01 -3.504325e+01 1.966234e+01
      vertex   5.369121e+01 -3.504366e+01 1.666234e+01
      vertex   5.399119e+01 -3.513390e+01 1.666255e+01
    endloop
  endfacet
  facet normal -2.880874e-01 -9.576041e-01 -5.097768e-05
    outer loop
      vertex   5.368931e+01 -3.504325e+01 1.966234e+01
      vertex   5.399119e+01 -3.513390e+01 1.666255e+01
      vertex   5.398929e+01 -3.513349e+01 1.966255e+01
    endloop
  endfacet
  facet normal -3.042488e-02 -9.995370e-01 1.177671e-04
    outer loop
      vertex   5.398929e+01 -3.513349e+01 1.966255e+01
      vertex   5.399119e+01 -3.513390e+01 1.666255e+01
      vertex   5.430431e+01 -3.514344e+01 1.666275e+01
    endloop
  endfacet
  facet normal -3.042488e-02 -9.995370e-01 1.177671e-04
    outer loop
      vertex   5.398929e+01 -3.513349e+01 1.966255e+01
      vertex   5.430431e+01 -3.514344e+01 1.666275e+01
      vertex   5.430241e+01 -3.514302e+01 1.966274e+01
    endloop
  endfacet
  facet normal 2.293110e-01 -9.733532e-01 2.784862e-04
    outer loop
      vertex   5.430241e+01 -3.514302e+01 1.966274e+01
      vertex   5.430431e+01 -3.514344e+01 1.666275e+01
      vertex   5.460922e+01 -3.507160e+01 1.666293e+01
    endloop
  endfacet
  facet normal 2.293110e-01 -9.733532e-01 2.784862e-04
    outer loop
      vertex   5.430241e+01 -3.514302e+01 1.966274e+01
      vertex   5.460922e+01 -3.507160e+01 1.666293e+01
      vertex   5.460733e+01 -3.507119e+01 1.966293e+01
    endloop
  endfacet
  facet normal 4.734197e-01 -8.808369e-01 4.202269e-04
    outer loop
      vertex   5.460733e+01 -3.507119e+01 1.966293e+01
      vertex   5.460922e+01 -3.507160e+01 1.666293e+01
      vertex   5.488516e+01 -3.492330e+01 1.666308e+01
    endloop
  endfacet
  facet normal 4.734197e-01 -8.808369e-01 4.202269e-04
    outer loop
      vertex   5.460733e+01 -3.507119e+01 1.966293e+01
      vertex   5.488516e+01 -3.492330e+01 1.666308e+01
      vertex   5.488326e+01 -3.492288e+01 1.966308e+01
    endloop
  endfacet
  facet normal 6.852656e-01 -7.282930e-01 5.333299e-04
    outer loop
      vertex   5.488326e+01 -3.492288e+01 1.966308e+01
      vertex   5.488516e+01 -3.492330e+01 1.666308e+01
      vertex   5.511330e+01 -3.470863e+01 1.666320e+01
    endloop
  endfacet
  facet normal 6.852656e-01 -7.282930e-01 5.333299e-04
    outer loop
      vertex   5.488326e+01 -3.492288e+01 1.966308e+01
      vertex   5.511330e+01 -3.470863e+01 1.666320e+01
      vertex   5.511141e+01 -3.470822e+01 1.966320e+01
    endloop
  endfacet
  facet normal 8.504119e-01 -5.261172e-01 6.100873e-04
    outer loop
      vertex   5.511141e+01 -3.470822e+01 1.966320e+01
      vertex   5.511330e+01 -3.470863e+01 1.666320e+01
      vertex   5.527812e+01 -3.444223e+01 1.666327e+01
    endloop
  endfacet
  facet normal 8.504119e-01 -5.261172e-01 6.100873e-04
    outer loop
      vertex   5.511141e+01 -3.470822e+01 1.966320e+01
      vertex   5.527812e+01 -3.444223e+01 1.666327e+01
      vertex   5.527622e+01 -3.444181e+01 1.966326e+01
    endloop
  endfacet
  facet normal 9.576039e-01 -2.880873e-01 6.452683e-04
    outer loop
      vertex   5.527622e+01 -3.444181e+01 1.966326e+01
      vertex   5.527812e+01 -3.444223e+01 1.666327e+01
      vertex   5.536836e+01 -3.414224e+01 1.666328e+01
    endloop
  endfacet
  facet normal 9.576039e-01 -2.880873e-01 6.452683e-04
    outer loop
      vertex   5.527622e+01 -3.444181e+01 1.966326e+01
      vertex   5.536836e+01 -3.414224e+01 1.666328e+01
      vertex   5.536647e+01 -3.414183e+01 1.966328e+01
    endloop
  endfacet
  facet normal 9.995369e-01 -3.042480e-02 6.364753e-04
    outer loop
      vertex   5.536647e+01 -3.414183e+01 1.966328e+01
      vertex   5.536836e+01 -3.414224e+01 1.666328e+01
      vertex   5.537790e+01 -3.382913e+01 1.666324e+01
    endloop
  endfacet
  facet normal 9.995369e-01 -3.042480e-02 6.364753e-04
    outer loop
      vertex   5.536647e+01 -3.414183e+01 1.966328e+01
      vertex   5.537790e+01 -3.382913e+01 1.666324e+01
      vertex   5.537600e+01 -3.382871e+01 1.966324e+01
    endloop
  endfacet
  facet normal 9.733530e-01 2.293111e-01 5.843076e-04
    outer loop
      vertex   5.537600e+01 -3.382871e+01 1.966324e+01
      vertex   5.537790e+01 -3.382913e+01 1.666324e+01
      vertex   5.530606e+01 -3.352421e+01 1.666316e+01
    endloop
  endfacet
  facet normal 9.733530e-01 2.293111e-01 5.843076e-04
    outer loop
      vertex   5.537600e+01 -3.382871e+01 1.966324e+01
      vertex   5.530606e+01 -3.352421e+01 1.666316e+01
      vertex   5.530416e+01 -3.352380e+01 1.966316e+01
    endloop
  endfacet
  facet normal 8.808367e-01 4.734199e-01 4.923203e-04
    outer loop
      vertex   5.530416e+01 -3.352380e+01 1.966316e+01
      vertex   5.530606e+01 -3.352421e+01 1.666316e+01
      vertex   5.515776e+01 -3.324828e+01 1.666303e+01
    endloop
  endfacet
  facet normal 8.808367e-01 4.734199e-01 4.923203e-04
    outer loop
      vertex   5.530416e+01 -3.352380e+01 1.966316e+01
      vertex   5.515776e+01 -3.324828e+01 1.666303e+01
      vertex   5.515586e+01 -3.324787e+01 1.966303e+01
    endloop
  endfacet
  facet normal 7.282929e-01 6.852658e-01 3.667821e-04
    outer loop
      vertex   5.515586e+01 -3.324787e+01 1.966303e+01
      vertex   5.515776e+01 -3.324828e+01 1.666303e+01
      vertex   5.494309e+01 -3.302013e+01 1.666286e+01
    endloop
  endfacet
  facet normal 7.282929e-01 6.852658e-01 3.667821e-04
    outer loop
      vertex   5.515586e+01 -3.324787e+01 1.966303e+01
      vertex   5.494309e+01 -3.302013e+01 1.666286e+01
      vertex   5.494119e+01 -3.301972e+01 1.966286e+01
    endloop
  endfacet
  facet normal 5.261171e-01 8.504121e-01 2.162484e-04
    outer loop
      vertex   5.494119e+01 -3.301972e+01 1.966286e+01
      vertex   5.494309e+01 -3.302013e+01 1.666286e+01
      vertex   5.467669e+01 -3.285532e+01 1.666267e+01
    endloop
  endfacet
  facet normal 5.261171e-01 8.504121e-01 2.162484e-04
    outer loop
      vertex   5.494119e+01 -3.301972e+01 1.966286e+01
      vertex   5.467669e+01 -3.285532e+01 1.666267e+01
      vertex   5.467479e+01 -3.285491e+01 1.966267e+01
    endloop
  endfacet
  facet normal 2.880874e-01 9.576041e-01 5.097768e-05
    outer loop
      vertex   5.467479e+01 -3.285491e+01 1.966267e+01
      vertex   5.467669e+01 -3.285532e+01 1.666267e+01
      vertex   5.437670e+01 -3.276507e+01 1.666247e+01
    endloop
  endfacet
  facet normal 2.880874e-01 9.576041e-01 5.097768e-05
    outer loop
      vertex   5.467479e+01 -3.285491e+01 1.966267e+01
      vertex   5.437670e+01 -3.276507e+01 1.666247e+01
      vertex   5.437481e+01 -3.276466e+01 1.966246e+01
    endloop
  endfacet
  facet normal 3.042488e-02 9.995370e-01 -1.177671e-04
    outer loop
      vertex   5.437481e+01 -3.276466e+01 1.966246e+01
      vertex   5.437670e+01 -3.276507e+01 1.666247e+01
      vertex   5.406359e+01 -3.275554e+01 1.666227e+01
    endloop
  endfacet
  facet normal 3.042488e-02 9.995370e-01 -1.177671e-04
    outer loop
      vertex   5.437481e+01 -3.276466e+01 1.966246e+01
      vertex   5.406359e+01 -3.275554e+01 1.666227e+01
      vertex   5.406169e+01 -3.275513e+01 1.966227e+01
    endloop
  endfacet
  facet normal -2.293110e-01 9.733532e-01 -2.784862e-04
    outer loop
      vertex   5.406169e+01 -3.275513e+01 1.966227e+01
      vertex   5.406359e+01 -3.275554e+01 1.666227e+01
      vertex   5.375867e+01 -3.282737e+01 1.666208e+01
    endloop
  endfacet
  facet normal -2.293110e-01 9.733532e-01 -2.784862e-04
    outer loop
      vertex   5.406169e+01 -3.275513e+01 1.966227e+01
      vertex   5.375867e+01 -3.282737e+01 1.666208e+01
      vertex   5.375677e+01 -3.282696e+01 1.966208e+01
    endloop
  endfacet
  facet normal -4.734197e-01 8.808369e-01 -4.202269e-04
    outer loop
      vertex   5.375677e+01 -3.282696e+01 1.966208e+01
      vertex   5.375867e+01 -3.282737e+01 1.666208e+01
      vertex   5.348274e+01 -3.297568e+01 1.666193e+01
    endloop
  endfacet
  facet normal -4.734197e-01 8.808369e-01 -4.202269e-04
    outer loop
      vertex   5.375677e+01 -3.282696e+01 1.966208e+01
      vertex   5.348274e+01 -3.297568e+01 1.666193e+01
      vertex   5.348084e+01 -3.297527e+01 1.966193e+01
    endloop
  endfacet
  facet normal -6.852656e-01 7.282930e-01 -5.333299e-04
    outer loop
      vertex   5.348084e+01 -3.297527e+01 1.966193e+01
      vertex   5.348274e+01 -3.297568e+01 1.666193e+01
      vertex   5.325459e+01 -3.319035e+01 1.666181e+01
    endloop
  endfacet
  facet normal -6.852656e-01 7.282930e-01 -5.333299e-04
    outer loop
      vertex   5.348084e+01 -3.297527e+01 1.966193e+01
      vertex   5.325459e+01 -3.319035e+01 1.666181e+01
      vertex   5.325269e+01 -3.318994e+01 1.966181e+01
    endloop
  endfacet
  facet normal -8.504119e-01 5.261172e-01 -6.100873e-04
    outer loop
      vertex   5.325269e+01 -3.318994e+01 1.966181e+01
      vertex   5.325459e+01 -3.319035e+01 1.666181e+01
      vertex   5.308978e+01 -3.345675e+01 1.666175e+01
    endloop
  endfacet
  facet normal -8.504119e-01 5.261172e-01 -6.100873e-04
    outer loop
      vertex   5.325269e+01 -3.318994e+01 1.966181e+01
      vertex   5.308978e+01 -3.345675e+01 1.666175e+01
      vertex   5.308788e+01 -3.345634e+01 1.966175e+01
    endloop
  endfacet
  facet normal -9.576039e-01 2.880873e-01 -6.452683e-04
    outer loop
      vertex   5.308788e+01 -3.345634e+01 1.966175e+01
      vertex   5.308978e+01 -3.345675e+01 1.666175e+01
      vertex   5.299953e+01 -3.375673e+01 1.666173e+01
    endloop
  endfacet
  facet normal -9.576039e-01 2.880873e-01 -6.452683e-04
    outer loop
      vertex   5.308788e+01 -3.345634e+01 1.966175e+01
      vertex   5.299953e+01 -3.375673e+01 1.666173e+01
      vertex   5.299763e+01 -3.375632e+01 1.966173e+01
    endloop
  endfacet
  facet normal -9.995369e-01 3.042480e-02 -6.364753e-04
    outer loop
      vertex   5.299763e+01 -3.375632e+01 1.966173e+01
      vertex   5.299953e+01 -3.375673e+01 1.666173e+01
      vertex   5.299000e+01 -3.406985e+01 1.666177e+01
    endloop
  endfacet
  facet normal -9.995369e-01 3.042480e-02 -6.364753e-04
    outer loop
      vertex   5.299763e+01 -3.375632e+01 1.966173e+01
      vertex   5.299000e+01 -3.406985e+01 1.666177e+01
      vertex   5.298810e+01 -3.406944e+01 1.966177e+01
    endloop
  endfacet
  facet normal -9.733530e-01 -2.293111e-01 -5.843076e-04
    outer loop
      vertex   5.298810e+01 -3.406944e+01 1.966177e+01
      vertex   5.299000e+01 -3.406985e+01 1.666177e+01
      vertex   5.306183e+01 -3.437476e+01 1.666185e+01
    endloop
  endfacet
  facet normal -9.733530e-01 -2.293111e-01 -5.843076e-04
    outer loop
      vertex   5.298810e+01 -3.406944e+01 1.966177e+01
      vertex   5.306183e+01 -3.437476e+01 1.666185e+01
      vertex   5.305994e+01 -3.437435e+01 1.966185e+01
    endloop
  endfacet
  facet normal -8.808367e-01 -4.734199e-01 -4.923203e-04
    outer loop
      vertex   5.305994e+01 -3.437435e+01 1.966185e+01
      vertex   5.306183e+01 -3.437476e+01 1.666185e+01
      vertex   5.321014e+01 -3.465070e+01 1.666199e+01
    endloop
  endfacet
  facet normal -1.742324e-01 9.847046e-01 1.107249e-14
    outer loop
      vertex   7.677366e+01 -3.821844e+01 7.303469e+00
      vertex   7.290996e+01 -3.890208e+01 7.303469e+00
      vertex   7.684181e+01 -3.820638e+01 7.821107e+00
    endloop
  endfacet
  facet normal -1.742324e-01 9.847046e-01 7.391933e-15
    outer loop
      vertex   7.684181e+01 -3.820638e+01 7.821107e+00
      vertex   7.290996e+01 -3.890208e+01 7.303469e+00
      vertex   7.284181e+01 -3.891413e+01 7.821107e+00
    endloop
  endfacet
  facet normal -1.742324e-01 9.847046e-01 -1.100540e-14
    outer loop
      vertex   7.684181e+01 -3.820638e+01 7.821107e+00
      vertex   7.284181e+01 -3.891413e+01 7.821107e+00
      vertex   7.677366e+01 -3.821844e+01 8.338745e+00
    endloop
  endfacet
  facet normal -1.742324e-01 9.847046e-01 -7.215395e-15
    outer loop
      vertex   7.677366e+01 -3.821844e+01 8.338745e+00
      vertex   7.284181e+01 -3.891413e+01 7.821107e+00
      vertex   7.290996e+01 -3.890208e+01 8.338745e+00
    endloop
  endfacet
  facet normal -1.742324e-01 9.847046e-01 -1.158528e-15
    outer loop
      vertex   7.677366e+01 -3.821844e+01 8.338745e+00
      vertex   7.290996e+01 -3.890208e+01 8.338745e+00
      vertex   7.657386e+01 -3.825379e+01 8.821107e+00
    endloop
  endfacet
  facet normal -1.742324e-01 9.847046e-01 5.757517e-15
    outer loop
      vertex   7.657386e+01 -3.825379e+01 8.821107e+00
      vertex   7.290996e+01 -3.890208e+01 8.338745e+00
      vertex   7.310976e+01 -3.886672e+01 8.821107e+00
    endloop
  endfacet
  facet normal -1.742324e-01 9.847046e-01 -2.952385e-15
    outer loop
      vertex   7.657386e+01 -3.825379e+01 8.821107e+00
      vertex   7.310976e+01 -3.886672e+01 8.821107e+00
      vertex   7.625602e+01 -3.831003e+01 9.235321e+00
    endloop
  endfacet
  facet normal -1.742324e-01 9.847046e-01 -8.398261e-15
    outer loop
      vertex   7.625602e+01 -3.831003e+01 9.235321e+00
      vertex   7.310976e+01 -3.886672e+01 8.821107e+00
      vertex   7.342760e+01 -3.881049e+01 9.235321e+00
    endloop
  endfacet
  facet normal -1.742324e-01 9.847046e-01 1.313379e-14
    outer loop
      vertex   7.625602e+01 -3.831003e+01 9.235321e+00
      vertex   7.342760e+01 -3.881049e+01 9.235321e+00
      vertex   7.584181e+01 -3.838332e+01 9.553158e+00
    endloop
  endfacet
  facet normal -1.742324e-01 9.847046e-01 8.083124e-15
    outer loop
      vertex   7.584181e+01 -3.838332e+01 9.553158e+00
      vertex   7.342760e+01 -3.881049e+01 9.235321e+00
      vertex   7.384181e+01 -3.873719e+01 9.553158e+00
    endloop
  endfacet
  facet normal -1.742324e-01 9.847046e-01 -6.224010e-15
    outer loop
      vertex   7.584181e+01 -3.838332e+01 9.553158e+00
      vertex   7.384181e+01 -3.873719e+01 9.553158e+00
      vertex   7.535945e+01 -3.846867e+01 9.752959e+00
    endloop
  endfacet
  facet normal -1.742324e-01 9.847046e-01 -3.937485e-14
    outer loop
      vertex   7.535945e+01 -3.846867e+01 9.752959e+00
      vertex   7.384181e+01 -3.873719e+01 9.553158e+00
      vertex   7.432417e+01 -3.865185e+01 9.752959e+00
    endloop
  endfacet
  facet normal -1.742324e-01 9.847046e-01 1.491439e-14
    outer loop
      vertex   7.535945e+01 -3.846867e+01 9.752959e+00
      vertex   7.432417e+01 -3.865185e+01 9.752959e+00
      vertex   7.484181e+01 -3.856026e+01 9.821107e+00
    endloop
  endfacet
  facet normal -1.742324e-01 9.847046e-01 -1.566212e-14
    outer loop
      vertex   7.290996e+01 -3.890208e+01 7.303469e+00
      vertex   7.677366e+01 -3.821844e+01 7.303469e+00
      vertex   7.310976e+01 -3.886672e+01 6.821107e+00
    endloop
  endfacet
  facet normal -1.742324e-01 9.847046e-01 -8.897981e-15
    outer loop
      vertex   7.310976e+01 -3.886672e+01 6.821107e+00
      vertex   7.677366e+01 -3.821844e+01 7.303469e+00
      vertex   7.657386e+01 -3.825379e+01 6.821107e+00
    endloop
  endfacet
  facet normal -1.742324e-01 9.847046e-01 1.394287e-14
    outer loop
      vertex   7.310976e+01 -3.886672e+01 6.821107e+00
      vertex   7.657386e+01 -3.825379e+01 6.821107e+00
      vertex   7.342760e+01 -3.881049e+01 6.406894e+00
    endloop
  endfacet
  facet normal -1.742324e-01 9.847046e-01 8.398261e-15
    outer loop
      vertex   7.342760e+01 -3.881049e+01 6.406894e+00
      vertex   7.657386e+01 -3.825379e+01 6.821107e+00
      vertex   7.625602e+01 -3.831003e+01 6.406894e+00
    endloop
  endfacet
  facet normal -1.742324e-01 9.847046e-01 -8.877471e-15
    outer loop
      vertex   7.342760e+01 -3.881049e+01 6.406894e+00
      vertex   7.625602e+01 -3.831003e+01 6.406894e+00
      vertex   7.384181e+01 -3.873719e+01 6.089056e+00
    endloop
  endfacet
  facet normal -1.742324e-01 9.847046e-01 -1.393049e-14
    outer loop
      vertex   7.384181e+01 -3.873719e+01 6.089056e+00
      vertex   7.625602e+01 -3.831003e+01 6.406894e+00
      vertex   7.584181e+01 -3.838332e+01 6.089056e+00
    endloop
  endfacet
  facet normal -1.742324e-01 9.847046e-01 2.879459e-14
    outer loop
      vertex   7.384181e+01 -3.873719e+01 6.089056e+00
      vertex   7.584181e+01 -3.838332e+01 6.089056e+00
      vertex   7.432417e+01 -3.865185e+01 5.889255e+00
    endloop
  endfacet
  facet normal -1.742324e-01 9.847046e-01 -4.228172e-15
    outer loop
      vertex   7.432417e+01 -3.865185e+01 5.889255e+00
      vertex   7.584181e+01 -3.838332e+01 6.089056e+00
      vertex   7.535945e+01 -3.846867e+01 5.889255e+00
    endloop
  endfacet
  facet normal -1.742324e-01 9.847046e-01 -8.774307e-14
    outer loop
      vertex   7.432417e+01 -3.865185e+01 5.889255e+00
      vertex   7.535945e+01 -3.846867e+01 5.889255e+00
      vertex   7.484181e+01 -3.856026e+01 5.821107e+00
    endloop
  endfacet
  facet normal 1.000000e+00 3.552714e-15 1.172396e-13
    outer loop
      vertex   4.127979e+01 -1.424109e+02 1.166416e+01
      vertex   4.127979e+01 -1.424109e+02 1.366416e+01
      vertex   4.127979e+01 -1.464109e+02 1.166416e+01
    endloop
  endfacet
  facet normal 1.000000e+00 7.105427e-15 1.101341e-13
    outer loop
      vertex   4.127979e+01 -1.464109e+02 1.166416e+01
      vertex   4.127979e+01 -1.424109e+02 1.366416e+01
      vertex   4.127979e+01 -1.464109e+02 1.366416e+01
    endloop
  endfacet
  facet normal -1.539856e-27 1.000000e+00 1.421085e-14
    outer loop
      vertex   4.127979e+01 -1.424109e+02 1.366416e+01
      vertex   4.127979e+01 -1.424109e+02 1.166416e+01
      vertex   3.927979e+01 -1.424109e+02 1.366416e+01
    endloop
  endfacet
  facet normal -2.842171e-14 1.000000e+00 -1.421085e-14
    outer loop
      vertex   3.927979e+01 -1.424109e+02 1.366416e+01
      vertex   4.127979e+01 -1.424109e+02 1.166416e+01
      vertex   3.927979e+01 -1.424109e+02 1.166416e+01
    endloop
  endfacet
  facet normal -1.000000e+00 -8.881784e-15 -1.065814e-13
    outer loop
      vertex   3.927979e+01 -1.424109e+02 1.366416e+01
      vertex   3.927979e+01 -1.424109e+02 1.166416e+01
      vertex   3.927979e+01 -1.464109e+02 1.366416e+01
    endloop
  endfacet
  facet normal -1.000000e+00 -1.065814e-14 -1.101341e-13
    outer loop
      vertex   3.927979e+01 -1.464109e+02 1.366416e+01
      vertex   3.927979e+01 -1.424109e+02 1.166416e+01
      vertex   3.927979e+01 -1.464109e+02 1.166416e+01
    endloop
  endfacet
  facet normal 1.421085e-14 -1.000000e+00 -1.421085e-14
    outer loop
      vertex   3.927979e+01 -1.464109e+02 1.366416e+01
      vertex   3.927979e+01 -1.464109e+02 1.166416e+01
      vertex   4.127979e+01 -1.464109e+02 1.366416e+01
    endloop
  endfacet
  facet normal -1.421085e-14 -1.000000e+00 1.421085e-14
    outer loop
      vertex   4.127979e+01 -1.464109e+02 1.366416e+01
      vertex   3.927979e+01 -1.464109e+02 1.166416e+01
      vertex   4.127979e+01 -1.464109e+02 1.166416e+01
    endloop
  endfacet
  facet normal -1.464174e-13 -1.000000e+00 0.000000e+00
    outer loop
      vertex   4.030461e+01 -1.444109e+02 6.221235e+00
      vertex   4.030461e+01 -1.444109e+02 9.119012e+00
      vertex   3.991638e+01 -1.444109e+02 6.170124e+00
    endloop
  endfacet
  facet normal -2.494526e-15 -1.000000e+00 -1.894781e-14
    outer loop
      vertex   3.991638e+01 -1.444109e+02 6.170124e+00
      vertex   4.030461e+01 -1.444109e+02 9.119012e+00
      vertex   3.991638e+01 -1.444109e+02 9.170124e+00
    endloop
  endfacet
  facet normal 1.439229e-13 -1.000000e+00 -1.894781e-14
    outer loop
      vertex   3.991638e+01 -1.444109e+02 6.170124e+00
      vertex   3.991638e+01 -1.444109e+02 9.170124e+00
      vertex   3.952815e+01 -1.444109e+02 6.221235e+00
    endloop
  endfacet
  facet normal 0.000000e+00 -1.000000e+00 0.000000e+00
    outer loop
      vertex   3.952815e+01 -1.444109e+02 6.221235e+00
      vertex   3.991638e+01 -1.444109e+02 9.170124e+00
      vertex   3.952815e+01 -1.444109e+02 9.119012e+00
    endloop
  endfacet
  facet normal 0.000000e+00 -1.000000e+00 0.000000e+00
    outer loop
      vertex   3.952815e+01 -1.444109e+02 6.221235e+00
      vertex   3.952815e+01 -1.444109e+02 9.119012e+00
      vertex   3.916638e+01 -1.444109e+02 6.371085e+00
    endloop
  endfacet
  facet normal 0.000000e+00 -1.000000e+00 0.000000e+00
    outer loop
      vertex   3.916638e+01 -1.444109e+02 6.371085e+00
      vertex   3.952815e+01 -1.444109e+02 9.119012e+00
      vertex   3.916638e+01 -1.444109e+02 8.969162e+00
    endloop
  endfacet
  facet normal 0.000000e+00 -1.000000e+00 0.000000e+00
    outer loop
      vertex   3.916638e+01 -1.444109e+02 6.371085e+00
      vertex   3.916638e+01 -1.444109e+02 8.969162e+00
      vertex   3.885572e+01 -1.444109e+02 6.609463e+00
    endloop
  endfacet
  facet normal 0.000000e+00 -1.000000e+00 0.000000e+00
    outer loop
      vertex   3.885572e+01 -1.444109e+02 6.609463e+00
      vertex   3.916638e+01 -1.444109e+02 8.969162e+00
      vertex   3.885572e+01 -1.444109e+02 8.730784e+00
    endloop
  endfacet
  facet normal 0.000000e+00 -1.000000e+00 0.000000e+00
    outer loop
      vertex   3.885572e+01 -1.444109e+02 6.609463e+00
      vertex   3.885572e+01 -1.444109e+02 8.730784e+00
      vertex   3.861734e+01 -1.444109e+02 6.920124e+00
    endloop
  endfacet
  facet normal 0.000000e+00 -1.000000e+00 0.000000e+00
    outer loop
      vertex   3.861734e+01 -1.444109e+02 6.920124e+00
      vertex   3.885572e+01 -1.444109e+02 8.730784e+00
      vertex   3.861734e+01 -1.444109e+02 8.420124e+00
    endloop
  endfacet
  facet normal 0.000000e+00 -1.000000e+00 0.000000e+00
    outer loop
      vertex   3.861734e+01 -1.444109e+02 6.920124e+00
      vertex   3.861734e+01 -1.444109e+02 8.420124e+00
      vertex   3.846749e+01 -1.444109e+02 7.281895e+00
    endloop
  endfacet
  facet normal 0.000000e+00 -1.000000e+00 0.000000e+00
    outer loop
      vertex   3.846749e+01 -1.444109e+02 7.281895e+00
      vertex   3.861734e+01 -1.444109e+02 8.420124e+00
      vertex   3.846749e+01 -1.444109e+02 8.058352e+00
    endloop
  endfacet
  facet normal 0.000000e+00 -1.000000e+00 0.000000e+00
    outer loop
      vertex   3.846749e+01 -1.444109e+02 7.281895e+00
      vertex   3.846749e+01 -1.444109e+02 8.058352e+00
      vertex   3.841638e+01 -1.444109e+02 7.670124e+00
    endloop
  endfacet
  facet normal 7.856261e-14 -1.000000e+00 0.000000e+00
    outer loop
      vertex   4.030461e+01 -1.444109e+02 9.119012e+00
      vertex   4.030461e+01 -1.444109e+02 6.221235e+00
      vertex   4.066638e+01 -1.444109e+02 8.969162e+00
    endloop
  endfacet
  facet normal 7.856261e-14 -1.000000e+00 2.148593e-28
    outer loop
      vertex   4.066638e+01 -1.444109e+02 8.969162e+00
      vertex   4.030461e+01 -1.444109e+02 6.221235e+00
      vertex   4.066638e+01 -1.444109e+02 6.371085e+00
    endloop
  endfacet
  facet normal 0.000000e+00 -1.000000e+00 0.000000e+00
    outer loop
      vertex   4.066638e+01 -1.444109e+02 8.969162e+00
      vertex   4.066638e+01 -1.444109e+02 6.371085e+00
      vertex   4.097704e+01 -1.444109e+02 8.730784e+00
    endloop
  endfacet
  facet normal 0.000000e+00 -1.000000e+00 -0.000000e+00
    outer loop
      vertex   4.097704e+01 -1.444109e+02 8.730784e+00
      vertex   4.066638e+01 -1.444109e+02 6.371085e+00
      vertex   4.097704e+01 -1.444109e+02 6.609463e+00
    endloop
  endfacet
  facet normal 0.000000e+00 -1.000000e+00 0.000000e+00
    outer loop
      vertex   4.097704e+01 -1.444109e+02 8.730784e+00
      vertex   4.097704e+01 -1.444109e+02 6.609463e+00
      vertex   4.121542e+01 -1.444109e+02 8.420124e+00
    endloop
  endfacet
  facet normal 0.000000e+00 -1.000000e+00 -0.000000e+00
    outer loop
      vertex   4.121542e+01 -1.444109e+02 8.420124e+00
      vertex   4.097704e+01 -1.444109e+02 6.609463e+00
      vertex   4.121542e+01 -1.444109e+02 6.920124e+00
    endloop
  endfacet
  facet normal 0.000000e+00 -1.000000e+00 0.000000e+00
    outer loop
      vertex   4.121542e+01 -1.444109e+02 8.420124e+00
      vertex   4.121542e+01 -1.444109e+02 6.920124e+00
      vertex   4.136527e+01 -1.444109e+02 8.058352e+00
    endloop
  endfacet
  facet normal 0.000000e+00 -1.000000e+00 -0.000000e+00
    outer loop
      vertex   4.136527e+01 -1.444109e+02 8.058352e+00
      vertex   4.121542e+01 -1.444109e+02 6.920124e+00
      vertex   4.136527e+01 -1.444109e+02 7.281895e+00
    endloop
  endfacet
  facet normal 0.000000e+00 -1.000000e+00 0.000000e+00
    outer loop
      vertex   4.136527e+01 -1.444109e+02 8.058352e+00
      vertex   4.136527e+01 -1.444109e+02 7.281895e+00
      vertex   4.141638e+01 -1.444109e+02 7.670124e+00
    endloop
  endfacet
  facet normal 1.702096e-01 3.688262e-02 9.847174e-01
    outer loop
      vertex   5.964401e+01 -9.665334e+01 1.251784e+01
      vertex   5.683351e+01 -9.714716e+01 1.302213e+01
      vertex   5.976123e+01 -9.702691e+01 1.251157e+01
    endloop
  endfacet
  facet normal 1.702096e-01 3.688262e-02 9.847174e-01
    outer loop
      vertex   5.976123e+01 -9.702691e+01 1.251157e+01
      vertex   5.683351e+01 -9.714716e+01 1.302213e+01
      vertex   5.685158e+01 -9.753815e+01 1.303365e+01
    endloop
  endfacet
  facet normal 1.702096e-01 3.688262e-02 9.847174e-01
    outer loop
      vertex   5.976123e+01 -9.702691e+01 1.251157e+01
      vertex   5.685158e+01 -9.753815e+01 1.303365e+01
      vertex   5.977929e+01 -9.741790e+01 1.252309e+01
    endloop
  endfacet
  facet normal 1.702096e-01 3.688262e-02 9.847174e-01
    outer loop
      vertex   5.977929e+01 -9.741790e+01 1.252309e+01
      vertex   5.685158e+01 -9.753815e+01 1.303365e+01
      vertex   5.696879e+01 -9.791172e+01 1.302738e+01
    endloop
  endfacet
  facet normal 1.702096e-01 3.688262e-02 9.847174e-01
    outer loop
      vertex   5.977929e+01 -9.741790e+01 1.252309e+01
      vertex   5.696879e+01 -9.791172e+01 1.302738e+01
      vertex   5.969699e+01 -9.779967e+01 1.255162e+01
    endloop
  endfacet
  facet normal 1.702096e-01 3.688262e-02 9.847174e-01
    outer loop
      vertex   5.969699e+01 -9.779967e+01 1.255162e+01
      vertex   5.696879e+01 -9.791172e+01 1.302738e+01
      vertex   5.717716e+01 -9.824242e+01 1.300375e+01
    endloop
  endfacet
  facet normal 1.702096e-01 3.688262e-02 9.847174e-01
    outer loop
      vertex   5.969699e+01 -9.779967e+01 1.255162e+01
      vertex   5.717716e+01 -9.824242e+01 1.300375e+01
      vertex   5.951991e+01 -9.814619e+01 1.259520e+01
    endloop
  endfacet
  facet normal 1.702096e-01 3.688262e-02 9.847174e-01
    outer loop
      vertex   5.951991e+01 -9.814619e+01 1.259520e+01
      vertex   5.717716e+01 -9.824242e+01 1.300375e+01
      vertex   5.746248e+01 -9.850770e+01 1.296437e+01
    endloop
  endfacet
  facet normal 1.702096e-01 3.688262e-02 9.847174e-01
    outer loop
      vertex   5.951991e+01 -9.814619e+01 1.259520e+01
      vertex   5.746248e+01 -9.850770e+01 1.296437e+01
      vertex   5.926014e+01 -9.843386e+01 1.265088e+01
    endloop
  endfacet
  facet normal 1.702096e-01 3.688262e-02 9.847174e-01
    outer loop
      vertex   5.926014e+01 -9.843386e+01 1.265088e+01
      vertex   5.746248e+01 -9.850770e+01 1.296437e+01
      vertex   5.780532e+01 -9.868948e+01 1.291192e+01
    endloop
  endfacet
  facet normal 1.702096e-01 3.688262e-02 9.847174e-01
    outer loop
      vertex   5.926014e+01 -9.843386e+01 1.265088e+01
      vertex   5.780532e+01 -9.868948e+01 1.291192e+01
      vertex   5.893538e+01 -9.864307e+01 1.271485e+01
    endloop
  endfacet
  facet normal 1.702096e-01 3.688262e-02 9.847174e-01
    outer loop
      vertex   5.893538e+01 -9.864307e+01 1.271485e+01
      vertex   5.780532e+01 -9.868948e+01 1.291192e+01
      vertex   5.818230e+01 -9.877539e+01 1.284998e+01
    endloop
  endfacet
  facet normal 1.702096e-01 3.688262e-02 9.847174e-01
    outer loop
      vertex   5.893538e+01 -9.864307e+01 1.271485e+01
      vertex   5.818230e+01 -9.877539e+01 1.284998e+01
      vertex   5.856774e+01 -9.875955e+01 1.278276e+01
    endloop
  endfacet
  facet normal 1.702096e-01 3.688262e-02 9.847174e-01
    outer loop
      vertex   5.683351e+01 -9.714716e+01 1.302213e+01
      vertex   5.964401e+01 -9.665334e+01 1.251784e+01
      vertex   5.691582e+01 -9.676539e+01 1.299361e+01
    endloop
  endfacet
  facet normal 1.702096e-01 3.688262e-02 9.847174e-01
    outer loop
      vertex   5.691582e+01 -9.676539e+01 1.299361e+01
      vertex   5.964401e+01 -9.665334e+01 1.251784e+01
      vertex   5.943565e+01 -9.632265e+01 1.254147e+01
    endloop
  endfacet
  facet normal 1.702096e-01 3.688262e-02 9.847174e-01
    outer loop
      vertex   5.691582e+01 -9.676539e+01 1.299361e+01
      vertex   5.943565e+01 -9.632265e+01 1.254147e+01
      vertex   5.709289e+01 -9.641887e+01 1.295002e+01
    endloop
  endfacet
  facet normal 1.702096e-01 3.688262e-02 9.847174e-01
    outer loop
      vertex   5.709289e+01 -9.641887e+01 1.295002e+01
      vertex   5.943565e+01 -9.632265e+01 1.254147e+01
      vertex   5.915032e+01 -9.605737e+01 1.258085e+01
    endloop
  endfacet
  facet normal 1.702096e-01 3.688262e-02 9.847174e-01
    outer loop
      vertex   5.709289e+01 -9.641887e+01 1.295002e+01
      vertex   5.915032e+01 -9.605737e+01 1.258085e+01
      vertex   5.735266e+01 -9.613120e+01 1.289434e+01
    endloop
  endfacet
  facet normal 1.702096e-01 3.688262e-02 9.847174e-01
    outer loop
      vertex   5.735266e+01 -9.613120e+01 1.289434e+01
      vertex   5.915032e+01 -9.605737e+01 1.258085e+01
      vertex   5.880748e+01 -9.587558e+01 1.263330e+01
    endloop
  endfacet
  facet normal 1.702096e-01 3.688262e-02 9.847174e-01
    outer loop
      vertex   5.735266e+01 -9.613120e+01 1.289434e+01
      vertex   5.880748e+01 -9.587558e+01 1.263330e+01
      vertex   5.767743e+01 -9.592200e+01 1.283037e+01
    endloop
  endfacet
  facet normal 1.702096e-01 3.688262e-02 9.847174e-01
    outer loop
      vertex   5.767743e+01 -9.592200e+01 1.283037e+01
      vertex   5.880748e+01 -9.587558e+01 1.263330e+01
      vertex   5.843050e+01 -9.578968e+01 1.269524e+01
    endloop
  endfacet
  facet normal 1.702096e-01 3.688262e-02 9.847174e-01
    outer loop
      vertex   5.767743e+01 -9.592200e+01 1.283037e+01
      vertex   5.843050e+01 -9.578968e+01 1.269524e+01
      vertex   5.804506e+01 -9.580551e+01 1.276246e+01
    endloop
  endfacet
  facet normal 1.702096e-01 3.688262e-02 9.847174e-01
    outer loop
      vertex   6.020731e+01 -1.224444e+02 1.338647e+01
      vertex   5.739680e+01 -1.229382e+02 1.389077e+01
      vertex   6.032452e+01 -1.228180e+02 1.338021e+01
    endloop
  endfacet
  facet normal 1.702096e-01 3.688262e-02 9.847174e-01
    outer loop
      vertex   6.032452e+01 -1.228180e+02 1.338021e+01
      vertex   5.739680e+01 -1.229382e+02 1.389077e+01
      vertex   5.741487e+01 -1.233292e+02 1.390229e+01
    endloop
  endfacet
  facet normal 1.702096e-01 3.688262e-02 9.847174e-01
    outer loop
      vertex   6.032452e+01 -1.228180e+02 1.338021e+01
      vertex   5.741487e+01 -1.233292e+02 1.390229e+01
      vertex   6.034259e+01 -1.232090e+02 1.339173e+01
    endloop
  endfacet
  facet normal 1.702096e-01 3.688262e-02 9.847174e-01
    outer loop
      vertex   6.034259e+01 -1.232090e+02 1.339173e+01
      vertex   5.741487e+01 -1.233292e+02 1.390229e+01
      vertex   5.753208e+01 -1.237028e+02 1.389602e+01
    endloop
  endfacet
  facet normal 1.702096e-01 3.688262e-02 9.847174e-01
    outer loop
      vertex   6.034259e+01 -1.232090e+02 1.339173e+01
      vertex   5.753208e+01 -1.237028e+02 1.389602e+01
      vertex   6.026028e+01 -1.235907e+02 1.342025e+01
    endloop
  endfacet
  facet normal 1.702096e-01 3.688262e-02 9.847174e-01
    outer loop
      vertex   6.026028e+01 -1.235907e+02 1.342025e+01
      vertex   5.753208e+01 -1.237028e+02 1.389602e+01
      vertex   5.774045e+01 -1.240335e+02 1.387239e+01
    endloop
  endfacet
  facet normal 1.702096e-01 3.688262e-02 9.847174e-01
    outer loop
      vertex   6.026028e+01 -1.235907e+02 1.342025e+01
      vertex   5.774045e+01 -1.240335e+02 1.387239e+01
      vertex   6.008321e+01 -1.239372e+02 1.346384e+01
    endloop
  endfacet
  facet normal 1.702096e-01 3.688262e-02 9.847174e-01
    outer loop
      vertex   6.008321e+01 -1.239372e+02 1.346384e+01
      vertex   5.774045e+01 -1.240335e+02 1.387239e+01
      vertex   5.802577e+01 -1.242987e+02 1.383301e+01
    endloop
  endfacet
  facet normal 1.702096e-01 3.688262e-02 9.847174e-01
    outer loop
      vertex   6.008321e+01 -1.239372e+02 1.346384e+01
      vertex   5.802577e+01 -1.242987e+02 1.383301e+01
      vertex   5.982344e+01 -1.242249e+02 1.351952e+01
    endloop
  endfacet
  facet normal 1.702096e-01 3.688262e-02 9.847174e-01
    outer loop
      vertex   5.982344e+01 -1.242249e+02 1.351952e+01
      vertex   5.802577e+01 -1.242987e+02 1.383301e+01
      vertex   5.836861e+01 -1.244805e+02 1.378056e+01
    endloop
  endfacet
  facet normal 1.702096e-01 3.688262e-02 9.847174e-01
    outer loop
      vertex   5.982344e+01 -1.242249e+02 1.351952e+01
      vertex   5.836861e+01 -1.244805e+02 1.378056e+01
      vertex   5.949867e+01 -1.244341e+02 1.358349e+01
    endloop
  endfacet
  facet normal 1.702096e-01 3.688262e-02 9.847174e-01
    outer loop
      vertex   5.949867e+01 -1.244341e+02 1.358349e+01
      vertex   5.836861e+01 -1.244805e+02 1.378056e+01
      vertex   5.874560e+01 -1.245664e+02 1.371861e+01
    endloop
  endfacet
  facet normal 1.702096e-01 3.688262e-02 9.847174e-01
    outer loop
      vertex   5.949867e+01 -1.244341e+02 1.358349e+01
      vertex   5.874560e+01 -1.245664e+02 1.371861e+01
      vertex   5.913104e+01 -1.245506e+02 1.365140e+01
    endloop
  endfacet
  facet normal 1.702096e-01 3.688262e-02 9.847174e-01
    outer loop
      vertex   5.739680e+01 -1.229382e+02 1.389077e+01
      vertex   6.020731e+01 -1.224444e+02 1.338647e+01
      vertex   5.747911e+01 -1.225564e+02 1.386224e+01
    endloop
  endfacet
  facet normal 1.702096e-01 3.688262e-02 9.847174e-01
    outer loop
      vertex   5.747911e+01 -1.225564e+02 1.386224e+01
      vertex   6.020731e+01 -1.224444e+02 1.338647e+01
      vertex   5.999894e+01 -1.221137e+02 1.341011e+01
    endloop
  endfacet
  facet normal 1.702096e-01 3.688262e-02 9.847174e-01
    outer loop
      vertex   5.747911e+01 -1.225564e+02 1.386224e+01
      vertex   5.999894e+01 -1.221137e+02 1.341011e+01
      vertex   5.765618e+01 -1.222099e+02 1.381866e+01
    endloop
  endfacet
  facet normal 1.702096e-01 3.688262e-02 9.847174e-01
    outer loop
      vertex   5.765618e+01 -1.222099e+02 1.381866e+01
      vertex   5.999894e+01 -1.221137e+02 1.341011e+01
      vertex   5.971361e+01 -1.218484e+02 1.344949e+01
    endloop
  endfacet
  facet normal 1.702096e-01 3.688262e-02 9.847174e-01
    outer loop
      vertex   5.765618e+01 -1.222099e+02 1.381866e+01
      vertex   5.971361e+01 -1.218484e+02 1.344949e+01
      vertex   5.791595e+01 -1.219223e+02 1.376298e+01
    endloop
  endfacet
  facet normal 1.702096e-01 3.688262e-02 9.847174e-01
    outer loop
      vertex   5.791595e+01 -1.219223e+02 1.376298e+01
      vertex   5.971361e+01 -1.218484e+02 1.344949e+01
      vertex   5.937078e+01 -1.216666e+02 1.350194e+01
    endloop
  endfacet
  facet normal 1.702096e-01 3.688262e-02 9.847174e-01
    outer loop
      vertex   5.791595e+01 -1.219223e+02 1.376298e+01
      vertex   5.937078e+01 -1.216666e+02 1.350194e+01
      vertex   5.824072e+01 -1.217130e+02 1.369901e+01
    endloop
  endfacet
  facet normal 1.702096e-01 3.688262e-02 9.847174e-01
    outer loop
      vertex   5.824072e+01 -1.217130e+02 1.369901e+01
      vertex   5.937078e+01 -1.216666e+02 1.350194e+01
      vertex   5.899379e+01 -1.215807e+02 1.356388e+01
    endloop
  endfacet
  facet normal 1.702096e-01 3.688262e-02 9.847174e-01
    outer loop
      vertex   5.824072e+01 -1.217130e+02 1.369901e+01
      vertex   5.899379e+01 -1.215807e+02 1.356388e+01
      vertex   5.860835e+01 -1.215966e+02 1.363110e+01
    endloop
  endfacet
  facet normal 1.702096e-01 3.688262e-02 9.847174e-01
    outer loop
      vertex   4.461083e+01 -9.929476e+01 1.521528e+01
      vertex   4.180032e+01 -9.978858e+01 1.571957e+01
      vertex   4.472804e+01 -9.966833e+01 1.520901e+01
    endloop
  endfacet
  facet normal 1.702096e-01 3.688262e-02 9.847174e-01
    outer loop
      vertex   4.472804e+01 -9.966833e+01 1.520901e+01
      vertex   4.180032e+01 -9.978858e+01 1.571957e+01
      vertex   4.181839e+01 -1.001796e+02 1.573109e+01
    endloop
  endfacet
  facet normal 1.702096e-01 3.688262e-02 9.847174e-01
    outer loop
      vertex   4.472804e+01 -9.966833e+01 1.520901e+01
      vertex   4.181839e+01 -1.001796e+02 1.573109e+01
      vertex   4.474611e+01 -1.000593e+02 1.522053e+01
    endloop
  endfacet
  facet normal 1.702096e-01 3.688262e-02 9.847174e-01
    outer loop
      vertex   4.474611e+01 -1.000593e+02 1.522053e+01
      vertex   4.181839e+01 -1.001796e+02 1.573109e+01
      vertex   4.193560e+01 -1.005531e+02 1.572482e+01
    endloop
  endfacet
  facet normal 1.702096e-01 3.688262e-02 9.847174e-01
    outer loop
      vertex   4.474611e+01 -1.000593e+02 1.522053e+01
      vertex   4.193560e+01 -1.005531e+02 1.572482e+01
      vertex   4.466380e+01 -1.004411e+02 1.524905e+01
    endloop
  endfacet
  facet normal 1.702096e-01 3.688262e-02 9.847174e-01
    outer loop
      vertex   4.466380e+01 -1.004411e+02 1.524905e+01
      vertex   4.193560e+01 -1.005531e+02 1.572482e+01
      vertex   4.214397e+01 -1.008838e+02 1.570119e+01
    endloop
  endfacet
  facet normal 1.702096e-01 3.688262e-02 9.847174e-01
    outer loop
      vertex   4.466380e+01 -1.004411e+02 1.524905e+01
      vertex   4.214397e+01 -1.008838e+02 1.570119e+01
      vertex   4.448673e+01 -1.007876e+02 1.529264e+01
    endloop
  endfacet
  facet normal 1.702096e-01 3.688262e-02 9.847174e-01
    outer loop
      vertex   4.448673e+01 -1.007876e+02 1.529264e+01
      vertex   4.214397e+01 -1.008838e+02 1.570119e+01
      vertex   4.242930e+01 -1.011491e+02 1.566181e+01
    endloop
  endfacet
  facet normal 1.702096e-01 3.688262e-02 9.847174e-01
    outer loop
      vertex   4.448673e+01 -1.007876e+02 1.529264e+01
      vertex   4.242930e+01 -1.011491e+02 1.566181e+01
      vertex   4.422696e+01 -1.010753e+02 1.534832e+01
    endloop
  endfacet
  facet normal 1.702096e-01 3.688262e-02 9.847174e-01
    outer loop
      vertex   4.422696e+01 -1.010753e+02 1.534832e+01
      vertex   4.242930e+01 -1.011491e+02 1.566181e+01
      vertex   4.277213e+01 -1.013309e+02 1.560936e+01
    endloop
  endfacet
  facet normal 1.702096e-01 3.688262e-02 9.847174e-01
    outer loop
      vertex   4.422696e+01 -1.010753e+02 1.534832e+01
      vertex   4.277213e+01 -1.013309e+02 1.560936e+01
      vertex   4.390219e+01 -1.012845e+02 1.541229e+01
    endloop
  endfacet
  facet normal 1.702096e-01 3.688262e-02 9.847174e-01
    outer loop
      vertex   4.390219e+01 -1.012845e+02 1.541229e+01
      vertex   4.277213e+01 -1.013309e+02 1.560936e+01
      vertex   4.314912e+01 -1.014168e+02 1.554742e+01
    endloop
  endfacet
  facet normal 1.702096e-01 3.688262e-02 9.847174e-01
    outer loop
      vertex   4.390219e+01 -1.012845e+02 1.541229e+01
      vertex   4.314912e+01 -1.014168e+02 1.554742e+01
      vertex   4.353456e+01 -1.014010e+02 1.548020e+01
    endloop
  endfacet
  facet normal 1.702096e-01 3.688262e-02 9.847174e-01
    outer loop
      vertex   4.180032e+01 -9.978858e+01 1.571957e+01
      vertex   4.461083e+01 -9.929476e+01 1.521528e+01
      vertex   4.188263e+01 -9.940681e+01 1.569104e+01
    endloop
  endfacet
  facet normal 1.702096e-01 3.688262e-02 9.847174e-01
    outer loop
      vertex   4.188263e+01 -9.940681e+01 1.569104e+01
      vertex   4.461083e+01 -9.929476e+01 1.521528e+01
      vertex   4.440246e+01 -9.896407e+01 1.523891e+01
    endloop
  endfacet
  facet normal 1.702096e-01 3.688262e-02 9.847174e-01
    outer loop
      vertex   4.188263e+01 -9.940681e+01 1.569104e+01
      vertex   4.440246e+01 -9.896407e+01 1.523891e+01
      vertex   4.205970e+01 -9.906029e+01 1.564746e+01
    endloop
  endfacet
  facet normal 1.702096e-01 3.688262e-02 9.847174e-01
    outer loop
      vertex   4.205970e+01 -9.906029e+01 1.564746e+01
      vertex   4.440246e+01 -9.896407e+01 1.523891e+01
      vertex   4.411713e+01 -9.869879e+01 1.527829e+01
    endloop
  endfacet
  facet normal 1.702096e-01 3.688262e-02 9.847174e-01
    outer loop
      vertex   4.205970e+01 -9.906029e+01 1.564746e+01
      vertex   4.411713e+01 -9.869879e+01 1.527829e+01
      vertex   4.231947e+01 -9.877262e+01 1.559178e+01
    endloop
  endfacet
  facet normal 1.702096e-01 3.688262e-02 9.847174e-01
    outer loop
      vertex   4.231947e+01 -9.877262e+01 1.559178e+01
      vertex   4.411713e+01 -9.869879e+01 1.527829e+01
      vertex   4.377430e+01 -9.851700e+01 1.533074e+01
    endloop
  endfacet
  facet normal 1.702096e-01 3.688262e-02 9.847174e-01
    outer loop
      vertex   4.231947e+01 -9.877262e+01 1.559178e+01
      vertex   4.377430e+01 -9.851700e+01 1.533074e+01
      vertex   4.264424e+01 -9.856342e+01 1.552781e+01
    endloop
  endfacet
  facet normal 1.702096e-01 3.688262e-02 9.847174e-01
    outer loop
      vertex   4.264424e+01 -9.856342e+01 1.552781e+01
      vertex   4.377430e+01 -9.851700e+01 1.533074e+01
      vertex   4.339731e+01 -9.843110e+01 1.539268e+01
    endloop
  endfacet
  facet normal 1.702096e-01 3.688262e-02 9.847174e-01
    outer loop
      vertex   4.264424e+01 -9.856342e+01 1.552781e+01
      vertex   4.339731e+01 -9.843110e+01 1.539268e+01
      vertex   4.301187e+01 -9.844693e+01 1.545990e+01
    endloop
  endfacet
  facet normal 1.702096e-01 3.688262e-02 9.847174e-01
    outer loop
      vertex   7.620318e+01 -5.726795e+01 8.180384e+00
      vertex   7.339267e+01 -5.776177e+01 8.684679e+00
      vertex   7.632039e+01 -5.764152e+01 8.174115e+00
    endloop
  endfacet
  facet normal 1.702096e-01 3.688262e-02 9.847174e-01
    outer loop
      vertex   7.632039e+01 -5.764152e+01 8.174115e+00
      vertex   7.339267e+01 -5.776177e+01 8.684679e+00
      vertex   7.341074e+01 -5.815276e+01 8.696200e+00
    endloop
  endfacet
  facet normal 1.702096e-01 3.688262e-02 9.847174e-01
    outer loop
      vertex   7.632039e+01 -5.764152e+01 8.174115e+00
      vertex   7.341074e+01 -5.815276e+01 8.696200e+00
      vertex   7.633846e+01 -5.803251e+01 8.185637e+00
    endloop
  endfacet
  facet normal 1.702096e-01 3.688262e-02 9.847174e-01
    outer loop
      vertex   7.633846e+01 -5.803251e+01 8.185637e+00
      vertex   7.341074e+01 -5.815276e+01 8.696200e+00
      vertex   7.352795e+01 -5.852633e+01 8.689932e+00
    endloop
  endfacet
  facet normal 1.702096e-01 3.688262e-02 9.847174e-01
    outer loop
      vertex   7.633846e+01 -5.803251e+01 8.185637e+00
      vertex   7.352795e+01 -5.852633e+01 8.689932e+00
      vertex   7.625615e+01 -5.841428e+01 8.214163e+00
    endloop
  endfacet
  facet normal 1.702096e-01 3.688262e-02 9.847174e-01
    outer loop
      vertex   7.625615e+01 -5.841428e+01 8.214163e+00
      vertex   7.352795e+01 -5.852633e+01 8.689932e+00
      vertex   7.373632e+01 -5.885702e+01 8.666302e+00
    endloop
  endfacet
  facet normal 1.702096e-01 3.688262e-02 9.847174e-01
    outer loop
      vertex   7.625615e+01 -5.841428e+01 8.214163e+00
      vertex   7.373632e+01 -5.885702e+01 8.666302e+00
      vertex   7.607908e+01 -5.876080e+01 8.257749e+00
    endloop
  endfacet
  facet normal 1.702096e-01 3.688262e-02 9.847174e-01
    outer loop
      vertex   7.607908e+01 -5.876080e+01 8.257749e+00
      vertex   7.373632e+01 -5.885702e+01 8.666302e+00
      vertex   7.402165e+01 -5.912230e+01 8.626919e+00
    endloop
  endfacet
  facet normal 1.702096e-01 3.688262e-02 9.847174e-01
    outer loop
      vertex   7.607908e+01 -5.876080e+01 8.257749e+00
      vertex   7.402165e+01 -5.912230e+01 8.626919e+00
      vertex   7.581931e+01 -5.904847e+01 8.313426e+00
    endloop
  endfacet
  facet normal 1.702096e-01 3.688262e-02 9.847174e-01
    outer loop
      vertex   7.581931e+01 -5.904847e+01 8.313426e+00
      vertex   7.402165e+01 -5.912230e+01 8.626919e+00
      vertex   7.436448e+01 -5.930409e+01 8.574468e+00
    endloop
  endfacet
  facet normal 1.702096e-01 3.688262e-02 9.847174e-01
    outer loop
      vertex   7.581931e+01 -5.904847e+01 8.313426e+00
      vertex   7.436448e+01 -5.930409e+01 8.574468e+00
      vertex   7.549454e+01 -5.925767e+01 8.377398e+00
    endloop
  endfacet
  facet normal 1.702096e-01 3.688262e-02 9.847174e-01
    outer loop
      vertex   7.549454e+01 -5.925767e+01 8.377398e+00
      vertex   7.436448e+01 -5.930409e+01 8.574468e+00
      vertex   7.474147e+01 -5.938999e+01 8.512523e+00
    endloop
  endfacet
  facet normal 1.702096e-01 3.688262e-02 9.847174e-01
    outer loop
      vertex   7.549454e+01 -5.925767e+01 8.377398e+00
      vertex   7.474147e+01 -5.938999e+01 8.512523e+00
      vertex   7.512691e+01 -5.937416e+01 8.445306e+00
    endloop
  endfacet
  facet normal 1.702096e-01 3.688262e-02 9.847174e-01
    outer loop
      vertex   7.339267e+01 -5.776177e+01 8.684679e+00
      vertex   7.620318e+01 -5.726795e+01 8.180384e+00
      vertex   7.347498e+01 -5.738000e+01 8.656153e+00
    endloop
  endfacet
  facet normal 1.702096e-01 3.688262e-02 9.847174e-01
    outer loop
      vertex   7.347498e+01 -5.738000e+01 8.656153e+00
      vertex   7.620318e+01 -5.726795e+01 8.180384e+00
      vertex   7.599481e+01 -5.693725e+01 8.204014e+00
    endloop
  endfacet
  facet normal 1.702096e-01 3.688262e-02 9.847174e-01
    outer loop
      vertex   7.347498e+01 -5.738000e+01 8.656153e+00
      vertex   7.599481e+01 -5.693725e+01 8.204014e+00
      vertex   7.365205e+01 -5.703348e+01 8.612567e+00
    endloop
  endfacet
  facet normal 1.702096e-01 3.688262e-02 9.847174e-01
    outer loop
      vertex   7.365205e+01 -5.703348e+01 8.612567e+00
      vertex   7.599481e+01 -5.693725e+01 8.204014e+00
      vertex   7.570948e+01 -5.667197e+01 8.243397e+00
    endloop
  endfacet
  facet normal 1.702096e-01 3.688262e-02 9.847174e-01
    outer loop
      vertex   7.365205e+01 -5.703348e+01 8.612567e+00
      vertex   7.570948e+01 -5.667197e+01 8.243397e+00
      vertex   7.391182e+01 -5.674581e+01 8.556890e+00
    endloop
  endfacet
  facet normal 1.702096e-01 3.688262e-02 9.847174e-01
    outer loop
      vertex   7.391182e+01 -5.674581e+01 8.556890e+00
      vertex   7.570948e+01 -5.667197e+01 8.243397e+00
      vertex   7.536665e+01 -5.649019e+01 8.295848e+00
    endloop
  endfacet
  facet normal 1.702096e-01 3.688262e-02 9.847174e-01
    outer loop
      vertex   7.391182e+01 -5.674581e+01 8.556890e+00
      vertex   7.536665e+01 -5.649019e+01 8.295848e+00
      vertex   7.423659e+01 -5.653660e+01 8.492918e+00
    endloop
  endfacet
  facet normal 1.702096e-01 3.688262e-02 9.847174e-01
    outer loop
      vertex   7.423659e+01 -5.653660e+01 8.492918e+00
      vertex   7.536665e+01 -5.649019e+01 8.295848e+00
      vertex   7.498966e+01 -5.640428e+01 8.357792e+00
    endloop
  endfacet
  facet normal 1.702096e-01 3.688262e-02 9.847174e-01
    outer loop
      vertex   7.423659e+01 -5.653660e+01 8.492918e+00
      vertex   7.498966e+01 -5.640428e+01 8.357792e+00
      vertex   7.460422e+01 -5.642012e+01 8.425009e+00
    endloop
  endfacet
  facet normal 1.702096e-01 3.688262e-02 9.847174e-01
    outer loop
      vertex   8.272504e+01 -9.498649e+01 8.465820e+00
      vertex   7.991454e+01 -9.548031e+01 8.970116e+00
      vertex   8.284226e+01 -9.536006e+01 8.459552e+00
    endloop
  endfacet
  facet normal 1.702096e-01 3.688262e-02 9.847174e-01
    outer loop
      vertex   8.284226e+01 -9.536006e+01 8.459552e+00
      vertex   7.991454e+01 -9.548031e+01 8.970116e+00
      vertex   7.993261e+01 -9.587131e+01 8.981637e+00
    endloop
  endfacet
  facet normal 1.702096e-01 3.688262e-02 9.847174e-01
    outer loop
      vertex   8.284226e+01 -9.536006e+01 8.459552e+00
      vertex   7.993261e+01 -9.587131e+01 8.981637e+00
      vertex   8.286032e+01 -9.575106e+01 8.471073e+00
    endloop
  endfacet
  facet normal 1.702096e-01 3.688262e-02 9.847174e-01
    outer loop
      vertex   8.286032e+01 -9.575106e+01 8.471073e+00
      vertex   7.993261e+01 -9.587131e+01 8.981637e+00
      vertex   8.004982e+01 -9.624488e+01 8.975369e+00
    endloop
  endfacet
  facet normal 1.702096e-01 3.688262e-02 9.847174e-01
    outer loop
      vertex   8.286032e+01 -9.575106e+01 8.471073e+00
      vertex   8.004982e+01 -9.624488e+01 8.975369e+00
      vertex   8.277802e+01 -9.613282e+01 8.499599e+00
    endloop
  endfacet
  facet normal 1.702096e-01 3.688262e-02 9.847174e-01
    outer loop
      vertex   8.277802e+01 -9.613282e+01 8.499599e+00
      vertex   8.004982e+01 -9.624488e+01 8.975369e+00
      vertex   8.025819e+01 -9.657557e+01 8.951738e+00
    endloop
  endfacet
  facet normal 1.702096e-01 3.688262e-02 9.847174e-01
    outer loop
      vertex   8.277802e+01 -9.613282e+01 8.499599e+00
      vertex   8.025819e+01 -9.657557e+01 8.951738e+00
      vertex   8.260095e+01 -9.647935e+01 8.543186e+00
    endloop
  endfacet
  facet normal 1.702096e-01 3.688262e-02 9.847174e-01
    outer loop
      vertex   8.260095e+01 -9.647935e+01 8.543186e+00
      vertex   8.025819e+01 -9.657557e+01 8.951738e+00
      vertex   8.054351e+01 -9.684085e+01 8.912356e+00
    endloop
  endfacet
  facet normal 1.702096e-01 3.688262e-02 9.847174e-01
    outer loop
      vertex   8.260095e+01 -9.647935e+01 8.543186e+00
      vertex   8.054351e+01 -9.684085e+01 8.912356e+00
      vertex   8.234117e+01 -9.676701e+01 8.598862e+00
    endloop
  endfacet
  facet normal 1.702096e-01 3.688262e-02 9.847174e-01
    outer loop
      vertex   8.234117e+01 -9.676701e+01 8.598862e+00
      vertex   8.054351e+01 -9.684085e+01 8.912356e+00
      vertex   8.088635e+01 -9.702263e+01 8.859905e+00
    endloop
  endfacet
  facet normal 1.702096e-01 3.688262e-02 9.847174e-01
    outer loop
      vertex   8.234117e+01 -9.676701e+01 8.598862e+00
      vertex   8.088635e+01 -9.702263e+01 8.859905e+00
      vertex   8.201641e+01 -9.697622e+01 8.662834e+00
    endloop
  endfacet
  facet normal 1.702096e-01 3.688262e-02 9.847174e-01
    outer loop
      vertex   8.201641e+01 -9.697622e+01 8.662834e+00
      vertex   8.088635e+01 -9.702263e+01 8.859905e+00
      vertex   8.126333e+01 -9.710854e+01 8.797960e+00
    endloop
  endfacet
  facet normal 1.702096e-01 3.688262e-02 9.847174e-01
    outer loop
      vertex   8.201641e+01 -9.697622e+01 8.662834e+00
      vertex   8.126333e+01 -9.710854e+01 8.797960e+00
      vertex   8.164877e+01 -9.709271e+01 8.730743e+00
    endloop
  endfacet
  facet normal 1.702096e-01 3.688262e-02 9.847174e-01
    outer loop
      vertex   7.991454e+01 -9.548031e+01 8.970116e+00
      vertex   8.272504e+01 -9.498649e+01 8.465820e+00
      vertex   7.999685e+01 -9.509855e+01 8.941590e+00
    endloop
  endfacet
  facet normal 1.702096e-01 3.688262e-02 9.847174e-01
    outer loop
      vertex   7.999685e+01 -9.509855e+01 8.941590e+00
      vertex   8.272504e+01 -9.498649e+01 8.465820e+00
      vertex   8.251668e+01 -9.465580e+01 8.489451e+00
    endloop
  endfacet
  facet normal 1.702096e-01 3.688262e-02 9.847174e-01
    outer loop
      vertex   7.999685e+01 -9.509855e+01 8.941590e+00
      vertex   8.251668e+01 -9.465580e+01 8.489451e+00
      vertex   8.017392e+01 -9.475202e+01 8.898003e+00
    endloop
  endfacet
  facet normal 1.702096e-01 3.688262e-02 9.847174e-01
    outer loop
      vertex   8.017392e+01 -9.475202e+01 8.898003e+00
      vertex   8.251668e+01 -9.465580e+01 8.489451e+00
      vertex   8.223135e+01 -9.439052e+01 8.528833e+00
    endloop
  endfacet
  facet normal 1.702096e-01 3.688262e-02 9.847174e-01
    outer loop
      vertex   8.017392e+01 -9.475202e+01 8.898003e+00
      vertex   8.223135e+01 -9.439052e+01 8.528833e+00
      vertex   8.043369e+01 -9.446436e+01 8.842327e+00
    endloop
  endfacet
  facet normal 1.702096e-01 3.688262e-02 9.847174e-01
    outer loop
      vertex   8.043369e+01 -9.446436e+01 8.842327e+00
      vertex   8.223135e+01 -9.439052e+01 8.528833e+00
      vertex   8.188851e+01 -9.420873e+01 8.581284e+00
    endloop
  endfacet
  facet normal 1.702096e-01 3.688262e-02 9.847174e-01
    outer loop
      vertex   8.043369e+01 -9.446436e+01 8.842327e+00
      vertex   8.188851e+01 -9.420873e+01 8.581284e+00
      vertex   8.075846e+01 -9.425515e+01 8.778355e+00
    endloop
  endfacet
  facet normal 1.702096e-01 3.688262e-02 9.847174e-01
    outer loop
      vertex   8.075846e+01 -9.425515e+01 8.778355e+00
      vertex   8.188851e+01 -9.420873e+01 8.581284e+00
      vertex   8.151153e+01 -9.412283e+01 8.643229e+00
    endloop
  endfacet
  facet normal 1.702096e-01 3.688262e-02 9.847174e-01
    outer loop
      vertex   8.075846e+01 -9.425515e+01 8.778355e+00
      vertex   8.151153e+01 -9.412283e+01 8.643229e+00
      vertex   8.112609e+01 -9.413866e+01 8.710446e+00
    endloop
  endfacet
  facet normal 6.286203e-03 -9.999802e-01 1.191638e-14
    outer loop
      vertex   3.619934e+01 -8.550308e+01 2.590772e+01
      vertex   3.566260e+01 -8.550645e+01 2.666416e+01
      vertex   3.543877e+01 -8.550786e+01 2.166416e+01
    endloop
  endfacet
  facet normal 6.286203e-03 -9.999802e-01 5.072360e-15
    outer loop
      vertex   3.543877e+01 -8.550786e+01 2.166416e+01
      vertex   3.566260e+01 -8.550645e+01 2.666416e+01
      vertex   3.470963e+01 -8.551244e+01 2.269092e+01
    endloop
  endfacet
  facet normal 6.286203e-03 -9.999802e-01 1.432877e-14
    outer loop
      vertex   3.470963e+01 -8.551244e+01 2.269092e+01
      vertex   3.566260e+01 -8.550645e+01 2.666416e+01
      vertex   3.470963e+01 -8.551244e+01 2.666416e+01
    endloop
  endfacet
  facet normal 6.286197e-03 -9.999792e-01 1.445105e-03
    outer loop
      vertex   3.652442e+01 -8.549941e+01 2.779177e+01
      vertex   3.676650e+01 -8.549593e+01 2.914440e+01
      vertex   3.550684e+01 -8.550580e+01 2.779177e+01
    endloop
  endfacet
  facet normal 6.286197e-03 -9.999792e-01 1.445105e-03
    outer loop
      vertex   3.550684e+01 -8.550580e+01 2.779177e+01
      vertex   3.676650e+01 -8.549593e+01 2.914440e+01
      vertex   3.470900e+01 -8.550886e+01 2.914440e+01
    endloop
  endfacet
  facet normal 6.286197e-03 -9.999792e-01 1.445105e-03
    outer loop
      vertex   3.550684e+01 -8.550580e+01 2.779177e+01
      vertex   3.470900e+01 -8.550886e+01 2.914440e+01
      vertex   3.470963e+01 -8.551244e+01 2.666416e+01
    endloop
  endfacet
  facet normal 6.286197e-03 -9.999792e-01 1.445105e-03
    outer loop
      vertex   3.566260e+01 -8.550645e+01 2.666416e+01
      vertex   3.537703e+01 -8.550767e+01 2.706649e+01
      vertex   3.470963e+01 -8.551244e+01 2.666416e+01
    endloop
  endfacet
  facet normal 6.286197e-03 -9.999792e-01 1.445105e-03
    outer loop
      vertex   3.470963e+01 -8.551244e+01 2.666416e+01
      vertex   3.537703e+01 -8.550767e+01 2.706649e+01
      vertex   3.550684e+01 -8.550580e+01 2.779177e+01
    endloop
  endfacet
  facet normal -9.849765e-01 -1.726883e-01 -6.506882e-15
    outer loop
      vertex   3.470757e+01 -8.550066e+01 2.914440e+01
      vertex   3.470757e+01 -8.550066e+01 2.269092e+01
      vertex   3.470900e+01 -8.550886e+01 2.914440e+01
    endloop
  endfacet
  facet normal -9.849765e-01 -1.726883e-01 -8.813797e-15
    outer loop
      vertex   3.470900e+01 -8.550886e+01 2.914440e+01
      vertex   3.470757e+01 -8.550066e+01 2.269092e+01
      vertex   3.470963e+01 -8.551244e+01 2.666416e+01
    endloop
  endfacet
  facet normal -9.849765e-01 -1.726883e-01 -1.052332e-15
    outer loop
      vertex   3.470963e+01 -8.551244e+01 2.666416e+01
      vertex   3.470757e+01 -8.550066e+01 2.269092e+01
      vertex   3.470963e+01 -8.551244e+01 2.269092e+01
    endloop
  endfacet
  facet normal 9.914449e-01 1.305262e-01 9.639515e-15
    outer loop
      vertex   3.151941e+01 -8.131730e+01 2.914440e+01
      vertex   3.151941e+01 -8.131730e+01 2.714440e+01
      vertex   3.146149e+01 -8.087731e+01 2.914440e+01
    endloop
  endfacet
  facet normal 9.914449e-01 1.305262e-01 1.223439e-14
    outer loop
      vertex   3.146149e+01 -8.087731e+01 2.914440e+01
      vertex   3.151941e+01 -8.131730e+01 2.714440e+01
      vertex   3.146149e+01 -8.087731e+01 2.714440e+01
    endloop
  endfacet
  facet normal 9.914449e-01 -1.305262e-01 1.594417e-14
    outer loop
      vertex   3.146149e+01 -8.087731e+01 2.914440e+01
      vertex   3.146149e+01 -8.087731e+01 2.714440e+01
      vertex   3.151941e+01 -8.043732e+01 2.914440e+01
    endloop
  endfacet
  facet normal 9.914449e-01 -1.305262e-01 1.325556e-14
    outer loop
      vertex   3.151941e+01 -8.043732e+01 2.914440e+01
      vertex   3.146149e+01 -8.087731e+01 2.714440e+01
      vertex   3.151941e+01 -8.043732e+01 2.714440e+01
    endloop
  endfacet
  facet normal 9.238795e-01 -3.826834e-01 1.420711e-14
    outer loop
      vertex   3.151941e+01 -8.043732e+01 2.914440e+01
      vertex   3.151941e+01 -8.043732e+01 2.714440e+01
      vertex   3.168925e+01 -8.002731e+01 2.914440e+01
    endloop
  endfacet
  facet normal 9.238795e-01 -3.826834e-01 1.256597e-14
    outer loop
      vertex   3.168925e+01 -8.002731e+01 2.914440e+01
      vertex   3.151941e+01 -8.043732e+01 2.714440e+01
      vertex   3.168925e+01 -8.002731e+01 2.714440e+01
    endloop
  endfacet
  facet normal 7.933533e-01 -6.087614e-01 1.278118e-14
    outer loop
      vertex   3.168925e+01 -8.002731e+01 2.914440e+01
      vertex   3.168925e+01 -8.002731e+01 2.714440e+01
      vertex   3.195941e+01 -7.967523e+01 2.914440e+01
    endloop
  endfacet
  facet normal 7.933533e-01 -6.087614e-01 1.419046e-14
    outer loop
      vertex   3.195941e+01 -7.967523e+01 2.914440e+01
      vertex   3.168925e+01 -8.002731e+01 2.714440e+01
      vertex   3.195941e+01 -7.967523e+01 2.714440e+01
    endloop
  endfacet
  facet normal 6.087614e-01 -7.933533e-01 1.320676e-14
    outer loop
      vertex   3.195941e+01 -7.967523e+01 2.914440e+01
      vertex   3.195941e+01 -7.967523e+01 2.714440e+01
      vertex   3.231149e+01 -7.940506e+01 2.914440e+01
    endloop
  endfacet
  facet normal 6.087614e-01 -7.933533e-01 1.212538e-14
    outer loop
      vertex   3.231149e+01 -7.940506e+01 2.914440e+01
      vertex   3.195941e+01 -7.967523e+01 2.714440e+01
      vertex   3.231149e+01 -7.940506e+01 2.714440e+01
    endloop
  endfacet
  facet normal 3.826834e-01 -9.238795e-01 1.064325e-14
    outer loop
      vertex   3.231149e+01 -7.940506e+01 2.914440e+01
      vertex   3.231149e+01 -7.940506e+01 2.714440e+01
      vertex   3.272150e+01 -7.923523e+01 2.914440e+01
    endloop
  endfacet
  facet normal 3.826834e-01 -9.238795e-01 1.064325e-14
    outer loop
      vertex   3.272150e+01 -7.923523e+01 2.914440e+01
      vertex   3.231149e+01 -7.940506e+01 2.714440e+01
      vertex   3.272150e+01 -7.923523e+01 2.714440e+01
    endloop
  endfacet
  facet normal 1.305262e-01 -9.914449e-01 8.435806e-15
    outer loop
      vertex   3.272150e+01 -7.923523e+01 2.914440e+01
      vertex   3.272150e+01 -7.923523e+01 2.714440e+01
      vertex   3.316149e+01 -7.917731e+01 2.914440e+01
    endloop
  endfacet
  facet normal 1.305262e-01 -9.914449e-01 8.435806e-15
    outer loop
      vertex   3.316149e+01 -7.917731e+01 2.914440e+01
      vertex   3.272150e+01 -7.923523e+01 2.714440e+01
      vertex   3.316149e+01 -7.917731e+01 2.714440e+01
    endloop
  endfacet
  facet normal -1.305262e-01 -9.914449e-01 5.653473e-15
    outer loop
      vertex   3.316149e+01 -7.917731e+01 2.914440e+01
      vertex   3.316149e+01 -7.917731e+01 2.714440e+01
      vertex   3.360148e+01 -7.923523e+01 2.914440e+01
    endloop
  endfacet
  facet normal -1.305262e-01 -9.914449e-01 5.653473e-15
    outer loop
      vertex   3.360148e+01 -7.923523e+01 2.914440e+01
      vertex   3.316149e+01 -7.917731e+01 2.714440e+01
      vertex   3.360148e+01 -7.923523e+01 2.714440e+01
    endloop
  endfacet
  facet normal -3.826834e-01 -9.238795e-01 2.485865e-15
    outer loop
      vertex   3.360148e+01 -7.923523e+01 2.914440e+01
      vertex   3.360148e+01 -7.923523e+01 2.714440e+01
      vertex   3.401149e+01 -7.940506e+01 2.914440e+01
    endloop
  endfacet
  facet normal -3.826834e-01 -9.238795e-01 2.485865e-15
    outer loop
      vertex   3.401149e+01 -7.940506e+01 2.914440e+01
      vertex   3.360148e+01 -7.923523e+01 2.714440e+01
      vertex   3.401149e+01 -7.940506e+01 2.714440e+01
    endloop
  endfacet
  facet normal -6.087614e-01 -7.933533e-01 -8.511506e-16
    outer loop
      vertex   3.401149e+01 -7.940506e+01 2.914440e+01
      vertex   3.401149e+01 -7.940506e+01 2.714440e+01
      vertex   3.436357e+01 -7.967523e+01 2.914440e+01
    endloop
  endfacet
  facet normal -6.087614e-01 -7.933533e-01 -3.013906e-15
    outer loop
      vertex   3.436357e+01 -7.967523e+01 2.914440e+01
      vertex   3.401149e+01 -7.940506e+01 2.714440e+01
      vertex   3.436357e+01 -7.967523e+01 2.714440e+01
    endloop
  endfacet
  facet normal -7.933533e-01 -6.087614e-01 -6.948719e-15
    outer loop
      vertex   3.436357e+01 -7.967523e+01 2.914440e+01
      vertex   3.436357e+01 -7.967523e+01 2.714440e+01
      vertex   3.463373e+01 -8.002731e+01 2.914440e+01
    endloop
  endfacet
  facet normal -7.933533e-01 -6.087614e-01 -4.130162e-15
    outer loop
      vertex   3.463373e+01 -8.002731e+01 2.914440e+01
      vertex   3.436357e+01 -7.967523e+01 2.714440e+01
      vertex   3.463373e+01 -8.002731e+01 2.714440e+01
    endloop
  endfacet
  facet normal -9.238795e-01 -3.826834e-01 -7.127709e-15
    outer loop
      vertex   3.463373e+01 -8.002731e+01 2.914440e+01
      vertex   3.463373e+01 -8.002731e+01 2.714440e+01
      vertex   3.480356e+01 -8.043732e+01 2.914440e+01
    endloop
  endfacet
  facet normal -9.238795e-01 -3.826834e-01 -7.127709e-15
    outer loop
      vertex   3.480356e+01 -8.043732e+01 2.914440e+01
      vertex   3.463373e+01 -8.002731e+01 2.714440e+01
      vertex   3.480356e+01 -8.043732e+01 2.714440e+01
    endloop
  endfacet
  facet normal -9.914449e-01 -1.305262e-01 -9.639515e-15
    outer loop
      vertex   3.480356e+01 -8.043732e+01 2.914440e+01
      vertex   3.480356e+01 -8.043732e+01 2.714440e+01
      vertex   3.486149e+01 -8.087731e+01 2.914440e+01
    endloop
  endfacet
  facet normal -9.914449e-01 -1.305262e-01 -8.712070e-15
    outer loop
      vertex   3.486149e+01 -8.087731e+01 2.914440e+01
      vertex   3.480356e+01 -8.043732e+01 2.714440e+01
      vertex   3.486149e+01 -8.087731e+01 2.714440e+01
    endloop
  endfacet
  facet normal -9.914449e-01 1.305262e-01 -1.242185e-14
    outer loop
      vertex   3.486149e+01 -8.087731e+01 2.914440e+01
      vertex   3.486149e+01 -8.087731e+01 2.714440e+01
      vertex   3.480356e+01 -8.131730e+01 2.914440e+01
    endloop
  endfacet
  facet normal -9.914449e-01 1.305262e-01 -1.149440e-14
    outer loop
      vertex   3.480356e+01 -8.131730e+01 2.914440e+01
      vertex   3.486149e+01 -8.087731e+01 2.714440e+01
      vertex   3.480356e+01 -8.131730e+01 2.714440e+01
    endloop
  endfacet
  facet normal -9.238795e-01 3.826834e-01 -1.256597e-14
    outer loop
      vertex   3.480356e+01 -8.131730e+01 2.914440e+01
      vertex   3.480356e+01 -8.131730e+01 2.714440e+01
      vertex   3.463373e+01 -8.172731e+01 2.914440e+01
    endloop
  endfacet
  facet normal -9.238795e-01 3.826834e-01 -1.256597e-14
    outer loop
      vertex   3.463373e+01 -8.172731e+01 2.914440e+01
      vertex   3.480356e+01 -8.131730e+01 2.714440e+01
      vertex   3.463373e+01 -8.172731e+01 2.714440e+01
    endloop
  endfacet
  facet normal -7.933533e-01 6.087614e-01 -1.278118e-14
    outer loop
      vertex   3.463373e+01 -8.172731e+01 2.914440e+01
      vertex   3.463373e+01 -8.172731e+01 2.714440e+01
      vertex   3.436357e+01 -8.207939e+01 2.914440e+01
    endloop
  endfacet
  facet normal -7.933533e-01 6.087614e-01 -1.278118e-14
    outer loop
      vertex   3.436357e+01 -8.207939e+01 2.914440e+01
      vertex   3.463373e+01 -8.172731e+01 2.714440e+01
      vertex   3.436357e+01 -8.207939e+01 2.714440e+01
    endloop
  endfacet
  facet normal -6.087614e-01 7.933533e-01 -1.212538e-14
    outer loop
      vertex   3.436357e+01 -8.207939e+01 2.914440e+01
      vertex   3.436357e+01 -8.207939e+01 2.714440e+01
      vertex   3.401149e+01 -8.234955e+01 2.914440e+01
    endloop
  endfacet
  facet normal -6.087614e-01 7.933533e-01 -1.428813e-14
    outer loop
      vertex   3.401149e+01 -8.234955e+01 2.914440e+01
      vertex   3.436357e+01 -8.207939e+01 2.714440e+01
      vertex   3.401149e+01 -8.234955e+01 2.714440e+01
    endloop
  endfacet
  facet normal -3.826834e-01 9.238795e-01 -1.200282e-14
    outer loop
      vertex   3.401149e+01 -8.234955e+01 2.914440e+01
      vertex   3.401149e+01 -8.234955e+01 2.714440e+01
      vertex   3.360148e+01 -8.251938e+01 2.914440e+01
    endloop
  endfacet
  facet normal -3.826834e-01 9.238795e-01 -1.856738e-14
    outer loop
      vertex   3.360148e+01 -8.251938e+01 2.914440e+01
      vertex   3.401149e+01 -8.234955e+01 2.714440e+01
      vertex   3.360148e+01 -8.251938e+01 2.714440e+01
    endloop
  endfacet
  facet normal -1.305262e-01 9.914449e-01 -1.594417e-14
    outer loop
      vertex   3.360148e+01 -8.251938e+01 2.914440e+01
      vertex   3.360148e+01 -8.251938e+01 2.714440e+01
      vertex   3.316149e+01 -8.257731e+01 2.914440e+01
    endloop
  endfacet
  facet normal -1.305262e-01 9.914449e-01 -8.435806e-15
    outer loop
      vertex   3.316149e+01 -8.257731e+01 2.914440e+01
      vertex   3.360148e+01 -8.251938e+01 2.714440e+01
      vertex   3.316149e+01 -8.257731e+01 2.714440e+01
    endloop
  endfacet
  facet normal 1.305262e-01 9.914449e-01 -5.653473e-15
    outer loop
      vertex   3.316149e+01 -8.257731e+01 2.914440e+01
      vertex   3.316149e+01 -8.257731e+01 2.714440e+01
      vertex   3.272150e+01 -8.251938e+01 2.914440e+01
    endloop
  endfacet
  facet normal 1.305262e-01 9.914449e-01 -1.269811e-14
    outer loop
      vertex   3.272150e+01 -8.251938e+01 2.914440e+01
      vertex   3.316149e+01 -8.257731e+01 2.714440e+01
      vertex   3.272150e+01 -8.251938e+01 2.714440e+01
    endloop
  endfacet
  facet normal 3.826834e-01 9.238795e-01 -9.050424e-15
    outer loop
      vertex   3.272150e+01 -8.251938e+01 2.914440e+01
      vertex   3.272150e+01 -8.251938e+01 2.714440e+01
      vertex   3.231149e+01 -8.234955e+01 2.914440e+01
    endloop
  endfacet
  facet normal 3.826834e-01 9.238795e-01 -2.485865e-15
    outer loop
      vertex   3.231149e+01 -8.234955e+01 2.914440e+01
      vertex   3.272150e+01 -8.251938e+01 2.714440e+01
      vertex   3.231149e+01 -8.234955e+01 2.714440e+01
    endloop
  endfacet
  facet normal 6.087614e-01 7.933533e-01 8.511506e-16
    outer loop
      vertex   3.231149e+01 -8.234955e+01 2.914440e+01
      vertex   3.231149e+01 -8.234955e+01 2.714440e+01
      vertex   3.195941e+01 -8.207939e+01 2.914440e+01
    endloop
  endfacet
  facet normal 6.087614e-01 7.933533e-01 -3.704586e-15
    outer loop
      vertex   3.195941e+01 -8.207939e+01 2.914440e+01
      vertex   3.231149e+01 -8.234955e+01 2.714440e+01
      vertex   3.195941e+01 -8.207939e+01 2.714440e+01
    endloop
  endfacet
  facet normal 7.933533e-01 6.087614e-01 1.213930e-15
    outer loop
      vertex   3.195941e+01 -8.207939e+01 2.914440e+01
      vertex   3.195941e+01 -8.207939e+01 2.714440e+01
      vertex   3.168925e+01 -8.172731e+01 2.914440e+01
    endloop
  endfacet
  facet normal 7.933533e-01 6.087614e-01 4.130162e-15
    outer loop
      vertex   3.168925e+01 -8.172731e+01 2.914440e+01
      vertex   3.195941e+01 -8.207939e+01 2.714440e+01
      vertex   3.168925e+01 -8.172731e+01 2.714440e+01
    endloop
  endfacet
  facet normal 9.238795e-01 3.826834e-01 7.127709e-15
    outer loop
      vertex   3.168925e+01 -8.172731e+01 2.914440e+01
      vertex   3.168925e+01 -8.172731e+01 2.714440e+01
      vertex   3.151941e+01 -8.131730e+01 2.914440e+01
    endloop
  endfacet
  facet normal 9.238795e-01 3.826834e-01 7.127709e-15
    outer loop
      vertex   3.151941e+01 -8.131730e+01 2.914440e+01
      vertex   3.168925e+01 -8.172731e+01 2.714440e+01
      vertex   3.151941e+01 -8.131730e+01 2.714440e+01
    endloop
  endfacet
  facet normal -6.325976e-04 1.370772e-04 9.999998e-01
    outer loop
      vertex   5.342291e+01 -3.487843e+01 1.966215e+01
      vertex   5.375677e+01 -3.282696e+01 1.966208e+01
      vertex   5.320824e+01 -3.465029e+01 1.966199e+01
    endloop
  endfacet
  facet normal -6.325976e-04 1.370772e-04 9.999998e-01
    outer loop
      vertex   5.320824e+01 -3.465029e+01 1.966199e+01
      vertex   5.375677e+01 -3.282696e+01 1.966208e+01
      vertex   5.348084e+01 -3.297527e+01 1.966193e+01
    endloop
  endfacet
  facet normal -6.325976e-04 1.370772e-04 9.999998e-01
    outer loop
      vertex   5.320824e+01 -3.465029e+01 1.966199e+01
      vertex   5.348084e+01 -3.297527e+01 1.966193e+01
      vertex   5.305994e+01 -3.437435e+01 1.966185e+01
    endloop
  endfacet
  facet normal -6.325976e-04 1.370772e-04 9.999998e-01
    outer loop
      vertex   5.305994e+01 -3.437435e+01 1.966185e+01
      vertex   5.348084e+01 -3.297527e+01 1.966193e+01
      vertex   5.325269e+01 -3.318994e+01 1.966181e+01
    endloop
  endfacet
  facet normal -6.325976e-04 1.370772e-04 9.999998e-01
    outer loop
      vertex   5.305994e+01 -3.437435e+01 1.966185e+01
      vertex   5.325269e+01 -3.318994e+01 1.966181e+01
      vertex   5.298810e+01 -3.406944e+01 1.966177e+01
    endloop
  endfacet
  facet normal -6.325976e-04 1.370772e-04 9.999998e-01
    outer loop
      vertex   5.298810e+01 -3.406944e+01 1.966177e+01
      vertex   5.325269e+01 -3.318994e+01 1.966181e+01
      vertex   5.308788e+01 -3.345634e+01 1.966175e+01
    endloop
  endfacet
  facet normal -6.325976e-04 1.370772e-04 9.999998e-01
    outer loop
      vertex   5.298810e+01 -3.406944e+01 1.966177e+01
      vertex   5.308788e+01 -3.345634e+01 1.966175e+01
      vertex   5.299763e+01 -3.375632e+01 1.966173e+01
    endloop
  endfacet
  facet normal -6.325976e-04 1.370772e-04 9.999998e-01
    outer loop
      vertex   5.375677e+01 -3.282696e+01 1.966208e+01
      vertex   5.342291e+01 -3.487843e+01 1.966215e+01
      vertex   5.406169e+01 -3.275513e+01 1.966227e+01
    endloop
  endfacet
  facet normal -6.325976e-04 1.370772e-04 9.999998e-01
    outer loop
      vertex   5.406169e+01 -3.275513e+01 1.966227e+01
      vertex   5.342291e+01 -3.487843e+01 1.966215e+01
      vertex   5.368931e+01 -3.504325e+01 1.966234e+01
    endloop
  endfacet
  facet normal -6.325976e-04 1.370772e-04 9.999998e-01
    outer loop
      vertex   5.406169e+01 -3.275513e+01 1.966227e+01
      vertex   5.368931e+01 -3.504325e+01 1.966234e+01
      vertex   5.437481e+01 -3.276466e+01 1.966246e+01
    endloop
  endfacet
  facet normal -6.325976e-04 1.370772e-04 9.999998e-01
    outer loop
      vertex   5.437481e+01 -3.276466e+01 1.966246e+01
      vertex   5.368931e+01 -3.504325e+01 1.966234e+01
      vertex   5.398929e+01 -3.513349e+01 1.966255e+01
    endloop
  endfacet
  facet normal -6.325976e-04 1.370772e-04 9.999998e-01
    outer loop
      vertex   5.437481e+01 -3.276466e+01 1.966246e+01
      vertex   5.398929e+01 -3.513349e+01 1.966255e+01
      vertex   5.467479e+01 -3.285491e+01 1.966267e+01
    endloop
  endfacet
  facet normal -6.325976e-04 1.370772e-04 9.999998e-01
    outer loop
      vertex   5.467479e+01 -3.285491e+01 1.966267e+01
      vertex   5.398929e+01 -3.513349e+01 1.966255e+01
      vertex   5.430241e+01 -3.514302e+01 1.966274e+01
    endloop
  endfacet
  facet normal -6.325976e-04 1.370772e-04 9.999998e-01
    outer loop
      vertex   5.467479e+01 -3.285491e+01 1.966267e+01
      vertex   5.430241e+01 -3.514302e+01 1.966274e+01
      vertex   5.494119e+01 -3.301972e+01 1.966286e+01
    endloop
  endfacet
  facet normal -6.325976e-04 1.370772e-04 9.999998e-01
    outer loop
      vertex   5.494119e+01 -3.301972e+01 1.966286e+01
      vertex   5.430241e+01 -3.514302e+01 1.966274e+01
      vertex   5.460733e+01 -3.507119e+01 1.966293e+01
    endloop
  endfacet
  facet normal -6.325976e-04 1.370772e-04 9.999998e-01
    outer loop
      vertex   5.494119e+01 -3.301972e+01 1.966286e+01
      vertex   5.460733e+01 -3.507119e+01 1.966293e+01
      vertex   5.515586e+01 -3.324787e+01 1.966303e+01
    endloop
  endfacet
  facet normal -6.325976e-04 1.370772e-04 9.999998e-01
    outer loop
      vertex   5.515586e+01 -3.324787e+01 1.966303e+01
      vertex   5.460733e+01 -3.507119e+01 1.966293e+01
      vertex   5.488326e+01 -3.492288e+01 1.966308e+01
    endloop
  endfacet
  facet normal -6.325976e-04 1.370772e-04 9.999998e-01
    outer loop
      vertex   5.515586e+01 -3.324787e+01 1.966303e+01
      vertex   5.488326e+01 -3.492288e+01 1.966308e+01
      vertex   5.530416e+01 -3.352380e+01 1.966316e+01
    endloop
  endfacet
  facet normal -6.325976e-04 1.370772e-04 9.999998e-01
    outer loop
      vertex   5.530416e+01 -3.352380e+01 1.966316e+01
      vertex   5.488326e+01 -3.492288e+01 1.966308e+01
      vertex   5.511141e+01 -3.470822e+01 1.966320e+01
    endloop
  endfacet
  facet normal -6.325976e-04 1.370772e-04 9.999998e-01
    outer loop
      vertex   5.530416e+01 -3.352380e+01 1.966316e+01
      vertex   5.511141e+01 -3.470822e+01 1.966320e+01
      vertex   5.537600e+01 -3.382871e+01 1.966324e+01
    endloop
  endfacet
  facet normal -6.325976e-04 1.370772e-04 9.999998e-01
    outer loop
      vertex   5.537600e+01 -3.382871e+01 1.966324e+01
      vertex   5.511141e+01 -3.470822e+01 1.966320e+01
      vertex   5.527622e+01 -3.444181e+01 1.966326e+01
    endloop
  endfacet
  facet normal -6.325976e-04 1.370772e-04 9.999998e-01
    outer loop
      vertex   5.537600e+01 -3.382871e+01 1.966324e+01
      vertex   5.527622e+01 -3.444181e+01 1.966326e+01
      vertex   5.536647e+01 -3.414183e+01 1.966328e+01
    endloop
  endfacet
  facet normal -1.110223e-13 1.332268e-15 1.000000e+00
    outer loop
      vertex   4.127979e+01 -1.464109e+02 1.366416e+01
      vertex   4.127979e+01 -1.424109e+02 1.366416e+01
      vertex   3.927979e+01 -1.464109e+02 1.366416e+01
    endloop
  endfacet
  facet normal -1.083578e-13 -9.624103e-28 1.000000e+00
    outer loop
      vertex   3.927979e+01 -1.464109e+02 1.366416e+01
      vertex   4.127979e+01 -1.424109e+02 1.366416e+01
      vertex   3.927979e+01 -1.424109e+02 1.366416e+01
    endloop
  endfacet
  facet normal -8.654211e-15 -1.139349e-15 1.000000e+00
    outer loop
      vertex   3.151941e+01 -8.131730e+01 2.714440e+01
      vertex   3.480356e+01 -8.131730e+01 2.714440e+01
      vertex   3.146149e+01 -8.087731e+01 2.714440e+01
    endloop
  endfacet
  facet normal -8.359326e-15 1.100526e-15 1.000000e+00
    outer loop
      vertex   3.146149e+01 -8.087731e+01 2.714440e+01
      vertex   3.480356e+01 -8.131730e+01 2.714440e+01
      vertex   3.486149e+01 -8.087731e+01 2.714440e+01
    endloop
  endfacet
  facet normal -8.359326e-15 1.100526e-15 1.000000e+00
    outer loop
      vertex   3.146149e+01 -8.087731e+01 2.714440e+01
      vertex   3.486149e+01 -8.087731e+01 2.714440e+01
      vertex   3.151941e+01 -8.043732e+01 2.714440e+01
    endloop
  endfacet
  facet normal -8.654211e-15 -1.139349e-15 1.000000e+00
    outer loop
      vertex   3.151941e+01 -8.043732e+01 2.714440e+01
      vertex   3.486149e+01 -8.087731e+01 2.714440e+01
      vertex   3.480356e+01 -8.043732e+01 2.714440e+01
    endloop
  endfacet
  facet normal -8.654211e-15 3.584692e-15 1.000000e+00
    outer loop
      vertex   3.151941e+01 -8.043732e+01 2.714440e+01
      vertex   3.480356e+01 -8.043732e+01 2.714440e+01
      vertex   3.168925e+01 -8.002731e+01 2.714440e+01
    endloop
  endfacet
  facet normal -9.652519e-15 -3.998204e-15 1.000000e+00
    outer loop
      vertex   3.168925e+01 -8.002731e+01 2.714440e+01
      vertex   3.480356e+01 -8.043732e+01 2.714440e+01
      vertex   3.463373e+01 -8.002731e+01 2.714440e+01
    endloop
  endfacet
  facet normal -9.652519e-15 -2.683961e-15 1.000000e+00
    outer loop
      vertex   3.168925e+01 -8.002731e+01 2.714440e+01
      vertex   3.463373e+01 -8.002731e+01 2.714440e+01
      vertex   3.195941e+01 -7.967523e+01 2.714440e+01
    endloop
  endfacet
  facet normal -8.866404e-15 3.287168e-15 1.000000e+00
    outer loop
      vertex   3.195941e+01 -7.967523e+01 2.714440e+01
      vertex   3.463373e+01 -8.002731e+01 2.714440e+01
      vertex   3.436357e+01 -7.967523e+01 2.714440e+01
    endloop
  endfacet
  facet normal -8.866404e-15 -1.474573e-14 1.000000e+00
    outer loop
      vertex   3.195941e+01 -7.967523e+01 2.714440e+01
      vertex   3.436357e+01 -7.967523e+01 2.714440e+01
      vertex   3.231149e+01 -7.940506e+01 2.714440e+01
    endloop
  endfacet
  facet normal -4.179663e-15 2.085361e-14 1.000000e+00
    outer loop
      vertex   3.231149e+01 -7.940506e+01 2.714440e+01
      vertex   3.436357e+01 -7.967523e+01 2.714440e+01
      vertex   3.401149e+01 -7.940506e+01 2.714440e+01
    endloop
  endfacet
  facet normal -4.179663e-15 1.009060e-14 1.000000e+00
    outer loop
      vertex   3.231149e+01 -7.940506e+01 2.714440e+01
      vertex   3.401149e+01 -7.940506e+01 2.714440e+01
      vertex   3.272150e+01 -7.923523e+01 2.714440e+01
    endloop
  endfacet
  facet normal -8.074489e-15 -1.949354e-14 1.000000e+00
    outer loop
      vertex   3.272150e+01 -7.923523e+01 2.714440e+01
      vertex   3.401149e+01 -7.940506e+01 2.714440e+01
      vertex   3.360148e+01 -7.923523e+01 2.714440e+01
    endloop
  endfacet
  facet normal -8.074489e-15 -4.952232e-28 1.000000e+00
    outer loop
      vertex   3.272150e+01 -7.923523e+01 2.714440e+01
      vertex   3.360148e+01 -7.923523e+01 2.714440e+01
      vertex   3.316149e+01 -7.917731e+01 2.714440e+01
    endloop
  endfacet
  facet normal -8.654211e-15 3.584692e-15 1.000000e+00
    outer loop
      vertex   3.480356e+01 -8.131730e+01 2.714440e+01
      vertex   3.151941e+01 -8.131730e+01 2.714440e+01
      vertex   3.463373e+01 -8.172731e+01 2.714440e+01
    endloop
  endfacet
  facet normal -9.652519e-15 -3.998204e-15 1.000000e+00
    outer loop
      vertex   3.463373e+01 -8.172731e+01 2.714440e+01
      vertex   3.151941e+01 -8.131730e+01 2.714440e+01
      vertex   3.168925e+01 -8.172731e+01 2.714440e+01
    endloop
  endfacet
  facet normal -9.652519e-15 -2.683961e-15 1.000000e+00
    outer loop
      vertex   3.463373e+01 -8.172731e+01 2.714440e+01
      vertex   3.168925e+01 -8.172731e+01 2.714440e+01
      vertex   3.436357e+01 -8.207939e+01 2.714440e+01
    endloop
  endfacet
  facet normal -8.866404e-15 3.287168e-15 1.000000e+00
    outer loop
      vertex   3.436357e+01 -8.207939e+01 2.714440e+01
      vertex   3.168925e+01 -8.172731e+01 2.714440e+01
      vertex   3.195941e+01 -8.207939e+01 2.714440e+01
    endloop
  endfacet
  facet normal -8.866404e-15 -1.474573e-14 1.000000e+00
    outer loop
      vertex   3.436357e+01 -8.207939e+01 2.714440e+01
      vertex   3.195941e+01 -8.207939e+01 2.714440e+01
      vertex   3.401149e+01 -8.234955e+01 2.714440e+01
    endloop
  endfacet
  facet normal -4.179663e-15 2.085361e-14 1.000000e+00
    outer loop
      vertex   3.401149e+01 -8.234955e+01 2.714440e+01
      vertex   3.195941e+01 -8.207939e+01 2.714440e+01
      vertex   3.231149e+01 -8.234955e+01 2.714440e+01
    endloop
  endfacet
  facet normal -4.179663e-15 1.009060e-14 1.000000e+00
    outer loop
      vertex   3.401149e+01 -8.234955e+01 2.714440e+01
      vertex   3.231149e+01 -8.234955e+01 2.714440e+01
      vertex   3.360148e+01 -8.251938e+01 2.714440e+01
    endloop
  endfacet
  facet normal -8.074489e-15 -1.949354e-14 1.000000e+00
    outer loop
      vertex   3.360148e+01 -8.251938e+01 2.714440e+01
      vertex   3.231149e+01 -8.234955e+01 2.714440e+01
      vertex   3.272150e+01 -8.251938e+01 2.714440e+01
    endloop
  endfacet
  facet normal -8.074489e-15 0.000000e+00 1.000000e+00
    outer loop
      vertex   3.360148e+01 -8.251938e+01 2.714440e+01
      vertex   3.272150e+01 -8.251938e+01 2.714440e+01
      vertex   3.316149e+01 -8.257731e+01 2.714440e+01
    endloop
  endfacet
  facet normal -1.000000e+00 -1.042272e-14 -3.419650e-15
    outer loop
      vertex   3.032979e+01 -1.418935e+02 -1.880600e+00
      vertex   3.032979e+01 -1.509109e+02 -1.408014e+00
      vertex   3.032979e+01 -1.418935e+02 1.266416e+01
    endloop
  endfacet
  facet normal -1.000000e+00 -1.221341e-14 -2.272174e-15
    outer loop
      vertex   3.032979e+01 -1.418935e+02 1.266416e+01
      vertex   3.032979e+01 -1.509109e+02 -1.408014e+00
      vertex   3.032979e+01 -1.509109e+02 1.266416e+01
    endloop
  endfacet
  facet normal -1.590945e-29 1.000000e+00 1.954086e-15
    outer loop
      vertex   3.032979e+01 -1.418935e+02 -1.880600e+00
      vertex   3.032979e+01 -1.418935e+02 1.266416e+01
      vertex   3.362979e+01 -1.418935e+02 -1.880600e+00
    endloop
  endfacet
  facet normal -1.722528e-14 1.000000e+00 -1.954086e-15
    outer loop
      vertex   3.362979e+01 -1.418935e+02 -1.880600e+00
      vertex   3.032979e+01 -1.418935e+02 1.266416e+01
      vertex   3.362979e+01 -1.418935e+02 1.266416e+01
    endloop
  endfacet
  facet normal -1.000000e+00 -1.023371e-14 -3.366281e-15
    outer loop
      vertex   3.032979e+01 -1.374935e+02 1.266416e+01
      vertex   3.032979e+01 -1.274760e+02 4.373419e+00
      vertex   3.032979e+01 -1.374935e+02 -2.111194e+00
    endloop
  endfacet
  facet normal -1.000000e+00 4.413800e-05 -6.818467e-05
    outer loop
      vertex   3.032979e+01 -1.374935e+02 -2.111194e+00
      vertex   3.032979e+01 -1.274760e+02 4.373419e+00
      vertex   3.032979e+01 -1.273713e+02 4.367933e+00
    endloop
  endfacet
  facet normal -1.000000e+00 -1.030733e-08 7.868924e-07
    outer loop
      vertex   3.032979e+01 -1.374935e+02 -2.111194e+00
      vertex   3.032979e+01 -1.273713e+02 4.367933e+00
      vertex   3.032979e+01 -3.048726e+01 -7.095446e-01
    endloop
  endfacet
  facet normal -1.000000e+00 -1.099420e-14 -4.285158e-15
    outer loop
      vertex   3.032979e+01 -1.374935e+02 1.266416e+01
      vertex   3.032979e+01 -1.274760e+02 1.266416e+01
      vertex   3.032979e+01 -1.274760e+02 4.373419e+00
    endloop
  endfacet
  facet normal -1.000000e+00 -1.148756e-14 -5.068350e-15
    outer loop
      vertex   3.032979e+01 -3.048726e+01 -7.095446e-01
      vertex   3.032979e+01 -3.048726e+01 -7.719151e+00
      vertex   3.032979e+01 -1.374935e+02 -2.111194e+00
    endloop
  endfacet
  facet normal 8.612639e-15 -1.000000e+00 2.899256e-29
    outer loop
      vertex   3.032979e+01 -1.374935e+02 1.266416e+01
      vertex   3.032979e+01 -1.374935e+02 -2.111194e+00
      vertex   3.362979e+01 -1.374935e+02 1.266416e+01
    endloop
  endfacet
  facet normal 8.612639e-15 -1.000000e+00 0.000000e+00
    outer loop
      vertex   3.362979e+01 -1.374935e+02 1.266416e+01
      vertex   3.032979e+01 -1.374935e+02 -2.111194e+00
      vertex   3.362979e+01 -1.374935e+02 -2.111194e+00
    endloop
  endfacet
  facet normal -9.914449e-01 -1.305262e-01 0.000000e+00
    outer loop
      vertex   3.631362e+01 -1.370324e+02 -2.135357e+00
      vertex   3.631362e+01 -1.370324e+02 1.266416e+01
      vertex   3.627954e+01 -1.367736e+02 7.713518e+00
    endloop
  endfacet
  facet normal -9.914449e-01 -1.305262e-01 0.000000e+00
    outer loop
      vertex   3.627954e+01 -1.367736e+02 7.713518e+00
      vertex   3.631362e+01 -1.370324e+02 1.266416e+01
      vertex   3.627954e+01 -1.367736e+02 1.266416e+01
    endloop
  endfacet
  facet normal -9.238795e-01 -3.826834e-01 0.000000e+00
    outer loop
      vertex   3.627954e+01 -1.367736e+02 7.713518e+00
      vertex   3.627954e+01 -1.367736e+02 1.266416e+01
      vertex   3.617964e+01 -1.365324e+02 7.713518e+00
    endloop
  endfacet
  facet normal -9.238795e-01 -3.826834e-01 -1.326002e-15
    outer loop
      vertex   3.617964e+01 -1.365324e+02 7.713518e+00
      vertex   3.627954e+01 -1.367736e+02 1.266416e+01
      vertex   3.617964e+01 -1.365324e+02 1.266416e+01
    endloop
  endfacet
  facet normal -7.933533e-01 -6.087614e-01 -1.138663e-15
    outer loop
      vertex   3.617964e+01 -1.365324e+02 7.713518e+00
      vertex   3.617964e+01 -1.365324e+02 1.266416e+01
      vertex   3.602073e+01 -1.363253e+02 7.713518e+00
    endloop
  endfacet
  facet normal -7.933533e-01 -6.087614e-01 1.138663e-15
    outer loop
      vertex   3.602073e+01 -1.363253e+02 7.713518e+00
      vertex   3.617964e+01 -1.365324e+02 1.266416e+01
      vertex   3.602073e+01 -1.363253e+02 1.266416e+01
    endloop
  endfacet
  facet normal -6.087614e-01 -7.933533e-01 8.737272e-16
    outer loop
      vertex   3.602073e+01 -1.363253e+02 7.713518e+00
      vertex   3.602073e+01 -1.363253e+02 1.266416e+01
      vertex   3.581362e+01 -1.361664e+02 7.713518e+00
    endloop
  endfacet
  facet normal -6.087614e-01 -7.933533e-01 0.000000e+00
    outer loop
      vertex   3.581362e+01 -1.361664e+02 7.713518e+00
      vertex   3.602073e+01 -1.363253e+02 1.266416e+01
      vertex   3.581362e+01 -1.361664e+02 1.266416e+01
    endloop
  endfacet
  facet normal -3.826834e-01 -9.238795e-01 0.000000e+00
    outer loop
      vertex   3.581362e+01 -1.361664e+02 7.713518e+00
      vertex   3.581362e+01 -1.361664e+02 1.266416e+01
      vertex   3.557244e+01 -1.360665e+02 7.713518e+00
    endloop
  endfacet
  facet normal -3.826834e-01 -9.238795e-01 5.304006e-15
    outer loop
      vertex   3.557244e+01 -1.360665e+02 7.713518e+00
      vertex   3.581362e+01 -1.361664e+02 1.266416e+01
      vertex   3.557244e+01 -1.360665e+02 1.266416e+01
    endloop
  endfacet
  facet normal -1.305262e-01 -9.914449e-01 5.691900e-15
    outer loop
      vertex   3.557244e+01 -1.360665e+02 7.713518e+00
      vertex   3.557244e+01 -1.360665e+02 1.266416e+01
      vertex   3.531362e+01 -1.360324e+02 1.266416e+01
    endloop
  endfacet
  facet normal -1.305262e-01 -9.914449e-01 -0.000000e+00
    outer loop
      vertex   3.531362e+01 -1.360324e+02 1.266416e+01
      vertex   3.531362e+01 -1.360324e+02 -2.187765e+00
      vertex   3.557244e+01 -1.360665e+02 7.713518e+00
    endloop
  endfacet
  facet normal -1.305262e-01 -9.914449e-01 -0.000000e+00
    outer loop
      vertex   3.557244e+01 -1.360665e+02 7.713518e+00
      vertex   3.531362e+01 -1.360324e+02 -2.187765e+00
      vertex   3.557244e+01 -1.360665e+02 2.762877e+00
    endloop
  endfacet
  facet normal -3.826834e-01 -9.238795e-01 -0.000000e+00
    outer loop
      vertex   3.557244e+01 -1.360665e+02 7.713518e+00
      vertex   3.557244e+01 -1.360665e+02 2.762877e+00
      vertex   3.581362e+01 -1.361664e+02 7.713518e+00
    endloop
  endfacet
  facet normal -3.826834e-01 -9.238795e-01 -0.000000e+00
    outer loop
      vertex   3.581362e+01 -1.361664e+02 7.713518e+00
      vertex   3.557244e+01 -1.360665e+02 2.762877e+00
      vertex   3.581362e+01 -1.361664e+02 2.762877e+00
    endloop
  endfacet
  facet normal -6.087614e-01 -7.933533e-01 -0.000000e+00
    outer loop
      vertex   3.581362e+01 -1.361664e+02 7.713518e+00
      vertex   3.581362e+01 -1.361664e+02 2.762877e+00
      vertex   3.602073e+01 -1.363253e+02 7.713518e+00
    endloop
  endfacet
  facet normal -6.087614e-01 -7.933533e-01 -0.000000e+00
    outer loop
      vertex   3.602073e+01 -1.363253e+02 7.713518e+00
      vertex   3.581362e+01 -1.361664e+02 2.762877e+00
      vertex   3.602073e+01 -1.363253e+02 2.762877e+00
    endloop
  endfacet
  facet normal -7.933533e-01 -6.087614e-01 -0.000000e+00
    outer loop
      vertex   3.602073e+01 -1.363253e+02 7.713518e+00
      vertex   3.602073e+01 -1.363253e+02 2.762877e+00
      vertex   3.617964e+01 -1.365324e+02 7.713518e+00
    endloop
  endfacet
  facet normal -7.933533e-01 -6.087614e-01 -0.000000e+00
    outer loop
      vertex   3.617964e+01 -1.365324e+02 7.713518e+00
      vertex   3.602073e+01 -1.363253e+02 2.762877e+00
      vertex   3.617964e+01 -1.365324e+02 2.762877e+00
    endloop
  endfacet
  facet normal -9.238795e-01 -3.826834e-01 -0.000000e+00
    outer loop
      vertex   3.617964e+01 -1.365324e+02 7.713518e+00
      vertex   3.617964e+01 -1.365324e+02 2.762877e+00
      vertex   3.627954e+01 -1.367736e+02 7.713518e+00
    endloop
  endfacet
  facet normal -9.238795e-01 -3.826834e-01 -0.000000e+00
    outer loop
      vertex   3.627954e+01 -1.367736e+02 7.713518e+00
      vertex   3.617964e+01 -1.365324e+02 2.762877e+00
      vertex   3.627954e+01 -1.367736e+02 2.762877e+00
    endloop
  endfacet
  facet normal -9.914449e-01 -1.305262e-01 -0.000000e+00
    outer loop
      vertex   3.627954e+01 -1.367736e+02 7.713518e+00
      vertex   3.627954e+01 -1.367736e+02 2.762877e+00
      vertex   3.631362e+01 -1.370324e+02 -2.135357e+00
    endloop
  endfacet
  facet normal -9.914449e-01 -1.305262e-01 0.000000e+00
    outer loop
      vertex   3.631362e+01 -1.370324e+02 -2.135357e+00
      vertex   3.627954e+01 -1.367736e+02 2.762877e+00
      vertex   3.627954e+01 -1.367736e+02 -2.148921e+00
    endloop
  endfacet
  facet normal -9.238795e-01 -3.826834e-01 0.000000e+00
    outer loop
      vertex   3.627954e+01 -1.367736e+02 -2.148921e+00
      vertex   3.627954e+01 -1.367736e+02 2.762877e+00
      vertex   3.617964e+01 -1.365324e+02 2.762877e+00
    endloop
  endfacet
  facet normal -9.238795e-01 -3.826834e-01 0.000000e+00
    outer loop
      vertex   3.627954e+01 -1.367736e+02 -2.148921e+00
      vertex   3.617964e+01 -1.365324e+02 2.762877e+00
      vertex   3.617964e+01 -1.365324e+02 -2.161561e+00
    endloop
  endfacet
  facet normal -7.933533e-01 -6.087614e-01 0.000000e+00
    outer loop
      vertex   3.617964e+01 -1.365324e+02 -2.161561e+00
      vertex   3.617964e+01 -1.365324e+02 2.762877e+00
      vertex   3.602073e+01 -1.363253e+02 2.762877e+00
    endloop
  endfacet
  facet normal -7.933533e-01 -6.087614e-01 -1.141788e-15
    outer loop
      vertex   3.617964e+01 -1.365324e+02 -2.161561e+00
      vertex   3.602073e+01 -1.363253e+02 2.762877e+00
      vertex   3.602073e+01 -1.363253e+02 -2.172415e+00
    endloop
  endfacet
  facet normal -6.087614e-01 -7.933533e-01 -8.764446e-16
    outer loop
      vertex   3.602073e+01 -1.363253e+02 -2.172415e+00
      vertex   3.602073e+01 -1.363253e+02 2.762877e+00
      vertex   3.581362e+01 -1.361664e+02 2.762877e+00
    endloop
  endfacet
  facet normal -6.087614e-01 -7.933533e-01 0.000000e+00
    outer loop
      vertex   3.602073e+01 -1.363253e+02 -2.172415e+00
      vertex   3.581362e+01 -1.361664e+02 2.762877e+00
      vertex   3.581362e+01 -1.361664e+02 -2.180744e+00
    endloop
  endfacet
  facet normal -3.826834e-01 -9.238795e-01 0.000000e+00
    outer loop
      vertex   3.581362e+01 -1.361664e+02 -2.180744e+00
      vertex   3.581362e+01 -1.361664e+02 2.762877e+00
      vertex   3.557244e+01 -1.360665e+02 2.762877e+00
    endloop
  endfacet
  facet normal -3.826834e-01 -9.238795e-01 0.000000e+00
    outer loop
      vertex   3.581362e+01 -1.361664e+02 -2.180744e+00
      vertex   3.557244e+01 -1.360665e+02 2.762877e+00
      vertex   3.557244e+01 -1.360665e+02 -2.185979e+00
    endloop
  endfacet
  facet normal -1.305262e-01 -9.914449e-01 0.000000e+00
    outer loop
      vertex   3.557244e+01 -1.360665e+02 -2.185979e+00
      vertex   3.557244e+01 -1.360665e+02 2.762877e+00
      vertex   3.531362e+01 -1.360324e+02 -2.187765e+00
    endloop
  endfacet
  facet normal -1.000000e+00 -7.894919e-15 4.894720e-16
    outer loop
      vertex   3.631362e+01 -1.424324e+02 1.266416e+01
      vertex   3.631362e+01 -1.370324e+02 1.266416e+01
      vertex   3.631362e+01 -1.424324e+02 -1.852355e+00
    endloop
  endfacet
  facet normal -1.000000e+00 -6.579099e-15 0.000000e+00
    outer loop
      vertex   3.631362e+01 -1.424324e+02 -1.852355e+00
      vertex   3.631362e+01 -1.370324e+02 1.266416e+01
      vertex   3.631362e+01 -1.370324e+02 -2.135357e+00
    endloop
  endfacet
  facet normal -1.305262e-01 9.914449e-01 1.948171e-15
    outer loop
      vertex   3.531362e+01 -1.434324e+02 -1.799948e+00
      vertex   3.531362e+01 -1.434324e+02 1.266416e+01
      vertex   3.557244e+01 -1.433983e+02 7.825322e+00
    endloop
  endfacet
  facet normal -1.305262e-01 9.914449e-01 0.000000e+00
    outer loop
      vertex   3.557244e+01 -1.433983e+02 7.825322e+00
      vertex   3.531362e+01 -1.434324e+02 1.266416e+01
      vertex   3.557244e+01 -1.433983e+02 1.266416e+01
    endloop
  endfacet
  facet normal -3.826834e-01 9.238795e-01 0.000000e+00
    outer loop
      vertex   3.557244e+01 -1.433983e+02 7.825322e+00
      vertex   3.557244e+01 -1.433983e+02 1.266416e+01
      vertex   3.581362e+01 -1.432984e+02 7.825322e+00
    endloop
  endfacet
  facet normal -3.826834e-01 9.238795e-01 0.000000e+00
    outer loop
      vertex   3.581362e+01 -1.432984e+02 7.825322e+00
      vertex   3.557244e+01 -1.433983e+02 1.266416e+01
      vertex   3.581362e+01 -1.432984e+02 1.266416e+01
    endloop
  endfacet
  facet normal -6.087614e-01 7.933533e-01 0.000000e+00
    outer loop
      vertex   3.581362e+01 -1.432984e+02 7.825322e+00
      vertex   3.581362e+01 -1.432984e+02 1.266416e+01
      vertex   3.602073e+01 -1.431395e+02 7.825322e+00
    endloop
  endfacet
  facet normal -6.087614e-01 7.933533e-01 0.000000e+00
    outer loop
      vertex   3.602073e+01 -1.431395e+02 7.825322e+00
      vertex   3.581362e+01 -1.432984e+02 1.266416e+01
      vertex   3.602073e+01 -1.431395e+02 1.266416e+01
    endloop
  endfacet
  facet normal -7.933533e-01 6.087614e-01 0.000000e+00
    outer loop
      vertex   3.602073e+01 -1.431395e+02 7.825322e+00
      vertex   3.602073e+01 -1.431395e+02 1.266416e+01
      vertex   3.617964e+01 -1.429324e+02 7.825322e+00
    endloop
  endfacet
  facet normal -7.933533e-01 6.087614e-01 -1.164973e-15
    outer loop
      vertex   3.617964e+01 -1.429324e+02 7.825322e+00
      vertex   3.602073e+01 -1.431395e+02 1.266416e+01
      vertex   3.617964e+01 -1.429324e+02 1.266416e+01
    endloop
  endfacet
  facet normal -9.238795e-01 3.826834e-01 -1.356639e-15
    outer loop
      vertex   3.617964e+01 -1.429324e+02 7.825322e+00
      vertex   3.617964e+01 -1.429324e+02 1.266416e+01
      vertex   3.627954e+01 -1.426912e+02 7.825322e+00
    endloop
  endfacet
  facet normal -9.238795e-01 3.826834e-01 0.000000e+00
    outer loop
      vertex   3.627954e+01 -1.426912e+02 7.825322e+00
      vertex   3.617964e+01 -1.429324e+02 1.266416e+01
      vertex   3.627954e+01 -1.426912e+02 1.266416e+01
    endloop
  endfacet
  facet normal -9.914449e-01 1.305262e-01 0.000000e+00
    outer loop
      vertex   3.627954e+01 -1.426912e+02 7.825322e+00
      vertex   3.627954e+01 -1.426912e+02 1.266416e+01
      vertex   3.631362e+01 -1.424324e+02 1.266416e+01
    endloop
  endfacet
  facet normal -9.914449e-01 1.305262e-01 4.852845e-16
    outer loop
      vertex   3.631362e+01 -1.424324e+02 1.266416e+01
      vertex   3.631362e+01 -1.424324e+02 -1.852355e+00
      vertex   3.627954e+01 -1.426912e+02 7.825322e+00
    endloop
  endfacet
  facet normal -9.914449e-01 1.305262e-01 0.000000e+00
    outer loop
      vertex   3.627954e+01 -1.426912e+02 7.825322e+00
      vertex   3.631362e+01 -1.424324e+02 -1.852355e+00
      vertex   3.627954e+01 -1.426912e+02 2.986483e+00
    endloop
  endfacet
  facet normal -9.238795e-01 3.826834e-01 0.000000e+00
    outer loop
      vertex   3.627954e+01 -1.426912e+02 7.825322e+00
      vertex   3.627954e+01 -1.426912e+02 2.986483e+00
      vertex   3.617964e+01 -1.429324e+02 7.825322e+00
    endloop
  endfacet
  facet normal -9.238795e-01 3.826834e-01 1.356639e-15
    outer loop
      vertex   3.617964e+01 -1.429324e+02 7.825322e+00
      vertex   3.627954e+01 -1.426912e+02 2.986483e+00
      vertex   3.617964e+01 -1.429324e+02 2.986483e+00
    endloop
  endfacet
  facet normal -7.933533e-01 6.087614e-01 1.164973e-15
    outer loop
      vertex   3.617964e+01 -1.429324e+02 7.825322e+00
      vertex   3.617964e+01 -1.429324e+02 2.986483e+00
      vertex   3.602073e+01 -1.431395e+02 7.825322e+00
    endloop
  endfacet
  facet normal -7.933533e-01 6.087614e-01 0.000000e+00
    outer loop
      vertex   3.602073e+01 -1.431395e+02 7.825322e+00
      vertex   3.617964e+01 -1.429324e+02 2.986483e+00
      vertex   3.602073e+01 -1.431395e+02 2.986483e+00
    endloop
  endfacet
  facet normal -6.087614e-01 7.933533e-01 0.000000e+00
    outer loop
      vertex   3.602073e+01 -1.431395e+02 7.825322e+00
      vertex   3.602073e+01 -1.431395e+02 2.986483e+00
      vertex   3.581362e+01 -1.432984e+02 7.825322e+00
    endloop
  endfacet
  facet normal -6.087614e-01 7.933533e-01 0.000000e+00
    outer loop
      vertex   3.581362e+01 -1.432984e+02 7.825322e+00
      vertex   3.602073e+01 -1.431395e+02 2.986483e+00
      vertex   3.581362e+01 -1.432984e+02 2.986483e+00
    endloop
  endfacet
  facet normal -3.826834e-01 9.238795e-01 0.000000e+00
    outer loop
      vertex   3.581362e+01 -1.432984e+02 7.825322e+00
      vertex   3.581362e+01 -1.432984e+02 2.986483e+00
      vertex   3.557244e+01 -1.433983e+02 7.825322e+00
    endloop
  endfacet
  facet normal -3.826834e-01 9.238795e-01 0.000000e+00
    outer loop
      vertex   3.557244e+01 -1.433983e+02 7.825322e+00
      vertex   3.581362e+01 -1.432984e+02 2.986483e+00
      vertex   3.557244e+01 -1.433983e+02 2.986483e+00
    endloop
  endfacet
  facet normal -1.305262e-01 9.914449e-01 0.000000e+00
    outer loop
      vertex   3.557244e+01 -1.433983e+02 7.825322e+00
      vertex   3.557244e+01 -1.433983e+02 2.986483e+00
      vertex   3.531362e+01 -1.434324e+02 -1.799948e+00
    endloop
  endfacet
  facet normal -1.305262e-01 9.914449e-01 1.942929e-16
    outer loop
      vertex   3.531362e+01 -1.434324e+02 -1.799948e+00
      vertex   3.557244e+01 -1.433983e+02 2.986483e+00
      vertex   3.557244e+01 -1.433983e+02 -1.801733e+00
    endloop
  endfacet
  facet normal -3.826834e-01 9.238795e-01 5.678794e-16
    outer loop
      vertex   3.557244e+01 -1.433983e+02 -1.801733e+00
      vertex   3.557244e+01 -1.433983e+02 2.986483e+00
      vertex   3.581362e+01 -1.432984e+02 2.986483e+00
    endloop
  endfacet
  facet normal -3.826834e-01 9.238795e-01 5.656065e-16
    outer loop
      vertex   3.557244e+01 -1.433983e+02 -1.801733e+00
      vertex   3.581362e+01 -1.432984e+02 2.986483e+00
      vertex   3.581362e+01 -1.432984e+02 -1.806969e+00
    endloop
  endfacet
  facet normal -6.087614e-01 7.933533e-01 9.023789e-16
    outer loop
      vertex   3.581362e+01 -1.432984e+02 -1.806969e+00
      vertex   3.581362e+01 -1.432984e+02 2.986483e+00
      vertex   3.602073e+01 -1.431395e+02 2.986483e+00
    endloop
  endfacet
  facet normal -6.087614e-01 7.933533e-01 0.000000e+00
    outer loop
      vertex   3.581362e+01 -1.432984e+02 -1.806969e+00
      vertex   3.602073e+01 -1.431395e+02 2.986483e+00
      vertex   3.602073e+01 -1.431395e+02 -1.815297e+00
    endloop
  endfacet
  facet normal -7.933533e-01 6.087614e-01 0.000000e+00
    outer loop
      vertex   3.602073e+01 -1.431395e+02 -1.815297e+00
      vertex   3.602073e+01 -1.431395e+02 2.986483e+00
      vertex   3.617964e+01 -1.429324e+02 2.986483e+00
    endloop
  endfacet
  facet normal -7.933533e-01 6.087614e-01 0.000000e+00
    outer loop
      vertex   3.602073e+01 -1.431395e+02 -1.815297e+00
      vertex   3.617964e+01 -1.429324e+02 2.986483e+00
      vertex   3.617964e+01 -1.429324e+02 -1.826151e+00
    endloop
  endfacet
  facet normal -9.238795e-01 3.826834e-01 0.000000e+00
    outer loop
      vertex   3.617964e+01 -1.429324e+02 -1.826151e+00
      vertex   3.617964e+01 -1.429324e+02 2.986483e+00
      vertex   3.627954e+01 -1.426912e+02 2.986483e+00
    endloop
  endfacet
  facet normal -9.238795e-01 3.826834e-01 1.360622e-15
    outer loop
      vertex   3.617964e+01 -1.429324e+02 -1.826151e+00
      vertex   3.627954e+01 -1.426912e+02 2.986483e+00
      vertex   3.627954e+01 -1.426912e+02 -1.838791e+00
    endloop
  endfacet
  facet normal -9.914449e-01 1.305262e-01 1.459946e-15
    outer loop
      vertex   3.627954e+01 -1.426912e+02 -1.838791e+00
      vertex   3.627954e+01 -1.426912e+02 2.986483e+00
      vertex   3.631362e+01 -1.424324e+02 -1.852355e+00
    endloop
  endfacet
  facet normal 1.000000e+00 1.318417e-14 0.000000e+00
    outer loop
      vertex   3.362979e+01 -1.424324e+02 1.266416e+01
      vertex   3.362979e+01 -1.424324e+02 -1.852355e+00
      vertex   3.362979e+01 -1.418935e+02 1.266416e+01
    endloop
  endfacet
  facet normal 1.000000e+00 1.318417e-14 -2.576299e-29
    outer loop
      vertex   3.362979e+01 -1.418935e+02 1.266416e+01
      vertex   3.362979e+01 -1.424324e+02 -1.852355e+00
      vertex   3.362979e+01 -1.418935e+02 -1.880600e+00
    endloop
  endfacet
  facet normal -1.531305e-29 1.000000e+00 1.964982e-15
    outer loop
      vertex   3.462979e+01 -1.434324e+02 -1.799948e+00
      vertex   3.462979e+01 -1.434324e+02 1.266416e+01
      vertex   3.531362e+01 -1.434324e+02 -1.799948e+00
    endloop
  endfacet
  facet normal -1.020870e-29 1.000000e+00 1.964982e-15
    outer loop
      vertex   3.531362e+01 -1.434324e+02 -1.799948e+00
      vertex   3.462979e+01 -1.434324e+02 1.266416e+01
      vertex   3.531362e+01 -1.434324e+02 1.266416e+01
    endloop
  endfacet
  facet normal 9.914449e-01 1.305262e-01 0.000000e+00
    outer loop
      vertex   3.366386e+01 -1.426912e+02 1.266416e+01
      vertex   3.366386e+01 -1.426912e+02 7.825322e+00
      vertex   3.362979e+01 -1.424324e+02 1.266416e+01
    endloop
  endfacet
  facet normal 9.914449e-01 1.305262e-01 0.000000e+00
    outer loop
      vertex   3.362979e+01 -1.424324e+02 1.266416e+01
      vertex   3.366386e+01 -1.426912e+02 7.825322e+00
      vertex   3.366386e+01 -1.426912e+02 2.986483e+00
    endloop
  endfacet
  facet normal 9.914449e-01 1.305262e-01 0.000000e+00
    outer loop
      vertex   3.362979e+01 -1.424324e+02 1.266416e+01
      vertex   3.366386e+01 -1.426912e+02 2.986483e+00
      vertex   3.362979e+01 -1.424324e+02 -1.852355e+00
    endloop
  endfacet
  facet normal 9.914449e-01 1.305262e-01 0.000000e+00
    outer loop
      vertex   3.362979e+01 -1.424324e+02 -1.852355e+00
      vertex   3.366386e+01 -1.426912e+02 2.986483e+00
      vertex   3.366386e+01 -1.426912e+02 -1.838791e+00
    endloop
  endfacet
  facet normal 9.238795e-01 3.826834e-01 -0.000000e+00
    outer loop
      vertex   3.366386e+01 -1.426912e+02 -1.838791e+00
      vertex   3.366386e+01 -1.426912e+02 2.986483e+00
      vertex   3.376376e+01 -1.429324e+02 -1.826151e+00
    endloop
  endfacet
  facet normal 9.238795e-01 3.826834e-01 -0.000000e+00
    outer loop
      vertex   3.376376e+01 -1.429324e+02 -1.826151e+00
      vertex   3.366386e+01 -1.426912e+02 2.986483e+00
      vertex   3.376376e+01 -1.429324e+02 2.986483e+00
    endloop
  endfacet
  facet normal 7.933533e-01 6.087614e-01 -0.000000e+00
    outer loop
      vertex   3.376376e+01 -1.429324e+02 -1.826151e+00
      vertex   3.376376e+01 -1.429324e+02 2.986483e+00
      vertex   3.392268e+01 -1.431395e+02 -1.815297e+00
    endloop
  endfacet
  facet normal 7.933533e-01 6.087614e-01 -1.173963e-15
    outer loop
      vertex   3.392268e+01 -1.431395e+02 -1.815297e+00
      vertex   3.376376e+01 -1.429324e+02 2.986483e+00
      vertex   3.392268e+01 -1.431395e+02 2.986483e+00
    endloop
  endfacet
  facet normal 6.087614e-01 7.933533e-01 -9.008138e-16
    outer loop
      vertex   3.392268e+01 -1.431395e+02 -1.815297e+00
      vertex   3.392268e+01 -1.431395e+02 2.986483e+00
      vertex   3.412979e+01 -1.432984e+02 -1.806969e+00
    endloop
  endfacet
  facet normal 6.087614e-01 7.933533e-01 -9.023789e-16
    outer loop
      vertex   3.412979e+01 -1.432984e+02 -1.806969e+00
      vertex   3.392268e+01 -1.431395e+02 2.986483e+00
      vertex   3.412979e+01 -1.432984e+02 2.986483e+00
    endloop
  endfacet
  facet normal 3.826834e-01 9.238795e-01 -5.672591e-16
    outer loop
      vertex   3.412979e+01 -1.432984e+02 -1.806969e+00
      vertex   3.412979e+01 -1.432984e+02 2.986483e+00
      vertex   3.437097e+01 -1.433983e+02 -1.801733e+00
    endloop
  endfacet
  facet normal 3.826834e-01 9.238795e-01 -0.000000e+00
    outer loop
      vertex   3.437097e+01 -1.433983e+02 -1.801733e+00
      vertex   3.412979e+01 -1.432984e+02 2.986483e+00
      vertex   3.437097e+01 -1.433983e+02 2.986483e+00
    endloop
  endfacet
  facet normal 1.305262e-01 9.914449e-01 -0.000000e+00
    outer loop
      vertex   3.437097e+01 -1.433983e+02 -1.801733e+00
      vertex   3.437097e+01 -1.433983e+02 2.986483e+00
      vertex   3.462979e+01 -1.434324e+02 -1.799948e+00
    endloop
  endfacet
  facet normal 1.305262e-01 9.914449e-01 0.000000e+00
    outer loop
      vertex   3.462979e+01 -1.434324e+02 -1.799948e+00
      vertex   3.437097e+01 -1.433983e+02 2.986483e+00
      vertex   3.437097e+01 -1.433983e+02 7.825322e+00
    endloop
  endfacet
  facet normal 1.305262e-01 9.914449e-01 1.948171e-15
    outer loop
      vertex   3.462979e+01 -1.434324e+02 -1.799948e+00
      vertex   3.437097e+01 -1.433983e+02 7.825322e+00
      vertex   3.462979e+01 -1.434324e+02 1.266416e+01
    endloop
  endfacet
  facet normal 1.305262e-01 9.914449e-01 5.822739e-15
    outer loop
      vertex   3.462979e+01 -1.434324e+02 1.266416e+01
      vertex   3.437097e+01 -1.433983e+02 7.825322e+00
      vertex   3.437097e+01 -1.433983e+02 1.266416e+01
    endloop
  endfacet
  facet normal 3.826834e-01 9.238795e-01 5.426558e-15
    outer loop
      vertex   3.437097e+01 -1.433983e+02 1.266416e+01
      vertex   3.437097e+01 -1.433983e+02 7.825322e+00
      vertex   3.412979e+01 -1.432984e+02 1.266416e+01
    endloop
  endfacet
  facet normal 3.826834e-01 9.238795e-01 5.619384e-16
    outer loop
      vertex   3.412979e+01 -1.432984e+02 1.266416e+01
      vertex   3.437097e+01 -1.433983e+02 7.825322e+00
      vertex   3.412979e+01 -1.432984e+02 7.825322e+00
    endloop
  endfacet
  facet normal 6.087614e-01 7.933533e-01 8.939150e-16
    outer loop
      vertex   3.412979e+01 -1.432984e+02 1.266416e+01
      vertex   3.412979e+01 -1.432984e+02 7.825322e+00
      vertex   3.392268e+01 -1.431395e+02 1.266416e+01
    endloop
  endfacet
  facet normal 6.087614e-01 7.933533e-01 8.939150e-16
    outer loop
      vertex   3.392268e+01 -1.431395e+02 1.266416e+01
      vertex   3.412979e+01 -1.432984e+02 7.825322e+00
      vertex   3.392268e+01 -1.431395e+02 7.825322e+00
    endloop
  endfacet
  facet normal 7.933533e-01 6.087614e-01 1.164973e-15
    outer loop
      vertex   3.392268e+01 -1.431395e+02 1.266416e+01
      vertex   3.392268e+01 -1.431395e+02 7.825322e+00
      vertex   3.376376e+01 -1.429324e+02 1.266416e+01
    endloop
  endfacet
  facet normal 7.933533e-01 6.087614e-01 -3.575660e-15
    outer loop
      vertex   3.376376e+01 -1.429324e+02 1.266416e+01
      vertex   3.392268e+01 -1.431395e+02 7.825322e+00
      vertex   3.376376e+01 -1.429324e+02 7.825322e+00
    endloop
  endfacet
  facet normal 9.238795e-01 3.826834e-01 -2.247754e-15
    outer loop
      vertex   3.376376e+01 -1.429324e+02 1.266416e+01
      vertex   3.376376e+01 -1.429324e+02 7.825322e+00
      vertex   3.366386e+01 -1.426912e+02 1.266416e+01
    endloop
  endfacet
  facet normal 9.238795e-01 3.826834e-01 0.000000e+00
    outer loop
      vertex   3.366386e+01 -1.426912e+02 1.266416e+01
      vertex   3.376376e+01 -1.429324e+02 7.825322e+00
      vertex   3.366386e+01 -1.426912e+02 7.825322e+00
    endloop
  endfacet
  facet normal 9.238795e-01 3.826834e-01 0.000000e+00
    outer loop
      vertex   3.376376e+01 -1.429324e+02 2.986483e+00
      vertex   3.366386e+01 -1.426912e+02 2.986483e+00
      vertex   3.366386e+01 -1.426912e+02 7.825322e+00
    endloop
  endfacet
  facet normal 9.238795e-01 3.826834e-01 -0.000000e+00
    outer loop
      vertex   3.376376e+01 -1.429324e+02 2.986483e+00
      vertex   3.366386e+01 -1.426912e+02 7.825322e+00
      vertex   3.376376e+01 -1.429324e+02 7.825322e+00
    endloop
  endfacet
  facet normal 7.933533e-01 6.087614e-01 0.000000e+00
    outer loop
      vertex   3.392268e+01 -1.431395e+02 2.986483e+00
      vertex   3.376376e+01 -1.429324e+02 2.986483e+00
      vertex   3.376376e+01 -1.429324e+02 7.825322e+00
    endloop
  endfacet
  facet normal 7.933533e-01 6.087614e-01 -0.000000e+00
    outer loop
      vertex   3.392268e+01 -1.431395e+02 2.986483e+00
      vertex   3.376376e+01 -1.429324e+02 7.825322e+00
      vertex   3.392268e+01 -1.431395e+02 7.825322e+00
    endloop
  endfacet
  facet normal 6.087614e-01 7.933533e-01 0.000000e+00
    outer loop
      vertex   3.412979e+01 -1.432984e+02 2.986483e+00
      vertex   3.392268e+01 -1.431395e+02 2.986483e+00
      vertex   3.392268e+01 -1.431395e+02 7.825322e+00
    endloop
  endfacet
  facet normal 6.087614e-01 7.933533e-01 -0.000000e+00
    outer loop
      vertex   3.412979e+01 -1.432984e+02 2.986483e+00
      vertex   3.392268e+01 -1.431395e+02 7.825322e+00
      vertex   3.412979e+01 -1.432984e+02 7.825322e+00
    endloop
  endfacet
  facet normal 3.826834e-01 9.238795e-01 0.000000e+00
    outer loop
      vertex   3.437097e+01 -1.433983e+02 2.986483e+00
      vertex   3.412979e+01 -1.432984e+02 2.986483e+00
      vertex   3.412979e+01 -1.432984e+02 7.825322e+00
    endloop
  endfacet
  facet normal 3.826834e-01 9.238795e-01 -0.000000e+00
    outer loop
      vertex   3.437097e+01 -1.433983e+02 2.986483e+00
      vertex   3.412979e+01 -1.432984e+02 7.825322e+00
      vertex   3.437097e+01 -1.433983e+02 7.825322e+00
    endloop
  endfacet
  facet normal 1.000000e+00 2.516161e-17 4.801121e-16
    outer loop
      vertex   3.362979e+01 -1.370324e+02 -2.135357e+00
      vertex   3.362979e+01 -1.370324e+02 1.266416e+01
      vertex   3.362979e+01 -1.374935e+02 -2.111194e+00
    endloop
  endfacet
  facet normal 1.000000e+00 1.541095e-14 -0.000000e+00
    outer loop
      vertex   3.362979e+01 -1.374935e+02 -2.111194e+00
      vertex   3.362979e+01 -1.370324e+02 1.266416e+01
      vertex   3.362979e+01 -1.374935e+02 1.266416e+01
    endloop
  endfacet
  facet normal 0.000000e+00 -1.000000e+00 0.000000e+00
    outer loop
      vertex   3.462979e+01 -1.360324e+02 1.266416e+01
      vertex   3.462979e+01 -1.360324e+02 -2.187765e+00
      vertex   3.531362e+01 -1.360324e+02 1.266416e+01
    endloop
  endfacet
  facet normal 0.000000e+00 -1.000000e+00 -0.000000e+00
    outer loop
      vertex   3.531362e+01 -1.360324e+02 1.266416e+01
      vertex   3.462979e+01 -1.360324e+02 -2.187765e+00
      vertex   3.531362e+01 -1.360324e+02 -2.187765e+00
    endloop
  endfacet
  facet normal 9.914449e-01 -1.305262e-01 0.000000e+00
    outer loop
      vertex   3.366386e+01 -1.367736e+02 -2.148921e+00
      vertex   3.366386e+01 -1.367736e+02 2.762877e+00
      vertex   3.362979e+01 -1.370324e+02 -2.135357e+00
    endloop
  endfacet
  facet normal 9.914449e-01 -1.305262e-01 0.000000e+00
    outer loop
      vertex   3.362979e+01 -1.370324e+02 -2.135357e+00
      vertex   3.366386e+01 -1.367736e+02 2.762877e+00
      vertex   3.366386e+01 -1.367736e+02 7.713518e+00
    endloop
  endfacet
  facet normal 9.914449e-01 -1.305262e-01 4.760047e-16
    outer loop
      vertex   3.362979e+01 -1.370324e+02 -2.135357e+00
      vertex   3.366386e+01 -1.367736e+02 7.713518e+00
      vertex   3.362979e+01 -1.370324e+02 1.266416e+01
    endloop
  endfacet
  facet normal 9.914449e-01 -1.305262e-01 -1.422810e-15
    outer loop
      vertex   3.362979e+01 -1.370324e+02 1.266416e+01
      vertex   3.366386e+01 -1.367736e+02 7.713518e+00
      vertex   3.366386e+01 -1.367736e+02 1.266416e+01
    endloop
  endfacet
  facet normal 9.238795e-01 -3.826834e-01 -1.326002e-15
    outer loop
      vertex   3.366386e+01 -1.367736e+02 1.266416e+01
      vertex   3.366386e+01 -1.367736e+02 7.713518e+00
      vertex   3.376376e+01 -1.365324e+02 1.266416e+01
    endloop
  endfacet
  facet normal 9.238795e-01 -3.826834e-01 0.000000e+00
    outer loop
      vertex   3.376376e+01 -1.365324e+02 1.266416e+01
      vertex   3.366386e+01 -1.367736e+02 7.713518e+00
      vertex   3.376376e+01 -1.365324e+02 7.713518e+00
    endloop
  endfacet
  facet normal 7.933533e-01 -6.087614e-01 0.000000e+00
    outer loop
      vertex   3.376376e+01 -1.365324e+02 1.266416e+01
      vertex   3.376376e+01 -1.365324e+02 7.713518e+00
      vertex   3.392268e+01 -1.363253e+02 1.266416e+01
    endloop
  endfacet
  facet normal 7.933533e-01 -6.087614e-01 0.000000e+00
    outer loop
      vertex   3.392268e+01 -1.363253e+02 1.266416e+01
      vertex   3.376376e+01 -1.365324e+02 7.713518e+00
      vertex   3.392268e+01 -1.363253e+02 7.713518e+00
    endloop
  endfacet
  facet normal 6.087614e-01 -7.933533e-01 0.000000e+00
    outer loop
      vertex   3.392268e+01 -1.363253e+02 1.266416e+01
      vertex   3.392268e+01 -1.363253e+02 7.713518e+00
      vertex   3.412979e+01 -1.361664e+02 1.266416e+01
    endloop
  endfacet
  facet normal 6.087614e-01 -7.933533e-01 0.000000e+00
    outer loop
      vertex   3.412979e+01 -1.361664e+02 1.266416e+01
      vertex   3.392268e+01 -1.363253e+02 7.713518e+00
      vertex   3.412979e+01 -1.361664e+02 7.713518e+00
    endloop
  endfacet
  facet normal 3.826834e-01 -9.238795e-01 0.000000e+00
    outer loop
      vertex   3.412979e+01 -1.361664e+02 1.266416e+01
      vertex   3.412979e+01 -1.361664e+02 7.713518e+00
      vertex   3.437097e+01 -1.360665e+02 1.266416e+01
    endloop
  endfacet
  facet normal 3.826834e-01 -9.238795e-01 5.304006e-15
    outer loop
      vertex   3.437097e+01 -1.360665e+02 1.266416e+01
      vertex   3.412979e+01 -1.361664e+02 7.713518e+00
      vertex   3.437097e+01 -1.360665e+02 7.713518e+00
    endloop
  endfacet
  facet normal 1.305262e-01 -9.914449e-01 5.691900e-15
    outer loop
      vertex   3.437097e+01 -1.360665e+02 1.266416e+01
      vertex   3.437097e+01 -1.360665e+02 7.713518e+00
      vertex   3.462979e+01 -1.360324e+02 1.266416e+01
    endloop
  endfacet
  facet normal 1.305262e-01 -9.914449e-01 0.000000e+00
    outer loop
      vertex   3.462979e+01 -1.360324e+02 1.266416e+01
      vertex   3.437097e+01 -1.360665e+02 7.713518e+00
      vertex   3.437097e+01 -1.360665e+02 2.762877e+00
    endloop
  endfacet
  facet normal 1.305262e-01 -9.914449e-01 0.000000e+00
    outer loop
      vertex   3.462979e+01 -1.360324e+02 1.266416e+01
      vertex   3.437097e+01 -1.360665e+02 2.762877e+00
      vertex   3.462979e+01 -1.360324e+02 -2.187765e+00
    endloop
  endfacet
  facet normal 1.305262e-01 -9.914449e-01 0.000000e+00
    outer loop
      vertex   3.462979e+01 -1.360324e+02 -2.187765e+00
      vertex   3.437097e+01 -1.360665e+02 2.762877e+00
      vertex   3.437097e+01 -1.360665e+02 -2.185979e+00
    endloop
  endfacet
  facet normal 3.826834e-01 -9.238795e-01 0.000000e+00
    outer loop
      vertex   3.437097e+01 -1.360665e+02 -2.185979e+00
      vertex   3.437097e+01 -1.360665e+02 2.762877e+00
      vertex   3.412979e+01 -1.361664e+02 -2.180744e+00
    endloop
  endfacet
  facet normal 3.826834e-01 -9.238795e-01 5.500279e-16
    outer loop
      vertex   3.412979e+01 -1.361664e+02 -2.180744e+00
      vertex   3.437097e+01 -1.360665e+02 2.762877e+00
      vertex   3.412979e+01 -1.361664e+02 2.762877e+00
    endloop
  endfacet
  facet normal 6.087614e-01 -7.933533e-01 8.749681e-16
    outer loop
      vertex   3.412979e+01 -1.361664e+02 -2.180744e+00
      vertex   3.412979e+01 -1.361664e+02 2.762877e+00
      vertex   3.392268e+01 -1.363253e+02 -2.172415e+00
    endloop
  endfacet
  facet normal 6.087614e-01 -7.933533e-01 0.000000e+00
    outer loop
      vertex   3.392268e+01 -1.363253e+02 -2.172415e+00
      vertex   3.412979e+01 -1.361664e+02 2.762877e+00
      vertex   3.392268e+01 -1.363253e+02 2.762877e+00
    endloop
  endfacet
  facet normal 7.933533e-01 -6.087614e-01 0.000000e+00
    outer loop
      vertex   3.392268e+01 -1.363253e+02 -2.172415e+00
      vertex   3.392268e+01 -1.363253e+02 2.762877e+00
      vertex   3.376376e+01 -1.365324e+02 -2.161561e+00
    endloop
  endfacet
  facet normal 7.933533e-01 -6.087614e-01 0.000000e+00
    outer loop
      vertex   3.376376e+01 -1.365324e+02 -2.161561e+00
      vertex   3.392268e+01 -1.363253e+02 2.762877e+00
      vertex   3.376376e+01 -1.365324e+02 2.762877e+00
    endloop
  endfacet
  facet normal 9.238795e-01 -3.826834e-01 0.000000e+00
    outer loop
      vertex   3.376376e+01 -1.365324e+02 -2.161561e+00
      vertex   3.376376e+01 -1.365324e+02 2.762877e+00
      vertex   3.366386e+01 -1.367736e+02 -2.148921e+00
    endloop
  endfacet
  facet normal 9.238795e-01 -3.826834e-01 0.000000e+00
    outer loop
      vertex   3.366386e+01 -1.367736e+02 -2.148921e+00
      vertex   3.376376e+01 -1.365324e+02 2.762877e+00
      vertex   3.366386e+01 -1.367736e+02 2.762877e+00
    endloop
  endfacet
  facet normal 9.238795e-01 -3.826834e-01 0.000000e+00
    outer loop
      vertex   3.376376e+01 -1.365324e+02 7.713518e+00
      vertex   3.366386e+01 -1.367736e+02 7.713518e+00
      vertex   3.366386e+01 -1.367736e+02 2.762877e+00
    endloop
  endfacet
  facet normal 9.238795e-01 -3.826834e-01 0.000000e+00
    outer loop
      vertex   3.376376e+01 -1.365324e+02 7.713518e+00
      vertex   3.366386e+01 -1.367736e+02 2.762877e+00
      vertex   3.376376e+01 -1.365324e+02 2.762877e+00
    endloop
  endfacet
  facet normal 7.933533e-01 -6.087614e-01 0.000000e+00
    outer loop
      vertex   3.392268e+01 -1.363253e+02 7.713518e+00
      vertex   3.376376e+01 -1.365324e+02 7.713518e+00
      vertex   3.376376e+01 -1.365324e+02 2.762877e+00
    endloop
  endfacet
  facet normal 7.933533e-01 -6.087614e-01 0.000000e+00
    outer loop
      vertex   3.392268e+01 -1.363253e+02 7.713518e+00
      vertex   3.376376e+01 -1.365324e+02 2.762877e+00
      vertex   3.392268e+01 -1.363253e+02 2.762877e+00
    endloop
  endfacet
  facet normal 6.087614e-01 -7.933533e-01 0.000000e+00
    outer loop
      vertex   3.412979e+01 -1.361664e+02 7.713518e+00
      vertex   3.392268e+01 -1.363253e+02 7.713518e+00
      vertex   3.392268e+01 -1.363253e+02 2.762877e+00
    endloop
  endfacet
  facet normal 6.087614e-01 -7.933533e-01 0.000000e+00
    outer loop
      vertex   3.412979e+01 -1.361664e+02 7.713518e+00
      vertex   3.392268e+01 -1.363253e+02 2.762877e+00
      vertex   3.412979e+01 -1.361664e+02 2.762877e+00
    endloop
  endfacet
  facet normal 3.826834e-01 -9.238795e-01 0.000000e+00
    outer loop
      vertex   3.437097e+01 -1.360665e+02 7.713518e+00
      vertex   3.412979e+01 -1.361664e+02 7.713518e+00
      vertex   3.412979e+01 -1.361664e+02 2.762877e+00
    endloop
  endfacet
  facet normal 3.826834e-01 -9.238795e-01 0.000000e+00
    outer loop
      vertex   3.437097e+01 -1.360665e+02 7.713518e+00
      vertex   3.412979e+01 -1.361664e+02 2.762877e+00
      vertex   3.437097e+01 -1.360665e+02 2.762877e+00
    endloop
  endfacet
  facet normal -2.595855e-02 2.295932e-02 9.993993e-01
    outer loop
      vertex   1.265257e+02 -4.560197e+01 -4.273146e+00
      vertex   1.366403e+02 -5.453096e+01 -3.805302e+00
      vertex   1.543281e+02 -1.411795e+01 -4.274290e+00
    endloop
  endfacet
  facet normal -2.595855e-02 2.295932e-02 9.993993e-01
    outer loop
      vertex   1.543281e+02 -1.411795e+01 -4.274290e+00
      vertex   1.366403e+02 -5.453096e+01 -3.805302e+00
      vertex   1.644413e+02 -2.304850e+01 -3.806446e+00
    endloop
  endfacet
  facet normal -7.491243e-01 6.615223e-01 -3.465510e-02
    outer loop
      vertex   1.642802e+02 -2.290623e+01 2.391923e+00
      vertex   1.644413e+02 -2.304850e+01 -3.806446e+00
      vertex   1.605562e+02 -2.729691e+01 -9.218329e-01
    endloop
  endfacet
  facet normal -7.491243e-01 6.615223e-01 -3.465510e-02
    outer loop
      vertex   1.605562e+02 -2.729691e+01 -9.218329e-01
      vertex   1.644413e+02 -2.304850e+01 -3.806446e+00
      vertex   1.366403e+02 -5.453096e+01 -3.805302e+00
    endloop
  endfacet
  facet normal -7.491243e-01 6.615223e-01 -3.465510e-02
    outer loop
      vertex   1.605562e+02 -2.729691e+01 -9.218329e-01
      vertex   1.366403e+02 -5.453096e+01 -3.805302e+00
      vertex   1.366109e+02 -5.450493e+01 -2.672022e+00
    endloop
  endfacet
  facet normal -7.491243e-01 6.615223e-01 -3.465510e-02
    outer loop
      vertex   1.366109e+02 -5.450493e+01 -2.672022e+00
      vertex   1.364308e+02 -5.434565e+01 4.261393e+00
      vertex   1.605562e+02 -2.729691e+01 -9.218329e-01
    endloop
  endfacet
  facet normal -7.491243e-01 6.615223e-01 -3.465510e-02
    outer loop
      vertex   1.604322e+02 -2.704815e+01 6.507799e+00
      vertex   1.604727e+02 -2.710960e+01 4.459654e+00
      vertex   1.605562e+02 -2.729691e+01 -9.218329e-01
    endloop
  endfacet
  facet normal -7.491243e-01 6.615223e-01 -3.465510e-02
    outer loop
      vertex   1.605562e+02 -2.729691e+01 -9.218329e-01
      vertex   1.604727e+02 -2.710960e+01 4.459654e+00
      vertex   1.618318e+02 -2.567662e+01 2.434940e+00
    endloop
  endfacet
  facet normal -7.491243e-01 6.615223e-01 -3.465510e-02
    outer loop
      vertex   1.605562e+02 -2.729691e+01 -9.218329e-01
      vertex   1.618318e+02 -2.567662e+01 2.434940e+00
      vertex   1.642091e+02 -2.298693e+01 2.388115e+00
    endloop
  endfacet
  facet normal -7.491243e-01 6.615223e-01 -3.465510e-02
    outer loop
      vertex   1.604322e+02 -2.704815e+01 6.507799e+00
      vertex   1.604373e+02 -2.704272e+01 6.502298e+00
      vertex   1.604727e+02 -2.710960e+01 4.459654e+00
    endloop
  endfacet
  facet normal -7.491243e-01 6.615223e-01 -3.465510e-02
    outer loop
      vertex   1.642090e+02 -2.298680e+01 2.391926e+00
      vertex   1.642802e+02 -2.290623e+01 2.391923e+00
      vertex   1.642091e+02 -2.298693e+01 2.388115e+00
    endloop
  endfacet
  facet normal -7.491243e-01 6.615223e-01 -3.465510e-02
    outer loop
      vertex   1.642091e+02 -2.298693e+01 2.388115e+00
      vertex   1.642802e+02 -2.290623e+01 2.391923e+00
      vertex   1.605562e+02 -2.729691e+01 -9.218329e-01
    endloop
  endfacet
  facet normal 1.702096e-01 3.688262e-02 9.847174e-01
    outer loop
      vertex   1.244585e+02 -4.384145e+01 5.937389e+00
      vertex   1.421421e+02 -2.757483e+01 2.271490e+00
      vertex   1.220081e+02 -2.998189e+01 5.841830e+00
    endloop
  endfacet
  facet normal 1.702096e-01 3.688262e-02 9.847174e-01
    outer loop
      vertex   1.220081e+02 -2.998189e+01 5.841830e+00
      vertex   1.421421e+02 -2.757483e+01 2.271490e+00
      vertex   1.111953e+02 -2.804189e+01 7.638163e+00
    endloop
  endfacet
  facet normal 1.702096e-01 3.688262e-02 9.847174e-01
    outer loop
      vertex   1.220081e+02 -2.998189e+01 5.841830e+00
      vertex   1.111953e+02 -2.804189e+01 7.638163e+00
      vertex   9.243480e+01 -3.493693e+01 1.113920e+01
    endloop
  endfacet
  facet normal 1.702096e-01 3.688262e-02 9.847174e-01
    outer loop
      vertex   9.243480e+01 -3.493693e+01 1.113920e+01
      vertex   1.111953e+02 -2.804189e+01 7.638163e+00
      vertex   8.985892e+01 -3.179083e+01 1.146660e+01
    endloop
  endfacet
  facet normal 1.702096e-01 3.688262e-02 9.847174e-01
    outer loop
      vertex   9.243480e+01 -3.493693e+01 1.113920e+01
      vertex   8.985892e+01 -3.179083e+01 1.146660e+01
      vertex   5.854979e+01 -4.142535e+01 1.723929e+01
    endloop
  endfacet
  facet normal 1.702096e-01 3.688262e-02 9.847174e-01
    outer loop
      vertex   5.854979e+01 -4.142535e+01 1.723929e+01
      vertex   8.985892e+01 -3.179083e+01 1.146660e+01
      vertex   5.270284e+01 -3.984834e+01 1.819087e+01
    endloop
  endfacet
  facet normal 1.702096e-01 3.688262e-02 9.847174e-01
    outer loop
      vertex   5.854979e+01 -4.142535e+01 1.723929e+01
      vertex   5.270284e+01 -3.984834e+01 1.819087e+01
      vertex   5.324784e+01 -4.236347e+01 1.819087e+01
    endloop
  endfacet
  facet normal 1.702096e-01 3.688262e-02 9.847174e-01
    outer loop
      vertex   1.244585e+02 -4.384145e+01 5.937389e+00
      vertex   1.262368e+02 -4.540728e+01 5.688642e+00
      vertex   1.421421e+02 -2.757483e+01 2.271490e+00
    endloop
  endfacet
  facet normal 1.702096e-01 3.688262e-02 9.847174e-01
    outer loop
      vertex   5.890053e+01 -4.339432e+01 1.725241e+01
      vertex   9.284007e+01 -3.738910e+01 1.116099e+01
      vertex   5.854979e+01 -4.142535e+01 1.723929e+01
    endloop
  endfacet
  facet normal 1.702096e-01 3.688262e-02 9.847174e-01
    outer loop
      vertex   5.854979e+01 -4.142535e+01 1.723929e+01
      vertex   9.284007e+01 -3.738910e+01 1.116099e+01
      vertex   9.248933e+01 -3.542013e+01 1.114787e+01
    endloop
  endfacet
  facet normal 1.702096e-01 3.688262e-02 9.847174e-01
    outer loop
      vertex   5.854979e+01 -4.142535e+01 1.723929e+01
      vertex   9.248933e+01 -3.542013e+01 1.114787e+01
      vertex   9.248429e+01 -3.539166e+01 1.114767e+01
    endloop
  endfacet
  facet normal 1.702096e-01 3.688262e-02 9.847174e-01
    outer loop
      vertex   9.251426e+01 -3.538639e+01 1.114230e+01
      vertex   9.243480e+01 -3.493693e+01 1.113920e+01
      vertex   9.248429e+01 -3.539166e+01 1.114767e+01
    endloop
  endfacet
  facet normal 1.702096e-01 3.688262e-02 9.847174e-01
    outer loop
      vertex   9.248429e+01 -3.539166e+01 1.114767e+01
      vertex   9.243480e+01 -3.493693e+01 1.113920e+01
      vertex   5.854979e+01 -4.142535e+01 1.723929e+01
    endloop
  endfacet
  facet normal 1.702096e-01 3.688262e-02 9.847174e-01
    outer loop
      vertex   1.364308e+02 -5.434565e+01 4.261393e+00
      vertex   1.489021e+02 -4.751064e+01 1.849698e+00
      vertex   1.605562e+02 -2.729691e+01 -9.218329e-01
    endloop
  endfacet
  facet normal 1.702096e-01 3.688262e-02 9.847174e-01
    outer loop
      vertex   1.605562e+02 -2.729691e+01 -9.218329e-01
      vertex   1.489021e+02 -4.751064e+01 1.849698e+00
      vertex   1.492269e+02 -4.730144e+01 1.785726e+00
    endloop
  endfacet
  facet normal 1.702096e-01 3.688262e-02 9.847174e-01
    outer loop
      vertex   1.605562e+02 -2.729691e+01 -9.218329e-01
      vertex   1.492269e+02 -4.730144e+01 1.785726e+00
      vertex   1.495945e+02 -4.718495e+01 1.717818e+00
    endloop
  endfacet
  facet normal 1.702096e-01 3.688262e-02 9.847174e-01
    outer loop
      vertex   1.398043e+02 -5.732376e+01 3.789824e+00
      vertex   1.483830e+02 -4.852660e+01 1.977487e+00
      vertex   1.364308e+02 -5.434565e+01 4.261393e+00
    endloop
  endfacet
  facet normal 1.702096e-01 3.688262e-02 9.847174e-01
    outer loop
      vertex   1.364308e+02 -5.434565e+01 4.261393e+00
      vertex   1.483830e+02 -4.852660e+01 1.977487e+00
      vertex   1.484653e+02 -4.814483e+01 1.948961e+00
    endloop
  endfacet
  facet normal 1.702096e-01 3.688262e-02 9.847174e-01
    outer loop
      vertex   1.364308e+02 -5.434565e+01 4.261393e+00
      vertex   1.484653e+02 -4.814483e+01 1.948961e+00
      vertex   1.486424e+02 -4.779831e+01 1.905375e+00
    endloop
  endfacet
  facet normal 1.702096e-01 3.688262e-02 9.847174e-01
    outer loop
      vertex   1.289849e+02 -6.944360e+01 6.113911e+00
      vertex   1.318360e+02 -8.556925e+01 6.225095e+00
      vertex   1.398043e+02 -5.732376e+01 3.789824e+00
    endloop
  endfacet
  facet normal 1.702096e-01 3.688262e-02 9.847174e-01
    outer loop
      vertex   1.398043e+02 -5.732376e+01 3.789824e+00
      vertex   1.318360e+02 -8.556925e+01 6.225095e+00
      vertex   1.550908e+02 -8.643686e+01 2.237967e+00
    endloop
  endfacet
  facet normal 1.702096e-01 3.688262e-02 9.847174e-01
    outer loop
      vertex   1.398043e+02 -5.732376e+01 3.789824e+00
      vertex   1.550908e+02 -8.643686e+01 2.237967e+00
      vertex   1.551731e+02 -8.605509e+01 2.209441e+00
    endloop
  endfacet
  facet normal 1.702096e-01 3.688262e-02 9.847174e-01
    outer loop
      vertex   1.316401e+02 -8.560206e+01 6.260170e+00
      vertex   1.316876e+02 -8.587017e+01 6.262012e+00
      vertex   1.318360e+02 -8.556925e+01 6.225095e+00
    endloop
  endfacet
  facet normal 1.702096e-01 3.688262e-02 9.847174e-01
    outer loop
      vertex   1.318360e+02 -8.556925e+01 6.225095e+00
      vertex   1.316876e+02 -8.587017e+01 6.262012e+00
      vertex   1.447212e+02 -1.236807e+02 5.425337e+00
    endloop
  endfacet
  facet normal 1.702096e-01 3.688262e-02 9.847174e-01
    outer loop
      vertex   1.318360e+02 -8.556925e+01 6.225095e+00
      vertex   1.447212e+02 -1.236807e+02 5.425337e+00
      vertex   1.552261e+02 -8.720142e+01 2.243220e+00
    endloop
  endfacet
  facet normal 1.702096e-01 3.688262e-02 9.847174e-01
    outer loop
      vertex   1.552261e+02 -8.720142e+01 2.243220e+00
      vertex   1.447212e+02 -1.236807e+02 5.425337e+00
      vertex   1.554344e+02 -8.753211e+01 2.219589e+00
    endloop
  endfacet
  facet normal 1.702096e-01 3.688262e-02 9.847174e-01
    outer loop
      vertex   1.554344e+02 -8.753211e+01 2.219589e+00
      vertex   1.447212e+02 -1.236807e+02 5.425337e+00
      vertex   1.557198e+02 -8.779739e+01 2.180207e+00
    endloop
  endfacet
  facet normal 1.702096e-01 3.688262e-02 9.847174e-01
    outer loop
      vertex   1.557198e+02 -8.779739e+01 2.180207e+00
      vertex   1.447212e+02 -1.236807e+02 5.425337e+00
      vertex   1.560626e+02 -8.797918e+01 2.127756e+00
    endloop
  endfacet
  facet normal 1.702096e-01 3.688262e-02 9.847174e-01
    outer loop
      vertex   1.560626e+02 -8.797918e+01 2.127756e+00
      vertex   1.447212e+02 -1.236807e+02 5.425337e+00
      vertex   1.665162e+02 -9.911348e+01 7.378766e-01
    endloop
  endfacet
  facet normal 1.702096e-01 3.688262e-02 9.847174e-01
    outer loop
      vertex   1.560626e+02 -8.797918e+01 2.127756e+00
      vertex   1.665162e+02 -9.911348e+01 7.378766e-01
      vertex   1.564396e+02 -8.806508e+01 2.065811e+00
    endloop
  endfacet
  facet normal 1.702096e-01 3.688262e-02 9.847174e-01
    outer loop
      vertex   1.564396e+02 -8.806508e+01 2.065811e+00
      vertex   1.665162e+02 -9.911348e+01 7.378766e-01
      vertex   1.662959e+02 -9.849915e+01 7.529427e-01
    endloop
  endfacet
  facet normal 1.702096e-01 3.688262e-02 9.847174e-01
    outer loop
      vertex   1.564396e+02 -8.806508e+01 2.065811e+00
      vertex   1.662959e+02 -9.849915e+01 7.529427e-01
      vertex   1.568250e+02 -8.804925e+01 1.998594e+00
    endloop
  endfacet
  facet normal 1.702096e-01 3.688262e-02 9.847174e-01
    outer loop
      vertex   1.568250e+02 -8.804925e+01 1.998594e+00
      vertex   1.662959e+02 -9.849915e+01 7.529427e-01
      vertex   1.571926e+02 -8.793276e+01 1.930686e+00
    endloop
  endfacet
  facet normal 1.702096e-01 3.688262e-02 9.847174e-01
    outer loop
      vertex   1.571926e+02 -8.793276e+01 1.930686e+00
      vertex   1.662959e+02 -9.849915e+01 7.529427e-01
      vertex   1.662421e+02 -9.784874e+01 7.378766e-01
    endloop
  endfacet
  facet normal 1.702096e-01 3.688262e-02 9.847174e-01
    outer loop
      vertex   1.571926e+02 -8.793276e+01 1.930686e+00
      vertex   1.662421e+02 -9.784874e+01 7.378766e-01
      vertex   1.575174e+02 -8.772356e+01 1.866713e+00
    endloop
  endfacet
  facet normal 1.702096e-01 3.688262e-02 9.847174e-01
    outer loop
      vertex   1.575174e+02 -8.772356e+01 1.866713e+00
      vertex   1.662421e+02 -9.784874e+01 7.378766e-01
      vertex   1.577772e+02 -8.743589e+01 1.811037e+00
    endloop
  endfacet
  facet normal 1.702096e-01 3.688262e-02 9.847174e-01
    outer loop
      vertex   1.577772e+02 -8.743589e+01 1.811037e+00
      vertex   1.662421e+02 -9.784874e+01 7.378766e-01
      vertex   1.663585e+02 -9.720657e+01 6.937050e-01
    endloop
  endfacet
  facet normal 1.702096e-01 3.688262e-02 9.847174e-01
    outer loop
      vertex   1.577772e+02 -8.743589e+01 1.811037e+00
      vertex   1.663585e+02 -9.720657e+01 6.937050e-01
      vertex   1.579543e+02 -8.708937e+01 1.767450e+00
    endloop
  endfacet
  facet normal 1.702096e-01 3.688262e-02 9.847174e-01
    outer loop
      vertex   1.579543e+02 -8.708937e+01 1.767450e+00
      vertex   1.663585e+02 -9.720657e+01 6.937050e-01
      vertex   1.666371e+02 -9.661641e+01 6.234380e-01
    endloop
  endfacet
  facet normal 1.702096e-01 3.688262e-02 9.847174e-01
    outer loop
      vertex   1.579543e+02 -8.708937e+01 1.767450e+00
      vertex   1.666371e+02 -9.661641e+01 6.234380e-01
      vertex   1.580366e+02 -8.670760e+01 1.738925e+00
    endloop
  endfacet
  facet normal 1.702096e-01 3.688262e-02 9.847174e-01
    outer loop
      vertex   1.580366e+02 -8.670760e+01 1.738925e+00
      vertex   1.666371e+02 -9.661641e+01 6.234380e-01
      vertex   1.670590e+02 -9.611848e+01 5.318643e-01
    endloop
  endfacet
  facet normal 1.702096e-01 3.688262e-02 9.847174e-01
    outer loop
      vertex   1.580366e+02 -8.670760e+01 1.738925e+00
      vertex   1.670590e+02 -9.611848e+01 5.318643e-01
      vertex   1.580185e+02 -8.631661e+01 1.727403e+00
    endloop
  endfacet
  facet normal 1.702096e-01 3.688262e-02 9.847174e-01
    outer loop
      vertex   1.580185e+02 -8.631661e+01 1.727403e+00
      vertex   1.670590e+02 -9.611848e+01 5.318643e-01
      vertex   1.675954e+02 -9.574670e+01 4.252245e-01
    endloop
  endfacet
  facet normal 1.702096e-01 3.688262e-02 9.847174e-01
    outer loop
      vertex   1.580185e+02 -8.631661e+01 1.727403e+00
      vertex   1.675954e+02 -9.574670e+01 4.252245e-01
      vertex   1.682098e+02 -9.552642e+01 3.107859e-01
    endloop
  endfacet
  facet normal 1.702096e-01 3.688262e-02 9.847174e-01
    outer loop
      vertex   1.200571e+02 -8.791372e+01 8.348901e+00
      vertex   1.269325e+02 -1.268063e+02 8.617199e+00
      vertex   1.316876e+02 -8.587017e+01 6.262012e+00
    endloop
  endfacet
  facet normal 1.702096e-01 3.688262e-02 9.847174e-01
    outer loop
      vertex   1.316876e+02 -8.587017e+01 6.262012e+00
      vertex   1.269325e+02 -1.268063e+02 8.617199e+00
      vertex   1.447212e+02 -1.236807e+02 5.425337e+00
    endloop
  endfacet
  facet normal 1.702096e-01 3.688262e-02 9.847174e-01
    outer loop
      vertex   1.793900e+02 -1.027093e+02 -1.352693e+00
      vertex   1.686182e+02 -1.004668e+02 4.252245e-01
      vertex   1.447212e+02 -1.236807e+02 5.425337e+00
    endloop
  endfacet
  facet normal 1.702096e-01 3.688262e-02 9.847174e-01
    outer loop
      vertex   1.447212e+02 -1.236807e+02 5.425337e+00
      vertex   1.686182e+02 -1.004668e+02 4.252245e-01
      vertex   1.679760e+02 -1.003504e+02 5.318643e-01
    endloop
  endfacet
  facet normal 1.702096e-01 3.688262e-02 9.847174e-01
    outer loop
      vertex   1.447212e+02 -1.236807e+02 5.425337e+00
      vertex   1.679760e+02 -1.003504e+02 5.318643e-01
      vertex   1.673859e+02 -1.000718e+02 6.234380e-01
    endloop
  endfacet
  facet normal 1.702096e-01 3.688262e-02 9.847174e-01
    outer loop
      vertex   1.662469e+02 -2.858206e+01 -1.857328e+00
      vertex   1.705904e+02 -9.628956e+01 -7.213308e-02
      vertex   1.793900e+02 -1.027093e+02 -1.352693e+00
    endloop
  endfacet
  facet normal 1.702096e-01 3.688262e-02 9.847174e-01
    outer loop
      vertex   1.793900e+02 -1.027093e+02 -1.352693e+00
      vertex   1.705904e+02 -9.628956e+01 -7.213308e-02
      vertex   1.709622e+02 -9.682595e+01 -1.163047e-01
    endloop
  endfacet
  facet normal 1.702096e-01 3.688262e-02 9.847174e-01
    outer loop
      vertex   1.793900e+02 -1.027093e+02 -1.352693e+00
      vertex   1.709622e+02 -9.682595e+01 -1.163047e-01
      vertex   1.711825e+02 -9.744028e+01 -1.313709e-01
    endloop
  endfacet
  facet normal 1.702096e-01 3.688262e-02 9.847174e-01
    outer loop
      vertex   1.661749e+02 -2.831604e+01 -1.854853e+00
      vertex   1.660504e+02 -2.805189e+01 -1.843220e+00
      vertex   1.662469e+02 -2.858206e+01 -1.857328e+00
    endloop
  endfacet
  facet normal 1.702096e-01 3.688262e-02 9.847174e-01
    outer loop
      vertex   1.662469e+02 -2.858206e+01 -1.857328e+00
      vertex   1.660504e+02 -2.805189e+01 -1.843220e+00
      vertex   1.658846e+02 -2.781712e+01 -1.823371e+00
    endloop
  endfacet
  facet normal 1.702096e-01 3.688262e-02 9.847174e-01
    outer loop
      vertex   1.662469e+02 -2.858206e+01 -1.857328e+00
      vertex   1.658846e+02 -2.781712e+01 -1.823371e+00
      vertex   1.656832e+02 -2.761613e+01 -1.796083e+00
    endloop
  endfacet
  facet normal 1.702096e-01 3.688262e-02 9.847174e-01
    outer loop
      vertex   1.656832e+02 -2.761613e+01 -1.796083e+00
      vertex   1.654510e+02 -2.745294e+01 -1.762048e+00
      vertex   1.662469e+02 -2.858206e+01 -1.857328e+00
    endloop
  endfacet
  facet normal 1.702096e-01 3.688262e-02 9.847174e-01
    outer loop
      vertex   1.662469e+02 -2.858206e+01 -1.857328e+00
      vertex   1.654510e+02 -2.745294e+01 -1.762048e+00
      vertex   1.651928e+02 -2.733179e+01 -1.721955e+00
    endloop
  endfacet
  facet normal 1.702096e-01 3.688262e-02 9.847174e-01
    outer loop
      vertex   1.662469e+02 -2.858206e+01 -1.857328e+00
      vertex   1.651928e+02 -2.733179e+01 -1.721955e+00
      vertex   1.649138e+02 -2.725714e+01 -1.676539e+00
    endloop
  endfacet
  facet normal 1.702096e-01 3.688262e-02 9.847174e-01
    outer loop
      vertex   1.649138e+02 -2.725714e+01 -1.676539e+00
      vertex   1.646420e+02 -2.723525e+01 -1.630365e+00
      vertex   1.662469e+02 -2.858206e+01 -1.857328e+00
    endloop
  endfacet
  facet normal 1.702096e-01 3.688262e-02 9.847174e-01
    outer loop
      vertex   1.662469e+02 -2.858206e+01 -1.857328e+00
      vertex   1.646420e+02 -2.723525e+01 -1.630365e+00
      vertex   1.605562e+02 -2.729691e+01 -9.218329e-01
    endloop
  endfacet
  facet normal 1.702096e-01 3.688262e-02 9.847174e-01
    outer loop
      vertex   1.662469e+02 -2.858206e+01 -1.857328e+00
      vertex   1.605562e+02 -2.729691e+01 -9.218329e-01
      vertex   1.513107e+02 -4.840635e+01 1.466924e+00
    endloop
  endfacet
  facet normal 1.702096e-01 3.688262e-02 9.847174e-01
    outer loop
      vertex   1.513107e+02 -4.840635e+01 1.466924e+00
      vertex   1.605562e+02 -2.729691e+01 -9.218329e-01
      vertex   1.511935e+02 -4.803278e+01 1.473192e+00
    endloop
  endfacet
  facet normal 1.702096e-01 3.688262e-02 9.847174e-01
    outer loop
      vertex   1.511935e+02 -4.803278e+01 1.473192e+00
      vertex   1.605562e+02 -2.729691e+01 -9.218329e-01
      vertex   1.509851e+02 -4.770208e+01 1.496822e+00
    endloop
  endfacet
  facet normal 1.702096e-01 3.688262e-02 9.847174e-01
    outer loop
      vertex   1.509851e+02 -4.770208e+01 1.496822e+00
      vertex   1.605562e+02 -2.729691e+01 -9.218329e-01
      vertex   1.506998e+02 -4.743681e+01 1.536205e+00
    endloop
  endfacet
  facet normal 1.702096e-01 3.688262e-02 9.847174e-01
    outer loop
      vertex   1.506998e+02 -4.743681e+01 1.536205e+00
      vertex   1.605562e+02 -2.729691e+01 -9.218329e-01
      vertex   1.503570e+02 -4.725502e+01 1.588656e+00
    endloop
  endfacet
  facet normal 1.702096e-01 3.688262e-02 9.847174e-01
    outer loop
      vertex   1.503570e+02 -4.725502e+01 1.588656e+00
      vertex   1.605562e+02 -2.729691e+01 -9.218329e-01
      vertex   1.499800e+02 -4.716912e+01 1.650601e+00
    endloop
  endfacet
  facet normal 1.702096e-01 3.688262e-02 9.847174e-01
    outer loop
      vertex   1.499800e+02 -4.716912e+01 1.650601e+00
      vertex   1.605562e+02 -2.729691e+01 -9.218329e-01
      vertex   1.495945e+02 -4.718495e+01 1.717818e+00
    endloop
  endfacet
  facet normal 1.702096e-01 3.688262e-02 9.847174e-01
    outer loop
      vertex   1.711825e+02 -9.744028e+01 -1.313709e-01
      vertex   1.712363e+02 -9.809069e+01 -1.163047e-01
      vertex   1.793900e+02 -1.027093e+02 -1.352693e+00
    endloop
  endfacet
  facet normal 1.702096e-01 3.688262e-02 9.847174e-01
    outer loop
      vertex   1.793900e+02 -1.027093e+02 -1.352693e+00
      vertex   1.712363e+02 -9.809069e+01 -1.163047e-01
      vertex   1.711199e+02 -9.873286e+01 -7.213308e-02
    endloop
  endfacet
  facet normal 1.702096e-01 3.688262e-02 9.847174e-01
    outer loop
      vertex   1.793900e+02 -1.027093e+02 -1.352693e+00
      vertex   1.711199e+02 -9.873286e+01 -7.213308e-02
      vertex   1.708412e+02 -9.932302e+01 -1.866130e-03
    endloop
  endfacet
  facet normal 1.702096e-01 3.688262e-02 9.847174e-01
    outer loop
      vertex   1.708412e+02 -9.932302e+01 -1.866130e-03
      vertex   1.704193e+02 -9.982095e+01 8.970754e-02
      vertex   1.793900e+02 -1.027093e+02 -1.352693e+00
    endloop
  endfacet
  facet normal 1.702096e-01 3.688262e-02 9.847174e-01
    outer loop
      vertex   1.793900e+02 -1.027093e+02 -1.352693e+00
      vertex   1.704193e+02 -9.982095e+01 8.970754e-02
      vertex   1.698830e+02 -1.001927e+02 1.963473e-01
    endloop
  endfacet
  facet normal 1.702096e-01 3.688262e-02 9.847174e-01
    outer loop
      vertex   1.793900e+02 -1.027093e+02 -1.352693e+00
      vertex   1.698830e+02 -1.001927e+02 1.963473e-01
      vertex   1.692686e+02 -1.004130e+02 3.107859e-01
    endloop
  endfacet
  facet normal 1.702096e-01 3.688262e-02 9.847174e-01
    outer loop
      vertex   1.692686e+02 -1.004130e+02 3.107859e-01
      vertex   1.686182e+02 -1.004668e+02 4.252245e-01
      vertex   1.793900e+02 -1.027093e+02 -1.352693e+00
    endloop
  endfacet
  facet normal 1.702096e-01 3.688262e-02 9.847174e-01
    outer loop
      vertex   1.673859e+02 -1.000718e+02 6.234380e-01
      vertex   1.668880e+02 -9.964987e+01 6.937050e-01
      vertex   1.447212e+02 -1.236807e+02 5.425337e+00
    endloop
  endfacet
  facet normal 1.702096e-01 3.688262e-02 9.847174e-01
    outer loop
      vertex   1.447212e+02 -1.236807e+02 5.425337e+00
      vertex   1.668880e+02 -9.964987e+01 6.937050e-01
      vertex   1.665162e+02 -9.911348e+01 7.378766e-01
    endloop
  endfacet
  facet normal 1.702096e-01 3.688262e-02 9.847174e-01
    outer loop
      vertex   1.580185e+02 -8.631661e+01 1.727403e+00
      vertex   1.682098e+02 -9.552642e+01 3.107859e-01
      vertex   1.579013e+02 -8.594304e+01 1.733671e+00
    endloop
  endfacet
  facet normal 1.702096e-01 3.688262e-02 9.847174e-01
    outer loop
      vertex   1.579013e+02 -8.594304e+01 1.733671e+00
      vertex   1.682098e+02 -9.552642e+01 3.107859e-01
      vertex   1.688602e+02 -9.547264e+01 1.963473e-01
    endloop
  endfacet
  facet normal 1.702096e-01 3.688262e-02 9.847174e-01
    outer loop
      vertex   1.579013e+02 -8.594304e+01 1.733671e+00
      vertex   1.688602e+02 -9.547264e+01 1.963473e-01
      vertex   1.695023e+02 -9.558904e+01 8.970754e-02
    endloop
  endfacet
  facet normal 1.702096e-01 3.688262e-02 9.847174e-01
    outer loop
      vertex   1.579013e+02 -8.594304e+01 1.733671e+00
      vertex   1.695023e+02 -9.558904e+01 8.970754e-02
      vertex   1.662469e+02 -2.858206e+01 -1.857328e+00
    endloop
  endfacet
  facet normal 1.702096e-01 3.688262e-02 9.847174e-01
    outer loop
      vertex   1.662469e+02 -2.858206e+01 -1.857328e+00
      vertex   1.695023e+02 -9.558904e+01 8.970754e-02
      vertex   1.700925e+02 -9.586768e+01 -1.866130e-03
    endloop
  endfacet
  facet normal 1.702096e-01 3.688262e-02 9.847174e-01
    outer loop
      vertex   1.662469e+02 -2.858206e+01 -1.857328e+00
      vertex   1.700925e+02 -9.586768e+01 -1.866130e-03
      vertex   1.705904e+02 -9.628956e+01 -7.213308e-02
    endloop
  endfacet
  facet normal 1.702096e-01 3.688262e-02 9.847174e-01
    outer loop
      vertex   1.513107e+02 -4.840635e+01 1.466924e+00
      vertex   1.513288e+02 -4.879734e+01 1.478445e+00
      vertex   1.662469e+02 -2.858206e+01 -1.857328e+00
    endloop
  endfacet
  facet normal 1.702096e-01 3.688262e-02 9.847174e-01
    outer loop
      vertex   1.662469e+02 -2.858206e+01 -1.857328e+00
      vertex   1.513288e+02 -4.879734e+01 1.478445e+00
      vertex   1.579013e+02 -8.594304e+01 1.733671e+00
    endloop
  endfacet
  facet normal 1.702096e-01 3.688262e-02 9.847174e-01
    outer loop
      vertex   1.579013e+02 -8.594304e+01 1.733671e+00
      vertex   1.513288e+02 -4.879734e+01 1.478445e+00
      vertex   1.576929e+02 -8.561234e+01 1.757302e+00
    endloop
  endfacet
  facet normal 1.702096e-01 3.688262e-02 9.847174e-01
    outer loop
      vertex   1.576929e+02 -8.561234e+01 1.757302e+00
      vertex   1.513288e+02 -4.879734e+01 1.478445e+00
      vertex   1.512465e+02 -4.917911e+01 1.506971e+00
    endloop
  endfacet
  facet normal 1.702096e-01 3.688262e-02 9.847174e-01
    outer loop
      vertex   1.576929e+02 -8.561234e+01 1.757302e+00
      vertex   1.512465e+02 -4.917911e+01 1.506971e+00
      vertex   1.574076e+02 -8.534706e+01 1.796685e+00
    endloop
  endfacet
  facet normal 1.702096e-01 3.688262e-02 9.847174e-01
    outer loop
      vertex   1.574076e+02 -8.534706e+01 1.796685e+00
      vertex   1.512465e+02 -4.917911e+01 1.506971e+00
      vertex   1.510694e+02 -4.952563e+01 1.550557e+00
    endloop
  endfacet
  facet normal 1.702096e-01 3.688262e-02 9.847174e-01
    outer loop
      vertex   1.574076e+02 -8.534706e+01 1.796685e+00
      vertex   1.510694e+02 -4.952563e+01 1.550557e+00
      vertex   1.508096e+02 -4.981330e+01 1.606234e+00
    endloop
  endfacet
  facet normal 1.702096e-01 3.688262e-02 9.847174e-01
    outer loop
      vertex   1.574076e+02 -8.534706e+01 1.796685e+00
      vertex   1.508096e+02 -4.981330e+01 1.606234e+00
      vertex   1.570648e+02 -8.516528e+01 1.849135e+00
    endloop
  endfacet
  facet normal 1.702096e-01 3.688262e-02 9.847174e-01
    outer loop
      vertex   1.570648e+02 -8.516528e+01 1.849135e+00
      vertex   1.508096e+02 -4.981330e+01 1.606234e+00
      vertex   1.504849e+02 -5.002251e+01 1.670206e+00
    endloop
  endfacet
  facet normal 1.702096e-01 3.688262e-02 9.847174e-01
    outer loop
      vertex   1.570648e+02 -8.516528e+01 1.849135e+00
      vertex   1.504849e+02 -5.002251e+01 1.670206e+00
      vertex   1.566878e+02 -8.507937e+01 1.911080e+00
    endloop
  endfacet
  facet normal 1.702096e-01 3.688262e-02 9.847174e-01
    outer loop
      vertex   1.566878e+02 -8.507937e+01 1.911080e+00
      vertex   1.504849e+02 -5.002251e+01 1.670206e+00
      vertex   1.501172e+02 -5.013899e+01 1.738115e+00
    endloop
  endfacet
  facet normal 1.702096e-01 3.688262e-02 9.847174e-01
    outer loop
      vertex   1.566878e+02 -8.507937e+01 1.911080e+00
      vertex   1.501172e+02 -5.013899e+01 1.738115e+00
      vertex   1.563023e+02 -8.509521e+01 1.978297e+00
    endloop
  endfacet
  facet normal 1.702096e-01 3.688262e-02 9.847174e-01
    outer loop
      vertex   1.563023e+02 -8.509521e+01 1.978297e+00
      vertex   1.501172e+02 -5.013899e+01 1.738115e+00
      vertex   1.559347e+02 -8.521169e+01 2.046206e+00
    endloop
  endfacet
  facet normal 1.702096e-01 3.688262e-02 9.847174e-01
    outer loop
      vertex   1.559347e+02 -8.521169e+01 2.046206e+00
      vertex   1.501172e+02 -5.013899e+01 1.738115e+00
      vertex   1.497318e+02 -5.015482e+01 1.805332e+00
    endloop
  endfacet
  facet normal 1.702096e-01 3.688262e-02 9.847174e-01
    outer loop
      vertex   1.559347e+02 -8.521169e+01 2.046206e+00
      vertex   1.497318e+02 -5.015482e+01 1.805332e+00
      vertex   1.398043e+02 -5.732376e+01 3.789824e+00
    endloop
  endfacet
  facet normal 1.702096e-01 3.688262e-02 9.847174e-01
    outer loop
      vertex   1.398043e+02 -5.732376e+01 3.789824e+00
      vertex   1.497318e+02 -5.015482e+01 1.805332e+00
      vertex   1.493548e+02 -5.006892e+01 1.867276e+00
    endloop
  endfacet
  facet normal 1.702096e-01 3.688262e-02 9.847174e-01
    outer loop
      vertex   1.398043e+02 -5.732376e+01 3.789824e+00
      vertex   1.493548e+02 -5.006892e+01 1.867276e+00
      vertex   1.490120e+02 -4.988714e+01 1.919727e+00
    endloop
  endfacet
  facet normal 1.702096e-01 3.688262e-02 9.847174e-01
    outer loop
      vertex   1.490120e+02 -4.988714e+01 1.919727e+00
      vertex   1.487266e+02 -4.962186e+01 1.959110e+00
      vertex   1.398043e+02 -5.732376e+01 3.789824e+00
    endloop
  endfacet
  facet normal 1.702096e-01 3.688262e-02 9.847174e-01
    outer loop
      vertex   1.398043e+02 -5.732376e+01 3.789824e+00
      vertex   1.487266e+02 -4.962186e+01 1.959110e+00
      vertex   1.485183e+02 -4.929116e+01 1.982740e+00
    endloop
  endfacet
  facet normal 1.702096e-01 3.688262e-02 9.847174e-01
    outer loop
      vertex   1.398043e+02 -5.732376e+01 3.789824e+00
      vertex   1.485183e+02 -4.929116e+01 1.982740e+00
      vertex   1.484011e+02 -4.891759e+01 1.989009e+00
    endloop
  endfacet
  facet normal 1.702096e-01 3.688262e-02 9.847174e-01
    outer loop
      vertex   1.484011e+02 -4.891759e+01 1.989009e+00
      vertex   1.483830e+02 -4.852660e+01 1.977487e+00
      vertex   1.398043e+02 -5.732376e+01 3.789824e+00
    endloop
  endfacet
  facet normal 1.702096e-01 3.688262e-02 9.847174e-01
    outer loop
      vertex   1.486424e+02 -4.779831e+01 1.905375e+00
      vertex   1.489021e+02 -4.751064e+01 1.849698e+00
      vertex   1.364308e+02 -5.434565e+01 4.261393e+00
    endloop
  endfacet
  facet normal 1.702096e-01 3.688262e-02 9.847174e-01
    outer loop
      vertex   1.552261e+02 -8.720142e+01 2.243220e+00
      vertex   1.551088e+02 -8.682785e+01 2.249488e+00
      vertex   1.318360e+02 -8.556925e+01 6.225095e+00
    endloop
  endfacet
  facet normal 1.702096e-01 3.688262e-02 9.847174e-01
    outer loop
      vertex   1.318360e+02 -8.556925e+01 6.225095e+00
      vertex   1.551088e+02 -8.682785e+01 2.249488e+00
      vertex   1.550908e+02 -8.643686e+01 2.237967e+00
    endloop
  endfacet
  facet normal 1.702096e-01 3.688262e-02 9.847174e-01
    outer loop
      vertex   1.551731e+02 -8.605509e+01 2.209441e+00
      vertex   1.553502e+02 -8.570857e+01 2.165854e+00
      vertex   1.398043e+02 -5.732376e+01 3.789824e+00
    endloop
  endfacet
  facet normal 1.702096e-01 3.688262e-02 9.847174e-01
    outer loop
      vertex   1.398043e+02 -5.732376e+01 3.789824e+00
      vertex   1.553502e+02 -8.570857e+01 2.165854e+00
      vertex   1.556099e+02 -8.542090e+01 2.110178e+00
    endloop
  endfacet
  facet normal 1.702096e-01 3.688262e-02 9.847174e-01
    outer loop
      vertex   1.398043e+02 -5.732376e+01 3.789824e+00
      vertex   1.556099e+02 -8.542090e+01 2.110178e+00
      vertex   1.559347e+02 -8.521169e+01 2.046206e+00
    endloop
  endfacet
  facet normal -9.698202e-01 -1.707690e-01 1.740308e-01
    outer loop
      vertex   1.662469e+02 -2.858206e+01 -1.857328e+00
      vertex   1.793900e+02 -1.027093e+02 -1.352693e+00
      vertex   1.676085e+02 -2.828700e+01 6.020412e+00
    endloop
  endfacet
  facet normal -9.698202e-01 -1.707690e-01 1.740308e-01
    outer loop
      vertex   1.676085e+02 -2.828700e+01 6.020412e+00
      vertex   1.793900e+02 -1.027093e+02 -1.352693e+00
      vertex   1.807516e+02 -1.024142e+02 6.525046e+00
    endloop
  endfacet
  facet normal 1.702096e-01 3.688262e-02 9.847174e-01
    outer loop
      vertex   1.640462e+02 -2.295931e+01 6.436616e+00
      vertex   1.651276e+02 -2.563592e+01 6.349942e+00
      vertex   1.641392e+02 -2.285502e+01 6.416633e+00
    endloop
  endfacet
  facet normal 1.702096e-01 3.688262e-02 9.847174e-01
    outer loop
      vertex   1.641392e+02 -2.285502e+01 6.416633e+00
      vertex   1.651276e+02 -2.563592e+01 6.349942e+00
      vertex   1.682500e+02 -2.641185e+01 5.839293e+00
    endloop
  endfacet
  facet normal 1.702096e-01 3.688262e-02 9.847174e-01
    outer loop
      vertex   1.641392e+02 -2.285502e+01 6.416633e+00
      vertex   1.682500e+02 -2.641185e+01 5.839293e+00
      vertex   1.640415e+02 -2.276839e+01 6.430283e+00
    endloop
  endfacet
  facet normal 1.702096e-01 3.688262e-02 9.847174e-01
    outer loop
      vertex   1.640415e+02 -2.276839e+01 6.430283e+00
      vertex   1.682500e+02 -2.641185e+01 5.839293e+00
      vertex   1.503205e+02 -1.057895e+01 8.345420e+00
    endloop
  endfacet
  facet normal 1.702096e-01 3.688262e-02 9.847174e-01
    outer loop
      vertex   1.640415e+02 -2.276839e+01 6.430283e+00
      vertex   1.503205e+02 -1.057895e+01 8.345420e+00
      vertex   1.514538e+02 -1.356110e+01 8.261217e+00
    endloop
  endfacet
  facet normal 1.702096e-01 3.688262e-02 9.847174e-01
    outer loop
      vertex   1.514538e+02 -1.356110e+01 8.261217e+00
      vertex   1.503205e+02 -1.057895e+01 8.345420e+00
      vertex   1.511022e+02 -1.684875e+01 8.445133e+00
    endloop
  endfacet
  facet normal 1.702092e-01 3.688267e-02 9.847175e-01
    outer loop
      vertex   1.514538e+02 -1.356110e+01 8.261217e+00
      vertex   1.511022e+02 -1.684875e+01 8.445133e+00
      vertex   1.529574e+02 -2.581960e+01 8.460466e+00
    endloop
  endfacet
  facet normal 1.702096e-01 3.688275e-02 9.847174e-01
    outer loop
      vertex   1.529574e+02 -2.581960e+01 8.460466e+00
      vertex   1.511022e+02 -1.684875e+01 8.445133e+00
      vertex   1.508260e+02 -1.690864e+01 8.495114e+00
    endloop
  endfacet
  facet normal 1.702096e-01 3.688275e-02 9.847174e-01
    outer loop
      vertex   1.529574e+02 -2.581960e+01 8.460466e+00
      vertex   1.508260e+02 -1.690864e+01 8.495114e+00
      vertex   1.407656e+02 -1.909028e+01 1.031578e+01
    endloop
  endfacet
  facet normal 1.702096e-01 3.688262e-02 9.847174e-01
    outer loop
      vertex   1.651276e+02 -2.563592e+01 6.349942e+00
      vertex   1.640462e+02 -2.295931e+01 6.436616e+00
      vertex   1.514538e+02 -1.356110e+01 8.261217e+00
    endloop
  endfacet
  facet normal 1.702096e-01 3.688262e-02 9.847174e-01
    outer loop
      vertex   1.514538e+02 -1.356110e+01 8.261217e+00
      vertex   1.640462e+02 -2.295931e+01 6.436616e+00
      vertex   1.640415e+02 -2.276839e+01 6.430283e+00
    endloop
  endfacet
  facet normal 1.702097e-01 3.688268e-02 9.847174e-01
    outer loop
      vertex   1.529574e+02 -2.581960e+01 8.460466e+00
      vertex   1.660036e+02 -2.694019e+01 6.247375e+00
      vertex   1.651276e+02 -2.563592e+01 6.349942e+00
    endloop
  endfacet
  facet normal 1.702096e-01 3.688262e-02 9.847174e-01
    outer loop
      vertex   1.651276e+02 -2.563592e+01 6.349942e+00
      vertex   1.660036e+02 -2.694019e+01 6.247375e+00
      vertex   1.662755e+02 -2.696208e+01 6.201200e+00
    endloop
  endfacet
  facet normal 1.702096e-01 3.688262e-02 9.847174e-01
    outer loop
      vertex   1.651276e+02 -2.563592e+01 6.349942e+00
      vertex   1.662755e+02 -2.696208e+01 6.201200e+00
      vertex   1.665544e+02 -2.703672e+01 6.155784e+00
    endloop
  endfacet
  facet normal 1.702096e-01 3.688262e-02 9.847174e-01
    outer loop
      vertex   1.675366e+02 -2.802098e+01 6.022886e+00
      vertex   1.676085e+02 -2.828700e+01 6.020412e+00
      vertex   1.682500e+02 -2.641185e+01 5.839293e+00
    endloop
  endfacet
  facet normal 1.702096e-01 3.688262e-02 9.847174e-01
    outer loop
      vertex   1.682500e+02 -2.641185e+01 5.839293e+00
      vertex   1.676085e+02 -2.828700e+01 6.020412e+00
      vertex   1.807516e+02 -1.024142e+02 6.525046e+00
    endloop
  endfacet
  facet normal 1.702096e-01 3.688262e-02 9.847174e-01
    outer loop
      vertex   1.682500e+02 -2.641185e+01 5.839293e+00
      vertex   1.807516e+02 -1.024142e+02 6.525046e+00
      vertex   1.820891e+02 -1.045353e+02 6.373317e+00
    endloop
  endfacet
  facet normal 1.702096e-01 3.688262e-02 9.847174e-01
    outer loop
      vertex   1.820891e+02 -1.045353e+02 6.373317e+00
      vertex   1.807516e+02 -1.024142e+02 6.525046e+00
      vertex   1.460828e+02 -1.233856e+02 1.330308e+01
    endloop
  endfacet
  facet normal 1.702096e-01 3.688262e-02 9.847174e-01
    outer loop
      vertex   1.820891e+02 -1.045353e+02 6.373317e+00
      vertex   1.460828e+02 -1.233856e+02 1.330308e+01
      vertex   1.469633e+02 -1.257756e+02 1.324041e+01
    endloop
  endfacet
  facet normal 1.702096e-01 3.688262e-02 9.847174e-01
    outer loop
      vertex   1.469633e+02 -1.257756e+02 1.324041e+01
      vertex   1.460828e+02 -1.233856e+02 1.330308e+01
      vertex   1.136376e+02 -1.291528e+02 1.912729e+01
    endloop
  endfacet
  facet normal 1.702096e-01 3.688262e-02 9.847174e-01
    outer loop
      vertex   1.469633e+02 -1.257756e+02 1.324041e+01
      vertex   1.136376e+02 -1.291528e+02 1.912729e+01
      vertex   9.897632e+01 -1.341993e+02 2.185052e+01
    endloop
  endfacet
  facet normal 1.702096e-01 3.688262e-02 9.847174e-01
    outer loop
      vertex   9.897632e+01 -1.341993e+02 2.185052e+01
      vertex   1.136376e+02 -1.291528e+02 1.912729e+01
      vertex   1.106835e+02 -1.296755e+02 1.965749e+01
    endloop
  endfacet
  facet normal 1.702096e-01 3.688262e-02 9.847174e-01
    outer loop
      vertex   9.897632e+01 -1.341993e+02 2.185052e+01
      vertex   1.106835e+02 -1.296755e+02 1.965749e+01
      vertex   9.820213e+01 -1.317986e+02 2.189442e+01
    endloop
  endfacet
  facet normal 1.702096e-01 3.688262e-02 9.847174e-01
    outer loop
      vertex   9.820213e+01 -1.317986e+02 2.189442e+01
      vertex   1.106835e+02 -1.296755e+02 1.965749e+01
      vertex   1.106715e+02 -1.296076e+02 1.965702e+01
    endloop
  endfacet
  facet normal 1.702096e-01 3.688262e-02 9.847174e-01
    outer loop
      vertex   1.460828e+02 -1.233856e+02 1.330308e+01
      vertex   1.136262e+02 -1.290885e+02 1.912684e+01
      vertex   1.136376e+02 -1.291528e+02 1.912729e+01
    endloop
  endfacet
  facet normal 1.702096e-01 3.688262e-02 9.847174e-01
    outer loop
      vertex   9.820213e+01 -1.317986e+02 2.189442e+01
      vertex   5.746105e+01 -1.519151e+02 2.969003e+01
      vertex   9.897632e+01 -1.341993e+02 2.185052e+01
    endloop
  endfacet
  facet normal 1.702096e-01 3.688262e-02 9.847174e-01
    outer loop
      vertex   9.897632e+01 -1.341993e+02 2.185052e+01
      vertex   5.746105e+01 -1.519151e+02 2.969003e+01
      vertex   5.863599e+01 -1.541100e+02 2.956915e+01
    endloop
  endfacet
  facet normal 1.702096e-01 3.688262e-02 9.847174e-01
    outer loop
      vertex   5.863599e+01 -1.541100e+02 2.956915e+01
      vertex   5.746105e+01 -1.519151e+02 2.969003e+01
      vertex   5.849756e+01 -1.541656e+02 2.959516e+01
    endloop
  endfacet
  facet normal 1.702096e-01 3.688262e-02 9.847174e-01
    outer loop
      vertex   5.849756e+01 -1.541656e+02 2.959516e+01
      vertex   5.746105e+01 -1.519151e+02 2.969003e+01
      vertex   5.835237e+01 -1.541995e+02 2.962153e+01
    endloop
  endfacet
  facet normal 1.702096e-01 3.688262e-02 9.847174e-01
    outer loop
      vertex   5.835237e+01 -1.541995e+02 2.962153e+01
      vertex   5.746105e+01 -1.519151e+02 2.969003e+01
      vertex   5.820372e+01 -1.542109e+02 2.964765e+01
    endloop
  endfacet
  facet normal 1.702096e-01 3.688262e-02 9.847174e-01
    outer loop
      vertex   5.820372e+01 -1.542109e+02 2.964765e+01
      vertex   5.746105e+01 -1.519151e+02 2.969003e+01
      vertex   5.675972e+01 -1.519091e+02 2.981103e+01
    endloop
  endfacet
  facet normal 1.702096e-01 3.688262e-02 9.847174e-01
    outer loop
      vertex   5.820372e+01 -1.542109e+02 2.964765e+01
      vertex   5.675972e+01 -1.519091e+02 2.981103e+01
      vertex   5.546516e+01 -1.527109e+02 3.006483e+01
    endloop
  endfacet
  facet normal 1.702096e-01 3.688262e-02 9.847174e-01
    outer loop
      vertex   5.546516e+01 -1.527109e+02 3.006483e+01
      vertex   5.675972e+01 -1.519091e+02 2.981103e+01
      vertex   5.616697e+01 -1.518181e+02 2.991008e+01
    endloop
  endfacet
  facet normal 1.702096e-01 3.688262e-02 9.847174e-01
    outer loop
      vertex   5.546516e+01 -1.527109e+02 3.006483e+01
      vertex   5.616697e+01 -1.518181e+02 2.991008e+01
      vertex   5.561914e+01 -1.514884e+02 2.999242e+01
    endloop
  endfacet
  facet normal 1.702096e-01 3.688262e-02 9.847174e-01
    outer loop
      vertex   5.442746e+01 -1.500465e+02 3.014440e+01
      vertex   5.500481e+01 -1.527109e+02 3.014440e+01
      vertex   5.561914e+01 -1.514884e+02 2.999242e+01
    endloop
  endfacet
  facet normal 1.702096e-01 3.688262e-02 9.847174e-01
    outer loop
      vertex   5.561914e+01 -1.514884e+02 2.999242e+01
      vertex   5.500481e+01 -1.527109e+02 3.014440e+01
      vertex   5.546516e+01 -1.527109e+02 3.006483e+01
    endloop
  endfacet
  facet normal 1.702096e-01 3.688262e-02 9.847174e-01
    outer loop
      vertex   5.546516e+01 -1.527109e+02 3.006483e+01
      vertex   5.546516e+01 -1.542109e+02 3.012101e+01
      vertex   5.820372e+01 -1.542109e+02 2.964765e+01
    endloop
  endfacet
  facet normal 1.702096e-01 3.688262e-02 9.847174e-01
    outer loop
      vertex   1.511022e+02 -1.684875e+01 8.445133e+00
      vertex   1.508229e+02 -1.688357e+01 8.494706e+00
      vertex   1.508260e+02 -1.690864e+01 8.495114e+00
    endloop
  endfacet
  facet normal 1.702096e-01 3.688262e-02 9.847174e-01
    outer loop
      vertex   3.119542e+01 -4.283298e+01 3.014440e+01
      vertex   9.122059e+01 -3.149576e+01 1.934434e+01
      vertex   1.407656e+02 -1.909028e+01 1.031578e+01
    endloop
  endfacet
  facet normal 1.702096e-01 3.688262e-02 9.847174e-01
    outer loop
      vertex   1.407656e+02 -1.909028e+01 1.031578e+01
      vertex   9.122059e+01 -3.149576e+01 1.934434e+01
      vertex   1.125570e+02 -2.774683e+01 1.551590e+01
    endloop
  endfacet
  facet normal 1.702096e-01 3.688273e-02 9.847174e-01
    outer loop
      vertex   1.407656e+02 -1.909028e+01 1.031578e+01
      vertex   1.125570e+02 -2.774683e+01 1.551590e+01
      vertex   1.529574e+02 -2.581960e+01 8.460466e+00
    endloop
  endfacet
  facet normal 1.702096e-01 3.688171e-02 9.847174e-01
    outer loop
      vertex   1.529574e+02 -2.581960e+01 8.460466e+00
      vertex   1.125570e+02 -2.774683e+01 1.551590e+01
      vertex   1.660036e+02 -2.694019e+01 6.247375e+00
    endloop
  endfacet
  facet normal 1.702096e-01 3.688262e-02 9.847174e-01
    outer loop
      vertex   3.562674e+01 -6.328310e+01 3.014440e+01
      vertex   3.253646e+01 -4.581967e+01 3.002447e+01
      vertex   3.119542e+01 -4.283298e+01 3.014440e+01
    endloop
  endfacet
  facet normal 1.702096e-01 3.688262e-02 9.847174e-01
    outer loop
      vertex   3.119542e+01 -4.283298e+01 3.014440e+01
      vertex   3.253646e+01 -4.581967e+01 3.002447e+01
      vertex   3.251296e+01 -4.551187e+01 3.001700e+01
    endloop
  endfacet
  facet normal 1.702096e-01 3.688262e-02 9.847174e-01
    outer loop
      vertex   3.119542e+01 -4.283298e+01 3.014440e+01
      vertex   3.251296e+01 -4.551187e+01 3.001700e+01
      vertex   3.255244e+01 -4.518887e+01 2.999808e+01
    endloop
  endfacet
  facet normal 1.702096e-01 3.688262e-02 9.847174e-01
    outer loop
      vertex   3.255244e+01 -4.518887e+01 2.999808e+01
      vertex   3.265155e+01 -4.488575e+01 2.996960e+01
      vertex   3.119542e+01 -4.283298e+01 3.014440e+01
    endloop
  endfacet
  facet normal 1.702096e-01 3.688262e-02 9.847174e-01
    outer loop
      vertex   3.119542e+01 -4.283298e+01 3.014440e+01
      vertex   3.265155e+01 -4.488575e+01 2.996960e+01
      vertex   3.280473e+01 -4.461038e+01 2.993280e+01
    endloop
  endfacet
  facet normal 1.702096e-01 3.688262e-02 9.847174e-01
    outer loop
      vertex   3.119542e+01 -4.283298e+01 3.014440e+01
      vertex   3.280473e+01 -4.461038e+01 2.993280e+01
      vertex   3.300689e+01 -4.436987e+01 2.988885e+01
    endloop
  endfacet
  facet normal 1.702096e-01 3.688262e-02 9.847174e-01
    outer loop
      vertex   3.300689e+01 -4.436987e+01 2.988885e+01
      vertex   3.325320e+01 -4.417152e+01 2.983885e+01
      vertex   3.119542e+01 -4.283298e+01 3.014440e+01
    endloop
  endfacet
  facet normal 1.702096e-01 3.688262e-02 9.847174e-01
    outer loop
      vertex   3.119542e+01 -4.283298e+01 3.014440e+01
      vertex   3.325320e+01 -4.417152e+01 2.983885e+01
      vertex   3.353828e+01 -4.402331e+01 2.978402e+01
    endloop
  endfacet
  facet normal 1.702096e-01 3.688262e-02 9.847174e-01
    outer loop
      vertex   3.119542e+01 -4.283298e+01 3.014440e+01
      vertex   3.353828e+01 -4.402331e+01 2.978402e+01
      vertex   3.382161e+01 -4.394307e+01 2.973204e+01
    endloop
  endfacet
  facet normal 1.702096e-01 3.688262e-02 9.847174e-01
    outer loop
      vertex   3.382161e+01 -4.394307e+01 2.973204e+01
      vertex   9.122059e+01 -3.149576e+01 1.934434e+01
      vertex   3.119542e+01 -4.283298e+01 3.014440e+01
    endloop
  endfacet
  facet normal 1.702096e-01 3.688262e-02 9.847174e-01
    outer loop
      vertex   1.651276e+02 -2.563592e+01 6.349942e+00
      vertex   1.665544e+02 -2.703672e+01 6.155784e+00
      vertex   1.682500e+02 -2.641185e+01 5.839293e+00
    endloop
  endfacet
  facet normal 1.702096e-01 3.688262e-02 9.847174e-01
    outer loop
      vertex   1.682500e+02 -2.641185e+01 5.839293e+00
      vertex   1.665544e+02 -2.703672e+01 6.155784e+00
      vertex   1.668126e+02 -2.715788e+01 6.115691e+00
    endloop
  endfacet
  facet normal 1.702096e-01 3.688262e-02 9.847174e-01
    outer loop
      vertex   1.682500e+02 -2.641185e+01 5.839293e+00
      vertex   1.668126e+02 -2.715788e+01 6.115691e+00
      vertex   1.670449e+02 -2.732107e+01 6.081656e+00
    endloop
  endfacet
  facet normal 1.702096e-01 3.688262e-02 9.847174e-01
    outer loop
      vertex   1.670449e+02 -2.732107e+01 6.081656e+00
      vertex   1.672463e+02 -2.752206e+01 6.054369e+00
      vertex   1.682500e+02 -2.641185e+01 5.839293e+00
    endloop
  endfacet
  facet normal 1.702096e-01 3.688262e-02 9.847174e-01
    outer loop
      vertex   1.682500e+02 -2.641185e+01 5.839293e+00
      vertex   1.672463e+02 -2.752206e+01 6.054369e+00
      vertex   1.674120e+02 -2.775683e+01 6.034520e+00
    endloop
  endfacet
  facet normal 1.702096e-01 3.688262e-02 9.847174e-01
    outer loop
      vertex   1.682500e+02 -2.641185e+01 5.839293e+00
      vertex   1.674120e+02 -2.775683e+01 6.034520e+00
      vertex   1.675366e+02 -2.802098e+01 6.022886e+00
    endloop
  endfacet
  facet normal 9.846700e-01 1.744275e-01 6.855067e-15
    outer loop
      vertex   1.820891e+02 -1.045353e+02 6.373317e+00
      vertex   1.819825e+02 -1.039338e+02 -3.869979e+00
      vertex   1.682500e+02 -2.641185e+01 5.839293e+00
    endloop
  endfacet
  facet normal 9.846700e-01 1.744275e-01 6.321253e-15
    outer loop
      vertex   1.682500e+02 -2.641185e+01 5.839293e+00
      vertex   1.819825e+02 -1.039338e+02 -3.869979e+00
      vertex   1.682500e+02 -2.641185e+01 -7.932734e+00
    endloop
  endfacet
  facet normal 8.691138e-15 -5.233596e-02 -9.986295e-01
    outer loop
      vertex   5.880687e+01 -2.362596e+01 -8.078737e+00
      vertex   6.203018e+01 -2.359961e+01 -8.080118e+00
      vertex   5.889205e+01 -2.427212e+01 -8.044873e+00
    endloop
  endfacet
  facet normal 6.638189e-15 -5.233596e-02 -9.986295e-01
    outer loop
      vertex   5.889205e+01 -2.427212e+01 -8.044873e+00
      vertex   6.203018e+01 -2.359961e+01 -8.080118e+00
      vertex   6.200805e+01 -2.443113e+01 -8.036540e+00
    endloop
  endfacet
  facet normal 6.652222e-15 -5.233596e-02 -9.986295e-01
    outer loop
      vertex   5.889205e+01 -2.427212e+01 -8.044873e+00
      vertex   6.200805e+01 -2.443113e+01 -8.036540e+00
      vertex   6.186237e+01 -2.524823e+01 -7.993717e+00
    endloop
  endfacet
  facet normal 9.153734e-15 -5.233596e-02 -9.986295e-01
    outer loop
      vertex   5.855711e+01 -2.302383e+01 -8.110293e+00
      vertex   6.170405e+01 -2.197542e+01 -8.165238e+00
      vertex   5.880687e+01 -2.362596e+01 -8.078737e+00
    endloop
  endfacet
  facet normal 7.419851e-15 -5.233596e-02 -9.986295e-01
    outer loop
      vertex   5.880687e+01 -2.362596e+01 -8.078737e+00
      vertex   6.170405e+01 -2.197542e+01 -8.165238e+00
      vertex   6.192797e+01 -2.277492e+01 -8.123338e+00
    endloop
  endfacet
  facet normal 8.635655e-15 -5.233596e-02 -9.986295e-01
    outer loop
      vertex   5.880687e+01 -2.362596e+01 -8.078737e+00
      vertex   6.192797e+01 -2.277492e+01 -8.123338e+00
      vertex   6.203018e+01 -2.359961e+01 -8.080118e+00
    endloop
  endfacet
  facet normal 8.823171e-15 -5.233596e-02 -9.986295e-01
    outer loop
      vertex   6.170405e+01 -2.197542e+01 -8.165238e+00
      vertex   5.855711e+01 -2.302383e+01 -8.110293e+00
      vertex   6.136233e+01 -2.121629e+01 -8.205022e+00
    endloop
  endfacet
  facet normal 7.298176e-15 -5.233596e-02 -9.986295e-01
    outer loop
      vertex   6.136233e+01 -2.121629e+01 -8.205022e+00
      vertex   5.855711e+01 -2.302383e+01 -8.110293e+00
      vertex   5.815982e+01 -2.250677e+01 -8.137391e+00
    endloop
  endfacet
  facet normal 7.776707e-15 -5.233596e-02 -9.986295e-01
    outer loop
      vertex   6.136233e+01 -2.121629e+01 -8.205022e+00
      vertex   5.815982e+01 -2.250677e+01 -8.137391e+00
      vertex   6.091217e+01 -2.051847e+01 -8.241593e+00
    endloop
  endfacet
  facet normal 7.658365e-15 -5.233596e-02 -9.986295e-01
    outer loop
      vertex   6.091217e+01 -2.051847e+01 -8.241593e+00
      vertex   5.815982e+01 -2.250677e+01 -8.137391e+00
      vertex   6.036209e+01 -1.989478e+01 -8.274280e+00
    endloop
  endfacet
  facet normal 1.013497e-14 -5.233596e-02 -9.986295e-01
    outer loop
      vertex   6.036209e+01 -1.989478e+01 -8.274280e+00
      vertex   5.815982e+01 -2.250677e+01 -8.137391e+00
      vertex   5.764205e+01 -2.211002e+01 -8.158184e+00
    endloop
  endfacet
  facet normal 9.521528e-15 -5.233596e-02 -9.986295e-01
    outer loop
      vertex   6.036209e+01 -1.989478e+01 -8.274280e+00
      vertex   5.764205e+01 -2.211002e+01 -8.158184e+00
      vertex   5.972447e+01 -1.935990e+01 -8.302311e+00
    endloop
  endfacet
  facet normal 7.261467e-15 -5.233596e-02 -9.986295e-01
    outer loop
      vertex   5.972447e+01 -1.935990e+01 -8.302311e+00
      vertex   5.764205e+01 -2.211002e+01 -8.158184e+00
      vertex   5.901540e+01 -1.892707e+01 -8.324995e+00
    endloop
  endfacet
  facet normal 9.877718e-15 -5.233596e-02 -9.986295e-01
    outer loop
      vertex   5.901540e+01 -1.892707e+01 -8.324995e+00
      vertex   5.764205e+01 -2.211002e+01 -8.158184e+00
      vertex   5.703910e+01 -2.186061e+01 -8.171255e+00
    endloop
  endfacet
  facet normal 7.904636e-15 -5.233596e-02 -9.986295e-01
    outer loop
      vertex   5.901540e+01 -1.892707e+01 -8.324995e+00
      vertex   5.703910e+01 -2.186061e+01 -8.171255e+00
      vertex   5.824739e+01 -1.860418e+01 -8.341917e+00
    endloop
  endfacet
  facet normal 8.594425e-15 -5.233596e-02 -9.986295e-01
    outer loop
      vertex   5.824739e+01 -1.860418e+01 -8.341917e+00
      vertex   5.703910e+01 -2.186061e+01 -8.171255e+00
      vertex   5.744141e+01 -1.840019e+01 -8.352607e+00
    endloop
  endfacet
  facet normal 5.169728e-15 -5.233596e-02 -9.986295e-01
    outer loop
      vertex   5.744141e+01 -1.840019e+01 -8.352607e+00
      vertex   5.703910e+01 -2.186061e+01 -8.171255e+00
      vertex   5.639205e+01 -2.177554e+01 -8.175713e+00
    endloop
  endfacet
  facet normal 1.045508e-14 -5.233596e-02 -9.986295e-01
    outer loop
      vertex   5.744141e+01 -1.840019e+01 -8.352607e+00
      vertex   5.639205e+01 -2.177554e+01 -8.175713e+00
      vertex   5.661375e+01 -1.831890e+01 -8.356868e+00
    endloop
  endfacet
  facet normal 1.038439e-14 -5.233596e-02 -9.986295e-01
    outer loop
      vertex   5.661375e+01 -1.831890e+01 -8.356868e+00
      vertex   5.639205e+01 -2.177554e+01 -8.175713e+00
      vertex   5.578174e+01 -1.836240e+01 -8.354588e+00
    endloop
  endfacet
  facet normal 9.907935e-15 -5.233596e-02 -9.986295e-01
    outer loop
      vertex   5.578174e+01 -1.836240e+01 -8.354588e+00
      vertex   5.639205e+01 -2.177554e+01 -8.175713e+00
      vertex   5.574500e+01 -2.186061e+01 -8.171255e+00
    endloop
  endfacet
  facet normal 9.212402e-15 -5.233596e-02 -9.986295e-01
    outer loop
      vertex   5.578174e+01 -1.836240e+01 -8.354588e+00
      vertex   5.574500e+01 -2.186061e+01 -8.171255e+00
      vertex   5.496775e+01 -1.852936e+01 -8.345838e+00
    endloop
  endfacet
  facet normal 4.671514e-15 -5.233596e-02 -9.986295e-01
    outer loop
      vertex   5.496775e+01 -1.852936e+01 -8.345838e+00
      vertex   5.574500e+01 -2.186061e+01 -8.171255e+00
      vertex   5.418611e+01 -1.881676e+01 -8.330776e+00
    endloop
  endfacet
  facet normal 9.670782e-15 -5.233596e-02 -9.986295e-01
    outer loop
      vertex   5.418611e+01 -1.881676e+01 -8.330776e+00
      vertex   5.574500e+01 -2.186061e+01 -8.171255e+00
      vertex   5.514205e+01 -2.211002e+01 -8.158184e+00
    endloop
  endfacet
  facet normal 7.269655e-15 -5.233596e-02 -9.986295e-01
    outer loop
      vertex   5.418611e+01 -1.881676e+01 -8.330776e+00
      vertex   5.514205e+01 -2.211002e+01 -8.158184e+00
      vertex   5.345722e+01 -1.921728e+01 -8.309786e+00
    endloop
  endfacet
  facet normal 9.787331e-15 -5.233596e-02 -9.986295e-01
    outer loop
      vertex   5.345722e+01 -1.921728e+01 -8.309786e+00
      vertex   5.514205e+01 -2.211002e+01 -8.158184e+00
      vertex   5.279697e+01 -1.972168e+01 -8.283351e+00
    endloop
  endfacet
  facet normal 5.806937e-15 -5.233596e-02 -9.986295e-01
    outer loop
      vertex   5.279697e+01 -1.972168e+01 -8.283351e+00
      vertex   5.514205e+01 -2.211002e+01 -8.158184e+00
      vertex   5.462428e+01 -2.250677e+01 -8.137391e+00
    endloop
  endfacet
  facet normal 8.721154e-15 -5.233596e-02 -9.986295e-01
    outer loop
      vertex   5.279697e+01 -1.972168e+01 -8.283351e+00
      vertex   5.462428e+01 -2.250677e+01 -8.137391e+00
      vertex   5.221817e+01 -2.032049e+01 -8.251969e+00
    endloop
  endfacet
  facet normal 6.307454e-15 -5.233596e-02 -9.986295e-01
    outer loop
      vertex   5.221817e+01 -2.032049e+01 -8.251969e+00
      vertex   5.462428e+01 -2.250677e+01 -8.137391e+00
      vertex   5.173672e+01 -2.099711e+01 -8.216509e+00
    endloop
  endfacet
  facet normal 8.158375e-15 -5.233596e-02 -9.986295e-01
    outer loop
      vertex   5.173672e+01 -2.099711e+01 -8.216509e+00
      vertex   5.462428e+01 -2.250677e+01 -8.137391e+00
      vertex   5.422699e+01 -2.302383e+01 -8.110293e+00
    endloop
  endfacet
  facet normal 7.634943e-15 -5.233596e-02 -9.986295e-01
    outer loop
      vertex   5.173672e+01 -2.099711e+01 -8.216509e+00
      vertex   5.422699e+01 -2.302383e+01 -8.110293e+00
      vertex   5.136121e+01 -2.173894e+01 -8.177631e+00
    endloop
  endfacet
  facet normal 8.910548e-15 -5.233596e-02 -9.986295e-01
    outer loop
      vertex   5.136121e+01 -2.173894e+01 -8.177631e+00
      vertex   5.422699e+01 -2.302383e+01 -8.110293e+00
      vertex   5.110066e+01 -2.252873e+01 -8.136240e+00
    endloop
  endfacet
  facet normal 8.550795e-15 -5.233596e-02 -9.986295e-01
    outer loop
      vertex   5.110066e+01 -2.252873e+01 -8.136240e+00
      vertex   5.422699e+01 -2.302383e+01 -8.110293e+00
      vertex   5.397724e+01 -2.362596e+01 -8.078737e+00
    endloop
  endfacet
  facet normal 8.140899e-15 -5.233596e-02 -9.986295e-01
    outer loop
      vertex   5.110066e+01 -2.252873e+01 -8.136240e+00
      vertex   5.397724e+01 -2.362596e+01 -8.078737e+00
      vertex   5.096118e+01 -2.334696e+01 -8.093358e+00
    endloop
  endfacet
  facet normal 8.096081e-15 -5.233596e-02 -9.986295e-01
    outer loop
      vertex   5.096118e+01 -2.334696e+01 -8.093358e+00
      vertex   5.397724e+01 -2.362596e+01 -8.078737e+00
      vertex   5.389205e+01 -2.427212e+01 -8.044873e+00
    endloop
  endfacet
  facet normal 8.278428e-15 -5.233596e-02 -9.986295e-01
    outer loop
      vertex   5.096118e+01 -2.334696e+01 -8.093358e+00
      vertex   5.389205e+01 -2.427212e+01 -8.044873e+00
      vertex   5.094539e+01 -2.417906e+01 -8.049750e+00
    endloop
  endfacet
  facet normal 8.205188e-15 -5.233596e-02 -9.986295e-01
    outer loop
      vertex   5.094539e+01 -2.417906e+01 -8.049750e+00
      vertex   5.389205e+01 -2.427212e+01 -8.044873e+00
      vertex   5.105380e+01 -2.500237e+01 -8.006602e+00
    endloop
  endfacet
  facet normal 7.371615e-15 -5.233596e-02 -9.986295e-01
    outer loop
      vertex   5.105380e+01 -2.500237e+01 -8.006602e+00
      vertex   5.389205e+01 -2.427212e+01 -8.044873e+00
      vertex   5.397724e+01 -2.491828e+01 -8.011009e+00
    endloop
  endfacet
  facet normal 7.383818e-15 -5.233596e-02 -9.986295e-01
    outer loop
      vertex   5.105380e+01 -2.500237e+01 -8.006602e+00
      vertex   5.397724e+01 -2.491828e+01 -8.011009e+00
      vertex   5.128391e+01 -2.580059e+01 -7.964769e+00
    endloop
  endfacet
  facet normal 7.084710e-15 -5.233596e-02 -9.986295e-01
    outer loop
      vertex   5.128391e+01 -2.580059e+01 -7.964769e+00
      vertex   5.397724e+01 -2.491828e+01 -8.011009e+00
      vertex   5.163132e+01 -2.655688e+01 -7.925134e+00
    endloop
  endfacet
  facet normal 7.295380e-15 -5.233596e-02 -9.986295e-01
    outer loop
      vertex   5.163132e+01 -2.655688e+01 -7.925134e+00
      vertex   5.397724e+01 -2.491828e+01 -8.011009e+00
      vertex   5.422699e+01 -2.552040e+01 -7.979453e+00
    endloop
  endfacet
  facet normal 8.644922e-15 -5.233596e-02 -9.986295e-01
    outer loop
      vertex   5.163132e+01 -2.655688e+01 -7.925134e+00
      vertex   5.422699e+01 -2.552040e+01 -7.979453e+00
      vertex   5.208668e+01 -2.725113e+01 -7.888749e+00
    endloop
  endfacet
  facet normal 7.909250e-15 -5.233596e-02 -9.986295e-01
    outer loop
      vertex   5.208668e+01 -2.725113e+01 -7.888749e+00
      vertex   5.422699e+01 -2.552040e+01 -7.979453e+00
      vertex   5.462428e+01 -2.603746e+01 -7.952355e+00
    endloop
  endfacet
  facet normal 5.740765e-15 -5.233596e-02 -9.986295e-01
    outer loop
      vertex   5.208668e+01 -2.725113e+01 -7.888749e+00
      vertex   5.462428e+01 -2.603746e+01 -7.952355e+00
      vertex   5.264205e+01 -2.787120e+01 -7.856253e+00
    endloop
  endfacet
  facet normal 8.271014e-15 -5.233596e-02 -9.986295e-01
    outer loop
      vertex   5.264205e+01 -2.787120e+01 -7.856253e+00
      vertex   5.462428e+01 -2.603746e+01 -7.952355e+00
      vertex   5.514205e+01 -2.643421e+01 -7.931562e+00
    endloop
  endfacet
  facet normal 9.766536e-15 -5.233596e-02 -9.986295e-01
    outer loop
      vertex   5.264205e+01 -2.787120e+01 -7.856253e+00
      vertex   5.514205e+01 -2.643421e+01 -7.931562e+00
      vertex   5.574500e+01 -2.668362e+01 -7.918491e+00
    endloop
  endfacet
  facet normal 9.786056e-15 -5.233596e-02 -9.986295e-01
    outer loop
      vertex   5.264205e+01 -2.787120e+01 -7.856253e+00
      vertex   5.574500e+01 -2.668362e+01 -7.918491e+00
      vertex   5.264205e+01 -3.048726e+01 -7.719151e+00
    endloop
  endfacet
  facet normal 6.672309e-15 -5.233596e-02 -9.986295e-01
    outer loop
      vertex   5.264205e+01 -3.048726e+01 -7.719151e+00
      vertex   5.574500e+01 -2.668362e+01 -7.918491e+00
      vertex   5.639205e+01 -2.676869e+01 -7.914033e+00
    endloop
  endfacet
  facet normal 8.194213e-15 -5.233596e-02 -9.986295e-01
    outer loop
      vertex   5.264205e+01 -3.048726e+01 -7.719151e+00
      vertex   5.639205e+01 -2.676869e+01 -7.914033e+00
      vertex   6.014205e+01 -3.048726e+01 -7.719151e+00
    endloop
  endfacet
  facet normal 8.625179e-15 -5.233596e-02 -9.986295e-01
    outer loop
      vertex   6.014205e+01 -3.048726e+01 -7.719151e+00
      vertex   5.639205e+01 -2.676869e+01 -7.914033e+00
      vertex   5.703910e+01 -2.668362e+01 -7.918491e+00
    endloop
  endfacet
  facet normal 7.197383e-15 -5.233596e-02 -9.986295e-01
    outer loop
      vertex   6.014205e+01 -3.048726e+01 -7.719151e+00
      vertex   5.703910e+01 -2.668362e+01 -7.918491e+00
      vertex   6.014205e+01 -2.804479e+01 -7.847156e+00
    endloop
  endfacet
  facet normal 9.055969e-15 -5.233596e-02 -9.986295e-01
    outer loop
      vertex   6.014205e+01 -2.804479e+01 -7.847156e+00
      vertex   5.703910e+01 -2.668362e+01 -7.918491e+00
      vertex   5.764205e+01 -2.643421e+01 -7.931562e+00
    endloop
  endfacet
  facet normal 6.801173e-15 -5.233596e-02 -9.986295e-01
    outer loop
      vertex   6.014205e+01 -2.804479e+01 -7.847156e+00
      vertex   5.764205e+01 -2.643421e+01 -7.931562e+00
      vertex   5.815982e+01 -2.603746e+01 -7.952355e+00
    endloop
  endfacet
  facet normal 1.044963e-14 -5.233596e-02 -9.986295e-01
    outer loop
      vertex   6.014205e+01 -2.804479e+01 -7.847156e+00
      vertex   5.815982e+01 -2.603746e+01 -7.952355e+00
      vertex   6.072552e+01 -2.745106e+01 -7.878271e+00
    endloop
  endfacet
  facet normal 9.277175e-15 -5.233596e-02 -9.986295e-01
    outer loop
      vertex   6.072552e+01 -2.745106e+01 -7.878271e+00
      vertex   5.815982e+01 -2.603746e+01 -7.952355e+00
      vertex   5.855711e+01 -2.552040e+01 -7.979453e+00
    endloop
  endfacet
  facet normal 1.032538e-14 -5.233596e-02 -9.986295e-01
    outer loop
      vertex   6.072552e+01 -2.745106e+01 -7.878271e+00
      vertex   5.855711e+01 -2.552040e+01 -7.979453e+00
      vertex   6.121401e+01 -2.677615e+01 -7.913642e+00
    endloop
  endfacet
  facet normal 9.665271e-15 -5.233596e-02 -9.986295e-01
    outer loop
      vertex   6.121401e+01 -2.677615e+01 -7.913642e+00
      vertex   5.855711e+01 -2.552040e+01 -7.979453e+00
      vertex   6.159560e+01 -2.603662e+01 -7.952399e+00
    endloop
  endfacet
  facet normal 9.751147e-15 -5.233596e-02 -9.986295e-01
    outer loop
      vertex   6.159560e+01 -2.603662e+01 -7.952399e+00
      vertex   5.855711e+01 -2.552040e+01 -7.979453e+00
      vertex   5.880687e+01 -2.491828e+01 -8.011009e+00
    endloop
  endfacet
  facet normal 8.636200e-15 -5.233596e-02 -9.986295e-01
    outer loop
      vertex   6.159560e+01 -2.603662e+01 -7.952399e+00
      vertex   5.880687e+01 -2.491828e+01 -8.011009e+00
      vertex   6.186237e+01 -2.524823e+01 -7.993717e+00
    endloop
  endfacet
  facet normal 1.000932e-14 -5.233596e-02 -9.986295e-01
    outer loop
      vertex   6.186237e+01 -2.524823e+01 -7.993717e+00
      vertex   5.880687e+01 -2.491828e+01 -8.011009e+00
      vertex   5.889205e+01 -2.427212e+01 -8.044873e+00
    endloop
  endfacet
  facet normal 9.017023e-15 -5.233596e-02 -9.986295e-01
    outer loop
      vertex   1.370687e+02 -1.567436e+01 -8.495462e+00
      vertex   1.387867e+02 -1.557258e+01 -8.500796e+00
      vertex   1.371539e+02 -1.632052e+01 -8.461598e+00
    endloop
  endfacet
  facet normal 8.035592e-15 -5.233596e-02 -9.986295e-01
    outer loop
      vertex   1.371539e+02 -1.632052e+01 -8.461598e+00
      vertex   1.387867e+02 -1.557258e+01 -8.500796e+00
      vertex   1.388442e+02 -1.660553e+01 -8.446662e+00
    endloop
  endfacet
  facet normal 8.240503e-15 -5.233596e-02 -9.986295e-01
    outer loop
      vertex   1.371539e+02 -1.632052e+01 -8.461598e+00
      vertex   1.388442e+02 -1.660553e+01 -8.446662e+00
      vertex   1.370687e+02 -1.696668e+01 -8.427735e+00
    endloop
  endfacet
  facet normal 8.624608e-15 -5.233596e-02 -9.986295e-01
    outer loop
      vertex   1.370687e+02 -1.696668e+01 -8.427735e+00
      vertex   1.388442e+02 -1.660553e+01 -8.446662e+00
      vertex   1.386474e+02 -1.762118e+01 -8.393434e+00
    endloop
  endfacet
  facet normal 8.875951e-15 -5.233596e-02 -9.986295e-01
    outer loop
      vertex   1.370687e+02 -1.696668e+01 -8.427735e+00
      vertex   1.386474e+02 -1.762118e+01 -8.393434e+00
      vertex   1.368189e+02 -1.756881e+01 -8.396178e+00
    endloop
  endfacet
  facet normal 8.825460e-15 -5.233596e-02 -9.986295e-01
    outer loop
      vertex   1.368189e+02 -1.756881e+01 -8.396178e+00
      vertex   1.386474e+02 -1.762118e+01 -8.393434e+00
      vertex   1.382083e+02 -1.855792e+01 -8.344342e+00
    endloop
  endfacet
  facet normal 8.239633e-15 -5.233596e-02 -9.986295e-01
    outer loop
      vertex   1.368189e+02 -1.756881e+01 -8.396178e+00
      vertex   1.382083e+02 -1.855792e+01 -8.344342e+00
      vertex   1.364216e+02 -1.808587e+01 -8.369081e+00
    endloop
  endfacet
  facet normal 7.715922e-15 -5.233596e-02 -9.986295e-01
    outer loop
      vertex   1.364216e+02 -1.808587e+01 -8.369081e+00
      vertex   1.382083e+02 -1.855792e+01 -8.344342e+00
      vertex   1.384329e+02 -1.959440e+01 -8.290022e+00
    endloop
  endfacet
  facet normal 9.211136e-15 -5.233596e-02 -9.986295e-01
    outer loop
      vertex   1.364216e+02 -1.808587e+01 -8.369081e+00
      vertex   1.384329e+02 -1.959440e+01 -8.290022e+00
      vertex   1.359039e+02 -1.848262e+01 -8.348288e+00
    endloop
  endfacet
  facet normal 7.984264e-13 -5.233596e-02 -9.986295e-01
    outer loop
      vertex   1.359039e+02 -1.848262e+01 -8.348288e+00
      vertex   1.384329e+02 -1.959440e+01 -8.290022e+00
      vertex   1.384332e+02 -1.959569e+01 -8.289954e+00
    endloop
  endfacet
  facet normal 9.888775e-15 -5.233596e-02 -9.986295e-01
    outer loop
      vertex   1.359039e+02 -1.848262e+01 -8.348288e+00
      vertex   1.384332e+02 -1.959569e+01 -8.289954e+00
      vertex   1.353009e+02 -1.873203e+01 -8.335217e+00
    endloop
  endfacet
  facet normal 8.884436e-15 -5.233596e-02 -9.986295e-01
    outer loop
      vertex   1.353009e+02 -1.873203e+01 -8.335217e+00
      vertex   1.384332e+02 -1.959569e+01 -8.289954e+00
      vertex   1.334126e+02 -2.030996e+01 -8.252521e+00
    endloop
  endfacet
  facet normal 7.490278e-15 -5.233596e-02 -9.986295e-01
    outer loop
      vertex   1.353009e+02 -1.873203e+01 -8.335217e+00
      vertex   1.334126e+02 -2.030996e+01 -8.252521e+00
      vertex   1.346539e+02 -1.881710e+01 -8.330758e+00
    endloop
  endfacet
  facet normal 1.055120e-14 -5.233596e-02 -9.986295e-01
    outer loop
      vertex   1.346539e+02 -1.881710e+01 -8.330758e+00
      vertex   1.334126e+02 -2.030996e+01 -8.252521e+00
      vertex   1.333934e+02 -2.022195e+01 -8.257133e+00
    endloop
  endfacet
  facet normal 8.431284e-15 -5.233596e-02 -9.986295e-01
    outer loop
      vertex   1.346539e+02 -1.881710e+01 -8.330758e+00
      vertex   1.333934e+02 -2.022195e+01 -8.257133e+00
      vertex   1.340068e+02 -1.873203e+01 -8.335217e+00
    endloop
  endfacet
  facet normal -6.551181e-12 -5.233596e-02 -9.986295e-01
    outer loop
      vertex   1.340068e+02 -1.873203e+01 -8.335217e+00
      vertex   1.333934e+02 -2.022195e+01 -8.257133e+00
      vertex   1.333933e+02 -2.022193e+01 -8.257134e+00
    endloop
  endfacet
  facet normal 6.693063e-15 -5.233596e-02 -9.986295e-01
    outer loop
      vertex   1.340068e+02 -1.873203e+01 -8.335217e+00
      vertex   1.333933e+02 -2.022193e+01 -8.257134e+00
      vertex   1.334039e+02 -1.848262e+01 -8.348288e+00
    endloop
  endfacet
  facet normal 1.274050e-14 -5.233596e-02 -9.986295e-01
    outer loop
      vertex   1.334039e+02 -1.848262e+01 -8.348288e+00
      vertex   1.333933e+02 -2.022193e+01 -8.257134e+00
      vertex   1.323444e+02 -1.982856e+01 -8.277750e+00
    endloop
  endfacet
  facet normal 1.165098e-14 -5.233596e-02 -9.986295e-01
    outer loop
      vertex   1.334039e+02 -1.848262e+01 -8.348288e+00
      vertex   1.323444e+02 -1.982856e+01 -8.277750e+00
      vertex   1.328861e+02 -1.808587e+01 -8.369081e+00
    endloop
  endfacet
  facet normal 5.205740e-15 -5.233596e-02 -9.986295e-01
    outer loop
      vertex   1.328861e+02 -1.808587e+01 -8.369081e+00
      vertex   1.323444e+02 -1.982856e+01 -8.277750e+00
      vertex   1.315569e+02 -1.915761e+01 -8.312913e+00
    endloop
  endfacet
  facet normal 6.399897e-15 -5.233596e-02 -9.986295e-01
    outer loop
      vertex   1.328861e+02 -1.808587e+01 -8.369081e+00
      vertex   1.315569e+02 -1.915761e+01 -8.312913e+00
      vertex   1.324888e+02 -1.756881e+01 -8.396178e+00
    endloop
  endfacet
  facet normal 7.530453e-15 -5.233596e-02 -9.986295e-01
    outer loop
      vertex   1.324888e+02 -1.756881e+01 -8.396178e+00
      vertex   1.315569e+02 -1.915761e+01 -8.312913e+00
      vertex   1.309574e+02 -1.831451e+01 -8.357098e+00
    endloop
  endfacet
  facet normal 8.465191e-15 -5.233596e-02 -9.986295e-01
    outer loop
      vertex   1.324888e+02 -1.756881e+01 -8.396178e+00
      vertex   1.309574e+02 -1.831451e+01 -8.357098e+00
      vertex   1.322391e+02 -1.696668e+01 -8.427735e+00
    endloop
  endfacet
  facet normal 7.460835e-15 -5.233596e-02 -9.986295e-01
    outer loop
      vertex   1.322391e+02 -1.696668e+01 -8.427735e+00
      vertex   1.309574e+02 -1.831451e+01 -8.357098e+00
      vertex   1.305821e+02 -1.735044e+01 -8.407623e+00
    endloop
  endfacet
  facet normal 7.024550e-15 -5.233596e-02 -9.986295e-01
    outer loop
      vertex   1.322391e+02 -1.696668e+01 -8.427735e+00
      vertex   1.305821e+02 -1.735044e+01 -8.407623e+00
      vertex   1.321539e+02 -1.632052e+01 -8.461598e+00
    endloop
  endfacet
  facet normal 7.356605e-15 -5.233596e-02 -9.986295e-01
    outer loop
      vertex   1.321539e+02 -1.632052e+01 -8.461598e+00
      vertex   1.305821e+02 -1.735044e+01 -8.407623e+00
      vertex   1.304539e+02 -1.632388e+01 -8.461423e+00
    endloop
  endfacet
  facet normal 7.357959e-15 -5.233596e-02 -9.986295e-01
    outer loop
      vertex   1.321539e+02 -1.632052e+01 -8.461598e+00
      vertex   1.304539e+02 -1.632388e+01 -8.461423e+00
      vertex   1.305805e+02 -1.529711e+01 -8.515233e+00
    endloop
  endfacet
  facet normal 8.942144e-15 -5.233596e-02 -9.986295e-01
    outer loop
      vertex   1.387867e+02 -1.557258e+01 -8.500796e+00
      vertex   1.370687e+02 -1.567436e+01 -8.495462e+00
      vertex   1.384785e+02 -1.458502e+01 -8.552552e+00
    endloop
  endfacet
  facet normal 8.224619e-15 -5.233596e-02 -9.986295e-01
    outer loop
      vertex   1.384785e+02 -1.458502e+01 -8.552552e+00
      vertex   1.370687e+02 -1.567436e+01 -8.495462e+00
      vertex   1.368189e+02 -1.507223e+01 -8.527018e+00
    endloop
  endfacet
  facet normal 8.181216e-15 -5.233596e-02 -9.986295e-01
    outer loop
      vertex   1.384785e+02 -1.458502e+01 -8.552552e+00
      vertex   1.368189e+02 -1.507223e+01 -8.527018e+00
      vertex   1.379383e+02 -1.370275e+01 -8.598790e+00
    endloop
  endfacet
  facet normal 9.639472e-15 -5.233596e-02 -9.986295e-01
    outer loop
      vertex   1.379383e+02 -1.370275e+01 -8.598790e+00
      vertex   1.368189e+02 -1.507223e+01 -8.527018e+00
      vertex   1.364216e+02 -1.455518e+01 -8.554116e+00
    endloop
  endfacet
  facet normal 9.610394e-15 -5.233596e-02 -9.986295e-01
    outer loop
      vertex   1.379383e+02 -1.370275e+01 -8.598790e+00
      vertex   1.364216e+02 -1.455518e+01 -8.554116e+00
      vertex   1.371987e+02 -1.297931e+01 -8.636704e+00
    endloop
  endfacet
  facet normal 8.394811e-15 -5.233596e-02 -9.986295e-01
    outer loop
      vertex   1.371987e+02 -1.297931e+01 -8.636704e+00
      vertex   1.364216e+02 -1.455518e+01 -8.554116e+00
      vertex   1.359039e+02 -1.415843e+01 -8.574909e+00
    endloop
  endfacet
  facet normal 8.303337e-15 -5.233596e-02 -9.986295e-01
    outer loop
      vertex   1.371987e+02 -1.297931e+01 -8.636704e+00
      vertex   1.359039e+02 -1.415843e+01 -8.574909e+00
      vertex   1.363048e+02 -1.245860e+01 -8.663993e+00
    endloop
  endfacet
  facet normal 9.954485e-15 -5.233596e-02 -9.986295e-01
    outer loop
      vertex   1.363048e+02 -1.245860e+01 -8.663993e+00
      vertex   1.359039e+02 -1.415843e+01 -8.574909e+00
      vertex   1.353009e+02 -1.390902e+01 -8.587980e+00
    endloop
  endfacet
  facet normal 8.813078e-15 -5.233596e-02 -9.986295e-01
    outer loop
      vertex   1.363048e+02 -1.245860e+01 -8.663993e+00
      vertex   1.353009e+02 -1.390902e+01 -8.587980e+00
      vertex   1.353107e+02 -1.217220e+01 -8.679003e+00
    endloop
  endfacet
  facet normal 8.552091e-15 -5.233596e-02 -9.986295e-01
    outer loop
      vertex   1.353107e+02 -1.217220e+01 -8.679003e+00
      vertex   1.353009e+02 -1.390902e+01 -8.587980e+00
      vertex   1.346539e+02 -1.382395e+01 -8.592438e+00
    endloop
  endfacet
  facet normal 9.513377e-15 -5.233596e-02 -9.986295e-01
    outer loop
      vertex   1.353107e+02 -1.217220e+01 -8.679003e+00
      vertex   1.346539e+02 -1.382395e+01 -8.592438e+00
      vertex   1.342767e+02 -1.213749e+01 -8.680822e+00
    endloop
  endfacet
  facet normal 7.698615e-15 -5.233596e-02 -9.986295e-01
    outer loop
      vertex   1.342767e+02 -1.213749e+01 -8.680822e+00
      vertex   1.346539e+02 -1.382395e+01 -8.592438e+00
      vertex   1.340068e+02 -1.390902e+01 -8.587980e+00
    endloop
  endfacet
  facet normal 6.937322e-15 -5.233596e-02 -9.986295e-01
    outer loop
      vertex   1.342767e+02 -1.213749e+01 -8.680822e+00
      vertex   1.340068e+02 -1.390902e+01 -8.587980e+00
      vertex   1.332657e+02 -1.235658e+01 -8.669340e+00
    endloop
  endfacet
  facet normal 7.270005e-15 -5.233596e-02 -9.986295e-01
    outer loop
      vertex   1.332657e+02 -1.235658e+01 -8.669340e+00
      vertex   1.340068e+02 -1.390902e+01 -8.587980e+00
      vertex   1.334039e+02 -1.415843e+01 -8.574909e+00
    endloop
  endfacet
  facet normal 8.605950e-15 -5.233596e-02 -9.986295e-01
    outer loop
      vertex   1.332657e+02 -1.235658e+01 -8.669340e+00
      vertex   1.334039e+02 -1.415843e+01 -8.574909e+00
      vertex   1.323388e+02 -1.281617e+01 -8.645254e+00
    endloop
  endfacet
  facet normal 7.961518e-15 -5.233596e-02 -9.986295e-01
    outer loop
      vertex   1.323388e+02 -1.281617e+01 -8.645254e+00
      vertex   1.334039e+02 -1.415843e+01 -8.574909e+00
      vertex   1.328861e+02 -1.455518e+01 -8.554116e+00
    endloop
  endfacet
  facet normal 7.770158e-15 -5.233596e-02 -9.986295e-01
    outer loop
      vertex   1.323388e+02 -1.281617e+01 -8.645254e+00
      vertex   1.328861e+02 -1.455518e+01 -8.554116e+00
      vertex   1.315524e+02 -1.348839e+01 -8.610024e+00
    endloop
  endfacet
  facet normal 8.650648e-15 -5.233596e-02 -9.986295e-01
    outer loop
      vertex   1.315524e+02 -1.348839e+01 -8.610024e+00
      vertex   1.328861e+02 -1.455518e+01 -8.554116e+00
      vertex   1.324888e+02 -1.507223e+01 -8.527018e+00
    endloop
  endfacet
  facet normal 6.898148e-15 -5.233596e-02 -9.986295e-01
    outer loop
      vertex   1.315524e+02 -1.348839e+01 -8.610024e+00
      vertex   1.324888e+02 -1.507223e+01 -8.527018e+00
      vertex   1.309542e+02 -1.433244e+01 -8.565789e+00
    endloop
  endfacet
  facet normal 7.499410e-15 -5.233596e-02 -9.986295e-01
    outer loop
      vertex   1.309542e+02 -1.433244e+01 -8.565789e+00
      vertex   1.324888e+02 -1.507223e+01 -8.527018e+00
      vertex   1.322391e+02 -1.567436e+01 -8.495462e+00
    endloop
  endfacet
  facet normal 7.546343e-15 -5.233596e-02 -9.986295e-01
    outer loop
      vertex   1.309542e+02 -1.433244e+01 -8.565789e+00
      vertex   1.322391e+02 -1.567436e+01 -8.495462e+00
      vertex   1.305805e+02 -1.529711e+01 -8.515233e+00
    endloop
  endfacet
  facet normal 7.106079e-15 -5.233596e-02 -9.986295e-01
    outer loop
      vertex   1.305805e+02 -1.529711e+01 -8.515233e+00
      vertex   1.322391e+02 -1.567436e+01 -8.495462e+00
      vertex   1.321539e+02 -1.632052e+01 -8.461598e+00
    endloop
  endfacet
  facet normal 1.063361e-14 -5.233596e-02 -9.986295e-01
    outer loop
      vertex   1.323444e+02 -1.982856e+01 -8.277750e+00
      vertex   1.333933e+02 -2.022193e+01 -8.257134e+00
      vertex   1.325690e+02 -2.086520e+01 -8.223422e+00
    endloop
  endfacet
  facet normal 5.179719e-15 -5.233596e-02 -9.986295e-01
    outer loop
      vertex   1.325690e+02 -2.086520e+01 -8.223422e+00
      vertex   1.333933e+02 -2.022193e+01 -8.257134e+00
      vertex   1.334126e+02 -2.030996e+01 -8.252521e+00
    endloop
  endfacet
  facet normal -6.297392e-14 -5.233596e-02 -9.986295e-01
    outer loop
      vertex   1.325690e+02 -2.086520e+01 -8.223422e+00
      vertex   1.334126e+02 -2.030996e+01 -8.252521e+00
      vertex   1.325693e+02 -2.086633e+01 -8.223362e+00
    endloop
  endfacet
  facet normal 9.352043e-15 -5.233596e-02 -9.986295e-01
    outer loop
      vertex   1.325693e+02 -2.086633e+01 -8.223362e+00
      vertex   1.334126e+02 -2.030996e+01 -8.252521e+00
      vertex   1.384332e+02 -1.959569e+01 -8.289954e+00
    endloop
  endfacet
  facet normal 8.289336e-15 -5.233596e-02 -9.986295e-01
    outer loop
      vertex   1.325693e+02 -2.086633e+01 -8.223362e+00
      vertex   1.384332e+02 -1.959569e+01 -8.289954e+00
      vertex   1.682500e+02 -2.641185e+01 -7.932734e+00
    endloop
  endfacet
  facet normal 7.876395e-15 -5.233596e-02 -9.986295e-01
    outer loop
      vertex   1.682500e+02 -2.641185e+01 -7.932734e+00
      vertex   1.384332e+02 -1.959569e+01 -8.289954e+00
      vertex   1.407656e+02 -1.909028e+01 -8.316442e+00
    endloop
  endfacet
  facet normal 8.418202e-15 -5.233596e-02 -9.986295e-01
    outer loop
      vertex   1.682500e+02 -2.641185e+01 -7.932734e+00
      vertex   1.407656e+02 -1.909028e+01 -8.316442e+00
      vertex   1.511022e+02 -1.684875e+01 -8.433915e+00
    endloop
  endfacet
  facet normal 8.441059e-15 -5.233596e-02 -9.986295e-01
    outer loop
      vertex   5.577510e+01 -1.428257e+02 -1.831741e+00
      vertex   5.642215e+01 -1.429109e+02 -1.827276e+00
      vertex   5.569130e+01 -1.541100e+02 -1.240357e+00
    endloop
  endfacet
  facet normal 9.876960e-15 -5.233596e-02 -9.986295e-01
    outer loop
      vertex   5.569130e+01 -1.541100e+02 -1.240357e+00
      vertex   5.642215e+01 -1.429109e+02 -1.827276e+00
      vertex   5.706919e+01 -1.428257e+02 -1.831741e+00
    endloop
  endfacet
  facet normal 7.139907e-15 -5.233596e-02 -9.986295e-01
    outer loop
      vertex   5.569130e+01 -1.541100e+02 -1.240357e+00
      vertex   5.706919e+01 -1.428257e+02 -1.831741e+00
      vertex   5.767215e+01 -1.425760e+02 -1.844830e+00
    endloop
  endfacet
  facet normal 1.010885e-14 -5.233596e-02 -9.986295e-01
    outer loop
      vertex   5.767215e+01 -1.425760e+02 -1.844830e+00
      vertex   5.818991e+01 -1.421787e+02 -1.865651e+00
      vertex   5.569130e+01 -1.541100e+02 -1.240357e+00
    endloop
  endfacet
  facet normal 5.404267e-15 -5.233596e-02 -9.986295e-01
    outer loop
      vertex   5.569130e+01 -1.541100e+02 -1.240357e+00
      vertex   5.818991e+01 -1.421787e+02 -1.865651e+00
      vertex   5.858721e+01 -1.416609e+02 -1.892786e+00
    endloop
  endfacet
  facet normal 8.451154e-15 -5.233596e-02 -9.986295e-01
    outer loop
      vertex   5.569130e+01 -1.541100e+02 -1.240357e+00
      vertex   5.858721e+01 -1.416609e+02 -1.892786e+00
      vertex   9.481284e+01 -1.351015e+02 -2.236552e+00
    endloop
  endfacet
  facet normal 8.516611e-15 -5.233596e-02 -9.986295e-01
    outer loop
      vertex   9.481284e+01 -1.351015e+02 -2.236552e+00
      vertex   5.858721e+01 -1.416609e+02 -1.892786e+00
      vertex   5.883696e+01 -1.410580e+02 -1.924385e+00
    endloop
  endfacet
  facet normal 8.530458e-15 -5.233596e-02 -9.986295e-01
    outer loop
      vertex   9.481284e+01 -1.351015e+02 -2.236552e+00
      vertex   5.883696e+01 -1.410580e+02 -1.924385e+00
      vertex   5.892215e+01 -1.404109e+02 -1.958296e+00
    endloop
  endfacet
  facet normal 8.500727e-15 -5.233596e-02 -9.986295e-01
    outer loop
      vertex   5.892215e+01 -1.404109e+02 -1.958296e+00
      vertex   5.883696e+01 -1.397639e+02 -1.992206e+00
      vertex   9.481284e+01 -1.351015e+02 -2.236552e+00
    endloop
  endfacet
  facet normal 8.328777e-15 -5.233596e-02 -9.986295e-01
    outer loop
      vertex   9.481284e+01 -1.351015e+02 -2.236552e+00
      vertex   5.883696e+01 -1.397639e+02 -1.992206e+00
      vertex   5.858721e+01 -1.391609e+02 -2.023805e+00
    endloop
  endfacet
  facet normal 8.229845e-15 -5.233596e-02 -9.986295e-01
    outer loop
      vertex   9.481284e+01 -1.351015e+02 -2.236552e+00
      vertex   5.858721e+01 -1.391609e+02 -2.023805e+00
      vertex   5.818991e+01 -1.386432e+02 -2.050940e+00
    endloop
  endfacet
  facet normal 8.467217e-15 -5.233596e-02 -9.986295e-01
    outer loop
      vertex   5.818991e+01 -1.386432e+02 -2.050940e+00
      vertex   5.767215e+01 -1.382459e+02 -2.071762e+00
      vertex   9.481284e+01 -1.351015e+02 -2.236552e+00
    endloop
  endfacet
  facet normal 8.683562e-15 -5.233596e-02 -9.986295e-01
    outer loop
      vertex   9.481284e+01 -1.351015e+02 -2.236552e+00
      vertex   5.767215e+01 -1.382459e+02 -2.071762e+00
      vertex   5.706919e+01 -1.379961e+02 -2.084851e+00
    endloop
  endfacet
  facet normal 8.451899e-15 -5.233596e-02 -9.986295e-01
    outer loop
      vertex   9.481284e+01 -1.351015e+02 -2.236552e+00
      vertex   5.706919e+01 -1.379961e+02 -2.084851e+00
      vertex   6.014205e+01 -3.048726e+01 -7.719151e+00
    endloop
  endfacet
  facet normal 8.129671e-15 -5.233596e-02 -9.986295e-01
    outer loop
      vertex   6.014205e+01 -3.048726e+01 -7.719151e+00
      vertex   5.706919e+01 -1.379961e+02 -2.084851e+00
      vertex   5.642215e+01 -1.379109e+02 -2.089315e+00
    endloop
  endfacet
  facet normal 8.194213e-15 -5.233596e-02 -9.986295e-01
    outer loop
      vertex   6.014205e+01 -3.048726e+01 -7.719151e+00
      vertex   5.642215e+01 -1.379109e+02 -2.089315e+00
      vertex   5.264205e+01 -3.048726e+01 -7.719151e+00
    endloop
  endfacet
  facet normal 8.542362e-15 -5.233596e-02 -9.986295e-01
    outer loop
      vertex   5.264205e+01 -3.048726e+01 -7.719151e+00
      vertex   5.642215e+01 -1.379109e+02 -2.089315e+00
      vertex   3.557244e+01 -1.360665e+02 -2.185979e+00
    endloop
  endfacet
  facet normal 1.627245e-14 -5.233596e-02 -9.986295e-01
    outer loop
      vertex   5.264205e+01 -3.048726e+01 -7.719151e+00
      vertex   3.557244e+01 -1.360665e+02 -2.185979e+00
      vertex   3.531362e+01 -1.360324e+02 -2.187765e+00
    endloop
  endfacet
  facet normal 9.007824e-15 -5.233596e-02 -9.986295e-01
    outer loop
      vertex   5.642215e+01 -1.379109e+02 -2.089315e+00
      vertex   5.577510e+01 -1.379961e+02 -2.084851e+00
      vertex   3.557244e+01 -1.360665e+02 -2.185979e+00
    endloop
  endfacet
  facet normal 7.505651e-15 -5.233596e-02 -9.986295e-01
    outer loop
      vertex   3.557244e+01 -1.360665e+02 -2.185979e+00
      vertex   5.577510e+01 -1.379961e+02 -2.084851e+00
      vertex   3.581362e+01 -1.361664e+02 -2.180744e+00
    endloop
  endfacet
  facet normal 8.230608e-15 -5.233596e-02 -9.986295e-01
    outer loop
      vertex   3.581362e+01 -1.361664e+02 -2.180744e+00
      vertex   5.577510e+01 -1.379961e+02 -2.084851e+00
      vertex   5.517215e+01 -1.382459e+02 -2.071762e+00
    endloop
  endfacet
  facet normal 9.017424e-15 -5.233596e-02 -9.986295e-01
    outer loop
      vertex   3.581362e+01 -1.361664e+02 -2.180744e+00
      vertex   5.517215e+01 -1.382459e+02 -2.071762e+00
      vertex   3.602073e+01 -1.363253e+02 -2.172415e+00
    endloop
  endfacet
  facet normal 8.734213e-15 -5.233596e-02 -9.986295e-01
    outer loop
      vertex   3.602073e+01 -1.363253e+02 -2.172415e+00
      vertex   5.517215e+01 -1.382459e+02 -2.071762e+00
      vertex   5.465438e+01 -1.386432e+02 -2.050940e+00
    endloop
  endfacet
  facet normal 8.653785e-15 -5.233596e-02 -9.986295e-01
    outer loop
      vertex   3.602073e+01 -1.363253e+02 -2.172415e+00
      vertex   5.465438e+01 -1.386432e+02 -2.050940e+00
      vertex   3.617964e+01 -1.365324e+02 -2.161561e+00
    endloop
  endfacet
  facet normal 7.900034e-15 -5.233596e-02 -9.986295e-01
    outer loop
      vertex   3.617964e+01 -1.365324e+02 -2.161561e+00
      vertex   5.465438e+01 -1.386432e+02 -2.050940e+00
      vertex   3.627954e+01 -1.367736e+02 -2.148921e+00
    endloop
  endfacet
  facet normal 8.263918e-15 -5.233596e-02 -9.986295e-01
    outer loop
      vertex   3.627954e+01 -1.367736e+02 -2.148921e+00
      vertex   5.465438e+01 -1.386432e+02 -2.050940e+00
      vertex   5.425708e+01 -1.391609e+02 -2.023805e+00
    endloop
  endfacet
  facet normal 9.434040e-15 -5.233596e-02 -9.986295e-01
    outer loop
      vertex   3.627954e+01 -1.367736e+02 -2.148921e+00
      vertex   5.425708e+01 -1.391609e+02 -2.023805e+00
      vertex   3.631362e+01 -1.370324e+02 -2.135357e+00
    endloop
  endfacet
  facet normal 8.527227e-15 -5.233596e-02 -9.986295e-01
    outer loop
      vertex   3.631362e+01 -1.370324e+02 -2.135357e+00
      vertex   5.425708e+01 -1.391609e+02 -2.023805e+00
      vertex   5.400733e+01 -1.397639e+02 -1.992206e+00
    endloop
  endfacet
  facet normal 8.475645e-15 -5.233596e-02 -9.986295e-01
    outer loop
      vertex   3.631362e+01 -1.370324e+02 -2.135357e+00
      vertex   5.400733e+01 -1.397639e+02 -1.992206e+00
      vertex   5.392215e+01 -1.404109e+02 -1.958296e+00
    endloop
  endfacet
  facet normal 8.619058e-15 -5.233596e-02 -9.986295e-01
    outer loop
      vertex   3.631362e+01 -1.370324e+02 -2.135357e+00
      vertex   5.392215e+01 -1.404109e+02 -1.958296e+00
      vertex   3.631362e+01 -1.424324e+02 -1.852355e+00
    endloop
  endfacet
  facet normal 8.644240e-15 -5.233596e-02 -9.986295e-01
    outer loop
      vertex   3.631362e+01 -1.424324e+02 -1.852355e+00
      vertex   5.392215e+01 -1.404109e+02 -1.958296e+00
      vertex   5.400733e+01 -1.410580e+02 -1.924385e+00
    endloop
  endfacet
  facet normal 8.635167e-15 -5.233596e-02 -9.986295e-01
    outer loop
      vertex   3.631362e+01 -1.424324e+02 -1.852355e+00
      vertex   5.400733e+01 -1.410580e+02 -1.924385e+00
      vertex   4.950297e+01 -1.509109e+02 -1.408014e+00
    endloop
  endfacet
  facet normal 7.196163e-15 -5.233596e-02 -9.986295e-01
    outer loop
      vertex   4.950297e+01 -1.509109e+02 -1.408014e+00
      vertex   5.400733e+01 -1.410580e+02 -1.924385e+00
      vertex   5.425708e+01 -1.416609e+02 -1.892786e+00
    endloop
  endfacet
  facet normal 6.793300e-15 -5.233596e-02 -9.986295e-01
    outer loop
      vertex   4.950297e+01 -1.509109e+02 -1.408014e+00
      vertex   5.425708e+01 -1.416609e+02 -1.892786e+00
      vertex   5.465438e+01 -1.421787e+02 -1.865651e+00
    endloop
  endfacet
  facet normal 8.588013e-15 -5.233596e-02 -9.986295e-01
    outer loop
      vertex   5.465438e+01 -1.421787e+02 -1.865651e+00
      vertex   5.517215e+01 -1.425760e+02 -1.844830e+00
      vertex   4.950297e+01 -1.509109e+02 -1.408014e+00
    endloop
  endfacet
  facet normal 9.225622e-15 -5.233596e-02 -9.986295e-01
    outer loop
      vertex   4.950297e+01 -1.509109e+02 -1.408014e+00
      vertex   5.517215e+01 -1.425760e+02 -1.844830e+00
      vertex   5.577510e+01 -1.428257e+02 -1.831741e+00
    endloop
  endfacet
  facet normal 8.281399e-15 -5.233596e-02 -9.986295e-01
    outer loop
      vertex   4.950297e+01 -1.509109e+02 -1.408014e+00
      vertex   5.577510e+01 -1.428257e+02 -1.831741e+00
      vertex   5.569130e+01 -1.541100e+02 -1.240357e+00
    endloop
  endfacet
  facet normal 7.199612e-15 -5.233596e-02 -9.986295e-01
    outer loop
      vertex   1.693862e+02 -1.003845e+02 -4.055990e+00
      vertex   1.819825e+02 -1.039338e+02 -3.869979e+00
      vertex   1.687392e+02 -1.004697e+02 -4.051526e+00
    endloop
  endfacet
  facet normal 8.231072e-15 -5.233596e-02 -9.986295e-01
    outer loop
      vertex   1.687392e+02 -1.004697e+02 -4.051526e+00
      vertex   1.819825e+02 -1.039338e+02 -3.869979e+00
      vertex   1.442090e+02 -1.263724e+02 -2.694024e+00
    endloop
  endfacet
  facet normal 1.144440e-14 -5.233596e-02 -9.986295e-01
    outer loop
      vertex   1.687392e+02 -1.004697e+02 -4.051526e+00
      vertex   1.442090e+02 -1.263724e+02 -2.694024e+00
      vertex   1.680921e+02 -1.003845e+02 -4.055990e+00
    endloop
  endfacet
  facet normal 6.180438e-15 -5.233596e-02 -9.986295e-01
    outer loop
      vertex   1.680921e+02 -1.003845e+02 -4.055990e+00
      vertex   1.442090e+02 -1.263724e+02 -2.694024e+00
      vertex   1.674892e+02 -1.001348e+02 -4.069079e+00
    endloop
  endfacet
  facet normal 9.103988e-15 -5.233596e-02 -9.986295e-01
    outer loop
      vertex   1.674892e+02 -1.001348e+02 -4.069079e+00
      vertex   1.442090e+02 -1.263724e+02 -2.694024e+00
      vertex   1.669714e+02 -9.973748e+01 -4.089901e+00
    endloop
  endfacet
  facet normal 1.006216e-14 -5.233596e-02 -9.986295e-01
    outer loop
      vertex   1.669714e+02 -9.973748e+01 -4.089901e+00
      vertex   1.442090e+02 -1.263724e+02 -2.694024e+00
      vertex   1.665741e+02 -9.921972e+01 -4.117036e+00
    endloop
  endfacet
  facet normal 6.460783e-15 -5.233596e-02 -9.986295e-01
    outer loop
      vertex   1.665741e+02 -9.921972e+01 -4.117036e+00
      vertex   1.442090e+02 -1.263724e+02 -2.694024e+00
      vertex   1.663244e+02 -9.861676e+01 -4.148635e+00
    endloop
  endfacet
  facet normal 9.255753e-15 -5.233596e-02 -9.986295e-01
    outer loop
      vertex   1.663244e+02 -9.861676e+01 -4.148635e+00
      vertex   1.442090e+02 -1.263724e+02 -2.694024e+00
      vertex   1.662392e+02 -9.796972e+01 -4.182545e+00
    endloop
  endfacet
  facet normal 9.133713e-15 -5.233596e-02 -9.986295e-01
    outer loop
      vertex   1.662392e+02 -9.796972e+01 -4.182545e+00
      vertex   1.442090e+02 -1.263724e+02 -2.694024e+00
      vertex   1.663244e+02 -9.732267e+01 -4.216456e+00
    endloop
  endfacet
  facet normal 8.517111e-15 -5.233596e-02 -9.986295e-01
    outer loop
      vertex   1.663244e+02 -9.732267e+01 -4.216456e+00
      vertex   1.442090e+02 -1.263724e+02 -2.694024e+00
      vertex   8.869732e+01 -3.037292e+01 -7.725143e+00
    endloop
  endfacet
  facet normal 7.651250e-15 -5.233596e-02 -9.986295e-01
    outer loop
      vertex   1.663244e+02 -9.732267e+01 -4.216456e+00
      vertex   8.869732e+01 -3.037292e+01 -7.725143e+00
      vertex   1.665741e+02 -9.671972e+01 -4.248055e+00
    endloop
  endfacet
  facet normal 8.380093e-15 -5.233596e-02 -9.986295e-01
    outer loop
      vertex   1.665741e+02 -9.671972e+01 -4.248055e+00
      vertex   8.869732e+01 -3.037292e+01 -7.725143e+00
      vertex   1.325693e+02 -2.086633e+01 -8.223362e+00
    endloop
  endfacet
  facet normal 9.418984e-15 -5.233596e-02 -9.986295e-01
    outer loop
      vertex   1.665741e+02 -9.671972e+01 -4.248055e+00
      vertex   1.325693e+02 -2.086633e+01 -8.223362e+00
      vertex   1.669714e+02 -9.620195e+01 -4.275190e+00
    endloop
  endfacet
  facet normal 8.583499e-15 -5.233596e-02 -9.986295e-01
    outer loop
      vertex   1.669714e+02 -9.620195e+01 -4.275190e+00
      vertex   1.325693e+02 -2.086633e+01 -8.223362e+00
      vertex   1.674892e+02 -9.580465e+01 -4.296012e+00
    endloop
  endfacet
  facet normal 8.353906e-15 -5.233596e-02 -9.986295e-01
    outer loop
      vertex   1.674892e+02 -9.580465e+01 -4.296012e+00
      vertex   1.325693e+02 -2.086633e+01 -8.223362e+00
      vertex   1.682500e+02 -2.641185e+01 -7.932734e+00
    endloop
  endfacet
  facet normal 8.001714e-15 -5.233596e-02 -9.986295e-01
    outer loop
      vertex   1.674892e+02 -9.580465e+01 -4.296012e+00
      vertex   1.682500e+02 -2.641185e+01 -7.932734e+00
      vertex   1.680921e+02 -9.555490e+01 -4.309101e+00
    endloop
  endfacet
  facet normal 9.044296e-15 -5.233596e-02 -9.986295e-01
    outer loop
      vertex   1.680921e+02 -9.555490e+01 -4.309101e+00
      vertex   1.682500e+02 -2.641185e+01 -7.932734e+00
      vertex   1.687392e+02 -9.546972e+01 -4.313565e+00
    endloop
  endfacet
  facet normal 1.063326e-14 -5.233596e-02 -9.986295e-01
    outer loop
      vertex   1.687392e+02 -9.546972e+01 -4.313565e+00
      vertex   1.682500e+02 -2.641185e+01 -7.932734e+00
      vertex   1.693862e+02 -9.555490e+01 -4.309101e+00
    endloop
  endfacet
  facet normal 3.965558e-15 -5.233596e-02 -9.986295e-01
    outer loop
      vertex   1.693862e+02 -9.555490e+01 -4.309101e+00
      vertex   1.682500e+02 -2.641185e+01 -7.932734e+00
      vertex   1.699892e+02 -9.580465e+01 -4.296012e+00
    endloop
  endfacet
  facet normal 1.084213e-14 -5.233596e-02 -9.986295e-01
    outer loop
      vertex   1.699892e+02 -9.580465e+01 -4.296012e+00
      vertex   1.682500e+02 -2.641185e+01 -7.932734e+00
      vertex   1.705070e+02 -9.620195e+01 -4.275190e+00
    endloop
  endfacet
  facet normal 8.101672e-15 -5.233596e-02 -9.986295e-01
    outer loop
      vertex   1.705070e+02 -9.620195e+01 -4.275190e+00
      vertex   1.682500e+02 -2.641185e+01 -7.932734e+00
      vertex   1.819825e+02 -1.039338e+02 -3.869979e+00
    endloop
  endfacet
  facet normal 6.442097e-15 -5.233596e-02 -9.986295e-01
    outer loop
      vertex   1.705070e+02 -9.620195e+01 -4.275190e+00
      vertex   1.819825e+02 -1.039338e+02 -3.869979e+00
      vertex   1.709043e+02 -9.671972e+01 -4.248055e+00
    endloop
  endfacet
  facet normal 1.027916e-14 -5.233596e-02 -9.986295e-01
    outer loop
      vertex   1.709043e+02 -9.671972e+01 -4.248055e+00
      vertex   1.819825e+02 -1.039338e+02 -3.869979e+00
      vertex   1.711540e+02 -9.732267e+01 -4.216456e+00
    endloop
  endfacet
  facet normal 7.833400e-15 -5.233596e-02 -9.986295e-01
    outer loop
      vertex   1.711540e+02 -9.732267e+01 -4.216456e+00
      vertex   1.819825e+02 -1.039338e+02 -3.869979e+00
      vertex   1.712392e+02 -9.796972e+01 -4.182545e+00
    endloop
  endfacet
  facet normal 7.476061e-15 -5.233596e-02 -9.986295e-01
    outer loop
      vertex   1.712392e+02 -9.796972e+01 -4.182545e+00
      vertex   1.819825e+02 -1.039338e+02 -3.869979e+00
      vertex   1.711540e+02 -9.861676e+01 -4.148635e+00
    endloop
  endfacet
  facet normal 8.170245e-15 -5.233596e-02 -9.986295e-01
    outer loop
      vertex   1.711540e+02 -9.861676e+01 -4.148635e+00
      vertex   1.819825e+02 -1.039338e+02 -3.869979e+00
      vertex   1.709043e+02 -9.921972e+01 -4.117036e+00
    endloop
  endfacet
  facet normal 8.116147e-15 -5.233596e-02 -9.986295e-01
    outer loop
      vertex   1.709043e+02 -9.921972e+01 -4.117036e+00
      vertex   1.819825e+02 -1.039338e+02 -3.869979e+00
      vertex   1.705070e+02 -9.973748e+01 -4.089901e+00
    endloop
  endfacet
  facet normal 8.279929e-15 -5.233596e-02 -9.986295e-01
    outer loop
      vertex   1.705070e+02 -9.973748e+01 -4.089901e+00
      vertex   1.819825e+02 -1.039338e+02 -3.869979e+00
      vertex   1.699892e+02 -1.001348e+02 -4.069079e+00
    endloop
  endfacet
  facet normal 8.604704e-15 -5.233596e-02 -9.986295e-01
    outer loop
      vertex   1.699892e+02 -1.001348e+02 -4.069079e+00
      vertex   1.819825e+02 -1.039338e+02 -3.869979e+00
      vertex   1.693862e+02 -1.003845e+02 -4.055990e+00
    endloop
  endfacet
  facet normal 8.361575e-15 -5.233596e-02 -9.986295e-01
    outer loop
      vertex   1.442090e+02 -1.263724e+02 -2.694024e+00
      vertex   9.481284e+01 -1.351015e+02 -2.236552e+00
      vertex   8.869732e+01 -3.037292e+01 -7.725143e+00
    endloop
  endfacet
  facet normal 1.429885e-14 -5.233596e-02 -9.986295e-01
    outer loop
      vertex   8.869732e+01 -3.037292e+01 -7.725143e+00
      vertex   9.481284e+01 -1.351015e+02 -2.236552e+00
      vertex   8.816745e+01 -3.048726e+01 -7.719151e+00
    endloop
  endfacet
  facet normal 8.391774e-15 -5.233596e-02 -9.986295e-01
    outer loop
      vertex   8.816745e+01 -3.048726e+01 -7.719151e+00
      vertex   9.481284e+01 -1.351015e+02 -2.236552e+00
      vertex   6.014205e+01 -3.048726e+01 -7.719151e+00
    endloop
  endfacet
  facet normal 1.272707e-14 -5.233596e-02 -9.986295e-01
    outer loop
      vertex   4.950297e+01 -1.509109e+02 -1.408014e+00
      vertex   5.569130e+01 -1.541100e+02 -1.240357e+00
      vertex   5.525203e+01 -1.542109e+02 -1.235068e+00
    endloop
  endfacet
  facet normal 1.621916e-14 -5.233596e-02 -9.986295e-01
    outer loop
      vertex   5.525203e+01 -1.542109e+02 -1.235068e+00
      vertex   5.569130e+01 -1.541100e+02 -1.240357e+00
      vertex   5.555067e+01 -1.541656e+02 -1.237441e+00
    endloop
  endfacet
  facet normal 1.936049e-14 -5.233596e-02 -9.986295e-01
    outer loop
      vertex   5.525203e+01 -1.542109e+02 -1.235068e+00
      vertex   5.555067e+01 -1.541656e+02 -1.237441e+00
      vertex   5.540313e+01 -1.541995e+02 -1.235665e+00
    endloop
  endfacet
  facet normal 7.752540e-15 -5.233596e-02 -9.986295e-01
    outer loop
      vertex   5.525203e+01 -1.542109e+02 -1.235068e+00
      vertex   4.950297e+01 -1.542109e+02 -1.235068e+00
      vertex   4.950297e+01 -1.509109e+02 -1.408014e+00
    endloop
  endfacet
  facet normal 8.532636e-15 -5.233596e-02 -9.986295e-01
    outer loop
      vertex   3.032979e+01 -1.509109e+02 -1.408014e+00
      vertex   3.581362e+01 -1.432984e+02 -1.806969e+00
      vertex   4.950297e+01 -1.509109e+02 -1.408014e+00
    endloop
  endfacet
  facet normal 9.101047e-15 -5.233596e-02 -9.986295e-01
    outer loop
      vertex   4.950297e+01 -1.509109e+02 -1.408014e+00
      vertex   3.581362e+01 -1.432984e+02 -1.806969e+00
      vertex   3.602073e+01 -1.431395e+02 -1.815297e+00
    endloop
  endfacet
  facet normal 9.029747e-15 -5.233596e-02 -9.986295e-01
    outer loop
      vertex   4.950297e+01 -1.509109e+02 -1.408014e+00
      vertex   3.602073e+01 -1.431395e+02 -1.815297e+00
      vertex   3.617964e+01 -1.429324e+02 -1.826151e+00
    endloop
  endfacet
  facet normal 7.480586e-15 -5.233596e-02 -9.986295e-01
    outer loop
      vertex   3.032979e+01 -1.418935e+02 -1.880600e+00
      vertex   3.392268e+01 -1.431395e+02 -1.815297e+00
      vertex   3.032979e+01 -1.509109e+02 -1.408014e+00
    endloop
  endfacet
  facet normal 7.321875e-15 -5.233596e-02 -9.986295e-01
    outer loop
      vertex   3.032979e+01 -1.509109e+02 -1.408014e+00
      vertex   3.392268e+01 -1.431395e+02 -1.815297e+00
      vertex   3.412979e+01 -1.432984e+02 -1.806969e+00
    endloop
  endfacet
  facet normal 1.621308e-14 -5.233596e-02 -9.986295e-01
    outer loop
      vertex   3.032979e+01 -1.509109e+02 -1.408014e+00
      vertex   3.412979e+01 -1.432984e+02 -1.806969e+00
      vertex   3.437097e+01 -1.433983e+02 -1.801733e+00
    endloop
  endfacet
  facet normal 8.130478e-15 -5.233596e-02 -9.986295e-01
    outer loop
      vertex   3.362979e+01 -1.418935e+02 -1.880600e+00
      vertex   3.362979e+01 -1.424324e+02 -1.852355e+00
      vertex   3.032979e+01 -1.418935e+02 -1.880600e+00
    endloop
  endfacet
  facet normal 7.781409e-15 -5.233596e-02 -9.986295e-01
    outer loop
      vertex   3.032979e+01 -1.418935e+02 -1.880600e+00
      vertex   3.362979e+01 -1.424324e+02 -1.852355e+00
      vertex   3.366386e+01 -1.426912e+02 -1.838791e+00
    endloop
  endfacet
  facet normal 7.690611e-15 -5.233596e-02 -9.986295e-01
    outer loop
      vertex   3.032979e+01 -1.418935e+02 -1.880600e+00
      vertex   3.366386e+01 -1.426912e+02 -1.838791e+00
      vertex   3.376376e+01 -1.429324e+02 -1.826151e+00
    endloop
  endfacet
  facet normal 8.799833e-15 -5.233596e-02 -9.986295e-01
    outer loop
      vertex   3.376376e+01 -1.429324e+02 -1.826151e+00
      vertex   3.392268e+01 -1.431395e+02 -1.815297e+00
      vertex   3.032979e+01 -1.418935e+02 -1.880600e+00
    endloop
  endfacet
  facet normal 1.379815e-14 -5.233596e-02 -9.986295e-01
    outer loop
      vertex   3.437097e+01 -1.433983e+02 -1.801733e+00
      vertex   3.462979e+01 -1.434324e+02 -1.799948e+00
      vertex   3.032979e+01 -1.509109e+02 -1.408014e+00
    endloop
  endfacet
  facet normal 7.804625e-15 -5.233596e-02 -9.986295e-01
    outer loop
      vertex   3.032979e+01 -1.509109e+02 -1.408014e+00
      vertex   3.462979e+01 -1.434324e+02 -1.799948e+00
      vertex   3.531362e+01 -1.434324e+02 -1.799948e+00
    endloop
  endfacet
  facet normal 1.004618e-14 -5.233596e-02 -9.986295e-01
    outer loop
      vertex   3.032979e+01 -1.509109e+02 -1.408014e+00
      vertex   3.531362e+01 -1.434324e+02 -1.799948e+00
      vertex   3.557244e+01 -1.433983e+02 -1.801733e+00
    endloop
  endfacet
  facet normal 3.345928e-15 -5.233596e-02 -9.986295e-01
    outer loop
      vertex   3.557244e+01 -1.433983e+02 -1.801733e+00
      vertex   3.581362e+01 -1.432984e+02 -1.806969e+00
      vertex   3.032979e+01 -1.509109e+02 -1.408014e+00
    endloop
  endfacet
  facet normal 9.392630e-15 -5.233596e-02 -9.986295e-01
    outer loop
      vertex   3.617964e+01 -1.429324e+02 -1.826151e+00
      vertex   3.627954e+01 -1.426912e+02 -1.838791e+00
      vertex   4.950297e+01 -1.509109e+02 -1.408014e+00
    endloop
  endfacet
  facet normal 6.707506e-15 -5.233596e-02 -9.986295e-01
    outer loop
      vertex   4.950297e+01 -1.509109e+02 -1.408014e+00
      vertex   3.627954e+01 -1.426912e+02 -1.838791e+00
      vertex   3.631362e+01 -1.424324e+02 -1.852355e+00
    endloop
  endfacet
  facet normal 8.352911e-15 -5.233596e-02 -9.986295e-01
    outer loop
      vertex   5.264205e+01 -3.048726e+01 -7.719151e+00
      vertex   3.531362e+01 -1.360324e+02 -2.187765e+00
      vertex   3.032979e+01 -3.048726e+01 -7.719151e+00
    endloop
  endfacet
  facet normal 7.864986e-15 -5.233596e-02 -9.986295e-01
    outer loop
      vertex   3.032979e+01 -3.048726e+01 -7.719151e+00
      vertex   3.531362e+01 -1.360324e+02 -2.187765e+00
      vertex   3.462979e+01 -1.360324e+02 -2.187765e+00
    endloop
  endfacet
  facet normal 8.267743e-15 -5.233596e-02 -9.986295e-01
    outer loop
      vertex   3.032979e+01 -3.048726e+01 -7.719151e+00
      vertex   3.462979e+01 -1.360324e+02 -2.187765e+00
      vertex   3.437097e+01 -1.360665e+02 -2.185979e+00
    endloop
  endfacet
  facet normal 8.401317e-15 -5.233596e-02 -9.986295e-01
    outer loop
      vertex   3.032979e+01 -3.048726e+01 -7.719151e+00
      vertex   3.437097e+01 -1.360665e+02 -2.185979e+00
      vertex   3.032979e+01 -1.374935e+02 -2.111194e+00
    endloop
  endfacet
  facet normal -6.748681e-15 -5.233596e-02 -9.986295e-01
    outer loop
      vertex   3.032979e+01 -1.374935e+02 -2.111194e+00
      vertex   3.437097e+01 -1.360665e+02 -2.185979e+00
      vertex   3.412979e+01 -1.361664e+02 -2.180744e+00
    endloop
  endfacet
  facet normal 1.284617e-14 -5.233596e-02 -9.986295e-01
    outer loop
      vertex   3.032979e+01 -1.374935e+02 -2.111194e+00
      vertex   3.412979e+01 -1.361664e+02 -2.180744e+00
      vertex   3.392268e+01 -1.363253e+02 -2.172415e+00
    endloop
  endfacet
  facet normal 8.012358e-15 -5.233596e-02 -9.986295e-01
    outer loop
      vertex   3.392268e+01 -1.363253e+02 -2.172415e+00
      vertex   3.376376e+01 -1.365324e+02 -2.161561e+00
      vertex   3.032979e+01 -1.374935e+02 -2.111194e+00
    endloop
  endfacet
  facet normal 7.343912e-15 -5.233596e-02 -9.986295e-01
    outer loop
      vertex   3.032979e+01 -1.374935e+02 -2.111194e+00
      vertex   3.376376e+01 -1.365324e+02 -2.161561e+00
      vertex   3.366386e+01 -1.367736e+02 -2.148921e+00
    endloop
  endfacet
  facet normal 7.988204e-15 -5.233596e-02 -9.986295e-01
    outer loop
      vertex   3.032979e+01 -1.374935e+02 -2.111194e+00
      vertex   3.366386e+01 -1.367736e+02 -2.148921e+00
      vertex   3.362979e+01 -1.370324e+02 -2.135357e+00
    endloop
  endfacet
  facet normal 8.111176e-15 -5.233596e-02 -9.986295e-01
    outer loop
      vertex   3.362979e+01 -1.370324e+02 -2.135357e+00
      vertex   3.362979e+01 -1.374935e+02 -2.111194e+00
      vertex   3.032979e+01 -1.374935e+02 -2.111194e+00
    endloop
  endfacet
  facet normal 8.219015e-15 -5.233596e-02 -9.986295e-01
    outer loop
      vertex   1.511022e+02 -1.684875e+01 -8.433915e+00
      vertex   1.503205e+02 -1.057895e+01 -8.762502e+00
      vertex   1.682500e+02 -2.641185e+01 -7.932734e+00
    endloop
  endfacet
  facet normal 1.742284e-01 -9.846820e-01 6.765702e-03
    outer loop
      vertex   3.095900e+01 -5.226388e+01 2.221124e+01
      vertex   3.179303e+01 -5.208316e+01 2.703636e+01
      vertex   3.084530e+01 -5.227976e+01 2.282941e+01
    endloop
  endfacet
  facet normal 1.742284e-01 -9.846820e-01 6.765702e-03
    outer loop
      vertex   3.084530e+01 -5.227976e+01 2.282941e+01
      vertex   3.179303e+01 -5.208316e+01 2.703636e+01
      vertex   3.157911e+01 -5.212075e+01 2.707474e+01
    endloop
  endfacet
  facet normal 9.699071e-01 -1.702782e-01 1.740274e-01
    outer loop
      vertex   3.084534e+01 -5.286810e+01 2.225352e+01
      vertex   3.095900e+01 -5.226388e+01 2.221124e+01
      vertex   3.084530e+01 -5.227976e+01 2.282941e+01
    endloop
  endfacet
  facet normal -1.702105e-01 -3.688244e-02 -9.847173e-01
    outer loop
      vertex   3.179303e+01 -5.208316e+01 2.703636e+01
      vertex   3.167937e+01 -5.268737e+01 2.707863e+01
      vertex   3.157911e+01 -5.212075e+01 2.707474e+01
    endloop
  endfacet
  facet normal 9.698831e-01 1.704142e-01 -1.740283e-01
    outer loop
      vertex   3.084534e+01 -5.286810e+01 2.225352e+01
      vertex   3.084530e+01 -5.227976e+01 2.282941e+01
      vertex   3.167937e+01 -5.268737e+01 2.707863e+01
    endloop
  endfacet
  facet normal 9.698831e-01 1.704142e-01 -1.740283e-01
    outer loop
      vertex   3.167937e+01 -5.268737e+01 2.707863e+01
      vertex   3.084530e+01 -5.227976e+01 2.282941e+01
      vertex   3.157911e+01 -5.212075e+01 2.707474e+01
    endloop
  endfacet
  facet normal -9.679935e-01 1.932960e-01 1.600789e-01
    outer loop
      vertex   3.095900e+01 -5.226388e+01 2.221124e+01
      vertex   3.084534e+01 -5.286810e+01 2.225352e+01
      vertex   3.179303e+01 -5.208316e+01 2.703636e+01
    endloop
  endfacet
  facet normal -9.679935e-01 1.932960e-01 1.600789e-01
    outer loop
      vertex   3.179303e+01 -5.208316e+01 2.703636e+01
      vertex   3.084534e+01 -5.286810e+01 2.225352e+01
      vertex   3.167937e+01 -5.268737e+01 2.707863e+01
    endloop
  endfacet
endsolid
