solid ASCII
  facet normal 7.402598e-01 -6.706843e-01 4.688270e-02
    outer loop
      vertex   8.017526e+00 -2.646780e+01 1.516933e+01
      vertex   8.017526e+00 -2.807660e+01 -7.845489e+00
      vertex   8.596922e+00 -2.661051e+01 3.979323e+00
    endloop
  endfacet
  facet normal 7.288398e-01 -6.829314e-01 4.896072e-02
    outer loop
      vertex   8.596922e+00 -2.661051e+01 3.979323e+00
      vertex   8.017526e+00 -2.807660e+01 -7.845489e+00
      vertex   8.608317e+00 -2.744845e+01 -7.878408e+00
    endloop
  endfacet
  facet normal 8.327959e-01 -5.521463e-01 3.981849e-02
    outer loop
      vertex   8.596922e+00 -2.661051e+01 3.979323e+00
      vertex   8.608317e+00 -2.744845e+01 -7.878408e+00
      vertex   9.072997e+00 -2.589605e+01 3.929351e+00
    endloop
  endfacet
  facet normal 8.238172e-01 -5.653047e-01 4.190181e-02
    outer loop
      vertex   9.072997e+00 -2.589605e+01 3.929351e+00
      vertex   8.608317e+00 -2.744845e+01 -7.878408e+00
      vertex   9.098332e+00 -2.673712e+01 -7.915688e+00
    endloop
  endfacet
  facet normal 9.045145e-01 -4.252308e-01 3.212840e-02
    outer loop
      vertex   9.072997e+00 -2.589605e+01 3.929351e+00
      vertex   9.098332e+00 -2.673712e+01 -7.915688e+00
      vertex   9.439007e+00 -2.512160e+01 3.875186e+00
    endloop
  endfacet
  facet normal 8.998597e-01 -4.348844e-01 3.358557e-02
    outer loop
      vertex   9.439007e+00 -2.512160e+01 3.875186e+00
      vertex   9.098332e+00 -2.673712e+01 -7.915688e+00
      vertex   9.474319e+00 -2.596226e+01 -7.956296e+00
    endloop
  endfacet
  facet normal 9.556356e-01 -2.935953e-01 2.371303e-02
    outer loop
      vertex   9.439007e+00 -2.512160e+01 3.875186e+00
      vertex   9.474319e+00 -2.596226e+01 -7.956296e+00
      vertex   9.691476e+00 -2.430445e+01 3.818038e+00
    endloop
  endfacet
  facet normal 9.552925e-01 -2.946970e-01 2.387446e-02
    outer loop
      vertex   9.691476e+00 -2.430445e+01 3.818038e+00
      vertex   9.474319e+00 -2.596226e+01 -7.956296e+00
      vertex   9.729611e+00 -2.513820e+01 -7.999483e+00
    endloop
  endfacet
  facet normal 9.889368e-01 -1.477113e-01 1.361279e-02
    outer loop
      vertex   9.691476e+00 -2.430445e+01 3.818038e+00
      vertex   9.729611e+00 -2.513820e+01 -7.999483e+00
      vertex   9.857607e+00 -2.428538e+01 -8.044178e+00
    endloop
  endfacet
  facet normal 9.876114e-01 -1.563310e-01 1.358037e-02
    outer loop
      vertex   9.691476e+00 -2.430445e+01 3.818038e+00
      vertex   9.857607e+00 -2.428538e+01 -8.044178e+00
      vertex   9.826806e+00 -2.345467e+01 3.758612e+00
    endloop
  endfacet
  facet normal 9.999940e-01 2.455341e-03 2.436829e-03
    outer loop
      vertex   9.826806e+00 -2.345467e+01 3.758612e+00
      vertex   9.857607e+00 -2.428538e+01 -8.044178e+00
      vertex   9.855603e+00 -2.342425e+01 -8.089308e+00
    endloop
  endfacet
  facet normal 9.999192e-01 -1.248511e-02 2.398295e-03
    outer loop
      vertex   9.826806e+00 -2.345467e+01 3.758612e+00
      vertex   9.855603e+00 -2.342425e+01 -8.089308e+00
      vertex   9.837651e+00 -2.259765e+01 3.698684e+00
    endloop
  endfacet
  facet normal 9.882380e-01 1.526468e-01 -9.198918e-03
    outer loop
      vertex   9.837651e+00 -2.259765e+01 3.698684e+00
      vertex   9.855603e+00 -2.342425e+01 -8.089308e+00
      vertex   9.723388e+00 -2.257098e+01 -8.134025e+00
    endloop
  endfacet
  facet normal 9.903738e-01 1.381091e-01 -9.252305e-03
    outer loop
      vertex   9.837651e+00 -2.259765e+01 3.698684e+00
      vertex   9.723388e+00 -2.257098e+01 -8.134025e+00
      vertex   9.718527e+00 -2.174741e+01 3.639232e+00
    endloop
  endfacet
  facet normal 9.556187e-01 2.939153e-01 -2.016581e-02
    outer loop
      vertex   9.718527e+00 -2.174741e+01 3.639232e+00
      vertex   9.723388e+00 -2.257098e+01 -8.134025e+00
      vertex   9.465687e+00 -2.092926e+01 3.582028e+00
    endloop
  endfacet
  facet normal 9.556188e-01 2.938852e-01 -2.059631e-02
    outer loop
      vertex   9.718527e+00 -2.174741e+01 3.639232e+00
      vertex   9.465687e+00 -2.092926e+01 3.582028e+00
      vertex   9.466865e+00 -2.012102e+01 1.516933e+01
    endloop
  endfacet
  facet normal 8.982125e-01 4.384897e-01 -3.067695e-02
    outer loop
      vertex   9.466865e+00 -2.012102e+01 1.516933e+01
      vertex   9.465687e+00 -2.092926e+01 3.582028e+00
      vertex   9.087983e+00 -1.934491e+01 1.516933e+01
    endloop
  endfacet
  facet normal 8.959761e-01 4.429933e-01 -3.136564e-02
    outer loop
      vertex   9.087983e+00 -1.934491e+01 1.516933e+01
      vertex   9.465687e+00 -2.092926e+01 3.582028e+00
      vertex   9.082774e+00 -2.015862e+01 3.528150e+00
    endloop
  endfacet
  facet normal 8.217465e-01 5.684405e-01 -4.010104e-02
    outer loop
      vertex   9.087983e+00 -1.934491e+01 1.516933e+01
      vertex   9.082774e+00 -2.015862e+01 3.528150e+00
      vertex   8.596317e+00 -1.863415e+01 1.516933e+01
    endloop
  endfacet
  facet normal 8.176982e-01 5.741836e-01 -4.102229e-02
    outer loop
      vertex   8.596317e+00 -1.863415e+01 1.516933e+01
      vertex   9.082774e+00 -2.015862e+01 3.528150e+00
      vertex   8.586376e+00 -1.945521e+01 3.478976e+00
    endloop
  endfacet
  facet normal 7.263294e-01 6.856143e-01 -4.877079e-02
    outer loop
      vertex   8.596317e+00 -1.863415e+01 1.516933e+01
      vertex   8.586376e+00 -1.945521e+01 3.478976e+00
      vertex   8.002366e+00 -1.800493e+01 1.516933e+01
    endloop
  endfacet
  facet normal 7.239352e-01 6.881114e-01 -4.920018e-02
    outer loop
      vertex   8.002366e+00 -1.800493e+01 1.516933e+01
      vertex   8.586376e+00 -1.945521e+01 3.478976e+00
      vertex   7.992053e+00 -1.883305e+01 3.435486e+00
    endloop
  endfacet
  facet normal 6.142515e-01 7.871143e-01 -5.609098e-02
    outer loop
      vertex   8.002366e+00 -1.800493e+01 1.516933e+01
      vertex   7.992053e+00 -1.883305e+01 3.435486e+00
      vertex   7.321862e+00 -1.747387e+01 1.516933e+01
    endloop
  endfacet
  facet normal 6.159122e-01 7.858328e-01 -5.584769e-02
    outer loop
      vertex   7.321862e+00 -1.747387e+01 1.516933e+01
      vertex   7.992053e+00 -1.883305e+01 3.435486e+00
      vertex   7.313152e+00 -1.830358e+01 3.398479e+00
    endloop
  endfacet
  facet normal 4.879759e-01 8.706713e-01 -6.173313e-02
    outer loop
      vertex   7.321862e+00 -1.747387e+01 1.516933e+01
      vertex   7.313152e+00 -1.830358e+01 3.398479e+00
      vertex   6.566903e+00 -1.705075e+01 1.516933e+01
    endloop
  endfacet
  facet normal 4.931749e-01 8.677821e-01 -6.109600e-02
    outer loop
      vertex   6.566903e+00 -1.705075e+01 1.516933e+01
      vertex   7.313152e+00 -1.830358e+01 3.398479e+00
      vertex   6.562713e+00 -1.787918e+01 3.368822e+00
    endloop
  endfacet
  facet normal 3.503353e-01 9.343161e-01 -6.571616e-02
    outer loop
      vertex   6.566903e+00 -1.705075e+01 1.516933e+01
      vertex   6.562713e+00 -1.787918e+01 3.368822e+00
      vertex   5.758112e+00 -1.674748e+01 1.516933e+01
    endloop
  endfacet
  facet normal 3.547812e-01 9.326693e-01 -6.525510e-02
    outer loop
      vertex   5.758112e+00 -1.674748e+01 1.516933e+01
      vertex   6.562713e+00 -1.787918e+01 3.368822e+00
      vertex   5.756085e+00 -1.757384e+01 3.347492e+00
    endloop
  endfacet
  facet normal 2.046884e-01 9.764421e-01 -6.828912e-02
    outer loop
      vertex   5.758112e+00 -1.674748e+01 1.516933e+01
      vertex   5.756085e+00 -1.757384e+01 3.347492e+00
      vertex   4.912801e+00 -1.657028e+01 1.516933e+01
    endloop
  endfacet
  facet normal 1.989662e-01 9.775887e-01 -6.879463e-02
    outer loop
      vertex   4.912801e+00 -1.657028e+01 1.516933e+01
      vertex   5.756085e+00 -1.757384e+01 3.347492e+00
      vertex   4.909849e+00 -1.740245e+01 3.335529e+00
    endloop
  endfacet
  facet normal 5.411281e-02 9.960741e-01 -7.005841e-02
    outer loop
      vertex   4.912801e+00 -1.657028e+01 1.516933e+01
      vertex   4.909849e+00 -1.740245e+01 3.335529e+00
      vertex   4.048630e+00 -1.652333e+01 1.516933e+01
    endloop
  endfacet
  facet normal 3.561015e-02 9.968076e-01 -7.145945e-02
    outer loop
      vertex   4.048630e+00 -1.652333e+01 1.516933e+01
      vertex   4.909849e+00 -1.740245e+01 3.335529e+00
      vertex   4.048851e+00 -1.737184e+01 3.333411e+00
    endloop
  endfacet
  facet normal -1.184767e-01 9.904149e-01 -7.100405e-02
    outer loop
      vertex   4.048630e+00 -1.652333e+01 1.516933e+01
      vertex   4.048851e+00 -1.737184e+01 3.333411e+00
      vertex   3.201021e+00 -1.747275e+01 3.340490e+00
    endloop
  endfacet
  facet normal -1.184766e-01 9.906604e-01 -6.749284e-02
    outer loop
      vertex   3.201021e+00 -1.747275e+01 3.340490e+00
      vertex   4.048851e+00 -1.737184e+01 3.333411e+00
      vertex   4.047270e+00 -1.816901e+01 -8.364723e+00
    endloop
  endfacet
  facet normal -9.789357e-02 9.929964e-01 -6.614371e-02
    outer loop
      vertex   3.201021e+00 -1.747275e+01 3.340490e+00
      vertex   4.047270e+00 -1.816901e+01 -8.364723e+00
      vertex   3.187280e+00 -1.825350e+01 -8.360295e+00
    endloop
  endfacet
  facet normal 9.539062e-01 2.993715e-01 -2.096803e-02
    outer loop
      vertex   9.723388e+00 -2.257098e+01 -8.134025e+00
      vertex   9.464609e+00 -2.174944e+01 -8.177081e+00
      vertex   9.465687e+00 -2.092926e+01 3.582028e+00
    endloop
  endfacet
  facet normal 8.959761e-01 4.430202e-01 -3.098195e-02
    outer loop
      vertex   9.465687e+00 -2.092926e+01 3.582028e+00
      vertex   9.464609e+00 -2.174944e+01 -8.177081e+00
      vertex   9.082774e+00 -2.015862e+01 3.528150e+00
    endloop
  endfacet
  facet normal 8.978294e-01 4.392918e-01 -3.041478e-02
    outer loop
      vertex   9.464609e+00 -2.174944e+01 -8.177081e+00
      vertex   9.084532e+00 -2.097544e+01 -8.217644e+00
      vertex   9.082774e+00 -2.015862e+01 3.528150e+00
    endloop
  endfacet
  facet normal 8.176985e-01 5.742683e-01 -3.981328e-02
    outer loop
      vertex   9.082774e+00 -2.015862e+01 3.528150e+00
      vertex   9.084532e+00 -2.097544e+01 -8.217644e+00
      vertex   8.586376e+00 -1.945521e+01 3.478976e+00
    endloop
  endfacet
  facet normal 8.211458e-01 5.693822e-01 -3.903140e-02
    outer loop
      vertex   9.084532e+00 -2.097544e+01 -8.217644e+00
      vertex   8.591464e+00 -2.026690e+01 -8.254778e+00
      vertex   8.586376e+00 -1.945521e+01 3.478976e+00
    endloop
  endfacet
  facet normal 7.239353e-01 6.882447e-01 -4.729596e-02
    outer loop
      vertex   8.586376e+00 -1.945521e+01 3.478976e+00
      vertex   8.591464e+00 -2.026690e+01 -8.254778e+00
      vertex   7.992053e+00 -1.883305e+01 3.435486e+00
    endloop
  endfacet
  facet normal 7.256848e-01 6.864214e-01 -4.698262e-02
    outer loop
      vertex   8.591464e+00 -2.026690e+01 -8.254778e+00
      vertex   7.998332e+00 -1.964208e+01 -8.287523e+00
      vertex   7.992053e+00 -1.883305e+01 3.435486e+00
    endloop
  endfacet
  facet normal 6.159121e-01 7.859681e-01 -5.391133e-02
    outer loop
      vertex   7.992053e+00 -1.883305e+01 3.435486e+00
      vertex   7.998332e+00 -1.964208e+01 -8.287523e+00
      vertex   7.313152e+00 -1.830358e+01 3.398479e+00
    endloop
  endfacet
  facet normal 6.135165e-01 7.878153e-01 -5.426338e-02
    outer loop
      vertex   7.998332e+00 -1.964208e+01 -8.287523e+00
      vertex   7.315741e+00 -1.911242e+01 -8.315281e+00
      vertex   7.313152e+00 -1.830358e+01 3.398479e+00
    endloop
  endfacet
  facet normal 4.931748e-01 8.678712e-01 -5.981786e-02
    outer loop
      vertex   7.313152e+00 -1.830358e+01 3.398479e+00
      vertex   7.315741e+00 -1.911242e+01 -8.315281e+00
      vertex   6.562713e+00 -1.787918e+01 3.368822e+00
    endloop
  endfacet
  facet normal 4.871710e-01 8.712045e-01 -6.055663e-02
    outer loop
      vertex   7.315741e+00 -1.911242e+01 -8.315281e+00
      vertex   6.562444e+00 -1.869271e+01 -8.337277e+00
      vertex   6.562713e+00 -1.787918e+01 3.368822e+00
    endloop
  endfacet
  facet normal 3.547812e-01 9.326992e-01 -6.482724e-02
    outer loop
      vertex   6.562713e+00 -1.787918e+01 3.368822e+00
      vertex   6.562444e+00 -1.869271e+01 -8.337277e+00
      vertex   5.756085e+00 -1.757384e+01 3.347492e+00
    endloop
  endfacet
  facet normal 3.497159e-01 9.345733e-01 -6.535625e-02
    outer loop
      vertex   6.562444e+00 -1.869271e+01 -8.337277e+00
      vertex   5.754181e+00 -1.839136e+01 -8.353070e+00
      vertex   5.756085e+00 -1.757384e+01 3.347492e+00
    endloop
  endfacet
  facet normal 1.989662e-01 9.776207e-01 -6.833946e-02
    outer loop
      vertex   5.756085e+00 -1.757384e+01 3.347492e+00
      vertex   5.754181e+00 -1.839136e+01 -8.353070e+00
      vertex   4.909849e+00 -1.740245e+01 3.335529e+00
    endloop
  endfacet
  facet normal 2.040333e-01 9.766072e-01 -6.788770e-02
    outer loop
      vertex   5.754181e+00 -1.839136e+01 -8.353070e+00
      vertex   4.908076e+00 -1.821524e+01 -8.362301e+00
      vertex   4.909849e+00 -1.740245e+01 3.335529e+00
    endloop
  endfacet
  facet normal 3.561026e-02 9.969617e-01 -6.927644e-02
    outer loop
      vertex   4.909849e+00 -1.740245e+01 3.335529e+00
      vertex   4.908076e+00 -1.821524e+01 -8.362301e+00
      vertex   4.048851e+00 -1.737184e+01 3.333411e+00
    endloop
  endfacet
  facet normal 5.368823e-02 9.962468e-01 -6.789679e-02
    outer loop
      vertex   4.908076e+00 -1.821524e+01 -8.362301e+00
      vertex   4.047270e+00 -1.816901e+01 -8.364723e+00
      vertex   4.048851e+00 -1.737184e+01 3.333411e+00
    endloop
  endfacet
  facet normal -2.618465e-01 9.629886e-01 -6.394887e-02
    outer loop
      vertex   3.201021e+00 -1.747275e+01 3.340490e+00
      vertex   3.187280e+00 -1.825350e+01 -8.360295e+00
      vertex   2.368715e+00 -1.769802e+01 3.356264e+00
    endloop
  endfacet
  facet normal -2.472936e-01 9.668827e-01 -6.311676e-02
    outer loop
      vertex   2.368715e+00 -1.769802e+01 3.356264e+00
      vertex   3.187280e+00 -1.825350e+01 -8.360295e+00
      vertex   2.351154e+00 -1.846662e+01 -8.349126e+00
    endloop
  endfacet
  facet normal -3.908153e-01 9.185293e-01 -5.972644e-02
    outer loop
      vertex   2.368715e+00 -1.769802e+01 3.356264e+00
      vertex   2.351154e+00 -1.846662e+01 -8.349126e+00
      vertex   1.557305e+00 -1.880324e+01 -8.331485e+00
    endloop
  endfacet
  facet normal -3.949642e-01 9.167824e-01 -5.927322e-02
    outer loop
      vertex   2.368715e+00 -1.769802e+01 3.356264e+00
      vertex   1.557305e+00 -1.880324e+01 -8.331485e+00
      vertex   1.582754e+00 -1.803510e+01 3.379855e+00
    endloop
  endfacet
  facet normal -5.254363e-01 8.490825e-01 -5.454928e-02
    outer loop
      vertex   1.582754e+00 -1.803510e+01 3.379855e+00
      vertex   1.557305e+00 -1.880324e+01 -8.331485e+00
      vertex   8.217742e-01 -1.925688e+01 -8.307710e+00
    endloop
  endfacet
  facet normal -5.185638e-01 8.532403e-01 -5.543139e-02
    outer loop
      vertex   1.582754e+00 -1.803510e+01 3.379855e+00
      vertex   8.217742e-01 -1.925688e+01 -8.307710e+00
      vertex   8.506147e-01 -1.847805e+01 3.410848e+00
    endloop
  endfacet
  facet normal -6.478976e-01 7.601545e-01 -4.892647e-02
    outer loop
      vertex   8.506147e-01 -1.847805e+01 3.410848e+00
      vertex   8.217742e-01 -1.925688e+01 -8.307710e+00
      vertex   1.650643e-01 -1.981473e+01 -8.278475e+00
    endloop
  endfacet
  facet normal -6.341670e-01 7.715103e-01 -5.103027e-02
    outer loop
      vertex   8.506147e-01 -1.847805e+01 3.410848e+00
      vertex   1.650643e-01 -1.981473e+01 -8.278475e+00
      vertex   1.877633e-01 -1.902039e+01 3.448790e+00
    endloop
  endfacet
  facet normal -7.553878e-01 6.538769e-01 -4.282782e-02
    outer loop
      vertex   1.877633e-01 -1.902039e+01 3.448790e+00
      vertex   1.650643e-01 -1.981473e+01 -8.278475e+00
      vertex   -4.009212e-01 -2.046634e+01 -8.244325e+00
    endloop
  endfacet
  facet normal -7.413074e-01 6.696227e-01 -4.548379e-02
    outer loop
      vertex   1.877633e-01 -1.902039e+01 3.448790e+00
      vertex   -4.009212e-01 -2.046634e+01 -8.244325e+00
      vertex   -3.887604e-01 -1.965561e+01 3.493224e+00
    endloop
  endfacet
  facet normal -8.456028e-01 5.326033e-01 -3.591160e-02
    outer loop
      vertex   -3.887604e-01 -1.965561e+01 3.493224e+00
      vertex   -4.009212e-01 -2.046634e+01 -8.244325e+00
      vertex   -8.618133e-01 -2.119551e+01 -8.206111e+00
    endloop
  endfacet
  facet normal -8.372804e-01 5.454558e-01 -3.793980e-02
    outer loop
      vertex   -3.887604e-01 -1.965561e+01 3.493224e+00
      vertex   -8.618133e-01 -2.119551e+01 -8.206111e+00
      vertex   -8.600045e-01 -2.037547e+01 3.543574e+00
    endloop
  endfacet
  facet normal -9.163716e-01 3.993670e-01 -2.773173e-02
    outer loop
      vertex   -8.600045e-01 -2.037547e+01 3.543574e+00
      vertex   -8.618133e-01 -2.119551e+01 -8.206111e+00
      vertex   -1.206975e+00 -2.198464e+01 -8.164755e+00
    endloop
  endfacet
  facet normal -9.163776e-01 3.993533e-01 -2.772967e-02
    outer loop
      vertex   -8.600045e-01 -2.037547e+01 3.543574e+00
      vertex   -1.206975e+00 -2.198464e+01 -8.164755e+00
      vertex   -1.205181e+00 -2.116371e+01 3.598702e+00
    endloop
  endfacet
  facet normal -9.698144e-01 2.432629e-01 -1.682855e-02
    outer loop
      vertex   -1.205181e+00 -2.116371e+01 3.598702e+00
      vertex   -1.206975e+00 -2.198464e+01 -8.164755e+00
      vertex   -1.414207e+00 -2.199302e+01 3.656698e+00
    endloop
  endfacet
  facet normal -9.698144e-01 2.432398e-01 -1.715944e-02
    outer loop
      vertex   -1.205181e+00 -2.116371e+01 3.598702e+00
      vertex   -1.414207e+00 -2.199302e+01 3.656698e+00
      vertex   -1.207072e+00 -2.035499e+01 1.516933e+01
    endloop
  endfacet
  facet normal -9.662446e-01 2.569124e-01 -1.916902e-02
    outer loop
      vertex   -1.207072e+00 -2.035499e+01 1.516933e+01
      vertex   -1.414207e+00 -2.199302e+01 3.656698e+00
      vertex   -1.428962e+00 -2.118952e+01 1.516933e+01
    endloop
  endfacet
  facet normal -9.958812e-01 9.035055e-02 -7.582190e-03
    outer loop
      vertex   -1.428962e+00 -2.118952e+01 1.516933e+01
      vertex   -1.414207e+00 -2.199302e+01 3.656698e+00
      vertex   -1.491602e+00 -2.284113e+01 3.716006e+00
    endloop
  endfacet
  facet normal -9.940019e-01 1.088801e-01 -1.026449e-02
    outer loop
      vertex   -1.428962e+00 -2.118952e+01 1.516933e+01
      vertex   -1.491602e+00 -2.284113e+01 3.716006e+00
      vertex   -1.523238e+00 -2.205019e+01 1.516933e+01
    endloop
  endfacet
  facet normal -9.983687e-01 -5.708367e-02 1.184460e-03
    outer loop
      vertex   -1.523238e+00 -2.205019e+01 1.516933e+01
      vertex   -1.491602e+00 -2.284113e+01 3.716006e+00
      vertex   -1.442176e+00 -2.370433e+01 3.776366e+00
    endloop
  endfacet
  facet normal -9.991329e-01 -4.162047e-02 -1.066072e-03
    outer loop
      vertex   -1.523238e+00 -2.205019e+01 1.516933e+01
      vertex   -1.442176e+00 -2.370433e+01 3.776366e+00
      vertex   -1.487290e+00 -2.291313e+01 1.516933e+01
    endloop
  endfacet
  facet normal -9.815321e-01 -1.910673e-01 9.382099e-03
    outer loop
      vertex   -1.487290e+00 -2.291313e+01 1.516933e+01
      vertex   -1.442176e+00 -2.370433e+01 3.776366e+00
      vertex   -1.322125e+00 -2.376161e+01 1.516933e+01
    endloop
  endfacet
  facet normal -9.801891e-01 -1.978440e-01 9.333877e-03
    outer loop
      vertex   -1.322125e+00 -2.376161e+01 1.516933e+01
      vertex   -1.442176e+00 -2.370433e+01 3.776366e+00
      vertex   -1.272611e+00 -2.454165e+01 3.834912e+00
    endloop
  endfacet
  facet normal -9.415311e-01 -3.363879e-01 1.903746e-02
    outer loop
      vertex   -1.322125e+00 -2.376161e+01 1.516933e+01
      vertex   -1.272611e+00 -2.454165e+01 3.834912e+00
      vertex   -1.030933e+00 -2.457664e+01 1.516933e+01
    endloop
  endfacet
  facet normal -9.432059e-01 -3.316599e-01 1.908777e-02
    outer loop
      vertex   -1.030933e+00 -2.457664e+01 1.516933e+01
      vertex   -1.272611e+00 -2.454165e+01 3.834912e+00
      vertex   -9.882544e-01 -2.534709e+01 3.891227e+00
    endloop
  endfacet
  facet normal -8.800019e-01 -4.740805e-01 2.905627e-02
    outer loop
      vertex   -1.030933e+00 -2.457664e+01 1.516933e+01
      vertex   -9.882544e-01 -2.534709e+01 3.891227e+00
      vertex   -6.211692e-01 -2.533725e+01 1.516933e+01
    endloop
  endfacet
  facet normal -8.870706e-01 -4.607046e-01 2.927468e-02
    outer loop
      vertex   -6.211692e-01 -2.533725e+01 1.516933e+01
      vertex   -9.882544e-01 -2.534709e+01 3.891227e+00
      vertex   -5.924089e-01 -2.610591e+01 3.944278e+00
    endloop
  endfacet
  facet normal -7.982484e-01 -6.010571e-01 3.911312e-02
    outer loop
      vertex   -6.211692e-01 -2.533725e+01 1.516933e+01
      vertex   -5.924089e-01 -2.610591e+01 3.944278e+00
      vertex   -1.003347e-01 -2.602896e+01 1.516933e+01
    endloop
  endfacet
  facet normal -8.098616e-01 -5.852886e-01 3.951411e-02
    outer loop
      vertex   -1.003347e-01 -2.602896e+01 1.516933e+01
      vertex   -5.924089e-01 -2.610591e+01 3.944278e+00
      vertex   -8.809540e-02 -2.680044e+01 3.992832e+00
    endloop
  endfacet
  facet normal -6.981097e-01 -7.143433e-01 4.854480e-02
    outer loop
      vertex   -1.003347e-01 -2.602896e+01 1.516933e+01
      vertex   -8.809540e-02 -2.680044e+01 3.992832e+00
      vertex   5.175256e-01 -2.663278e+01 1.516933e+01
    endloop
  endfacet
  facet normal -7.111571e-01 -7.013195e-01 4.905643e-02
    outer loop
      vertex   5.175256e-01 -2.663278e+01 1.516933e+01
      vertex   -8.809540e-02 -2.680044e+01 3.992832e+00
      vertex   5.175256e-01 -2.824203e+01 -7.836819e+00
    endloop
  endfacet
  facet normal -6.979416e-01 -7.143137e-01 5.131649e-02
    outer loop
      vertex   5.175256e-01 -2.824203e+01 -7.836819e+00
      vertex   -8.809540e-02 -2.680044e+01 3.992832e+00
      vertex   -1.003166e-01 -2.764061e+01 -7.868338e+00
    endloop
  endfacet
  facet normal -7.979374e-01 -6.011753e-01 4.340553e-02
    outer loop
      vertex   -1.003166e-01 -2.764061e+01 -7.868338e+00
      vertex   -8.809540e-02 -2.680044e+01 3.992832e+00
      vertex   -6.202055e-01 -2.695317e+01 -7.904365e+00
    endloop
  endfacet
  facet normal -8.098592e-01 -5.849921e-01 4.373100e-02
    outer loop
      vertex   -6.202055e-01 -2.695317e+01 -7.904365e+00
      vertex   -8.809540e-02 -2.680044e+01 3.992832e+00
      vertex   -5.924089e-01 -2.610591e+01 3.944278e+00
    endloop
  endfacet
  facet normal -8.797088e-01 -4.741505e-01 3.596891e-02
    outer loop
      vertex   -6.202055e-01 -2.695317e+01 -7.904365e+00
      vertex   -5.924089e-01 -2.610591e+01 3.944278e+00
      vertex   -1.031186e+00 -2.619368e+01 -7.944168e+00
    endloop
  endfacet
  facet normal -8.870675e-01 -4.602232e-01 3.613767e-02
    outer loop
      vertex   -1.031186e+00 -2.619368e+01 -7.944168e+00
      vertex   -5.924089e-01 -2.610591e+01 3.944278e+00
      vertex   -9.882544e-01 -2.534709e+01 3.891227e+00
    endloop
  endfacet
  facet normal -9.413154e-01 -3.364080e-01 2.747792e-02
    outer loop
      vertex   -1.031186e+00 -2.619368e+01 -7.944168e+00
      vertex   -9.882544e-01 -2.534709e+01 3.891227e+00
      vertex   -1.322088e+00 -2.538317e+01 -7.986645e+00
    endloop
  endfacet
  facet normal -9.432048e-01 -3.310703e-01 2.751481e-02
    outer loop
      vertex   -1.322088e+00 -2.538317e+01 -7.986645e+00
      vertex   -9.882544e-01 -2.534709e+01 3.891227e+00
      vertex   -1.272611e+00 -2.454165e+01 3.834912e+00
    endloop
  endfacet
  facet normal -9.814076e-01 -1.911160e-01 1.771207e-02
    outer loop
      vertex   -1.322088e+00 -2.538317e+01 -7.986645e+00
      vertex   -1.272611e+00 -2.454165e+01 3.834912e+00
      vertex   -1.487796e+00 -2.453635e+01 -8.031025e+00
    endloop
  endfacet
  facet normal -9.801916e-01 -1.972604e-01 1.768727e-02
    outer loop
      vertex   -1.487796e+00 -2.453635e+01 -8.031025e+00
      vertex   -1.272611e+00 -2.454165e+01 3.834912e+00
      vertex   -1.442176e+00 -2.370433e+01 3.776366e+00
    endloop
  endfacet
  facet normal -9.991183e-01 -4.143262e-02 6.779875e-03
    outer loop
      vertex   -1.487796e+00 -2.453635e+01 -8.031025e+00
      vertex   -1.442176e+00 -2.370433e+01 3.776366e+00
      vertex   -1.523822e+00 -2.367500e+01 -8.076167e+00
    endloop
  endfacet
  facet normal -9.983688e-01 -5.669542e-02 6.736941e-03
    outer loop
      vertex   -1.523822e+00 -2.367500e+01 -8.076167e+00
      vertex   -1.442176e+00 -2.370433e+01 3.776366e+00
      vertex   -1.491602e+00 -2.284113e+01 3.716006e+00
    endloop
  endfacet
  facet normal -9.940285e-01 1.090069e-01 -4.992395e-03
    outer loop
      vertex   -1.523822e+00 -2.367500e+01 -8.076167e+00
      vertex   -1.491602e+00 -2.284113e+01 3.716006e+00
      vertex   -1.429716e+00 -2.281891e+01 -8.121032e+00
    endloop
  endfacet
  facet normal -9.958811e-01 9.052855e-02 -5.036757e-03
    outer loop
      vertex   -1.429716e+00 -2.281891e+01 -8.121032e+00
      vertex   -1.491602e+00 -2.284113e+01 3.716006e+00
      vertex   -1.414207e+00 -2.199302e+01 3.656698e+00
    endloop
  endfacet
  facet normal -9.662405e-01 2.570962e-01 -1.675609e-02
    outer loop
      vertex   -1.429716e+00 -2.281891e+01 -8.121032e+00
      vertex   -1.414207e+00 -2.199302e+01 3.656698e+00
      vertex   -1.206975e+00 -2.198464e+01 -8.164755e+00
    endloop
  endfacet
  facet normal -9.163777e-01 3.993302e-01 -2.806047e-02
    outer loop
      vertex   -1.205181e+00 -2.116371e+01 3.598702e+00
      vertex   -1.207072e+00 -2.035499e+01 1.516933e+01
      vertex   -8.600045e-01 -2.037547e+01 3.543574e+00
    endloop
  endfacet
  facet normal -9.164891e-01 3.990742e-01 -2.806334e-02
    outer loop
      vertex   -8.600045e-01 -2.037547e+01 3.543574e+00
      vertex   -1.207072e+00 -2.035499e+01 1.516933e+01
      vertex   -8.618267e-01 -1.956212e+01 1.516933e+01
    endloop
  endfacet
  facet normal -8.372804e-01 5.454313e-01 -3.829025e-02
    outer loop
      vertex   -8.600045e-01 -2.037547e+01 3.543574e+00
      vertex   -8.618267e-01 -1.956212e+01 1.516933e+01
      vertex   -3.887604e-01 -1.965561e+01 3.493224e+00
    endloop
  endfacet
  facet normal -8.456728e-01 5.323094e-01 -3.852521e-02
    outer loop
      vertex   -3.887604e-01 -1.965561e+01 3.493224e+00
      vertex   -8.618267e-01 -1.956212e+01 1.516933e+01
      vertex   -4.010938e-01 -1.883016e+01 1.516933e+01
    endloop
  endfacet
  facet normal -7.413075e-01 6.694391e-01 -4.810943e-02
    outer loop
      vertex   -3.887604e-01 -1.965561e+01 3.493224e+00
      vertex   -4.010938e-01 -1.883016e+01 1.516933e+01
      vertex   1.877633e-01 -1.902039e+01 3.448790e+00
    endloop
  endfacet
  facet normal -7.555049e-01 6.533407e-01 -4.856145e-02
    outer loop
      vertex   1.877633e-01 -1.902039e+01 3.448790e+00
      vertex   -4.010938e-01 -1.883016e+01 1.516933e+01
      vertex   1.636503e-01 -1.817711e+01 1.516933e+01
    endloop
  endfacet
  facet normal -6.479653e-01 7.596095e-01 -5.598612e-02
    outer loop
      vertex   1.877633e-01 -1.902039e+01 3.448790e+00
      vertex   1.636503e-01 -1.817711e+01 1.516933e+01
      vertex   8.222582e-01 -1.761530e+01 1.516933e+01
    endloop
  endfacet
  facet normal -5.253864e-01 8.484457e-01 -6.410195e-02
    outer loop
      vertex   1.556420e+00 -1.716068e+01 1.516933e+01
      vertex   1.582754e+00 -1.803510e+01 3.379855e+00
      vertex   8.222582e-01 -1.761530e+01 1.516933e+01
    endloop
  endfacet
  facet normal -5.185640e-01 8.526543e-01 -6.381173e-02
    outer loop
      vertex   8.222582e-01 -1.761530e+01 1.516933e+01
      vertex   1.582754e+00 -1.803510e+01 3.379855e+00
      vertex   8.506147e-01 -1.847805e+01 3.410848e+00
    endloop
  endfacet
  facet normal -6.341643e-01 7.710123e-01 -5.810025e-02
    outer loop
      vertex   8.222582e-01 -1.761530e+01 1.516933e+01
      vertex   8.506147e-01 -1.847805e+01 3.410848e+00
      vertex   1.877633e-01 -1.902039e+01 3.448790e+00
    endloop
  endfacet
  facet normal -3.908304e-01 9.178766e-01 -6.895102e-02
    outer loop
      vertex   1.556420e+00 -1.716068e+01 1.516933e+01
      vertex   2.351491e+00 -1.682214e+01 1.516933e+01
      vertex   1.582754e+00 -1.803510e+01 3.379855e+00
    endloop
  endfacet
  facet normal -3.949651e-01 9.161386e-01 -6.850261e-02
    outer loop
      vertex   1.582754e+00 -1.803510e+01 3.379855e+00
      vertex   2.351491e+00 -1.682214e+01 1.516933e+01
      vertex   2.368715e+00 -1.769802e+01 3.356264e+00
    endloop
  endfacet
  facet normal -2.470689e-01 9.663187e-01 -7.200755e-02
    outer loop
      vertex   2.351491e+00 -1.682214e+01 1.516933e+01
      vertex   3.189662e+00 -1.660784e+01 1.516933e+01
      vertex   2.368715e+00 -1.769802e+01 3.356264e+00
    endloop
  endfacet
  facet normal -2.618467e-01 9.625215e-01 -7.063014e-02
    outer loop
      vertex   2.368715e+00 -1.769802e+01 3.356264e+00
      vertex   3.189662e+00 -1.660784e+01 1.516933e+01
      vertex   3.201021e+00 -1.747275e+01 3.340490e+00
    endloop
  endfacet
  facet normal -9.764656e-02 9.925645e-01 -7.266919e-02
    outer loop
      vertex   3.189662e+00 -1.660784e+01 1.516933e+01
      vertex   4.048630e+00 -1.652333e+01 1.516933e+01
      vertex   3.201021e+00 -1.747275e+01 3.340490e+00
    endloop
  endfacet
  facet normal 9.541730e-01 2.984982e-01 -2.127854e-02
    outer loop
      vertex   9.466865e+00 -2.012102e+01 1.516933e+01
      vertex   9.725360e+00 -2.094732e+01 1.516933e+01
      vertex   9.718527e+00 -2.174741e+01 3.639232e+00
    endloop
  endfacet
  facet normal 9.903738e-01 1.380452e-01 -1.016599e-02
    outer loop
      vertex   9.718527e+00 -2.174741e+01 3.639232e+00
      vertex   9.725360e+00 -2.094732e+01 1.516933e+01
      vertex   9.837651e+00 -2.259765e+01 3.698684e+00
    endloop
  endfacet
  facet normal 9.883380e-01 1.517897e-01 -1.216339e-02
    outer loop
      vertex   9.725360e+00 -2.094732e+01 1.516933e+01
      vertex   9.856441e+00 -2.180082e+01 1.516933e+01
      vertex   9.837651e+00 -2.259765e+01 3.698684e+00
    endloop
  endfacet
  facet normal 9.999190e-01 -1.270563e-02 -7.553525e-04
    outer loop
      vertex   9.837651e+00 -2.259765e+01 3.698684e+00
      vertex   9.856441e+00 -2.180082e+01 1.516933e+01
      vertex   9.826806e+00 -2.345467e+01 3.758612e+00
    endloop
  endfacet
  facet normal 9.999944e-01 1.751959e-03 -2.851002e-03
    outer loop
      vertex   9.856441e+00 -2.180082e+01 1.516933e+01
      vertex   9.857956e+00 -2.266569e+01 1.516933e+01
      vertex   9.826806e+00 -2.345467e+01 3.758612e+00
    endloop
  endfacet
  facet normal 9.876109e-01 -1.567115e-01 8.139481e-03
    outer loop
      vertex   9.826806e+00 -2.345467e+01 3.758612e+00
      vertex   9.857956e+00 -2.266569e+01 1.516933e+01
      vertex   9.691476e+00 -2.430445e+01 3.818038e+00
    endloop
  endfacet
  facet normal 9.888940e-01 -1.484608e-01 6.929546e-03
    outer loop
      vertex   9.857956e+00 -2.266569e+01 1.516933e+01
      vertex   9.729548e+00 -2.352101e+01 1.516933e+01
      vertex   9.691476e+00 -2.430445e+01 3.818038e+00
    endloop
  endfacet
  facet normal 9.552760e-01 -2.952167e-01 1.717095e-02
    outer loop
      vertex   9.691476e+00 -2.430445e+01 3.818038e+00
      vertex   9.729548e+00 -2.352101e+01 1.516933e+01
      vertex   9.474594e+00 -2.434601e+01 1.516933e+01
    endloop
  endfacet
  facet normal 9.556350e-01 -2.940519e-01 1.718207e-02
    outer loop
      vertex   9.691476e+00 -2.430445e+01 3.818038e+00
      vertex   9.474594e+00 -2.434601e+01 1.516933e+01
      vertex   9.439007e+00 -2.512160e+01 3.875186e+00
    endloop
  endfacet
  facet normal 8.998287e-01 -4.354031e-01 2.706483e-02
    outer loop
      vertex   9.439007e+00 -2.512160e+01 3.875186e+00
      vertex   9.474594e+00 -2.434601e+01 1.516933e+01
      vertex   9.097499e+00 -2.512533e+01 1.516933e+01
    endloop
  endfacet
  facet normal 9.045142e-01 -4.255746e-01 2.720976e-02
    outer loop
      vertex   9.439007e+00 -2.512160e+01 3.875186e+00
      vertex   9.097499e+00 -2.512533e+01 1.516933e+01
      vertex   9.072997e+00 -2.589605e+01 3.929351e+00
    endloop
  endfacet
  facet normal 8.237474e-01 -5.657486e-01 3.699749e-02
    outer loop
      vertex   9.072997e+00 -2.589605e+01 3.929351e+00
      vertex   9.097499e+00 -2.512533e+01 1.516933e+01
      vertex   8.608559e+00 -2.583724e+01 1.516933e+01
    endloop
  endfacet
  facet normal 8.327958e-01 -5.523222e-01 3.730112e-02
    outer loop
      vertex   9.072997e+00 -2.589605e+01 3.929351e+00
      vertex   8.608559e+00 -2.583724e+01 1.516933e+01
      vertex   8.596922e+00 -2.661051e+01 3.979323e+00
    endloop
  endfacet
  facet normal 7.288135e-01 -6.831350e-01 4.644882e-02
    outer loop
      vertex   8.596922e+00 -2.661051e+01 3.979323e+00
      vertex   8.608559e+00 -2.583724e+01 1.516933e+01
      vertex   8.017526e+00 -2.646780e+01 1.516933e+01
    endloop
  endfacet
  facet normal 4.736952e-16 2.184451e-13 1.000000e+00
    outer loop
      vertex   5.175256e-01 -3.048726e+01 1.516933e+01
      vertex   8.017526e+00 -3.048726e+01 1.516933e+01
      vertex   5.175256e-01 -2.663278e+01 1.516933e+01
    endloop
  endfacet
  facet normal 2.141338e-13 6.341819e-13 1.000000e+00
    outer loop
      vertex   5.175256e-01 -2.663278e+01 1.516933e+01
      vertex   8.017526e+00 -3.048726e+01 1.516933e+01
      vertex   8.017526e+00 -2.646780e+01 1.516933e+01
    endloop
  endfacet
  facet normal 2.529358e-13 -1.129744e-12 1.000000e+00
    outer loop
      vertex   5.175256e-01 -2.663278e+01 1.516933e+01
      vertex   8.017526e+00 -2.646780e+01 1.516933e+01
      vertex   -1.003347e-01 -2.602896e+01 1.516933e+01
    endloop
  endfacet
  facet normal 9.057803e-14 -4.133126e-12 1.000000e+00
    outer loop
      vertex   -1.003347e-01 -2.602896e+01 1.516933e+01
      vertex   8.017526e+00 -2.646780e+01 1.516933e+01
      vertex   8.608559e+00 -2.583724e+01 1.516933e+01
    endloop
  endfacet
  facet normal -6.793463e-16 1.232886e-14 1.000000e+00
    outer loop
      vertex   -1.003347e-01 -2.602896e+01 1.516933e+01
      vertex   8.608559e+00 -2.583724e+01 1.516933e+01
      vertex   -6.211692e-01 -2.533725e+01 1.516933e+01
    endloop
  endfacet
  facet normal -1.298897e-15 8.920807e-16 1.000000e+00
    outer loop
      vertex   -6.211692e-01 -2.533725e+01 1.516933e+01
      vertex   8.608559e+00 -2.583724e+01 1.516933e+01
      vertex   9.097499e+00 -2.512533e+01 1.516933e+01
    endloop
  endfacet
  facet normal -1.516257e-15 1.086026e-14 1.000000e+00
    outer loop
      vertex   -6.211692e-01 -2.533725e+01 1.516933e+01
      vertex   9.097499e+00 -2.512533e+01 1.516933e+01
      vertex   -1.030933e+00 -2.457664e+01 1.516933e+01
    endloop
  endfacet
  facet normal -2.291493e-15 -3.449900e-15 1.000000e+00
    outer loop
      vertex   -1.030933e+00 -2.457664e+01 1.516933e+01
      vertex   9.097499e+00 -2.512533e+01 1.516933e+01
      vertex   9.474594e+00 -2.434601e+01 1.516933e+01
    endloop
  endfacet
  facet normal -2.538707e-15 7.810976e-15 1.000000e+00
    outer loop
      vertex   -1.030933e+00 -2.457664e+01 1.516933e+01
      vertex   9.474594e+00 -2.434601e+01 1.516933e+01
      vertex   -1.322125e+00 -2.376161e+01 1.516933e+01
    endloop
  endfacet
  facet normal -3.142028e-15 -3.335357e-15 1.000000e+00
    outer loop
      vertex   -1.322125e+00 -2.376161e+01 1.516933e+01
      vertex   9.474594e+00 -2.434601e+01 1.516933e+01
      vertex   9.729548e+00 -2.352101e+01 1.516933e+01
    endloop
  endfacet
  facet normal -3.064919e-15 -6.877401e-15 1.000000e+00
    outer loop
      vertex   -1.322125e+00 -2.376161e+01 1.516933e+01
      vertex   9.729548e+00 -2.352101e+01 1.516933e+01
      vertex   -1.487290e+00 -2.291313e+01 1.516933e+01
    endloop
  endfacet
  facet normal -3.033726e-15 -6.301827e-15 1.000000e+00
    outer loop
      vertex   -1.487290e+00 -2.291313e+01 1.516933e+01
      vertex   9.729548e+00 -2.352101e+01 1.516933e+01
      vertex   -1.523238e+00 -2.205019e+01 1.516933e+01
    endloop
  endfacet
  facet normal -2.178835e-15 2.386633e-16 1.000000e+00
    outer loop
      vertex   -1.523238e+00 -2.205019e+01 1.516933e+01
      vertex   9.729548e+00 -2.352101e+01 1.516933e+01
      vertex   -1.428962e+00 -2.118952e+01 1.516933e+01
    endloop
  endfacet
  facet normal -4.639469e-15 -1.153791e-14 1.000000e+00
    outer loop
      vertex   -1.428962e+00 -2.118952e+01 1.516933e+01
      vertex   9.729548e+00 -2.352101e+01 1.516933e+01
      vertex   -1.207072e+00 -2.035499e+01 1.516933e+01
    endloop
  endfacet
  facet normal -1.153926e-15 5.024630e-16 1.000000e+00
    outer loop
      vertex   -1.207072e+00 -2.035499e+01 1.516933e+01
      vertex   9.729548e+00 -2.352101e+01 1.516933e+01
      vertex   -8.618267e-01 -1.956212e+01 1.516933e+01
    endloop
  endfacet
  facet normal -1.086183e-15 6.836985e-16 1.000000e+00
    outer loop
      vertex   -8.618267e-01 -1.956212e+01 1.516933e+01
      vertex   9.729548e+00 -2.352101e+01 1.516933e+01
      vertex   -4.010938e-01 -1.883016e+01 1.516933e+01
    endloop
  endfacet
  facet normal 1.696431e-15 6.693197e-15 1.000000e+00
    outer loop
      vertex   -4.010938e-01 -1.883016e+01 1.516933e+01
      vertex   9.729548e+00 -2.352101e+01 1.516933e+01
      vertex   1.636503e-01 -1.817711e+01 1.516933e+01
    endloop
  endfacet
  facet normal -4.436349e-15 -4.284833e-15 1.000000e+00
    outer loop
      vertex   1.636503e-01 -1.817711e+01 1.516933e+01
      vertex   9.729548e+00 -2.352101e+01 1.516933e+01
      vertex   8.222582e-01 -1.761530e+01 1.516933e+01
    endloop
  endfacet
  facet normal -7.704692e-16 1.244229e-15 1.000000e+00
    outer loop
      vertex   8.222582e-01 -1.761530e+01 1.516933e+01
      vertex   9.729548e+00 -2.352101e+01 1.516933e+01
      vertex   1.556420e+00 -1.716068e+01 1.516933e+01
    endloop
  endfacet
  facet normal -3.503057e-15 -2.267190e-15 1.000000e+00
    outer loop
      vertex   1.556420e+00 -1.716068e+01 1.516933e+01
      vertex   9.729548e+00 -2.352101e+01 1.516933e+01
      vertex   2.351491e+00 -1.682214e+01 1.516933e+01
    endloop
  endfacet
  facet normal -3.174123e-16 1.241441e-15 1.000000e+00
    outer loop
      vertex   2.351491e+00 -1.682214e+01 1.516933e+01
      vertex   9.729548e+00 -2.352101e+01 1.516933e+01
      vertex   3.189662e+00 -1.660784e+01 1.516933e+01
    endloop
  endfacet
  facet normal 3.645121e-15 4.990010e-15 1.000000e+00
    outer loop
      vertex   3.189662e+00 -1.660784e+01 1.516933e+01
      vertex   9.729548e+00 -2.352101e+01 1.516933e+01
      vertex   4.048630e+00 -1.652333e+01 1.516933e+01
    endloop
  endfacet
  facet normal -2.034986e-15 3.787352e-16 1.000000e+00
    outer loop
      vertex   4.048630e+00 -1.652333e+01 1.516933e+01
      vertex   9.729548e+00 -2.352101e+01 1.516933e+01
      vertex   4.912801e+00 -1.657028e+01 1.516933e+01
    endloop
  endfacet
  facet normal -2.019830e-15 3.892375e-16 1.000000e+00
    outer loop
      vertex   4.912801e+00 -1.657028e+01 1.516933e+01
      vertex   9.729548e+00 -2.352101e+01 1.516933e+01
      vertex   5.758112e+00 -1.674748e+01 1.516933e+01
    endloop
  endfacet
  facet normal 3.571503e-15 3.667531e-15 1.000000e+00
    outer loop
      vertex   5.758112e+00 -1.674748e+01 1.516933e+01
      vertex   9.729548e+00 -2.352101e+01 1.516933e+01
      vertex   6.566903e+00 -1.705075e+01 1.516933e+01
    endloop
  endfacet
  facet normal -1.472009e-14 -5.273342e-15 1.000000e+00
    outer loop
      vertex   6.566903e+00 -1.705075e+01 1.516933e+01
      vertex   9.729548e+00 -2.352101e+01 1.516933e+01
      vertex   7.321862e+00 -1.747387e+01 1.516933e+01
    endloop
  endfacet
  facet normal -3.121884e-15 -6.554841e-16 1.000000e+00
    outer loop
      vertex   7.321862e+00 -1.747387e+01 1.516933e+01
      vertex   9.729548e+00 -2.352101e+01 1.516933e+01
      vertex   8.002366e+00 -1.800493e+01 1.516933e+01
    endloop
  endfacet
  facet normal 5.104923e-16 4.818762e-16 1.000000e+00
    outer loop
      vertex   8.002366e+00 -1.800493e+01 1.516933e+01
      vertex   9.729548e+00 -2.352101e+01 1.516933e+01
      vertex   8.596317e+00 -1.863415e+01 1.516933e+01
    endloop
  endfacet
  facet normal -1.551407e-14 -3.234116e-15 1.000000e+00
    outer loop
      vertex   8.596317e+00 -1.863415e+01 1.516933e+01
      vertex   9.729548e+00 -2.352101e+01 1.516933e+01
      vertex   9.087983e+00 -1.934491e+01 1.516933e+01
    endloop
  endfacet
  facet normal -9.384234e-15 -2.292403e-15 1.000000e+00
    outer loop
      vertex   9.087983e+00 -1.934491e+01 1.516933e+01
      vertex   9.729548e+00 -2.352101e+01 1.516933e+01
      vertex   9.466865e+00 -2.012102e+01 1.516933e+01
    endloop
  endfacet
  facet normal 2.472238e-15 -1.376372e-15 1.000000e+00
    outer loop
      vertex   9.466865e+00 -2.012102e+01 1.516933e+01
      vertex   9.729548e+00 -2.352101e+01 1.516933e+01
      vertex   9.725360e+00 -2.094732e+01 1.516933e+01
    endloop
  endfacet
  facet normal -2.278106e-14 -1.417468e-15 1.000000e+00
    outer loop
      vertex   9.725360e+00 -2.094732e+01 1.516933e+01
      vertex   9.729548e+00 -2.352101e+01 1.516933e+01
      vertex   9.856441e+00 -2.180082e+01 1.516933e+01
    endloop
  endfacet
  facet normal -4.102238e-14 -7.186993e-17 1.000000e+00
    outer loop
      vertex   9.856441e+00 -2.180082e+01 1.516933e+01
      vertex   9.729548e+00 -2.352101e+01 1.516933e+01
      vertex   9.857956e+00 -2.266569e+01 1.516933e+01
    endloop
  endfacet
  facet normal 1.000000e+00 8.289001e-12 -5.846727e-13
    outer loop
      vertex   8.017526e+00 -2.646780e+01 1.516933e+01
      vertex   8.017526e+00 -3.048726e+01 1.516933e+01
      vertex   8.017526e+00 -2.807660e+01 -7.845489e+00
    endloop
  endfacet
  facet normal 1.000000e+00 1.387092e-11 4.450616e-27
    outer loop
      vertex   8.017526e+00 -2.807660e+01 -7.845489e+00
      vertex   8.017526e+00 -3.048726e+01 1.516933e+01
      vertex   8.017526e+00 -3.048726e+01 -7.719151e+00
    endloop
  endfacet
  facet normal -1.000000e+00 2.627505e-12 -1.826036e-13
    outer loop
      vertex   5.175256e-01 -2.663278e+01 1.516933e+01
      vertex   5.175256e-01 -2.824203e+01 -7.836819e+00
      vertex   5.175256e-01 -3.048726e+01 1.516933e+01
    endloop
  endfacet
  facet normal -1.000000e+00 4.499975e-12 1.358161e-16
    outer loop
      vertex   5.175256e-01 -3.048726e+01 1.516933e+01
      vertex   5.175256e-01 -2.824203e+01 -7.836819e+00
      vertex   5.175256e-01 -3.048726e+01 -7.719151e+00
    endloop
  endfacet
  facet normal 7.040626e-01 -1.294124e-01 -6.982466e-01
    outer loop
      vertex   1.852711e+00 -2.284092e+01 6.900706e+00
      vertex   4.267526e+00 -2.335624e+01 9.431144e+00
      vertex   1.767526e+00 -2.348708e+01 6.934570e+00
    endloop
  endfacet
  facet normal 5.633903e-01 -4.685599e-01 -6.804726e-01
    outer loop
      vertex   2.499759e+00 -2.172173e+01 6.842052e+00
      vertex   4.267526e+00 -2.335624e+01 9.431144e+00
      vertex   2.102462e+00 -2.223879e+01 6.869150e+00
    endloop
  endfacet
  facet normal 2.717580e-01 -6.920305e-01 -6.687610e-01
    outer loop
      vertex   3.620478e+00 -2.107557e+01 6.808189e+00
      vertex   4.267526e+00 -2.335624e+01 9.431144e+00
      vertex   3.017526e+00 -2.132498e+01 6.821259e+00
    endloop
  endfacet
  facet normal -9.269160e-02 -7.399455e-01 -6.662499e-01
    outer loop
      vertex   4.914573e+00 -2.107557e+01 6.808189e+00
      vertex   4.267526e+00 -2.335624e+01 9.431144e+00
      vertex   4.267526e+00 -2.099050e+01 6.803730e+00
    endloop
  endfacet
  facet normal -4.323046e-01 -5.994660e-01 -6.736121e-01
    outer loop
      vertex   6.035293e+00 -2.172173e+01 6.842052e+00
      vertex   4.267526e+00 -2.335624e+01 9.431144e+00
      vertex   5.517526e+00 -2.132498e+01 6.821259e+00
    endloop
  endfacet
  facet normal -6.560819e-01 -3.082334e-01 -6.888750e-01
    outer loop
      vertex   6.682340e+00 -2.284092e+01 6.900706e+00
      vertex   4.267526e+00 -2.335624e+01 9.431144e+00
      vertex   6.432589e+00 -2.223879e+01 6.869150e+00
    endloop
  endfacet
  facet normal -7.040626e-01 5.571678e-02 -7.079488e-01
    outer loop
      vertex   6.682340e+00 -2.413324e+01 6.968434e+00
      vertex   4.267526e+00 -2.335624e+01 9.431144e+00
      vertex   6.767526e+00 -2.348708e+01 6.934570e+00
    endloop
  endfacet
  facet normal -5.633903e-01 3.948643e-01 -7.257228e-01
    outer loop
      vertex   6.035293e+00 -2.525242e+01 7.027088e+00
      vertex   4.267526e+00 -2.335624e+01 9.431144e+00
      vertex   6.432589e+00 -2.473537e+01 6.999990e+00
    endloop
  endfacet
  facet normal -2.717580e-01 6.183350e-01 -7.374344e-01
    outer loop
      vertex   4.914573e+00 -2.589858e+01 7.060952e+00
      vertex   4.267526e+00 -2.335624e+01 9.431144e+00
      vertex   5.517526e+00 -2.564918e+01 7.047881e+00
    endloop
  endfacet
  facet normal 9.269160e-02 6.662499e-01 -7.399455e-01
    outer loop
      vertex   3.620478e+00 -2.589858e+01 7.060952e+00
      vertex   4.267526e+00 -2.335624e+01 9.431144e+00
      vertex   4.267526e+00 -2.598365e+01 7.065410e+00
    endloop
  endfacet
  facet normal 4.323046e-01 5.257704e-01 -7.325833e-01
    outer loop
      vertex   2.499759e+00 -2.525242e+01 7.027088e+00
      vertex   4.267526e+00 -2.335624e+01 9.431144e+00
      vertex   3.017526e+00 -2.564918e+01 7.047881e+00
    endloop
  endfacet
  facet normal 6.560819e-01 2.345378e-01 -7.173204e-01
    outer loop
      vertex   1.852711e+00 -2.413324e+01 6.968434e+00
      vertex   4.267526e+00 -2.335624e+01 9.431144e+00
      vertex   2.102462e+00 -2.473537e+01 6.999990e+00
    endloop
  endfacet
  facet normal -7.040626e-01 -1.294124e-01 -6.982466e-01
    outer loop
      vertex   6.767526e+00 -2.348708e+01 6.934570e+00
      vertex   4.267526e+00 -2.335624e+01 9.431144e+00
      vertex   6.682340e+00 -2.284092e+01 6.900706e+00
    endloop
  endfacet
  facet normal 4.323046e-01 -5.994660e-01 -6.736121e-01
    outer loop
      vertex   3.017526e+00 -2.132498e+01 6.821259e+00
      vertex   4.267526e+00 -2.335624e+01 9.431144e+00
      vertex   2.499759e+00 -2.172173e+01 6.842052e+00
    endloop
  endfacet
  facet normal 2.717580e-01 6.183350e-01 -7.374344e-01
    outer loop
      vertex   3.017526e+00 -2.564918e+01 7.047881e+00
      vertex   4.267526e+00 -2.335624e+01 9.431144e+00
      vertex   3.620478e+00 -2.589858e+01 7.060952e+00
    endloop
  endfacet
  facet normal -5.633903e-01 -4.685599e-01 -6.804726e-01
    outer loop
      vertex   6.432589e+00 -2.223879e+01 6.869150e+00
      vertex   4.267526e+00 -2.335624e+01 9.431144e+00
      vertex   6.035293e+00 -2.172173e+01 6.842052e+00
    endloop
  endfacet
  facet normal -2.717580e-01 -6.920305e-01 -6.687610e-01
    outer loop
      vertex   5.517526e+00 -2.132498e+01 6.821259e+00
      vertex   4.267526e+00 -2.335624e+01 9.431144e+00
      vertex   4.914573e+00 -2.107557e+01 6.808189e+00
    endloop
  endfacet
  facet normal 9.269160e-02 -7.399455e-01 -6.662499e-01
    outer loop
      vertex   4.267526e+00 -2.099050e+01 6.803730e+00
      vertex   4.267526e+00 -2.335624e+01 9.431144e+00
      vertex   3.620478e+00 -2.107557e+01 6.808189e+00
    endloop
  endfacet
  facet normal 6.560819e-01 -3.082334e-01 -6.888750e-01
    outer loop
      vertex   2.102462e+00 -2.223879e+01 6.869150e+00
      vertex   4.267526e+00 -2.335624e+01 9.431144e+00
      vertex   1.852711e+00 -2.284092e+01 6.900706e+00
    endloop
  endfacet
  facet normal 7.040626e-01 5.571678e-02 -7.079488e-01
    outer loop
      vertex   1.767526e+00 -2.348708e+01 6.934570e+00
      vertex   4.267526e+00 -2.335624e+01 9.431144e+00
      vertex   1.852711e+00 -2.413324e+01 6.968434e+00
    endloop
  endfacet
  facet normal 5.633903e-01 3.948643e-01 -7.257228e-01
    outer loop
      vertex   2.102462e+00 -2.473537e+01 6.999990e+00
      vertex   4.267526e+00 -2.335624e+01 9.431144e+00
      vertex   2.499759e+00 -2.525242e+01 7.027088e+00
    endloop
  endfacet
  facet normal -9.269160e-02 6.662499e-01 -7.399455e-01
    outer loop
      vertex   4.267526e+00 -2.598365e+01 7.065410e+00
      vertex   4.267526e+00 -2.335624e+01 9.431144e+00
      vertex   4.914573e+00 -2.589858e+01 7.060952e+00
    endloop
  endfacet
  facet normal -4.323046e-01 5.257704e-01 -7.325833e-01
    outer loop
      vertex   5.517526e+00 -2.564918e+01 7.047881e+00
      vertex   4.267526e+00 -2.335624e+01 9.431144e+00
      vertex   6.035293e+00 -2.525242e+01 7.027088e+00
    endloop
  endfacet
  facet normal -6.560819e-01 2.345378e-01 -7.173204e-01
    outer loop
      vertex   6.432589e+00 -2.473537e+01 6.999990e+00
      vertex   4.267526e+00 -2.335624e+01 9.431144e+00
      vertex   6.682340e+00 -2.413324e+01 6.968434e+00
    endloop
  endfacet
  facet normal 9.914449e-01 1.303473e-01 -6.831213e-03
    outer loop
      vertex   1.852711e+00 -2.413324e+01 6.968434e+00
      vertex   1.852711e+00 -2.491828e+01 -8.011009e+00
      vertex   1.767526e+00 -2.348708e+01 6.934570e+00
    endloop
  endfacet
  facet normal 9.914449e-01 1.303473e-01 -6.831213e-03
    outer loop
      vertex   1.767526e+00 -2.348708e+01 6.934570e+00
      vertex   1.852711e+00 -2.491828e+01 -8.011009e+00
      vertex   1.767526e+00 -2.427212e+01 -8.044873e+00
    endloop
  endfacet
  facet normal 9.914449e-01 -1.303473e-01 6.831213e-03
    outer loop
      vertex   1.767526e+00 -2.348708e+01 6.934570e+00
      vertex   1.767526e+00 -2.427212e+01 -8.044873e+00
      vertex   1.852711e+00 -2.284092e+01 6.900706e+00
    endloop
  endfacet
  facet normal 9.914449e-01 -1.303473e-01 6.831213e-03
    outer loop
      vertex   1.852711e+00 -2.284092e+01 6.900706e+00
      vertex   1.767526e+00 -2.427212e+01 -8.044873e+00
      vertex   1.852711e+00 -2.362596e+01 -8.078737e+00
    endloop
  endfacet
  facet normal 9.238795e-01 -3.821590e-01 2.002810e-02
    outer loop
      vertex   1.852711e+00 -2.284092e+01 6.900706e+00
      vertex   1.852711e+00 -2.362596e+01 -8.078737e+00
      vertex   2.102462e+00 -2.223879e+01 6.869150e+00
    endloop
  endfacet
  facet normal 9.238795e-01 -3.821590e-01 2.002810e-02
    outer loop
      vertex   2.102462e+00 -2.223879e+01 6.869150e+00
      vertex   1.852711e+00 -2.362596e+01 -8.078737e+00
      vertex   2.102462e+00 -2.302383e+01 -8.110293e+00
    endloop
  endfacet
  facet normal 7.933533e-01 -6.079271e-01 3.186011e-02
    outer loop
      vertex   2.102462e+00 -2.223879e+01 6.869150e+00
      vertex   2.102462e+00 -2.302383e+01 -8.110293e+00
      vertex   2.499759e+00 -2.172173e+01 6.842052e+00
    endloop
  endfacet
  facet normal 7.933533e-01 -6.079271e-01 3.186011e-02
    outer loop
      vertex   2.499759e+00 -2.172173e+01 6.842052e+00
      vertex   2.102462e+00 -2.302383e+01 -8.110293e+00
      vertex   2.499759e+00 -2.250677e+01 -8.137391e+00
    endloop
  endfacet
  facet normal 6.087614e-01 -7.922661e-01 4.152091e-02
    outer loop
      vertex   2.499759e+00 -2.172173e+01 6.842052e+00
      vertex   2.499759e+00 -2.250677e+01 -8.137391e+00
      vertex   3.017526e+00 -2.132498e+01 6.821259e+00
    endloop
  endfacet
  facet normal 6.087614e-01 -7.922661e-01 4.152091e-02
    outer loop
      vertex   3.017526e+00 -2.132498e+01 6.821259e+00
      vertex   2.499759e+00 -2.250677e+01 -8.137391e+00
      vertex   3.017526e+00 -2.211002e+01 -8.158184e+00
    endloop
  endfacet
  facet normal 3.826834e-01 -9.226134e-01 4.835212e-02
    outer loop
      vertex   3.017526e+00 -2.132498e+01 6.821259e+00
      vertex   3.017526e+00 -2.211002e+01 -8.158184e+00
      vertex   3.620478e+00 -2.107557e+01 6.808189e+00
    endloop
  endfacet
  facet normal 3.826834e-01 -9.226134e-01 4.835212e-02
    outer loop
      vertex   3.620478e+00 -2.107557e+01 6.808189e+00
      vertex   3.017526e+00 -2.211002e+01 -8.158184e+00
      vertex   3.620478e+00 -2.186061e+01 -8.171255e+00
    endloop
  endfacet
  facet normal 1.305262e-01 -9.900861e-01 5.188821e-02
    outer loop
      vertex   3.620478e+00 -2.107557e+01 6.808189e+00
      vertex   3.620478e+00 -2.186061e+01 -8.171255e+00
      vertex   4.267526e+00 -2.099050e+01 6.803730e+00
    endloop
  endfacet
  facet normal 1.305262e-01 -9.900861e-01 5.188821e-02
    outer loop
      vertex   4.267526e+00 -2.099050e+01 6.803730e+00
      vertex   3.620478e+00 -2.186061e+01 -8.171255e+00
      vertex   4.267526e+00 -2.177554e+01 -8.175713e+00
    endloop
  endfacet
  facet normal -1.305262e-01 -9.900861e-01 5.188821e-02
    outer loop
      vertex   4.267526e+00 -2.099050e+01 6.803730e+00
      vertex   4.267526e+00 -2.177554e+01 -8.175713e+00
      vertex   4.914573e+00 -2.107557e+01 6.808189e+00
    endloop
  endfacet
  facet normal -1.305262e-01 -9.900861e-01 5.188821e-02
    outer loop
      vertex   4.914573e+00 -2.107557e+01 6.808189e+00
      vertex   4.267526e+00 -2.177554e+01 -8.175713e+00
      vertex   4.914573e+00 -2.186061e+01 -8.171255e+00
    endloop
  endfacet
  facet normal -3.826834e-01 -9.226134e-01 4.835212e-02
    outer loop
      vertex   4.914573e+00 -2.107557e+01 6.808189e+00
      vertex   4.914573e+00 -2.186061e+01 -8.171255e+00
      vertex   5.517526e+00 -2.132498e+01 6.821259e+00
    endloop
  endfacet
  facet normal -3.826834e-01 -9.226134e-01 4.835212e-02
    outer loop
      vertex   5.517526e+00 -2.132498e+01 6.821259e+00
      vertex   4.914573e+00 -2.186061e+01 -8.171255e+00
      vertex   5.517526e+00 -2.211002e+01 -8.158184e+00
    endloop
  endfacet
  facet normal -6.087614e-01 -7.922661e-01 4.152091e-02
    outer loop
      vertex   5.517526e+00 -2.132498e+01 6.821259e+00
      vertex   5.517526e+00 -2.211002e+01 -8.158184e+00
      vertex   6.035293e+00 -2.172173e+01 6.842052e+00
    endloop
  endfacet
  facet normal -6.087614e-01 -7.922661e-01 4.152091e-02
    outer loop
      vertex   6.035293e+00 -2.172173e+01 6.842052e+00
      vertex   5.517526e+00 -2.211002e+01 -8.158184e+00
      vertex   6.035293e+00 -2.250677e+01 -8.137391e+00
    endloop
  endfacet
  facet normal -7.933533e-01 -6.079271e-01 3.186011e-02
    outer loop
      vertex   6.035293e+00 -2.172173e+01 6.842052e+00
      vertex   6.035293e+00 -2.250677e+01 -8.137391e+00
      vertex   6.432589e+00 -2.223879e+01 6.869150e+00
    endloop
  endfacet
  facet normal -7.933533e-01 -6.079271e-01 3.186011e-02
    outer loop
      vertex   6.432589e+00 -2.223879e+01 6.869150e+00
      vertex   6.035293e+00 -2.250677e+01 -8.137391e+00
      vertex   6.432589e+00 -2.302383e+01 -8.110293e+00
    endloop
  endfacet
  facet normal -9.238795e-01 -3.821590e-01 2.002810e-02
    outer loop
      vertex   6.432589e+00 -2.223879e+01 6.869150e+00
      vertex   6.432589e+00 -2.302383e+01 -8.110293e+00
      vertex   6.682340e+00 -2.284092e+01 6.900706e+00
    endloop
  endfacet
  facet normal -9.238795e-01 -3.821590e-01 2.002810e-02
    outer loop
      vertex   6.682340e+00 -2.284092e+01 6.900706e+00
      vertex   6.432589e+00 -2.302383e+01 -8.110293e+00
      vertex   6.682340e+00 -2.362596e+01 -8.078737e+00
    endloop
  endfacet
  facet normal -9.914449e-01 -1.303473e-01 6.831213e-03
    outer loop
      vertex   6.682340e+00 -2.284092e+01 6.900706e+00
      vertex   6.682340e+00 -2.362596e+01 -8.078737e+00
      vertex   6.767526e+00 -2.348708e+01 6.934570e+00
    endloop
  endfacet
  facet normal -9.914449e-01 -1.303473e-01 6.831213e-03
    outer loop
      vertex   6.767526e+00 -2.348708e+01 6.934570e+00
      vertex   6.682340e+00 -2.362596e+01 -8.078737e+00
      vertex   6.767526e+00 -2.427212e+01 -8.044873e+00
    endloop
  endfacet
  facet normal -9.914449e-01 1.303473e-01 -6.831213e-03
    outer loop
      vertex   6.767526e+00 -2.348708e+01 6.934570e+00
      vertex   6.767526e+00 -2.427212e+01 -8.044873e+00
      vertex   6.682340e+00 -2.413324e+01 6.968434e+00
    endloop
  endfacet
  facet normal -9.914449e-01 1.303473e-01 -6.831213e-03
    outer loop
      vertex   6.682340e+00 -2.413324e+01 6.968434e+00
      vertex   6.767526e+00 -2.427212e+01 -8.044873e+00
      vertex   6.682340e+00 -2.491828e+01 -8.011009e+00
    endloop
  endfacet
  facet normal -9.238795e-01 3.821590e-01 -2.002810e-02
    outer loop
      vertex   6.682340e+00 -2.413324e+01 6.968434e+00
      vertex   6.682340e+00 -2.491828e+01 -8.011009e+00
      vertex   6.432589e+00 -2.473537e+01 6.999990e+00
    endloop
  endfacet
  facet normal -9.238795e-01 3.821590e-01 -2.002810e-02
    outer loop
      vertex   6.432589e+00 -2.473537e+01 6.999990e+00
      vertex   6.682340e+00 -2.491828e+01 -8.011009e+00
      vertex   6.432589e+00 -2.552040e+01 -7.979453e+00
    endloop
  endfacet
  facet normal -7.933533e-01 6.079271e-01 -3.186011e-02
    outer loop
      vertex   6.432589e+00 -2.473537e+01 6.999990e+00
      vertex   6.432589e+00 -2.552040e+01 -7.979453e+00
      vertex   6.035293e+00 -2.525242e+01 7.027088e+00
    endloop
  endfacet
  facet normal -7.933533e-01 6.079271e-01 -3.186011e-02
    outer loop
      vertex   6.035293e+00 -2.525242e+01 7.027088e+00
      vertex   6.432589e+00 -2.552040e+01 -7.979453e+00
      vertex   6.035293e+00 -2.603746e+01 -7.952355e+00
    endloop
  endfacet
  facet normal -6.087614e-01 7.922661e-01 -4.152091e-02
    outer loop
      vertex   6.035293e+00 -2.525242e+01 7.027088e+00
      vertex   6.035293e+00 -2.603746e+01 -7.952355e+00
      vertex   5.517526e+00 -2.564918e+01 7.047881e+00
    endloop
  endfacet
  facet normal -6.087614e-01 7.922661e-01 -4.152091e-02
    outer loop
      vertex   5.517526e+00 -2.564918e+01 7.047881e+00
      vertex   6.035293e+00 -2.603746e+01 -7.952355e+00
      vertex   5.517526e+00 -2.643421e+01 -7.931562e+00
    endloop
  endfacet
  facet normal -3.826834e-01 9.226134e-01 -4.835212e-02
    outer loop
      vertex   5.517526e+00 -2.564918e+01 7.047881e+00
      vertex   5.517526e+00 -2.643421e+01 -7.931562e+00
      vertex   4.914573e+00 -2.589858e+01 7.060952e+00
    endloop
  endfacet
  facet normal -3.826834e-01 9.226134e-01 -4.835212e-02
    outer loop
      vertex   4.914573e+00 -2.589858e+01 7.060952e+00
      vertex   5.517526e+00 -2.643421e+01 -7.931562e+00
      vertex   4.914573e+00 -2.668362e+01 -7.918491e+00
    endloop
  endfacet
  facet normal -1.305262e-01 9.900861e-01 -5.188821e-02
    outer loop
      vertex   4.914573e+00 -2.589858e+01 7.060952e+00
      vertex   4.914573e+00 -2.668362e+01 -7.918491e+00
      vertex   4.267526e+00 -2.598365e+01 7.065410e+00
    endloop
  endfacet
  facet normal -1.305262e-01 9.900861e-01 -5.188821e-02
    outer loop
      vertex   4.267526e+00 -2.598365e+01 7.065410e+00
      vertex   4.914573e+00 -2.668362e+01 -7.918491e+00
      vertex   4.267526e+00 -2.676869e+01 -7.914033e+00
    endloop
  endfacet
  facet normal 1.305262e-01 9.900861e-01 -5.188821e-02
    outer loop
      vertex   4.267526e+00 -2.598365e+01 7.065410e+00
      vertex   4.267526e+00 -2.676869e+01 -7.914033e+00
      vertex   3.620478e+00 -2.589858e+01 7.060952e+00
    endloop
  endfacet
  facet normal 1.305262e-01 9.900861e-01 -5.188821e-02
    outer loop
      vertex   3.620478e+00 -2.589858e+01 7.060952e+00
      vertex   4.267526e+00 -2.676869e+01 -7.914033e+00
      vertex   3.620478e+00 -2.668362e+01 -7.918491e+00
    endloop
  endfacet
  facet normal 3.826834e-01 9.226134e-01 -4.835212e-02
    outer loop
      vertex   3.620478e+00 -2.589858e+01 7.060952e+00
      vertex   3.620478e+00 -2.668362e+01 -7.918491e+00
      vertex   3.017526e+00 -2.564918e+01 7.047881e+00
    endloop
  endfacet
  facet normal 3.826834e-01 9.226134e-01 -4.835212e-02
    outer loop
      vertex   3.017526e+00 -2.564918e+01 7.047881e+00
      vertex   3.620478e+00 -2.668362e+01 -7.918491e+00
      vertex   3.017526e+00 -2.643421e+01 -7.931562e+00
    endloop
  endfacet
  facet normal 6.087614e-01 7.922661e-01 -4.152091e-02
    outer loop
      vertex   3.017526e+00 -2.564918e+01 7.047881e+00
      vertex   3.017526e+00 -2.643421e+01 -7.931562e+00
      vertex   2.499759e+00 -2.525242e+01 7.027088e+00
    endloop
  endfacet
  facet normal 6.087614e-01 7.922661e-01 -4.152091e-02
    outer loop
      vertex   2.499759e+00 -2.525242e+01 7.027088e+00
      vertex   3.017526e+00 -2.643421e+01 -7.931562e+00
      vertex   2.499759e+00 -2.603746e+01 -7.952355e+00
    endloop
  endfacet
  facet normal 7.933533e-01 6.079271e-01 -3.186011e-02
    outer loop
      vertex   2.499759e+00 -2.525242e+01 7.027088e+00
      vertex   2.499759e+00 -2.603746e+01 -7.952355e+00
      vertex   2.102462e+00 -2.473537e+01 6.999990e+00
    endloop
  endfacet
  facet normal 7.933533e-01 6.079271e-01 -3.186011e-02
    outer loop
      vertex   2.102462e+00 -2.473537e+01 6.999990e+00
      vertex   2.499759e+00 -2.603746e+01 -7.952355e+00
      vertex   2.102462e+00 -2.552040e+01 -7.979453e+00
    endloop
  endfacet
  facet normal 9.238795e-01 3.821590e-01 -2.002810e-02
    outer loop
      vertex   2.102462e+00 -2.473537e+01 6.999990e+00
      vertex   2.102462e+00 -2.552040e+01 -7.979453e+00
      vertex   1.852711e+00 -2.413324e+01 6.968434e+00
    endloop
  endfacet
  facet normal 9.238795e-01 3.821590e-01 -2.002810e-02
    outer loop
      vertex   1.852711e+00 -2.413324e+01 6.968434e+00
      vertex   2.102462e+00 -2.552040e+01 -7.979453e+00
      vertex   1.852711e+00 -2.491828e+01 -8.011009e+00
    endloop
  endfacet
  facet normal 6.485559e-01 -7.611670e-01 4.990530e-15
    outer loop
      vertex   -7.168483e+01 -1.982856e+01 8.664160e+00
      vertex   -7.168483e+01 -1.982856e+01 -8.277750e+00
      vertex   -7.089737e+01 -1.915761e+01 8.664160e+00
    endloop
  endfacet
  facet normal 6.485559e-01 -7.611670e-01 4.755884e-15
    outer loop
      vertex   -7.089737e+01 -1.915761e+01 8.664160e+00
      vertex   -7.168483e+01 -1.982856e+01 -8.277750e+00
      vertex   -7.089737e+01 -1.915761e+01 -8.312913e+00
    endloop
  endfacet
  facet normal 8.149437e-01 -5.795402e-01 5.502772e-15
    outer loop
      vertex   -7.089737e+01 -1.915761e+01 8.664160e+00
      vertex   -7.089737e+01 -1.915761e+01 -8.312913e+00
      vertex   -7.029781e+01 -1.831451e+01 8.664160e+00
    endloop
  endfacet
  facet normal 8.149437e-01 -5.795402e-01 5.609451e-15
    outer loop
      vertex   -7.029781e+01 -1.831451e+01 8.664160e+00
      vertex   -7.089737e+01 -1.915761e+01 -8.312913e+00
      vertex   -7.029781e+01 -1.831451e+01 -8.357098e+00
    endloop
  endfacet
  facet normal 9.318862e-01 -3.627508e-01 5.976147e-15
    outer loop
      vertex   -7.029781e+01 -1.831451e+01 8.664160e+00
      vertex   -7.029781e+01 -1.831451e+01 -8.357098e+00
      vertex   -6.992253e+01 -1.735044e+01 8.664160e+00
    endloop
  endfacet
  facet normal 9.318862e-01 -3.627508e-01 7.585388e-15
    outer loop
      vertex   -6.992253e+01 -1.735044e+01 8.664160e+00
      vertex   -7.029781e+01 -1.831451e+01 -8.357098e+00
      vertex   -6.992253e+01 -1.735044e+01 -8.407623e+00
    endloop
  endfacet
  facet normal 9.922882e-01 -1.239521e-01 7.640345e-15
    outer loop
      vertex   -6.992253e+01 -1.735044e+01 8.664160e+00
      vertex   -6.992253e+01 -1.735044e+01 -8.407623e+00
      vertex   -6.979430e+01 -1.632388e+01 8.664160e+00
    endloop
  endfacet
  facet normal 9.922882e-01 -1.239521e-01 6.741511e-15
    outer loop
      vertex   -6.979430e+01 -1.632388e+01 8.664160e+00
      vertex   -6.992253e+01 -1.735044e+01 -8.407623e+00
      vertex   -6.979430e+01 -1.632388e+01 -8.461423e+00
    endloop
  endfacet
  facet normal 9.924849e-01 1.223671e-01 6.436222e-15
    outer loop
      vertex   -6.979430e+01 -1.632388e+01 8.664160e+00
      vertex   -6.979430e+01 -1.632388e+01 -8.461423e+00
      vertex   -6.992089e+01 -1.529711e+01 8.664160e+00
    endloop
  endfacet
  facet normal 9.924849e-01 1.223671e-01 7.199091e-15
    outer loop
      vertex   -6.992089e+01 -1.529711e+01 8.664160e+00
      vertex   -6.979430e+01 -1.632388e+01 -8.461423e+00
      vertex   -6.992089e+01 -1.529711e+01 -8.515233e+00
    endloop
  endfacet
  facet normal 9.324644e-01 3.612619e-01 6.381721e-15
    outer loop
      vertex   -6.992089e+01 -1.529711e+01 8.664160e+00
      vertex   -6.992089e+01 -1.529711e+01 -8.515233e+00
      vertex   -7.029463e+01 -1.433244e+01 8.664160e+00
    endloop
  endfacet
  facet normal 9.324644e-01 3.612619e-01 6.437486e-15
    outer loop
      vertex   -7.029463e+01 -1.433244e+01 8.664160e+00
      vertex   -6.992089e+01 -1.529711e+01 -8.515233e+00
      vertex   -7.029463e+01 -1.433244e+01 -8.565789e+00
    endloop
  endfacet
  facet normal 8.158683e-01 5.782378e-01 5.281190e-15
    outer loop
      vertex   -7.029463e+01 -1.433244e+01 8.664160e+00
      vertex   -7.029463e+01 -1.433244e+01 -8.565789e+00
      vertex   -7.089284e+01 -1.348839e+01 8.664160e+00
    endloop
  endfacet
  facet normal 8.158683e-01 5.782378e-01 5.446052e-15
    outer loop
      vertex   -7.089284e+01 -1.348839e+01 8.664160e+00
      vertex   -7.029463e+01 -1.433244e+01 -8.565789e+00
      vertex   -7.089284e+01 -1.348839e+01 -8.610024e+00
    endloop
  endfacet
  facet normal 6.497709e-01 7.601301e-01 4.029225e-15
    outer loop
      vertex   -7.089284e+01 -1.348839e+01 8.664160e+00
      vertex   -7.089284e+01 -1.348839e+01 -8.610024e+00
      vertex   -7.167923e+01 -1.281617e+01 8.664160e+00
    endloop
  endfacet
  facet normal 6.497709e-01 7.601301e-01 4.333054e-15
    outer loop
      vertex   -7.167923e+01 -1.281617e+01 8.664160e+00
      vertex   -7.089284e+01 -1.348839e+01 -8.610024e+00
      vertex   -7.167923e+01 -1.281617e+01 -8.645254e+00
    endloop
  endfacet
  facet normal 4.442497e-01 8.959030e-01 2.730876e-15
    outer loop
      vertex   -7.167923e+01 -1.281617e+01 8.664160e+00
      vertex   -7.167923e+01 -1.281617e+01 -8.645254e+00
      vertex   -7.260608e+01 -1.235658e+01 8.664160e+00
    endloop
  endfacet
  facet normal 4.442497e-01 8.959030e-01 2.910707e-15
    outer loop
      vertex   -7.260608e+01 -1.235658e+01 8.664160e+00
      vertex   -7.167923e+01 -1.281617e+01 -8.645254e+00
      vertex   -7.260608e+01 -1.235658e+01 -8.669340e+00
    endloop
  endfacet
  facet normal 2.117746e-01 9.773185e-01 1.161982e-15
    outer loop
      vertex   -7.260608e+01 -1.235658e+01 8.664160e+00
      vertex   -7.260608e+01 -1.235658e+01 -8.669340e+00
      vertex   -7.361715e+01 -1.213749e+01 8.664160e+00
    endloop
  endfacet
  facet normal 2.117746e-01 9.773185e-01 1.634992e-15
    outer loop
      vertex   -7.361715e+01 -1.213749e+01 8.664160e+00
      vertex   -7.260608e+01 -1.235658e+01 -8.669340e+00
      vertex   -7.361715e+01 -1.213749e+01 -8.680822e+00
    endloop
  endfacet
  facet normal -3.354961e-02 9.994371e-01 -3.772298e-16
    outer loop
      vertex   -7.361715e+01 -1.213749e+01 8.664160e+00
      vertex   -7.361715e+01 -1.213749e+01 -8.680822e+00
      vertex   -7.465111e+01 -1.217220e+01 -8.679003e+00
    endloop
  endfacet
  facet normal -3.354961e-02 9.994371e-01 -1.724841e-16
    outer loop
      vertex   -7.361715e+01 -1.213749e+01 8.664160e+00
      vertex   -7.465111e+01 -1.217220e+01 -8.679003e+00
      vertex   -7.465111e+01 -1.217220e+01 8.664160e+00
    endloop
  endfacet
  facet normal -2.768383e-01 9.609165e-01 -2.169970e-15
    outer loop
      vertex   -7.465111e+01 -1.217220e+01 8.664160e+00
      vertex   -7.465111e+01 -1.217220e+01 -8.679003e+00
      vertex   -7.564522e+01 -1.245860e+01 -8.663993e+00
    endloop
  endfacet
  facet normal -2.768383e-01 9.609165e-01 -1.876519e-15
    outer loop
      vertex   -7.465111e+01 -1.217220e+01 8.664160e+00
      vertex   -7.564522e+01 -1.245860e+01 -8.663993e+00
      vertex   -7.564522e+01 -1.245860e+01 8.664160e+00
    endloop
  endfacet
  facet normal -5.033302e-01 8.640941e-01 -3.773499e-15
    outer loop
      vertex   -7.564522e+01 -1.245860e+01 8.664160e+00
      vertex   -7.564522e+01 -1.245860e+01 -8.663993e+00
      vertex   -7.653916e+01 -1.297931e+01 -8.636704e+00
    endloop
  endfacet
  facet normal -5.033302e-01 8.640941e-01 -2.865739e-15
    outer loop
      vertex   -7.564522e+01 -1.245860e+01 8.664160e+00
      vertex   -7.653916e+01 -1.297931e+01 -8.636704e+00
      vertex   -7.653916e+01 -1.297931e+01 8.664160e+00
    endloop
  endfacet
  facet normal -6.992836e-01 7.148444e-01 -4.228127e-15
    outer loop
      vertex   -7.653916e+01 -1.297931e+01 8.664160e+00
      vertex   -7.653916e+01 -1.297931e+01 -8.636704e+00
      vertex   -7.727870e+01 -1.370275e+01 -8.598790e+00
    endloop
  endfacet
  facet normal -6.992836e-01 7.148444e-01 -4.165070e-15
    outer loop
      vertex   -7.653916e+01 -1.297931e+01 8.664160e+00
      vertex   -7.727870e+01 -1.370275e+01 -8.598790e+00
      vertex   -7.727870e+01 -1.370275e+01 8.664160e+00
    endloop
  endfacet
  facet normal -8.528091e-01 5.222228e-01 -5.293837e-15
    outer loop
      vertex   -7.727870e+01 -1.370275e+01 8.664160e+00
      vertex   -7.727870e+01 -1.370275e+01 -8.598790e+00
      vertex   -7.781896e+01 -1.458502e+01 -8.552552e+00
    endloop
  endfacet
  facet normal -8.528091e-01 5.222228e-01 -6.064921e-15
    outer loop
      vertex   -7.727870e+01 -1.370275e+01 8.664160e+00
      vertex   -7.781896e+01 -1.458502e+01 -8.552552e+00
      vertex   -7.781896e+01 -1.458502e+01 8.664160e+00
    endloop
  endfacet
  facet normal -9.545920e-01 2.979162e-01 -6.937683e-15
    outer loop
      vertex   -7.781896e+01 -1.458502e+01 8.664160e+00
      vertex   -7.781896e+01 -1.458502e+01 -8.552552e+00
      vertex   -7.812716e+01 -1.557258e+01 -8.500796e+00
    endloop
  endfacet
  facet normal -9.545920e-01 2.979162e-01 -6.105090e-15
    outer loop
      vertex   -7.781896e+01 -1.458502e+01 8.664160e+00
      vertex   -7.812716e+01 -1.557258e+01 -8.500796e+00
      vertex   -7.812716e+01 -1.557258e+01 8.664160e+00
    endloop
  endfacet
  facet normal -9.984568e-01 5.553413e-02 -6.572744e-15
    outer loop
      vertex   -7.812716e+01 -1.557258e+01 8.664160e+00
      vertex   -7.812716e+01 -1.557258e+01 -8.500796e+00
      vertex   -7.818462e+01 -1.660553e+01 -8.446662e+00
    endloop
  endfacet
  facet normal -9.984568e-01 5.553413e-02 -6.599101e-15
    outer loop
      vertex   -7.812716e+01 -1.557258e+01 8.664160e+00
      vertex   -7.818462e+01 -1.660553e+01 -8.446662e+00
      vertex   -7.818462e+01 -1.660553e+01 8.664160e+00
    endloop
  endfacet
  facet normal -9.817420e-01 -1.902174e-01 -6.641324e-15
    outer loop
      vertex   -7.818462e+01 -1.660553e+01 8.664160e+00
      vertex   -7.818462e+01 -1.660553e+01 -8.446662e+00
      vertex   -7.798783e+01 -1.762118e+01 -8.393434e+00
    endloop
  endfacet
  facet normal -9.817420e-01 -1.902174e-01 -6.701874e-15
    outer loop
      vertex   -7.818462e+01 -1.660553e+01 8.664160e+00
      vertex   -7.798783e+01 -1.762118e+01 -8.393434e+00
      vertex   -7.798783e+01 -1.762118e+01 8.664160e+00
    endloop
  endfacet
  facet normal -9.054618e-01 -4.244278e-01 -6.388390e-15
    outer loop
      vertex   -7.798783e+01 -1.762118e+01 8.664160e+00
      vertex   -7.798783e+01 -1.762118e+01 -8.393434e+00
      vertex   -7.754874e+01 -1.855792e+01 -8.344342e+00
    endloop
  endfacet
  facet normal -9.054618e-01 -4.244278e-01 -6.404165e-15
    outer loop
      vertex   -7.798783e+01 -1.762118e+01 8.664160e+00
      vertex   -7.754874e+01 -1.855792e+01 -8.344342e+00
      vertex   -7.754874e+01 -1.855792e+01 8.664160e+00
    endloop
  endfacet
  facet normal 6.444125e-01 -7.518371e-01 1.395476e-01
    outer loop
      vertex   -9.077606e+01 -1.341296e+01 8.258809e+00
      vertex   -1.046151e+02 -2.563370e+01 6.324438e+00
      vertex   -9.060585e+01 -1.344985e+01 7.274091e+00
    endloop
  endfacet
  facet normal 6.444125e-01 -7.518371e-01 1.395476e-01
    outer loop
      vertex   -9.060585e+01 -1.344985e+01 7.274091e+00
      vertex   -1.046151e+02 -2.563370e+01 6.324438e+00
      vertex   -1.044449e+02 -2.567058e+01 5.339720e+00
    endloop
  endfacet
  facet normal 2.094289e-02 9.992090e-01 -3.380540e-02
    outer loop
      vertex   -9.229780e+01 -2.581960e+01 8.460466e+00
      vertex   -9.212759e+01 -2.585648e+01 7.475749e+00
      vertex   -1.046151e+02 -2.563370e+01 6.324438e+00
    endloop
  endfacet
  facet normal 2.094289e-02 9.992090e-01 -3.380540e-02
    outer loop
      vertex   -1.046151e+02 -2.563370e+01 6.324438e+00
      vertex   -9.212759e+01 -2.585648e+01 7.475749e+00
      vertex   -1.044449e+02 -2.567058e+01 5.339720e+00
    endloop
  endfacet
  facet normal -9.778605e-01 1.171213e-01 -1.734112e-01
    outer loop
      vertex   -9.229780e+01 -2.581960e+01 8.460466e+00
      vertex   -9.077606e+01 -1.341296e+01 8.258809e+00
      vertex   -9.212759e+01 -2.585648e+01 7.475749e+00
    endloop
  endfacet
  facet normal -9.778605e-01 1.171213e-01 -1.734112e-01
    outer loop
      vertex   -9.212759e+01 -2.585648e+01 7.475749e+00
      vertex   -9.077606e+01 -1.341296e+01 8.258809e+00
      vertex   -9.060585e+01 -1.344985e+01 7.274091e+00
    endloop
  endfacet
  facet normal -1.702097e-01 3.688273e-02 9.847174e-01
    outer loop
      vertex   -9.212759e+01 -2.585648e+01 7.475749e+00
      vertex   -9.060585e+01 -1.344985e+01 7.274091e+00
      vertex   -1.044449e+02 -2.567058e+01 5.339720e+00
    endloop
  endfacet
  facet normal 7.040626e-01 -1.294124e-01 -6.982466e-01
    outer loop
      vertex   -7.640911e+01 -1.530801e+01 -1.505055e+00
      vertex   -7.399430e+01 -1.582333e+01 1.025382e+00
      vertex   -7.649430e+01 -1.595417e+01 -1.471192e+00
    endloop
  endfacet
  facet normal 5.633903e-01 -4.685599e-01 -6.804726e-01
    outer loop
      vertex   -7.576207e+01 -1.418883e+01 -1.563709e+00
      vertex   -7.399430e+01 -1.582333e+01 1.025382e+00
      vertex   -7.615936e+01 -1.470588e+01 -1.536612e+00
    endloop
  endfacet
  facet normal 2.717580e-01 -6.920305e-01 -6.687610e-01
    outer loop
      vertex   -7.464135e+01 -1.354267e+01 -1.597573e+00
      vertex   -7.399430e+01 -1.582333e+01 1.025382e+00
      vertex   -7.524430e+01 -1.379207e+01 -1.584502e+00
    endloop
  endfacet
  facet normal -9.269160e-02 -7.399455e-01 -6.662499e-01
    outer loop
      vertex   -7.334725e+01 -1.354267e+01 -1.597573e+00
      vertex   -7.399430e+01 -1.582333e+01 1.025382e+00
      vertex   -7.399430e+01 -1.345760e+01 -1.602032e+00
    endloop
  endfacet
  facet normal -4.323046e-01 -5.994660e-01 -6.736121e-01
    outer loop
      vertex   -7.222653e+01 -1.418883e+01 -1.563709e+00
      vertex   -7.399430e+01 -1.582333e+01 1.025382e+00
      vertex   -7.274430e+01 -1.379207e+01 -1.584502e+00
    endloop
  endfacet
  facet normal -6.560819e-01 -3.082334e-01 -6.888750e-01
    outer loop
      vertex   -7.157948e+01 -1.530801e+01 -1.505055e+00
      vertex   -7.399430e+01 -1.582333e+01 1.025382e+00
      vertex   -7.182923e+01 -1.470588e+01 -1.536612e+00
    endloop
  endfacet
  facet normal -7.040626e-01 5.571678e-02 -7.079488e-01
    outer loop
      vertex   -7.157948e+01 -1.660033e+01 -1.437328e+00
      vertex   -7.399430e+01 -1.582333e+01 1.025382e+00
      vertex   -7.149430e+01 -1.595417e+01 -1.471192e+00
    endloop
  endfacet
  facet normal -5.633903e-01 3.948643e-01 -7.257228e-01
    outer loop
      vertex   -7.222653e+01 -1.771951e+01 -1.378674e+00
      vertex   -7.399430e+01 -1.582333e+01 1.025382e+00
      vertex   -7.182923e+01 -1.720246e+01 -1.405772e+00
    endloop
  endfacet
  facet normal -2.717580e-01 6.183350e-01 -7.374344e-01
    outer loop
      vertex   -7.334725e+01 -1.836568e+01 -1.344810e+00
      vertex   -7.399430e+01 -1.582333e+01 1.025382e+00
      vertex   -7.274430e+01 -1.811627e+01 -1.357881e+00
    endloop
  endfacet
  facet normal 9.269160e-02 6.662499e-01 -7.399455e-01
    outer loop
      vertex   -7.464135e+01 -1.836568e+01 -1.344810e+00
      vertex   -7.399430e+01 -1.582333e+01 1.025382e+00
      vertex   -7.399430e+01 -1.845074e+01 -1.340352e+00
    endloop
  endfacet
  facet normal 4.323046e-01 5.257704e-01 -7.325833e-01
    outer loop
      vertex   -7.576207e+01 -1.771951e+01 -1.378674e+00
      vertex   -7.399430e+01 -1.582333e+01 1.025382e+00
      vertex   -7.524430e+01 -1.811627e+01 -1.357881e+00
    endloop
  endfacet
  facet normal 6.560819e-01 2.345378e-01 -7.173204e-01
    outer loop
      vertex   -7.640911e+01 -1.660033e+01 -1.437328e+00
      vertex   -7.399430e+01 -1.582333e+01 1.025382e+00
      vertex   -7.615936e+01 -1.720246e+01 -1.405772e+00
    endloop
  endfacet
  facet normal -7.040626e-01 -1.294124e-01 -6.982466e-01
    outer loop
      vertex   -7.149430e+01 -1.595417e+01 -1.471192e+00
      vertex   -7.399430e+01 -1.582333e+01 1.025382e+00
      vertex   -7.157948e+01 -1.530801e+01 -1.505055e+00
    endloop
  endfacet
  facet normal 4.323046e-01 -5.994660e-01 -6.736121e-01
    outer loop
      vertex   -7.524430e+01 -1.379207e+01 -1.584502e+00
      vertex   -7.399430e+01 -1.582333e+01 1.025382e+00
      vertex   -7.576207e+01 -1.418883e+01 -1.563709e+00
    endloop
  endfacet
  facet normal 2.717580e-01 6.183350e-01 -7.374344e-01
    outer loop
      vertex   -7.524430e+01 -1.811627e+01 -1.357881e+00
      vertex   -7.399430e+01 -1.582333e+01 1.025382e+00
      vertex   -7.464135e+01 -1.836568e+01 -1.344810e+00
    endloop
  endfacet
  facet normal -5.633903e-01 -4.685599e-01 -6.804726e-01
    outer loop
      vertex   -7.182923e+01 -1.470588e+01 -1.536612e+00
      vertex   -7.399430e+01 -1.582333e+01 1.025382e+00
      vertex   -7.222653e+01 -1.418883e+01 -1.563709e+00
    endloop
  endfacet
  facet normal -2.717580e-01 -6.920305e-01 -6.687610e-01
    outer loop
      vertex   -7.274430e+01 -1.379207e+01 -1.584502e+00
      vertex   -7.399430e+01 -1.582333e+01 1.025382e+00
      vertex   -7.334725e+01 -1.354267e+01 -1.597573e+00
    endloop
  endfacet
  facet normal 9.269160e-02 -7.399455e-01 -6.662499e-01
    outer loop
      vertex   -7.399430e+01 -1.345760e+01 -1.602032e+00
      vertex   -7.399430e+01 -1.582333e+01 1.025382e+00
      vertex   -7.464135e+01 -1.354267e+01 -1.597573e+00
    endloop
  endfacet
  facet normal 6.560819e-01 -3.082334e-01 -6.888750e-01
    outer loop
      vertex   -7.615936e+01 -1.470588e+01 -1.536612e+00
      vertex   -7.399430e+01 -1.582333e+01 1.025382e+00
      vertex   -7.640911e+01 -1.530801e+01 -1.505055e+00
    endloop
  endfacet
  facet normal 7.040626e-01 5.571678e-02 -7.079488e-01
    outer loop
      vertex   -7.649430e+01 -1.595417e+01 -1.471192e+00
      vertex   -7.399430e+01 -1.582333e+01 1.025382e+00
      vertex   -7.640911e+01 -1.660033e+01 -1.437328e+00
    endloop
  endfacet
  facet normal 5.633903e-01 3.948643e-01 -7.257228e-01
    outer loop
      vertex   -7.615936e+01 -1.720246e+01 -1.405772e+00
      vertex   -7.399430e+01 -1.582333e+01 1.025382e+00
      vertex   -7.576207e+01 -1.771951e+01 -1.378674e+00
    endloop
  endfacet
  facet normal -9.269160e-02 6.662499e-01 -7.399455e-01
    outer loop
      vertex   -7.399430e+01 -1.845074e+01 -1.340352e+00
      vertex   -7.399430e+01 -1.582333e+01 1.025382e+00
      vertex   -7.334725e+01 -1.836568e+01 -1.344810e+00
    endloop
  endfacet
  facet normal -4.323046e-01 5.257704e-01 -7.325833e-01
    outer loop
      vertex   -7.274430e+01 -1.811627e+01 -1.357881e+00
      vertex   -7.399430e+01 -1.582333e+01 1.025382e+00
      vertex   -7.222653e+01 -1.771951e+01 -1.378674e+00
    endloop
  endfacet
  facet normal -6.560819e-01 2.345378e-01 -7.173204e-01
    outer loop
      vertex   -7.182923e+01 -1.720246e+01 -1.405772e+00
      vertex   -7.399430e+01 -1.582333e+01 1.025382e+00
      vertex   -7.157948e+01 -1.660033e+01 -1.437328e+00
    endloop
  endfacet
  facet normal 9.914449e-01 -1.303473e-01 6.831213e-03
    outer loop
      vertex   -7.640911e+01 -1.567436e+01 -8.495462e+00
      vertex   -7.640911e+01 -1.530801e+01 -1.505055e+00
      vertex   -7.649430e+01 -1.632052e+01 -8.461598e+00
    endloop
  endfacet
  facet normal 9.914449e-01 -1.303473e-01 6.831213e-03
    outer loop
      vertex   -7.649430e+01 -1.632052e+01 -8.461598e+00
      vertex   -7.640911e+01 -1.530801e+01 -1.505055e+00
      vertex   -7.649430e+01 -1.595417e+01 -1.471192e+00
    endloop
  endfacet
  facet normal 9.914449e-01 1.303473e-01 -6.831213e-03
    outer loop
      vertex   -7.649430e+01 -1.632052e+01 -8.461598e+00
      vertex   -7.649430e+01 -1.595417e+01 -1.471192e+00
      vertex   -7.640911e+01 -1.696668e+01 -8.427735e+00
    endloop
  endfacet
  facet normal 9.914449e-01 1.303473e-01 -6.831213e-03
    outer loop
      vertex   -7.640911e+01 -1.696668e+01 -8.427735e+00
      vertex   -7.649430e+01 -1.595417e+01 -1.471192e+00
      vertex   -7.640911e+01 -1.660033e+01 -1.437328e+00
    endloop
  endfacet
  facet normal 9.238795e-01 3.821590e-01 -2.002810e-02
    outer loop
      vertex   -7.640911e+01 -1.696668e+01 -8.427735e+00
      vertex   -7.640911e+01 -1.660033e+01 -1.437328e+00
      vertex   -7.615936e+01 -1.756881e+01 -8.396178e+00
    endloop
  endfacet
  facet normal 9.238795e-01 3.821590e-01 -2.002810e-02
    outer loop
      vertex   -7.615936e+01 -1.756881e+01 -8.396178e+00
      vertex   -7.640911e+01 -1.660033e+01 -1.437328e+00
      vertex   -7.615936e+01 -1.720246e+01 -1.405772e+00
    endloop
  endfacet
  facet normal 7.933533e-01 6.079271e-01 -3.186011e-02
    outer loop
      vertex   -7.615936e+01 -1.756881e+01 -8.396178e+00
      vertex   -7.615936e+01 -1.720246e+01 -1.405772e+00
      vertex   -7.576207e+01 -1.808587e+01 -8.369081e+00
    endloop
  endfacet
  facet normal 7.933533e-01 6.079271e-01 -3.186011e-02
    outer loop
      vertex   -7.576207e+01 -1.808587e+01 -8.369081e+00
      vertex   -7.615936e+01 -1.720246e+01 -1.405772e+00
      vertex   -7.576207e+01 -1.771951e+01 -1.378674e+00
    endloop
  endfacet
  facet normal 6.087614e-01 7.922661e-01 -4.152091e-02
    outer loop
      vertex   -7.576207e+01 -1.808587e+01 -8.369081e+00
      vertex   -7.576207e+01 -1.771951e+01 -1.378674e+00
      vertex   -7.524430e+01 -1.848262e+01 -8.348288e+00
    endloop
  endfacet
  facet normal 6.087614e-01 7.922661e-01 -4.152091e-02
    outer loop
      vertex   -7.524430e+01 -1.848262e+01 -8.348288e+00
      vertex   -7.576207e+01 -1.771951e+01 -1.378674e+00
      vertex   -7.524430e+01 -1.811627e+01 -1.357881e+00
    endloop
  endfacet
  facet normal 3.826834e-01 9.226134e-01 -4.835212e-02
    outer loop
      vertex   -7.524430e+01 -1.848262e+01 -8.348288e+00
      vertex   -7.524430e+01 -1.811627e+01 -1.357881e+00
      vertex   -7.464135e+01 -1.873203e+01 -8.335217e+00
    endloop
  endfacet
  facet normal 3.826834e-01 9.226134e-01 -4.835212e-02
    outer loop
      vertex   -7.464135e+01 -1.873203e+01 -8.335217e+00
      vertex   -7.524430e+01 -1.811627e+01 -1.357881e+00
      vertex   -7.464135e+01 -1.836568e+01 -1.344810e+00
    endloop
  endfacet
  facet normal 1.305262e-01 9.900861e-01 -5.188821e-02
    outer loop
      vertex   -7.464135e+01 -1.873203e+01 -8.335217e+00
      vertex   -7.464135e+01 -1.836568e+01 -1.344810e+00
      vertex   -7.399430e+01 -1.881710e+01 -8.330758e+00
    endloop
  endfacet
  facet normal 1.305262e-01 9.900861e-01 -5.188821e-02
    outer loop
      vertex   -7.399430e+01 -1.881710e+01 -8.330758e+00
      vertex   -7.464135e+01 -1.836568e+01 -1.344810e+00
      vertex   -7.399430e+01 -1.845074e+01 -1.340352e+00
    endloop
  endfacet
  facet normal -1.305262e-01 9.900861e-01 -5.188821e-02
    outer loop
      vertex   -7.399430e+01 -1.881710e+01 -8.330758e+00
      vertex   -7.399430e+01 -1.845074e+01 -1.340352e+00
      vertex   -7.334725e+01 -1.873203e+01 -8.335217e+00
    endloop
  endfacet
  facet normal -1.305262e-01 9.900861e-01 -5.188821e-02
    outer loop
      vertex   -7.334725e+01 -1.873203e+01 -8.335217e+00
      vertex   -7.399430e+01 -1.845074e+01 -1.340352e+00
      vertex   -7.334725e+01 -1.836568e+01 -1.344810e+00
    endloop
  endfacet
  facet normal -3.826834e-01 9.226134e-01 -4.835212e-02
    outer loop
      vertex   -7.334725e+01 -1.873203e+01 -8.335217e+00
      vertex   -7.334725e+01 -1.836568e+01 -1.344810e+00
      vertex   -7.274430e+01 -1.848262e+01 -8.348288e+00
    endloop
  endfacet
  facet normal -3.826834e-01 9.226134e-01 -4.835212e-02
    outer loop
      vertex   -7.274430e+01 -1.848262e+01 -8.348288e+00
      vertex   -7.334725e+01 -1.836568e+01 -1.344810e+00
      vertex   -7.274430e+01 -1.811627e+01 -1.357881e+00
    endloop
  endfacet
  facet normal -6.087614e-01 7.922661e-01 -4.152091e-02
    outer loop
      vertex   -7.274430e+01 -1.848262e+01 -8.348288e+00
      vertex   -7.274430e+01 -1.811627e+01 -1.357881e+00
      vertex   -7.222653e+01 -1.808587e+01 -8.369081e+00
    endloop
  endfacet
  facet normal -6.087614e-01 7.922661e-01 -4.152091e-02
    outer loop
      vertex   -7.222653e+01 -1.808587e+01 -8.369081e+00
      vertex   -7.274430e+01 -1.811627e+01 -1.357881e+00
      vertex   -7.222653e+01 -1.771951e+01 -1.378674e+00
    endloop
  endfacet
  facet normal -7.933533e-01 6.079271e-01 -3.186011e-02
    outer loop
      vertex   -7.222653e+01 -1.808587e+01 -8.369081e+00
      vertex   -7.222653e+01 -1.771951e+01 -1.378674e+00
      vertex   -7.182923e+01 -1.756881e+01 -8.396178e+00
    endloop
  endfacet
  facet normal -7.933533e-01 6.079271e-01 -3.186011e-02
    outer loop
      vertex   -7.182923e+01 -1.756881e+01 -8.396178e+00
      vertex   -7.222653e+01 -1.771951e+01 -1.378674e+00
      vertex   -7.182923e+01 -1.720246e+01 -1.405772e+00
    endloop
  endfacet
  facet normal -9.238795e-01 3.821590e-01 -2.002810e-02
    outer loop
      vertex   -7.182923e+01 -1.756881e+01 -8.396178e+00
      vertex   -7.182923e+01 -1.720246e+01 -1.405772e+00
      vertex   -7.157948e+01 -1.696668e+01 -8.427735e+00
    endloop
  endfacet
  facet normal -9.238795e-01 3.821590e-01 -2.002810e-02
    outer loop
      vertex   -7.157948e+01 -1.696668e+01 -8.427735e+00
      vertex   -7.182923e+01 -1.720246e+01 -1.405772e+00
      vertex   -7.157948e+01 -1.660033e+01 -1.437328e+00
    endloop
  endfacet
  facet normal -9.914449e-01 1.303473e-01 -6.831213e-03
    outer loop
      vertex   -7.157948e+01 -1.696668e+01 -8.427735e+00
      vertex   -7.157948e+01 -1.660033e+01 -1.437328e+00
      vertex   -7.149430e+01 -1.632052e+01 -8.461598e+00
    endloop
  endfacet
  facet normal -9.914449e-01 1.303473e-01 -6.831213e-03
    outer loop
      vertex   -7.149430e+01 -1.632052e+01 -8.461598e+00
      vertex   -7.157948e+01 -1.660033e+01 -1.437328e+00
      vertex   -7.149430e+01 -1.595417e+01 -1.471192e+00
    endloop
  endfacet
  facet normal -9.914449e-01 -1.303473e-01 6.831213e-03
    outer loop
      vertex   -7.149430e+01 -1.632052e+01 -8.461598e+00
      vertex   -7.149430e+01 -1.595417e+01 -1.471192e+00
      vertex   -7.157948e+01 -1.567436e+01 -8.495462e+00
    endloop
  endfacet
  facet normal -9.914449e-01 -1.303473e-01 6.831213e-03
    outer loop
      vertex   -7.157948e+01 -1.567436e+01 -8.495462e+00
      vertex   -7.149430e+01 -1.595417e+01 -1.471192e+00
      vertex   -7.157948e+01 -1.530801e+01 -1.505055e+00
    endloop
  endfacet
  facet normal -9.238795e-01 -3.821590e-01 2.002810e-02
    outer loop
      vertex   -7.157948e+01 -1.567436e+01 -8.495462e+00
      vertex   -7.157948e+01 -1.530801e+01 -1.505055e+00
      vertex   -7.182923e+01 -1.507223e+01 -8.527018e+00
    endloop
  endfacet
  facet normal -9.238795e-01 -3.821590e-01 2.002810e-02
    outer loop
      vertex   -7.182923e+01 -1.507223e+01 -8.527018e+00
      vertex   -7.157948e+01 -1.530801e+01 -1.505055e+00
      vertex   -7.182923e+01 -1.470588e+01 -1.536612e+00
    endloop
  endfacet
  facet normal -7.933533e-01 -6.079271e-01 3.186011e-02
    outer loop
      vertex   -7.182923e+01 -1.507223e+01 -8.527018e+00
      vertex   -7.182923e+01 -1.470588e+01 -1.536612e+00
      vertex   -7.222653e+01 -1.455518e+01 -8.554116e+00
    endloop
  endfacet
  facet normal -7.933533e-01 -6.079271e-01 3.186011e-02
    outer loop
      vertex   -7.222653e+01 -1.455518e+01 -8.554116e+00
      vertex   -7.182923e+01 -1.470588e+01 -1.536612e+00
      vertex   -7.222653e+01 -1.418883e+01 -1.563709e+00
    endloop
  endfacet
  facet normal -6.087614e-01 -7.922661e-01 4.152091e-02
    outer loop
      vertex   -7.222653e+01 -1.455518e+01 -8.554116e+00
      vertex   -7.222653e+01 -1.418883e+01 -1.563709e+00
      vertex   -7.274430e+01 -1.415843e+01 -8.574909e+00
    endloop
  endfacet
  facet normal -6.087614e-01 -7.922661e-01 4.152091e-02
    outer loop
      vertex   -7.274430e+01 -1.415843e+01 -8.574909e+00
      vertex   -7.222653e+01 -1.418883e+01 -1.563709e+00
      vertex   -7.274430e+01 -1.379207e+01 -1.584502e+00
    endloop
  endfacet
  facet normal -3.826834e-01 -9.226134e-01 4.835212e-02
    outer loop
      vertex   -7.274430e+01 -1.415843e+01 -8.574909e+00
      vertex   -7.274430e+01 -1.379207e+01 -1.584502e+00
      vertex   -7.334725e+01 -1.390902e+01 -8.587980e+00
    endloop
  endfacet
  facet normal -3.826834e-01 -9.226134e-01 4.835212e-02
    outer loop
      vertex   -7.334725e+01 -1.390902e+01 -8.587980e+00
      vertex   -7.274430e+01 -1.379207e+01 -1.584502e+00
      vertex   -7.334725e+01 -1.354267e+01 -1.597573e+00
    endloop
  endfacet
  facet normal -1.305262e-01 -9.900861e-01 5.188821e-02
    outer loop
      vertex   -7.334725e+01 -1.390902e+01 -8.587980e+00
      vertex   -7.334725e+01 -1.354267e+01 -1.597573e+00
      vertex   -7.399430e+01 -1.382395e+01 -8.592438e+00
    endloop
  endfacet
  facet normal -1.305262e-01 -9.900861e-01 5.188821e-02
    outer loop
      vertex   -7.399430e+01 -1.382395e+01 -8.592438e+00
      vertex   -7.334725e+01 -1.354267e+01 -1.597573e+00
      vertex   -7.399430e+01 -1.345760e+01 -1.602032e+00
    endloop
  endfacet
  facet normal 1.305262e-01 -9.900861e-01 5.188821e-02
    outer loop
      vertex   -7.399430e+01 -1.382395e+01 -8.592438e+00
      vertex   -7.399430e+01 -1.345760e+01 -1.602032e+00
      vertex   -7.464135e+01 -1.390902e+01 -8.587980e+00
    endloop
  endfacet
  facet normal 1.305262e-01 -9.900861e-01 5.188821e-02
    outer loop
      vertex   -7.464135e+01 -1.390902e+01 -8.587980e+00
      vertex   -7.399430e+01 -1.345760e+01 -1.602032e+00
      vertex   -7.464135e+01 -1.354267e+01 -1.597573e+00
    endloop
  endfacet
  facet normal 3.826834e-01 -9.226134e-01 4.835212e-02
    outer loop
      vertex   -7.464135e+01 -1.390902e+01 -8.587980e+00
      vertex   -7.464135e+01 -1.354267e+01 -1.597573e+00
      vertex   -7.524430e+01 -1.415843e+01 -8.574909e+00
    endloop
  endfacet
  facet normal 3.826834e-01 -9.226134e-01 4.835212e-02
    outer loop
      vertex   -7.524430e+01 -1.415843e+01 -8.574909e+00
      vertex   -7.464135e+01 -1.354267e+01 -1.597573e+00
      vertex   -7.524430e+01 -1.379207e+01 -1.584502e+00
    endloop
  endfacet
  facet normal 6.087614e-01 -7.922661e-01 4.152091e-02
    outer loop
      vertex   -7.524430e+01 -1.415843e+01 -8.574909e+00
      vertex   -7.524430e+01 -1.379207e+01 -1.584502e+00
      vertex   -7.576207e+01 -1.455518e+01 -8.554116e+00
    endloop
  endfacet
  facet normal 6.087614e-01 -7.922661e-01 4.152091e-02
    outer loop
      vertex   -7.576207e+01 -1.455518e+01 -8.554116e+00
      vertex   -7.524430e+01 -1.379207e+01 -1.584502e+00
      vertex   -7.576207e+01 -1.418883e+01 -1.563709e+00
    endloop
  endfacet
  facet normal 7.933533e-01 -6.079271e-01 3.186011e-02
    outer loop
      vertex   -7.576207e+01 -1.455518e+01 -8.554116e+00
      vertex   -7.576207e+01 -1.418883e+01 -1.563709e+00
      vertex   -7.615936e+01 -1.507223e+01 -8.527018e+00
    endloop
  endfacet
  facet normal 7.933533e-01 -6.079271e-01 3.186011e-02
    outer loop
      vertex   -7.615936e+01 -1.507223e+01 -8.527018e+00
      vertex   -7.576207e+01 -1.418883e+01 -1.563709e+00
      vertex   -7.615936e+01 -1.470588e+01 -1.536612e+00
    endloop
  endfacet
  facet normal 9.238795e-01 -3.821590e-01 2.002810e-02
    outer loop
      vertex   -7.615936e+01 -1.507223e+01 -8.527018e+00
      vertex   -7.615936e+01 -1.470588e+01 -1.536612e+00
      vertex   -7.640911e+01 -1.567436e+01 -8.495462e+00
    endloop
  endfacet
  facet normal 9.238795e-01 -3.821590e-01 2.002810e-02
    outer loop
      vertex   -7.640911e+01 -1.567436e+01 -8.495462e+00
      vertex   -7.615936e+01 -1.470588e+01 -1.536612e+00
      vertex   -7.640911e+01 -1.530801e+01 -1.505055e+00
    endloop
  endfacet
  facet normal 4.559897e-01 -5.529086e-01 -6.973991e-01
    outer loop
      vertex   -9.756592e+01 -2.512520e+01 4.355698e+00
      vertex   -9.981311e+01 -2.710960e+01 4.459654e+00
      vertex   -9.831541e+01 -2.315391e+01 2.302783e+00
    endloop
  endfacet
  facet normal 4.559897e-01 -5.529086e-01 -6.973991e-01
    outer loop
      vertex   -9.831541e+01 -2.315391e+01 2.302783e+00
      vertex   -9.981311e+01 -2.710960e+01 4.459654e+00
      vertex   -1.011722e+02 -2.567662e+01 2.434940e+00
    endloop
  endfacet
  facet normal 6.622026e-01 -7.492113e-01 1.304298e-02
    outer loop
      vertex   -9.981311e+01 -2.710960e+01 4.459654e+00
      vertex   -9.756592e+01 -2.512520e+01 4.355698e+00
      vertex   -9.977768e+01 -2.704272e+01 6.502298e+00
    endloop
  endfacet
  facet normal -3.489274e-02 -7.271949e-01 -6.855436e-01
    outer loop
      vertex   -9.977263e+01 -2.704815e+01 6.507799e+00
      vertex   -9.977768e+01 -2.704272e+01 6.502298e+00
      vertex   -8.142023e+01 -2.744999e+01 5.999954e+00
    endloop
  endfacet
  facet normal -3.489274e-02 -7.271949e-01 -6.855436e-01
    outer loop
      vertex   -8.142023e+01 -2.744999e+01 5.999954e+00
      vertex   -9.977768e+01 -2.704272e+01 6.502298e+00
      vertex   -9.756592e+01 -2.512520e+01 4.355698e+00
    endloop
  endfacet
  facet normal -3.489274e-02 -7.271949e-01 -6.855436e-01
    outer loop
      vertex   -8.142023e+01 -2.744999e+01 5.999954e+00
      vertex   -9.756592e+01 -2.512520e+01 4.355698e+00
      vertex   -8.519706e+01 -2.338864e+01 1.884081e+00
    endloop
  endfacet
  facet normal -3.489274e-02 -7.271949e-01 -6.855436e-01
    outer loop
      vertex   -8.519706e+01 -2.338864e+01 1.884081e+00
      vertex   -9.756592e+01 -2.512520e+01 4.355698e+00
      vertex   -9.831541e+01 -2.315391e+01 2.302783e+00
    endloop
  endfacet
  facet normal -3.489274e-02 -7.271949e-01 -6.855436e-01
    outer loop
      vertex   -8.519706e+01 -2.338864e+01 1.884081e+00
      vertex   -9.831541e+01 -2.315391e+01 2.302783e+00
      vertex   -1.028697e+02 -2.300168e+01 2.373117e+00
    endloop
  endfacet
  facet normal -3.489274e-02 -7.271949e-01 -6.855436e-01
    outer loop
      vertex   -1.028697e+02 -2.300168e+01 2.373117e+00
      vertex   -9.831541e+01 -2.315391e+01 2.302783e+00
      vertex   -1.028663e+02 -2.300538e+01 2.376867e+00
    endloop
  endfacet
  facet normal 5.458704e-02 -9.985090e-01 1.023412e-04
    outer loop
      vertex   1.055851e+01 -3.047476e+01 1.665945e+01
      vertex   1.032979e+01 -3.048726e+01 1.665959e+01
      vertex   1.032978e+01 -3.048726e+01 1.664694e+01
    endloop
  endfacet
  facet normal -6.772065e-15 7.071068e-01 -7.071068e-01
    outer loop
      vertex   1.032978e+01 -3.048726e+01 1.664694e+01
      vertex   -2.750788e+01 -3.048726e+01 1.664694e+01
      vertex   1.055851e+01 -3.047476e+01 1.665945e+01
    endloop
  endfacet
  facet normal -6.478563e-15 7.071068e-01 -7.071068e-01
    outer loop
      vertex   1.055851e+01 -3.047476e+01 1.665945e+01
      vertex   -2.750788e+01 -3.048726e+01 1.664694e+01
      vertex   -2.767791e+01 -3.045057e+01 1.668363e+01
    endloop
  endfacet
  facet normal 2.850844e-13 1.315636e-12 1.000000e+00
    outer loop
      vertex   -7.777362e+01 -1.959569e+01 8.664160e+00
      vertex   -7.190970e+01 -2.086633e+01 8.664160e+00
      vertex   -7.777334e+01 -1.959440e+01 8.664160e+00
    endloop
  endfacet
  facet normal 6.467441e-13 2.982888e-12 1.000000e+00
    outer loop
      vertex   -7.777334e+01 -1.959440e+01 8.664160e+00
      vertex   -7.190970e+01 -2.086633e+01 8.664160e+00
      vertex   -7.190946e+01 -2.086520e+01 8.664160e+00
    endloop
  endfacet
  facet normal -6.541278e-17 -1.699662e-15 1.000000e+00
    outer loop
      vertex   -7.777334e+01 -1.959440e+01 8.664160e+00
      vertex   -7.190946e+01 -2.086520e+01 8.664160e+00
      vertex   -7.754874e+01 -1.855792e+01 8.664160e+00
    endloop
  endfacet
  facet normal 5.786888e-16 -1.253957e-16 1.000000e+00
    outer loop
      vertex   -7.754874e+01 -1.855792e+01 8.664160e+00
      vertex   -7.190946e+01 -2.086520e+01 8.664160e+00
      vertex   -7.168483e+01 -1.982856e+01 8.664160e+00
    endloop
  endfacet
  facet normal 2.046608e-13 9.416933e-13 1.000000e+00
    outer loop
      vertex   -7.754874e+01 -1.855792e+01 8.664160e+00
      vertex   -7.168483e+01 -1.982856e+01 8.664160e+00
      vertex   -7.798783e+01 -1.762118e+01 8.664160e+00
    endloop
  endfacet
  facet normal -1.335831e-13 -2.413341e-14 1.000000e+00
    outer loop
      vertex   -7.798783e+01 -1.762118e+01 8.664160e+00
      vertex   -7.168483e+01 -1.982856e+01 8.664160e+00
      vertex   -7.818462e+01 -1.660553e+01 8.664160e+00
    endloop
  endfacet
  facet normal -1.183519e-13 6.582730e-15 1.000000e+00
    outer loop
      vertex   -7.818462e+01 -1.660553e+01 8.664160e+00
      vertex   -7.168483e+01 -1.982856e+01 8.664160e+00
      vertex   -7.812716e+01 -1.557258e+01 8.664160e+00
    endloop
  endfacet
  facet normal -1.027124e-13 3.025652e-14 1.000000e+00
    outer loop
      vertex   -7.812716e+01 -1.557258e+01 8.664160e+00
      vertex   -7.168483e+01 -1.982856e+01 8.664160e+00
      vertex   -7.781896e+01 -1.458502e+01 8.664160e+00
    endloop
  endfacet
  facet normal -8.665739e-14 4.903836e-14 1.000000e+00
    outer loop
      vertex   -7.781896e+01 -1.458502e+01 8.664160e+00
      vertex   -7.168483e+01 -1.982856e+01 8.664160e+00
      vertex   -7.727870e+01 -1.370275e+01 8.664160e+00
    endloop
  endfacet
  facet normal -7.129861e-14 6.306343e-14 1.000000e+00
    outer loop
      vertex   -7.727870e+01 -1.370275e+01 8.664160e+00
      vertex   -7.168483e+01 -1.982856e+01 8.664160e+00
      vertex   -7.653916e+01 -1.297931e+01 8.664160e+00
    endloop
  endfacet
  facet normal -5.105340e-14 7.741200e-14 1.000000e+00
    outer loop
      vertex   -7.653916e+01 -1.297931e+01 8.664160e+00
      vertex   -7.168483e+01 -1.982856e+01 8.664160e+00
      vertex   -7.564522e+01 -1.245860e+01 8.664160e+00
    endloop
  endfacet
  facet normal -3.389332e-14 8.663330e-14 1.000000e+00
    outer loop
      vertex   -7.564522e+01 -1.245860e+01 8.664160e+00
      vertex   -7.168483e+01 -1.982856e+01 8.664160e+00
      vertex   -7.465111e+01 -1.217220e+01 8.664160e+00
    endloop
  endfacet
  facet normal -8.393827e-15 9.651249e-14 1.000000e+00
    outer loop
      vertex   -7.465111e+01 -1.217220e+01 8.664160e+00
      vertex   -7.168483e+01 -1.982856e+01 8.664160e+00
      vertex   -7.361715e+01 -1.213749e+01 8.664160e+00
    endloop
  endfacet
  facet normal 1.331036e-14 1.019655e-13 1.000000e+00
    outer loop
      vertex   -7.361715e+01 -1.213749e+01 8.664160e+00
      vertex   -7.168483e+01 -1.982856e+01 8.664160e+00
      vertex   -7.260608e+01 -1.235658e+01 8.664160e+00
    endloop
  endfacet
  facet normal 4.482174e-14 1.058507e-13 1.000000e+00
    outer loop
      vertex   -7.260608e+01 -1.235658e+01 8.664160e+00
      vertex   -7.168483e+01 -1.982856e+01 8.664160e+00
      vertex   -7.167923e+01 -1.281617e+01 8.664160e+00
    endloop
  endfacet
  facet normal 8.465162e-13 1.052104e-13 1.000000e+00
    outer loop
      vertex   -7.167923e+01 -1.281617e+01 8.664160e+00
      vertex   -7.168483e+01 -1.982856e+01 8.664160e+00
      vertex   -7.089737e+01 -1.915761e+01 8.664160e+00
    endloop
  endfacet
  facet normal -6.057109e-15 9.355445e-17 1.000000e+00
    outer loop
      vertex   -7.167923e+01 -1.281617e+01 8.664160e+00
      vertex   -7.089737e+01 -1.915761e+01 8.664160e+00
      vertex   -7.029781e+01 -1.831451e+01 8.664160e+00
    endloop
  endfacet
  facet normal -8.275407e-15 -4.637760e-16 1.000000e+00
    outer loop
      vertex   -7.029781e+01 -1.831451e+01 8.664160e+00
      vertex   -6.992253e+01 -1.735044e+01 8.664160e+00
      vertex   -7.167923e+01 -1.281617e+01 8.664160e+00
    endloop
  endfacet
  facet normal -5.352553e-15 6.686166e-16 1.000000e+00
    outer loop
      vertex   -7.167923e+01 -1.281617e+01 8.664160e+00
      vertex   -6.992253e+01 -1.735044e+01 8.664160e+00
      vertex   -6.979430e+01 -1.632388e+01 8.664160e+00
    endloop
  endfacet
  facet normal -6.929483e-15 -1.787766e-16 1.000000e+00
    outer loop
      vertex   -7.167923e+01 -1.281617e+01 8.664160e+00
      vertex   -6.979430e+01 -1.632388e+01 8.664160e+00
      vertex   -7.089284e+01 -1.348839e+01 8.664160e+00
    endloop
  endfacet
  facet normal -9.487223e-15 -1.169714e-15 1.000000e+00
    outer loop
      vertex   -7.089284e+01 -1.348839e+01 8.664160e+00
      vertex   -6.979430e+01 -1.632388e+01 8.664160e+00
      vertex   -6.992089e+01 -1.529711e+01 8.664160e+00
    endloop
  endfacet
  facet normal -1.638012e-15 3.048208e-15 1.000000e+00
    outer loop
      vertex   -7.089284e+01 -1.348839e+01 8.664160e+00
      vertex   -6.992089e+01 -1.529711e+01 8.664160e+00
      vertex   -7.029463e+01 -1.433244e+01 8.664160e+00
    endloop
  endfacet
  facet normal 2.109328e-01 9.775006e-01 -4.808321e-16
    outer loop
      vertex   -2.750788e+01 -3.048726e+01 1.664694e+01
      vertex   -2.750788e+01 -3.048726e+01 -7.719151e+00
      vertex   -2.767791e+01 -3.045057e+01 1.668363e+01
    endloop
  endfacet
  facet normal 2.109328e-01 9.775006e-01 -9.114916e-16
    outer loop
      vertex   -2.767791e+01 -3.045057e+01 1.668363e+01
      vertex   -2.750788e+01 -3.048726e+01 -7.719151e+00
      vertex   -2.803774e+01 -3.037292e+01 -7.725143e+00
    endloop
  endfacet
  facet normal 2.109328e-01 9.775006e-01 -5.038840e-16
    outer loop
      vertex   -2.767791e+01 -3.045057e+01 1.668363e+01
      vertex   -2.803774e+01 -3.037292e+01 -7.725143e+00
      vertex   -2.803774e+01 -3.037292e+01 1.668385e+01
    endloop
  endfacet
  facet normal 9.773130e-01 -2.117999e-01 7.535355e-15
    outer loop
      vertex   -7.190970e+01 -2.086633e+01 8.664160e+00
      vertex   -7.190970e+01 -2.086633e+01 -8.223362e+00
      vertex   -7.190946e+01 -2.086520e+01 8.664160e+00
    endloop
  endfacet
  facet normal 9.773130e-01 -2.117999e-01 8.357735e-15
    outer loop
      vertex   -7.190946e+01 -2.086520e+01 8.664160e+00
      vertex   -7.190970e+01 -2.086633e+01 -8.223362e+00
      vertex   -7.190946e+01 -2.086520e+01 -8.223422e+00
    endloop
  endfacet
  facet normal 9.773185e-01 -2.117746e-01 6.735826e-15
    outer loop
      vertex   -7.168483e+01 -1.982856e+01 -8.277750e+00
      vertex   -7.168483e+01 -1.982856e+01 8.664160e+00
      vertex   -7.190946e+01 -2.086520e+01 -8.223422e+00
    endloop
  endfacet
  facet normal 9.773185e-01 -2.117746e-01 8.357765e-15
    outer loop
      vertex   -7.190946e+01 -2.086520e+01 -8.223422e+00
      vertex   -7.168483e+01 -1.982856e+01 8.664160e+00
      vertex   -7.190946e+01 -2.086520e+01 8.664160e+00
    endloop
  endfacet
  facet normal -9.773185e-01 2.117746e-01 -6.355572e-15
    outer loop
      vertex   -7.754874e+01 -1.855792e+01 -8.344342e+00
      vertex   -7.777334e+01 -1.959440e+01 -8.290022e+00
      vertex   -7.754874e+01 -1.855792e+01 8.664160e+00
    endloop
  endfacet
  facet normal -9.773185e-01 2.117746e-01 -9.873180e-15
    outer loop
      vertex   -7.754874e+01 -1.855792e+01 8.664160e+00
      vertex   -7.777334e+01 -1.959440e+01 -8.290022e+00
      vertex   -7.777334e+01 -1.959440e+01 8.664160e+00
    endloop
  endfacet
  facet normal -9.773130e-01 2.117999e-01 -9.874490e-15
    outer loop
      vertex   -7.777334e+01 -1.959440e+01 -8.290022e+00
      vertex   -7.777362e+01 -1.959569e+01 -8.289954e+00
      vertex   -7.777334e+01 -1.959440e+01 8.664160e+00
    endloop
  endfacet
  facet normal -9.773130e-01 2.117999e-01 -9.366028e-15
    outer loop
      vertex   -7.777334e+01 -1.959440e+01 8.664160e+00
      vertex   -7.777362e+01 -1.959569e+01 -8.289954e+00
      vertex   -7.777362e+01 -1.959569e+01 8.664160e+00
    endloop
  endfacet
  facet normal 1.237240e-01 9.923167e-01 -1.576417e-15
    outer loop
      vertex   -9.044261e+01 -1.684875e+01 8.445133e+00
      vertex   -9.016336e+01 -1.688357e+01 8.494706e+00
      vertex   -9.044261e+01 -1.684875e+01 6.220163e+00
    endloop
  endfacet
  facet normal 9.848078e-01 -1.227878e-01 -1.227878e-01
    outer loop
      vertex   -9.044261e+01 -1.684875e+01 6.220163e+00
      vertex   -9.016336e+01 -1.688357e+01 8.494706e+00
      vertex   -9.016644e+01 -1.690864e+01 8.495114e+00
    endloop
  endfacet
  facet normal 2.119276e-01 9.772854e-01 -1.226344e-14
    outer loop
      vertex   -9.016644e+01 -1.690864e+01 8.495114e+00
      vertex   -8.010602e+01 -1.909028e+01 1.031578e+01
      vertex   -9.044261e+01 -1.684875e+01 6.220163e+00
    endloop
  endfacet
  facet normal 2.119276e-01 9.772854e-01 6.489962e-16
    outer loop
      vertex   -9.044261e+01 -1.684875e+01 6.220163e+00
      vertex   -8.010602e+01 -1.909028e+01 1.031578e+01
      vertex   -8.010602e+01 -1.909028e+01 -8.316442e+00
    endloop
  endfacet
  facet normal 2.119276e-01 9.772854e-01 4.110353e-16
    outer loop
      vertex   -9.044261e+01 -1.684875e+01 6.220163e+00
      vertex   -8.010602e+01 -1.909028e+01 -8.316442e+00
      vertex   -9.044261e+01 -1.684875e+01 -8.433915e+00
    endloop
  endfacet
  facet normal 2.457570e-01 -9.661341e-01 7.866598e-02
    outer loop
      vertex   -1.045332e+02 -2.733179e+01 -1.721955e+00
      vertex   -1.042543e+02 -2.725714e+01 -1.676539e+00
      vertex   -1.058949e+02 -2.703672e+01 6.155784e+00
    endloop
  endfacet
  facet normal 2.457570e-01 -9.661341e-01 7.866598e-02
    outer loop
      vertex   -1.058949e+02 -2.703672e+01 6.155784e+00
      vertex   -1.042543e+02 -2.725714e+01 -1.676539e+00
      vertex   -1.056159e+02 -2.696208e+01 6.201200e+00
    endloop
  endfacet
  facet normal 4.090985e-01 -9.064677e-01 1.046650e-01
    outer loop
      vertex   -1.047914e+02 -2.745294e+01 -1.762048e+00
      vertex   -1.045332e+02 -2.733179e+01 -1.721955e+00
      vertex   -1.061531e+02 -2.715788e+01 6.115691e+00
    endloop
  endfacet
  facet normal 4.090985e-01 -9.064677e-01 1.046650e-01
    outer loop
      vertex   -1.061531e+02 -2.715788e+01 6.115691e+00
      vertex   -1.045332e+02 -2.733179e+01 -1.721955e+00
      vertex   -1.058949e+02 -2.703672e+01 6.155784e+00
    endloop
  endfacet
  facet normal 5.576682e-01 -8.202728e-01 1.271170e-01
    outer loop
      vertex   -1.050237e+02 -2.761613e+01 -1.796083e+00
      vertex   -1.047914e+02 -2.745294e+01 -1.762048e+00
      vertex   -1.063853e+02 -2.732107e+01 6.081656e+00
    endloop
  endfacet
  facet normal 5.576682e-01 -8.202728e-01 1.271170e-01
    outer loop
      vertex   -1.063853e+02 -2.732107e+01 6.081656e+00
      vertex   -1.047914e+02 -2.745294e+01 -1.762048e+00
      vertex   -1.061531e+02 -2.715788e+01 6.115691e+00
    endloop
  endfacet
  facet normal 6.888655e-01 -7.101022e-01 1.456681e-01
    outer loop
      vertex   -1.052251e+02 -2.781712e+01 -1.823371e+00
      vertex   -1.050237e+02 -2.761613e+01 -1.796083e+00
      vertex   -1.065867e+02 -2.752206e+01 6.054369e+00
    endloop
  endfacet
  facet normal 6.888655e-01 -7.101022e-01 1.456681e-01
    outer loop
      vertex   -1.065867e+02 -2.752206e+01 6.054369e+00
      vertex   -1.050237e+02 -2.761613e+01 -1.796083e+00
      vertex   -1.063853e+02 -2.732107e+01 6.081656e+00
    endloop
  endfacet
  facet normal 8.000536e-01 -5.782137e-01 1.599472e-01
    outer loop
      vertex   -1.053908e+02 -2.805189e+01 -1.843220e+00
      vertex   -1.052251e+02 -2.781712e+01 -1.823371e+00
      vertex   -1.067525e+02 -2.775683e+01 6.034520e+00
    endloop
  endfacet
  facet normal 8.000536e-01 -5.782137e-01 1.599472e-01
    outer loop
      vertex   -1.067525e+02 -2.775683e+01 6.034520e+00
      vertex   -1.052251e+02 -2.781712e+01 -1.823371e+00
      vertex   -1.065867e+02 -2.752206e+01 6.054369e+00
    endloop
  endfacet
  facet normal 8.885087e-01 -4.263860e-01 1.695501e-01
    outer loop
      vertex   -1.055153e+02 -2.831604e+01 -1.854853e+00
      vertex   -1.053908e+02 -2.805189e+01 -1.843220e+00
      vertex   -1.068770e+02 -2.802098e+01 6.022886e+00
    endloop
  endfacet
  facet normal 8.885087e-01 -4.263860e-01 1.695501e-01
    outer loop
      vertex   -1.068770e+02 -2.802098e+01 6.022886e+00
      vertex   -1.053908e+02 -2.805189e+01 -1.843220e+00
      vertex   -1.067525e+02 -2.775683e+01 6.034520e+00
    endloop
  endfacet
  facet normal 9.501864e-01 -2.586403e-01 1.739283e-01
    outer loop
      vertex   -1.055873e+02 -2.858206e+01 -1.857328e+00
      vertex   -1.055153e+02 -2.831604e+01 -1.854853e+00
      vertex   -1.069490e+02 -2.828700e+01 6.020412e+00
    endloop
  endfacet
  facet normal 9.501864e-01 -2.586403e-01 1.739283e-01
    outer loop
      vertex   -1.069490e+02 -2.828700e+01 6.020412e+00
      vertex   -1.055153e+02 -2.831604e+01 -1.854853e+00
      vertex   -1.068770e+02 -2.802098e+01 6.022886e+00
    endloop
  endfacet
  facet normal 9.923167e-01 -1.237240e-01 1.924607e-15
    outer loop
      vertex   -9.044261e+01 -1.684875e+01 -8.433915e+00
      vertex   -8.966088e+01 -1.057895e+01 -8.762502e+00
      vertex   -9.044261e+01 -1.684875e+01 6.220163e+00
    endloop
  endfacet
  facet normal 9.923167e-01 -1.237240e-01 -2.218517e-16
    outer loop
      vertex   -9.044261e+01 -1.684875e+01 6.220163e+00
      vertex   -8.966088e+01 -1.057895e+01 -8.762502e+00
      vertex   -8.966088e+01 -1.057895e+01 8.345420e+00
    endloop
  endfacet
  facet normal 9.923167e-01 -1.237240e-01 -2.554921e-14
    outer loop
      vertex   -9.044261e+01 -1.684875e+01 6.220163e+00
      vertex   -8.966088e+01 -1.057895e+01 8.345420e+00
      vertex   -9.044261e+01 -1.684875e+01 8.445133e+00
    endloop
  endfacet
  facet normal 1.733577e-02 3.271951e-02 9.993142e-01
    outer loop
      vertex   -9.977263e+01 -2.704815e+01 6.507799e+00
      vertex   -9.978353e+01 -2.704780e+01 6.507976e+00
      vertex   -9.978366e+01 -2.704791e+01 6.507982e+00
    endloop
  endfacet
  facet normal 7.175927e-02 -9.961822e-01 4.971571e-02
    outer loop
      vertex   -1.042543e+02 -2.725714e+01 -1.676539e+00
      vertex   -1.039824e+02 -2.723525e+01 -1.630365e+00
      vertex   -1.056159e+02 -2.696208e+01 6.201200e+00
    endloop
  endfacet
  facet normal 7.175927e-02 -9.961822e-01 4.971571e-02
    outer loop
      vertex   -1.056159e+02 -2.696208e+01 6.201200e+00
      vertex   -1.039824e+02 -2.723525e+01 -1.630365e+00
      vertex   -1.053441e+02 -2.694019e+01 6.247375e+00
    endloop
  endfacet
  facet normal -3.489274e-02 -7.271949e-01 -6.855436e-01
    outer loop
      vertex   -9.978353e+01 -2.704780e+01 6.507976e+00
      vertex   -9.977263e+01 -2.704815e+01 6.507799e+00
      vertex   -9.978366e+01 -2.704791e+01 6.508104e+00
    endloop
  endfacet
  facet normal 6.622026e-01 -7.492113e-01 1.304298e-02
    outer loop
      vertex   -9.978366e+01 -2.704791e+01 6.507982e+00
      vertex   -9.978353e+01 -2.704780e+01 6.507976e+00
      vertex   -9.978366e+01 -2.704791e+01 6.508104e+00
    endloop
  endfacet
  facet normal -6.619199e-01 7.495746e-01 -3.810064e-15
    outer loop
      vertex   -1.037817e+02 -2.304850e+01 -3.806446e+00
      vertex   -1.075905e+02 -2.641185e+01 5.839293e+00
      vertex   -1.036206e+02 -2.290623e+01 2.391923e+00
    endloop
  endfacet
  facet normal -6.619199e-01 7.495746e-01 6.976821e-15
    outer loop
      vertex   -1.036206e+02 -2.290623e+01 2.391923e+00
      vertex   -1.075905e+02 -2.641185e+01 5.839293e+00
      vertex   -8.966088e+01 -1.057895e+01 8.345420e+00
    endloop
  endfacet
  facet normal -6.619199e-01 7.495746e-01 3.165717e-15
    outer loop
      vertex   -1.036206e+02 -2.290623e+01 2.391923e+00
      vertex   -8.966088e+01 -1.057895e+01 8.345420e+00
      vertex   -9.350847e+01 -1.397660e+01 1.883745e+00
    endloop
  endfacet
  facet normal -6.619199e-01 7.495746e-01 1.314837e-15
    outer loop
      vertex   -9.350847e+01 -1.397660e+01 1.883745e+00
      vertex   -8.966088e+01 -1.057895e+01 8.345420e+00
      vertex   -8.966088e+01 -1.057895e+01 -8.762502e+00
    endloop
  endfacet
  facet normal -6.619199e-01 7.495746e-01 6.553320e-16
    outer loop
      vertex   -9.350847e+01 -1.397660e+01 1.883745e+00
      vertex   -8.966088e+01 -1.057895e+01 -8.762502e+00
      vertex   -9.366854e+01 -1.411795e+01 -4.274290e+00
    endloop
  endfacet
  facet normal -6.619199e-01 7.495746e-01 -2.761531e-16
    outer loop
      vertex   -9.366854e+01 -1.411795e+01 -4.274290e+00
      vertex   -8.966088e+01 -1.057895e+01 -8.762502e+00
      vertex   -1.075905e+02 -2.641185e+01 -7.932734e+00
    endloop
  endfacet
  facet normal -6.619199e-01 7.495746e-01 1.052680e-14
    outer loop
      vertex   -9.366854e+01 -1.411795e+01 -4.274290e+00
      vertex   -1.075905e+02 -2.641185e+01 -7.932734e+00
      vertex   -1.037817e+02 -2.304850e+01 -3.806446e+00
    endloop
  endfacet
  facet normal -6.619199e-01 7.495746e-01 2.817660e-15
    outer loop
      vertex   -1.037817e+02 -2.304850e+01 -3.806446e+00
      vertex   -1.075905e+02 -2.641185e+01 -7.932734e+00
      vertex   -1.075905e+02 -2.641185e+01 5.839293e+00
    endloop
  endfacet
  facet normal 7.491243e-01 6.615223e-01 -3.465510e-02
    outer loop
      vertex   -1.031749e+02 -2.265609e+01 2.373105e+00
      vertex   -1.030571e+02 -2.278954e+01 2.373110e+00
      vertex   -1.031750e+02 -2.265616e+01 2.370788e+00
    endloop
  endfacet
  facet normal -6.622026e-01 7.492113e-01 -1.304298e-02
    outer loop
      vertex   -1.035495e+02 -2.298680e+01 2.391926e+00
      vertex   -1.031749e+02 -2.265609e+01 2.373105e+00
      vertex   -1.035495e+02 -2.298693e+01 2.388115e+00
    endloop
  endfacet
  facet normal -6.622026e-01 7.492113e-01 -1.304298e-02
    outer loop
      vertex   -1.035495e+02 -2.298693e+01 2.388115e+00
      vertex   -1.031749e+02 -2.265609e+01 2.373105e+00
      vertex   -1.031750e+02 -2.265616e+01 2.370788e+00
    endloop
  endfacet
  facet normal -2.094296e-02 -9.992090e-01 3.380539e-02
    outer loop
      vertex   -9.977263e+01 -2.704815e+01 6.507799e+00
      vertex   -9.978366e+01 -2.704791e+01 6.507982e+00
      vertex   -1.053441e+02 -2.694019e+01 6.247375e+00
    endloop
  endfacet
  facet normal -2.094296e-02 -9.992090e-01 3.380539e-02
    outer loop
      vertex   -1.053441e+02 -2.694019e+01 6.247375e+00
      vertex   -9.978366e+01 -2.704791e+01 6.507982e+00
      vertex   -9.978366e+01 -2.704791e+01 6.508104e+00
    endloop
  endfacet
  facet normal -2.094296e-02 -9.992090e-01 3.380539e-02
    outer loop
      vertex   -1.053441e+02 -2.694019e+01 6.247375e+00
      vertex   -9.978366e+01 -2.704791e+01 6.508104e+00
      vertex   -5.189743e+01 -2.774683e+01 1.551590e+01
    endloop
  endfacet
  facet normal -2.094296e-02 -9.992090e-01 3.380539e-02
    outer loop
      vertex   -5.189743e+01 -2.774683e+01 1.551590e+01
      vertex   -9.978366e+01 -2.704791e+01 6.508104e+00
      vertex   -9.977263e+01 -2.704815e+01 6.507799e+00
    endloop
  endfacet
  facet normal -2.094296e-02 -9.992090e-01 3.380539e-02
    outer loop
      vertex   -5.189743e+01 -2.774683e+01 1.551590e+01
      vertex   -9.977263e+01 -2.704815e+01 6.507799e+00
      vertex   -8.142023e+01 -2.744999e+01 5.999954e+00
    endloop
  endfacet
  facet normal -2.094296e-02 -9.992090e-01 3.380539e-02
    outer loop
      vertex   -8.148248e+01 -2.757483e+01 2.271490e+00
      vertex   -5.053575e+01 -2.804189e+01 7.638163e+00
      vertex   -8.142023e+01 -2.744999e+01 5.999954e+00
    endloop
  endfacet
  facet normal -2.094296e-02 -9.992090e-01 3.380539e-02
    outer loop
      vertex   -8.142023e+01 -2.744999e+01 5.999954e+00
      vertex   -5.053575e+01 -2.804189e+01 7.638163e+00
      vertex   -5.189743e+01 -2.774683e+01 1.551590e+01
    endloop
  endfacet
  facet normal -2.094296e-02 -9.992090e-01 3.380539e-02
    outer loop
      vertex   -1.053441e+02 -2.694019e+01 6.247375e+00
      vertex   -1.039824e+02 -2.723525e+01 -1.630365e+00
      vertex   -9.977263e+01 -2.704815e+01 6.507799e+00
    endloop
  endfacet
  facet normal -2.094296e-02 -9.992090e-01 3.380539e-02
    outer loop
      vertex   -9.977263e+01 -2.704815e+01 6.507799e+00
      vertex   -1.039824e+02 -2.723525e+01 -1.630365e+00
      vertex   -9.989666e+01 -2.729691e+01 -9.218329e-01
    endloop
  endfacet
  facet normal -2.819826e-02 -2.493651e-02 -9.992913e-01
    outer loop
      vertex   -8.519706e+01 -2.338864e+01 1.884081e+00
      vertex   -1.028697e+02 -2.300168e+01 2.373117e+00
      vertex   -9.350847e+01 -1.397660e+01 1.883745e+00
    endloop
  endfacet
  facet normal -2.819826e-02 -2.493651e-02 -9.992913e-01
    outer loop
      vertex   -9.350847e+01 -1.397660e+01 1.883745e+00
      vertex   -1.028697e+02 -2.300168e+01 2.373117e+00
      vertex   -1.030571e+02 -2.278954e+01 2.373110e+00
    endloop
  endfacet
  facet normal -2.819826e-02 -2.493651e-02 -9.992913e-01
    outer loop
      vertex   -9.350847e+01 -1.397660e+01 1.883745e+00
      vertex   -1.030571e+02 -2.278954e+01 2.373110e+00
      vertex   -1.031749e+02 -2.265609e+01 2.373105e+00
    endloop
  endfacet
  facet normal -2.819826e-02 -2.493651e-02 -9.992913e-01
    outer loop
      vertex   -1.035495e+02 -2.298680e+01 2.391926e+00
      vertex   -1.036206e+02 -2.290623e+01 2.391923e+00
      vertex   -1.031749e+02 -2.265609e+01 2.373105e+00
    endloop
  endfacet
  facet normal -2.819826e-02 -2.493651e-02 -9.992913e-01
    outer loop
      vertex   -1.031749e+02 -2.265609e+01 2.373105e+00
      vertex   -1.036206e+02 -2.290623e+01 2.391923e+00
      vertex   -9.350847e+01 -1.397660e+01 1.883745e+00
    endloop
  endfacet
  facet normal -7.491243e-01 -6.615223e-01 3.465510e-02
    outer loop
      vertex   -1.028663e+02 -2.300538e+01 2.376867e+00
      vertex   -1.030571e+02 -2.278954e+01 2.373110e+00
      vertex   -1.028697e+02 -2.300168e+01 2.373117e+00
    endloop
  endfacet
  facet normal -1.733577e-02 -3.271951e-02 -9.993142e-01
    outer loop
      vertex   -9.831541e+01 -2.315391e+01 2.302783e+00
      vertex   -1.011722e+02 -2.567662e+01 2.434940e+00
      vertex   -1.028663e+02 -2.300538e+01 2.376867e+00
    endloop
  endfacet
  facet normal -1.733577e-02 -3.271951e-02 -9.993142e-01
    outer loop
      vertex   -1.028663e+02 -2.300538e+01 2.376867e+00
      vertex   -1.011722e+02 -2.567662e+01 2.434940e+00
      vertex   -1.035495e+02 -2.298693e+01 2.388115e+00
    endloop
  endfacet
  facet normal -1.733577e-02 -3.271951e-02 -9.993142e-01
    outer loop
      vertex   -1.028663e+02 -2.300538e+01 2.376867e+00
      vertex   -1.035495e+02 -2.298693e+01 2.388115e+00
      vertex   -1.030571e+02 -2.278954e+01 2.373110e+00
    endloop
  endfacet
  facet normal -1.733577e-02 -3.271951e-02 -9.993142e-01
    outer loop
      vertex   -1.030571e+02 -2.278954e+01 2.373110e+00
      vertex   -1.035495e+02 -2.298693e+01 2.388115e+00
      vertex   -1.031750e+02 -2.265616e+01 2.370788e+00
    endloop
  endfacet
  facet normal -3.487445e-15 1.000000e+00 3.104368e-16
    outer loop
      vertex   5.175256e-01 -3.048726e+01 -7.719151e+00
      vertex   -1.245018e+01 -3.048726e+01 6.821107e+00
      vertex   5.175256e-01 -3.048726e+01 1.516933e+01
    endloop
  endfacet
  facet normal -4.483033e-15 1.000000e+00 1.856933e-15
    outer loop
      vertex   5.175256e-01 -3.048726e+01 1.516933e+01
      vertex   -1.245018e+01 -3.048726e+01 6.821107e+00
      vertex   -1.225038e+01 -3.048726e+01 7.303469e+00
    endloop
  endfacet
  facet normal -3.633763e-15 1.000000e+00 4.783940e-16
    outer loop
      vertex   5.175256e-01 -3.048726e+01 1.516933e+01
      vertex   -1.225038e+01 -3.048726e+01 7.303469e+00
      vertex   -1.218223e+01 -3.048726e+01 7.821107e+00
    endloop
  endfacet
  facet normal -7.986361e-15 1.000000e+00 -3.947393e-15
    outer loop
      vertex   -2.750788e+01 -3.048726e+01 -7.719151e+00
      vertex   -1.418223e+01 -3.048726e+01 5.821107e+00
      vertex   5.175256e-01 -3.048726e+01 -7.719151e+00
    endloop
  endfacet
  facet normal -6.549060e-15 1.000000e+00 -2.387011e-15
    outer loop
      vertex   5.175256e-01 -3.048726e+01 -7.719151e+00
      vertex   -1.418223e+01 -3.048726e+01 5.821107e+00
      vertex   -1.366459e+01 -3.048726e+01 5.889255e+00
    endloop
  endfacet
  facet normal -6.428539e-15 1.000000e+00 -2.261409e-15
    outer loop
      vertex   5.175256e-01 -3.048726e+01 -7.719151e+00
      vertex   -1.366459e+01 -3.048726e+01 5.889255e+00
      vertex   -1.318223e+01 -3.048726e+01 6.089056e+00
    endloop
  endfacet
  facet normal -1.259202e-14 1.000000e+00 -1.458056e-16
    outer loop
      vertex   -2.750788e+01 -3.048726e+01 1.664694e+01
      vertex   -1.611408e+01 -3.048726e+01 7.303469e+00
      vertex   -2.750788e+01 -3.048726e+01 -7.719151e+00
    endloop
  endfacet
  facet normal -8.268520e-15 1.000000e+00 -3.424933e-15
    outer loop
      vertex   -2.750788e+01 -3.048726e+01 -7.719151e+00
      vertex   -1.611408e+01 -3.048726e+01 7.303469e+00
      vertex   -1.591428e+01 -3.048726e+01 6.821107e+00
    endloop
  endfacet
  facet normal -1.736583e-14 1.000000e+00 3.828753e-15
    outer loop
      vertex   -2.750788e+01 -3.048726e+01 -7.719151e+00
      vertex   -1.591428e+01 -3.048726e+01 6.821107e+00
      vertex   -1.559645e+01 -3.048726e+01 6.406894e+00
    endloop
  endfacet
  facet normal -5.539722e-15 1.000000e+00 3.919155e-14
    outer loop
      vertex   1.032978e+01 -3.048726e+01 1.664694e+01
      vertex   5.175256e-01 -3.048726e+01 1.516933e+01
      vertex   -2.750788e+01 -3.048726e+01 1.664694e+01
    endloop
  endfacet
  facet normal -7.132794e-15 1.000000e+00 8.976240e-15
    outer loop
      vertex   -2.750788e+01 -3.048726e+01 1.664694e+01
      vertex   5.175256e-01 -3.048726e+01 1.516933e+01
      vertex   -1.418223e+01 -3.048726e+01 9.821107e+00
    endloop
  endfacet
  facet normal -7.858533e-15 1.000000e+00 7.559426e-15
    outer loop
      vertex   -2.750788e+01 -3.048726e+01 1.664694e+01
      vertex   -1.418223e+01 -3.048726e+01 9.821107e+00
      vertex   -1.469987e+01 -3.048726e+01 9.752959e+00
    endloop
  endfacet
  facet normal -7.579123e-15 1.000000e+00 5.273443e-14
    outer loop
      vertex   5.175256e-01 -3.048726e+01 1.516933e+01
      vertex   1.032978e+01 -3.048726e+01 1.664694e+01
      vertex   8.017526e+00 -3.048726e+01 1.516933e+01
    endloop
  endfacet
  facet normal -2.528418e-12 1.000000e+00 3.997499e-12
    outer loop
      vertex   8.017526e+00 -3.048726e+01 1.516933e+01
      vertex   1.032978e+01 -3.048726e+01 1.664694e+01
      vertex   1.032977e+01 -3.048726e+01 1.662560e+01
    endloop
  endfacet
  facet normal -1.090920e-14 1.000000e+00 2.442867e-16
    outer loop
      vertex   8.017526e+00 -3.048726e+01 1.516933e+01
      vertex   1.032977e+01 -3.048726e+01 1.662560e+01
      vertex   1.032030e+01 -3.048726e+01 1.659596e+00
    endloop
  endfacet
  facet normal -7.107578e-15 1.000000e+00 -3.386120e-21
    outer loop
      vertex   2.031728e+01 -3.048726e+01 1.653272e+00
      vertex   2.031728e+01 -3.048726e+01 -7.095446e-01
      vertex   1.032030e+01 -3.048726e+01 1.659596e+00
    endloop
  endfacet
  facet normal -7.225757e-15 1.000000e+00 -4.986773e-16
    outer loop
      vertex   1.032030e+01 -3.048726e+01 1.659596e+00
      vertex   2.031728e+01 -3.048726e+01 -7.095446e-01
      vertex   8.017526e+00 -3.048726e+01 -7.719151e+00
    endloop
  endfacet
  facet normal -1.052111e-14 1.000000e+00 3.104368e-16
    outer loop
      vertex   1.032030e+01 -3.048726e+01 1.659596e+00
      vertex   8.017526e+00 -3.048726e+01 -7.719151e+00
      vertex   8.017526e+00 -3.048726e+01 1.516933e+01
    endloop
  endfacet
  facet normal -7.806204e-15 1.000000e+00 -1.978229e-29
    outer loop
      vertex   3.032979e+01 -3.048726e+01 -7.095446e-01
      vertex   3.032979e+01 -3.048726e+01 -7.719151e+00
      vertex   2.031728e+01 -3.048726e+01 -7.095446e-01
    endloop
  endfacet
  facet normal -7.642894e-15 1.000000e+00 2.332724e-16
    outer loop
      vertex   2.031728e+01 -3.048726e+01 -7.095446e-01
      vertex   3.032979e+01 -3.048726e+01 -7.719151e+00
      vertex   8.017526e+00 -3.048726e+01 -7.719151e+00
    endloop
  endfacet
  facet normal -2.247432e-15 1.000000e+00 1.402251e-14
    outer loop
      vertex   -1.611408e+01 -3.048726e+01 8.338745e+00
      vertex   -1.618223e+01 -3.048726e+01 7.821107e+00
      vertex   -2.750788e+01 -3.048726e+01 1.664694e+01
    endloop
  endfacet
  facet normal -2.660084e-14 1.000000e+00 -1.722870e-14
    outer loop
      vertex   -2.750788e+01 -3.048726e+01 1.664694e+01
      vertex   -1.618223e+01 -3.048726e+01 7.821107e+00
      vertex   -1.611408e+01 -3.048726e+01 7.303469e+00
    endloop
  endfacet
  facet normal -5.038338e-15 1.000000e+00 -6.566090e-15
    outer loop
      vertex   -1.559645e+01 -3.048726e+01 6.406894e+00
      vertex   -1.518223e+01 -3.048726e+01 6.089056e+00
      vertex   -2.750788e+01 -3.048726e+01 -7.719151e+00
    endloop
  endfacet
  facet normal -8.722738e-15 1.000000e+00 -3.277277e-15
    outer loop
      vertex   -2.750788e+01 -3.048726e+01 -7.719151e+00
      vertex   -1.518223e+01 -3.048726e+01 6.089056e+00
      vertex   -1.469987e+01 -3.048726e+01 5.889255e+00
    endloop
  endfacet
  facet normal -7.452208e-15 1.000000e+00 -4.473079e-15
    outer loop
      vertex   -2.750788e+01 -3.048726e+01 -7.719151e+00
      vertex   -1.469987e+01 -3.048726e+01 5.889255e+00
      vertex   -1.418223e+01 -3.048726e+01 5.821107e+00
    endloop
  endfacet
  facet normal -1.793453e-15 1.000000e+00 2.337273e-15
    outer loop
      vertex   -1.318223e+01 -3.048726e+01 6.089056e+00
      vertex   -1.276802e+01 -3.048726e+01 6.406894e+00
      vertex   5.175256e-01 -3.048726e+01 -7.719151e+00
    endloop
  endfacet
  facet normal -1.240057e-14 1.000000e+00 -7.638724e-15
    outer loop
      vertex   5.175256e-01 -3.048726e+01 -7.719151e+00
      vertex   -1.276802e+01 -3.048726e+01 6.406894e+00
      vertex   -1.245018e+01 -3.048726e+01 6.821107e+00
    endloop
  endfacet
  facet normal -3.119341e-15 1.000000e+00 -4.106691e-16
    outer loop
      vertex   -1.218223e+01 -3.048726e+01 7.821107e+00
      vertex   -1.225038e+01 -3.048726e+01 8.338745e+00
      vertex   5.175256e-01 -3.048726e+01 1.516933e+01
    endloop
  endfacet
  facet normal -2.733343e-15 1.000000e+00 -1.132188e-15
    outer loop
      vertex   5.175256e-01 -3.048726e+01 1.516933e+01
      vertex   -1.225038e+01 -3.048726e+01 8.338745e+00
      vertex   -1.245018e+01 -3.048726e+01 8.821107e+00
    endloop
  endfacet
  facet normal -8.494377e-15 1.000000e+00 1.063605e-14
    outer loop
      vertex   5.175256e-01 -3.048726e+01 1.516933e+01
      vertex   -1.245018e+01 -3.048726e+01 8.821107e+00
      vertex   -1.276802e+01 -3.048726e+01 9.235321e+00
    endloop
  endfacet
  facet normal -2.366347e-15 1.000000e+00 -3.083883e-15
    outer loop
      vertex   -1.276802e+01 -3.048726e+01 9.235321e+00
      vertex   -1.318223e+01 -3.048726e+01 9.553158e+00
      vertex   5.175256e-01 -3.048726e+01 1.516933e+01
    endloop
  endfacet
  facet normal -5.488242e-15 1.000000e+00 4.531485e-15
    outer loop
      vertex   5.175256e-01 -3.048726e+01 1.516933e+01
      vertex   -1.318223e+01 -3.048726e+01 9.553158e+00
      vertex   -1.366459e+01 -3.048726e+01 9.752959e+00
    endloop
  endfacet
  facet normal -6.067169e-15 1.000000e+00 6.047336e-15
    outer loop
      vertex   5.175256e-01 -3.048726e+01 1.516933e+01
      vertex   -1.366459e+01 -3.048726e+01 9.752959e+00
      vertex   -1.418223e+01 -3.048726e+01 9.821107e+00
    endloop
  endfacet
  facet normal -9.349269e-15 1.000000e+00 4.789858e-15
    outer loop
      vertex   -1.469987e+01 -3.048726e+01 9.752959e+00
      vertex   -1.518223e+01 -3.048726e+01 9.553158e+00
      vertex   -2.750788e+01 -3.048726e+01 1.664694e+01
    endloop
  endfacet
  facet normal -6.917520e-15 1.000000e+00 9.015088e-15
    outer loop
      vertex   -2.750788e+01 -3.048726e+01 1.664694e+01
      vertex   -1.518223e+01 -3.048726e+01 9.553158e+00
      vertex   -1.559645e+01 -3.048726e+01 9.235321e+00
    endloop
  endfacet
  facet normal -1.570316e-14 1.000000e+00 -5.104563e-15
    outer loop
      vertex   -2.750788e+01 -3.048726e+01 1.664694e+01
      vertex   -1.559645e+01 -3.048726e+01 9.235321e+00
      vertex   -1.591428e+01 -3.048726e+01 8.821107e+00
    endloop
  endfacet
  facet normal -9.579172e-15 1.000000e+00 3.967823e-15
    outer loop
      vertex   -1.591428e+01 -3.048726e+01 8.821107e+00
      vertex   -1.611408e+01 -3.048726e+01 8.338745e+00
      vertex   -2.750788e+01 -3.048726e+01 1.664694e+01
    endloop
  endfacet
  facet normal 7.491243e-01 6.615223e-01 -3.465510e-02
    outer loop
      vertex   -7.577120e+01 -5.434565e+01 4.261393e+00
      vertex   -7.595129e+01 -5.450493e+01 -2.672022e+00
      vertex   -9.989666e+01 -2.729691e+01 -9.218329e-01
    endloop
  endfacet
  facet normal 7.491243e-01 6.615223e-01 -3.465510e-02
    outer loop
      vertex   -9.989666e+01 -2.729691e+01 -9.218329e-01
      vertex   -7.595129e+01 -5.450493e+01 -2.672022e+00
      vertex   -7.598073e+01 -5.453096e+01 -3.805302e+00
    endloop
  endfacet
  facet normal 7.491243e-01 6.615223e-01 -3.465510e-02
    outer loop
      vertex   -9.989666e+01 -2.729691e+01 -9.218329e-01
      vertex   -7.598073e+01 -5.453096e+01 -3.805302e+00
      vertex   -1.037817e+02 -2.304850e+01 -3.806446e+00
    endloop
  endfacet
  facet normal 7.491243e-01 6.615223e-01 -3.465510e-02
    outer loop
      vertex   -1.037817e+02 -2.304850e+01 -3.806446e+00
      vertex   -1.036206e+02 -2.290623e+01 2.391923e+00
      vertex   -9.989666e+01 -2.729691e+01 -9.218329e-01
    endloop
  endfacet
  facet normal 7.491243e-01 6.615223e-01 -3.465510e-02
    outer loop
      vertex   -9.989666e+01 -2.729691e+01 -9.218329e-01
      vertex   -1.036206e+02 -2.290623e+01 2.391923e+00
      vertex   -1.035495e+02 -2.298693e+01 2.388115e+00
    endloop
  endfacet
  facet normal 7.491243e-01 6.615223e-01 -3.465510e-02
    outer loop
      vertex   -9.989666e+01 -2.729691e+01 -9.218329e-01
      vertex   -1.035495e+02 -2.298693e+01 2.388115e+00
      vertex   -1.011722e+02 -2.567662e+01 2.434940e+00
    endloop
  endfacet
  facet normal 7.491243e-01 6.615223e-01 -3.465510e-02
    outer loop
      vertex   -1.036206e+02 -2.290623e+01 2.391923e+00
      vertex   -1.035495e+02 -2.298680e+01 2.391926e+00
      vertex   -1.035495e+02 -2.298693e+01 2.388115e+00
    endloop
  endfacet
  facet normal 7.491243e-01 6.615223e-01 -3.465510e-02
    outer loop
      vertex   -1.011722e+02 -2.567662e+01 2.434940e+00
      vertex   -9.981311e+01 -2.710960e+01 4.459654e+00
      vertex   -9.989666e+01 -2.729691e+01 -9.218329e-01
    endloop
  endfacet
  facet normal 7.491243e-01 6.615223e-01 -3.465510e-02
    outer loop
      vertex   -9.989666e+01 -2.729691e+01 -9.218329e-01
      vertex   -9.981311e+01 -2.710960e+01 4.459654e+00
      vertex   -9.977263e+01 -2.704815e+01 6.507799e+00
    endloop
  endfacet
  facet normal 7.491243e-01 6.615223e-01 -3.465510e-02
    outer loop
      vertex   -9.977263e+01 -2.704815e+01 6.507799e+00
      vertex   -9.981311e+01 -2.710960e+01 4.459654e+00
      vertex   -9.977768e+01 -2.704272e+01 6.502298e+00
    endloop
  endfacet
  facet normal -6.618051e-01 7.496759e-01 -3.256882e-05
    outer loop
      vertex   -7.595129e+01 -5.450493e+01 -2.672022e+00
      vertex   -6.583778e+01 -4.557686e+01 -3.180179e+00
      vertex   -7.598073e+01 -5.453096e+01 -3.805302e+00
    endloop
  endfacet
  facet normal -6.618051e-01 7.496759e-01 -3.256882e-05
    outer loop
      vertex   -7.598073e+01 -5.453096e+01 -3.805302e+00
      vertex   -6.583778e+01 -4.557686e+01 -3.180179e+00
      vertex   -6.586617e+01 -4.560197e+01 -4.273146e+00
    endloop
  endfacet
  facet normal 6.616139e-01 -7.497726e-01 -1.039655e-02
    outer loop
      vertex   -6.557726e+01 -4.540728e+01 5.688642e+00
      vertex   -6.586889e+01 -4.554164e+01 -3.180179e+00
      vertex   -6.379888e+01 -4.384145e+01 5.937389e+00
    endloop
  endfacet
  facet normal 6.616139e-01 -7.497726e-01 -1.039655e-02
    outer loop
      vertex   -6.379888e+01 -4.384145e+01 5.937389e+00
      vertex   -6.586889e+01 -4.554164e+01 -3.180179e+00
      vertex   -6.373893e+01 -4.366065e+01 -3.287217e+00
    endloop
  endfacet
  facet normal -1.702096e-01 3.688262e-02 9.847174e-01
    outer loop
      vertex   -1.187304e+02 -1.027093e+02 -1.352693e+00
      vertex   -1.099309e+02 -9.628956e+01 -7.213308e-02
      vertex   -1.055873e+02 -2.858206e+01 -1.857328e+00
    endloop
  endfacet
  facet normal -1.702096e-01 3.688262e-02 9.847174e-01
    outer loop
      vertex   -1.055873e+02 -2.858206e+01 -1.857328e+00
      vertex   -1.099309e+02 -9.628956e+01 -7.213308e-02
      vertex   -1.094329e+02 -9.586768e+01 -1.866130e-03
    endloop
  endfacet
  facet normal -1.702096e-01 3.688262e-02 9.847174e-01
    outer loop
      vertex   -1.055873e+02 -2.858206e+01 -1.857328e+00
      vertex   -1.094329e+02 -9.586768e+01 -1.866130e-03
      vertex   -1.088428e+02 -9.558904e+01 8.970754e-02
    endloop
  endfacet
  facet normal -1.702096e-01 3.688262e-02 9.847174e-01
    outer loop
      vertex   -8.406158e+01 -1.236807e+02 5.425337e+00
      vertex   -1.079586e+02 -1.004668e+02 4.252245e-01
      vertex   -1.187304e+02 -1.027093e+02 -1.352693e+00
    endloop
  endfacet
  facet normal -1.702096e-01 3.688262e-02 9.847174e-01
    outer loop
      vertex   -1.187304e+02 -1.027093e+02 -1.352693e+00
      vertex   -1.079586e+02 -1.004668e+02 4.252245e-01
      vertex   -1.086090e+02 -1.004130e+02 3.107859e-01
    endloop
  endfacet
  facet normal -1.702096e-01 3.688262e-02 9.847174e-01
    outer loop
      vertex   -1.187304e+02 -1.027093e+02 -1.352693e+00
      vertex   -1.086090e+02 -1.004130e+02 3.107859e-01
      vertex   -1.092234e+02 -1.001927e+02 1.963473e-01
    endloop
  endfacet
  facet normal -1.702096e-01 3.688262e-02 9.847174e-01
    outer loop
      vertex   -6.627291e+01 -1.268063e+02 8.617199e+00
      vertex   -7.102801e+01 -8.587017e+01 6.262012e+00
      vertex   -8.406158e+01 -1.236807e+02 5.425337e+00
    endloop
  endfacet
  facet normal -1.702096e-01 3.688262e-02 9.847174e-01
    outer loop
      vertex   -8.406158e+01 -1.236807e+02 5.425337e+00
      vertex   -7.102801e+01 -8.587017e+01 6.262012e+00
      vertex   -7.117638e+01 -8.556925e+01 6.225095e+00
    endloop
  endfacet
  facet normal -1.702096e-01 3.688262e-02 9.847174e-01
    outer loop
      vertex   -8.406158e+01 -1.236807e+02 5.425337e+00
      vertex   -7.117638e+01 -8.556925e+01 6.225095e+00
      vertex   -9.456648e+01 -8.720142e+01 2.243220e+00
    endloop
  endfacet
  facet normal -1.702096e-01 3.688262e-02 9.847174e-01
    outer loop
      vertex   -9.456648e+01 -8.720142e+01 2.243220e+00
      vertex   -7.117638e+01 -8.556925e+01 6.225095e+00
      vertex   -9.444927e+01 -8.682785e+01 2.249488e+00
    endloop
  endfacet
  facet normal -1.702096e-01 3.688262e-02 9.847174e-01
    outer loop
      vertex   -9.444927e+01 -8.682785e+01 2.249488e+00
      vertex   -7.117638e+01 -8.556925e+01 6.225095e+00
      vertex   -9.443120e+01 -8.643686e+01 2.237967e+00
    endloop
  endfacet
  facet normal -1.702096e-01 3.688262e-02 9.847174e-01
    outer loop
      vertex   -9.443120e+01 -8.643686e+01 2.237967e+00
      vertex   -7.117638e+01 -8.556925e+01 6.225095e+00
      vertex   -7.914470e+01 -5.732376e+01 3.789824e+00
    endloop
  endfacet
  facet normal -1.702096e-01 3.688262e-02 9.847174e-01
    outer loop
      vertex   -9.443120e+01 -8.643686e+01 2.237967e+00
      vertex   -7.914470e+01 -5.732376e+01 3.789824e+00
      vertex   -9.451351e+01 -8.605509e+01 2.209441e+00
    endloop
  endfacet
  facet normal -1.702096e-01 3.688262e-02 9.847174e-01
    outer loop
      vertex   -9.451351e+01 -8.605509e+01 2.209441e+00
      vertex   -7.914470e+01 -5.732376e+01 3.789824e+00
      vertex   -9.469058e+01 -8.570857e+01 2.165854e+00
    endloop
  endfacet
  facet normal -1.702096e-01 3.688262e-02 9.847174e-01
    outer loop
      vertex   -9.469058e+01 -8.570857e+01 2.165854e+00
      vertex   -7.914470e+01 -5.732376e+01 3.789824e+00
      vertex   -9.495035e+01 -8.542090e+01 2.110178e+00
    endloop
  endfacet
  facet normal -1.702096e-01 3.688262e-02 9.847174e-01
    outer loop
      vertex   -9.495035e+01 -8.542090e+01 2.110178e+00
      vertex   -7.914470e+01 -5.732376e+01 3.789824e+00
      vertex   -9.527512e+01 -8.521169e+01 2.046206e+00
    endloop
  endfacet
  facet normal -1.702096e-01 3.688262e-02 9.847174e-01
    outer loop
      vertex   -9.527512e+01 -8.521169e+01 2.046206e+00
      vertex   -7.914470e+01 -5.732376e+01 3.789824e+00
      vertex   -8.907220e+01 -5.015482e+01 1.805332e+00
    endloop
  endfacet
  facet normal -1.702096e-01 3.688262e-02 9.847174e-01
    outer loop
      vertex   -9.527512e+01 -8.521169e+01 2.046206e+00
      vertex   -8.907220e+01 -5.015482e+01 1.805332e+00
      vertex   -9.564275e+01 -8.509521e+01 1.978297e+00
    endloop
  endfacet
  facet normal -1.702096e-01 3.688262e-02 9.847174e-01
    outer loop
      vertex   -9.564275e+01 -8.509521e+01 1.978297e+00
      vertex   -8.907220e+01 -5.015482e+01 1.805332e+00
      vertex   -8.945764e+01 -5.013899e+01 1.738115e+00
    endloop
  endfacet
  facet normal -1.702096e-01 3.688262e-02 9.847174e-01
    outer loop
      vertex   -9.564275e+01 -8.509521e+01 1.978297e+00
      vertex   -8.945764e+01 -5.013899e+01 1.738115e+00
      vertex   -9.602819e+01 -8.507937e+01 1.911080e+00
    endloop
  endfacet
  facet normal -1.702096e-01 3.688262e-02 9.847174e-01
    outer loop
      vertex   -9.602819e+01 -8.507937e+01 1.911080e+00
      vertex   -8.945764e+01 -5.013899e+01 1.738115e+00
      vertex   -8.982528e+01 -5.002251e+01 1.670206e+00
    endloop
  endfacet
  facet normal -1.702096e-01 3.688262e-02 9.847174e-01
    outer loop
      vertex   -9.602819e+01 -8.507937e+01 1.911080e+00
      vertex   -8.982528e+01 -5.002251e+01 1.670206e+00
      vertex   -9.640518e+01 -8.516528e+01 1.849135e+00
    endloop
  endfacet
  facet normal -1.702096e-01 3.688262e-02 9.847174e-01
    outer loop
      vertex   -9.640518e+01 -8.516528e+01 1.849135e+00
      vertex   -8.982528e+01 -5.002251e+01 1.670206e+00
      vertex   -9.015004e+01 -4.981330e+01 1.606234e+00
    endloop
  endfacet
  facet normal -1.702096e-01 3.688262e-02 9.847174e-01
    outer loop
      vertex   -9.640518e+01 -8.516528e+01 1.849135e+00
      vertex   -9.015004e+01 -4.981330e+01 1.606234e+00
      vertex   -9.674801e+01 -8.534706e+01 1.796685e+00
    endloop
  endfacet
  facet normal -1.702096e-01 3.688262e-02 9.847174e-01
    outer loop
      vertex   -9.674801e+01 -8.534706e+01 1.796685e+00
      vertex   -9.015004e+01 -4.981330e+01 1.606234e+00
      vertex   -9.040982e+01 -4.952563e+01 1.550557e+00
    endloop
  endfacet
  facet normal -1.702096e-01 3.688262e-02 9.847174e-01
    outer loop
      vertex   -9.674801e+01 -8.534706e+01 1.796685e+00
      vertex   -9.040982e+01 -4.952563e+01 1.550557e+00
      vertex   -9.058689e+01 -4.917911e+01 1.506971e+00
    endloop
  endfacet
  facet normal -1.702096e-01 3.688262e-02 9.847174e-01
    outer loop
      vertex   -6.627291e+01 -1.268063e+02 8.617199e+00
      vertex   -5.939750e+01 -8.791372e+01 8.348901e+00
      vertex   -7.102801e+01 -8.587017e+01 6.262012e+00
    endloop
  endfacet
  facet normal -1.702096e-01 3.688262e-02 9.847174e-01
    outer loop
      vertex   -7.102801e+01 -8.587017e+01 6.262012e+00
      vertex   -7.098057e+01 -8.560206e+01 6.260170e+00
      vertex   -7.117638e+01 -8.556925e+01 6.225095e+00
    endloop
  endfacet
  facet normal -1.702096e-01 3.688262e-02 9.847174e-01
    outer loop
      vertex   -7.117638e+01 -8.556925e+01 6.225095e+00
      vertex   -6.832535e+01 -6.944360e+01 6.113911e+00
      vertex   -7.914470e+01 -5.732376e+01 3.789824e+00
    endloop
  endfacet
  facet normal -1.702096e-01 3.688262e-02 9.847174e-01
    outer loop
      vertex   -7.577120e+01 -5.434565e+01 4.261393e+00
      vertex   -8.772341e+01 -4.852660e+01 1.977487e+00
      vertex   -7.914470e+01 -5.732376e+01 3.789824e+00
    endloop
  endfacet
  facet normal -1.702096e-01 3.688262e-02 9.847174e-01
    outer loop
      vertex   -7.914470e+01 -5.732376e+01 3.789824e+00
      vertex   -8.772341e+01 -4.852660e+01 1.977487e+00
      vertex   -8.774148e+01 -4.891759e+01 1.989009e+00
    endloop
  endfacet
  facet normal -1.702096e-01 3.688262e-02 9.847174e-01
    outer loop
      vertex   -7.914470e+01 -5.732376e+01 3.789824e+00
      vertex   -8.774148e+01 -4.891759e+01 1.989009e+00
      vertex   -8.785869e+01 -4.929116e+01 1.982740e+00
    endloop
  endfacet
  facet normal -1.702096e-01 3.688262e-02 9.847174e-01
    outer loop
      vertex   -9.989666e+01 -2.729691e+01 -9.218329e-01
      vertex   -8.824256e+01 -4.751064e+01 1.849698e+00
      vertex   -7.577120e+01 -5.434565e+01 4.261393e+00
    endloop
  endfacet
  facet normal -1.702096e-01 3.688262e-02 9.847174e-01
    outer loop
      vertex   -7.577120e+01 -5.434565e+01 4.261393e+00
      vertex   -8.824256e+01 -4.751064e+01 1.849698e+00
      vertex   -8.798279e+01 -4.779831e+01 1.905375e+00
    endloop
  endfacet
  facet normal -1.702096e-01 3.688262e-02 9.847174e-01
    outer loop
      vertex   -7.577120e+01 -5.434565e+01 4.261393e+00
      vertex   -8.798279e+01 -4.779831e+01 1.905375e+00
      vertex   -8.780572e+01 -4.814483e+01 1.948961e+00
    endloop
  endfacet
  facet normal -1.702096e-01 3.688262e-02 9.847174e-01
    outer loop
      vertex   -1.039824e+02 -2.723525e+01 -1.630365e+00
      vertex   -1.055873e+02 -2.858206e+01 -1.857328e+00
      vertex   -9.989666e+01 -2.729691e+01 -9.218329e-01
    endloop
  endfacet
  facet normal -1.702096e-01 3.688262e-02 9.847174e-01
    outer loop
      vertex   -9.989666e+01 -2.729691e+01 -9.218329e-01
      vertex   -1.055873e+02 -2.858206e+01 -1.857328e+00
      vertex   -9.065113e+01 -4.840635e+01 1.466924e+00
    endloop
  endfacet
  facet normal -1.702096e-01 3.688262e-02 9.847174e-01
    outer loop
      vertex   -9.989666e+01 -2.729691e+01 -9.218329e-01
      vertex   -9.065113e+01 -4.840635e+01 1.466924e+00
      vertex   -9.053391e+01 -4.803278e+01 1.473192e+00
    endloop
  endfacet
  facet normal -1.702096e-01 3.688262e-02 9.847174e-01
    outer loop
      vertex   -1.039824e+02 -2.723525e+01 -1.630365e+00
      vertex   -1.042543e+02 -2.725714e+01 -1.676539e+00
      vertex   -1.055873e+02 -2.858206e+01 -1.857328e+00
    endloop
  endfacet
  facet normal -1.702096e-01 3.688262e-02 9.847174e-01
    outer loop
      vertex   -1.055873e+02 -2.858206e+01 -1.857328e+00
      vertex   -1.042543e+02 -2.725714e+01 -1.676539e+00
      vertex   -1.045332e+02 -2.733179e+01 -1.721955e+00
    endloop
  endfacet
  facet normal -1.702096e-01 3.688262e-02 9.847174e-01
    outer loop
      vertex   -1.055873e+02 -2.858206e+01 -1.857328e+00
      vertex   -1.045332e+02 -2.733179e+01 -1.721955e+00
      vertex   -1.047914e+02 -2.745294e+01 -1.762048e+00
    endloop
  endfacet
  facet normal -1.702096e-01 3.688262e-02 9.847174e-01
    outer loop
      vertex   -1.047914e+02 -2.745294e+01 -1.762048e+00
      vertex   -1.050237e+02 -2.761613e+01 -1.796083e+00
      vertex   -1.055873e+02 -2.858206e+01 -1.857328e+00
    endloop
  endfacet
  facet normal -1.702096e-01 3.688262e-02 9.847174e-01
    outer loop
      vertex   -1.055873e+02 -2.858206e+01 -1.857328e+00
      vertex   -1.050237e+02 -2.761613e+01 -1.796083e+00
      vertex   -1.052251e+02 -2.781712e+01 -1.823371e+00
    endloop
  endfacet
  facet normal -1.702096e-01 3.688262e-02 9.847174e-01
    outer loop
      vertex   -1.055873e+02 -2.858206e+01 -1.857328e+00
      vertex   -1.052251e+02 -2.781712e+01 -1.823371e+00
      vertex   -1.053908e+02 -2.805189e+01 -1.843220e+00
    endloop
  endfacet
  facet normal -1.702096e-01 3.688262e-02 9.847174e-01
    outer loop
      vertex   -1.053908e+02 -2.805189e+01 -1.843220e+00
      vertex   -1.055153e+02 -2.831604e+01 -1.854853e+00
      vertex   -1.055873e+02 -2.858206e+01 -1.857328e+00
    endloop
  endfacet
  facet normal -1.702096e-01 3.688262e-02 9.847174e-01
    outer loop
      vertex   -9.724171e+01 -8.594304e+01 1.733671e+00
      vertex   -1.075502e+02 -9.552642e+01 3.107859e-01
      vertex   -9.735892e+01 -8.631661e+01 1.727403e+00
    endloop
  endfacet
  facet normal -1.702096e-01 3.688262e-02 9.847174e-01
    outer loop
      vertex   -9.735892e+01 -8.631661e+01 1.727403e+00
      vertex   -1.075502e+02 -9.552642e+01 3.107859e-01
      vertex   -1.069358e+02 -9.574670e+01 4.252245e-01
    endloop
  endfacet
  facet normal -1.702096e-01 3.688262e-02 9.847174e-01
    outer loop
      vertex   -9.735892e+01 -8.631661e+01 1.727403e+00
      vertex   -1.069358e+02 -9.574670e+01 4.252245e-01
      vertex   -1.063995e+02 -9.611848e+01 5.318643e-01
    endloop
  endfacet
  facet normal -1.702096e-01 3.688262e-02 9.847174e-01
    outer loop
      vertex   -9.703334e+01 -8.561234e+01 1.757302e+00
      vertex   -9.066919e+01 -4.879734e+01 1.478445e+00
      vertex   -9.724171e+01 -8.594304e+01 1.733671e+00
    endloop
  endfacet
  facet normal -1.702096e-01 3.688262e-02 9.847174e-01
    outer loop
      vertex   -9.724171e+01 -8.594304e+01 1.733671e+00
      vertex   -9.066919e+01 -4.879734e+01 1.478445e+00
      vertex   -1.055873e+02 -2.858206e+01 -1.857328e+00
    endloop
  endfacet
  facet normal -1.702096e-01 3.688262e-02 9.847174e-01
    outer loop
      vertex   -9.724171e+01 -8.594304e+01 1.733671e+00
      vertex   -1.055873e+02 -2.858206e+01 -1.857328e+00
      vertex   -1.088428e+02 -9.558904e+01 8.970754e-02
    endloop
  endfacet
  facet normal -1.702096e-01 3.688262e-02 9.847174e-01
    outer loop
      vertex   -9.066919e+01 -4.879734e+01 1.478445e+00
      vertex   -9.703334e+01 -8.561234e+01 1.757302e+00
      vertex   -9.058689e+01 -4.917911e+01 1.506971e+00
    endloop
  endfacet
  facet normal -1.702096e-01 3.688262e-02 9.847174e-01
    outer loop
      vertex   -9.058689e+01 -4.917911e+01 1.506971e+00
      vertex   -9.703334e+01 -8.561234e+01 1.757302e+00
      vertex   -9.674801e+01 -8.534706e+01 1.796685e+00
    endloop
  endfacet
  facet normal -1.702096e-01 3.688262e-02 9.847174e-01
    outer loop
      vertex   -9.456648e+01 -8.720142e+01 2.243220e+00
      vertex   -9.477485e+01 -8.753211e+01 2.219589e+00
      vertex   -8.406158e+01 -1.236807e+02 5.425337e+00
    endloop
  endfacet
  facet normal -1.702096e-01 3.688262e-02 9.847174e-01
    outer loop
      vertex   -8.406158e+01 -1.236807e+02 5.425337e+00
      vertex   -9.477485e+01 -8.753211e+01 2.219589e+00
      vertex   -9.506018e+01 -8.779739e+01 2.180207e+00
    endloop
  endfacet
  facet normal -1.702096e-01 3.688262e-02 9.847174e-01
    outer loop
      vertex   -8.406158e+01 -1.236807e+02 5.425337e+00
      vertex   -9.506018e+01 -8.779739e+01 2.180207e+00
      vertex   -9.540301e+01 -8.797918e+01 2.127756e+00
    endloop
  endfacet
  facet normal -1.702096e-01 3.688262e-02 9.847174e-01
    outer loop
      vertex   -8.406158e+01 -1.236807e+02 5.425337e+00
      vertex   -9.540301e+01 -8.797918e+01 2.127756e+00
      vertex   -1.058566e+02 -9.911348e+01 7.378766e-01
    endloop
  endfacet
  facet normal -1.702096e-01 3.688262e-02 9.847174e-01
    outer loop
      vertex   -1.058566e+02 -9.911348e+01 7.378766e-01
      vertex   -9.540301e+01 -8.797918e+01 2.127756e+00
      vertex   -9.578000e+01 -8.806508e+01 2.065811e+00
    endloop
  endfacet
  facet normal -1.702096e-01 3.688262e-02 9.847174e-01
    outer loop
      vertex   -1.058566e+02 -9.911348e+01 7.378766e-01
      vertex   -9.578000e+01 -8.806508e+01 2.065811e+00
      vertex   -1.056363e+02 -9.849915e+01 7.529427e-01
    endloop
  endfacet
  facet normal -1.702096e-01 3.688262e-02 9.847174e-01
    outer loop
      vertex   -1.056363e+02 -9.849915e+01 7.529427e-01
      vertex   -9.578000e+01 -8.806508e+01 2.065811e+00
      vertex   -9.616544e+01 -8.804925e+01 1.998594e+00
    endloop
  endfacet
  facet normal -1.702096e-01 3.688262e-02 9.847174e-01
    outer loop
      vertex   -1.056363e+02 -9.849915e+01 7.529427e-01
      vertex   -9.616544e+01 -8.804925e+01 1.998594e+00
      vertex   -9.653307e+01 -8.793276e+01 1.930686e+00
    endloop
  endfacet
  facet normal -1.702096e-01 3.688262e-02 9.847174e-01
    outer loop
      vertex   -1.056363e+02 -9.849915e+01 7.529427e-01
      vertex   -9.653307e+01 -8.793276e+01 1.930686e+00
      vertex   -1.055825e+02 -9.784874e+01 7.378766e-01
    endloop
  endfacet
  facet normal -1.702096e-01 3.688262e-02 9.847174e-01
    outer loop
      vertex   -1.055825e+02 -9.784874e+01 7.378766e-01
      vertex   -9.653307e+01 -8.793276e+01 1.930686e+00
      vertex   -9.685784e+01 -8.772356e+01 1.866713e+00
    endloop
  endfacet
  facet normal -1.702096e-01 3.688262e-02 9.847174e-01
    outer loop
      vertex   -1.055825e+02 -9.784874e+01 7.378766e-01
      vertex   -9.685784e+01 -8.772356e+01 1.866713e+00
      vertex   -9.711761e+01 -8.743589e+01 1.811037e+00
    endloop
  endfacet
  facet normal -1.702096e-01 3.688262e-02 9.847174e-01
    outer loop
      vertex   -1.055825e+02 -9.784874e+01 7.378766e-01
      vertex   -9.711761e+01 -8.743589e+01 1.811037e+00
      vertex   -1.056989e+02 -9.720657e+01 6.937050e-01
    endloop
  endfacet
  facet normal -1.702096e-01 3.688262e-02 9.847174e-01
    outer loop
      vertex   -1.056989e+02 -9.720657e+01 6.937050e-01
      vertex   -9.711761e+01 -8.743589e+01 1.811037e+00
      vertex   -9.729468e+01 -8.708937e+01 1.767450e+00
    endloop
  endfacet
  facet normal -1.702096e-01 3.688262e-02 9.847174e-01
    outer loop
      vertex   -1.056989e+02 -9.720657e+01 6.937050e-01
      vertex   -9.729468e+01 -8.708937e+01 1.767450e+00
      vertex   -1.059776e+02 -9.661641e+01 6.234380e-01
    endloop
  endfacet
  facet normal -1.702096e-01 3.688262e-02 9.847174e-01
    outer loop
      vertex   -1.059776e+02 -9.661641e+01 6.234380e-01
      vertex   -9.729468e+01 -8.708937e+01 1.767450e+00
      vertex   -9.737699e+01 -8.670760e+01 1.738925e+00
    endloop
  endfacet
  facet normal -1.702096e-01 3.688262e-02 9.847174e-01
    outer loop
      vertex   -1.059776e+02 -9.661641e+01 6.234380e-01
      vertex   -9.737699e+01 -8.670760e+01 1.738925e+00
      vertex   -1.063995e+02 -9.611848e+01 5.318643e-01
    endloop
  endfacet
  facet normal -1.702096e-01 3.688262e-02 9.847174e-01
    outer loop
      vertex   -1.063995e+02 -9.611848e+01 5.318643e-01
      vertex   -9.737699e+01 -8.670760e+01 1.738925e+00
      vertex   -9.735892e+01 -8.631661e+01 1.727403e+00
    endloop
  endfacet
  facet normal -1.702096e-01 3.688262e-02 9.847174e-01
    outer loop
      vertex   -9.053391e+01 -4.803278e+01 1.473192e+00
      vertex   -9.032555e+01 -4.770208e+01 1.496822e+00
      vertex   -9.989666e+01 -2.729691e+01 -9.218329e-01
    endloop
  endfacet
  facet normal -1.702096e-01 3.688262e-02 9.847174e-01
    outer loop
      vertex   -9.989666e+01 -2.729691e+01 -9.218329e-01
      vertex   -9.032555e+01 -4.770208e+01 1.496822e+00
      vertex   -9.004022e+01 -4.743681e+01 1.536205e+00
    endloop
  endfacet
  facet normal -1.702096e-01 3.688262e-02 9.847174e-01
    outer loop
      vertex   -9.989666e+01 -2.729691e+01 -9.218329e-01
      vertex   -9.004022e+01 -4.743681e+01 1.536205e+00
      vertex   -8.969738e+01 -4.725502e+01 1.588656e+00
    endloop
  endfacet
  facet normal -1.702096e-01 3.688262e-02 9.847174e-01
    outer loop
      vertex   -8.969738e+01 -4.725502e+01 1.588656e+00
      vertex   -8.932040e+01 -4.716912e+01 1.650601e+00
      vertex   -9.989666e+01 -2.729691e+01 -9.218329e-01
    endloop
  endfacet
  facet normal -1.702096e-01 3.688262e-02 9.847174e-01
    outer loop
      vertex   -9.989666e+01 -2.729691e+01 -9.218329e-01
      vertex   -8.932040e+01 -4.716912e+01 1.650601e+00
      vertex   -8.893496e+01 -4.718495e+01 1.717818e+00
    endloop
  endfacet
  facet normal -1.702096e-01 3.688262e-02 9.847174e-01
    outer loop
      vertex   -9.989666e+01 -2.729691e+01 -9.218329e-01
      vertex   -8.893496e+01 -4.718495e+01 1.717818e+00
      vertex   -8.856733e+01 -4.730144e+01 1.785726e+00
    endloop
  endfacet
  facet normal -1.702096e-01 3.688262e-02 9.847174e-01
    outer loop
      vertex   -8.856733e+01 -4.730144e+01 1.785726e+00
      vertex   -8.824256e+01 -4.751064e+01 1.849698e+00
      vertex   -9.989666e+01 -2.729691e+01 -9.218329e-01
    endloop
  endfacet
  facet normal -1.702096e-01 3.688262e-02 9.847174e-01
    outer loop
      vertex   -8.780572e+01 -4.814483e+01 1.948961e+00
      vertex   -8.772341e+01 -4.852660e+01 1.977487e+00
      vertex   -7.577120e+01 -5.434565e+01 4.261393e+00
    endloop
  endfacet
  facet normal -1.702096e-01 3.688262e-02 9.847174e-01
    outer loop
      vertex   -8.785869e+01 -4.929116e+01 1.982740e+00
      vertex   -8.806706e+01 -4.962186e+01 1.959110e+00
      vertex   -7.914470e+01 -5.732376e+01 3.789824e+00
    endloop
  endfacet
  facet normal -1.702096e-01 3.688262e-02 9.847174e-01
    outer loop
      vertex   -7.914470e+01 -5.732376e+01 3.789824e+00
      vertex   -8.806706e+01 -4.962186e+01 1.959110e+00
      vertex   -8.835238e+01 -4.988714e+01 1.919727e+00
    endloop
  endfacet
  facet normal -1.702096e-01 3.688262e-02 9.847174e-01
    outer loop
      vertex   -7.914470e+01 -5.732376e+01 3.789824e+00
      vertex   -8.835238e+01 -4.988714e+01 1.919727e+00
      vertex   -8.869522e+01 -5.006892e+01 1.867276e+00
    endloop
  endfacet
  facet normal -1.702096e-01 3.688262e-02 9.847174e-01
    outer loop
      vertex   -8.869522e+01 -5.006892e+01 1.867276e+00
      vertex   -8.907220e+01 -5.015482e+01 1.805332e+00
      vertex   -7.914470e+01 -5.732376e+01 3.789824e+00
    endloop
  endfacet
  facet normal -1.702096e-01 3.688262e-02 9.847174e-01
    outer loop
      vertex   -9.066919e+01 -4.879734e+01 1.478445e+00
      vertex   -9.065113e+01 -4.840635e+01 1.466924e+00
      vertex   -1.055873e+02 -2.858206e+01 -1.857328e+00
    endloop
  endfacet
  facet normal -1.702096e-01 3.688262e-02 9.847174e-01
    outer loop
      vertex   -1.105767e+02 -9.809069e+01 -1.163047e-01
      vertex   -1.105229e+02 -9.744028e+01 -1.313709e-01
      vertex   -1.187304e+02 -1.027093e+02 -1.352693e+00
    endloop
  endfacet
  facet normal -1.702096e-01 3.688262e-02 9.847174e-01
    outer loop
      vertex   -1.187304e+02 -1.027093e+02 -1.352693e+00
      vertex   -1.105229e+02 -9.744028e+01 -1.313709e-01
      vertex   -1.103026e+02 -9.682595e+01 -1.163047e-01
    endloop
  endfacet
  facet normal -1.702096e-01 3.688262e-02 9.847174e-01
    outer loop
      vertex   -1.187304e+02 -1.027093e+02 -1.352693e+00
      vertex   -1.103026e+02 -9.682595e+01 -1.163047e-01
      vertex   -1.099309e+02 -9.628956e+01 -7.213308e-02
    endloop
  endfacet
  facet normal -1.702096e-01 3.688262e-02 9.847174e-01
    outer loop
      vertex   -1.088428e+02 -9.558904e+01 8.970754e-02
      vertex   -1.082006e+02 -9.547264e+01 1.963473e-01
      vertex   -9.724171e+01 -8.594304e+01 1.733671e+00
    endloop
  endfacet
  facet normal -1.702096e-01 3.688262e-02 9.847174e-01
    outer loop
      vertex   -9.724171e+01 -8.594304e+01 1.733671e+00
      vertex   -1.082006e+02 -9.547264e+01 1.963473e-01
      vertex   -1.075502e+02 -9.552642e+01 3.107859e-01
    endloop
  endfacet
  facet normal -1.702096e-01 3.688262e-02 9.847174e-01
    outer loop
      vertex   -1.058566e+02 -9.911348e+01 7.378766e-01
      vertex   -1.062284e+02 -9.964987e+01 6.937050e-01
      vertex   -8.406158e+01 -1.236807e+02 5.425337e+00
    endloop
  endfacet
  facet normal -1.702096e-01 3.688262e-02 9.847174e-01
    outer loop
      vertex   -8.406158e+01 -1.236807e+02 5.425337e+00
      vertex   -1.062284e+02 -9.964987e+01 6.937050e-01
      vertex   -1.067263e+02 -1.000718e+02 6.234380e-01
    endloop
  endfacet
  facet normal -1.702096e-01 3.688262e-02 9.847174e-01
    outer loop
      vertex   -8.406158e+01 -1.236807e+02 5.425337e+00
      vertex   -1.067263e+02 -1.000718e+02 6.234380e-01
      vertex   -1.073165e+02 -1.003504e+02 5.318643e-01
    endloop
  endfacet
  facet normal -1.702096e-01 3.688262e-02 9.847174e-01
    outer loop
      vertex   -1.073165e+02 -1.003504e+02 5.318643e-01
      vertex   -1.079586e+02 -1.004668e+02 4.252245e-01
      vertex   -8.406158e+01 -1.236807e+02 5.425337e+00
    endloop
  endfacet
  facet normal -1.702096e-01 3.688262e-02 9.847174e-01
    outer loop
      vertex   -1.092234e+02 -1.001927e+02 1.963473e-01
      vertex   -1.097598e+02 -9.982095e+01 8.970754e-02
      vertex   -1.187304e+02 -1.027093e+02 -1.352693e+00
    endloop
  endfacet
  facet normal -1.702096e-01 3.688262e-02 9.847174e-01
    outer loop
      vertex   -1.187304e+02 -1.027093e+02 -1.352693e+00
      vertex   -1.097598e+02 -9.982095e+01 8.970754e-02
      vertex   -1.101817e+02 -9.932302e+01 -1.866130e-03
    endloop
  endfacet
  facet normal -1.702096e-01 3.688262e-02 9.847174e-01
    outer loop
      vertex   -1.187304e+02 -1.027093e+02 -1.352693e+00
      vertex   -1.101817e+02 -9.932302e+01 -1.866130e-03
      vertex   -1.104603e+02 -9.873286e+01 -7.213308e-02
    endloop
  endfacet
  facet normal -1.702096e-01 3.688262e-02 9.847174e-01
    outer loop
      vertex   -1.104603e+02 -9.873286e+01 -7.213308e-02
      vertex   -1.105767e+02 -9.809069e+01 -1.163047e-01
      vertex   -1.187304e+02 -1.027093e+02 -1.352693e+00
    endloop
  endfacet
  facet normal 6.618051e-01 -7.496759e-01 3.256882e-05
    outer loop
      vertex   -7.932103e+01 -5.747969e+01 -2.502709e+00
      vertex   -7.595129e+01 -5.450493e+01 -2.672022e+00
      vertex   -7.930668e+01 -5.746700e+01 -1.950442e+00
    endloop
  endfacet
  facet normal 6.618051e-01 -7.496759e-01 3.256882e-05
    outer loop
      vertex   -7.930668e+01 -5.746700e+01 -1.950442e+00
      vertex   -7.595129e+01 -5.450493e+01 -2.672022e+00
      vertex   -7.914470e+01 -5.732376e+01 3.789824e+00
    endloop
  endfacet
  facet normal 6.618051e-01 -7.496759e-01 3.256882e-05
    outer loop
      vertex   -7.914470e+01 -5.732376e+01 3.789824e+00
      vertex   -7.595129e+01 -5.450493e+01 -2.672022e+00
      vertex   -7.577120e+01 -5.434565e+01 4.261393e+00
    endloop
  endfacet
  facet normal -9.846700e-01 1.744275e-01 3.228121e-15
    outer loop
      vertex   -1.075905e+02 -2.641185e+01 -7.932734e+00
      vertex   -1.213229e+02 -1.039338e+02 -3.869979e+00
      vertex   -1.075905e+02 -2.641185e+01 5.839293e+00
    endloop
  endfacet
  facet normal -9.846700e-01 1.744275e-01 -1.119552e-15
    outer loop
      vertex   -1.075905e+02 -2.641185e+01 5.839293e+00
      vertex   -1.213229e+02 -1.039338e+02 -3.869979e+00
      vertex   -1.214295e+02 -1.045353e+02 6.373317e+00
    endloop
  endfacet
  facet normal 9.847270e-01 -1.740798e-01 2.987151e-03
    outer loop
      vertex   -7.117638e+01 -8.556925e+01 6.225095e+00
      vertex   -7.121251e+01 -8.587628e+01 2.446471e-01
      vertex   -6.832535e+01 -6.944360e+01 6.113911e+00
    endloop
  endfacet
  facet normal 9.847270e-01 -1.740799e-01 2.987424e-03
    outer loop
      vertex   -6.832535e+01 -6.944360e+01 6.113911e+00
      vertex   -7.121251e+01 -8.587628e+01 2.446471e-01
      vertex   -6.836962e+01 -6.982376e+01 -1.447300e+00
    endloop
  endfacet
  facet normal 9.847270e-01 -1.740799e-01 2.987152e-03
    outer loop
      vertex   -6.836962e+01 -6.982376e+01 -1.447300e+00
      vertex   -7.121251e+01 -8.587628e+01 2.446471e-01
      vertex   -7.120851e+01 -8.589257e+01 -2.023345e+00
    endloop
  endfacet
  facet normal 9.847270e-01 -1.740798e-01 2.983126e-03
    outer loop
      vertex   -6.836962e+01 -6.982376e+01 -1.447300e+00
      vertex   -7.120851e+01 -8.589257e+01 -2.023345e+00
      vertex   -6.836782e+01 -6.982219e+01 -1.950733e+00
    endloop
  endfacet
  facet normal 9.847270e-01 -1.740798e-01 2.987151e-03
    outer loop
      vertex   -6.836782e+01 -6.982219e+01 -1.950733e+00
      vertex   -7.120851e+01 -8.589257e+01 -2.023345e+00
      vertex   -6.836583e+01 -6.982046e+01 -2.504334e+00
    endloop
  endfacet
  facet normal 1.742284e-01 9.846820e-01 -6.765702e-03
    outer loop
      vertex   -4.610073e+01 -9.024745e+01 1.073467e+01
      vertex   -4.166862e+01 -9.102619e+01 1.152994e+01
      vertex   -4.610962e+01 -9.029767e+01 3.195830e+00
    endloop
  endfacet
  facet normal 1.742284e-01 9.846820e-01 -6.765702e-03
    outer loop
      vertex   -4.610962e+01 -9.029767e+01 3.195830e+00
      vertex   -4.166862e+01 -9.102619e+01 1.152994e+01
      vertex   -4.168543e+01 -9.112118e+01 -2.726558e+00
    endloop
  endfacet
  facet normal 1.742284e-01 9.846820e-01 -6.765702e-03
    outer loop
      vertex   -4.610962e+01 -9.029767e+01 3.195830e+00
      vertex   -4.168543e+01 -9.112118e+01 -2.726558e+00
      vertex   -5.940313e+01 -8.794554e+01 3.195830e+00
    endloop
  endfacet
  facet normal 1.742284e-01 9.846820e-01 -6.765702e-03
    outer loop
      vertex   -5.940313e+01 -8.794554e+01 3.195830e+00
      vertex   -4.168543e+01 -9.112118e+01 -2.726558e+00
      vertex   -7.120851e+01 -8.589257e+01 -2.023345e+00
    endloop
  endfacet
  facet normal 1.742284e-01 9.846820e-01 -6.765702e-03
    outer loop
      vertex   -5.940313e+01 -8.794554e+01 3.195830e+00
      vertex   -7.120851e+01 -8.589257e+01 -2.023345e+00
      vertex   -7.103466e+01 -8.590774e+01 2.446471e-01
    endloop
  endfacet
  facet normal 1.742284e-01 9.846820e-01 -6.765702e-03
    outer loop
      vertex   -7.103466e+01 -8.590774e+01 2.446471e-01
      vertex   -7.120851e+01 -8.589257e+01 -2.023345e+00
      vertex   -7.121251e+01 -8.587628e+01 2.446471e-01
    endloop
  endfacet
  facet normal 1.742284e-01 9.846820e-01 -6.765702e-03
    outer loop
      vertex   -7.103466e+01 -8.590774e+01 2.446471e-01
      vertex   -7.102941e+01 -8.587809e+01 4.695795e+00
      vertex   -5.940313e+01 -8.794554e+01 3.195830e+00
    endloop
  endfacet
  facet normal 1.742284e-01 9.846820e-01 -6.765702e-03
    outer loop
      vertex   -5.940313e+01 -8.794554e+01 3.195830e+00
      vertex   -7.102941e+01 -8.587809e+01 4.695795e+00
      vertex   -5.940136e+01 -8.793554e+01 4.695795e+00
    endloop
  endfacet
  facet normal -9.847046e-01 1.742324e-01 2.060157e-08
    outer loop
      vertex   -3.444626e+01 -5.020776e+01 -3.951050e+00
      vertex   -4.168543e+01 -9.112118e+01 -2.726558e+00
      vertex   -3.444626e+01 -5.020776e+01 7.624644e+00
    endloop
  endfacet
  facet normal -9.847046e-01 1.742324e-01 1.671698e-08
    outer loop
      vertex   -3.444626e+01 -5.020776e+01 7.624644e+00
      vertex   -4.168543e+01 -9.112118e+01 -2.726558e+00
      vertex   -4.166862e+01 -9.102619e+01 1.152994e+01
    endloop
  endfacet
  facet normal -9.847046e-01 1.742324e-01 4.670624e-15
    outer loop
      vertex   -3.444626e+01 -5.020776e+01 7.624644e+00
      vertex   -4.166862e+01 -9.102619e+01 1.152994e+01
      vertex   -3.444533e+01 -5.020251e+01 1.124944e+01
    endloop
  endfacet
  facet normal -9.847046e-01 1.742324e-01 0.000000e+00
    outer loop
      vertex   -3.409779e+01 -4.823835e+01 1.124944e+01
      vertex   -3.409779e+01 -4.823835e+01 9.554088e+00
      vertex   -3.444533e+01 -5.020251e+01 1.124944e+01
    endloop
  endfacet
  facet normal -9.847046e-01 1.742324e-01 4.672670e-15
    outer loop
      vertex   -3.444533e+01 -5.020251e+01 1.124944e+01
      vertex   -3.409779e+01 -4.823835e+01 9.554088e+00
      vertex   -3.444626e+01 -5.020776e+01 7.624644e+00
    endloop
  endfacet
  facet normal -9.847046e-01 1.742324e-01 4.775908e-14
    outer loop
      vertex   -3.409779e+01 -4.823835e+01 9.554088e+00
      vertex   -3.442883e+01 -5.010929e+01 7.624644e+00
      vertex   -3.444626e+01 -5.020776e+01 7.624644e+00
    endloop
  endfacet
  facet normal 9.847046e-01 -1.742324e-01 -1.437918e-14
    outer loop
      vertex   -3.188478e+01 -3.573110e+01 -4.384320e+00
      vertex   -3.444626e+01 -5.020776e+01 -3.951050e+00
      vertex   -3.188698e+01 -3.574358e+01 -4.630029e+00
    endloop
  endfacet
  facet normal 9.847046e-01 -1.742324e-01 -9.686726e-16
    outer loop
      vertex   -3.188698e+01 -3.574358e+01 -4.630029e+00
      vertex   -3.444626e+01 -5.020776e+01 -3.951050e+00
      vertex   -3.444626e+01 -5.020776e+01 -5.449170e+00
    endloop
  endfacet
  facet normal 9.847046e-01 -1.742324e-01 3.834648e-15
    outer loop
      vertex   -3.188698e+01 -3.574358e+01 -4.630029e+00
      vertex   -3.444626e+01 -5.020776e+01 -5.449170e+00
      vertex   -3.190113e+01 -3.582352e+01 -6.203016e+00
    endloop
  endfacet
  facet normal 9.847044e-01 -1.742334e-01 5.469183e-08
    outer loop
      vertex   -3.188698e+01 -3.574358e+01 -4.630029e+00
      vertex   -3.184779e+01 -3.552208e+01 -4.631551e+00
      vertex   -3.188478e+01 -3.573110e+01 -4.384320e+00
    endloop
  endfacet
  facet normal 9.847044e-01 -1.742334e-01 5.469184e-08
    outer loop
      vertex   -3.188478e+01 -3.573110e+01 -4.384320e+00
      vertex   -3.184779e+01 -3.552208e+01 -4.631551e+00
      vertex   -3.184208e+01 -3.548980e+01 3.639315e-01
    endloop
  endfacet
  facet normal 7.491243e-01 6.615224e-01 -3.465510e-02
    outer loop
      vertex   -6.839816e+01 -6.984901e+01 -2.502709e+00
      vertex   -7.932103e+01 -5.747969e+01 -2.502709e+00
      vertex   -6.838381e+01 -6.983631e+01 -1.949993e+00
    endloop
  endfacet
  facet normal 7.491243e-01 6.615224e-01 -3.465510e-02
    outer loop
      vertex   -6.838381e+01 -6.983631e+01 -1.949993e+00
      vertex   -7.932103e+01 -5.747969e+01 -2.502709e+00
      vertex   -7.930668e+01 -5.746700e+01 -1.950442e+00
    endloop
  endfacet
  facet normal -6.619207e-01 7.495739e-01 -2.722392e-05
    outer loop
      vertex   -6.836583e+01 -6.982046e+01 -2.504334e+00
      vertex   -6.839816e+01 -6.984901e+01 -2.502709e+00
      vertex   -6.836782e+01 -6.982219e+01 -1.950733e+00
    endloop
  endfacet
  facet normal -6.619207e-01 7.495739e-01 -2.722392e-05
    outer loop
      vertex   -6.836782e+01 -6.982219e+01 -1.950733e+00
      vertex   -6.839816e+01 -6.984901e+01 -2.502709e+00
      vertex   -6.838381e+01 -6.983631e+01 -1.949993e+00
    endloop
  endfacet
  facet normal -9.847270e-01 1.740798e-01 -2.987151e-03
    outer loop
      vertex   -3.185469e+01 -3.538639e+01 1.114230e+01
      vertex   -3.177522e+01 -3.493693e+01 1.113920e+01
      vertex   -3.183673e+01 -3.545954e+01 9.595523e-01
    endloop
  endfacet
  facet normal -1.742284e-01 -9.846820e-01 6.765702e-03
    outer loop
      vertex   -3.185469e+01 -3.538639e+01 1.114230e+01
      vertex   -3.183673e+01 -3.545954e+01 9.595523e-01
      vertex   -3.182472e+01 -3.539166e+01 1.114767e+01
    endloop
  endfacet
  facet normal -9.847061e-01 1.742236e-01 1.506234e-08
    outer loop
      vertex   -3.184140e+01 -3.548595e+01 9.608566e-01
      vertex   -3.183390e+01 -3.544355e+01 7.523154e+00
      vertex   -3.183673e+01 -3.545954e+01 9.595523e-01
    endloop
  endfacet
  facet normal -9.847033e-01 1.742394e-01 -2.440362e-08
    outer loop
      vertex   -3.183673e+01 -3.545954e+01 9.595523e-01
      vertex   -3.183390e+01 -3.544355e+01 7.523154e+00
      vertex   -3.182472e+01 -3.539166e+01 1.114767e+01
    endloop
  endfacet
  facet normal -9.847046e-01 1.742324e-01 7.833073e-08
    outer loop
      vertex   -3.182472e+01 -3.539166e+01 1.114767e+01
      vertex   -3.183390e+01 -3.544355e+01 7.523154e+00
      vertex   -3.182975e+01 -3.542013e+01 1.114787e+01
    endloop
  endfacet
  facet normal -9.845019e-01 1.753740e-01 -7.528959e-06
    outer loop
      vertex   -3.183390e+01 -3.544355e+01 7.523154e+00
      vertex   -3.185143e+01 -3.554200e+01 7.523810e+00
      vertex   -3.182975e+01 -3.542013e+01 1.114787e+01
    endloop
  endfacet
  facet normal -9.845019e-01 1.753740e-01 -7.526813e-06
    outer loop
      vertex   -3.182975e+01 -3.542013e+01 1.114787e+01
      vertex   -3.185143e+01 -3.554200e+01 7.523810e+00
      vertex   -3.218243e+01 -3.740005e+01 9.465677e+00
    endloop
  endfacet
  facet normal -9.845019e-01 1.753739e-01 -7.464567e-06
    outer loop
      vertex   -3.182975e+01 -3.542013e+01 1.114787e+01
      vertex   -3.218243e+01 -3.740005e+01 9.465677e+00
      vertex   -3.218049e+01 -3.738910e+01 1.116099e+01
    endloop
  endfacet
  facet normal -1.753703e-01 -9.844807e-01 6.560783e-03
    outer loop
      vertex   -3.218243e+01 -3.740005e+01 9.465677e+00
      vertex   1.757110e+00 -4.340527e+01 1.555709e+01
      vertex   -3.218049e+01 -3.738910e+01 1.116099e+01
    endloop
  endfacet
  facet normal -1.753703e-01 -9.844807e-01 6.560783e-03
    outer loop
      vertex   -3.218049e+01 -3.738910e+01 1.116099e+01
      vertex   1.757110e+00 -4.340527e+01 1.555709e+01
      vertex   1.759049e+00 -4.339432e+01 1.725241e+01
    endloop
  endfacet
  facet normal 9.845019e-01 -1.753740e-01 7.465323e-06
    outer loop
      vertex   1.759049e+00 -4.339432e+01 1.725241e+01
      vertex   1.757110e+00 -4.340527e+01 1.555709e+01
      vertex   2.109789e+00 -4.142535e+01 1.723929e+01
    endloop
  endfacet
  facet normal 9.845019e-01 -1.753740e-01 7.465323e-06
    outer loop
      vertex   2.109789e+00 -4.142535e+01 1.723929e+01
      vertex   1.757110e+00 -4.340527e+01 1.555709e+01
      vertex   2.088108e+00 -4.154722e+01 1.361523e+01
    endloop
  endfacet
  facet normal 9.845019e-01 -1.753740e-01 7.465323e-06
    outer loop
      vertex   2.109789e+00 -4.142535e+01 1.723929e+01
      vertex   2.088108e+00 -4.154722e+01 1.361523e+01
      vertex   2.105645e+00 -4.144877e+01 1.361457e+01
    endloop
  endfacet
  facet normal -1.753703e-01 -9.844807e-01 6.560783e-03
    outer loop
      vertex   -3.184033e+01 -3.549012e+01 3.638856e-01
      vertex   1.284449e+01 -4.340813e+01 6.651810e+00
      vertex   -3.184140e+01 -3.548595e+01 9.608566e-01
    endloop
  endfacet
  facet normal -1.753703e-01 -9.844807e-01 6.560783e-03
    outer loop
      vertex   -3.184140e+01 -3.548595e+01 9.608566e-01
      vertex   1.284449e+01 -4.340813e+01 6.651810e+00
      vertex   2.105645e+00 -4.144877e+01 1.361457e+01
    endloop
  endfacet
  facet normal -1.753703e-01 -9.844807e-01 6.560783e-03
    outer loop
      vertex   -3.184140e+01 -3.548595e+01 9.608566e-01
      vertex   2.105645e+00 -4.144877e+01 1.361457e+01
      vertex   -3.183390e+01 -3.544355e+01 7.523154e+00
    endloop
  endfacet
  facet normal -1.753703e-01 -9.844807e-01 6.560783e-03
    outer loop
      vertex   -3.184208e+01 -3.548980e+01 3.639315e-01
      vertex   -3.184779e+01 -3.552208e+01 -4.631551e+00
      vertex   -3.184033e+01 -3.549012e+01 3.638856e-01
    endloop
  endfacet
  facet normal -1.753703e-01 -9.844807e-01 6.560783e-03
    outer loop
      vertex   -3.184033e+01 -3.549012e+01 3.638856e-01
      vertex   -3.184779e+01 -3.552208e+01 -4.631551e+00
      vertex   1.027579e+01 -4.297537e+01 2.928724e+00
    endloop
  endfacet
  facet normal -1.753703e-01 -9.844807e-01 6.560783e-03
    outer loop
      vertex   -3.184033e+01 -3.549012e+01 3.638856e-01
      vertex   1.027579e+01 -4.297537e+01 2.928724e+00
      vertex   1.284449e+01 -4.340813e+01 6.651810e+00
    endloop
  endfacet
  facet normal -1.753703e-01 -9.844807e-01 6.560783e-03
    outer loop
      vertex   1.284449e+01 -4.340813e+01 6.651810e+00
      vertex   1.285857e+01 -4.336470e+01 1.354550e+01
      vertex   2.105645e+00 -4.144877e+01 1.361457e+01
    endloop
  endfacet
  facet normal -1.753703e-01 -9.844807e-01 6.560783e-03
    outer loop
      vertex   2.105645e+00 -4.144877e+01 1.361457e+01
      vertex   1.285857e+01 -4.336470e+01 1.354550e+01
      vertex   7.411736e+00 -4.236347e+01 1.819087e+01
    endloop
  endfacet
  facet normal -1.753703e-01 -9.844807e-01 6.560783e-03
    outer loop
      vertex   2.105645e+00 -4.144877e+01 1.361457e+01
      vertex   7.411736e+00 -4.236347e+01 1.819087e+01
      vertex   2.109789e+00 -4.142535e+01 1.723929e+01
    endloop
  endfacet
  facet normal 6.282619e-01 -1.361377e-01 7.659984e-01
    outer loop
      vertex   1.285857e+01 -4.336470e+01 1.354550e+01
      vertex   1.336636e+01 -4.102129e+01 1.354550e+01
      vertex   7.411736e+00 -4.236347e+01 1.819087e+01
    endloop
  endfacet
  facet normal 6.282619e-01 -1.361377e-01 7.659984e-01
    outer loop
      vertex   7.411736e+00 -4.236347e+01 1.819087e+01
      vertex   1.336636e+01 -4.102129e+01 1.354550e+01
      vertex   7.956739e+00 -3.984834e+01 1.819087e+01
    endloop
  endfacet
  facet normal -2.119252e-01 -9.772859e-01 -2.726301e-05
    outer loop
      vertex   1.336201e+01 -4.102016e+01 6.769008e+00
      vertex   2.304343e+01 -4.311998e+01 2.092117e+01
      vertex   1.336636e+01 -4.102129e+01 1.354550e+01
    endloop
  endfacet
  facet normal -2.119252e-01 -9.772859e-01 -2.726301e-05
    outer loop
      vertex   1.336636e+01 -4.102129e+01 1.354550e+01
      vertex   2.304343e+01 -4.311998e+01 2.092117e+01
      vertex   1.141524e+01 -4.059833e+01 1.881677e+01
    endloop
  endfacet
  facet normal -2.119252e-01 -9.772859e-01 -2.726301e-05
    outer loop
      vertex   1.336636e+01 -4.102129e+01 1.354550e+01
      vertex   1.141524e+01 -4.059833e+01 1.881677e+01
      vertex   7.956739e+00 -3.984834e+01 1.819087e+01
    endloop
  endfacet
  facet normal -2.119252e-01 -9.772859e-01 -2.726301e-05
    outer loop
      vertex   7.956739e+00 -3.984834e+01 1.819087e+01
      vertex   1.141524e+01 -4.059833e+01 1.881677e+01
      vertex   1.141755e+01 -4.059895e+01 2.287927e+01
    endloop
  endfacet
  facet normal -2.119252e-01 -9.772859e-01 -2.726301e-05
    outer loop
      vertex   7.956739e+00 -3.984834e+01 1.819087e+01
      vertex   1.141755e+01 -4.059895e+01 2.287927e+01
      vertex   -3.056102e+01 -3.149576e+01 1.934434e+01
    endloop
  endfacet
  facet normal -2.119252e-01 -9.772859e-01 -2.726301e-05
    outer loop
      vertex   -3.056102e+01 -3.149576e+01 1.934434e+01
      vertex   1.141755e+01 -4.059895e+01 2.287927e+01
      vertex   2.683797e+01 -4.394307e+01 2.973204e+01
    endloop
  endfacet
  facet normal -2.119252e-01 -9.772859e-01 -2.726301e-05
    outer loop
      vertex   2.683797e+01 -4.394307e+01 2.973204e+01
      vertex   1.141755e+01 -4.059895e+01 2.287927e+01
      vertex   2.751881e+01 -4.409060e+01 2.579317e+01
    endloop
  endfacet
  facet normal -2.119252e-01 -9.772859e-01 -2.726301e-05
    outer loop
      vertex   -3.056102e+01 -3.149576e+01 1.934434e+01
      vertex   -2.919934e+01 -3.179083e+01 1.146660e+01
      vertex   7.956739e+00 -3.984834e+01 1.819087e+01
    endloop
  endfacet
  facet normal -5.086386e-01 -8.591740e-01 -5.573841e-02
    outer loop
      vertex   -1.214295e+02 -1.045353e+02 6.373317e+00
      vertex   -1.213229e+02 -1.039338e+02 -3.869979e+00
      vertex   -8.630369e+01 -1.257756e+02 1.324041e+01
    endloop
  endfacet
  facet normal -5.086386e-01 -8.591740e-01 -5.573841e-02
    outer loop
      vertex   -8.630369e+01 -1.257756e+02 1.324041e+01
      vertex   -1.213229e+02 -1.039338e+02 -3.869979e+00
      vertex   -8.354940e+01 -1.263724e+02 -2.694024e+00
    endloop
  endfacet
  facet normal -1.740766e-01 -9.847087e-01 6.792945e-03
    outer loop
      vertex   -3.831674e+01 -1.341993e+02 2.185052e+01
      vertex   -8.630369e+01 -1.257756e+02 1.324041e+01
      vertex   -6.670769e+01 -1.292657e+02 9.475382e+00
    endloop
  endfacet
  facet normal -1.740766e-01 -9.847087e-01 6.792945e-03
    outer loop
      vertex   -6.670769e+01 -1.292657e+02 9.475382e+00
      vertex   -8.630369e+01 -1.257756e+02 1.324041e+01
      vertex   -8.354940e+01 -1.263724e+02 -2.694024e+00
    endloop
  endfacet
  facet normal -1.740766e-01 -9.847087e-01 6.792945e-03
    outer loop
      vertex   -6.670769e+01 -1.292657e+02 9.475382e+00
      vertex   -8.354940e+01 -1.263724e+02 -2.694024e+00
      vertex   -6.671479e+01 -1.293058e+02 3.480007e+00
    endloop
  endfacet
  facet normal -1.740766e-01 -9.847087e-01 6.792945e-03
    outer loop
      vertex   -6.671479e+01 -1.293058e+02 3.480007e+00
      vertex   -8.354940e+01 -1.263724e+02 -2.694024e+00
      vertex   -5.342092e+01 -1.316559e+02 3.479992e+00
    endloop
  endfacet
  facet normal -1.740766e-01 -9.847087e-01 6.792945e-03
    outer loop
      vertex   -5.342092e+01 -1.316559e+02 3.479992e+00
      vertex   -8.354940e+01 -1.263724e+02 -2.694024e+00
      vertex   -3.415326e+01 -1.351015e+02 -2.236552e+00
    endloop
  endfacet
  facet normal -1.740766e-01 -9.847087e-01 6.792945e-03
    outer loop
      vertex   -5.342092e+01 -1.316559e+02 3.479992e+00
      vertex   -3.415326e+01 -1.351015e+02 -2.236552e+00
      vertex   -5.341382e+01 -1.316158e+02 9.475367e+00
    endloop
  endfacet
  facet normal -1.740766e-01 -9.847087e-01 6.792945e-03
    outer loop
      vertex   -5.341382e+01 -1.316158e+02 9.475367e+00
      vertex   -3.415326e+01 -1.351015e+02 -2.236552e+00
      vertex   -3.831674e+01 -1.341993e+02 2.185052e+01
    endloop
  endfacet
  facet normal -1.740766e-01 -9.847087e-01 6.792945e-03
    outer loop
      vertex   -5.341382e+01 -1.316158e+02 9.475367e+00
      vertex   -3.831674e+01 -1.341993e+02 2.185052e+01
      vertex   -6.670769e+01 -1.292657e+02 9.475382e+00
    endloop
  endfacet
  facet normal -4.357900e-01 -8.990841e-01 -4.165161e-02
    outer loop
      vertex   4.968280e+00 -1.541100e+02 -1.240357e+00
      vertex   2.023592e+00 -1.541100e+02 2.956915e+01
      vertex   -3.415326e+01 -1.351015e+02 -2.236552e+00
    endloop
  endfacet
  facet normal -4.357900e-01 -8.990841e-01 -4.165161e-02
    outer loop
      vertex   -3.415326e+01 -1.351015e+02 -2.236552e+00
      vertex   2.023592e+00 -1.541100e+02 2.956915e+01
      vertex   -3.831674e+01 -1.341993e+02 2.185052e+01
    endloop
  endfacet
  facet normal -7.510654e-02 -9.971497e-01 -7.178477e-03
    outer loop
      vertex   5.407545e+00 -1.542109e+02 -1.235068e+00
      vertex   2.455860e+00 -1.542109e+02 2.964765e+01
      vertex   5.256449e+00 -1.541995e+02 -1.235665e+00
    endloop
  endfacet
  facet normal -1.355460e-01 -9.906902e-01 -1.265692e-02
    outer loop
      vertex   5.256449e+00 -1.541995e+02 -1.235665e+00
      vertex   2.455860e+00 -1.542109e+02 2.964765e+01
      vertex   3.918928e+00 -1.541854e+02 1.197901e+01
    endloop
  endfacet
  facet normal -1.868304e-01 -9.822299e-01 -1.785673e-02
    outer loop
      vertex   5.256449e+00 -1.541995e+02 -1.235665e+00
      vertex   3.918928e+00 -1.541854e+02 1.197901e+01
      vertex   4.340597e+00 -1.541854e+02 7.567194e+00
    endloop
  endfacet
  facet normal -3.318265e-01 -9.428071e-01 -3.171507e-02
    outer loop
      vertex   4.340597e+00 -1.541854e+02 7.567194e+00
      vertex   3.918928e+00 -1.541854e+02 1.197901e+01
      vertex   4.968280e+00 -1.541100e+02 -1.240357e+00
    endloop
  endfacet
  facet normal -3.318265e-01 -9.428071e-01 -3.171507e-02
    outer loop
      vertex   4.340597e+00 -1.541854e+02 7.567194e+00
      vertex   4.968280e+00 -1.541100e+02 -1.240357e+00
      vertex   4.762267e+00 -1.541854e+02 3.155377e+00
    endloop
  endfacet
  facet normal -3.670798e-01 -9.295989e-01 -3.314083e-02
    outer loop
      vertex   4.762267e+00 -1.541854e+02 3.155377e+00
      vertex   4.968280e+00 -1.541100e+02 -1.240357e+00
      vertex   5.108908e+00 -1.541656e+02 -1.237441e+00
    endloop
  endfacet
  facet normal -2.235989e-01 -9.744325e-01 -2.201995e-02
    outer loop
      vertex   4.762267e+00 -1.541854e+02 3.155377e+00
      vertex   5.108908e+00 -1.541656e+02 -1.237441e+00
      vertex   5.256449e+00 -1.541995e+02 -1.235665e+00
    endloop
  endfacet
  facet normal -7.477160e-02 -9.971593e-01 -9.088756e-03
    outer loop
      vertex   2.307203e+00 -1.541995e+02 2.962153e+01
      vertex   2.653920e+00 -1.541854e+02 2.521446e+01
      vertex   2.455860e+00 -1.542109e+02 2.964765e+01
    endloop
  endfacet
  facet normal -1.125259e-01 -9.935906e-01 -1.075492e-02
    outer loop
      vertex   2.455860e+00 -1.542109e+02 2.964765e+01
      vertex   2.653920e+00 -1.541854e+02 2.521446e+01
      vertex   3.075589e+00 -1.541854e+02 2.080265e+01
    endloop
  endfacet
  facet normal -1.125259e-01 -9.935906e-01 -1.075492e-02
    outer loop
      vertex   2.455860e+00 -1.542109e+02 2.964765e+01
      vertex   3.075589e+00 -1.541854e+02 2.080265e+01
      vertex   3.497259e+00 -1.541854e+02 1.639083e+01
    endloop
  endfacet
  facet normal -2.600697e-01 -9.652698e-01 -2.485675e-02
    outer loop
      vertex   3.497259e+00 -1.541854e+02 1.639083e+01
      vertex   3.075589e+00 -1.541854e+02 2.080265e+01
      vertex   2.162012e+00 -1.541656e+02 2.959516e+01
    endloop
  endfacet
  facet normal -3.098821e-01 -9.503042e-01 -2.991622e-02
    outer loop
      vertex   3.497259e+00 -1.541854e+02 1.639083e+01
      vertex   2.162012e+00 -1.541656e+02 2.959516e+01
      vertex   4.968280e+00 -1.541100e+02 -1.240357e+00
    endloop
  endfacet
  facet normal -3.670207e-01 -9.295511e-01 -3.507883e-02
    outer loop
      vertex   4.968280e+00 -1.541100e+02 -1.240357e+00
      vertex   2.162012e+00 -1.541656e+02 2.959516e+01
      vertex   2.023592e+00 -1.541100e+02 2.956915e+01
    endloop
  endfacet
  facet normal -2.237224e-01 -9.744323e-01 -2.073406e-02
    outer loop
      vertex   2.307203e+00 -1.541995e+02 2.962153e+01
      vertex   2.162012e+00 -1.541656e+02 2.959516e+01
      vertex   2.653920e+00 -1.541854e+02 2.521446e+01
    endloop
  endfacet
  facet normal -2.600697e-01 -9.652698e-01 -2.485675e-02
    outer loop
      vertex   2.653920e+00 -1.541854e+02 2.521446e+01
      vertex   2.162012e+00 -1.541656e+02 2.959516e+01
      vertex   3.075589e+00 -1.541854e+02 2.080265e+01
    endloop
  endfacet
  facet normal -1.125259e-01 -9.935906e-01 -1.075492e-02
    outer loop
      vertex   3.918928e+00 -1.541854e+02 1.197901e+01
      vertex   2.455860e+00 -1.542109e+02 2.964765e+01
      vertex   3.497259e+00 -1.541854e+02 1.639083e+01
    endloop
  endfacet
  facet normal -3.318265e-01 -9.428071e-01 -3.171507e-02
    outer loop
      vertex   4.968280e+00 -1.541100e+02 -1.240357e+00
      vertex   3.918928e+00 -1.541854e+02 1.197901e+01
      vertex   3.497259e+00 -1.541854e+02 1.639083e+01
    endloop
  endfacet
  facet normal -1.868304e-01 -9.822299e-01 -1.785673e-02
    outer loop
      vertex   4.762267e+00 -1.541854e+02 3.155377e+00
      vertex   5.256449e+00 -1.541995e+02 -1.235665e+00
      vertex   4.340597e+00 -1.541854e+02 7.567194e+00
    endloop
  endfacet
  facet normal 1.977487e-14 -1.000000e+00 1.811484e-15
    outer loop
      vertex   1.115660e+01 -1.542109e+02 -1.235068e+00
      vertex   1.115660e+01 -1.542109e+02 3.014441e+01
      vertex   5.407545e+00 -1.542109e+02 -1.235068e+00
    endloop
  endfacet
  facet normal 1.906035e-14 -1.000000e+00 1.942391e-15
    outer loop
      vertex   5.407545e+00 -1.542109e+02 -1.235068e+00
      vertex   1.115660e+01 -1.542109e+02 3.014441e+01
      vertex   5.194413e+00 -1.542109e+02 3.012101e+01
    endloop
  endfacet
  facet normal -3.129831e-16 -1.000000e+00 1.810708e-15
    outer loop
      vertex   5.407545e+00 -1.542109e+02 -1.235068e+00
      vertex   5.194413e+00 -1.542109e+02 3.012101e+01
      vertex   2.455860e+00 -1.542109e+02 2.964765e+01
    endloop
  endfacet
  facet normal 1.430098e-14 -1.000000e+00 1.214995e-12
    outer loop
      vertex   1.115660e+01 -1.542109e+02 3.014441e+01
      vertex   5.194413e+00 -1.542109e+02 3.014441e+01
      vertex   5.194413e+00 -1.542109e+02 3.012101e+01
    endloop
  endfacet
  facet normal -1.000000e+00 -3.552714e-15 3.796858e-14
    outer loop
      vertex   5.194413e+00 -1.542109e+02 3.014441e+01
      vertex   5.194413e+00 -1.527109e+02 3.014441e+01
      vertex   5.194413e+00 -1.542109e+02 3.012101e+01
    endloop
  endfacet
  facet normal -1.000000e+00 -3.656849e-15 4.464610e-14
    outer loop
      vertex   5.194413e+00 -1.542109e+02 3.012101e+01
      vertex   5.194413e+00 -1.527109e+02 3.014441e+01
      vertex   5.194413e+00 -1.527109e+02 3.006483e+01
    endloop
  endfacet
  facet normal 0.000000e+00 1.000000e+00 0.000000e+00
    outer loop
      vertex   5.194413e+00 -1.527109e+02 3.014441e+01
      vertex   5.654770e+00 -1.527109e+02 3.014440e+01
      vertex   5.194413e+00 -1.527109e+02 3.006483e+01
    endloop
  endfacet
  facet normal -7.173565e-12 -9.573081e-14 1.000000e+00
    outer loop
      vertex   1.882682e+01 -1.374109e+02 3.014440e+01
      vertex   1.872403e+01 -1.350900e+02 3.014440e+01
      vertex   1.882533e+01 -1.374109e+02 3.014440e+01
    endloop
  endfacet
  facet normal -4.285417e-13 1.986599e-13 1.000000e+00
    outer loop
      vertex   1.882533e+01 -1.374109e+02 3.014440e+01
      vertex   1.872403e+01 -1.350900e+02 3.014440e+01
      vertex   1.843754e+01 -1.356544e+02 3.014440e+01
    endloop
  endfacet
  facet normal -5.067439e-13 1.813956e-13 1.000000e+00
    outer loop
      vertex   1.882533e+01 -1.374109e+02 3.014440e+01
      vertex   1.843754e+01 -1.356544e+02 3.014440e+01
      vertex   1.782979e+01 -1.374109e+02 3.014440e+01
    endloop
  endfacet
  facet normal -1.011845e-14 9.568469e-15 1.000000e+00
    outer loop
      vertex   1.782979e+01 -1.374109e+02 3.014440e+01
      vertex   1.843754e+01 -1.356544e+02 3.014440e+01
      vertex   6.232120e+00 -1.500465e+02 3.014440e+01
    endloop
  endfacet
  facet normal -5.662518e-07 5.197390e-07 1.000000e+00
    outer loop
      vertex   1.782979e+01 -1.374109e+02 3.014440e+01
      vertex   6.232120e+00 -1.500465e+02 3.014440e+01
      vertex   8.985688e+00 -1.507109e+02 3.014441e+01
    endloop
  endfacet
  facet normal -6.572942e-07 1.424287e-07 1.000000e+00
    outer loop
      vertex   8.985688e+00 -1.507109e+02 3.014441e+01
      vertex   6.232120e+00 -1.500465e+02 3.014440e+01
      vertex   5.654770e+00 -1.527109e+02 3.014440e+01
    endloop
  endfacet
  facet normal -1.635531e-06 1.771642e-06 1.000000e+00
    outer loop
      vertex   8.985688e+00 -1.507109e+02 3.014441e+01
      vertex   5.654770e+00 -1.527109e+02 3.014440e+01
      vertex   5.194413e+00 -1.542109e+02 3.014441e+01
    endloop
  endfacet
  facet normal 4.137094e-06 1.469791e-20 1.000000e+00
    outer loop
      vertex   5.194413e+00 -1.542109e+02 3.014441e+01
      vertex   5.654770e+00 -1.527109e+02 3.014440e+01
      vertex   5.194413e+00 -1.527109e+02 3.014441e+01
    endloop
  endfacet
  facet normal -4.990180e-16 2.219345e-13 1.000000e+00
    outer loop
      vertex   1.882682e+01 -1.374109e+02 3.014440e+01
      vertex   1.882830e+01 -1.374109e+02 3.014440e+01
      vertex   1.872403e+01 -1.350900e+02 3.014440e+01
    endloop
  endfacet
  facet normal 3.467252e-10 1.579895e-11 1.000000e+00
    outer loop
      vertex   1.872403e+01 -1.350900e+02 3.014440e+01
      vertex   1.882830e+01 -1.374109e+02 3.014440e+01
      vertex   1.882979e+01 -1.374109e+02 3.014440e+01
    endloop
  endfacet
  facet normal -0.000000e+00 0.000000e+00 1.000000e+00
    outer loop
      vertex   1.872403e+01 -1.350900e+02 3.014440e+01
      vertex   1.882979e+01 -1.374109e+02 3.014440e+01
      vertex   1.889654e+01 -1.344373e+02 3.014440e+01
    endloop
  endfacet
  facet normal 0.000000e+00 0.000000e+00 1.000000e+00
    outer loop
      vertex   1.889654e+01 -1.344373e+02 3.014440e+01
      vertex   1.882979e+01 -1.374109e+02 3.014440e+01
      vertex   2.026130e+01 -1.374109e+02 3.014440e+01
    endloop
  endfacet
  facet normal -0.000000e+00 0.000000e+00 1.000000e+00
    outer loop
      vertex   1.889654e+01 -1.344373e+02 3.014440e+01
      vertex   2.026130e+01 -1.374109e+02 3.014440e+01
      vertex   1.897793e+01 -1.339740e+02 3.014440e+01
    endloop
  endfacet
  facet normal -1.545177e-14 -5.769848e-15 1.000000e+00
    outer loop
      vertex   1.897793e+01 -1.339740e+02 3.014440e+01
      vertex   2.026130e+01 -1.374109e+02 3.014440e+01
      vertex   2.058053e+01 -1.370344e+02 3.014440e+01
    endloop
  endfacet
  facet normal -4.669021e-15 -1.232501e-16 1.000000e+00
    outer loop
      vertex   1.897793e+01 -1.339740e+02 3.014440e+01
      vertex   2.058053e+01 -1.370344e+02 3.014440e+01
      vertex   1.896117e+01 -1.333394e+02 3.014440e+01
    endloop
  endfacet
  facet normal 1.574400e-14 8.822975e-15 1.000000e+00
    outer loop
      vertex   1.896117e+01 -1.333394e+02 3.014440e+01
      vertex   2.058053e+01 -1.370344e+02 3.014440e+01
      vertex   2.111669e+01 -1.359778e+02 3.014440e+01
    endloop
  endfacet
  facet normal 4.302798e-15 -5.243259e-16 1.000000e+00
    outer loop
      vertex   1.896117e+01 -1.333394e+02 3.014440e+01
      vertex   2.111669e+01 -1.359778e+02 3.014440e+01
      vertex   2.149110e+01 -1.329053e+02 3.014440e+01
    endloop
  endfacet
  facet normal 0.000000e+00 0.000000e+00 1.000000e+00
    outer loop
      vertex   2.149110e+01 -1.329053e+02 3.014440e+01
      vertex   2.111669e+01 -1.359778e+02 3.014440e+01
      vertex   2.138238e+01 -1.349718e+02 3.014440e+01
    endloop
  endfacet
  facet normal -1.071051e-13 5.634872e-15 1.000000e+00
    outer loop
      vertex   2.149110e+01 -1.329053e+02 3.014440e+01
      vertex   2.138238e+01 -1.349718e+02 3.014440e+01
      vertex   2.152448e+01 -1.341623e+02 3.014440e+01
    endloop
  endfacet
  facet normal 4.225242e-15 -7.231954e-17 1.000000e+00
    outer loop
      vertex   2.149110e+01 -1.329053e+02 3.014440e+01
      vertex   1.748880e+01 -1.211118e+02 3.014440e+01
      vertex   1.896117e+01 -1.333394e+02 3.014440e+01
    endloop
  endfacet
  facet normal 1.330784e-16 -5.650708e-16 1.000000e+00
    outer loop
      vertex   1.896117e+01 -1.333394e+02 3.014440e+01
      vertex   1.748880e+01 -1.211118e+02 3.014440e+01
      vertex   1.501160e+01 -1.216952e+02 3.014440e+01
    endloop
  endfacet
  facet normal -2.654096e-14 1.126969e-13 1.000000e+00
    outer loop
      vertex   1.501160e+01 -1.216952e+02 3.014440e+01
      vertex   1.748880e+01 -1.211118e+02 3.014440e+01
      vertex   1.747945e+01 -1.210509e+02 3.014440e+01
    endloop
  endfacet
  facet normal 1.186885e-15 6.482555e-15 1.000000e+00
    outer loop
      vertex   1.501160e+01 -1.216952e+02 3.014440e+01
      vertex   1.747945e+01 -1.210509e+02 3.014440e+01
      vertex   1.496255e+01 -1.205901e+02 3.014440e+01
    endloop
  endfacet
  facet normal 1.134856e-14 6.198380e-14 1.000000e+00
    outer loop
      vertex   1.496255e+01 -1.205901e+02 3.014440e+01
      vertex   1.747945e+01 -1.210509e+02 3.014440e+01
      vertex   1.748912e+01 -1.208807e+02 3.014440e+01
    endloop
  endfacet
  facet normal 4.193355e-15 -2.179723e-16 1.000000e+00
    outer loop
      vertex   1.496255e+01 -1.205901e+02 3.014440e+01
      vertex   1.748912e+01 -1.208807e+02 3.014440e+01
      vertex   1.857189e+01 -1.000504e+02 3.014440e+01
    endloop
  endfacet
  facet normal -4.229967e-15 2.198755e-16 1.000000e+00
    outer loop
      vertex   1.857189e+01 -1.000504e+02 3.014440e+01
      vertex   1.748912e+01 -1.208807e+02 3.014440e+01
      vertex   2.106862e+01 -1.004919e+02 3.014440e+01
    endloop
  endfacet
  facet normal -6.343905e-14 3.614393e-15 1.000000e+00
    outer loop
      vertex   1.496255e+01 -1.205901e+02 3.014440e+01
      vertex   1.492991e+01 -1.211631e+02 3.014440e+01
      vertex   1.501160e+01 -1.216952e+02 3.014440e+01
    endloop
  endfacet
  facet normal 2.903273e-29 -2.030122e-15 1.000000e+00
    outer loop
      vertex   5.194413e+00 -1.542109e+02 3.014441e+01
      vertex   1.115660e+01 -1.542109e+02 3.014441e+01
      vertex   8.985688e+00 -1.507109e+02 3.014441e+01
    endloop
  endfacet
  facet normal 3.273011e-15 1.661153e-29 1.000000e+00
    outer loop
      vertex   8.985688e+00 -1.507109e+02 3.014441e+01
      vertex   1.115660e+01 -1.542109e+02 3.014441e+01
      vertex   1.115660e+01 -1.507109e+02 3.014441e+01
    endloop
  endfacet
  facet normal 2.153454e-07 9.350151e-21 1.000000e+00
    outer loop
      vertex   8.985688e+00 -1.507109e+02 3.014441e+01
      vertex   1.782979e+01 -1.402790e+02 3.014440e+01
      vertex   1.782979e+01 -1.374109e+02 3.014440e+01
    endloop
  endfacet
  facet normal -7.535481e-01 6.390552e-01 -1.541875e-01
    outer loop
      vertex   1.782979e+01 -1.379567e+02 2.357209e+01
      vertex   6.402109e+00 -1.517834e+02 2.211469e+01
      vertex   1.782979e+01 -1.374109e+02 2.583425e+01
    endloop
  endfacet
  facet normal -7.535481e-01 6.390552e-01 -1.541875e-01
    outer loop
      vertex   1.782979e+01 -1.374109e+02 2.583425e+01
      vertex   6.402109e+00 -1.517834e+02 2.211469e+01
      vertex   6.232120e+00 -1.500465e+02 3.014440e+01
    endloop
  endfacet
  facet normal -7.535481e-01 6.390552e-01 -1.541875e-01
    outer loop
      vertex   1.782979e+01 -1.374109e+02 2.583425e+01
      vertex   6.232120e+00 -1.500465e+02 3.014440e+01
      vertex   1.843754e+01 -1.356544e+02 3.014440e+01
    endloop
  endfacet
  facet normal -7.535481e-01 6.390552e-01 -1.541875e-01
    outer loop
      vertex   6.402109e+00 -1.517834e+02 2.211469e+01
      vertex   5.040433e+00 -1.514884e+02 2.999242e+01
      vertex   6.232120e+00 -1.500465e+02 3.014440e+01
    endloop
  endfacet
  facet normal -7.535481e-01 6.390552e-01 -1.541875e-01
    outer loop
      vertex   1.843754e+01 -1.356544e+02 3.014440e+01
      vertex   1.953596e+01 -1.358924e+02 2.378969e+01
      vertex   1.782979e+01 -1.374109e+02 2.583425e+01
    endloop
  endfacet
  facet normal -7.535481e-01 6.390552e-01 -1.541875e-01
    outer loop
      vertex   1.782979e+01 -1.374109e+02 2.583425e+01
      vertex   1.953596e+01 -1.358924e+02 2.378969e+01
      vertex   1.828089e+01 -1.374109e+02 2.362962e+01
    endloop
  endfacet
  facet normal -4.989075e-01 8.585304e-01 -1.183930e-01
    outer loop
      vertex   6.402109e+00 -1.517834e+02 2.211469e+01
      vertex   5.854282e+00 -1.521131e+02 2.203234e+01
      vertex   5.040433e+00 -1.514884e+02 2.999242e+01
    endloop
  endfacet
  facet normal -4.989075e-01 8.585304e-01 -1.183930e-01
    outer loop
      vertex   5.040433e+00 -1.514884e+02 2.999242e+01
      vertex   5.854282e+00 -1.521131e+02 2.203234e+01
      vertex   4.492605e+00 -1.518181e+02 2.991008e+01
    endloop
  endfacet
  facet normal -1.414164e-01 9.880411e-01 -6.145110e-02
    outer loop
      vertex   5.854282e+00 -1.521131e+02 2.203234e+01
      vertex   5.261532e+00 -1.522041e+02 2.193329e+01
      vertex   4.492605e+00 -1.518181e+02 2.991008e+01
    endloop
  endfacet
  facet normal -1.414164e-01 9.880411e-01 -6.145110e-02
    outer loop
      vertex   4.492605e+00 -1.518181e+02 2.991008e+01
      vertex   5.261532e+00 -1.522041e+02 2.193329e+01
      vertex   3.899855e+00 -1.519091e+02 2.981103e+01
    endloop
  endfacet
  facet normal -2.079871e-03 9.992836e-01 -3.778771e-02
    outer loop
      vertex   5.261532e+00 -1.522041e+02 2.193329e+01
      vertex   4.560200e+00 -1.522102e+02 2.181229e+01
      vertex   3.899855e+00 -1.519091e+02 2.981103e+01
    endloop
  endfacet
  facet normal -2.079871e-03 9.992836e-01 -3.778771e-02
    outer loop
      vertex   3.899855e+00 -1.519091e+02 2.981103e+01
      vertex   4.560200e+00 -1.522102e+02 2.181229e+01
      vertex   3.198523e+00 -1.519151e+02 2.969003e+01
    endloop
  endfacet
  facet normal 4.359283e-01 8.990158e-01 4.167808e-02
    outer loop
      vertex   4.560200e+00 -1.522102e+02 2.181229e+01
      vertex   -3.618088e+01 -1.320936e+02 1.401668e+01
      vertex   3.198523e+00 -1.519151e+02 2.969003e+01
    endloop
  endfacet
  facet normal 4.359283e-01 8.990158e-01 4.167808e-02
    outer loop
      vertex   3.198523e+00 -1.519151e+02 2.969003e+01
      vertex   -3.618088e+01 -1.320936e+02 1.401668e+01
      vertex   -3.754256e+01 -1.317986e+02 2.189442e+01
    endloop
  endfacet
  facet normal 1.742284e-01 9.846820e-01 -6.765702e-03
    outer loop
      vertex   -5.002147e+01 -1.296618e+02 1.153323e+01
      vertex   -5.001190e+01 -1.296076e+02 1.965702e+01
      vertex   -3.618088e+01 -1.320936e+02 1.401668e+01
    endloop
  endfacet
  facet normal 1.742284e-01 9.846820e-01 -6.765702e-03
    outer loop
      vertex   -3.618088e+01 -1.320936e+02 1.401668e+01
      vertex   -5.001190e+01 -1.296076e+02 1.965702e+01
      vertex   -3.754256e+01 -1.317986e+02 2.189442e+01
    endloop
  endfacet
  facet normal -9.847046e-01 1.742324e-01 -2.516894e-16
    outer loop
      vertex   -5.002391e+01 -1.296755e+02 1.153333e+01
      vertex   -5.002391e+01 -1.296755e+02 1.965749e+01
      vertex   -5.002147e+01 -1.296618e+02 1.153323e+01
    endloop
  endfacet
  facet normal -9.847046e-01 1.742324e-01 4.253899e-16
    outer loop
      vertex   -5.002147e+01 -1.296618e+02 1.153323e+01
      vertex   -5.002391e+01 -1.296755e+02 1.965749e+01
      vertex   -5.001190e+01 -1.296076e+02 1.965702e+01
    endloop
  endfacet
  facet normal 1.742324e-01 9.847046e-01 3.047690e-16
    outer loop
      vertex   -5.297803e+01 -1.291528e+02 1.100313e+01
      vertex   -5.297803e+01 -1.291528e+02 1.912729e+01
      vertex   -5.002391e+01 -1.296755e+02 1.153333e+01
    endloop
  endfacet
  facet normal 1.742324e-01 9.847046e-01 3.597294e-15
    outer loop
      vertex   -5.002391e+01 -1.296755e+02 1.153333e+01
      vertex   -5.297803e+01 -1.291528e+02 1.912729e+01
      vertex   -5.002391e+01 -1.296755e+02 1.965749e+01
    endloop
  endfacet
  facet normal 9.847046e-01 -1.742324e-01 1.722455e-15
    outer loop
      vertex   -5.297803e+01 -1.291528e+02 1.100313e+01
      vertex   -5.297621e+01 -1.291426e+02 1.100306e+01
      vertex   -5.297803e+01 -1.291528e+02 1.912729e+01
    endloop
  endfacet
  facet normal 9.847046e-01 -1.742324e-01 3.215233e-15
    outer loop
      vertex   -5.297803e+01 -1.291528e+02 1.912729e+01
      vertex   -5.297621e+01 -1.291426e+02 1.100306e+01
      vertex   -5.296663e+01 -1.290885e+02 1.912684e+01
    endloop
  endfacet
  facet normal 1.742284e-01 9.846820e-01 -6.765702e-03
    outer loop
      vertex   -5.297841e+01 -1.291528e+02 9.458445e+00
      vertex   -6.627192e+01 -1.268007e+02 9.458445e+00
      vertex   -5.297659e+01 -1.291425e+02 1.100299e+01
    endloop
  endfacet
  facet normal 1.742284e-01 9.846820e-01 -6.765702e-03
    outer loop
      vertex   -5.297659e+01 -1.291425e+02 1.100299e+01
      vertex   -6.627192e+01 -1.268007e+02 9.458445e+00
      vertex   -5.296663e+01 -1.290885e+02 1.912684e+01
    endloop
  endfacet
  facet normal 1.742284e-01 9.846820e-01 -6.765702e-03
    outer loop
      vertex   -5.297659e+01 -1.291425e+02 1.100299e+01
      vertex   -5.296663e+01 -1.290885e+02 1.912684e+01
      vertex   -5.297621e+01 -1.291426e+02 1.100306e+01
    endloop
  endfacet
  facet normal 1.742284e-01 9.846820e-01 -6.765702e-03
    outer loop
      vertex   -6.627291e+01 -1.268063e+02 8.617199e+00
      vertex   -8.406158e+01 -1.236807e+02 5.425337e+00
      vertex   -6.627192e+01 -1.268007e+02 9.458445e+00
    endloop
  endfacet
  facet normal 1.742284e-01 9.846820e-01 -6.765702e-03
    outer loop
      vertex   -6.627192e+01 -1.268007e+02 9.458445e+00
      vertex   -8.406158e+01 -1.236807e+02 5.425337e+00
      vertex   -8.542326e+01 -1.233856e+02 1.330308e+01
    endloop
  endfacet
  facet normal 1.742284e-01 9.846820e-01 -6.765702e-03
    outer loop
      vertex   -6.627192e+01 -1.268007e+02 9.458445e+00
      vertex   -8.542326e+01 -1.233856e+02 1.330308e+01
      vertex   -5.296663e+01 -1.290885e+02 1.912684e+01
    endloop
  endfacet
  facet normal 5.087707e-01 8.590941e-01 5.576424e-02
    outer loop
      vertex   -8.406158e+01 -1.236807e+02 5.425337e+00
      vertex   -1.187304e+02 -1.027093e+02 -1.352693e+00
      vertex   -8.542326e+01 -1.233856e+02 1.330308e+01
    endloop
  endfacet
  facet normal 5.087707e-01 8.590941e-01 5.576424e-02
    outer loop
      vertex   -8.542326e+01 -1.233856e+02 1.330308e+01
      vertex   -1.187304e+02 -1.027093e+02 -1.352693e+00
      vertex   -1.200921e+02 -1.024142e+02 6.525046e+00
    endloop
  endfacet
  facet normal 9.698202e-01 -1.707690e-01 1.740308e-01
    outer loop
      vertex   -1.069490e+02 -2.828700e+01 6.020412e+00
      vertex   -1.200921e+02 -1.024142e+02 6.525046e+00
      vertex   -1.055873e+02 -2.858206e+01 -1.857328e+00
    endloop
  endfacet
  facet normal 9.698202e-01 -1.707690e-01 1.740308e-01
    outer loop
      vertex   -1.055873e+02 -2.858206e+01 -1.857328e+00
      vertex   -1.200921e+02 -1.024142e+02 6.525046e+00
      vertex   -1.187304e+02 -1.027093e+02 -1.352693e+00
    endloop
  endfacet
  facet normal -2.706494e-01 -9.626182e-01 -1.072718e-02
    outer loop
      vertex   2.705666e+01 -4.395972e+01 2.570839e+01
      vertex   2.848297e+01 -4.431837e+01 2.190628e+01
      vertex   2.751881e+01 -4.409060e+01 2.579317e+01
    endloop
  endfacet
  facet normal -2.706494e-01 -9.626182e-01 -1.072718e-02
    outer loop
      vertex   2.751881e+01 -4.409060e+01 2.579317e+01
      vertex   2.848297e+01 -4.431837e+01 2.190628e+01
      vertex   2.712130e+01 -4.402331e+01 2.978402e+01
    endloop
  endfacet
  facet normal -2.706494e-01 -9.626182e-01 -1.072718e-02
    outer loop
      vertex   2.751881e+01 -4.409060e+01 2.579317e+01
      vertex   2.712130e+01 -4.402331e+01 2.978402e+01
      vertex   2.683797e+01 -4.394307e+01 2.973204e+01
    endloop
  endfacet
  facet normal -2.706494e-01 -9.626182e-01 -1.072718e-02
    outer loop
      vertex   2.705666e+01 -4.395972e+01 2.570839e+01
      vertex   2.706590e+01 -4.391705e+01 2.164631e+01
      vertex   2.848297e+01 -4.431837e+01 2.190628e+01
    endloop
  endfacet
  facet normal -4.539449e-01 -8.898859e-01 -4.513423e-02
    outer loop
      vertex   2.848297e+01 -4.431837e+01 2.190628e+01
      vertex   2.876806e+01 -4.446658e+01 2.196111e+01
      vertex   2.712130e+01 -4.402331e+01 2.978402e+01
    endloop
  endfacet
  facet normal -4.539449e-01 -8.898859e-01 -4.513423e-02
    outer loop
      vertex   2.712130e+01 -4.402331e+01 2.978402e+01
      vertex   2.876806e+01 -4.446658e+01 2.196111e+01
      vertex   2.740638e+01 -4.417152e+01 2.983885e+01
    endloop
  endfacet
  facet normal -6.158037e-01 -7.841209e-01 -7.707315e-02
    outer loop
      vertex   2.765269e+01 -4.436987e+01 2.988885e+01
      vertex   2.740638e+01 -4.417152e+01 2.983885e+01
      vertex   2.901436e+01 -4.466493e+01 2.201111e+01
    endloop
  endfacet
  facet normal -6.158037e-01 -7.841209e-01 -7.707315e-02
    outer loop
      vertex   2.901436e+01 -4.466493e+01 2.201111e+01
      vertex   2.740638e+01 -4.417152e+01 2.983885e+01
      vertex   2.876806e+01 -4.446658e+01 2.196111e+01
    endloop
  endfacet
  facet normal -7.516439e-01 -6.510710e-01 -1.055367e-01
    outer loop
      vertex   2.901436e+01 -4.466493e+01 2.201111e+01
      vertex   2.921652e+01 -4.490544e+01 2.205507e+01
      vertex   2.765269e+01 -4.436987e+01 2.988885e+01
    endloop
  endfacet
  facet normal -7.516439e-01 -6.510710e-01 -1.055367e-01
    outer loop
      vertex   2.765269e+01 -4.436987e+01 2.988885e+01
      vertex   2.921652e+01 -4.490544e+01 2.205507e+01
      vertex   2.785485e+01 -4.461038e+01 2.993280e+01
    endloop
  endfacet
  facet normal -8.590014e-01 -4.952116e-01 -1.299313e-01
    outer loop
      vertex   2.921652e+01 -4.490544e+01 2.205507e+01
      vertex   2.936971e+01 -4.518081e+01 2.209186e+01
      vertex   2.785485e+01 -4.461038e+01 2.993280e+01
    endloop
  endfacet
  facet normal -8.590014e-01 -4.952116e-01 -1.299313e-01
    outer loop
      vertex   2.785485e+01 -4.461038e+01 2.993280e+01
      vertex   2.936971e+01 -4.518081e+01 2.209186e+01
      vertex   2.800803e+01 -4.488575e+01 2.996960e+01
    endloop
  endfacet
  facet normal -9.355289e-01 -3.199509e-01 -1.497235e-01
    outer loop
      vertex   2.936971e+01 -4.518081e+01 2.209186e+01
      vertex   2.946881e+01 -4.548393e+01 2.212034e+01
      vertex   2.800803e+01 -4.488575e+01 2.996960e+01
    endloop
  endfacet
  facet normal -9.355289e-01 -3.199509e-01 -1.497235e-01
    outer loop
      vertex   2.800803e+01 -4.488575e+01 2.996960e+01
      vertex   2.946881e+01 -4.548393e+01 2.212034e+01
      vertex   2.810714e+01 -4.518887e+01 2.999808e+01
    endloop
  endfacet
  facet normal -9.779372e-01 -1.291396e-01 -1.642007e-01
    outer loop
      vertex   2.946881e+01 -4.548393e+01 2.212034e+01
      vertex   2.950829e+01 -4.580693e+01 2.213926e+01
      vertex   2.810714e+01 -4.518887e+01 2.999808e+01
    endloop
  endfacet
  facet normal -9.779372e-01 -1.291396e-01 -1.642007e-01
    outer loop
      vertex   2.810714e+01 -4.518887e+01 2.999808e+01
      vertex   2.950829e+01 -4.580693e+01 2.213926e+01
      vertex   2.814661e+01 -4.551187e+01 3.001700e+01
    endloop
  endfacet
  facet normal -9.824656e-01 7.081277e-02 -1.724727e-01
    outer loop
      vertex   2.950829e+01 -4.580693e+01 2.213926e+01
      vertex   2.948480e+01 -4.611473e+01 2.214673e+01
      vertex   2.814661e+01 -4.551187e+01 3.001700e+01
    endloop
  endfacet
  facet normal -9.824656e-01 7.081277e-02 -1.724727e-01
    outer loop
      vertex   2.814661e+01 -4.551187e+01 3.001700e+01
      vertex   2.948480e+01 -4.611473e+01 2.214673e+01
      vertex   2.812312e+01 -4.581967e+01 3.002447e+01
    endloop
  endfacet
  facet normal -9.698798e-01 1.704323e-01 -1.740285e-01
    outer loop
      vertex   2.369509e+01 -8.582402e+01 1.552465e+01
      vertex   2.116805e+01 -8.527644e+01 3.014440e+01
      vertex   2.372335e+01 -7.867309e+01 2.237033e+01
    endloop
  endfacet
  facet normal -9.698798e-01 1.704323e-01 -1.740285e-01
    outer loop
      vertex   2.372335e+01 -7.867309e+01 2.237033e+01
      vertex   2.116805e+01 -8.527644e+01 3.014440e+01
      vertex   2.415130e+01 -7.156056e+01 2.695085e+01
    endloop
  endfacet
  facet normal -9.698798e-01 1.704323e-01 -1.740285e-01
    outer loop
      vertex   2.372335e+01 -7.867309e+01 2.237033e+01
      vertex   2.415130e+01 -7.156056e+01 2.695085e+01
      vertex   2.495129e+01 -7.173391e+01 2.232268e+01
    endloop
  endfacet
  facet normal -9.698798e-01 1.704323e-01 -1.740285e-01
    outer loop
      vertex   2.116805e+01 -8.527644e+01 3.014440e+01
      vertex   2.503283e+01 -6.328310e+01 3.014440e+01
      vertex   2.415130e+01 -7.156056e+01 2.695085e+01
    endloop
  endfacet
  facet normal -9.698798e-01 1.704323e-01 -1.740285e-01
    outer loop
      vertex   2.415130e+01 -7.156056e+01 2.695085e+01
      vertex   2.503283e+01 -6.328310e+01 3.014440e+01
      vertex   2.521840e+01 -6.553031e+01 2.690943e+01
    endloop
  endfacet
  facet normal -9.698798e-01 1.704323e-01 -1.740285e-01
    outer loop
      vertex   2.521840e+01 -6.553031e+01 2.690943e+01
      vertex   2.503283e+01 -6.328310e+01 3.014440e+01
      vertex   2.763623e+01 -5.186699e+01 2.681560e+01
    endloop
  endfacet
  facet normal -9.698798e-01 1.704323e-01 -1.740285e-01
    outer loop
      vertex   2.763623e+01 -5.186699e+01 2.681560e+01
      vertex   2.503283e+01 -6.328310e+01 3.014440e+01
      vertex   2.812312e+01 -4.581967e+01 3.002447e+01
    endloop
  endfacet
  facet normal -9.698798e-01 1.704323e-01 -1.740285e-01
    outer loop
      vertex   2.763623e+01 -5.186699e+01 2.681560e+01
      vertex   2.812312e+01 -4.581967e+01 3.002447e+01
      vertex   2.948480e+01 -4.611473e+01 2.214673e+01
    endloop
  endfacet
  facet normal -9.698798e-01 1.704323e-01 -1.740285e-01
    outer loop
      vertex   2.948480e+01 -4.611473e+01 2.214673e+01
      vertex   2.843622e+01 -5.204033e+01 2.218743e+01
      vertex   2.763623e+01 -5.186699e+01 2.681560e+01
    endloop
  endfacet
  facet normal 4.144110e-15 -7.282245e-16 1.000000e+00
    outer loop
      vertex   2.116805e+01 -8.527644e+01 3.014440e+01
      vertex   2.366243e+01 -8.571744e+01 3.014440e+01
      vertex   2.503283e+01 -6.328310e+01 3.014440e+01
    endloop
  endfacet
  facet normal 4.967226e-15 -7.785045e-16 1.000000e+00
    outer loop
      vertex   2.503283e+01 -6.328310e+01 3.014440e+01
      vertex   2.366243e+01 -8.571744e+01 3.014440e+01
      vertex   3.032979e+01 -4.774007e+01 3.014440e+01
    endloop
  endfacet
  facet normal 5.967318e-15 -1.119329e-15 1.000000e+00
    outer loop
      vertex   2.503283e+01 -6.328310e+01 3.014440e+01
      vertex   3.032979e+01 -4.774007e+01 3.014440e+01
      vertex   2.946416e+01 -4.283298e+01 3.014440e+01
    endloop
  endfacet
  facet normal -4.893515e-16 -2.258308e-15 1.000000e+00
    outer loop
      vertex   2.946416e+01 -4.283298e+01 3.014440e+01
      vertex   3.032979e+01 -4.774007e+01 3.014440e+01
      vertex   3.032979e+01 -4.302055e+01 3.014440e+01
    endloop
  endfacet
  facet normal 9.388442e-01 -2.974830e-01 1.734226e-01
    outer loop
      vertex   -9.622777e+01 -8.616275e+01 -4.132290e+00
      vertex   -9.724171e+01 -8.594304e+01 1.733671e+00
      vertex   -9.634498e+01 -8.653632e+01 -4.138559e+00
    endloop
  endfacet
  facet normal 9.388442e-01 -2.974830e-01 1.734226e-01
    outer loop
      vertex   -9.634498e+01 -8.653632e+01 -4.138559e+00
      vertex   -9.724171e+01 -8.594304e+01 1.733671e+00
      vertex   -9.735892e+01 -8.631661e+01 1.727403e+00
    endloop
  endfacet
  facet normal 9.843269e-01 -4.042944e-02 1.716564e-01
    outer loop
      vertex   -9.634498e+01 -8.653632e+01 -4.138559e+00
      vertex   -9.735892e+01 -8.631661e+01 1.727403e+00
      vertex   -9.636305e+01 -8.692731e+01 -4.127037e+00
    endloop
  endfacet
  facet normal 9.843269e-01 -4.042944e-02 1.716564e-01
    outer loop
      vertex   -9.636305e+01 -8.692731e+01 -4.127037e+00
      vertex   -9.735892e+01 -8.631661e+01 1.727403e+00
      vertex   -9.737699e+01 -8.670760e+01 1.738925e+00
    endloop
  endfacet
  facet normal 9.627294e-01 2.193793e-01 1.581921e-01
    outer loop
      vertex   -9.636305e+01 -8.692731e+01 -4.127037e+00
      vertex   -9.737699e+01 -8.670760e+01 1.738925e+00
      vertex   -9.628074e+01 -8.730908e+01 -4.098511e+00
    endloop
  endfacet
  facet normal 9.627294e-01 2.193793e-01 1.581921e-01
    outer loop
      vertex   -9.628074e+01 -8.730908e+01 -4.098511e+00
      vertex   -9.737699e+01 -8.670760e+01 1.738925e+00
      vertex   -9.729468e+01 -8.708937e+01 1.767450e+00
    endloop
  endfacet
  facet normal 8.755235e-01 4.642378e-01 1.339473e-01
    outer loop
      vertex   -9.628074e+01 -8.730908e+01 -4.098511e+00
      vertex   -9.729468e+01 -8.708937e+01 1.767450e+00
      vertex   -9.610367e+01 -8.765560e+01 -4.054925e+00
    endloop
  endfacet
  facet normal 8.755235e-01 4.642378e-01 1.339473e-01
    outer loop
      vertex   -9.610367e+01 -8.765560e+01 -4.054925e+00
      vertex   -9.729468e+01 -8.708937e+01 1.767450e+00
      vertex   -9.711761e+01 -8.743589e+01 1.811037e+00
    endloop
  endfacet
  facet normal 7.286521e-01 6.774592e-01 1.005741e-01
    outer loop
      vertex   -9.610367e+01 -8.765560e+01 -4.054925e+00
      vertex   -9.711761e+01 -8.743589e+01 1.811037e+00
      vertex   -9.584390e+01 -8.794327e+01 -3.999248e+00
    endloop
  endfacet
  facet normal 7.286521e-01 6.774592e-01 1.005741e-01
    outer loop
      vertex   -9.584390e+01 -8.794327e+01 -3.999248e+00
      vertex   -9.711761e+01 -8.743589e+01 1.811037e+00
      vertex   -9.685784e+01 -8.772356e+01 1.866713e+00
    endloop
  endfacet
  facet normal 5.321242e-01 8.445129e-01 6.034707e-02
    outer loop
      vertex   -9.584390e+01 -8.794327e+01 -3.999248e+00
      vertex   -9.685784e+01 -8.772356e+01 1.866713e+00
      vertex   -9.551913e+01 -8.815247e+01 -3.935276e+00
    endloop
  endfacet
  facet normal 5.321242e-01 8.445129e-01 6.034707e-02
    outer loop
      vertex   -9.551913e+01 -8.815247e+01 -3.935276e+00
      vertex   -9.685784e+01 -8.772356e+01 1.866713e+00
      vertex   -9.653307e+01 -8.793276e+01 1.930686e+00
    endloop
  endfacet
  facet normal 2.993330e-01 9.540144e-01 1.600743e-02
    outer loop
      vertex   -9.551913e+01 -8.815247e+01 -3.935276e+00
      vertex   -9.653307e+01 -8.793276e+01 1.930686e+00
      vertex   -9.515150e+01 -8.826896e+01 -3.867368e+00
    endloop
  endfacet
  facet normal 2.993330e-01 9.540144e-01 1.600743e-02
    outer loop
      vertex   -9.515150e+01 -8.826896e+01 -3.867368e+00
      vertex   -9.653307e+01 -8.793276e+01 1.930686e+00
      vertex   -9.616544e+01 -8.804925e+01 1.998594e+00
    endloop
  endfacet
  facet normal 4.614271e-02 9.985014e-01 -2.942308e-02
    outer loop
      vertex   -9.515150e+01 -8.826896e+01 -3.867368e+00
      vertex   -9.616544e+01 -8.804925e+01 1.998594e+00
      vertex   -9.476606e+01 -8.828479e+01 -3.800151e+00
    endloop
  endfacet
  facet normal 4.614271e-02 9.985014e-01 -2.942308e-02
    outer loop
      vertex   -9.476606e+01 -8.828479e+01 -3.800151e+00
      vertex   -9.616544e+01 -8.804925e+01 1.998594e+00
      vertex   -9.578000e+01 -8.806508e+01 2.065811e+00
    endloop
  endfacet
  facet normal -2.101921e-01 9.749422e-01 -7.284845e-02
    outer loop
      vertex   -9.476606e+01 -8.828479e+01 -3.800151e+00
      vertex   -9.578000e+01 -8.806508e+01 2.065811e+00
      vertex   -9.438907e+01 -8.819889e+01 -3.738206e+00
    endloop
  endfacet
  facet normal -2.101921e-01 9.749422e-01 -7.284845e-02
    outer loop
      vertex   -9.438907e+01 -8.819889e+01 -3.738206e+00
      vertex   -9.578000e+01 -8.806508e+01 2.065811e+00
      vertex   -9.540301e+01 -8.797918e+01 2.127756e+00
    endloop
  endfacet
  facet normal -4.522027e-01 8.849423e-01 -1.113093e-01
    outer loop
      vertex   -9.438907e+01 -8.819889e+01 -3.738206e+00
      vertex   -9.540301e+01 -8.797918e+01 2.127756e+00
      vertex   -9.404624e+01 -8.801710e+01 -3.685755e+00
    endloop
  endfacet
  facet normal -4.522027e-01 8.849423e-01 -1.113093e-01
    outer loop
      vertex   -9.404624e+01 -8.801710e+01 -3.685755e+00
      vertex   -9.540301e+01 -8.797918e+01 2.127756e+00
      vertex   -9.506018e+01 -8.779739e+01 2.180207e+00
    endloop
  endfacet
  facet normal -6.633964e-01 7.346351e-01 -1.421847e-01
    outer loop
      vertex   -9.404624e+01 -8.801710e+01 -3.685755e+00
      vertex   -9.506018e+01 -8.779739e+01 2.180207e+00
      vertex   -9.376091e+01 -8.775182e+01 -3.646372e+00
    endloop
  endfacet
  facet normal -6.633964e-01 7.346351e-01 -1.421847e-01
    outer loop
      vertex   -9.376091e+01 -8.775182e+01 -3.646372e+00
      vertex   -9.506018e+01 -8.779739e+01 2.180207e+00
      vertex   -9.477485e+01 -8.753211e+01 2.219589e+00
    endloop
  endfacet
  facet normal -8.293808e-01 5.342636e-01 -1.633703e-01
    outer loop
      vertex   -9.376091e+01 -8.775182e+01 -3.646372e+00
      vertex   -9.477485e+01 -8.753211e+01 2.219589e+00
      vertex   -9.355254e+01 -8.742113e+01 -3.622742e+00
    endloop
  endfacet
  facet normal -8.293808e-01 5.342636e-01 -1.633703e-01
    outer loop
      vertex   -9.355254e+01 -8.742113e+01 -3.622742e+00
      vertex   -9.477485e+01 -8.753211e+01 2.219589e+00
      vertex   -9.456648e+01 -8.720142e+01 2.243220e+00
    endloop
  endfacet
  facet normal -9.388442e-01 2.974830e-01 -1.734226e-01
    outer loop
      vertex   -9.355254e+01 -8.742113e+01 -3.622742e+00
      vertex   -9.456648e+01 -8.720142e+01 2.243220e+00
      vertex   -9.343533e+01 -8.704756e+01 -3.616474e+00
    endloop
  endfacet
  facet normal -9.388442e-01 2.974830e-01 -1.734226e-01
    outer loop
      vertex   -9.343533e+01 -8.704756e+01 -3.616474e+00
      vertex   -9.456648e+01 -8.720142e+01 2.243220e+00
      vertex   -9.444927e+01 -8.682785e+01 2.249488e+00
    endloop
  endfacet
  facet normal -9.843269e-01 4.042944e-02 -1.716564e-01
    outer loop
      vertex   -9.343533e+01 -8.704756e+01 -3.616474e+00
      vertex   -9.444927e+01 -8.682785e+01 2.249488e+00
      vertex   -9.341726e+01 -8.665657e+01 -3.627995e+00
    endloop
  endfacet
  facet normal -9.843269e-01 4.042944e-02 -1.716564e-01
    outer loop
      vertex   -9.341726e+01 -8.665657e+01 -3.627995e+00
      vertex   -9.444927e+01 -8.682785e+01 2.249488e+00
      vertex   -9.443120e+01 -8.643686e+01 2.237967e+00
    endloop
  endfacet
  facet normal -9.627294e-01 -2.193793e-01 -1.581921e-01
    outer loop
      vertex   -9.341726e+01 -8.665657e+01 -3.627995e+00
      vertex   -9.443120e+01 -8.643686e+01 2.237967e+00
      vertex   -9.349957e+01 -8.627480e+01 -3.656521e+00
    endloop
  endfacet
  facet normal -9.627294e-01 -2.193793e-01 -1.581921e-01
    outer loop
      vertex   -9.349957e+01 -8.627480e+01 -3.656521e+00
      vertex   -9.443120e+01 -8.643686e+01 2.237967e+00
      vertex   -9.451351e+01 -8.605509e+01 2.209441e+00
    endloop
  endfacet
  facet normal -8.755235e-01 -4.642378e-01 -1.339473e-01
    outer loop
      vertex   -9.349957e+01 -8.627480e+01 -3.656521e+00
      vertex   -9.451351e+01 -8.605509e+01 2.209441e+00
      vertex   -9.367664e+01 -8.592828e+01 -3.700107e+00
    endloop
  endfacet
  facet normal -8.755235e-01 -4.642378e-01 -1.339473e-01
    outer loop
      vertex   -9.367664e+01 -8.592828e+01 -3.700107e+00
      vertex   -9.451351e+01 -8.605509e+01 2.209441e+00
      vertex   -9.469058e+01 -8.570857e+01 2.165854e+00
    endloop
  endfacet
  facet normal -7.286521e-01 -6.774592e-01 -1.005741e-01
    outer loop
      vertex   -9.367664e+01 -8.592828e+01 -3.700107e+00
      vertex   -9.469058e+01 -8.570857e+01 2.165854e+00
      vertex   -9.393642e+01 -8.564061e+01 -3.755784e+00
    endloop
  endfacet
  facet normal -7.286521e-01 -6.774592e-01 -1.005741e-01
    outer loop
      vertex   -9.393642e+01 -8.564061e+01 -3.755784e+00
      vertex   -9.469058e+01 -8.570857e+01 2.165854e+00
      vertex   -9.495035e+01 -8.542090e+01 2.110178e+00
    endloop
  endfacet
  facet normal -5.321242e-01 -8.445129e-01 -6.034707e-02
    outer loop
      vertex   -9.393642e+01 -8.564061e+01 -3.755784e+00
      vertex   -9.495035e+01 -8.542090e+01 2.110178e+00
      vertex   -9.426118e+01 -8.543140e+01 -3.819756e+00
    endloop
  endfacet
  facet normal -5.321242e-01 -8.445129e-01 -6.034707e-02
    outer loop
      vertex   -9.426118e+01 -8.543140e+01 -3.819756e+00
      vertex   -9.495035e+01 -8.542090e+01 2.110178e+00
      vertex   -9.527512e+01 -8.521169e+01 2.046206e+00
    endloop
  endfacet
  facet normal -2.993330e-01 -9.540144e-01 -1.600743e-02
    outer loop
      vertex   -9.426118e+01 -8.543140e+01 -3.819756e+00
      vertex   -9.527512e+01 -8.521169e+01 2.046206e+00
      vertex   -9.462881e+01 -8.531492e+01 -3.887665e+00
    endloop
  endfacet
  facet normal -2.993330e-01 -9.540144e-01 -1.600743e-02
    outer loop
      vertex   -9.462881e+01 -8.531492e+01 -3.887665e+00
      vertex   -9.527512e+01 -8.521169e+01 2.046206e+00
      vertex   -9.564275e+01 -8.509521e+01 1.978297e+00
    endloop
  endfacet
  facet normal -4.614271e-02 -9.985014e-01 2.942308e-02
    outer loop
      vertex   -9.462881e+01 -8.531492e+01 -3.887665e+00
      vertex   -9.564275e+01 -8.509521e+01 1.978297e+00
      vertex   -9.501426e+01 -8.529908e+01 -3.954882e+00
    endloop
  endfacet
  facet normal -4.614271e-02 -9.985014e-01 2.942308e-02
    outer loop
      vertex   -9.501426e+01 -8.529908e+01 -3.954882e+00
      vertex   -9.564275e+01 -8.509521e+01 1.978297e+00
      vertex   -9.602819e+01 -8.507937e+01 1.911080e+00
    endloop
  endfacet
  facet normal 2.101921e-01 -9.749422e-01 7.284845e-02
    outer loop
      vertex   -9.501426e+01 -8.529908e+01 -3.954882e+00
      vertex   -9.602819e+01 -8.507937e+01 1.911080e+00
      vertex   -9.539124e+01 -8.538499e+01 -4.016826e+00
    endloop
  endfacet
  facet normal 2.101921e-01 -9.749422e-01 7.284845e-02
    outer loop
      vertex   -9.539124e+01 -8.538499e+01 -4.016826e+00
      vertex   -9.602819e+01 -8.507937e+01 1.911080e+00
      vertex   -9.640518e+01 -8.516528e+01 1.849135e+00
    endloop
  endfacet
  facet normal 4.522027e-01 -8.849423e-01 1.113093e-01
    outer loop
      vertex   -9.539124e+01 -8.538499e+01 -4.016826e+00
      vertex   -9.640518e+01 -8.516528e+01 1.849135e+00
      vertex   -9.573408e+01 -8.556677e+01 -4.069277e+00
    endloop
  endfacet
  facet normal 4.522027e-01 -8.849423e-01 1.113093e-01
    outer loop
      vertex   -9.573408e+01 -8.556677e+01 -4.069277e+00
      vertex   -9.640518e+01 -8.516528e+01 1.849135e+00
      vertex   -9.674801e+01 -8.534706e+01 1.796685e+00
    endloop
  endfacet
  facet normal 6.633964e-01 -7.346351e-01 1.421847e-01
    outer loop
      vertex   -9.573408e+01 -8.556677e+01 -4.069277e+00
      vertex   -9.674801e+01 -8.534706e+01 1.796685e+00
      vertex   -9.601940e+01 -8.583205e+01 -4.108660e+00
    endloop
  endfacet
  facet normal 6.633964e-01 -7.346351e-01 1.421847e-01
    outer loop
      vertex   -9.601940e+01 -8.583205e+01 -4.108660e+00
      vertex   -9.674801e+01 -8.534706e+01 1.796685e+00
      vertex   -9.703334e+01 -8.561234e+01 1.757302e+00
    endloop
  endfacet
  facet normal 8.293808e-01 -5.342636e-01 1.633703e-01
    outer loop
      vertex   -9.601940e+01 -8.583205e+01 -4.108660e+00
      vertex   -9.703334e+01 -8.561234e+01 1.757302e+00
      vertex   -9.622777e+01 -8.616275e+01 -4.132290e+00
    endloop
  endfacet
  facet normal 8.293808e-01 -5.342636e-01 1.633703e-01
    outer loop
      vertex   -9.622777e+01 -8.616275e+01 -4.132290e+00
      vertex   -9.703334e+01 -8.561234e+01 1.757302e+00
      vertex   -9.724171e+01 -8.594304e+01 1.733671e+00
    endloop
  endfacet
  facet normal 9.388442e-01 -2.974830e-01 1.734226e-01
    outer loop
      vertex   -8.942755e+01 -4.827251e+01 -4.927472e+00
      vertex   -9.053391e+01 -4.803278e+01 1.473192e+00
      vertex   -8.954476e+01 -4.864609e+01 -4.933740e+00
    endloop
  endfacet
  facet normal 9.388442e-01 -2.974830e-01 1.734226e-01
    outer loop
      vertex   -8.954476e+01 -4.864609e+01 -4.933740e+00
      vertex   -9.053391e+01 -4.803278e+01 1.473192e+00
      vertex   -9.065113e+01 -4.840635e+01 1.466924e+00
    endloop
  endfacet
  facet normal 9.843269e-01 -4.042944e-02 1.716564e-01
    outer loop
      vertex   -8.954476e+01 -4.864609e+01 -4.933740e+00
      vertex   -9.065113e+01 -4.840635e+01 1.466924e+00
      vertex   -8.956283e+01 -4.903708e+01 -4.922218e+00
    endloop
  endfacet
  facet normal 9.843269e-01 -4.042944e-02 1.716564e-01
    outer loop
      vertex   -8.956283e+01 -4.903708e+01 -4.922218e+00
      vertex   -9.065113e+01 -4.840635e+01 1.466924e+00
      vertex   -9.066919e+01 -4.879734e+01 1.478445e+00
    endloop
  endfacet
  facet normal 9.627294e-01 2.193793e-01 1.581921e-01
    outer loop
      vertex   -8.956283e+01 -4.903708e+01 -4.922218e+00
      vertex   -9.066919e+01 -4.879734e+01 1.478445e+00
      vertex   -8.948053e+01 -4.941884e+01 -4.893692e+00
    endloop
  endfacet
  facet normal 9.627294e-01 2.193793e-01 1.581921e-01
    outer loop
      vertex   -8.948053e+01 -4.941884e+01 -4.893692e+00
      vertex   -9.066919e+01 -4.879734e+01 1.478445e+00
      vertex   -9.058689e+01 -4.917911e+01 1.506971e+00
    endloop
  endfacet
  facet normal 8.755235e-01 4.642378e-01 1.339473e-01
    outer loop
      vertex   -8.948053e+01 -4.941884e+01 -4.893692e+00
      vertex   -9.058689e+01 -4.917911e+01 1.506971e+00
      vertex   -8.930345e+01 -4.976537e+01 -4.850106e+00
    endloop
  endfacet
  facet normal 8.755235e-01 4.642378e-01 1.339473e-01
    outer loop
      vertex   -8.930345e+01 -4.976537e+01 -4.850106e+00
      vertex   -9.058689e+01 -4.917911e+01 1.506971e+00
      vertex   -9.040982e+01 -4.952563e+01 1.550557e+00
    endloop
  endfacet
  facet normal 7.286521e-01 6.774592e-01 1.005741e-01
    outer loop
      vertex   -8.930345e+01 -4.976537e+01 -4.850106e+00
      vertex   -9.040982e+01 -4.952563e+01 1.550557e+00
      vertex   -8.904368e+01 -5.005304e+01 -4.794430e+00
    endloop
  endfacet
  facet normal 7.286521e-01 6.774592e-01 1.005741e-01
    outer loop
      vertex   -8.904368e+01 -5.005304e+01 -4.794430e+00
      vertex   -9.040982e+01 -4.952563e+01 1.550557e+00
      vertex   -9.015004e+01 -4.981330e+01 1.606234e+00
    endloop
  endfacet
  facet normal 5.321242e-01 8.445129e-01 6.034707e-02
    outer loop
      vertex   -8.904368e+01 -5.005304e+01 -4.794430e+00
      vertex   -9.015004e+01 -4.981330e+01 1.606234e+00
      vertex   -8.871891e+01 -5.026224e+01 -4.730457e+00
    endloop
  endfacet
  facet normal 5.321242e-01 8.445129e-01 6.034707e-02
    outer loop
      vertex   -8.871891e+01 -5.026224e+01 -4.730457e+00
      vertex   -9.015004e+01 -4.981330e+01 1.606234e+00
      vertex   -8.982528e+01 -5.002251e+01 1.670206e+00
    endloop
  endfacet
  facet normal 2.993330e-01 9.540144e-01 1.600743e-02
    outer loop
      vertex   -8.871891e+01 -5.026224e+01 -4.730457e+00
      vertex   -8.982528e+01 -5.002251e+01 1.670206e+00
      vertex   -8.835128e+01 -5.037873e+01 -4.662549e+00
    endloop
  endfacet
  facet normal 2.993330e-01 9.540144e-01 1.600743e-02
    outer loop
      vertex   -8.835128e+01 -5.037873e+01 -4.662549e+00
      vertex   -8.982528e+01 -5.002251e+01 1.670206e+00
      vertex   -8.945764e+01 -5.013899e+01 1.738115e+00
    endloop
  endfacet
  facet normal 4.614271e-02 9.985014e-01 -2.942308e-02
    outer loop
      vertex   -8.835128e+01 -5.037873e+01 -4.662549e+00
      vertex   -8.945764e+01 -5.013899e+01 1.738115e+00
      vertex   -8.796584e+01 -5.039456e+01 -4.595332e+00
    endloop
  endfacet
  facet normal 4.614271e-02 9.985014e-01 -2.942308e-02
    outer loop
      vertex   -8.796584e+01 -5.039456e+01 -4.595332e+00
      vertex   -8.945764e+01 -5.013899e+01 1.738115e+00
      vertex   -8.907220e+01 -5.015482e+01 1.805332e+00
    endloop
  endfacet
  facet normal -2.101921e-01 9.749422e-01 -7.284845e-02
    outer loop
      vertex   -8.796584e+01 -5.039456e+01 -4.595332e+00
      vertex   -8.907220e+01 -5.015482e+01 1.805332e+00
      vertex   -8.758886e+01 -5.030866e+01 -4.533387e+00
    endloop
  endfacet
  facet normal -2.101921e-01 9.749422e-01 -7.284845e-02
    outer loop
      vertex   -8.758886e+01 -5.030866e+01 -4.533387e+00
      vertex   -8.907220e+01 -5.015482e+01 1.805332e+00
      vertex   -8.869522e+01 -5.006892e+01 1.867276e+00
    endloop
  endfacet
  facet normal -4.522027e-01 8.849423e-01 -1.113093e-01
    outer loop
      vertex   -8.758886e+01 -5.030866e+01 -4.533387e+00
      vertex   -8.869522e+01 -5.006892e+01 1.867276e+00
      vertex   -8.724602e+01 -5.012687e+01 -4.480936e+00
    endloop
  endfacet
  facet normal -4.522027e-01 8.849423e-01 -1.113093e-01
    outer loop
      vertex   -8.724602e+01 -5.012687e+01 -4.480936e+00
      vertex   -8.869522e+01 -5.006892e+01 1.867276e+00
      vertex   -8.835238e+01 -4.988714e+01 1.919727e+00
    endloop
  endfacet
  facet normal -6.633964e-01 7.346351e-01 -1.421847e-01
    outer loop
      vertex   -8.724602e+01 -5.012687e+01 -4.480936e+00
      vertex   -8.835238e+01 -4.988714e+01 1.919727e+00
      vertex   -8.696070e+01 -4.986159e+01 -4.441553e+00
    endloop
  endfacet
  facet normal -6.633964e-01 7.346351e-01 -1.421847e-01
    outer loop
      vertex   -8.696070e+01 -4.986159e+01 -4.441553e+00
      vertex   -8.835238e+01 -4.988714e+01 1.919727e+00
      vertex   -8.806706e+01 -4.962186e+01 1.959110e+00
    endloop
  endfacet
  facet normal -8.293808e-01 5.342636e-01 -1.633703e-01
    outer loop
      vertex   -8.696070e+01 -4.986159e+01 -4.441553e+00
      vertex   -8.806706e+01 -4.962186e+01 1.959110e+00
      vertex   -8.675233e+01 -4.953090e+01 -4.417923e+00
    endloop
  endfacet
  facet normal -8.293808e-01 5.342636e-01 -1.633703e-01
    outer loop
      vertex   -8.675233e+01 -4.953090e+01 -4.417923e+00
      vertex   -8.806706e+01 -4.962186e+01 1.959110e+00
      vertex   -8.785869e+01 -4.929116e+01 1.982740e+00
    endloop
  endfacet
  facet normal -9.388442e-01 2.974830e-01 -1.734226e-01
    outer loop
      vertex   -8.675233e+01 -4.953090e+01 -4.417923e+00
      vertex   -8.785869e+01 -4.929116e+01 1.982740e+00
      vertex   -8.663511e+01 -4.915733e+01 -4.411655e+00
    endloop
  endfacet
  facet normal -9.388442e-01 2.974830e-01 -1.734226e-01
    outer loop
      vertex   -8.663511e+01 -4.915733e+01 -4.411655e+00
      vertex   -8.785869e+01 -4.929116e+01 1.982740e+00
      vertex   -8.774148e+01 -4.891759e+01 1.989009e+00
    endloop
  endfacet
  facet normal -9.843269e-01 4.042944e-02 -1.716564e-01
    outer loop
      vertex   -8.663511e+01 -4.915733e+01 -4.411655e+00
      vertex   -8.774148e+01 -4.891759e+01 1.989009e+00
      vertex   -8.661705e+01 -4.876634e+01 -4.423176e+00
    endloop
  endfacet
  facet normal -9.843269e-01 4.042944e-02 -1.716564e-01
    outer loop
      vertex   -8.661705e+01 -4.876634e+01 -4.423176e+00
      vertex   -8.774148e+01 -4.891759e+01 1.989009e+00
      vertex   -8.772341e+01 -4.852660e+01 1.977487e+00
    endloop
  endfacet
  facet normal -9.627294e-01 -2.193793e-01 -1.581921e-01
    outer loop
      vertex   -8.661705e+01 -4.876634e+01 -4.423176e+00
      vertex   -8.772341e+01 -4.852660e+01 1.977487e+00
      vertex   -8.669935e+01 -4.838457e+01 -4.451702e+00
    endloop
  endfacet
  facet normal -9.627294e-01 -2.193793e-01 -1.581921e-01
    outer loop
      vertex   -8.669935e+01 -4.838457e+01 -4.451702e+00
      vertex   -8.772341e+01 -4.852660e+01 1.977487e+00
      vertex   -8.780572e+01 -4.814483e+01 1.948961e+00
    endloop
  endfacet
  facet normal -8.755235e-01 -4.642378e-01 -1.339473e-01
    outer loop
      vertex   -8.669935e+01 -4.838457e+01 -4.451702e+00
      vertex   -8.780572e+01 -4.814483e+01 1.948961e+00
      vertex   -8.687643e+01 -4.803805e+01 -4.495288e+00
    endloop
  endfacet
  facet normal -8.755235e-01 -4.642378e-01 -1.339473e-01
    outer loop
      vertex   -8.687643e+01 -4.803805e+01 -4.495288e+00
      vertex   -8.780572e+01 -4.814483e+01 1.948961e+00
      vertex   -8.798279e+01 -4.779831e+01 1.905375e+00
    endloop
  endfacet
  facet normal -7.286521e-01 -6.774592e-01 -1.005741e-01
    outer loop
      vertex   -8.687643e+01 -4.803805e+01 -4.495288e+00
      vertex   -8.798279e+01 -4.779831e+01 1.905375e+00
      vertex   -8.713620e+01 -4.775038e+01 -4.550965e+00
    endloop
  endfacet
  facet normal -7.286521e-01 -6.774592e-01 -1.005741e-01
    outer loop
      vertex   -8.713620e+01 -4.775038e+01 -4.550965e+00
      vertex   -8.798279e+01 -4.779831e+01 1.905375e+00
      vertex   -8.824256e+01 -4.751064e+01 1.849698e+00
    endloop
  endfacet
  facet normal -5.321242e-01 -8.445129e-01 -6.034707e-02
    outer loop
      vertex   -8.713620e+01 -4.775038e+01 -4.550965e+00
      vertex   -8.824256e+01 -4.751064e+01 1.849698e+00
      vertex   -8.746097e+01 -4.754117e+01 -4.614937e+00
    endloop
  endfacet
  facet normal -5.321242e-01 -8.445129e-01 -6.034707e-02
    outer loop
      vertex   -8.746097e+01 -4.754117e+01 -4.614937e+00
      vertex   -8.824256e+01 -4.751064e+01 1.849698e+00
      vertex   -8.856733e+01 -4.730144e+01 1.785726e+00
    endloop
  endfacet
  facet normal -2.993330e-01 -9.540144e-01 -1.600743e-02
    outer loop
      vertex   -8.746097e+01 -4.754117e+01 -4.614937e+00
      vertex   -8.856733e+01 -4.730144e+01 1.785726e+00
      vertex   -8.782860e+01 -4.742468e+01 -4.682846e+00
    endloop
  endfacet
  facet normal -2.993330e-01 -9.540144e-01 -1.600743e-02
    outer loop
      vertex   -8.782860e+01 -4.742468e+01 -4.682846e+00
      vertex   -8.856733e+01 -4.730144e+01 1.785726e+00
      vertex   -8.893496e+01 -4.718495e+01 1.717818e+00
    endloop
  endfacet
  facet normal -4.614271e-02 -9.985014e-01 2.942308e-02
    outer loop
      vertex   -8.782860e+01 -4.742468e+01 -4.682846e+00
      vertex   -8.893496e+01 -4.718495e+01 1.717818e+00
      vertex   -8.821404e+01 -4.740885e+01 -4.750063e+00
    endloop
  endfacet
  facet normal -4.614271e-02 -9.985014e-01 2.942308e-02
    outer loop
      vertex   -8.821404e+01 -4.740885e+01 -4.750063e+00
      vertex   -8.893496e+01 -4.718495e+01 1.717818e+00
      vertex   -8.932040e+01 -4.716912e+01 1.650601e+00
    endloop
  endfacet
  facet normal 2.101921e-01 -9.749422e-01 7.284845e-02
    outer loop
      vertex   -8.821404e+01 -4.740885e+01 -4.750063e+00
      vertex   -8.932040e+01 -4.716912e+01 1.650601e+00
      vertex   -8.859102e+01 -4.749476e+01 -4.812007e+00
    endloop
  endfacet
  facet normal 2.101921e-01 -9.749422e-01 7.284845e-02
    outer loop
      vertex   -8.859102e+01 -4.749476e+01 -4.812007e+00
      vertex   -8.932040e+01 -4.716912e+01 1.650601e+00
      vertex   -8.969738e+01 -4.725502e+01 1.588656e+00
    endloop
  endfacet
  facet normal 4.522027e-01 -8.849423e-01 1.113093e-01
    outer loop
      vertex   -8.859102e+01 -4.749476e+01 -4.812007e+00
      vertex   -8.969738e+01 -4.725502e+01 1.588656e+00
      vertex   -8.893386e+01 -4.767654e+01 -4.864458e+00
    endloop
  endfacet
  facet normal 4.522027e-01 -8.849423e-01 1.113093e-01
    outer loop
      vertex   -8.893386e+01 -4.767654e+01 -4.864458e+00
      vertex   -8.969738e+01 -4.725502e+01 1.588656e+00
      vertex   -9.004022e+01 -4.743681e+01 1.536205e+00
    endloop
  endfacet
  facet normal 6.633964e-01 -7.346351e-01 1.421847e-01
    outer loop
      vertex   -8.893386e+01 -4.767654e+01 -4.864458e+00
      vertex   -9.004022e+01 -4.743681e+01 1.536205e+00
      vertex   -8.921918e+01 -4.794182e+01 -4.903841e+00
    endloop
  endfacet
  facet normal 6.633964e-01 -7.346351e-01 1.421847e-01
    outer loop
      vertex   -8.921918e+01 -4.794182e+01 -4.903841e+00
      vertex   -9.004022e+01 -4.743681e+01 1.536205e+00
      vertex   -9.032555e+01 -4.770208e+01 1.496822e+00
    endloop
  endfacet
  facet normal 8.293808e-01 -5.342636e-01 1.633703e-01
    outer loop
      vertex   -8.921918e+01 -4.794182e+01 -4.903841e+00
      vertex   -9.032555e+01 -4.770208e+01 1.496822e+00
      vertex   -8.942755e+01 -4.827251e+01 -4.927472e+00
    endloop
  endfacet
  facet normal 8.293808e-01 -5.342636e-01 1.633703e-01
    outer loop
      vertex   -8.942755e+01 -4.827251e+01 -4.927472e+00
      vertex   -9.032555e+01 -4.770208e+01 1.496822e+00
      vertex   -9.053391e+01 -4.803278e+01 1.473192e+00
    endloop
  endfacet
  facet normal 1.305056e-01 9.914432e-01 2.951640e-03
    outer loop
      vertex   -1.087267e+02 -1.003845e+02 -4.055990e+00
      vertex   -1.086090e+02 -1.004130e+02 3.107859e-01
      vertex   -1.080796e+02 -1.004697e+02 -4.051526e+00
    endloop
  endfacet
  facet normal 8.290223e-02 9.965535e-01 -2.892219e-03
    outer loop
      vertex   -1.080796e+02 -1.004697e+02 -4.051526e+00
      vertex   -1.086090e+02 -1.004130e+02 3.107859e-01
      vertex   -1.079586e+02 -1.004668e+02 4.252245e-01
    endloop
  endfacet
  facet normal -1.305061e-01 9.914433e-01 2.878060e-03
    outer loop
      vertex   -1.080796e+02 -1.004697e+02 -4.051526e+00
      vertex   -1.079586e+02 -1.004668e+02 4.252245e-01
      vertex   -1.074326e+02 -1.003845e+02 -4.055990e+00
    endloop
  endfacet
  facet normal -1.778951e-01 9.840454e-01 -2.820967e-03
    outer loop
      vertex   -1.074326e+02 -1.003845e+02 -4.055990e+00
      vertex   -1.079586e+02 -1.004668e+02 4.252245e-01
      vertex   -1.073165e+02 -1.003504e+02 5.318643e-01
    endloop
  endfacet
  facet normal -3.826299e-01 9.238974e-01 2.807402e-03
    outer loop
      vertex   -1.074326e+02 -1.003845e+02 -4.055990e+00
      vertex   -1.073165e+02 -1.003504e+02 5.318643e-01
      vertex   -1.068296e+02 -1.001348e+02 -4.069079e+00
    endloop
  endfacet
  facet normal -4.265904e-01 9.044407e-01 -2.756146e-03
    outer loop
      vertex   -1.068296e+02 -1.001348e+02 -4.069079e+00
      vertex   -1.073165e+02 -1.003504e+02 5.318643e-01
      vertex   -1.067263e+02 -1.000718e+02 6.234380e-01
    endloop
  endfacet
  facet normal -6.086897e-01 7.934036e-01 2.743985e-03
    outer loop
      vertex   -1.068296e+02 -1.001348e+02 -4.069079e+00
      vertex   -1.067263e+02 -1.000718e+02 6.234380e-01
      vertex   -1.063118e+02 -9.973748e+01 -4.089901e+00
    endloop
  endfacet
  facet normal -6.462144e-01 7.631511e-01 -2.701252e-03
    outer loop
      vertex   -1.063118e+02 -9.973748e+01 -4.089901e+00
      vertex   -1.067263e+02 -1.000718e+02 6.234380e-01
      vertex   -1.062284e+02 -9.964987e+01 6.937050e-01
    endloop
  endfacet
  facet normal -7.932823e-01 6.088480e-01 2.691122e-03
    outer loop
      vertex   -1.063118e+02 -9.973748e+01 -4.089901e+00
      vertex   -1.062284e+02 -9.964987e+01 6.937050e-01
      vertex   -1.059145e+02 -9.921972e+01 -4.117036e+00
    endloop
  endfacet
  facet normal -8.217765e-01 5.698037e-01 -2.658830e-03
    outer loop
      vertex   -1.059145e+02 -9.921972e+01 -4.117036e+00
      vertex   -1.062284e+02 -9.964987e+01 6.937050e-01
      vertex   -1.058566e+02 -9.911348e+01 7.378766e-01
    endloop
  endfacet
  facet normal -9.238272e-01 3.828007e-01 2.651189e-03
    outer loop
      vertex   -1.059145e+02 -9.921972e+01 -4.117036e+00
      vertex   -1.058566e+02 -9.911348e+01 7.378766e-01
      vertex   -1.056648e+02 -9.861676e+01 -4.148635e+00
    endloop
  endfacet
  facet normal -9.412916e-01 3.375845e-01 -2.630590e-03
    outer loop
      vertex   -1.056648e+02 -9.861676e+01 -4.148635e+00
      vertex   -1.058566e+02 -9.911348e+01 7.378766e-01
      vertex   -1.056363e+02 -9.849915e+01 7.529427e-01
    endloop
  endfacet
  facet normal -9.914236e-01 1.306610e-01 2.625750e-03
    outer loop
      vertex   -1.056648e+02 -9.861676e+01 -4.148635e+00
      vertex   -1.056363e+02 -9.849915e+01 7.529427e-01
      vertex   -1.055796e+02 -9.796972e+01 -4.182545e+00
    endloop
  endfacet
  facet normal -9.966011e-01 8.233665e-02 -2.617553e-03
    outer loop
      vertex   -1.055796e+02 -9.796972e+01 -4.182545e+00
      vertex   -1.056363e+02 -9.849915e+01 7.529427e-01
      vertex   -1.055825e+02 -9.784874e+01 7.378766e-01
    endloop
  endfacet
  facet normal -9.914592e-01 -1.303910e-01 2.615707e-03
    outer loop
      vertex   -1.055796e+02 -9.796972e+01 -4.182545e+00
      vertex   -1.055825e+02 -9.784874e+01 7.378766e-01
      vertex   -1.056648e+02 -9.732267e+01 -4.216456e+00
    endloop
  endfacet
  facet normal -9.839322e-01 -1.785233e-01 -2.620158e-03
    outer loop
      vertex   -1.056648e+02 -9.732267e+01 -4.216456e+00
      vertex   -1.055825e+02 -9.784874e+01 7.378766e-01
      vertex   -1.056989e+02 -9.720657e+01 6.937050e-01
    endloop
  endfacet
  facet normal -9.239249e-01 -3.825649e-01 2.621393e-03
    outer loop
      vertex   -1.056648e+02 -9.732267e+01 -4.216456e+00
      vertex   -1.056989e+02 -9.720657e+01 6.937050e-01
      vertex   -1.059145e+02 -9.671972e+01 -4.248055e+00
    endloop
  endfacet
  facet normal -9.041547e-01 -4.271971e-01 -2.638319e-03
    outer loop
      vertex   -1.059145e+02 -9.671972e+01 -4.248055e+00
      vertex   -1.056989e+02 -9.720657e+01 6.937050e-01
      vertex   -1.059776e+02 -9.661641e+01 6.234380e-01
    endloop
  endfacet
  facet normal -7.934175e-01 -6.086721e-01 2.642622e-03
    outer loop
      vertex   -1.059145e+02 -9.671972e+01 -4.248055e+00
      vertex   -1.059776e+02 -9.661641e+01 6.234380e-01
      vertex   -1.063118e+02 -9.620195e+01 -4.275190e+00
    endloop
  endfacet
  facet normal -7.627208e-01 -6.467224e-01 -2.671413e-03
    outer loop
      vertex   -1.063118e+02 -9.620195e+01 -4.275190e+00
      vertex   -1.059776e+02 -9.661641e+01 6.234380e-01
      vertex   -1.063995e+02 -9.611848e+01 5.318643e-01
    endloop
  endfacet
  facet normal -6.088270e-01 -7.932985e-01 2.678657e-03
    outer loop
      vertex   -1.063118e+02 -9.620195e+01 -4.275190e+00
      vertex   -1.063995e+02 -9.611848e+01 5.318643e-01
      vertex   -1.068296e+02 -9.580465e+01 -4.296012e+00
    endloop
  endfacet
  facet normal -5.692906e-01 -8.221319e-01 -2.718205e-03
    outer loop
      vertex   -1.068296e+02 -9.580465e+01 -4.296012e+00
      vertex   -1.063995e+02 -9.611848e+01 5.318643e-01
      vertex   -1.069358e+02 -9.574670e+01 4.252245e-01
    endloop
  endfacet
  facet normal -3.827326e-01 -9.238552e-01 2.728130e-03
    outer loop
      vertex   -1.068296e+02 -9.580465e+01 -4.296012e+00
      vertex   -1.069358e+02 -9.574670e+01 4.252245e-01
      vertex   -1.074326e+02 -9.555490e+01 -4.309101e+00
    endloop
  endfacet
  facet normal -3.370688e-01 -9.414759e-01 -2.776722e-03
    outer loop
      vertex   -1.074326e+02 -9.555490e+01 -4.309101e+00
      vertex   -1.069358e+02 -9.574670e+01 4.252245e-01
      vertex   -1.075502e+02 -9.552642e+01 3.107859e-01
    endloop
  endfacet
  facet normal -1.305446e-01 -9.914385e-01 2.788907e-03
    outer loop
      vertex   -1.074326e+02 -9.555490e+01 -4.309101e+00
      vertex   -1.075502e+02 -9.552642e+01 3.107859e-01
      vertex   -1.080796e+02 -9.546972e+01 -4.313565e+00
    endloop
  endfacet
  facet normal -8.189979e-02 -9.966365e-01 -2.844117e-03
    outer loop
      vertex   -1.080796e+02 -9.546972e+01 -4.313565e+00
      vertex   -1.075502e+02 -9.552642e+01 3.107859e-01
      vertex   -1.082006e+02 -9.547264e+01 1.963473e-01
    endloop
  endfacet
  facet normal 1.305450e-01 -9.914383e-01 2.857944e-03
    outer loop
      vertex   -1.080796e+02 -9.546972e+01 -4.313565e+00
      vertex   -1.082006e+02 -9.547264e+01 1.963473e-01
      vertex   -1.087267e+02 -9.555490e+01 -4.309101e+00
    endloop
  endfacet
  facet normal 1.788176e-01 -9.838779e-01 -2.916558e-03
    outer loop
      vertex   -1.087267e+02 -9.555490e+01 -4.309101e+00
      vertex   -1.082006e+02 -9.547264e+01 1.963473e-01
      vertex   -1.088428e+02 -9.558904e+01 8.970754e-02
    endloop
  endfacet
  facet normal 3.827361e-01 -9.238531e-01 2.931202e-03
    outer loop
      vertex   -1.087267e+02 -9.555490e+01 -4.309101e+00
      vertex   -1.088428e+02 -9.558904e+01 8.970754e-02
      vertex   -1.093296e+02 -9.580465e+01 -4.296012e+00
    endloop
  endfacet
  facet normal 4.273191e-01 -9.040959e-01 -2.989245e-03
    outer loop
      vertex   -1.093296e+02 -9.580465e+01 -4.296012e+00
      vertex   -1.088428e+02 -9.558904e+01 8.970754e-02
      vertex   -1.094329e+02 -9.586768e+01 -1.866130e-03
    endloop
  endfacet
  facet normal 6.088347e-01 -7.932914e-01 3.003683e-03
    outer loop
      vertex   -1.093296e+02 -9.580465e+01 -4.296012e+00
      vertex   -1.094329e+02 -9.586768e+01 -1.866130e-03
      vertex   -1.098474e+02 -9.620195e+01 -4.275190e+00
    endloop
  endfacet
  facet normal 6.466868e-01 -7.627496e-01 -3.056613e-03
    outer loop
      vertex   -1.098474e+02 -9.620195e+01 -4.275190e+00
      vertex   -1.094329e+02 -9.586768e+01 -1.866130e-03
      vertex   -1.099309e+02 -9.628956e+01 -7.213308e-02
    endloop
  endfacet
  facet normal 7.934273e-01 -6.086573e-01 3.069688e-03
    outer loop
      vertex   -1.098474e+02 -9.620195e+01 -4.275190e+00
      vertex   -1.099309e+02 -9.628956e+01 -7.213308e-02
      vertex   -1.102447e+02 -9.671972e+01 -4.248055e+00
    endloop
  endfacet
  facet normal 8.219980e-01 -5.694819e-01 -3.112813e-03
    outer loop
      vertex   -1.102447e+02 -9.671972e+01 -4.248055e+00
      vertex   -1.099309e+02 -9.628956e+01 -7.213308e-02
      vertex   -1.103026e+02 -9.682595e+01 -1.163047e-01
    endloop
  endfacet
  facet normal 9.239329e-01 -3.825418e-01 3.123352e-03
    outer loop
      vertex   -1.102447e+02 -9.671972e+01 -4.248055e+00
      vertex   -1.103026e+02 -9.682595e+01 -1.163047e-01
      vertex   -1.104944e+02 -9.732267e+01 -4.216456e+00
    endloop
  endfacet
  facet normal 9.413352e-01 -3.374583e-01 -3.152433e-03
    outer loop
      vertex   -1.104944e+02 -9.732267e+01 -4.216456e+00
      vertex   -1.103026e+02 -9.682595e+01 -1.163047e-01
      vertex   -1.105229e+02 -9.744028e+01 -1.313709e-01
    endloop
  endfacet
  facet normal 9.914613e-01 -1.303628e-01 3.159412e-03
    outer loop
      vertex   -1.104944e+02 -9.732267e+01 -4.216456e+00
      vertex   -1.105229e+02 -9.744028e+01 -1.313709e-01
      vertex   -1.105796e+02 -9.796972e+01 -4.182545e+00
    endloop
  endfacet
  facet normal 9.965885e-01 -8.246970e-02 -3.171362e-03
    outer loop
      vertex   -1.105796e+02 -9.796972e+01 -4.182545e+00
      vertex   -1.105229e+02 -9.744028e+01 -1.313709e-01
      vertex   -1.105767e+02 -9.809069e+01 -1.163047e-01
    endloop
  endfacet
  facet normal 9.914183e-01 1.306890e-01 3.174076e-03
    outer loop
      vertex   -1.105796e+02 -9.796972e+01 -4.182545e+00
      vertex   -1.105767e+02 -9.809069e+01 -1.163047e-01
      vertex   -1.104944e+02 -9.861676e+01 -4.148635e+00
    endloop
  endfacet
  facet normal 9.840005e-01 1.781376e-01 -3.167546e-03
    outer loop
      vertex   -1.104944e+02 -9.861676e+01 -4.148635e+00
      vertex   -1.105767e+02 -9.809069e+01 -1.163047e-01
      vertex   -1.104603e+02 -9.873286e+01 -7.213308e-02
    endloop
  endfacet
  facet normal 9.238162e-01 3.828231e-01 3.165743e-03
    outer loop
      vertex   -1.104944e+02 -9.861676e+01 -4.148635e+00
      vertex   -1.104603e+02 -9.873286e+01 -7.213308e-02
      vertex   -1.102447e+02 -9.921972e+01 -4.117036e+00
    endloop
  endfacet
  facet normal 9.044190e-01 4.266338e-01 -3.141404e-03
    outer loop
      vertex   -1.102447e+02 -9.921972e+01 -4.117036e+00
      vertex   -1.104603e+02 -9.873286e+01 -7.213308e-02
      vertex   -1.101817e+02 -9.932302e+01 -1.866130e-03
    endloop
  endfacet
  facet normal 7.932701e-01 6.088619e-01 3.135327e-03
    outer loop
      vertex   -1.102447e+02 -9.921972e+01 -4.117036e+00
      vertex   -1.101817e+02 -9.932302e+01 -1.866130e-03
      vertex   -1.098474e+02 -9.973748e+01 -4.089901e+00
    endloop
  endfacet
  facet normal 7.632430e-01 6.461042e-01 -3.095740e-03
    outer loop
      vertex   -1.098474e+02 -9.973748e+01 -4.089901e+00
      vertex   -1.101817e+02 -9.932302e+01 -1.866130e-03
      vertex   -1.097598e+02 -9.982095e+01 8.970754e-02
    endloop
  endfacet
  facet normal 6.086804e-01 7.934095e-01 3.086070e-03
    outer loop
      vertex   -1.098474e+02 -9.973748e+01 -4.089901e+00
      vertex   -1.097598e+02 -9.982095e+01 8.970754e-02
      vertex   -1.093296e+02 -1.001348e+02 -4.069079e+00
    endloop
  endfacet
  facet normal 5.700627e-01 8.215956e-01 -3.035193e-03
    outer loop
      vertex   -1.093296e+02 -1.001348e+02 -4.069079e+00
      vertex   -1.097598e+02 -9.982095e+01 8.970754e-02
      vertex   -1.092234e+02 -1.001927e+02 1.963473e-01
    endloop
  endfacet
  facet normal 3.826257e-01 9.238985e-01 3.022913e-03
    outer loop
      vertex   -1.093296e+02 -1.001348e+02 -4.069079e+00
      vertex   -1.092234e+02 -1.001927e+02 1.963473e-01
      vertex   -1.087267e+02 -1.003845e+02 -4.055990e+00
    endloop
  endfacet
  facet normal 3.380164e-01 9.411355e-01 -2.965411e-03
    outer loop
      vertex   -1.087267e+02 -1.003845e+02 -4.055990e+00
      vertex   -1.092234e+02 -1.001927e+02 1.963473e-01
      vertex   -1.086090e+02 -1.004130e+02 3.107859e-01
    endloop
  endfacet
  facet normal 1.740008e-01 9.833959e-01 -5.153760e-02
    outer loop
      vertex   -7.121251e+01 -8.587628e+01 2.446471e-01
      vertex   -7.117638e+01 -8.556925e+01 6.225095e+00
      vertex   -7.103466e+01 -8.590774e+01 2.446471e-01
    endloop
  endfacet
  facet normal 1.740008e-01 9.833959e-01 -5.153760e-02
    outer loop
      vertex   -7.103466e+01 -8.590774e+01 2.446471e-01
      vertex   -7.117638e+01 -8.556925e+01 6.225095e+00
      vertex   -7.098057e+01 -8.560206e+01 6.260170e+00
    endloop
  endfacet
  facet normal 7.490433e-01 6.614509e-01 -3.764224e-02
    outer loop
      vertex   -6.832535e+01 -6.944360e+01 6.113911e+00
      vertex   -6.836962e+01 -6.982376e+01 -1.447300e+00
      vertex   -7.914470e+01 -5.732376e+01 3.789824e+00
    endloop
  endfacet
  facet normal 7.490432e-01 6.614509e-01 -3.764267e-02
    outer loop
      vertex   -7.914470e+01 -5.732376e+01 3.789824e+00
      vertex   -6.836962e+01 -6.982376e+01 -1.447300e+00
      vertex   -7.930668e+01 -5.746700e+01 -1.950442e+00
    endloop
  endfacet
  facet normal 7.490431e-01 6.614506e-01 -3.764914e-02
    outer loop
      vertex   -7.930668e+01 -5.746700e+01 -1.950442e+00
      vertex   -6.836962e+01 -6.982376e+01 -1.447300e+00
      vertex   -6.838381e+01 -6.983631e+01 -1.949993e+00
    endloop
  endfacet
  facet normal 9.847314e-01 -1.740806e-01 -1.042943e-06
    outer loop
      vertex   -6.627192e+01 -1.268007e+02 9.458445e+00
      vertex   -6.670769e+01 -1.292657e+02 9.475382e+00
      vertex   -6.627291e+01 -1.268063e+02 8.617199e+00
    endloop
  endfacet
  facet normal 9.847314e-01 -1.740806e-01 -1.042942e-06
    outer loop
      vertex   -6.627291e+01 -1.268063e+02 8.617199e+00
      vertex   -6.670769e+01 -1.292657e+02 9.475382e+00
      vertex   -6.671479e+01 -1.293058e+02 3.480007e+00
    endloop
  endfacet
  facet normal 9.847314e-01 -1.740806e-01 -1.042942e-06
    outer loop
      vertex   -6.627291e+01 -1.268063e+02 8.617199e+00
      vertex   -6.671479e+01 -1.293058e+02 3.480007e+00
      vertex   -5.940180e+01 -8.793806e+01 4.695812e+00
    endloop
  endfacet
  facet normal 9.847314e-01 -1.740806e-01 -1.042943e-06
    outer loop
      vertex   -5.940180e+01 -8.793806e+01 4.695812e+00
      vertex   -6.671479e+01 -1.293058e+02 3.480007e+00
      vertex   -5.940313e+01 -8.794554e+01 3.195830e+00
    endloop
  endfacet
  facet normal 9.847314e-01 -1.740806e-01 -1.042942e-06
    outer loop
      vertex   -5.940180e+01 -8.793806e+01 4.695812e+00
      vertex   -5.940313e+01 -8.794554e+01 3.195830e+00
      vertex   -5.940136e+01 -8.793554e+01 4.695795e+00
    endloop
  endfacet
  facet normal 9.847314e-01 -1.740806e-01 -1.042942e-06
    outer loop
      vertex   -5.940180e+01 -8.793806e+01 4.695812e+00
      vertex   -5.939750e+01 -8.791372e+01 8.348901e+00
      vertex   -6.627291e+01 -1.268063e+02 8.617199e+00
    endloop
  endfacet
  facet normal 1.742284e-01 9.846820e-01 -6.765702e-03
    outer loop
      vertex   -5.939750e+01 -8.791372e+01 8.348901e+00
      vertex   -5.940180e+01 -8.793806e+01 4.695812e+00
      vertex   -7.102801e+01 -8.587017e+01 6.262012e+00
    endloop
  endfacet
  facet normal 1.742284e-01 9.846820e-01 -6.765702e-03
    outer loop
      vertex   -7.102801e+01 -8.587017e+01 6.262012e+00
      vertex   -5.940180e+01 -8.793806e+01 4.695812e+00
      vertex   -7.102985e+01 -8.588061e+01 4.695812e+00
    endloop
  endfacet
  facet normal 9.847023e-01 -1.742452e-01 8.827395e-08
    outer loop
      vertex   -7.103466e+01 -8.590774e+01 2.446471e-01
      vertex   -7.098057e+01 -8.560206e+01 6.260170e+00
      vertex   -7.102941e+01 -8.587809e+01 4.695795e+00
    endloop
  endfacet
  facet normal 9.847046e-01 -1.742324e-01 -2.246905e-06
    outer loop
      vertex   -7.102941e+01 -8.587809e+01 4.695795e+00
      vertex   -7.098057e+01 -8.560206e+01 6.260170e+00
      vertex   -7.102801e+01 -8.587017e+01 6.262012e+00
    endloop
  endfacet
  facet normal 9.849434e-01 -1.728773e-01 -9.309547e-06
    outer loop
      vertex   -7.102941e+01 -8.587809e+01 4.695795e+00
      vertex   -7.102801e+01 -8.587017e+01 6.262012e+00
      vertex   -7.102985e+01 -8.588061e+01 4.695812e+00
    endloop
  endfacet
  facet normal 9.490633e-01 -3.150815e-01 -1.602381e-03
    outer loop
      vertex   1.782251e+00 -1.399397e+02 8.664160e+00
      vertex   1.822616e+00 -1.397639e+02 -1.992206e+00
      vertex   1.987883e+00 -1.393203e+02 8.664160e+00
    endloop
  endfacet
  facet normal 9.239080e-01 -3.826114e-01 1.598944e-03
    outer loop
      vertex   1.987883e+00 -1.393203e+02 8.664160e+00
      vertex   1.822616e+00 -1.397639e+02 -1.992206e+00
      vertex   2.072367e+00 -1.391609e+02 -2.023805e+00
    endloop
  endfacet
  facet normal 8.351756e-01 -5.499810e-01 -1.597643e-03
    outer loop
      vertex   1.987883e+00 -1.393203e+02 8.664160e+00
      vertex   2.072367e+00 -1.391609e+02 -2.023805e+00
      vertex   2.346819e+00 -1.387752e+02 8.664160e+00
    endloop
  endfacet
  facet normal 7.933927e-01 -6.087081e-01 1.594708e-03
    outer loop
      vertex   2.346819e+00 -1.387752e+02 8.664160e+00
      vertex   2.072367e+00 -1.391609e+02 -2.023805e+00
      vertex   2.469663e+00 -1.386432e+02 -2.050940e+00
    endloop
  endfacet
  facet normal 6.643721e-01 -7.474002e-01 -1.593597e-03
    outer loop
      vertex   2.346819e+00 -1.387752e+02 8.664160e+00
      vertex   2.469663e+00 -1.386432e+02 -2.050940e+00
      vertex   2.834596e+00 -1.383416e+02 8.664160e+00
    endloop
  endfacet
  facet normal 6.088009e-01 -7.933214e-01 1.591356e-03
    outer loop
      vertex   2.834596e+00 -1.383416e+02 8.664160e+00
      vertex   2.469663e+00 -1.386432e+02 -2.050940e+00
      vertex   2.987430e+00 -1.382459e+02 -2.071762e+00
    endloop
  endfacet
  facet normal 4.482928e-01 -8.938854e-01 -1.590507e-03
    outer loop
      vertex   2.834596e+00 -1.383416e+02 8.664160e+00
      vertex   2.987430e+00 -1.382459e+02 -2.071762e+00
      vertex   3.417974e+00 -1.380490e+02 8.664160e+00
    endloop
  endfacet
  facet normal 3.827124e-01 -9.238662e-01 1.589102e-03
    outer loop
      vertex   3.417974e+00 -1.380490e+02 8.664160e+00
      vertex   2.987430e+00 -1.382459e+02 -2.071762e+00
      vertex   3.590383e+00 -1.379961e+02 -2.084851e+00
    endloop
  endfacet
  facet normal 2.016630e-01 -9.794537e-01 -1.588570e-03
    outer loop
      vertex   3.417974e+00 -1.380490e+02 8.664160e+00
      vertex   3.590383e+00 -1.379961e+02 -2.084851e+00
      vertex   4.057196e+00 -1.379174e+02 8.664160e+00
    endloop
  endfacet
  facet normal 1.305368e-01 -9.914422e-01 1.588092e-03
    outer loop
      vertex   4.057196e+00 -1.379174e+02 8.664160e+00
      vertex   3.590383e+00 -1.379961e+02 -2.084851e+00
      vertex   4.237430e+00 -1.379109e+02 -2.089315e+00
    endloop
  endfacet
  facet normal -5.870972e-02 -9.982738e-01 -1.587910e-03
    outer loop
      vertex   4.057196e+00 -1.379174e+02 8.664160e+00
      vertex   4.237430e+00 -1.379109e+02 -2.089315e+00
      vertex   4.708702e+00 -1.379558e+02 8.664160e+00
    endloop
  endfacet
  facet normal -1.305368e-01 -9.914422e-01 1.588388e-03
    outer loop
      vertex   4.708702e+00 -1.379558e+02 8.664160e+00
      vertex   4.237430e+00 -1.379109e+02 -2.089315e+00
      vertex   4.884478e+00 -1.379961e+02 -2.084851e+00
    endloop
  endfacet
  facet normal -3.150815e-01 -9.490633e-01 -1.588570e-03
    outer loop
      vertex   4.708702e+00 -1.379558e+02 8.664160e+00
      vertex   4.884478e+00 -1.379961e+02 -2.084851e+00
      vertex   5.328090e+00 -1.381614e+02 8.664160e+00
    endloop
  endfacet
  facet normal -3.827124e-01 -9.238662e-01 1.589973e-03
    outer loop
      vertex   5.328090e+00 -1.381614e+02 8.664160e+00
      vertex   4.884478e+00 -1.379961e+02 -2.084851e+00
      vertex   5.487430e+00 -1.382459e+02 -2.071762e+00
    endloop
  endfacet
  facet normal -5.499810e-01 -8.351756e-01 -1.590507e-03
    outer loop
      vertex   5.328090e+00 -1.381614e+02 8.664160e+00
      vertex   5.487430e+00 -1.382459e+02 -2.071762e+00
      vertex   5.873153e+00 -1.385203e+02 8.664160e+00
    endloop
  endfacet
  facet normal -6.088010e-01 -7.933214e-01 1.592746e-03
    outer loop
      vertex   5.873153e+00 -1.385203e+02 8.664160e+00
      vertex   5.487430e+00 -1.382459e+02 -2.071762e+00
      vertex   6.005197e+00 -1.386432e+02 -2.050940e+00
    endloop
  endfacet
  facet normal -7.474002e-01 -6.643721e-01 -1.593597e-03
    outer loop
      vertex   5.873153e+00 -1.385203e+02 8.664160e+00
      vertex   6.005197e+00 -1.386432e+02 -2.050940e+00
      vertex   6.306743e+00 -1.390081e+02 8.664160e+00
    endloop
  endfacet
  facet normal -7.933927e-01 -6.087080e-01 1.596528e-03
    outer loop
      vertex   6.306743e+00 -1.390081e+02 8.664160e+00
      vertex   6.005197e+00 -1.386432e+02 -2.050940e+00
      vertex   6.402494e+00 -1.391609e+02 -2.023805e+00
    endloop
  endfacet
  facet normal -8.938853e-01 -4.482928e-01 -1.597643e-03
    outer loop
      vertex   6.306743e+00 -1.390081e+02 8.664160e+00
      vertex   6.402494e+00 -1.391609e+02 -2.023805e+00
      vertex   6.599313e+00 -1.395915e+02 8.664160e+00
    endloop
  endfacet
  facet normal -9.239080e-01 -3.826113e-01 1.601075e-03
    outer loop
      vertex   6.599313e+00 -1.395915e+02 8.664160e+00
      vertex   6.402494e+00 -1.391609e+02 -2.023805e+00
      vertex   6.652245e+00 -1.397639e+02 -1.992206e+00
    endloop
  endfacet
  facet normal -9.794536e-01 -2.016630e-01 -1.602381e-03
    outer loop
      vertex   6.599313e+00 -1.395915e+02 8.664160e+00
      vertex   6.652245e+00 -1.397639e+02 -1.992206e+00
      vertex   6.730925e+00 -1.402307e+02 8.664160e+00
    endloop
  endfacet
  facet normal -9.914545e-01 -1.304433e-01 1.606085e-03
    outer loop
      vertex   6.730925e+00 -1.402307e+02 8.664160e+00
      vertex   6.652245e+00 -1.397639e+02 -1.992206e+00
      vertex   6.737430e+00 -1.404109e+02 -1.958296e+00
    endloop
  endfacet
  facet normal -9.982738e-01 5.870972e-02 -1.607496e-03
    outer loop
      vertex   6.730925e+00 -1.402307e+02 8.664160e+00
      vertex   6.737430e+00 -1.404109e+02 -1.958296e+00
      vertex   6.692609e+00 -1.408822e+02 8.664160e+00
    endloop
  endfacet
  facet normal -9.914326e-01 1.306090e-01 1.611225e-03
    outer loop
      vertex   6.692609e+00 -1.408822e+02 8.664160e+00
      vertex   6.737430e+00 -1.404109e+02 -1.958296e+00
      vertex   6.652245e+00 -1.410580e+02 -1.924385e+00
    endloop
  endfacet
  facet normal -9.490632e-01 3.150815e-01 -1.612644e-03
    outer loop
      vertex   6.692609e+00 -1.408822e+02 8.664160e+00
      vertex   6.652245e+00 -1.410580e+02 -1.924385e+00
      vertex   6.486977e+00 -1.415016e+02 8.664160e+00
    endloop
  endfacet
  facet normal -9.238484e-01 3.827552e-01 1.616140e-03
    outer loop
      vertex   6.486977e+00 -1.415016e+02 8.664160e+00
      vertex   6.652245e+00 -1.410580e+02 -1.924385e+00
      vertex   6.402494e+00 -1.416609e+02 -1.892786e+00
    endloop
  endfacet
  facet normal -8.351756e-01 5.499810e-01 -1.617471e-03
    outer loop
      vertex   6.486977e+00 -1.415016e+02 8.664160e+00
      vertex   6.402494e+00 -1.416609e+02 -1.892786e+00
      vertex   6.128042e+00 -1.420467e+02 8.664160e+00
    endloop
  endfacet
  facet normal -7.933113e-01 6.088141e-01 1.620490e-03
    outer loop
      vertex   6.128042e+00 -1.420467e+02 8.664160e+00
      vertex   6.402494e+00 -1.416609e+02 -1.892786e+00
      vertex   6.005197e+00 -1.421787e+02 -1.865651e+00
    endloop
  endfacet
  facet normal -6.643721e-01 7.474002e-01 -1.621639e-03
    outer loop
      vertex   6.128042e+00 -1.420467e+02 8.664160e+00
      vertex   6.005197e+00 -1.421787e+02 -1.865651e+00
      vertex   5.640265e+00 -1.424802e+02 8.664160e+00
    endloop
  endfacet
  facet normal -6.087195e-01 7.933838e-01 1.623967e-03
    outer loop
      vertex   5.640265e+00 -1.424802e+02 8.664160e+00
      vertex   6.005197e+00 -1.421787e+02 -1.865651e+00
      vertex   5.487430e+00 -1.425760e+02 -1.844830e+00
    endloop
  endfacet
  facet normal -4.482928e-01 8.938853e-01 -1.624852e-03
    outer loop
      vertex   5.640265e+00 -1.424802e+02 8.664160e+00
      vertex   5.487430e+00 -1.425760e+02 -1.844830e+00
      vertex   5.056887e+00 -1.427728e+02 8.664160e+00
    endloop
  endfacet
  facet normal -3.826528e-01 9.238908e-01 1.626321e-03
    outer loop
      vertex   5.056887e+00 -1.427728e+02 8.664160e+00
      vertex   5.487430e+00 -1.425760e+02 -1.844830e+00
      vertex   4.884478e+00 -1.428257e+02 -1.831741e+00
    endloop
  endfacet
  facet normal -2.016630e-01 9.794536e-01 -1.626878e-03
    outer loop
      vertex   5.056887e+00 -1.427728e+02 8.664160e+00
      vertex   4.884478e+00 -1.428257e+02 -1.831741e+00
      vertex   4.417664e+00 -1.429044e+02 8.664160e+00
    endloop
  endfacet
  facet normal -1.305150e-01 9.914450e-01 1.627380e-03
    outer loop
      vertex   4.417664e+00 -1.429044e+02 8.664160e+00
      vertex   4.884478e+00 -1.428257e+02 -1.831741e+00
      vertex   4.237430e+00 -1.429109e+02 -1.827276e+00
    endloop
  endfacet
  facet normal 5.870972e-02 9.982738e-01 -1.627571e-03
    outer loop
      vertex   4.417664e+00 -1.429044e+02 8.664160e+00
      vertex   4.237430e+00 -1.429109e+02 -1.827276e+00
      vertex   3.766159e+00 -1.428661e+02 8.664160e+00
    endloop
  endfacet
  facet normal 1.305150e-01 9.914450e-01 1.627069e-03
    outer loop
      vertex   3.766159e+00 -1.428661e+02 8.664160e+00
      vertex   4.237430e+00 -1.429109e+02 -1.827276e+00
      vertex   3.590383e+00 -1.428257e+02 -1.831741e+00
    endloop
  endfacet
  facet normal 3.150815e-01 9.490632e-01 -1.626878e-03
    outer loop
      vertex   3.766159e+00 -1.428661e+02 8.664160e+00
      vertex   3.590383e+00 -1.428257e+02 -1.831741e+00
      vertex   3.146770e+00 -1.426605e+02 8.664160e+00
    endloop
  endfacet
  facet normal 3.826528e-01 9.238908e-01 1.625409e-03
    outer loop
      vertex   3.146770e+00 -1.426605e+02 8.664160e+00
      vertex   3.590383e+00 -1.428257e+02 -1.831741e+00
      vertex   2.987430e+00 -1.425760e+02 -1.844830e+00
    endloop
  endfacet
  facet normal 5.499810e-01 8.351756e-01 -1.624852e-03
    outer loop
      vertex   3.146770e+00 -1.426605e+02 8.664160e+00
      vertex   2.987430e+00 -1.425760e+02 -1.844830e+00
      vertex   2.601708e+00 -1.423015e+02 8.664160e+00
    endloop
  endfacet
  facet normal 6.087196e-01 7.933838e-01 1.622522e-03
    outer loop
      vertex   2.601708e+00 -1.423015e+02 8.664160e+00
      vertex   2.987430e+00 -1.425760e+02 -1.844830e+00
      vertex   2.469663e+00 -1.421787e+02 -1.865651e+00
    endloop
  endfacet
  facet normal 7.474002e-01 6.643721e-01 -1.621639e-03
    outer loop
      vertex   2.601708e+00 -1.423015e+02 8.664160e+00
      vertex   2.469663e+00 -1.421787e+02 -1.865651e+00
      vertex   2.168117e+00 -1.418138e+02 8.664160e+00
    endloop
  endfacet
  facet normal 7.933113e-01 6.088140e-01 1.618616e-03
    outer loop
      vertex   2.168117e+00 -1.418138e+02 8.664160e+00
      vertex   2.469663e+00 -1.421787e+02 -1.865651e+00
      vertex   2.072367e+00 -1.416609e+02 -1.892786e+00
    endloop
  endfacet
  facet normal 8.938853e-01 4.482928e-01 -1.617471e-03
    outer loop
      vertex   2.168117e+00 -1.418138e+02 8.664160e+00
      vertex   2.072367e+00 -1.416609e+02 -1.892786e+00
      vertex   1.875547e+00 -1.412304e+02 8.664160e+00
    endloop
  endfacet
  facet normal 9.238484e-01 3.827551e-01 1.613969e-03
    outer loop
      vertex   1.875547e+00 -1.412304e+02 8.664160e+00
      vertex   2.072367e+00 -1.416609e+02 -1.892786e+00
      vertex   1.822616e+00 -1.410580e+02 -1.924385e+00
    endloop
  endfacet
  facet normal 9.794536e-01 2.016630e-01 -1.612644e-03
    outer loop
      vertex   1.875547e+00 -1.412304e+02 8.664160e+00
      vertex   1.822616e+00 -1.410580e+02 -1.924385e+00
      vertex   1.743935e+00 -1.405912e+02 8.664160e+00
    endloop
  endfacet
  facet normal 9.914327e-01 1.306089e-01 1.608909e-03
    outer loop
      vertex   1.743935e+00 -1.405912e+02 8.664160e+00
      vertex   1.822616e+00 -1.410580e+02 -1.924385e+00
      vertex   1.737430e+00 -1.404109e+02 -1.958296e+00
    endloop
  endfacet
  facet normal 9.982738e-01 -5.870972e-02 -1.607496e-03
    outer loop
      vertex   1.743935e+00 -1.405912e+02 8.664160e+00
      vertex   1.737430e+00 -1.404109e+02 -1.958296e+00
      vertex   1.782251e+00 -1.399397e+02 8.664160e+00
    endloop
  endfacet
  facet normal 9.914545e-01 -1.304434e-01 1.603785e-03
    outer loop
      vertex   1.782251e+00 -1.399397e+02 8.664160e+00
      vertex   1.737430e+00 -1.404109e+02 -1.958296e+00
      vertex   1.822616e+00 -1.397639e+02 -1.992206e+00
    endloop
  endfacet
  facet normal 1.305262e-01 -9.914449e-01 -3.879233e-16
    outer loop
      vertex   3.542420e+01 -1.433915e+02 -1.802090e+00
      vertex   3.542420e+01 -1.433915e+02 2.979495e+00
      vertex   3.511362e+01 -1.434324e+02 -1.799948e+00
    endloop
  endfacet
  facet normal 1.305262e-01 -9.914449e-01 -1.921215e-16
    outer loop
      vertex   3.511362e+01 -1.434324e+02 -1.799948e+00
      vertex   3.542420e+01 -1.433915e+02 2.979495e+00
      vertex   3.542420e+01 -1.433915e+02 7.821828e+00
    endloop
  endfacet
  facet normal 1.305262e-01 -9.914449e-01 0.000000e+00
    outer loop
      vertex   3.511362e+01 -1.434324e+02 -1.799948e+00
      vertex   3.542420e+01 -1.433915e+02 7.821828e+00
      vertex   3.511362e+01 -1.434324e+02 1.266416e+01
    endloop
  endfacet
  facet normal 1.305262e-01 -9.914449e-01 -3.830995e-16
    outer loop
      vertex   3.511362e+01 -1.434324e+02 1.266416e+01
      vertex   3.542420e+01 -1.433915e+02 7.821828e+00
      vertex   3.542420e+01 -1.433915e+02 1.266416e+01
    endloop
  endfacet
  facet normal 3.826834e-01 -9.238795e-01 -1.123066e-15
    outer loop
      vertex   3.542420e+01 -1.433915e+02 1.266416e+01
      vertex   3.542420e+01 -1.433915e+02 7.821828e+00
      vertex   3.571362e+01 -1.432716e+02 1.266416e+01
    endloop
  endfacet
  facet normal 3.826834e-01 -9.238795e-01 -1.123066e-15
    outer loop
      vertex   3.571362e+01 -1.432716e+02 1.266416e+01
      vertex   3.542420e+01 -1.433915e+02 7.821828e+00
      vertex   3.571362e+01 -1.432716e+02 7.821828e+00
    endloop
  endfacet
  facet normal 6.087614e-01 -7.933533e-01 -1.786540e-15
    outer loop
      vertex   3.571362e+01 -1.432716e+02 1.266416e+01
      vertex   3.571362e+01 -1.432716e+02 7.821828e+00
      vertex   3.596215e+01 -1.430809e+02 1.266416e+01
    endloop
  endfacet
  facet normal 6.087614e-01 -7.933533e-01 3.763258e-15
    outer loop
      vertex   3.596215e+01 -1.430809e+02 1.266416e+01
      vertex   3.571362e+01 -1.432716e+02 7.821828e+00
      vertex   3.596215e+01 -1.430809e+02 7.821828e+00
    endloop
  endfacet
  facet normal 7.933533e-01 -6.087614e-01 2.408948e-15
    outer loop
      vertex   3.596215e+01 -1.430809e+02 1.266416e+01
      vertex   3.596215e+01 -1.430809e+02 7.821828e+00
      vertex   3.615285e+01 -1.428324e+02 1.266416e+01
    endloop
  endfacet
  facet normal 7.933533e-01 -6.087614e-01 1.244816e-15
    outer loop
      vertex   3.615285e+01 -1.428324e+02 1.266416e+01
      vertex   3.596215e+01 -1.430809e+02 7.821828e+00
      vertex   3.615285e+01 -1.428324e+02 7.821828e+00
    endloop
  endfacet
  facet normal 9.238795e-01 -3.826834e-01 -4.651892e-16
    outer loop
      vertex   3.615285e+01 -1.428324e+02 1.266416e+01
      vertex   3.615285e+01 -1.428324e+02 7.821828e+00
      vertex   3.627273e+01 -1.425430e+02 1.266416e+01
    endloop
  endfacet
  facet normal 9.238795e-01 -3.826834e-01 3.136603e-15
    outer loop
      vertex   3.627273e+01 -1.425430e+02 1.266416e+01
      vertex   3.615285e+01 -1.428324e+02 7.821828e+00
      vertex   3.627273e+01 -1.425430e+02 7.821828e+00
    endloop
  endfacet
  facet normal 9.914449e-01 -1.305262e-01 7.742459e-17
    outer loop
      vertex   3.627273e+01 -1.425430e+02 1.266416e+01
      vertex   3.627273e+01 -1.425430e+02 7.821828e+00
      vertex   3.631362e+01 -1.422324e+02 1.266416e+01
    endloop
  endfacet
  facet normal 9.914449e-01 -1.305262e-01 -1.454634e-15
    outer loop
      vertex   3.631362e+01 -1.422324e+02 1.266416e+01
      vertex   3.627273e+01 -1.425430e+02 7.821828e+00
      vertex   3.627273e+01 -1.425430e+02 2.979495e+00
    endloop
  endfacet
  facet normal 9.914449e-01 -1.305262e-01 2.553713e-16
    outer loop
      vertex   3.631362e+01 -1.422324e+02 1.266416e+01
      vertex   3.627273e+01 -1.425430e+02 2.979495e+00
      vertex   3.631362e+01 -1.422324e+02 -1.862837e+00
    endloop
  endfacet
  facet normal 9.914449e-01 -1.305262e-01 -6.907574e-16
    outer loop
      vertex   3.631362e+01 -1.422324e+02 -1.862837e+00
      vertex   3.627273e+01 -1.425430e+02 2.979495e+00
      vertex   3.627273e+01 -1.425430e+02 -1.846560e+00
    endloop
  endfacet
  facet normal 9.238795e-01 -3.826834e-01 8.934747e-16
    outer loop
      vertex   3.627273e+01 -1.425430e+02 -1.846560e+00
      vertex   3.627273e+01 -1.425430e+02 2.979495e+00
      vertex   3.615285e+01 -1.428324e+02 -1.831392e+00
    endloop
  endfacet
  facet normal 9.238795e-01 -3.826834e-01 -4.682297e-16
    outer loop
      vertex   3.615285e+01 -1.428324e+02 -1.831392e+00
      vertex   3.627273e+01 -1.425430e+02 2.979495e+00
      vertex   3.615285e+01 -1.428324e+02 2.979495e+00
    endloop
  endfacet
  facet normal 7.933533e-01 -6.087614e-01 1.252952e-15
    outer loop
      vertex   3.615285e+01 -1.428324e+02 -1.831392e+00
      vertex   3.615285e+01 -1.428324e+02 2.979495e+00
      vertex   3.596215e+01 -1.430809e+02 -1.818367e+00
    endloop
  endfacet
  facet normal 7.933533e-01 -6.087614e-01 1.256353e-15
    outer loop
      vertex   3.596215e+01 -1.430809e+02 -1.818367e+00
      vertex   3.615285e+01 -1.428324e+02 2.979495e+00
      vertex   3.596215e+01 -1.430809e+02 2.979495e+00
    endloop
  endfacet
  facet normal 6.087614e-01 -7.933533e-01 2.896589e-15
    outer loop
      vertex   3.596215e+01 -1.430809e+02 -1.818367e+00
      vertex   3.596215e+01 -1.430809e+02 2.979495e+00
      vertex   3.571362e+01 -1.432716e+02 -1.808373e+00
    endloop
  endfacet
  facet normal 6.087614e-01 -7.933533e-01 -1.806863e-15
    outer loop
      vertex   3.571362e+01 -1.432716e+02 -1.808373e+00
      vertex   3.596215e+01 -1.430809e+02 2.979495e+00
      vertex   3.571362e+01 -1.432716e+02 2.979495e+00
    endloop
  endfacet
  facet normal 3.826834e-01 -9.238795e-01 -1.135841e-15
    outer loop
      vertex   3.571362e+01 -1.432716e+02 -1.808373e+00
      vertex   3.571362e+01 -1.432716e+02 2.979495e+00
      vertex   3.542420e+01 -1.433915e+02 -1.802090e+00
    endloop
  endfacet
  facet normal 3.826834e-01 -9.238795e-01 -1.137334e-15
    outer loop
      vertex   3.542420e+01 -1.433915e+02 -1.802090e+00
      vertex   3.571362e+01 -1.432716e+02 2.979495e+00
      vertex   3.542420e+01 -1.433915e+02 2.979495e+00
    endloop
  endfacet
  facet normal 3.826834e-01 -9.238795e-01 -5.626416e-16
    outer loop
      vertex   3.571362e+01 -1.432716e+02 7.821828e+00
      vertex   3.542420e+01 -1.433915e+02 7.821828e+00
      vertex   3.542420e+01 -1.433915e+02 2.979495e+00
    endloop
  endfacet
  facet normal 3.826834e-01 -9.238795e-01 -1.123066e-15
    outer loop
      vertex   3.571362e+01 -1.432716e+02 7.821828e+00
      vertex   3.542420e+01 -1.433915e+02 2.979495e+00
      vertex   3.571362e+01 -1.432716e+02 2.979495e+00
    endloop
  endfacet
  facet normal 6.087614e-01 -7.933533e-01 -1.783986e-15
    outer loop
      vertex   3.596215e+01 -1.430809e+02 7.821828e+00
      vertex   3.571362e+01 -1.432716e+02 7.821828e+00
      vertex   3.571362e+01 -1.432716e+02 2.979495e+00
    endloop
  endfacet
  facet normal 6.087614e-01 -7.933533e-01 -1.786540e-15
    outer loop
      vertex   3.596215e+01 -1.430809e+02 7.821828e+00
      vertex   3.571362e+01 -1.432716e+02 2.979495e+00
      vertex   3.596215e+01 -1.430809e+02 2.979495e+00
    endloop
  endfacet
  facet normal 7.933533e-01 -6.087614e-01 -2.328330e-15
    outer loop
      vertex   3.615285e+01 -1.428324e+02 7.821828e+00
      vertex   3.596215e+01 -1.430809e+02 7.821828e+00
      vertex   3.596215e+01 -1.430809e+02 2.979495e+00
    endloop
  endfacet
  facet normal 7.933533e-01 -6.087614e-01 -2.328264e-15
    outer loop
      vertex   3.615285e+01 -1.428324e+02 7.821828e+00
      vertex   3.596215e+01 -1.430809e+02 2.979495e+00
      vertex   3.615285e+01 -1.428324e+02 2.979495e+00
    endloop
  endfacet
  facet normal 9.238795e-01 -3.826834e-01 -2.707999e-15
    outer loop
      vertex   3.627273e+01 -1.425430e+02 7.821828e+00
      vertex   3.615285e+01 -1.428324e+02 7.821828e+00
      vertex   3.615285e+01 -1.428324e+02 2.979495e+00
    endloop
  endfacet
  facet normal 9.238795e-01 -3.826834e-01 -1.355661e-15
    outer loop
      vertex   3.627273e+01 -1.425430e+02 7.821828e+00
      vertex   3.615285e+01 -1.428324e+02 2.979495e+00
      vertex   3.627273e+01 -1.425430e+02 2.979495e+00
    endloop
  endfacet
  facet normal 8.612639e-15 -1.000000e+00 3.576340e-29
    outer loop
      vertex   3.032979e+01 -1.418935e+02 1.266416e+01
      vertex   3.032979e+01 -1.418935e+02 -1.880600e+00
      vertex   3.362979e+01 -1.418935e+02 1.266416e+01
    endloop
  endfacet
  facet normal 8.612639e-15 -1.000000e+00 0.000000e+00
    outer loop
      vertex   3.362979e+01 -1.418935e+02 1.266416e+01
      vertex   3.032979e+01 -1.418935e+02 -1.880600e+00
      vertex   3.362979e+01 -1.418935e+02 -1.880600e+00
    endloop
  endfacet
  facet normal 1.000000e+00 1.203705e-14 4.152432e-15
    outer loop
      vertex   3.032979e+01 -1.418935e+02 -1.880600e+00
      vertex   3.032979e+01 -1.418935e+02 1.266416e+01
      vertex   3.032979e+01 -1.509109e+02 -1.408014e+00
    endloop
  endfacet
  facet normal 1.000000e+00 1.024351e-14 5.301738e-15
    outer loop
      vertex   3.032979e+01 -1.509109e+02 -1.408014e+00
      vertex   3.032979e+01 -1.418935e+02 1.266416e+01
      vertex   3.032979e+01 -1.509109e+02 1.266416e+01
    endloop
  endfacet
  facet normal 7.681543e-15 -1.000000e+00 2.842172e-14
    outer loop
      vertex   2.292979e+01 -1.509109e+02 1.266416e+01
      vertex   2.292979e+01 -1.509109e+02 1.166416e+01
      vertex   3.032979e+01 -1.509109e+02 1.266416e+01
    endloop
  endfacet
  facet normal 1.184993e-14 -1.000000e+00 -2.424350e-15
    outer loop
      vertex   3.032979e+01 -1.509109e+02 1.266416e+01
      vertex   2.292979e+01 -1.509109e+02 1.166416e+01
      vertex   2.219208e+01 -1.509109e+02 8.058352e+00
    endloop
  endfacet
  facet normal 9.751194e-15 -1.000000e+00 1.283769e-15
    outer loop
      vertex   3.032979e+01 -1.509109e+02 1.266416e+01
      vertex   2.219208e+01 -1.509109e+02 8.058352e+00
      vertex   2.224320e+01 -1.509109e+02 7.670124e+00
    endloop
  endfacet
  facet normal 5.572884e-15 -1.000000e+00 1.790583e-14
    outer loop
      vertex   1.782979e+01 -1.509109e+02 1.166416e+01
      vertex   2.074320e+01 -1.509109e+02 9.170124e+00
      vertex   2.292979e+01 -1.509109e+02 1.166416e+01
    endloop
  endfacet
  facet normal 6.832319e-14 -1.000000e+00 -3.710914e-14
    outer loop
      vertex   2.292979e+01 -1.509109e+02 1.166416e+01
      vertex   2.074320e+01 -1.509109e+02 9.170124e+00
      vertex   2.113142e+01 -1.509109e+02 9.119012e+00
    endloop
  endfacet
  facet normal 3.578256e-15 -1.000000e+00 8.638673e-15
    outer loop
      vertex   2.292979e+01 -1.509109e+02 1.166416e+01
      vertex   2.113142e+01 -1.509109e+02 9.119012e+00
      vertex   2.149320e+01 -1.509109e+02 8.969162e+00
    endloop
  endfacet
  facet normal 1.277728e-14 -1.000000e+00 0.000000e+00
    outer loop
      vertex   1.782979e+01 -1.509109e+02 1.266416e+01
      vertex   1.115660e+01 -1.509109e+02 1.266416e+01
      vertex   1.782979e+01 -1.509109e+02 1.166416e+01
    endloop
  endfacet
  facet normal 1.360535e-14 -1.000000e+00 5.525885e-15
    outer loop
      vertex   1.782979e+01 -1.509109e+02 1.166416e+01
      vertex   1.115660e+01 -1.509109e+02 1.266416e+01
      vertex   1.929431e+01 -1.509109e+02 8.058352e+00
    endloop
  endfacet
  facet normal 0.000000e+00 -1.000000e+00 0.000000e+00
    outer loop
      vertex   1.782979e+01 -1.509109e+02 1.166416e+01
      vertex   1.929431e+01 -1.509109e+02 8.058352e+00
      vertex   1.944416e+01 -1.509109e+02 8.420124e+00
    endloop
  endfacet
  facet normal 1.047779e-14 -1.000000e+00 2.645261e-30
    outer loop
      vertex   1.115660e+01 -1.509109e+02 -1.408014e+00
      vertex   1.929431e+01 -1.509109e+02 7.281895e+00
      vertex   1.115660e+01 -1.509109e+02 1.266416e+01
    endloop
  endfacet
  facet normal 1.147716e-14 -1.000000e+00 1.510996e-15
    outer loop
      vertex   1.115660e+01 -1.509109e+02 1.266416e+01
      vertex   1.929431e+01 -1.509109e+02 7.281895e+00
      vertex   1.924320e+01 -1.509109e+02 7.670124e+00
    endloop
  endfacet
  facet normal 9.751194e-15 -1.000000e+00 -1.283769e-15
    outer loop
      vertex   1.115660e+01 -1.509109e+02 1.266416e+01
      vertex   1.924320e+01 -1.509109e+02 7.670124e+00
      vertex   1.929431e+01 -1.509109e+02 8.058352e+00
    endloop
  endfacet
  facet normal 7.411838e-15 -1.000000e+00 1.875244e-15
    outer loop
      vertex   3.032979e+01 -1.509109e+02 -1.408014e+00
      vertex   2.074320e+01 -1.509109e+02 6.170124e+00
      vertex   1.115660e+01 -1.509109e+02 -1.408014e+00
    endloop
  endfacet
  facet normal 1.269804e-15 -1.000000e+00 9.645119e-15
    outer loop
      vertex   1.115660e+01 -1.509109e+02 -1.408014e+00
      vertex   2.074320e+01 -1.509109e+02 6.170124e+00
      vertex   2.035497e+01 -1.509109e+02 6.221235e+00
    endloop
  endfacet
  facet normal 3.087415e-15 -1.000000e+00 7.453678e-15
    outer loop
      vertex   1.115660e+01 -1.509109e+02 -1.408014e+00
      vertex   2.035497e+01 -1.509109e+02 6.221235e+00
      vertex   1.999320e+01 -1.509109e+02 6.371085e+00
    endloop
  endfacet
  facet normal 7.806121e-15 -1.000000e+00 4.039420e-15
    outer loop
      vertex   3.032979e+01 -1.509109e+02 1.266416e+01
      vertex   2.219208e+01 -1.509109e+02 7.281895e+00
      vertex   3.032979e+01 -1.509109e+02 -1.408014e+00
    endloop
  endfacet
  facet normal 2.421510e-15 -1.000000e+00 -1.003022e-15
    outer loop
      vertex   3.032979e+01 -1.509109e+02 -1.408014e+00
      vertex   2.219208e+01 -1.509109e+02 7.281895e+00
      vertex   2.204223e+01 -1.509109e+02 6.920124e+00
    endloop
  endfacet
  facet normal 5.384585e-14 -1.000000e+00 5.017073e-14
    outer loop
      vertex   3.032979e+01 -1.509109e+02 -1.408014e+00
      vertex   2.204223e+01 -1.509109e+02 6.920124e+00
      vertex   2.180386e+01 -1.509109e+02 6.609463e+00
    endloop
  endfacet
  facet normal 5.743171e-15 -1.000000e+00 7.484646e-15
    outer loop
      vertex   2.149320e+01 -1.509109e+02 8.969162e+00
      vertex   2.180386e+01 -1.509109e+02 8.730784e+00
      vertex   2.292979e+01 -1.509109e+02 1.166416e+01
    endloop
  endfacet
  facet normal 8.789135e-14 -1.000000e+00 -2.404670e-14
    outer loop
      vertex   2.292979e+01 -1.509109e+02 1.166416e+01
      vertex   2.180386e+01 -1.509109e+02 8.730784e+00
      vertex   2.204223e+01 -1.509109e+02 8.420124e+00
    endloop
  endfacet
  facet normal 0.000000e+00 -1.000000e+00 0.000000e+00
    outer loop
      vertex   2.292979e+01 -1.509109e+02 1.166416e+01
      vertex   2.204223e+01 -1.509109e+02 8.420124e+00
      vertex   2.219208e+01 -1.509109e+02 8.058352e+00
    endloop
  endfacet
  facet normal 1.147716e-14 -1.000000e+00 -1.510996e-15
    outer loop
      vertex   2.224320e+01 -1.509109e+02 7.670124e+00
      vertex   2.219208e+01 -1.509109e+02 7.281895e+00
      vertex   3.032979e+01 -1.509109e+02 1.266416e+01
    endloop
  endfacet
  facet normal 2.995778e-15 -1.000000e+00 -3.904173e-15
    outer loop
      vertex   2.180386e+01 -1.509109e+02 6.609463e+00
      vertex   2.149320e+01 -1.509109e+02 6.371085e+00
      vertex   3.032979e+01 -1.509109e+02 -1.408014e+00
    endloop
  endfacet
  facet normal 2.058276e-15 -1.000000e+00 -4.969119e-15
    outer loop
      vertex   3.032979e+01 -1.509109e+02 -1.408014e+00
      vertex   2.149320e+01 -1.509109e+02 6.371085e+00
      vertex   2.113142e+01 -1.509109e+02 6.221235e+00
    endloop
  endfacet
  facet normal 8.465360e-16 -1.000000e+00 -6.430079e-15
    outer loop
      vertex   3.032979e+01 -1.509109e+02 -1.408014e+00
      vertex   2.113142e+01 -1.509109e+02 6.221235e+00
      vertex   2.074320e+01 -1.509109e+02 6.170124e+00
    endloop
  endfacet
  facet normal 4.493666e-15 -1.000000e+00 5.856260e-15
    outer loop
      vertex   1.999320e+01 -1.509109e+02 6.371085e+00
      vertex   1.968254e+01 -1.509109e+02 6.609463e+00
      vertex   1.115660e+01 -1.509109e+02 -1.408014e+00
    endloop
  endfacet
  facet normal 5.809059e-15 -1.000000e+00 4.457448e-15
    outer loop
      vertex   1.115660e+01 -1.509109e+02 -1.408014e+00
      vertex   1.968254e+01 -1.509109e+02 6.609463e+00
      vertex   1.944416e+01 -1.509109e+02 6.920124e+00
    endloop
  endfacet
  facet normal 7.264531e-15 -1.000000e+00 3.009067e-15
    outer loop
      vertex   1.115660e+01 -1.509109e+02 -1.408014e+00
      vertex   1.944416e+01 -1.509109e+02 6.920124e+00
      vertex   1.929431e+01 -1.509109e+02 7.281895e+00
    endloop
  endfacet
  facet normal 0.000000e+00 -1.000000e+00 0.000000e+00
    outer loop
      vertex   1.944416e+01 -1.509109e+02 8.420124e+00
      vertex   1.968254e+01 -1.509109e+02 8.730784e+00
      vertex   1.782979e+01 -1.509109e+02 1.166416e+01
    endloop
  endfacet
  facet normal 0.000000e+00 -1.000000e+00 0.000000e+00
    outer loop
      vertex   1.782979e+01 -1.509109e+02 1.166416e+01
      vertex   1.968254e+01 -1.509109e+02 8.730784e+00
      vertex   1.999320e+01 -1.509109e+02 8.969162e+00
    endloop
  endfacet
  facet normal 0.000000e+00 -1.000000e+00 0.000000e+00
    outer loop
      vertex   1.782979e+01 -1.509109e+02 1.166416e+01
      vertex   1.999320e+01 -1.509109e+02 8.969162e+00
      vertex   2.035497e+01 -1.509109e+02 9.119012e+00
    endloop
  endfacet
  facet normal -6.475096e-14 -1.000000e+00 -6.424292e-14
    outer loop
      vertex   2.035497e+01 -1.509109e+02 9.119012e+00
      vertex   2.074320e+01 -1.509109e+02 9.170124e+00
      vertex   1.782979e+01 -1.509109e+02 1.166416e+01
    endloop
  endfacet
  facet normal 1.000000e+00 2.166391e-15 2.524637e-16
    outer loop
      vertex   1.115660e+01 -1.509109e+02 -1.408014e+00
      vertex   1.115660e+01 -1.509109e+02 1.266416e+01
      vertex   1.115660e+01 -1.542109e+02 -1.235068e+00
    endloop
  endfacet
  facet normal 1.000000e+00 3.229740e-15 -5.850622e-30
    outer loop
      vertex   1.115660e+01 -1.542109e+02 -1.235068e+00
      vertex   1.115660e+01 -1.509109e+02 1.266416e+01
      vertex   1.115660e+01 -1.542109e+02 3.014441e+01
    endloop
  endfacet
  facet normal 1.000000e+00 1.110480e-14 1.486690e-15
    outer loop
      vertex   1.115660e+01 -1.542109e+02 3.014441e+01
      vertex   1.115660e+01 -1.509109e+02 1.266416e+01
      vertex   1.115660e+01 -1.507109e+02 1.953415e+01
    endloop
  endfacet
  facet normal 1.000000e+00 5.075305e-15 -5.022564e-16
    outer loop
      vertex   1.115660e+01 -1.542109e+02 3.014441e+01
      vertex   1.115660e+01 -1.507109e+02 1.953415e+01
      vertex   1.115660e+01 -1.507109e+02 3.014441e+01
    endloop
  endfacet
  facet normal 1.000000e+00 1.243450e-13 -1.809974e-15
    outer loop
      vertex   1.115660e+01 -1.509109e+02 1.266416e+01
      vertex   1.115660e+01 -1.507109e+02 1.266416e+01
      vertex   1.115660e+01 -1.507109e+02 1.953415e+01
    endloop
  endfacet
  facet normal -6.619207e-01 7.495739e-01 -2.676311e-05
    outer loop
      vertex   -6.836962e+01 -6.982376e+01 -1.447300e+00
      vertex   -6.836782e+01 -6.982219e+01 -1.950733e+00
      vertex   -6.838381e+01 -6.983631e+01 -1.949993e+00
    endloop
  endfacet
  facet normal 1.178805e-03 6.662218e-03 9.999771e-01
    outer loop
      vertex   -7.102941e+01 -8.587809e+01 4.695795e+00
      vertex   -7.102985e+01 -8.588061e+01 4.695812e+00
      vertex   -5.940136e+01 -8.793554e+01 4.695795e+00
    endloop
  endfacet
  facet normal 1.178805e-03 6.662218e-03 9.999771e-01
    outer loop
      vertex   -5.940136e+01 -8.793554e+01 4.695795e+00
      vertex   -7.102985e+01 -8.588061e+01 4.695812e+00
      vertex   -5.940180e+01 -8.793806e+01 4.695812e+00
    endloop
  endfacet
  facet normal 1.178805e-03 6.662218e-03 9.999771e-01
    outer loop
      vertex   -5.940313e+01 -8.794554e+01 3.195830e+00
      vertex   -6.671479e+01 -1.293058e+02 3.480007e+00
      vertex   -4.610962e+01 -9.029767e+01 3.195830e+00
    endloop
  endfacet
  facet normal 1.178805e-03 6.662218e-03 9.999771e-01
    outer loop
      vertex   -4.610962e+01 -9.029767e+01 3.195830e+00
      vertex   -6.671479e+01 -1.293058e+02 3.480007e+00
      vertex   -5.342092e+01 -1.316559e+02 3.479992e+00
    endloop
  endfacet
  facet normal -9.847314e-01 1.740806e-01 1.042942e-06
    outer loop
      vertex   -5.297659e+01 -1.291425e+02 1.100299e+01
      vertex   -4.610073e+01 -9.024745e+01 1.073467e+01
      vertex   -5.297841e+01 -1.291528e+02 9.458445e+00
    endloop
  endfacet
  facet normal -9.847314e-01 1.740806e-01 1.042942e-06
    outer loop
      vertex   -5.297841e+01 -1.291528e+02 9.458445e+00
      vertex   -4.610073e+01 -9.024745e+01 1.073467e+01
      vertex   -4.610962e+01 -9.029767e+01 3.195830e+00
    endloop
  endfacet
  facet normal -9.847314e-01 1.740806e-01 1.042942e-06
    outer loop
      vertex   -5.297841e+01 -1.291528e+02 9.458445e+00
      vertex   -4.610962e+01 -9.029767e+01 3.195830e+00
      vertex   -5.342092e+01 -1.316559e+02 3.479992e+00
    endloop
  endfacet
  facet normal -9.847314e-01 1.740806e-01 1.042942e-06
    outer loop
      vertex   -5.342092e+01 -1.316559e+02 3.479992e+00
      vertex   -5.341382e+01 -1.316158e+02 9.475367e+00
      vertex   -5.297841e+01 -1.291528e+02 9.458445e+00
    endloop
  endfacet
  facet normal -1.702096e-01 3.688262e-02 9.847174e-01
    outer loop
      vertex   -9.079917e-02 -9.641360e+01 1.891850e+01
      vertex   -2.036132e+01 -9.524058e+01 1.537078e+01
      vertex   -2.080116e-01 -9.678717e+01 1.891223e+01
    endloop
  endfacet
  facet normal -1.702096e-01 3.688262e-02 9.847174e-01
    outer loop
      vertex   -2.080116e-01 -9.678717e+01 1.891223e+01
      vertex   -2.036132e+01 -9.524058e+01 1.537078e+01
      vertex   -2.037939e+01 -9.563157e+01 1.538230e+01
    endloop
  endfacet
  facet normal -1.702096e-01 3.688262e-02 9.847174e-01
    outer loop
      vertex   -2.080116e-01 -9.678717e+01 1.891223e+01
      vertex   -2.037939e+01 -9.563157e+01 1.538230e+01
      vertex   -2.260801e-01 -9.717817e+01 1.892375e+01
    endloop
  endfacet
  facet normal -1.702096e-01 3.688262e-02 9.847174e-01
    outer loop
      vertex   -2.260801e-01 -9.717817e+01 1.892375e+01
      vertex   -2.037939e+01 -9.563157e+01 1.538230e+01
      vertex   -2.049660e+01 -9.600514e+01 1.537603e+01
    endloop
  endfacet
  facet normal -1.702096e-01 3.688262e-02 9.847174e-01
    outer loop
      vertex   -2.260801e-01 -9.717817e+01 1.892375e+01
      vertex   -2.049660e+01 -9.600514e+01 1.537603e+01
      vertex   -1.437733e-01 -9.755993e+01 1.895228e+01
    endloop
  endfacet
  facet normal -1.702096e-01 3.688262e-02 9.847174e-01
    outer loop
      vertex   -1.437733e-01 -9.755993e+01 1.895228e+01
      vertex   -2.049660e+01 -9.600514e+01 1.537603e+01
      vertex   -2.070497e+01 -9.633583e+01 1.535240e+01
    endloop
  endfacet
  facet normal -1.702096e-01 3.688262e-02 9.847174e-01
    outer loop
      vertex   -1.437733e-01 -9.755993e+01 1.895228e+01
      vertex   -2.070497e+01 -9.633583e+01 1.535240e+01
      vertex   -6.540918e-01 -1.222047e+02 1.978714e+01
    endloop
  endfacet
  facet normal -1.702096e-01 3.688262e-02 9.847174e-01
    outer loop
      vertex   -6.540918e-01 -1.222047e+02 1.978714e+01
      vertex   -2.070497e+01 -9.633583e+01 1.535240e+01
      vertex   -7.713042e-01 -1.225782e+02 1.978087e+01
    endloop
  endfacet
  facet normal -1.702096e-01 3.688262e-02 9.847174e-01
    outer loop
      vertex   -7.713042e-01 -1.225782e+02 1.978087e+01
      vertex   -2.070497e+01 -9.633583e+01 1.535240e+01
      vertex   -2.099030e+01 -9.660111e+01 1.531302e+01
    endloop
  endfacet
  facet normal -1.702096e-01 3.688262e-02 9.847174e-01
    outer loop
      vertex   -7.713042e-01 -1.225782e+02 1.978087e+01
      vertex   -2.099030e+01 -9.660111e+01 1.531302e+01
      vertex   -2.133313e+01 -9.678290e+01 1.526057e+01
    endloop
  endfacet
  facet normal -1.702096e-01 3.688262e-02 9.847174e-01
    outer loop
      vertex   -2.036132e+01 -9.524058e+01 1.537078e+01
      vertex   -9.079917e-02 -9.641360e+01 1.891850e+01
      vertex   -2.044363e+01 -9.485881e+01 1.534225e+01
    endloop
  endfacet
  facet normal -1.702096e-01 3.688262e-02 9.847174e-01
    outer loop
      vertex   -2.044363e+01 -9.485881e+01 1.534225e+01
      vertex   -9.079917e-02 -9.641360e+01 1.891850e+01
      vertex   1.175693e-01 -9.608291e+01 1.894213e+01
    endloop
  endfacet
  facet normal -1.702096e-01 3.688262e-02 9.847174e-01
    outer loop
      vertex   -2.044363e+01 -9.485881e+01 1.534225e+01
      vertex   1.175693e-01 -9.608291e+01 1.894213e+01
      vertex   5.192269e+00 -7.541975e+01 1.904536e+01
    endloop
  endfacet
  facet normal -1.702096e-01 3.688262e-02 9.847174e-01
    outer loop
      vertex   5.192269e+00 -7.541975e+01 1.904536e+01
      vertex   1.175693e-01 -9.608291e+01 1.894213e+01
      vertex   1.884474e+00 -9.412915e+01 1.917436e+01
    endloop
  endfacet
  facet normal -1.702096e-01 3.688262e-02 9.847174e-01
    outer loop
      vertex   1.884474e+00 -9.412915e+01 1.917436e+01
      vertex   1.175693e-01 -9.608291e+01 1.894213e+01
      vertex   4.028938e-01 -9.581763e+01 1.898151e+01
    endloop
  endfacet
  facet normal -1.702096e-01 3.688262e-02 9.847174e-01
    outer loop
      vertex   1.884474e+00 -9.412915e+01 1.917436e+01
      vertex   4.028938e-01 -9.581763e+01 1.898151e+01
      vertex   7.457301e-01 -9.563584e+01 1.903396e+01
    endloop
  endfacet
  facet normal -1.702096e-01 3.688262e-02 9.847174e-01
    outer loop
      vertex   7.457301e-01 -9.563584e+01 1.903396e+01
      vertex   1.122714e+00 -9.554994e+01 1.909591e+01
      vertex   1.884474e+00 -9.412915e+01 1.917436e+01
    endloop
  endfacet
  facet normal -1.702096e-01 3.688262e-02 9.847174e-01
    outer loop
      vertex   1.884474e+00 -9.412915e+01 1.917436e+01
      vertex   1.122714e+00 -9.554994e+01 1.909591e+01
      vertex   1.508156e+00 -9.556577e+01 1.916313e+01
    endloop
  endfacet
  facet normal -1.702096e-01 3.688262e-02 9.847174e-01
    outer loop
      vertex   1.884474e+00 -9.412915e+01 1.917436e+01
      vertex   1.508156e+00 -9.556577e+01 1.916313e+01
      vertex   1.875787e+00 -9.568226e+01 1.923103e+01
    endloop
  endfacet
  facet normal -1.702096e-01 3.688262e-02 9.847174e-01
    outer loop
      vertex   1.875787e+00 -9.568226e+01 1.923103e+01
      vertex   2.200555e+00 -9.589147e+01 1.929501e+01
      vertex   1.884474e+00 -9.412915e+01 1.917436e+01
    endloop
  endfacet
  facet normal -1.702096e-01 3.688262e-02 9.847174e-01
    outer loop
      vertex   1.884474e+00 -9.412915e+01 1.917436e+01
      vertex   2.200555e+00 -9.589147e+01 1.929501e+01
      vertex   2.460327e+00 -9.617913e+01 1.935068e+01
    endloop
  endfacet
  facet normal -1.702096e-01 3.688262e-02 9.847174e-01
    outer loop
      vertex   1.884474e+00 -9.412915e+01 1.917436e+01
      vertex   2.460327e+00 -9.617913e+01 1.935068e+01
      vertex   2.637399e+00 -9.652566e+01 1.939427e+01
    endloop
  endfacet
  facet normal -1.702096e-01 3.688262e-02 9.847174e-01
    outer loop
      vertex   2.719706e+00 -9.690742e+01 1.942279e+01
      vertex   1.494239e+01 -9.905502e+01 2.161594e+01
      vertex   2.637399e+00 -9.652566e+01 1.939427e+01
    endloop
  endfacet
  facet normal -1.702096e-01 3.688262e-02 9.847174e-01
    outer loop
      vertex   2.637399e+00 -9.652566e+01 1.939427e+01
      vertex   1.494239e+01 -9.905502e+01 2.161594e+01
      vertex   1.515076e+01 -9.872433e+01 2.163957e+01
    endloop
  endfacet
  facet normal -1.702096e-01 3.688262e-02 9.847174e-01
    outer loop
      vertex   2.637399e+00 -9.652566e+01 1.939427e+01
      vertex   1.515076e+01 -9.872433e+01 2.163957e+01
      vertex   1.884474e+00 -9.412915e+01 1.917436e+01
    endloop
  endfacet
  facet normal -1.702096e-01 3.688262e-02 9.847174e-01
    outer loop
      vertex   1.884474e+00 -9.412915e+01 1.917436e+01
      vertex   1.515076e+01 -9.872433e+01 2.163957e+01
      vertex   1.543608e+01 -9.845905e+01 2.167895e+01
    endloop
  endfacet
  facet normal -1.702096e-01 3.688262e-02 9.847174e-01
    outer loop
      vertex   1.884474e+00 -9.412915e+01 1.917436e+01
      vertex   1.543608e+01 -9.845905e+01 2.167895e+01
      vertex   1.577892e+01 -9.827726e+01 2.173140e+01
    endloop
  endfacet
  facet normal -1.702096e-01 3.688262e-02 9.847174e-01
    outer loop
      vertex   1.494239e+01 -9.905502e+01 2.161594e+01
      vertex   2.719706e+00 -9.690742e+01 1.942279e+01
      vertex   1.482518e+01 -9.942859e+01 2.160967e+01
    endloop
  endfacet
  facet normal -1.702096e-01 3.688262e-02 9.847174e-01
    outer loop
      vertex   1.482518e+01 -9.942859e+01 2.160967e+01
      vertex   2.719706e+00 -9.690742e+01 1.942279e+01
      vertex   2.701638e+00 -9.729842e+01 1.943432e+01
    endloop
  endfacet
  facet normal -1.702096e-01 3.688262e-02 9.847174e-01
    outer loop
      vertex   1.482518e+01 -9.942859e+01 2.160967e+01
      vertex   2.701638e+00 -9.729842e+01 1.943432e+01
      vertex   1.480711e+01 -9.981958e+01 2.162119e+01
    endloop
  endfacet
  facet normal -1.702096e-01 3.688262e-02 9.847174e-01
    outer loop
      vertex   1.480711e+01 -9.981958e+01 2.162119e+01
      vertex   2.701638e+00 -9.729842e+01 1.943432e+01
      vertex   2.584425e+00 -9.767199e+01 1.942805e+01
    endloop
  endfacet
  facet normal -1.702096e-01 3.688262e-02 9.847174e-01
    outer loop
      vertex   1.480711e+01 -9.981958e+01 2.162119e+01
      vertex   2.584425e+00 -9.767199e+01 1.942805e+01
      vertex   1.488941e+01 -1.002014e+02 2.164972e+01
    endloop
  endfacet
  facet normal -1.702096e-01 3.688262e-02 9.847174e-01
    outer loop
      vertex   1.488941e+01 -1.002014e+02 2.164972e+01
      vertex   2.584425e+00 -9.767199e+01 1.942805e+01
      vertex   2.376057e+00 -9.800268e+01 1.940442e+01
    endloop
  endfacet
  facet normal -1.702096e-01 3.688262e-02 9.847174e-01
    outer loop
      vertex   1.488941e+01 -1.002014e+02 2.164972e+01
      vertex   2.376057e+00 -9.800268e+01 1.940442e+01
      vertex   1.637262e+00 -1.216825e+02 2.016364e+01
    endloop
  endfacet
  facet normal -1.702096e-01 3.688262e-02 9.847174e-01
    outer loop
      vertex   1.637262e+00 -1.216825e+02 2.016364e+01
      vertex   2.376057e+00 -9.800268e+01 1.940442e+01
      vertex   2.090732e+00 -9.826796e+01 1.936503e+01
    endloop
  endfacet
  facet normal -1.702096e-01 3.688262e-02 9.847174e-01
    outer loop
      vertex   1.637262e+00 -1.216825e+02 2.016364e+01
      vertex   2.090732e+00 -9.826796e+01 1.936503e+01
      vertex   1.312494e+00 -1.214733e+02 2.009967e+01
    endloop
  endfacet
  facet normal -1.702096e-01 3.688262e-02 9.847174e-01
    outer loop
      vertex   1.312494e+00 -1.214733e+02 2.009967e+01
      vertex   2.090732e+00 -9.826796e+01 1.936503e+01
      vertex   9.448630e-01 -1.213568e+02 2.003176e+01
    endloop
  endfacet
  facet normal -1.702096e-01 3.688262e-02 9.847174e-01
    outer loop
      vertex   9.448630e-01 -1.213568e+02 2.003176e+01
      vertex   2.090732e+00 -9.826796e+01 1.936503e+01
      vertex   1.747896e+00 -9.844974e+01 1.931258e+01
    endloop
  endfacet
  facet normal -1.702096e-01 3.688262e-02 9.847174e-01
    outer loop
      vertex   9.448630e-01 -1.213568e+02 2.003176e+01
      vertex   1.747896e+00 -9.844974e+01 1.931258e+01
      vertex   5.594217e-01 -1.213410e+02 1.996455e+01
    endloop
  endfacet
  facet normal -1.702096e-01 3.688262e-02 9.847174e-01
    outer loop
      vertex   5.594217e-01 -1.213410e+02 1.996455e+01
      vertex   1.747896e+00 -9.844974e+01 1.931258e+01
      vertex   1.370912e+00 -9.853565e+01 1.925064e+01
    endloop
  endfacet
  facet normal -1.702096e-01 3.688262e-02 9.847174e-01
    outer loop
      vertex   5.594217e-01 -1.213410e+02 1.996455e+01
      vertex   1.370912e+00 -9.853565e+01 1.925064e+01
      vertex   1.824375e-01 -1.214269e+02 1.990260e+01
    endloop
  endfacet
  facet normal -1.702096e-01 3.688262e-02 9.847174e-01
    outer loop
      vertex   1.824375e-01 -1.214269e+02 1.990260e+01
      vertex   1.370912e+00 -9.853565e+01 1.925064e+01
      vertex   9.854704e-01 -9.851982e+01 1.918342e+01
    endloop
  endfacet
  facet normal -1.702096e-01 3.688262e-02 9.847174e-01
    outer loop
      vertex   1.824375e-01 -1.214269e+02 1.990260e+01
      vertex   9.854704e-01 -9.851982e+01 1.918342e+01
      vertex   -1.603988e-01 -1.216087e+02 1.985015e+01
    endloop
  endfacet
  facet normal -1.702096e-01 3.688262e-02 9.847174e-01
    outer loop
      vertex   -1.603988e-01 -1.216087e+02 1.985015e+01
      vertex   9.854704e-01 -9.851982e+01 1.918342e+01
      vertex   6.178391e-01 -9.840333e+01 1.911551e+01
    endloop
  endfacet
  facet normal -1.702096e-01 3.688262e-02 9.847174e-01
    outer loop
      vertex   -1.603988e-01 -1.216087e+02 1.985015e+01
      vertex   6.178391e-01 -9.840333e+01 1.911551e+01
      vertex   2.930714e-01 -9.819412e+01 1.905154e+01
    endloop
  endfacet
  facet normal -1.702096e-01 3.688262e-02 9.847174e-01
    outer loop
      vertex   -1.603988e-01 -1.216087e+02 1.985015e+01
      vertex   2.930714e-01 -9.819412e+01 1.905154e+01
      vertex   -4.457233e-01 -1.218740e+02 1.981077e+01
    endloop
  endfacet
  facet normal -1.702096e-01 3.688262e-02 9.847174e-01
    outer loop
      vertex   -4.457233e-01 -1.218740e+02 1.981077e+01
      vertex   2.930714e-01 -9.819412e+01 1.905154e+01
      vertex   3.329957e-02 -9.790646e+01 1.899586e+01
    endloop
  endfacet
  facet normal -1.702096e-01 3.688262e-02 9.847174e-01
    outer loop
      vertex   -4.457233e-01 -1.218740e+02 1.981077e+01
      vertex   3.329957e-02 -9.790646e+01 1.899586e+01
      vertex   -6.540918e-01 -1.222047e+02 1.978714e+01
    endloop
  endfacet
  facet normal -1.702096e-01 3.688262e-02 9.847174e-01
    outer loop
      vertex   -6.540918e-01 -1.222047e+02 1.978714e+01
      vertex   3.329957e-02 -9.790646e+01 1.899586e+01
      vertex   -1.437733e-01 -9.755993e+01 1.895228e+01
    endloop
  endfacet
  facet normal -1.702096e-01 3.688262e-02 9.847174e-01
    outer loop
      vertex   1.488941e+01 -1.002014e+02 2.164972e+01
      vertex   1.637262e+00 -1.216825e+02 2.016364e+01
      vertex   1.506649e+01 -1.005479e+02 2.169330e+01
    endloop
  endfacet
  facet normal -1.702096e-01 3.688262e-02 9.847174e-01
    outer loop
      vertex   1.506649e+01 -1.005479e+02 2.169330e+01
      vertex   1.637262e+00 -1.216825e+02 2.016364e+01
      vertex   1.897034e+00 -1.219702e+02 2.021932e+01
    endloop
  endfacet
  facet normal -1.702096e-01 3.688262e-02 9.847174e-01
    outer loop
      vertex   1.506649e+01 -1.005479e+02 2.169330e+01
      vertex   1.897034e+00 -1.219702e+02 2.021932e+01
      vertex   1.532626e+01 -1.008355e+02 2.174898e+01
    endloop
  endfacet
  facet normal -1.702096e-01 3.688262e-02 9.847174e-01
    outer loop
      vertex   1.532626e+01 -1.008355e+02 2.174898e+01
      vertex   1.897034e+00 -1.219702e+02 2.021932e+01
      vertex   1.645209e+01 -1.197635e+02 2.265253e+01
    endloop
  endfacet
  facet normal -1.702096e-01 3.688262e-02 9.847174e-01
    outer loop
      vertex   1.532626e+01 -1.008355e+02 2.174898e+01
      vertex   1.645209e+01 -1.197635e+02 2.265253e+01
      vertex   1.565103e+01 -1.010447e+02 2.181295e+01
    endloop
  endfacet
  facet normal -1.702096e-01 3.688262e-02 9.847174e-01
    outer loop
      vertex   1.565103e+01 -1.010447e+02 2.181295e+01
      vertex   1.645209e+01 -1.197635e+02 2.265253e+01
      vertex   1.601866e+01 -1.011612e+02 2.188086e+01
    endloop
  endfacet
  facet normal -1.702096e-01 3.688262e-02 9.847174e-01
    outer loop
      vertex   1.601866e+01 -1.011612e+02 2.188086e+01
      vertex   1.645209e+01 -1.197635e+02 2.265253e+01
      vertex   1.640410e+01 -1.011771e+02 2.194808e+01
    endloop
  endfacet
  facet normal -1.702096e-01 3.688262e-02 9.847174e-01
    outer loop
      vertex   1.640410e+01 -1.011771e+02 2.194808e+01
      vertex   1.645209e+01 -1.197635e+02 2.265253e+01
      vertex   1.678108e+01 -1.010912e+02 2.201002e+01
    endloop
  endfacet
  facet normal -1.702096e-01 3.688262e-02 9.847174e-01
    outer loop
      vertex   1.678108e+01 -1.010912e+02 2.201002e+01
      vertex   1.645209e+01 -1.197635e+02 2.265253e+01
      vertex   1.645241e+01 -1.197636e+02 2.265259e+01
    endloop
  endfacet
  facet normal -1.702096e-01 3.688262e-02 9.847174e-01
    outer loop
      vertex   1.678108e+01 -1.010912e+02 2.201002e+01
      vertex   1.645241e+01 -1.197636e+02 2.265259e+01
      vertex   1.712392e+01 -1.009094e+02 2.206247e+01
    endloop
  endfacet
  facet normal -1.702096e-01 3.688262e-02 9.847174e-01
    outer loop
      vertex   1.712392e+01 -1.009094e+02 2.206247e+01
      vertex   1.645241e+01 -1.197636e+02 2.265259e+01
      vertex   1.988989e+01 -1.003360e+02 2.251910e+01
    endloop
  endfacet
  facet normal -1.702096e-01 3.688262e-02 9.847174e-01
    outer loop
      vertex   1.712392e+01 -1.009094e+02 2.206247e+01
      vertex   1.988989e+01 -1.003360e+02 2.251910e+01
      vertex   1.740924e+01 -1.006441e+02 2.210186e+01
    endloop
  endfacet
  facet normal -1.702096e-01 3.688262e-02 9.847174e-01
    outer loop
      vertex   1.740924e+01 -1.006441e+02 2.210186e+01
      vertex   1.988989e+01 -1.003360e+02 2.251910e+01
      vertex   1.761761e+01 -1.003134e+02 2.212549e+01
    endloop
  endfacet
  facet normal -1.702096e-01 3.688262e-02 9.847174e-01
    outer loop
      vertex   1.761761e+01 -1.003134e+02 2.212549e+01
      vertex   1.988989e+01 -1.003360e+02 2.251910e+01
      vertex   1.773482e+01 -9.993984e+01 2.213176e+01
    endloop
  endfacet
  facet normal -1.702096e-01 3.688262e-02 9.847174e-01
    outer loop
      vertex   1.773482e+01 -9.993984e+01 2.213176e+01
      vertex   1.988989e+01 -1.003360e+02 2.251910e+01
      vertex   1.775289e+01 -9.954884e+01 2.212023e+01
    endloop
  endfacet
  facet normal -1.702096e-01 3.688262e-02 9.847174e-01
    outer loop
      vertex   1.775289e+01 -9.954884e+01 2.212023e+01
      vertex   1.988989e+01 -1.003360e+02 2.251910e+01
      vertex   1.767059e+01 -9.916708e+01 2.209171e+01
    endloop
  endfacet
  facet normal -1.702096e-01 3.688262e-02 9.847174e-01
    outer loop
      vertex   1.767059e+01 -9.916708e+01 2.209171e+01
      vertex   1.988989e+01 -1.003360e+02 2.251910e+01
      vertex   1.749351e+01 -9.882055e+01 2.204812e+01
    endloop
  endfacet
  facet normal -1.702096e-01 3.688262e-02 9.847174e-01
    outer loop
      vertex   1.749351e+01 -9.882055e+01 2.204812e+01
      vertex   1.988989e+01 -1.003360e+02 2.251910e+01
      vertex   2.283384e+01 -9.780705e+01 2.293324e+01
    endloop
  endfacet
  facet normal -1.702096e-01 3.688262e-02 9.847174e-01
    outer loop
      vertex   1.749351e+01 -9.882055e+01 2.204812e+01
      vertex   2.283384e+01 -9.780705e+01 2.293324e+01
      vertex   1.723374e+01 -9.853289e+01 2.199245e+01
    endloop
  endfacet
  facet normal -1.702096e-01 3.688262e-02 9.847174e-01
    outer loop
      vertex   1.723374e+01 -9.853289e+01 2.199245e+01
      vertex   2.283384e+01 -9.780705e+01 2.293324e+01
      vertex   1.690897e+01 -9.832368e+01 2.192847e+01
    endloop
  endfacet
  facet normal -1.702096e-01 3.688262e-02 9.847174e-01
    outer loop
      vertex   1.690897e+01 -9.832368e+01 2.192847e+01
      vertex   2.283384e+01 -9.780705e+01 2.293324e+01
      vertex   1.654134e+01 -9.820719e+01 2.186056e+01
    endloop
  endfacet
  facet normal -1.702096e-01 3.688262e-02 9.847174e-01
    outer loop
      vertex   1.654134e+01 -9.820719e+01 2.186056e+01
      vertex   2.283384e+01 -9.780705e+01 2.293324e+01
      vertex   1.615590e+01 -9.819136e+01 2.179335e+01
    endloop
  endfacet
  facet normal -1.702096e-01 3.688262e-02 9.847174e-01
    outer loop
      vertex   1.615590e+01 -9.819136e+01 2.179335e+01
      vertex   2.283384e+01 -9.780705e+01 2.293324e+01
      vertex   1.884474e+00 -9.412915e+01 1.917436e+01
    endloop
  endfacet
  facet normal -1.702096e-01 3.688262e-02 9.847174e-01
    outer loop
      vertex   1.615590e+01 -9.819136e+01 2.179335e+01
      vertex   1.884474e+00 -9.412915e+01 1.917436e+01
      vertex   1.577892e+01 -9.827726e+01 2.173140e+01
    endloop
  endfacet
  facet normal -1.702096e-01 3.688262e-02 9.847174e-01
    outer loop
      vertex   1.897034e+00 -1.219702e+02 2.021932e+01
      vertex   2.074107e+00 -1.223167e+02 2.026291e+01
      vertex   1.645209e+01 -1.197635e+02 2.265253e+01
    endloop
  endfacet
  facet normal -1.702096e-01 3.688262e-02 9.847174e-01
    outer loop
      vertex   1.645209e+01 -1.197635e+02 2.265253e+01
      vertex   2.074107e+00 -1.223167e+02 2.026291e+01
      vertex   2.156414e+00 -1.226985e+02 2.029143e+01
    endloop
  endfacet
  facet normal -1.702096e-01 3.688262e-02 9.847174e-01
    outer loop
      vertex   1.645209e+01 -1.197635e+02 2.265253e+01
      vertex   2.156414e+00 -1.226985e+02 2.029143e+01
      vertex   1.625622e+01 -1.208704e+02 2.266013e+01
    endloop
  endfacet
  facet normal -1.702096e-01 3.688262e-02 9.847174e-01
    outer loop
      vertex   1.625622e+01 -1.208704e+02 2.266013e+01
      vertex   2.156414e+00 -1.226985e+02 2.029143e+01
      vertex   1.622092e+01 -1.214428e+02 2.267547e+01
    endloop
  endfacet
  facet normal -1.702096e-01 3.688262e-02 9.847174e-01
    outer loop
      vertex   1.622092e+01 -1.214428e+02 2.267547e+01
      vertex   2.156414e+00 -1.226985e+02 2.029143e+01
      vertex   2.138345e+00 -1.230895e+02 2.030295e+01
    endloop
  endfacet
  facet normal -1.702096e-01 3.688262e-02 9.847174e-01
    outer loop
      vertex   1.622092e+01 -1.214428e+02 2.267547e+01
      vertex   2.138345e+00 -1.230895e+02 2.030295e+01
      vertex   1.629690e+01 -1.219737e+02 2.270849e+01
    endloop
  endfacet
  facet normal -1.702096e-01 3.688262e-02 9.847174e-01
    outer loop
      vertex   1.629690e+01 -1.219737e+02 2.270849e+01
      vertex   2.138345e+00 -1.230895e+02 2.030295e+01
      vertex   2.021133e+00 -1.234630e+02 2.029669e+01
    endloop
  endfacet
  facet normal -1.702096e-01 3.688262e-02 9.847174e-01
    outer loop
      vertex   1.629690e+01 -1.219737e+02 2.270849e+01
      vertex   2.021133e+00 -1.234630e+02 2.029669e+01
      vertex   1.812764e+00 -1.237937e+02 2.027306e+01
    endloop
  endfacet
  facet normal -1.702096e-01 3.688262e-02 9.847174e-01
    outer loop
      vertex   1.527440e+00 -1.240590e+02 2.023367e+01
      vertex   6.402109e+00 -1.517834e+02 2.211469e+01
      vertex   1.812764e+00 -1.237937e+02 2.027306e+01
    endloop
  endfacet
  facet normal -1.702096e-01 3.688262e-02 9.847174e-01
    outer loop
      vertex   1.812764e+00 -1.237937e+02 2.027306e+01
      vertex   6.402109e+00 -1.517834e+02 2.211469e+01
      vertex   1.782979e+01 -1.374109e+02 2.355165e+01
    endloop
  endfacet
  facet normal -1.702096e-01 3.688262e-02 9.847174e-01
    outer loop
      vertex   1.812764e+00 -1.237937e+02 2.027306e+01
      vertex   1.782979e+01 -1.374109e+02 2.355165e+01
      vertex   1.629690e+01 -1.219737e+02 2.270849e+01
    endloop
  endfacet
  facet normal -1.702096e-01 3.688262e-02 9.847174e-01
    outer loop
      vertex   1.629690e+01 -1.219737e+02 2.270849e+01
      vertex   1.782979e+01 -1.374109e+02 2.355165e+01
      vertex   2.005896e+01 -1.335773e+02 2.379338e+01
    endloop
  endfacet
  facet normal -1.702096e-01 3.688262e-02 9.847174e-01
    outer loop
      vertex   2.005896e+01 -1.335773e+02 2.379338e+01
      vertex   1.782979e+01 -1.374109e+02 2.355165e+01
      vertex   1.998930e+01 -1.346740e+02 2.382241e+01
    endloop
  endfacet
  facet normal -1.702096e-01 3.688262e-02 9.847174e-01
    outer loop
      vertex   2.005896e+01 -1.335773e+02 2.379338e+01
      vertex   1.998930e+01 -1.346740e+02 2.382241e+01
      vertex   2.007124e+01 -1.342109e+02 2.381923e+01
    endloop
  endfacet
  facet normal -1.702096e-01 3.688262e-02 9.847174e-01
    outer loop
      vertex   6.402109e+00 -1.517834e+02 2.211469e+01
      vertex   1.527440e+00 -1.240590e+02 2.023367e+01
      vertex   4.560200e+00 -1.522102e+02 2.181229e+01
    endloop
  endfacet
  facet normal -1.702096e-01 3.688262e-02 9.847174e-01
    outer loop
      vertex   4.560200e+00 -1.522102e+02 2.181229e+01
      vertex   1.527440e+00 -1.240590e+02 2.023367e+01
      vertex   1.184603e+00 -1.242408e+02 2.018122e+01
    endloop
  endfacet
  facet normal -1.702096e-01 3.688262e-02 9.847174e-01
    outer loop
      vertex   4.560200e+00 -1.522102e+02 2.181229e+01
      vertex   1.184603e+00 -1.242408e+02 2.018122e+01
      vertex   8.076192e-01 -1.243267e+02 2.011928e+01
    endloop
  endfacet
  facet normal -1.702096e-01 3.688262e-02 9.847174e-01
    outer loop
      vertex   8.076192e-01 -1.243267e+02 2.011928e+01
      vertex   4.221778e-01 -1.243109e+02 2.005206e+01
      vertex   4.560200e+00 -1.522102e+02 2.181229e+01
    endloop
  endfacet
  facet normal -1.702096e-01 3.688262e-02 9.847174e-01
    outer loop
      vertex   4.560200e+00 -1.522102e+02 2.181229e+01
      vertex   4.221778e-01 -1.243109e+02 2.005206e+01
      vertex   5.454655e-02 -1.241944e+02 1.998415e+01
    endloop
  endfacet
  facet normal -1.702096e-01 3.688262e-02 9.847174e-01
    outer loop
      vertex   4.560200e+00 -1.522102e+02 2.181229e+01
      vertex   5.454655e-02 -1.241944e+02 1.998415e+01
      vertex   -2.702212e-01 -1.239852e+02 1.992018e+01
    endloop
  endfacet
  facet normal -1.702096e-01 3.688262e-02 9.847174e-01
    outer loop
      vertex   -2.702212e-01 -1.239852e+02 1.992018e+01
      vertex   -5.299930e-01 -1.236975e+02 1.986450e+01
      vertex   4.560200e+00 -1.522102e+02 2.181229e+01
    endloop
  endfacet
  facet normal -1.702096e-01 3.688262e-02 9.847174e-01
    outer loop
      vertex   4.560200e+00 -1.522102e+02 2.181229e+01
      vertex   -5.299930e-01 -1.236975e+02 1.986450e+01
      vertex   -3.618088e+01 -1.320936e+02 1.401668e+01
    endloop
  endfacet
  facet normal -1.702096e-01 3.688262e-02 9.847174e-01
    outer loop
      vertex   -3.618088e+01 -1.320936e+02 1.401668e+01
      vertex   -5.299930e-01 -1.236975e+02 1.986450e+01
      vertex   -7.070659e-01 -1.233510e+02 1.982092e+01
    endloop
  endfacet
  facet normal -1.702096e-01 3.688262e-02 9.847174e-01
    outer loop
      vertex   -3.618088e+01 -1.320936e+02 1.401668e+01
      vertex   -7.070659e-01 -1.233510e+02 1.982092e+01
      vertex   -7.893727e-01 -1.229692e+02 1.979239e+01
    endloop
  endfacet
  facet normal -1.702096e-01 3.688262e-02 9.847174e-01
    outer loop
      vertex   -7.893727e-01 -1.229692e+02 1.979239e+01
      vertex   -7.713042e-01 -1.225782e+02 1.978087e+01
      vertex   -3.618088e+01 -1.320936e+02 1.401668e+01
    endloop
  endfacet
  facet normal -1.702096e-01 3.688262e-02 9.847174e-01
    outer loop
      vertex   -3.618088e+01 -1.320936e+02 1.401668e+01
      vertex   -7.713042e-01 -1.225782e+02 1.978087e+01
      vertex   -2.133313e+01 -9.678290e+01 1.526057e+01
    endloop
  endfacet
  facet normal -1.702096e-01 3.688262e-02 9.847174e-01
    outer loop
      vertex   -3.618088e+01 -1.320936e+02 1.401668e+01
      vertex   -2.133313e+01 -9.678290e+01 1.526057e+01
      vertex   -2.171012e+01 -9.686880e+01 1.519862e+01
    endloop
  endfacet
  facet normal -1.702096e-01 3.688262e-02 9.847174e-01
    outer loop
      vertex   -5.002391e+01 -1.296755e+02 1.153333e+01
      vertex   -5.002147e+01 -1.296618e+02 1.153323e+01
      vertex   -5.297803e+01 -1.291528e+02 1.100313e+01
    endloop
  endfacet
  facet normal -1.702096e-01 3.688262e-02 9.847174e-01
    outer loop
      vertex   -5.297803e+01 -1.291528e+02 1.100313e+01
      vertex   -5.002147e+01 -1.296618e+02 1.153323e+01
      vertex   -5.297621e+01 -1.291426e+02 1.100306e+01
    endloop
  endfacet
  facet normal -1.702096e-01 3.688262e-02 9.847174e-01
    outer loop
      vertex   -5.297621e+01 -1.291426e+02 1.100306e+01
      vertex   -5.002147e+01 -1.296618e+02 1.153323e+01
      vertex   -4.610073e+01 -9.024745e+01 1.073467e+01
    endloop
  endfacet
  facet normal -1.702096e-01 3.688262e-02 9.847174e-01
    outer loop
      vertex   -5.297621e+01 -1.291426e+02 1.100306e+01
      vertex   -4.610073e+01 -9.024745e+01 1.073467e+01
      vertex   -5.297659e+01 -1.291425e+02 1.100299e+01
    endloop
  endfacet
  facet normal -1.702096e-01 3.688262e-02 9.847174e-01
    outer loop
      vertex   -4.610073e+01 -9.024745e+01 1.073467e+01
      vertex   -5.002147e+01 -1.296618e+02 1.153323e+01
      vertex   -4.166862e+01 -9.102619e+01 1.152994e+01
    endloop
  endfacet
  facet normal -1.702096e-01 3.688262e-02 9.847174e-01
    outer loop
      vertex   -4.166862e+01 -9.102619e+01 1.152994e+01
      vertex   -5.002147e+01 -1.296618e+02 1.153323e+01
      vertex   -3.618088e+01 -1.320936e+02 1.401668e+01
    endloop
  endfacet
  facet normal -1.702096e-01 3.688262e-02 9.847174e-01
    outer loop
      vertex   -4.166862e+01 -9.102619e+01 1.152994e+01
      vertex   -3.618088e+01 -1.320936e+02 1.401668e+01
      vertex   -2.322480e+01 -9.589308e+01 1.490026e+01
    endloop
  endfacet
  facet normal -1.702096e-01 3.688262e-02 9.847174e-01
    outer loop
      vertex   -2.322480e+01 -9.589308e+01 1.490026e+01
      vertex   -3.618088e+01 -1.320936e+02 1.401668e+01
      vertex   -2.304773e+01 -9.623961e+01 1.494385e+01
    endloop
  endfacet
  facet normal -1.702096e-01 3.688262e-02 9.847174e-01
    outer loop
      vertex   -2.304773e+01 -9.623961e+01 1.494385e+01
      vertex   -3.618088e+01 -1.320936e+02 1.401668e+01
      vertex   -2.278796e+01 -9.652728e+01 1.499953e+01
    endloop
  endfacet
  facet normal -1.702096e-01 3.688262e-02 9.847174e-01
    outer loop
      vertex   -2.278796e+01 -9.652728e+01 1.499953e+01
      vertex   -3.618088e+01 -1.320936e+02 1.401668e+01
      vertex   -2.246319e+01 -9.673648e+01 1.506350e+01
    endloop
  endfacet
  facet normal -1.702096e-01 3.688262e-02 9.847174e-01
    outer loop
      vertex   -2.246319e+01 -9.673648e+01 1.506350e+01
      vertex   -3.618088e+01 -1.320936e+02 1.401668e+01
      vertex   -2.209556e+01 -9.685297e+01 1.513141e+01
    endloop
  endfacet
  facet normal -1.702096e-01 3.688262e-02 9.847174e-01
    outer loop
      vertex   -2.209556e+01 -9.685297e+01 1.513141e+01
      vertex   -3.618088e+01 -1.320936e+02 1.401668e+01
      vertex   -2.171012e+01 -9.686880e+01 1.519862e+01
    endloop
  endfacet
  facet normal -1.702096e-01 3.688262e-02 9.847174e-01
    outer loop
      vertex   4.560200e+00 -1.522102e+02 2.181229e+01
      vertex   5.261532e+00 -1.522041e+02 2.193329e+01
      vertex   6.402109e+00 -1.517834e+02 2.211469e+01
    endloop
  endfacet
  facet normal -1.702096e-01 3.688262e-02 9.847174e-01
    outer loop
      vertex   6.402109e+00 -1.517834e+02 2.211469e+01
      vertex   5.261532e+00 -1.522041e+02 2.193329e+01
      vertex   5.854282e+00 -1.521131e+02 2.203234e+01
    endloop
  endfacet
  facet normal -1.702096e-01 3.688262e-02 9.847174e-01
    outer loop
      vertex   6.402109e+00 -1.517834e+02 2.211469e+01
      vertex   1.782979e+01 -1.379567e+02 2.357209e+01
      vertex   1.782979e+01 -1.374109e+02 2.355165e+01
    endloop
  endfacet
  facet normal -1.702096e-01 3.688262e-02 9.847174e-01
    outer loop
      vertex   1.828089e+01 -1.374109e+02 2.362962e+01
      vertex   1.953596e+01 -1.358924e+02 2.378969e+01
      vertex   1.782979e+01 -1.374109e+02 2.355165e+01
    endloop
  endfacet
  facet normal -1.702096e-01 3.688262e-02 9.847174e-01
    outer loop
      vertex   1.782979e+01 -1.374109e+02 2.355165e+01
      vertex   1.953596e+01 -1.358924e+02 2.378969e+01
      vertex   1.998930e+01 -1.346740e+02 2.382241e+01
    endloop
  endfacet
  facet normal -1.702096e-01 3.688262e-02 9.847174e-01
    outer loop
      vertex   1.953596e+01 -1.358924e+02 2.378969e+01
      vertex   1.981770e+01 -1.353270e+02 2.381721e+01
      vertex   1.998930e+01 -1.346740e+02 2.382241e+01
    endloop
  endfacet
  facet normal -1.702096e-01 3.688262e-02 9.847174e-01
    outer loop
      vertex   1.988989e+01 -1.003360e+02 2.251910e+01
      vertex   1.988993e+01 -1.003360e+02 2.251911e+01
      vertex   2.283384e+01 -9.780705e+01 2.293324e+01
    endloop
  endfacet
  facet normal -1.702096e-01 3.688262e-02 9.847174e-01
    outer loop
      vertex   2.283384e+01 -9.780705e+01 2.293324e+01
      vertex   1.988993e+01 -1.003360e+02 2.251911e+01
      vertex   2.231155e+01 -1.007612e+02 2.295361e+01
    endloop
  endfacet
  facet normal -1.702096e-01 3.688262e-02 9.847174e-01
    outer loop
      vertex   2.372335e+01 -7.867309e+01 2.237033e+01
      vertex   2.495129e+01 -7.173391e+01 2.232268e+01
      vertex   5.192269e+00 -7.541975e+01 1.904536e+01
    endloop
  endfacet
  facet normal -1.702096e-01 3.688262e-02 9.847174e-01
    outer loop
      vertex   5.192269e+00 -7.541975e+01 1.904536e+01
      vertex   2.495129e+01 -7.173391e+01 2.232268e+01
      vertex   2.053897e+01 -5.993678e+01 2.111814e+01
    endloop
  endfacet
  facet normal -1.702096e-01 3.688262e-02 9.847174e-01
    outer loop
      vertex   5.192269e+00 -7.541975e+01 1.904536e+01
      vertex   2.053897e+01 -5.993678e+01 2.111814e+01
      vertex   -5.075547e-01 -5.621283e+01 1.734074e+01
    endloop
  endfacet
  facet normal -1.702096e-01 3.688262e-02 9.847174e-01
    outer loop
      vertex   2.495129e+01 -7.173391e+01 2.232268e+01
      vertex   2.495140e+01 -7.173393e+01 2.232270e+01
      vertex   2.053897e+01 -5.993678e+01 2.111814e+01
    endloop
  endfacet
  facet normal -1.702096e-01 3.688262e-02 9.847174e-01
    outer loop
      vertex   2.053897e+01 -5.993678e+01 2.111814e+01
      vertex   2.495140e+01 -7.173393e+01 2.232270e+01
      vertex   2.843597e+01 -5.204029e+01 2.218738e+01
    endloop
  endfacet
  facet normal -1.702096e-01 3.688262e-02 9.847174e-01
    outer loop
      vertex   2.053897e+01 -5.993678e+01 2.111814e+01
      vertex   2.843597e+01 -5.204029e+01 2.218738e+01
      vertex   2.054800e+01 -5.988578e+01 2.111779e+01
    endloop
  endfacet
  facet normal -1.702096e-01 3.688262e-02 9.847174e-01
    outer loop
      vertex   2.054800e+01 -5.988578e+01 2.111779e+01
      vertex   2.843597e+01 -5.204029e+01 2.218738e+01
      vertex   2.706590e+01 -4.391705e+01 2.164631e+01
    endloop
  endfacet
  facet normal -1.702096e-01 3.688262e-02 9.847174e-01
    outer loop
      vertex   2.054800e+01 -5.988578e+01 2.111779e+01
      vertex   2.706590e+01 -4.391705e+01 2.164631e+01
      vertex   2.304343e+01 -4.311998e+01 2.092117e+01
    endloop
  endfacet
  facet normal -1.702096e-01 3.688262e-02 9.847174e-01
    outer loop
      vertex   2.304343e+01 -4.311998e+01 2.092117e+01
      vertex   2.706590e+01 -4.391705e+01 2.164631e+01
      vertex   2.739783e+01 -4.238523e+01 2.164631e+01
    endloop
  endfacet
  facet normal -1.702096e-01 3.688262e-02 9.847174e-01
    outer loop
      vertex   2.304343e+01 -4.311998e+01 2.092117e+01
      vertex   2.739783e+01 -4.238523e+01 2.164631e+01
      vertex   1.176220e+01 -3.899715e+01 1.881677e+01
    endloop
  endfacet
  facet normal -1.702096e-01 3.688262e-02 9.847174e-01
    outer loop
      vertex   2.843622e+01 -5.204033e+01 2.218743e+01
      vertex   2.948480e+01 -4.611473e+01 2.214673e+01
      vertex   2.843597e+01 -5.204029e+01 2.218738e+01
    endloop
  endfacet
  facet normal -1.702096e-01 3.688262e-02 9.847174e-01
    outer loop
      vertex   2.843597e+01 -5.204029e+01 2.218738e+01
      vertex   2.948480e+01 -4.611473e+01 2.214673e+01
      vertex   2.848297e+01 -4.431837e+01 2.190628e+01
    endloop
  endfacet
  facet normal -1.702096e-01 3.688262e-02 9.847174e-01
    outer loop
      vertex   2.843597e+01 -5.204029e+01 2.218738e+01
      vertex   2.848297e+01 -4.431837e+01 2.190628e+01
      vertex   2.706590e+01 -4.391705e+01 2.164631e+01
    endloop
  endfacet
  facet normal -1.702096e-01 3.688262e-02 9.847174e-01
    outer loop
      vertex   2.950829e+01 -4.580693e+01 2.213926e+01
      vertex   2.946881e+01 -4.548393e+01 2.212034e+01
      vertex   2.948480e+01 -4.611473e+01 2.214673e+01
    endloop
  endfacet
  facet normal -1.702096e-01 3.688262e-02 9.847174e-01
    outer loop
      vertex   2.948480e+01 -4.611473e+01 2.214673e+01
      vertex   2.946881e+01 -4.548393e+01 2.212034e+01
      vertex   2.936971e+01 -4.518081e+01 2.209186e+01
    endloop
  endfacet
  facet normal -1.702096e-01 3.688262e-02 9.847174e-01
    outer loop
      vertex   2.948480e+01 -4.611473e+01 2.214673e+01
      vertex   2.936971e+01 -4.518081e+01 2.209186e+01
      vertex   2.921652e+01 -4.490544e+01 2.205507e+01
    endloop
  endfacet
  facet normal -1.702096e-01 3.688262e-02 9.847174e-01
    outer loop
      vertex   2.921652e+01 -4.490544e+01 2.205507e+01
      vertex   2.901436e+01 -4.466493e+01 2.201111e+01
      vertex   2.948480e+01 -4.611473e+01 2.214673e+01
    endloop
  endfacet
  facet normal -1.702096e-01 3.688262e-02 9.847174e-01
    outer loop
      vertex   2.948480e+01 -4.611473e+01 2.214673e+01
      vertex   2.901436e+01 -4.466493e+01 2.201111e+01
      vertex   2.876806e+01 -4.446658e+01 2.196111e+01
    endloop
  endfacet
  facet normal -1.702096e-01 3.688262e-02 9.847174e-01
    outer loop
      vertex   2.948480e+01 -4.611473e+01 2.214673e+01
      vertex   2.876806e+01 -4.446658e+01 2.196111e+01
      vertex   2.848297e+01 -4.431837e+01 2.190628e+01
    endloop
  endfacet
  facet normal -1.702096e-01 3.688262e-02 9.847174e-01
    outer loop
      vertex   1.176220e+01 -3.899715e+01 1.881677e+01
      vertex   1.141524e+01 -4.059833e+01 1.881677e+01
      vertex   2.304343e+01 -4.311998e+01 2.092117e+01
    endloop
  endfacet
  facet normal -1.702096e-01 3.688262e-02 9.847174e-01
    outer loop
      vertex   2.304343e+01 -4.311998e+01 2.092117e+01
      vertex   2.009112e+01 -5.980550e+01 2.103581e+01
      vertex   2.054800e+01 -5.988578e+01 2.111779e+01
    endloop
  endfacet
  facet normal -1.702096e-01 3.688262e-02 9.847174e-01
    outer loop
      vertex   -5.066260e-01 -5.620758e+01 1.734071e+01
      vertex   -1.383946e+01 -5.752203e+01 1.508534e+01
      vertex   -5.075547e-01 -5.621283e+01 1.734074e+01
    endloop
  endfacet
  facet normal -1.702096e-01 3.688262e-02 9.847174e-01
    outer loop
      vertex   -5.075547e-01 -5.621283e+01 1.734074e+01
      vertex   -1.383946e+01 -5.752203e+01 1.508534e+01
      vertex   -1.385753e+01 -5.791302e+01 1.509686e+01
    endloop
  endfacet
  facet normal -1.702096e-01 3.688262e-02 9.847174e-01
    outer loop
      vertex   -5.075547e-01 -5.621283e+01 1.734074e+01
      vertex   -1.385753e+01 -5.791302e+01 1.509686e+01
      vertex   -1.397474e+01 -5.828659e+01 1.509060e+01
    endloop
  endfacet
  facet normal -1.702096e-01 3.688262e-02 9.847174e-01
    outer loop
      vertex   -3.444533e+01 -5.020251e+01 1.124944e+01
      vertex   -1.505101e+01 -5.618038e+01 1.482567e+01
      vertex   -5.066260e-01 -5.620758e+01 1.734071e+01
    endloop
  endfacet
  facet normal -1.702096e-01 3.688262e-02 9.847174e-01
    outer loop
      vertex   -5.066260e-01 -5.620758e+01 1.734071e+01
      vertex   -1.505101e+01 -5.618038e+01 1.482567e+01
      vertex   -1.468338e+01 -5.629687e+01 1.489358e+01
    endloop
  endfacet
  facet normal -1.702096e-01 3.688262e-02 9.847174e-01
    outer loop
      vertex   -5.066260e-01 -5.620758e+01 1.734071e+01
      vertex   -1.468338e+01 -5.629687e+01 1.489358e+01
      vertex   -1.435861e+01 -5.650607e+01 1.495755e+01
    endloop
  endfacet
  facet normal -1.702096e-01 3.688262e-02 9.847174e-01
    outer loop
      vertex   -4.166862e+01 -9.102619e+01 1.152994e+01
      vertex   -1.670294e+01 -5.817454e+01 1.461483e+01
      vertex   -3.444533e+01 -5.020251e+01 1.124944e+01
    endloop
  endfacet
  facet normal -1.702096e-01 3.688262e-02 9.847174e-01
    outer loop
      vertex   -3.444533e+01 -5.020251e+01 1.124944e+01
      vertex   -1.670294e+01 -5.817454e+01 1.461483e+01
      vertex   -1.678524e+01 -5.779277e+01 1.458630e+01
    endloop
  endfacet
  facet normal -1.702096e-01 3.688262e-02 9.847174e-01
    outer loop
      vertex   -3.444533e+01 -5.020251e+01 1.124944e+01
      vertex   -1.678524e+01 -5.779277e+01 1.458630e+01
      vertex   -1.676717e+01 -5.740178e+01 1.457478e+01
    endloop
  endfacet
  facet normal -1.702096e-01 3.688262e-02 9.847174e-01
    outer loop
      vertex   -1.676717e+01 -5.740178e+01 1.457478e+01
      vertex   -1.664996e+01 -5.702821e+01 1.458105e+01
      vertex   -3.444533e+01 -5.020251e+01 1.124944e+01
    endloop
  endfacet
  facet normal -1.702096e-01 3.688262e-02 9.847174e-01
    outer loop
      vertex   -3.444533e+01 -5.020251e+01 1.124944e+01
      vertex   -1.664996e+01 -5.702821e+01 1.458105e+01
      vertex   -1.644159e+01 -5.669752e+01 1.460468e+01
    endloop
  endfacet
  facet normal -1.702096e-01 3.688262e-02 9.847174e-01
    outer loop
      vertex   -3.444533e+01 -5.020251e+01 1.124944e+01
      vertex   -1.644159e+01 -5.669752e+01 1.460468e+01
      vertex   -1.615627e+01 -5.643224e+01 1.464406e+01
    endloop
  endfacet
  facet normal -1.702096e-01 3.688262e-02 9.847174e-01
    outer loop
      vertex   -1.615627e+01 -5.643224e+01 1.464406e+01
      vertex   -1.581343e+01 -5.625045e+01 1.469651e+01
      vertex   -3.444533e+01 -5.020251e+01 1.124944e+01
    endloop
  endfacet
  facet normal -1.702096e-01 3.688262e-02 9.847174e-01
    outer loop
      vertex   -3.444533e+01 -5.020251e+01 1.124944e+01
      vertex   -1.581343e+01 -5.625045e+01 1.469651e+01
      vertex   -1.543645e+01 -5.616455e+01 1.475846e+01
    endloop
  endfacet
  facet normal -1.702096e-01 3.688262e-02 9.847174e-01
    outer loop
      vertex   -3.444533e+01 -5.020251e+01 1.124944e+01
      vertex   -1.543645e+01 -5.616455e+01 1.475846e+01
      vertex   -1.505101e+01 -5.618038e+01 1.482567e+01
    endloop
  endfacet
  facet normal -1.702096e-01 3.688262e-02 9.847174e-01
    outer loop
      vertex   -1.435861e+01 -5.650607e+01 1.495755e+01
      vertex   -1.409884e+01 -5.679374e+01 1.501323e+01
      vertex   -5.066260e-01 -5.620758e+01 1.734071e+01
    endloop
  endfacet
  facet normal -1.702096e-01 3.688262e-02 9.847174e-01
    outer loop
      vertex   -5.066260e-01 -5.620758e+01 1.734071e+01
      vertex   -1.409884e+01 -5.679374e+01 1.501323e+01
      vertex   -1.392176e+01 -5.714026e+01 1.505682e+01
    endloop
  endfacet
  facet normal -1.702096e-01 3.688262e-02 9.847174e-01
    outer loop
      vertex   -5.066260e-01 -5.620758e+01 1.734071e+01
      vertex   -1.392176e+01 -5.714026e+01 1.505682e+01
      vertex   -1.383946e+01 -5.752203e+01 1.508534e+01
    endloop
  endfacet
  facet normal -1.702096e-01 3.688262e-02 9.847174e-01
    outer loop
      vertex   -1.397474e+01 -5.828659e+01 1.509060e+01
      vertex   -1.418311e+01 -5.861729e+01 1.506696e+01
      vertex   -5.075547e-01 -5.621283e+01 1.734074e+01
    endloop
  endfacet
  facet normal -1.702096e-01 3.688262e-02 9.847174e-01
    outer loop
      vertex   -5.075547e-01 -5.621283e+01 1.734074e+01
      vertex   -1.418311e+01 -5.861729e+01 1.506696e+01
      vertex   5.192269e+00 -7.541975e+01 1.904536e+01
    endloop
  endfacet
  facet normal -1.702096e-01 3.688262e-02 9.847174e-01
    outer loop
      vertex   -1.418311e+01 -5.861729e+01 1.506696e+01
      vertex   -1.446843e+01 -5.888257e+01 1.502758e+01
      vertex   5.192269e+00 -7.541975e+01 1.904536e+01
    endloop
  endfacet
  facet normal -1.702096e-01 3.688262e-02 9.847174e-01
    outer loop
      vertex   5.192269e+00 -7.541975e+01 1.904536e+01
      vertex   -1.446843e+01 -5.888257e+01 1.502758e+01
      vertex   -2.062070e+01 -9.451229e+01 1.529867e+01
    endloop
  endfacet
  facet normal -1.702096e-01 3.688262e-02 9.847174e-01
    outer loop
      vertex   5.192269e+00 -7.541975e+01 1.904536e+01
      vertex   -2.062070e+01 -9.451229e+01 1.529867e+01
      vertex   -2.044363e+01 -9.485881e+01 1.534225e+01
    endloop
  endfacet
  facet normal -1.702096e-01 3.688262e-02 9.847174e-01
    outer loop
      vertex   -2.062070e+01 -9.451229e+01 1.529867e+01
      vertex   -1.446843e+01 -5.888257e+01 1.502758e+01
      vertex   -2.088048e+01 -9.422462e+01 1.524299e+01
    endloop
  endfacet
  facet normal -1.702096e-01 3.688262e-02 9.847174e-01
    outer loop
      vertex   -2.088048e+01 -9.422462e+01 1.524299e+01
      vertex   -1.446843e+01 -5.888257e+01 1.502758e+01
      vertex   -1.481127e+01 -5.906435e+01 1.497513e+01
    endloop
  endfacet
  facet normal -1.702096e-01 3.688262e-02 9.847174e-01
    outer loop
      vertex   -2.088048e+01 -9.422462e+01 1.524299e+01
      vertex   -1.481127e+01 -5.906435e+01 1.497513e+01
      vertex   -2.120524e+01 -9.401541e+01 1.517902e+01
    endloop
  endfacet
  facet normal -1.702096e-01 3.688262e-02 9.847174e-01
    outer loop
      vertex   -2.120524e+01 -9.401541e+01 1.517902e+01
      vertex   -1.481127e+01 -5.906435e+01 1.497513e+01
      vertex   -1.518825e+01 -5.915026e+01 1.491319e+01
    endloop
  endfacet
  facet normal -1.702096e-01 3.688262e-02 9.847174e-01
    outer loop
      vertex   -2.120524e+01 -9.401541e+01 1.517902e+01
      vertex   -1.518825e+01 -5.915026e+01 1.491319e+01
      vertex   -2.157287e+01 -9.389892e+01 1.511111e+01
    endloop
  endfacet
  facet normal -1.702096e-01 3.688262e-02 9.847174e-01
    outer loop
      vertex   -2.157287e+01 -9.389892e+01 1.511111e+01
      vertex   -1.518825e+01 -5.915026e+01 1.491319e+01
      vertex   -1.557369e+01 -5.913442e+01 1.484597e+01
    endloop
  endfacet
  facet normal -1.702096e-01 3.688262e-02 9.847174e-01
    outer loop
      vertex   -2.157287e+01 -9.389892e+01 1.511111e+01
      vertex   -1.557369e+01 -5.913442e+01 1.484597e+01
      vertex   -2.195832e+01 -9.388309e+01 1.504389e+01
    endloop
  endfacet
  facet normal -1.702096e-01 3.688262e-02 9.847174e-01
    outer loop
      vertex   -2.195832e+01 -9.388309e+01 1.504389e+01
      vertex   -1.557369e+01 -5.913442e+01 1.484597e+01
      vertex   -1.594132e+01 -5.901794e+01 1.477806e+01
    endloop
  endfacet
  facet normal -1.702096e-01 3.688262e-02 9.847174e-01
    outer loop
      vertex   -2.195832e+01 -9.388309e+01 1.504389e+01
      vertex   -1.594132e+01 -5.901794e+01 1.477806e+01
      vertex   -2.233530e+01 -9.396900e+01 1.498195e+01
    endloop
  endfacet
  facet normal -1.702096e-01 3.688262e-02 9.847174e-01
    outer loop
      vertex   -2.233530e+01 -9.396900e+01 1.498195e+01
      vertex   -1.594132e+01 -5.901794e+01 1.477806e+01
      vertex   -1.626609e+01 -5.880873e+01 1.471409e+01
    endloop
  endfacet
  facet normal -1.702096e-01 3.688262e-02 9.847174e-01
    outer loop
      vertex   -2.233530e+01 -9.396900e+01 1.498195e+01
      vertex   -1.626609e+01 -5.880873e+01 1.471409e+01
      vertex   -2.267814e+01 -9.415078e+01 1.492950e+01
    endloop
  endfacet
  facet normal -1.702096e-01 3.688262e-02 9.847174e-01
    outer loop
      vertex   -2.267814e+01 -9.415078e+01 1.492950e+01
      vertex   -1.626609e+01 -5.880873e+01 1.471409e+01
      vertex   -1.652586e+01 -5.852106e+01 1.465841e+01
    endloop
  endfacet
  facet normal -1.702096e-01 3.688262e-02 9.847174e-01
    outer loop
      vertex   -2.267814e+01 -9.415078e+01 1.492950e+01
      vertex   -1.652586e+01 -5.852106e+01 1.465841e+01
      vertex   -4.166862e+01 -9.102619e+01 1.152994e+01
    endloop
  endfacet
  facet normal -1.702096e-01 3.688262e-02 9.847174e-01
    outer loop
      vertex   -4.166862e+01 -9.102619e+01 1.152994e+01
      vertex   -1.652586e+01 -5.852106e+01 1.465841e+01
      vertex   -1.670294e+01 -5.817454e+01 1.461483e+01
    endloop
  endfacet
  facet normal -1.702096e-01 3.688262e-02 9.847174e-01
    outer loop
      vertex   -2.330711e+01 -9.551132e+01 1.487174e+01
      vertex   -2.328904e+01 -9.512033e+01 1.486022e+01
      vertex   -4.166862e+01 -9.102619e+01 1.152994e+01
    endloop
  endfacet
  facet normal -1.702096e-01 3.688262e-02 9.847174e-01
    outer loop
      vertex   -4.166862e+01 -9.102619e+01 1.152994e+01
      vertex   -2.328904e+01 -9.512033e+01 1.486022e+01
      vertex   -2.317183e+01 -9.474675e+01 1.486648e+01
    endloop
  endfacet
  facet normal -1.702096e-01 3.688262e-02 9.847174e-01
    outer loop
      vertex   -4.166862e+01 -9.102619e+01 1.152994e+01
      vertex   -2.317183e+01 -9.474675e+01 1.486648e+01
      vertex   -2.296346e+01 -9.441606e+01 1.489011e+01
    endloop
  endfacet
  facet normal -1.702096e-01 3.688262e-02 9.847174e-01
    outer loop
      vertex   -2.296346e+01 -9.441606e+01 1.489011e+01
      vertex   -2.267814e+01 -9.415078e+01 1.492950e+01
      vertex   -4.166862e+01 -9.102619e+01 1.152994e+01
    endloop
  endfacet
  facet normal -1.702096e-01 3.688262e-02 9.847174e-01
    outer loop
      vertex   -2.322480e+01 -9.589308e+01 1.490026e+01
      vertex   -2.330711e+01 -9.551132e+01 1.487174e+01
      vertex   -4.166862e+01 -9.102619e+01 1.152994e+01
    endloop
  endfacet
  facet normal -1.713742e-01 3.032274e-02 9.847393e-01
    outer loop
      vertex   -3.444533e+01 -5.020251e+01 1.124944e+01
      vertex   -5.066260e-01 -5.620758e+01 1.734071e+01
      vertex   -3.409779e+01 -4.823835e+01 1.124944e+01
    endloop
  endfacet
  facet normal -1.713742e-01 3.032274e-02 9.847393e-01
    outer loop
      vertex   -3.409779e+01 -4.823835e+01 1.124944e+01
      vertex   -5.066260e-01 -5.620758e+01 1.734071e+01
      vertex   -1.590899e-01 -5.424342e+01 1.734071e+01
    endloop
  endfacet
  facet normal 1.742324e-01 9.847046e-01 -0.000000e+00
    outer loop
      vertex   -3.409779e+01 -4.823835e+01 9.554088e+00
      vertex   -3.409779e+01 -4.823835e+01 1.124944e+01
      vertex   -1.590899e-01 -5.424342e+01 1.564535e+01
    endloop
  endfacet
  facet normal 1.742324e-01 9.847046e-01 4.315282e-15
    outer loop
      vertex   -1.590899e-01 -5.424342e+01 1.564535e+01
      vertex   -3.409779e+01 -4.823835e+01 1.124944e+01
      vertex   -1.590899e-01 -5.424342e+01 1.734071e+01
    endloop
  endfacet
  facet normal 2.443808e-01 6.748499e-01 -6.963158e-01
    outer loop
      vertex   -3.409779e+01 -4.823835e+01 9.554088e+00
      vertex   -1.590899e-01 -5.424342e+01 1.564535e+01
      vertex   -3.442883e+01 -5.010929e+01 7.624644e+00
    endloop
  endfacet
  facet normal 2.443808e-01 6.748499e-01 -6.963158e-01
    outer loop
      vertex   -3.442883e+01 -5.010929e+01 7.624644e+00
      vertex   -1.590899e-01 -5.424342e+01 1.564535e+01
      vertex   -4.901314e-01 -5.611436e+01 1.371591e+01
    endloop
  endfacet
  facet normal 1.713742e-01 -3.032274e-02 -9.847393e-01
    outer loop
      vertex   -3.442883e+01 -5.010929e+01 7.624644e+00
      vertex   -4.901314e-01 -5.611436e+01 1.371591e+01
      vertex   -3.444626e+01 -5.020776e+01 7.624644e+00
    endloop
  endfacet
  facet normal 1.713742e-01 -3.032274e-02 -9.847393e-01
    outer loop
      vertex   -3.444626e+01 -5.020776e+01 7.624644e+00
      vertex   -4.901314e-01 -5.611436e+01 1.371591e+01
      vertex   -5.075547e-01 -5.621283e+01 1.371591e+01
    endloop
  endfacet
  facet normal 1.742324e-01 9.847046e-01 1.235992e-14
    outer loop
      vertex   -3.442513e+01 -5.021150e+01 -5.449106e+00
      vertex   -3.444626e+01 -5.020776e+01 -5.449170e+00
      vertex   -3.442785e+01 -5.021102e+01 -4.527342e+00
    endloop
  endfacet
  facet normal 1.742324e-01 9.847046e-01 4.670225e-15
    outer loop
      vertex   -3.442785e+01 -5.021102e+01 -4.527342e+00
      vertex   -3.444626e+01 -5.020776e+01 -5.449170e+00
      vertex   -3.444626e+01 -5.020776e+01 -3.951050e+00
    endloop
  endfacet
  facet normal 1.742324e-01 9.847046e-01 -2.321637e-14
    outer loop
      vertex   -3.442785e+01 -5.021102e+01 -4.527342e+00
      vertex   -3.444626e+01 -5.020776e+01 -3.951050e+00
      vertex   7.677321e+00 -5.766105e+01 3.029629e+00
    endloop
  endfacet
  facet normal 1.742324e-01 9.847046e-01 -2.410644e-15
    outer loop
      vertex   7.677321e+00 -5.766105e+01 3.029629e+00
      vertex   -3.444626e+01 -5.020776e+01 -3.951050e+00
      vertex   -3.444626e+01 -5.020776e+01 7.624644e+00
    endloop
  endfacet
  facet normal 1.742324e-01 9.847046e-01 1.831721e-15
    outer loop
      vertex   7.677321e+00 -5.766105e+01 3.029629e+00
      vertex   -3.444626e+01 -5.020776e+01 7.624644e+00
      vertex   -5.075547e-01 -5.621283e+01 1.371591e+01
    endloop
  endfacet
  facet normal 1.742324e-01 9.847046e-01 8.519622e-16
    outer loop
      vertex   7.677321e+00 -5.766105e+01 3.029629e+00
      vertex   -5.075547e-01 -5.621283e+01 1.371591e+01
      vertex   1.486461e+01 -5.893276e+01 1.346248e+01
    endloop
  endfacet
  facet normal 1.742324e-01 9.847046e-01 -3.390291e-15
    outer loop
      vertex   1.486461e+01 -5.893276e+01 1.346248e+01
      vertex   -5.075547e-01 -5.621283e+01 1.371591e+01
      vertex   -5.075547e-01 -5.621283e+01 1.734074e+01
    endloop
  endfacet
  facet normal 1.742324e-01 9.847046e-01 1.915844e-15
    outer loop
      vertex   1.486461e+01 -5.893276e+01 1.346248e+01
      vertex   -5.075547e-01 -5.621283e+01 1.734074e+01
      vertex   2.053897e+01 -5.993678e+01 2.111814e+01
    endloop
  endfacet
  facet normal 1.742324e-01 9.847046e-01 -5.231230e-15
    outer loop
      vertex   1.486461e+01 -5.893276e+01 1.346248e+01
      vertex   2.053897e+01 -5.993678e+01 2.111814e+01
      vertex   1.548215e+01 -5.904203e+01 1.357011e+01
    endloop
  endfacet
  facet normal 1.742324e-01 9.847046e-01 1.847132e-15
    outer loop
      vertex   1.548215e+01 -5.904203e+01 1.357011e+01
      vertex   2.053897e+01 -5.993678e+01 2.111814e+01
      vertex   2.187123e+01 -6.017251e+01 1.346248e+01
    endloop
  endfacet
  facet normal 1.742324e-01 9.847046e-01 -1.300226e-13
    outer loop
      vertex   1.548215e+01 -5.904203e+01 1.357011e+01
      vertex   2.187123e+01 -6.017251e+01 1.346248e+01
      vertex   1.548215e+01 -5.904203e+01 1.346248e+01
    endloop
  endfacet
  facet normal 1.742324e-01 9.847046e-01 1.944329e-12
    outer loop
      vertex   1.548215e+01 -5.904203e+01 1.357011e+01
      vertex   1.488251e+01 -5.893593e+01 1.346248e+01
      vertex   1.486461e+01 -5.893276e+01 1.346248e+01
    endloop
  endfacet
  facet normal 6.034103e-03 5.127023e-02 9.986666e-01
    outer loop
      vertex   -3.442513e+01 -5.021150e+01 -5.449106e+00
      vertex   -3.188000e+01 -3.582725e+01 -6.202952e+00
      vertex   -3.444626e+01 -5.020776e+01 -5.449170e+00
    endloop
  endfacet
  facet normal 6.034103e-03 5.127023e-02 9.986666e-01
    outer loop
      vertex   -3.444626e+01 -5.020776e+01 -5.449170e+00
      vertex   -3.188000e+01 -3.582725e+01 -6.202952e+00
      vertex   -3.190113e+01 -3.582352e+01 -6.203016e+00
    endloop
  endfacet
  facet normal -1.740008e-01 -9.833959e-01 5.153760e-02
    outer loop
      vertex   -3.188698e+01 -3.574358e+01 -4.630029e+00
      vertex   -3.190113e+01 -3.582352e+01 -6.203016e+00
      vertex   -3.187048e+01 -3.574635e+01 -4.627073e+00
    endloop
  endfacet
  facet normal -1.740008e-01 -9.833959e-01 5.153760e-02
    outer loop
      vertex   -3.187048e+01 -3.574635e+01 -4.627073e+00
      vertex   -3.190113e+01 -3.582352e+01 -6.203016e+00
      vertex   -3.188000e+01 -3.582725e+01 -6.202952e+00
    endloop
  endfacet
  facet normal -1.702096e-01 3.688262e-02 9.847174e-01
    outer loop
      vertex   -3.442785e+01 -5.021102e+01 -4.527342e+00
      vertex   1.027579e+01 -4.297537e+01 2.928724e+00
      vertex   -3.187048e+01 -3.574635e+01 -4.627073e+00
    endloop
  endfacet
  facet normal -1.702096e-01 3.688262e-02 9.847174e-01
    outer loop
      vertex   -3.187048e+01 -3.574635e+01 -4.627073e+00
      vertex   1.027579e+01 -4.297537e+01 2.928724e+00
      vertex   -3.184779e+01 -3.552208e+01 -4.631551e+00
    endloop
  endfacet
  facet normal -1.702096e-01 3.688262e-02 9.847174e-01
    outer loop
      vertex   -3.187048e+01 -3.574635e+01 -4.627073e+00
      vertex   -3.184779e+01 -3.552208e+01 -4.631551e+00
      vertex   -3.188698e+01 -3.574358e+01 -4.630029e+00
    endloop
  endfacet
  facet normal -1.702096e-01 3.688262e-02 9.847174e-01
    outer loop
      vertex   -3.442785e+01 -5.021102e+01 -4.527342e+00
      vertex   7.677321e+00 -5.766105e+01 3.029629e+00
      vertex   1.027579e+01 -4.297537e+01 2.928724e+00
    endloop
  endfacet
  facet normal -9.847270e-01 1.740798e-01 -2.987151e-03
    outer loop
      vertex   -3.184033e+01 -3.549012e+01 3.638856e-01
      vertex   -3.184140e+01 -3.548595e+01 9.608566e-01
      vertex   -3.183673e+01 -3.545954e+01 9.595523e-01
    endloop
  endfacet
  facet normal -3.649165e-03 -7.222129e-01 -6.916612e-01
    outer loop
      vertex   1.757110e+00 -4.340527e+01 1.555709e+01
      vertex   -3.218243e+01 -3.740005e+01 9.465677e+00
      vertex   2.088108e+00 -4.154722e+01 1.361523e+01
    endloop
  endfacet
  facet normal -3.649165e-03 -7.222129e-01 -6.916612e-01
    outer loop
      vertex   2.088108e+00 -4.154722e+01 1.361523e+01
      vertex   -3.218243e+01 -3.740005e+01 9.465677e+00
      vertex   -3.185143e+01 -3.554200e+01 7.523810e+00
    endloop
  endfacet
  facet normal 1.702096e-01 -3.688262e-02 -9.847174e-01
    outer loop
      vertex   2.088108e+00 -4.154722e+01 1.361523e+01
      vertex   -3.185143e+01 -3.554200e+01 7.523810e+00
      vertex   2.105645e+00 -4.144877e+01 1.361457e+01
    endloop
  endfacet
  facet normal 1.702096e-01 -3.688262e-02 -9.847174e-01
    outer loop
      vertex   2.105645e+00 -4.144877e+01 1.361457e+01
      vertex   -3.185143e+01 -3.554200e+01 7.523810e+00
      vertex   -3.183390e+01 -3.544355e+01 7.523154e+00
    endloop
  endfacet
  facet normal -8.061673e-01 1.465810e-01 5.732437e-01
    outer loop
      vertex   1.027579e+01 -4.297537e+01 2.928724e+00
      vertex   7.677321e+00 -5.766105e+01 3.029629e+00
      vertex   1.284449e+01 -4.340813e+01 6.651810e+00
    endloop
  endfacet
  facet normal -8.061673e-01 1.465810e-01 5.732437e-01
    outer loop
      vertex   1.284449e+01 -4.340813e+01 6.651810e+00
      vertex   7.677321e+00 -5.766105e+01 3.029629e+00
      vertex   1.486461e+01 -5.893276e+01 1.346248e+01
    endloop
  endfacet
  facet normal -8.061673e-01 1.465810e-01 5.732437e-01
    outer loop
      vertex   1.284449e+01 -4.340813e+01 6.651810e+00
      vertex   1.486461e+01 -5.893276e+01 1.346248e+01
      vertex   2.304343e+01 -4.311998e+01 2.092117e+01
    endloop
  endfacet
  facet normal -8.061673e-01 1.465810e-01 5.732437e-01
    outer loop
      vertex   2.304343e+01 -4.311998e+01 2.092117e+01
      vertex   1.486461e+01 -5.893276e+01 1.346248e+01
      vertex   2.009112e+01 -5.980550e+01 2.103581e+01
    endloop
  endfacet
  facet normal -8.061673e-01 1.465810e-01 5.732437e-01
    outer loop
      vertex   2.304343e+01 -4.311998e+01 2.092117e+01
      vertex   1.336201e+01 -4.102016e+01 6.769008e+00
      vertex   1.284449e+01 -4.340813e+01 6.651810e+00
    endloop
  endfacet
  facet normal 9.773183e-01 -2.117745e-01 -6.627981e-04
    outer loop
      vertex   1.284449e+01 -4.340813e+01 6.651810e+00
      vertex   1.336201e+01 -4.102016e+01 6.769008e+00
      vertex   1.285857e+01 -4.336470e+01 1.354550e+01
    endloop
  endfacet
  facet normal 9.773183e-01 -2.117745e-01 -6.627981e-04
    outer loop
      vertex   1.285857e+01 -4.336470e+01 1.354550e+01
      vertex   1.336201e+01 -4.102016e+01 6.769008e+00
      vertex   1.336636e+01 -4.102129e+01 1.354550e+01
    endloop
  endfacet
  facet normal 9.773184e-01 -2.117745e-01 -5.892199e-04
    outer loop
      vertex   1.141755e+01 -4.059895e+01 2.287927e+01
      vertex   1.141524e+01 -4.059833e+01 1.881677e+01
      vertex   1.176454e+01 -3.899766e+01 2.287927e+01
    endloop
  endfacet
  facet normal 9.773184e-01 -2.117745e-01 -5.892199e-04
    outer loop
      vertex   1.176454e+01 -3.899766e+01 2.287927e+01
      vertex   1.141524e+01 -4.059833e+01 1.881677e+01
      vertex   1.176220e+01 -3.899715e+01 1.881677e+01
    endloop
  endfacet
  facet normal 1.702096e-01 -3.688262e-02 -9.847174e-01
    outer loop
      vertex   2.751881e+01 -4.409060e+01 2.579317e+01
      vertex   1.141755e+01 -4.059895e+01 2.287927e+01
      vertex   2.705666e+01 -4.395972e+01 2.570839e+01
    endloop
  endfacet
  facet normal 1.702096e-01 -3.688262e-02 -9.847174e-01
    outer loop
      vertex   2.705666e+01 -4.395972e+01 2.570839e+01
      vertex   1.141755e+01 -4.059895e+01 2.287927e+01
      vertex   1.176454e+01 -3.899766e+01 2.287927e+01
    endloop
  endfacet
  facet normal 1.702096e-01 -3.688262e-02 -9.847174e-01
    outer loop
      vertex   2.705666e+01 -4.395972e+01 2.570839e+01
      vertex   1.176454e+01 -3.899766e+01 2.287927e+01
      vertex   2.739783e+01 -4.238523e+01 2.570839e+01
    endloop
  endfacet
  facet normal -1.178805e-03 -6.662218e-03 -9.999771e-01
    outer loop
      vertex   -5.341382e+01 -1.316158e+02 9.475367e+00
      vertex   -6.670769e+01 -1.292657e+02 9.475382e+00
      vertex   -5.297841e+01 -1.291528e+02 9.458445e+00
    endloop
  endfacet
  facet normal -1.178805e-03 -6.662218e-03 -9.999771e-01
    outer loop
      vertex   -5.297841e+01 -1.291528e+02 9.458445e+00
      vertex   -6.670769e+01 -1.292657e+02 9.475382e+00
      vertex   -6.627192e+01 -1.268007e+02 9.458445e+00
    endloop
  endfacet
  facet normal 3.734139e-03 -9.999930e-01 2.874945e-16
    outer loop
      vertex   1.882533e+01 -1.374109e+02 3.014440e+01
      vertex   1.882533e+01 -1.374109e+02 2.751416e+01
      vertex   1.882682e+01 -1.374109e+02 3.014440e+01
    endloop
  endfacet
  facet normal 3.734139e-03 -9.999930e-01 -1.059886e-14
    outer loop
      vertex   1.882682e+01 -1.374109e+02 3.014440e+01
      vertex   1.882533e+01 -1.374109e+02 2.751416e+01
      vertex   1.882682e+01 -1.374109e+02 2.751416e+01
    endloop
  endfacet
  facet normal 2.248486e-03 -9.999975e-01 -1.068118e-14
    outer loop
      vertex   1.882682e+01 -1.374109e+02 3.014440e+01
      vertex   1.882682e+01 -1.374109e+02 2.751416e+01
      vertex   1.882830e+01 -1.374109e+02 3.014440e+01
    endloop
  endfacet
  facet normal 2.248486e-03 -9.999975e-01 -1.073585e-14
    outer loop
      vertex   1.882830e+01 -1.374109e+02 3.014440e+01
      vertex   1.882682e+01 -1.374109e+02 2.751416e+01
      vertex   1.882830e+01 -1.374109e+02 2.751416e+01
    endloop
  endfacet
  facet normal 7.628291e-04 -9.999997e-01 -1.078203e-14
    outer loop
      vertex   1.882830e+01 -1.374109e+02 3.014440e+01
      vertex   1.882830e+01 -1.374109e+02 2.751416e+01
      vertex   1.882979e+01 -1.374109e+02 3.014440e+01
    endloop
  endfacet
  facet normal 7.628291e-04 -9.999997e-01 4.121463e-18
    outer loop
      vertex   1.882979e+01 -1.374109e+02 3.014440e+01
      vertex   1.882830e+01 -1.374109e+02 2.751416e+01
      vertex   1.882979e+01 -1.374109e+02 2.751416e+01
    endloop
  endfacet
  facet normal 5.956310e-14 -1.000000e+00 3.218114e-28
    outer loop
      vertex   1.882979e+01 -1.374109e+02 3.014440e+01
      vertex   1.882979e+01 -1.374109e+02 2.751416e+01
      vertex   2.026130e+01 -1.374109e+02 3.014440e+01
    endloop
  endfacet
  facet normal 4.328902e-14 -1.000000e+00 8.857160e-15
    outer loop
      vertex   2.026130e+01 -1.374109e+02 3.014440e+01
      vertex   1.882979e+01 -1.374109e+02 2.751416e+01
      vertex   2.079946e+01 -1.374109e+02 2.751416e+01
    endloop
  endfacet
  facet normal 7.536475e-01 -6.389349e-01 1.542002e-01
    outer loop
      vertex   2.079945e+01 -1.374109e+02 2.751416e+01
      vertex   2.231833e+01 -1.374109e+02 2.009069e+01
      vertex   2.079946e+01 -1.374109e+02 2.751416e+01
    endloop
  endfacet
  facet normal 7.536475e-01 -6.389349e-01 1.542002e-01
    outer loop
      vertex   2.079946e+01 -1.374109e+02 2.751416e+01
      vertex   2.231833e+01 -1.374109e+02 2.009069e+01
      vertex   2.058053e+01 -1.370344e+02 3.014440e+01
    endloop
  endfacet
  facet normal 7.536475e-01 -6.389349e-01 1.542002e-01
    outer loop
      vertex   2.079946e+01 -1.374109e+02 2.751416e+01
      vertex   2.058053e+01 -1.370344e+02 3.014440e+01
      vertex   2.026130e+01 -1.374109e+02 3.014440e+01
    endloop
  endfacet
  facet normal 8.789851e-01 -4.460335e-01 1.686398e-01
    outer loop
      vertex   2.058053e+01 -1.370344e+02 3.014440e+01
      vertex   2.231833e+01 -1.374109e+02 2.009069e+01
      vertex   2.111669e+01 -1.359778e+02 3.014440e+01
    endloop
  endfacet
  facet normal 8.789851e-01 -4.460335e-01 1.686398e-01
    outer loop
      vertex   2.111669e+01 -1.359778e+02 3.014440e+01
      vertex   2.231833e+01 -1.374109e+02 2.009069e+01
      vertex   2.374317e+01 -1.374109e+02 1.266416e+01
    endloop
  endfacet
  facet normal 8.789851e-01 -4.460335e-01 1.686398e-01
    outer loop
      vertex   2.111669e+01 -1.359778e+02 3.014440e+01
      vertex   2.374317e+01 -1.374109e+02 1.266416e+01
      vertex   2.413818e+01 -1.366325e+02 1.266416e+01
    endloop
  endfacet
  facet normal 9.521037e-01 -2.514475e-01 1.739903e-01
    outer loop
      vertex   2.440386e+01 -1.356265e+02 1.266416e+01
      vertex   2.138238e+01 -1.349718e+02 3.014440e+01
      vertex   2.413818e+01 -1.366325e+02 1.266416e+01
    endloop
  endfacet
  facet normal 9.521037e-01 -2.514475e-01 1.739903e-01
    outer loop
      vertex   2.413818e+01 -1.366325e+02 1.266416e+01
      vertex   2.138238e+01 -1.349718e+02 3.014440e+01
      vertex   2.111669e+01 -1.359778e+02 3.014440e+01
    endloop
  endfacet
  facet normal 9.699103e-01 -1.702600e-01 1.740273e-01
    outer loop
      vertex   2.440386e+01 -1.356265e+02 1.266416e+01
      vertex   2.454596e+01 -1.348170e+02 1.266416e+01
      vertex   2.138238e+01 -1.349718e+02 3.014440e+01
    endloop
  endfacet
  facet normal 9.699103e-01 -1.702600e-01 1.740273e-01
    outer loop
      vertex   2.138238e+01 -1.349718e+02 3.014440e+01
      vertex   2.454596e+01 -1.348170e+02 1.266416e+01
      vertex   2.152448e+01 -1.341623e+02 3.014440e+01
    endloop
  endfacet
  facet normal 9.852145e-01 2.616359e-02 1.693156e-01
    outer loop
      vertex   2.454596e+01 -1.348170e+02 1.266416e+01
      vertex   2.451258e+01 -1.335600e+02 1.266416e+01
      vertex   2.152448e+01 -1.341623e+02 3.014440e+01
    endloop
  endfacet
  facet normal 9.852145e-01 2.616359e-02 1.693156e-01
    outer loop
      vertex   2.152448e+01 -1.341623e+02 3.014440e+01
      vertex   2.451258e+01 -1.335600e+02 1.266416e+01
      vertex   2.149110e+01 -1.329053e+02 3.014440e+01
    endloop
  endfacet
  facet normal 9.362524e-01 3.177293e-01 1.499318e-01
    outer loop
      vertex   2.377556e+01 -1.274760e+02 4.373419e+00
      vertex   2.199216e+01 -1.220876e+02 4.091025e+00
      vertex   2.244788e+01 -1.274760e+02 1.266416e+01
    endloop
  endfacet
  facet normal 9.362524e-01 3.177293e-01 1.499318e-01
    outer loop
      vertex   2.244788e+01 -1.274760e+02 1.266416e+01
      vertex   2.199216e+01 -1.220876e+02 4.091025e+00
      vertex   1.748880e+01 -1.211118e+02 3.014440e+01
    endloop
  endfacet
  facet normal 9.362524e-01 3.177293e-01 1.499318e-01
    outer loop
      vertex   2.244788e+01 -1.274760e+02 1.266416e+01
      vertex   1.748880e+01 -1.211118e+02 3.014440e+01
      vertex   2.149110e+01 -1.329053e+02 3.014440e+01
    endloop
  endfacet
  facet normal 9.362524e-01 3.177293e-01 1.499318e-01
    outer loop
      vertex   2.149110e+01 -1.329053e+02 3.014440e+01
      vertex   2.451258e+01 -1.335600e+02 1.266416e+01
      vertex   2.244788e+01 -1.274760e+02 1.266416e+01
    endloop
  endfacet
  facet normal 9.751856e-01 1.498694e-01 1.629486e-01
    outer loop
      vertex   2.199216e+01 -1.220876e+02 4.091025e+00
      vertex   2.198336e+01 -1.220269e+02 4.087842e+00
      vertex   1.748880e+01 -1.211118e+02 3.014440e+01
    endloop
  endfacet
  facet normal 9.751856e-01 1.498694e-01 1.629486e-01
    outer loop
      vertex   1.748880e+01 -1.211118e+02 3.014440e+01
      vertex   2.198336e+01 -1.220269e+02 4.087842e+00
      vertex   1.747945e+01 -1.210509e+02 3.014440e+01
    endloop
  endfacet
  facet normal 9.834950e-01 -5.587717e-02 1.720912e-01
    outer loop
      vertex   2.198336e+01 -1.220269e+02 4.087842e+00
      vertex   2.199457e+01 -1.218570e+02 4.078941e+00
      vertex   1.747945e+01 -1.210509e+02 3.014440e+01
    endloop
  endfacet
  facet normal 9.834950e-01 -5.587717e-02 1.720912e-01
    outer loop
      vertex   1.747945e+01 -1.210509e+02 3.014440e+01
      vertex   2.199457e+01 -1.218570e+02 4.078941e+00
      vertex   1.748912e+01 -1.208807e+02 3.014440e+01
    endloop
  endfacet
  facet normal 9.699071e-01 -1.702782e-01 1.740274e-01
    outer loop
      vertex   2.199457e+01 -1.218570e+02 4.078941e+00
      vertex   1.920957e+01 -1.154110e+02 2.590772e+01
      vertex   1.748912e+01 -1.208807e+02 3.014440e+01
    endloop
  endfacet
  facet normal 9.699071e-01 -1.702782e-01 1.740274e-01
    outer loop
      vertex   1.748912e+01 -1.208807e+02 3.014440e+01
      vertex   1.920957e+01 -1.154110e+02 2.590772e+01
      vertex   1.888162e+01 -1.153534e+02 2.779177e+01
    endloop
  endfacet
  facet normal 9.699071e-01 -1.702782e-01 1.740274e-01
    outer loop
      vertex   1.748912e+01 -1.208807e+02 3.014440e+01
      vertex   1.888162e+01 -1.153534e+02 2.779177e+01
      vertex   2.106862e+01 -1.004919e+02 3.014440e+01
    endloop
  endfacet
  facet normal 9.699071e-01 -1.702782e-01 1.740274e-01
    outer loop
      vertex   2.106862e+01 -1.004919e+02 3.014440e+01
      vertex   1.888162e+01 -1.153534e+02 2.779177e+01
      vertex   2.147527e+01 -1.005800e+02 2.779177e+01
    endloop
  endfacet
  facet normal 9.699071e-01 -1.702782e-01 1.740274e-01
    outer loop
      vertex   2.483743e+01 -1.064873e+02 3.273447e+00
      vertex   2.310796e+01 -1.064873e+02 1.291228e+01
      vertex   2.199457e+01 -1.218570e+02 4.078941e+00
    endloop
  endfacet
  facet normal 9.699071e-01 -1.702782e-01 1.740274e-01
    outer loop
      vertex   2.199457e+01 -1.218570e+02 4.078941e+00
      vertex   2.310796e+01 -1.064873e+02 1.291228e+01
      vertex   1.920957e+01 -1.154110e+02 2.590772e+01
    endloop
  endfacet
  facet normal 9.699071e-01 -1.702782e-01 1.740274e-01
    outer loop
      vertex   1.920957e+01 -1.154110e+02 2.590772e+01
      vertex   2.310796e+01 -1.064873e+02 1.291228e+01
      vertex   2.231155e+01 -1.007612e+02 2.295361e+01
    endloop
  endfacet
  facet normal 9.699071e-01 -1.702782e-01 1.740274e-01
    outer loop
      vertex   2.231155e+01 -1.007612e+02 2.295361e+01
      vertex   2.310796e+01 -1.064873e+02 1.291228e+01
      vertex   2.435121e+01 -9.813585e+01 1.415474e+01
    endloop
  endfacet
  facet normal 9.699071e-01 -1.702782e-01 1.740274e-01
    outer loop
      vertex   2.231155e+01 -1.007612e+02 2.295361e+01
      vertex   2.435121e+01 -9.813585e+01 1.415474e+01
      vertex   2.283384e+01 -9.780705e+01 2.293324e+01
    endloop
  endfacet
  facet normal 9.699071e-01 -1.702782e-01 1.740274e-01
    outer loop
      vertex   2.231155e+01 -1.007612e+02 2.295361e+01
      vertex   2.180093e+01 -1.006505e+02 2.590772e+01
      vertex   1.920957e+01 -1.154110e+02 2.590772e+01
    endloop
  endfacet
  facet normal 1.740945e-01 9.847055e-01 -6.789736e-03
    outer loop
      vertex   1.857189e+01 -1.000504e+02 3.014440e+01
      vertex   2.106862e+01 -1.004919e+02 3.014440e+01
      vertex   1.908994e+01 -1.001627e+02 2.714728e+01
    endloop
  endfacet
  facet normal 1.740945e-01 9.847055e-01 -6.789736e-03
    outer loop
      vertex   1.908994e+01 -1.001627e+02 2.714728e+01
      vertex   2.106862e+01 -1.004919e+02 3.014440e+01
      vertex   2.147527e+01 -1.005800e+02 2.779177e+01
    endloop
  endfacet
  facet normal 1.740945e-01 9.847055e-01 -6.789736e-03
    outer loop
      vertex   1.908994e+01 -1.001627e+02 2.714728e+01
      vertex   2.147527e+01 -1.005800e+02 2.779177e+01
      vertex   2.180093e+01 -1.006505e+02 2.590772e+01
    endloop
  endfacet
  facet normal 1.740945e-01 9.847055e-01 -6.789736e-03
    outer loop
      vertex   2.180093e+01 -1.006505e+02 2.590772e+01
      vertex   2.147527e+01 -1.005800e+02 2.779177e+01
      vertex   2.260062e+01 -1.007839e+02 2.706649e+01
    endloop
  endfacet
  facet normal 1.740945e-01 9.847055e-01 -6.789736e-03
    outer loop
      vertex   2.260062e+01 -1.007839e+02 2.706649e+01
      vertex   2.147527e+01 -1.005800e+02 2.779177e+01
      vertex   2.247526e+01 -1.007568e+02 2.779177e+01
    endloop
  endfacet
  facet normal 1.740945e-01 9.847055e-01 -6.789736e-03
    outer loop
      vertex   2.231155e+01 -1.007612e+02 2.295361e+01
      vertex   1.988993e+01 -1.003360e+02 2.251911e+01
      vertex   2.180093e+01 -1.006505e+02 2.590772e+01
    endloop
  endfacet
  facet normal 1.740945e-01 9.847055e-01 -6.789736e-03
    outer loop
      vertex   2.180093e+01 -1.006505e+02 2.590772e+01
      vertex   1.988993e+01 -1.003360e+02 2.251911e+01
      vertex   1.908994e+01 -1.001627e+02 2.714728e+01
    endloop
  endfacet
  facet normal -9.698798e-01 1.704323e-01 -1.740285e-01
    outer loop
      vertex   1.908994e+01 -1.001627e+02 2.714728e+01
      vertex   1.876232e+01 -1.020141e+02 2.716000e+01
      vertex   1.857189e+01 -1.000504e+02 3.014440e+01
    endloop
  endfacet
  facet normal -9.698798e-01 1.704323e-01 -1.740285e-01
    outer loop
      vertex   1.857189e+01 -1.000504e+02 3.014440e+01
      vertex   1.876232e+01 -1.020141e+02 2.716000e+01
      vertex   1.496255e+01 -1.205901e+02 3.014440e+01
    endloop
  endfacet
  facet normal -9.698798e-01 1.704323e-01 -1.740285e-01
    outer loop
      vertex   1.496255e+01 -1.205901e+02 3.014440e+01
      vertex   1.876232e+01 -1.020141e+02 2.716000e+01
      vertex   1.565211e+01 -1.195902e+02 2.728070e+01
    endloop
  endfacet
  facet normal -9.698798e-01 1.704323e-01 -1.740285e-01
    outer loop
      vertex   1.496255e+01 -1.205901e+02 3.014440e+01
      vertex   1.565211e+01 -1.195902e+02 2.728070e+01
      vertex   1.625622e+01 -1.208704e+02 2.266013e+01
    endloop
  endfacet
  facet normal -9.698798e-01 1.704323e-01 -1.740285e-01
    outer loop
      vertex   1.625622e+01 -1.208704e+02 2.266013e+01
      vertex   1.565211e+01 -1.195902e+02 2.728070e+01
      vertex   1.645209e+01 -1.197635e+02 2.265253e+01
    endloop
  endfacet
  facet normal -9.834854e-01 5.603336e-02 -1.720954e-01
    outer loop
      vertex   1.496255e+01 -1.205901e+02 3.014440e+01
      vertex   1.625622e+01 -1.208704e+02 2.266013e+01
      vertex   1.492991e+01 -1.211631e+02 3.014440e+01
    endloop
  endfacet
  facet normal -9.834854e-01 5.603336e-02 -1.720954e-01
    outer loop
      vertex   1.492991e+01 -1.211631e+02 3.014440e+01
      vertex   1.625622e+01 -1.208704e+02 2.266013e+01
      vertex   1.622092e+01 -1.214428e+02 2.267547e+01
    endloop
  endfacet
  facet normal -9.752077e-01 -1.497147e-01 -1.629583e-01
    outer loop
      vertex   1.492991e+01 -1.211631e+02 3.014440e+01
      vertex   1.622092e+01 -1.214428e+02 2.267547e+01
      vertex   1.501160e+01 -1.216952e+02 3.014440e+01
    endloop
  endfacet
  facet normal -9.752077e-01 -1.497147e-01 -1.629583e-01
    outer loop
      vertex   1.501160e+01 -1.216952e+02 3.014440e+01
      vertex   1.622092e+01 -1.214428e+02 2.267547e+01
      vertex   1.629690e+01 -1.219737e+02 2.270849e+01
    endloop
  endfacet
  facet normal -9.363005e-01 -3.175810e-01 -1.499457e-01
    outer loop
      vertex   1.501160e+01 -1.216952e+02 3.014440e+01
      vertex   1.629690e+01 -1.219737e+02 2.270849e+01
      vertex   1.896117e+01 -1.333394e+02 3.014440e+01
    endloop
  endfacet
  facet normal -9.363005e-01 -3.175810e-01 -1.499457e-01
    outer loop
      vertex   1.896117e+01 -1.333394e+02 3.014440e+01
      vertex   1.629690e+01 -1.219737e+02 2.270849e+01
      vertex   2.005896e+01 -1.335773e+02 2.379338e+01
    endloop
  endfacet
  facet normal -9.852176e-01 -2.600721e-02 -1.693220e-01
    outer loop
      vertex   1.896117e+01 -1.333394e+02 3.014440e+01
      vertex   2.005896e+01 -1.335773e+02 2.379338e+01
      vertex   1.897793e+01 -1.339740e+02 3.014440e+01
    endloop
  endfacet
  facet normal -9.852176e-01 -2.600721e-02 -1.693220e-01
    outer loop
      vertex   1.897793e+01 -1.339740e+02 3.014440e+01
      vertex   2.005896e+01 -1.335773e+02 2.379338e+01
      vertex   2.007124e+01 -1.342109e+02 2.381923e+01
    endloop
  endfacet
  facet normal -9.698831e-01 1.704142e-01 -1.740283e-01
    outer loop
      vertex   1.897793e+01 -1.339740e+02 3.014440e+01
      vertex   2.007124e+01 -1.342109e+02 2.381923e+01
      vertex   1.889654e+01 -1.344373e+02 3.014440e+01
    endloop
  endfacet
  facet normal -9.698831e-01 1.704142e-01 -1.740283e-01
    outer loop
      vertex   1.889654e+01 -1.344373e+02 3.014440e+01
      vertex   2.007124e+01 -1.342109e+02 2.381923e+01
      vertex   1.998930e+01 -1.346740e+02 2.382241e+01
    endloop
  endfacet
  facet normal -9.520640e-01 2.515989e-01 -1.739891e-01
    outer loop
      vertex   1.872403e+01 -1.350900e+02 3.014440e+01
      vertex   1.889654e+01 -1.344373e+02 3.014440e+01
      vertex   1.981770e+01 -1.353270e+02 2.381721e+01
    endloop
  endfacet
  facet normal -9.520640e-01 2.515989e-01 -1.739891e-01
    outer loop
      vertex   1.981770e+01 -1.353270e+02 2.381721e+01
      vertex   1.889654e+01 -1.344373e+02 3.014440e+01
      vertex   1.998930e+01 -1.346740e+02 2.382241e+01
    endloop
  endfacet
  facet normal -8.789153e-01 4.461735e-01 -1.686330e-01
    outer loop
      vertex   1.843754e+01 -1.356544e+02 3.014440e+01
      vertex   1.872403e+01 -1.350900e+02 3.014440e+01
      vertex   1.953596e+01 -1.358924e+02 2.378969e+01
    endloop
  endfacet
  facet normal -8.789153e-01 4.461735e-01 -1.686330e-01
    outer loop
      vertex   1.953596e+01 -1.358924e+02 2.378969e+01
      vertex   1.872403e+01 -1.350900e+02 3.014440e+01
      vertex   1.981770e+01 -1.353270e+02 2.381721e+01
    endloop
  endfacet
  facet normal -1.309204e-14 1.000000e+00 6.575563e-30
    outer loop
      vertex   1.115660e+01 -1.507109e+02 3.014441e+01
      vertex   1.115660e+01 -1.507109e+02 1.953415e+01
      vertex   8.985688e+00 -1.507109e+02 3.014441e+01
    endloop
  endfacet
  facet normal 7.536475e-01 -6.389349e-01 1.542002e-01
    outer loop
      vertex   8.985688e+00 -1.507109e+02 3.014441e+01
      vertex   1.115660e+01 -1.507109e+02 1.953415e+01
      vertex   1.782979e+01 -1.402790e+02 3.014440e+01
    endloop
  endfacet
  facet normal 7.536475e-01 -6.389349e-01 1.542002e-01
    outer loop
      vertex   1.782979e+01 -1.402790e+02 3.014440e+01
      vertex   1.115660e+01 -1.507109e+02 1.953415e+01
      vertex   1.782979e+01 -1.444977e+02 1.266416e+01
    endloop
  endfacet
  facet normal 7.536475e-01 -6.389349e-01 1.542002e-01
    outer loop
      vertex   1.782979e+01 -1.444977e+02 1.266416e+01
      vertex   1.115660e+01 -1.507109e+02 1.953415e+01
      vertex   1.256224e+01 -1.507109e+02 1.266416e+01
    endloop
  endfacet
  facet normal 1.000000e+00 4.064174e-14 7.873569e-15
    outer loop
      vertex   1.782979e+01 -1.444977e+02 1.266416e+01
      vertex   1.782979e+01 -1.379567e+02 2.357209e+01
      vertex   1.782979e+01 -1.402790e+02 3.014440e+01
    endloop
  endfacet
  facet normal 1.000000e+00 5.052737e-14 1.136654e-14
    outer loop
      vertex   1.782979e+01 -1.402790e+02 3.014440e+01
      vertex   1.782979e+01 -1.379567e+02 2.357209e+01
      vertex   1.782979e+01 -1.374109e+02 2.583425e+01
    endloop
  endfacet
  facet normal 1.000000e+00 4.335530e-14 6.594128e-15
    outer loop
      vertex   1.782979e+01 -1.402790e+02 3.014440e+01
      vertex   1.782979e+01 -1.374109e+02 2.583425e+01
      vertex   1.782979e+01 -1.374109e+02 3.014440e+01
    endloop
  endfacet
  facet normal 1.000000e+00 4.985665e-14 0.000000e+00
    outer loop
      vertex   1.782979e+01 -1.509109e+02 1.266416e+01
      vertex   1.782979e+01 -1.509109e+02 1.166416e+01
      vertex   1.782979e+01 -1.444977e+02 1.266416e+01
    endloop
  endfacet
  facet normal 1.000000e+00 4.710639e-14 1.763818e-14
    outer loop
      vertex   1.782979e+01 -1.444977e+02 1.266416e+01
      vertex   1.782979e+01 -1.509109e+02 1.166416e+01
      vertex   1.782979e+01 -1.374109e+02 1.166416e+01
    endloop
  endfacet
  facet normal 1.000000e+00 4.533167e-14 5.061260e-15
    outer loop
      vertex   1.782979e+01 -1.444977e+02 1.266416e+01
      vertex   1.782979e+01 -1.374109e+02 1.166416e+01
      vertex   1.782979e+01 -1.379567e+02 2.357209e+01
    endloop
  endfacet
  facet normal 1.000000e+00 5.879538e-14 5.678369e-15
    outer loop
      vertex   1.782979e+01 -1.379567e+02 2.357209e+01
      vertex   1.782979e+01 -1.374109e+02 1.166416e+01
      vertex   1.782979e+01 -1.374109e+02 2.355165e+01
    endloop
  endfacet
  facet normal 2.854895e-14 -1.000000e+00 2.198008e-27
    outer loop
      vertex   1.882533e+01 -1.374109e+02 3.014440e+01
      vertex   1.782979e+01 -1.374109e+02 3.014440e+01
      vertex   1.882533e+01 -1.374109e+02 2.751416e+01
    endloop
  endfacet
  facet normal 4.597077e-14 -1.000000e+00 6.594128e-15
    outer loop
      vertex   1.882533e+01 -1.374109e+02 2.751416e+01
      vertex   1.782979e+01 -1.374109e+02 3.014440e+01
      vertex   1.782979e+01 -1.374109e+02 2.583425e+01
    endloop
  endfacet
  facet normal 4.244332e-14 -1.000000e+00 8.684556e-15
    outer loop
      vertex   1.882533e+01 -1.374109e+02 2.751416e+01
      vertex   1.782979e+01 -1.374109e+02 2.583425e+01
      vertex   1.828089e+01 -1.374109e+02 2.362962e+01
    endloop
  endfacet
  facet normal 6.135223e-14 -1.000000e+00 9.563569e-15
    outer loop
      vertex   1.782979e+01 -1.374109e+02 2.355165e+01
      vertex   1.782979e+01 -1.374109e+02 1.166416e+01
      vertex   1.828089e+01 -1.374109e+02 2.362962e+01
    endloop
  endfacet
  facet normal 3.733454e-14 -1.000000e+00 1.046904e-14
    outer loop
      vertex   1.828089e+01 -1.374109e+02 2.362962e+01
      vertex   1.782979e+01 -1.374109e+02 1.166416e+01
      vertex   2.231833e+01 -1.374109e+02 2.009069e+01
    endloop
  endfacet
  facet normal 3.840095e-14 -1.000000e+00 1.168566e-14
    outer loop
      vertex   1.828089e+01 -1.374109e+02 2.362962e+01
      vertex   2.231833e+01 -1.374109e+02 2.009069e+01
      vertex   2.079945e+01 -1.374109e+02 2.751416e+01
    endloop
  endfacet
  facet normal 4.458307e-14 -1.000000e+00 2.842172e-14
    outer loop
      vertex   2.292979e+01 -1.374109e+02 1.166416e+01
      vertex   2.292979e+01 -1.374109e+02 1.266416e+01
      vertex   1.782979e+01 -1.374109e+02 1.166416e+01
    endloop
  endfacet
  facet normal 4.935911e-14 -1.000000e+00 4.063937e-15
    outer loop
      vertex   1.782979e+01 -1.374109e+02 1.166416e+01
      vertex   2.292979e+01 -1.374109e+02 1.266416e+01
      vertex   2.231833e+01 -1.374109e+02 2.009069e+01
    endloop
  endfacet
  facet normal 3.494279e-14 -1.000000e+00 2.876983e-15
    outer loop
      vertex   2.292979e+01 -1.374109e+02 1.266416e+01
      vertex   2.374317e+01 -1.374109e+02 1.266416e+01
      vertex   2.231833e+01 -1.374109e+02 2.009069e+01
    endloop
  endfacet
  facet normal 4.319147e-14 -1.000000e+00 8.579697e-15
    outer loop
      vertex   2.079945e+01 -1.374109e+02 2.751416e+01
      vertex   1.882533e+01 -1.374109e+02 2.751416e+01
      vertex   1.828089e+01 -1.374109e+02 2.362962e+01
    endloop
  endfacet
  facet normal -9.773185e-01 2.117746e-01 -4.516174e-15
    outer loop
      vertex   2.705666e+01 -4.395972e+01 2.570839e+01
      vertex   2.739783e+01 -4.238523e+01 2.570839e+01
      vertex   2.706590e+01 -4.391705e+01 2.164631e+01
    endloop
  endfacet
  facet normal -9.773185e-01 2.117746e-01 -3.417787e-15
    outer loop
      vertex   2.706590e+01 -4.391705e+01 2.164631e+01
      vertex   2.739783e+01 -4.238523e+01 2.570839e+01
      vertex   2.739783e+01 -4.238523e+01 2.164631e+01
    endloop
  endfacet
  facet normal -1.740945e-01 -9.847055e-01 6.789736e-03
    outer loop
      vertex   1.173302e+01 -8.372394e+01 1.337833e+01
      vertex   2.357431e+01 -8.581747e+01 1.337833e+01
      vertex   2.369509e+01 -8.582402e+01 1.552465e+01
    endloop
  endfacet
  facet normal -1.740945e-01 -9.847055e-01 6.789736e-03
    outer loop
      vertex   2.369509e+01 -8.582402e+01 1.552465e+01
      vertex   2.357431e+01 -8.581747e+01 1.337833e+01
      vertex   2.612061e+01 -8.625010e+01 1.592302e+01
    endloop
  endfacet
  facet normal -1.740945e-01 -9.847055e-01 6.789736e-03
    outer loop
      vertex   2.369509e+01 -8.582402e+01 1.552465e+01
      vertex   2.612061e+01 -8.625010e+01 1.592302e+01
      vertex   2.439475e+01 -8.587612e+01 2.590772e+01
    endloop
  endfacet
  facet normal -1.740945e-01 -9.847055e-01 6.789736e-03
    outer loop
      vertex   2.519444e+01 -8.600952e+01 2.706649e+01
      vertex   2.406909e+01 -8.580556e+01 2.779177e+01
      vertex   2.439475e+01 -8.587612e+01 2.590772e+01
    endloop
  endfacet
  facet normal -1.740945e-01 -9.847055e-01 6.789736e-03
    outer loop
      vertex   2.439475e+01 -8.587612e+01 2.590772e+01
      vertex   2.406909e+01 -8.580556e+01 2.779177e+01
      vertex   2.116805e+01 -8.527644e+01 3.014440e+01
    endloop
  endfacet
  facet normal -1.740945e-01 -9.847055e-01 6.789736e-03
    outer loop
      vertex   2.439475e+01 -8.587612e+01 2.590772e+01
      vertex   2.116805e+01 -8.527644e+01 3.014440e+01
      vertex   2.369509e+01 -8.582402e+01 1.552465e+01
    endloop
  endfacet
  facet normal -1.740945e-01 -9.847055e-01 6.789736e-03
    outer loop
      vertex   2.519444e+01 -8.600952e+01 2.706649e+01
      vertex   2.506908e+01 -8.598235e+01 2.779177e+01
      vertex   2.406909e+01 -8.580556e+01 2.779177e+01
    endloop
  endfacet
  facet normal -1.740945e-01 -9.847055e-01 6.789736e-03
    outer loop
      vertex   2.406909e+01 -8.580556e+01 2.779177e+01
      vertex   2.366243e+01 -8.571744e+01 3.014440e+01
      vertex   2.116805e+01 -8.527644e+01 3.014440e+01
    endloop
  endfacet
  facet normal 1.742284e-01 9.846820e-01 -6.765702e-03
    outer loop
      vertex   2.843597e+01 -5.204029e+01 2.218738e+01
      vertex   2.763598e+01 -5.186694e+01 2.681555e+01
      vertex   2.843622e+01 -5.204033e+01 2.218743e+01
    endloop
  endfacet
  facet normal 1.742284e-01 9.846820e-01 -6.765702e-03
    outer loop
      vertex   2.843622e+01 -5.204033e+01 2.218743e+01
      vertex   2.763598e+01 -5.186694e+01 2.681555e+01
      vertex   2.763623e+01 -5.186699e+01 2.681560e+01
    endloop
  endfacet
  facet normal -1.709331e-01 3.700974e-02 9.845873e-01
    outer loop
      vertex   2.521840e+01 -6.553031e+01 2.690943e+01
      vertex   2.763623e+01 -5.186699e+01 2.681560e+01
      vertex   2.763598e+01 -5.186694e+01 2.681555e+01
    endloop
  endfacet
  facet normal 1.685700e-01 -3.659452e-02 -9.850101e-01
    outer loop
      vertex   2.415130e+01 -7.156056e+01 2.695085e+01
      vertex   2.521840e+01 -6.553031e+01 2.690943e+01
      vertex   2.415141e+01 -7.156058e+01 2.695087e+01
    endloop
  endfacet
  facet normal 1.742284e-01 9.846820e-01 -6.765702e-03
    outer loop
      vertex   2.415130e+01 -7.156056e+01 2.695085e+01
      vertex   2.415141e+01 -7.156058e+01 2.695087e+01
      vertex   2.495129e+01 -7.173391e+01 2.232268e+01
    endloop
  endfacet
  facet normal 1.742284e-01 9.846820e-01 -6.765702e-03
    outer loop
      vertex   2.495129e+01 -7.173391e+01 2.232268e+01
      vertex   2.415141e+01 -7.156058e+01 2.695087e+01
      vertex   2.495140e+01 -7.173393e+01 2.232270e+01
    endloop
  endfacet
  facet normal -2.434597e-01 -6.702120e-01 7.011014e-01
    outer loop
      vertex   4.205800e+00 -8.099937e+01 1.336901e+01
      vertex   1.173302e+01 -8.372394e+01 1.337833e+01
      vertex   5.192269e+00 -7.541975e+01 1.904536e+01
    endloop
  endfacet
  facet normal -2.434597e-01 -6.702120e-01 7.011014e-01
    outer loop
      vertex   5.192269e+00 -7.541975e+01 1.904536e+01
      vertex   1.173302e+01 -8.372394e+01 1.337833e+01
      vertex   2.372335e+01 -7.867309e+01 2.237033e+01
    endloop
  endfacet
  facet normal -2.434597e-01 -6.702120e-01 7.011014e-01
    outer loop
      vertex   2.372335e+01 -7.867309e+01 2.237033e+01
      vertex   1.173302e+01 -8.372394e+01 1.337833e+01
      vertex   2.369509e+01 -8.582402e+01 1.552465e+01
    endloop
  endfacet
  facet normal 9.699071e-01 -1.702782e-01 1.740274e-01
    outer loop
      vertex   3.032979e+01 -4.775897e+01 3.012591e+01
      vertex   3.032979e+01 -4.774007e+01 3.014440e+01
      vertex   2.371411e+01 -8.549336e+01 3.007563e+01
    endloop
  endfacet
  facet normal 9.699071e-01 -1.702782e-01 1.740274e-01
    outer loop
      vertex   2.371411e+01 -8.549336e+01 3.007563e+01
      vertex   3.032979e+01 -4.774007e+01 3.014440e+01
      vertex   2.366243e+01 -8.571744e+01 3.014440e+01
    endloop
  endfacet
  facet normal 9.699071e-01 -1.702782e-01 1.740274e-01
    outer loop
      vertex   2.371411e+01 -8.549336e+01 3.007563e+01
      vertex   2.366243e+01 -8.571744e+01 3.014440e+01
      vertex   2.388101e+01 -8.549441e+01 2.914440e+01
    endloop
  endfacet
  facet normal 9.699071e-01 -1.702782e-01 1.740274e-01
    outer loop
      vertex   2.388101e+01 -8.549441e+01 2.914440e+01
      vertex   2.366243e+01 -8.571744e+01 3.014440e+01
      vertex   2.406909e+01 -8.580556e+01 2.779177e+01
    endloop
  endfacet
  facet normal 9.699071e-01 -1.702782e-01 1.740274e-01
    outer loop
      vertex   2.388101e+01 -8.549441e+01 2.914440e+01
      vertex   2.406909e+01 -8.580556e+01 2.779177e+01
      vertex   2.752746e+01 -6.610661e+01 2.779177e+01
    endloop
  endfacet
  facet normal 9.699071e-01 -1.702782e-01 1.740274e-01
    outer loop
      vertex   2.773119e+01 -6.614238e+01 2.662135e+01
      vertex   3.032979e+01 -5.132052e+01 2.664110e+01
      vertex   2.752746e+01 -6.610661e+01 2.779177e+01
    endloop
  endfacet
  facet normal 9.699071e-01 -1.702782e-01 1.740274e-01
    outer loop
      vertex   2.752746e+01 -6.610661e+01 2.779177e+01
      vertex   3.032979e+01 -5.132052e+01 2.664110e+01
      vertex   3.032979e+01 -4.876209e+01 2.914440e+01
    endloop
  endfacet
  facet normal 9.699071e-01 -1.702782e-01 1.740274e-01
    outer loop
      vertex   2.752746e+01 -6.610661e+01 2.779177e+01
      vertex   3.032979e+01 -4.876209e+01 2.914440e+01
      vertex   2.388101e+01 -8.549441e+01 2.914440e+01
    endloop
  endfacet
  facet normal 1.000000e+00 1.117068e-14 -7.091043e-16
    outer loop
      vertex   3.032979e+01 -5.640704e+01 2.166416e+01
      vertex   3.032979e+01 -5.132052e+01 2.664110e+01
      vertex   3.032979e+01 -8.552818e+01 2.885565e+01
    endloop
  endfacet
  facet normal 1.000000e+00 4.113448e-14 4.621346e-13
    outer loop
      vertex   3.032979e+01 -8.552818e+01 2.885565e+01
      vertex   3.032979e+01 -5.132052e+01 2.664110e+01
      vertex   3.032979e+01 -5.132052e+01 2.666416e+01
    endloop
  endfacet
  facet normal 1.000000e+00 1.159394e-14 1.026860e-15
    outer loop
      vertex   3.032979e+01 -8.552818e+01 2.885565e+01
      vertex   3.032979e+01 -5.132052e+01 2.666416e+01
      vertex   3.032979e+01 -4.878233e+01 2.914440e+01
    endloop
  endfacet
  facet normal 1.000000e+00 1.116541e-14 1.636922e-14
    outer loop
      vertex   3.032979e+01 -5.797545e+01 2.012954e+01
      vertex   3.032979e+01 -4.302055e+01 2.012954e+01
      vertex   3.032979e+01 -5.640704e+01 2.166416e+01
    endloop
  endfacet
  facet normal 1.000000e+00 9.413436e-15 1.086827e-15
    outer loop
      vertex   3.032979e+01 -5.640704e+01 2.166416e+01
      vertex   3.032979e+01 -4.302055e+01 2.012954e+01
      vertex   3.032979e+01 -5.132052e+01 2.664110e+01
    endloop
  endfacet
  facet normal 1.000000e+00 1.190047e-14 4.256927e-15
    outer loop
      vertex   3.032979e+01 -4.302055e+01 2.012954e+01
      vertex   3.032979e+01 -4.302055e+01 3.014440e+01
      vertex   3.032979e+01 -5.132052e+01 2.664110e+01
    endloop
  endfacet
  facet normal 1.000000e+00 1.029533e-14 8.059787e-15
    outer loop
      vertex   3.032979e+01 -5.132052e+01 2.664110e+01
      vertex   3.032979e+01 -4.302055e+01 3.014440e+01
      vertex   3.032979e+01 -4.775897e+01 2.914440e+01
    endloop
  endfacet
  facet normal 1.000000e+00 1.416665e-14 2.551923e-15
    outer loop
      vertex   3.032979e+01 -5.132052e+01 2.664110e+01
      vertex   3.032979e+01 -4.775897e+01 2.914440e+01
      vertex   3.032979e+01 -4.876209e+01 2.914440e+01
    endloop
  endfacet
  facet normal 1.000000e+00 1.580816e-14 -7.846915e-13
    outer loop
      vertex   3.032979e+01 -4.774007e+01 3.014440e+01
      vertex   3.032979e+01 -4.775897e+01 3.012591e+01
      vertex   3.032979e+01 -4.302055e+01 3.014440e+01
    endloop
  endfacet
  facet normal 1.000000e+00 1.276017e-14 -3.619644e-15
    outer loop
      vertex   3.032979e+01 -4.302055e+01 3.014440e+01
      vertex   3.032979e+01 -4.775897e+01 3.012591e+01
      vertex   3.032979e+01 -4.775897e+01 2.914440e+01
    endloop
  endfacet
  facet normal 1.000000e+00 1.131196e-14 3.691079e-14
    outer loop
      vertex   3.032979e+01 -4.878233e+01 2.914440e+01
      vertex   3.032979e+01 -8.552818e+01 2.914440e+01
      vertex   3.032979e+01 -8.552818e+01 2.885565e+01
    endloop
  endfacet
  facet normal 7.068831e-01 4.868012e-15 -7.073304e-01
    outer loop
      vertex   3.032979e+01 -4.302055e+01 2.012954e+01
      vertex   3.032979e+01 -5.797545e+01 2.012954e+01
      vertex   2.031728e+01 -4.085094e+01 1.012336e+01
    endloop
  endfacet
  facet normal 7.068831e-01 5.561043e-15 -7.073304e-01
    outer loop
      vertex   2.031728e+01 -4.085094e+01 1.012336e+01
      vertex   3.032979e+01 -5.797545e+01 2.012954e+01
      vertex   2.612061e+01 -8.625010e+01 1.592302e+01
    endloop
  endfacet
  facet normal 7.068831e-01 5.110799e-15 -7.073304e-01
    outer loop
      vertex   2.031728e+01 -4.085094e+01 1.012336e+01
      vertex   2.612061e+01 -8.625010e+01 1.592302e+01
      vertex   2.357431e+01 -8.581747e+01 1.337833e+01
    endloop
  endfacet
  facet normal 7.068831e-01 5.394940e-15 -7.073304e-01
    outer loop
      vertex   2.031728e+01 -4.085094e+01 1.012336e+01
      vertex   2.357431e+01 -8.581747e+01 1.337833e+01
      vertex   2.031728e+01 -1.064873e+02 1.012336e+01
    endloop
  endfacet
  facet normal 7.068831e-01 6.066720e-15 -7.073304e-01
    outer loop
      vertex   2.031728e+01 -1.064873e+02 1.012336e+01
      vertex   2.357431e+01 -8.581747e+01 1.337833e+01
      vertex   2.365584e+01 -9.801770e+01 1.345981e+01
    endloop
  endfacet
  facet normal 7.068831e-01 5.315951e-15 -7.073304e-01
    outer loop
      vertex   2.031728e+01 -1.064873e+02 1.012336e+01
      vertex   2.365584e+01 -9.801770e+01 1.345981e+01
      vertex   2.310796e+01 -1.064873e+02 1.291228e+01
    endloop
  endfacet
  facet normal 7.068831e-01 5.842641e-15 -7.073304e-01
    outer loop
      vertex   2.310796e+01 -1.064873e+02 1.291228e+01
      vertex   2.365584e+01 -9.801770e+01 1.345981e+01
      vertex   2.435121e+01 -9.813585e+01 1.415474e+01
    endloop
  endfacet
  facet normal 1.000000e+00 7.523688e-15 5.186511e-16
    outer loop
      vertex   2.031728e+01 -1.064873e+02 1.012336e+01
      vertex   2.031728e+01 -1.064873e+02 3.273447e+00
      vertex   2.031728e+01 -4.085094e+01 1.012336e+01
    endloop
  endfacet
  facet normal 1.000000e+00 7.577816e-15 -6.357982e-30
    outer loop
      vertex   2.031728e+01 -4.085094e+01 1.012336e+01
      vertex   2.031728e+01 -1.064873e+02 3.273447e+00
      vertex   2.031728e+01 -4.085094e+01 1.654692e+00
    endloop
  endfacet
  facet normal 1.000000e+00 1.316572e-08 5.338357e-07
    outer loop
      vertex   2.031728e+01 -4.085094e+01 1.654692e+00
      vertex   2.031728e+01 -1.064873e+02 3.273447e+00
      vertex   2.031728e+01 -3.048726e+01 -7.095446e-01
    endloop
  endfacet
  facet normal 1.000000e+00 6.531111e-11 4.764098e-07
    outer loop
      vertex   2.031728e+01 -4.085094e+01 1.654692e+00
      vertex   2.031728e+01 -3.048726e+01 -7.095446e-01
      vertex   2.031728e+01 -3.048726e+01 1.653272e+00
    endloop
  endfacet
  facet normal 6.325976e-04 1.370772e-04 9.999998e-01
    outer loop
      vertex   1.032030e+01 -3.048726e+01 1.659596e+00
      vertex   1.032030e+01 -3.048932e+01 1.659596e+00
      vertex   2.031728e+01 -3.048726e+01 1.653272e+00
    endloop
  endfacet
  facet normal 6.325976e-04 1.370772e-04 9.999998e-01
    outer loop
      vertex   2.031728e+01 -3.048726e+01 1.653272e+00
      vertex   1.032030e+01 -3.048932e+01 1.659596e+00
      vertex   1.077370e+01 -3.878295e+01 1.660446e+00
    endloop
  endfacet
  facet normal 6.325976e-04 1.370772e-04 9.999998e-01
    outer loop
      vertex   2.031728e+01 -3.048726e+01 1.653272e+00
      vertex   1.077370e+01 -3.878295e+01 1.660446e+00
      vertex   2.031728e+01 -4.085094e+01 1.654692e+00
    endloop
  endfacet
  facet normal 9.985088e-01 5.458697e-02 -6.391371e-04
    outer loop
      vertex   1.032979e+01 -3.048726e+01 1.665959e+01
      vertex   1.078342e+01 -3.878506e+01 1.666044e+01
      vertex   1.032978e+01 -3.048726e+01 1.664694e+01
    endloop
  endfacet
  facet normal 9.985088e-01 5.458698e-02 -6.316544e-04
    outer loop
      vertex   1.032978e+01 -3.048726e+01 1.664694e+01
      vertex   1.078342e+01 -3.878506e+01 1.666044e+01
      vertex   1.032977e+01 -3.048726e+01 1.662560e+01
    endloop
  endfacet
  facet normal 9.985088e-01 5.458695e-02 -6.391371e-04
    outer loop
      vertex   1.032977e+01 -3.048726e+01 1.662560e+01
      vertex   1.078342e+01 -3.878506e+01 1.666044e+01
      vertex   1.077370e+01 -3.878295e+01 1.660446e+00
    endloop
  endfacet
  facet normal 9.985088e-01 5.458697e-02 -6.391477e-04
    outer loop
      vertex   1.032977e+01 -3.048726e+01 1.662560e+01
      vertex   1.077370e+01 -3.878295e+01 1.660446e+00
      vertex   1.032030e+01 -3.048932e+01 1.659596e+00
    endloop
  endfacet
  facet normal 6.325976e-04 1.370772e-04 9.999998e-01
    outer loop
      vertex   -2.803774e+01 -3.037292e+01 1.668385e+01
      vertex   1.078342e+01 -3.878506e+01 1.666044e+01
      vertex   -2.767791e+01 -3.045057e+01 1.668363e+01
    endloop
  endfacet
  facet normal 6.325976e-04 1.370772e-04 9.999998e-01
    outer loop
      vertex   -2.767791e+01 -3.045057e+01 1.668363e+01
      vertex   1.078342e+01 -3.878506e+01 1.666044e+01
      vertex   6.050353e+00 -3.507160e+01 1.666293e+01
    endloop
  endfacet
  facet normal 6.325976e-04 1.370772e-04 9.999998e-01
    outer loop
      vertex   -2.767791e+01 -3.045057e+01 1.668363e+01
      vertex   6.050353e+00 -3.507160e+01 1.666293e+01
      vertex   5.774419e+00 -3.492330e+01 1.666308e+01
    endloop
  endfacet
  facet normal 6.325976e-04 1.370772e-04 9.999998e-01
    outer loop
      vertex   1.032979e+01 -3.048726e+01 1.665959e+01
      vertex   7.669578e+00 -3.406985e+01 1.666177e+01
      vertex   1.078342e+01 -3.878506e+01 1.666044e+01
    endloop
  endfacet
  facet normal 6.325976e-04 1.370772e-04 9.999998e-01
    outer loop
      vertex   1.078342e+01 -3.878506e+01 1.666044e+01
      vertex   7.669578e+00 -3.406985e+01 1.666177e+01
      vertex   7.597743e+00 -3.437476e+01 1.666185e+01
    endloop
  endfacet
  facet normal 6.325976e-04 1.370772e-04 9.999998e-01
    outer loop
      vertex   1.078342e+01 -3.878506e+01 1.666044e+01
      vertex   7.597743e+00 -3.437476e+01 1.666185e+01
      vertex   7.449438e+00 -3.465070e+01 1.666199e+01
    endloop
  endfacet
  facet normal 6.325976e-04 1.370773e-04 9.999998e-01
    outer loop
      vertex   1.055851e+01 -3.047476e+01 1.665945e+01
      vertex   -2.767791e+01 -3.045057e+01 1.668363e+01
      vertex   1.032979e+01 -3.048726e+01 1.665959e+01
    endloop
  endfacet
  facet normal 6.325976e-04 1.370772e-04 9.999998e-01
    outer loop
      vertex   1.032979e+01 -3.048726e+01 1.665959e+01
      vertex   -2.767791e+01 -3.045057e+01 1.668363e+01
      vertex   6.282873e+00 -3.276507e+01 1.666247e+01
    endloop
  endfacet
  facet normal 6.325976e-04 1.370772e-04 9.999998e-01
    outer loop
      vertex   1.032979e+01 -3.048726e+01 1.665959e+01
      vertex   6.282873e+00 -3.276507e+01 1.666247e+01
      vertex   6.595991e+00 -3.275554e+01 1.666227e+01
    endloop
  endfacet
  facet normal 6.325976e-04 1.370772e-04 9.999998e-01
    outer loop
      vertex   7.449438e+00 -3.465070e+01 1.666199e+01
      vertex   7.234770e+00 -3.487884e+01 1.666215e+01
      vertex   1.078342e+01 -3.878506e+01 1.666044e+01
    endloop
  endfacet
  facet normal 6.325976e-04 1.370772e-04 9.999998e-01
    outer loop
      vertex   1.078342e+01 -3.878506e+01 1.666044e+01
      vertex   7.234770e+00 -3.487884e+01 1.666215e+01
      vertex   6.968367e+00 -3.504366e+01 1.666234e+01
    endloop
  endfacet
  facet normal 6.325976e-04 1.370772e-04 9.999998e-01
    outer loop
      vertex   1.078342e+01 -3.878506e+01 1.666044e+01
      vertex   6.968367e+00 -3.504366e+01 1.666234e+01
      vertex   6.668386e+00 -3.513390e+01 1.666255e+01
    endloop
  endfacet
  facet normal 6.325976e-04 1.370772e-04 9.999998e-01
    outer loop
      vertex   6.668386e+00 -3.513390e+01 1.666255e+01
      vertex   6.355268e+00 -3.514344e+01 1.666275e+01
      vertex   1.078342e+01 -3.878506e+01 1.666044e+01
    endloop
  endfacet
  facet normal 6.325976e-04 1.370772e-04 9.999998e-01
    outer loop
      vertex   1.078342e+01 -3.878506e+01 1.666044e+01
      vertex   6.355268e+00 -3.514344e+01 1.666275e+01
      vertex   6.050353e+00 -3.507160e+01 1.666293e+01
    endloop
  endfacet
  facet normal 6.325976e-04 1.370772e-04 9.999998e-01
    outer loop
      vertex   5.774419e+00 -3.492330e+01 1.666308e+01
      vertex   5.546272e+00 -3.470863e+01 1.666320e+01
      vertex   -2.767791e+01 -3.045057e+01 1.668363e+01
    endloop
  endfacet
  facet normal 6.325976e-04 1.370772e-04 9.999998e-01
    outer loop
      vertex   -2.767791e+01 -3.045057e+01 1.668363e+01
      vertex   5.546272e+00 -3.470863e+01 1.666320e+01
      vertex   5.381459e+00 -3.444223e+01 1.666327e+01
    endloop
  endfacet
  facet normal 6.325976e-04 1.370772e-04 9.999998e-01
    outer loop
      vertex   -2.767791e+01 -3.045057e+01 1.668363e+01
      vertex   5.381459e+00 -3.444223e+01 1.666327e+01
      vertex   5.291212e+00 -3.414224e+01 1.666328e+01
    endloop
  endfacet
  facet normal 6.325976e-04 1.370772e-04 9.999998e-01
    outer loop
      vertex   5.291212e+00 -3.414224e+01 1.666328e+01
      vertex   5.281681e+00 -3.382913e+01 1.666324e+01
      vertex   -2.767791e+01 -3.045057e+01 1.668363e+01
    endloop
  endfacet
  facet normal 6.325976e-04 1.370772e-04 9.999998e-01
    outer loop
      vertex   -2.767791e+01 -3.045057e+01 1.668363e+01
      vertex   5.281681e+00 -3.382913e+01 1.666324e+01
      vertex   5.353516e+00 -3.352421e+01 1.666316e+01
    endloop
  endfacet
  facet normal 6.325976e-04 1.370772e-04 9.999998e-01
    outer loop
      vertex   -2.767791e+01 -3.045057e+01 1.668363e+01
      vertex   5.353516e+00 -3.352421e+01 1.666316e+01
      vertex   5.501820e+00 -3.324828e+01 1.666303e+01
    endloop
  endfacet
  facet normal 6.325976e-04 1.370772e-04 9.999998e-01
    outer loop
      vertex   5.501820e+00 -3.324828e+01 1.666303e+01
      vertex   5.716489e+00 -3.302013e+01 1.666286e+01
      vertex   -2.767791e+01 -3.045057e+01 1.668363e+01
    endloop
  endfacet
  facet normal 6.325976e-04 1.370772e-04 9.999998e-01
    outer loop
      vertex   -2.767791e+01 -3.045057e+01 1.668363e+01
      vertex   5.716489e+00 -3.302013e+01 1.666286e+01
      vertex   5.982891e+00 -3.285532e+01 1.666267e+01
    endloop
  endfacet
  facet normal 6.325976e-04 1.370772e-04 9.999998e-01
    outer loop
      vertex   -2.767791e+01 -3.045057e+01 1.668363e+01
      vertex   5.982891e+00 -3.285532e+01 1.666267e+01
      vertex   6.282873e+00 -3.276507e+01 1.666247e+01
    endloop
  endfacet
  facet normal 6.325976e-04 1.370772e-04 9.999998e-01
    outer loop
      vertex   6.595991e+00 -3.275554e+01 1.666227e+01
      vertex   6.900906e+00 -3.282737e+01 1.666208e+01
      vertex   1.032979e+01 -3.048726e+01 1.665959e+01
    endloop
  endfacet
  facet normal 6.325976e-04 1.370772e-04 9.999998e-01
    outer loop
      vertex   1.032979e+01 -3.048726e+01 1.665959e+01
      vertex   6.900906e+00 -3.282737e+01 1.666208e+01
      vertex   7.176840e+00 -3.297568e+01 1.666193e+01
    endloop
  endfacet
  facet normal 6.325976e-04 1.370772e-04 9.999998e-01
    outer loop
      vertex   1.032979e+01 -3.048726e+01 1.665959e+01
      vertex   7.176840e+00 -3.297568e+01 1.666193e+01
      vertex   7.404987e+00 -3.319035e+01 1.666181e+01
    endloop
  endfacet
  facet normal 6.325976e-04 1.370772e-04 9.999998e-01
    outer loop
      vertex   7.404987e+00 -3.319035e+01 1.666181e+01
      vertex   7.569800e+00 -3.345675e+01 1.666175e+01
      vertex   1.032979e+01 -3.048726e+01 1.665959e+01
    endloop
  endfacet
  facet normal 6.325976e-04 1.370772e-04 9.999998e-01
    outer loop
      vertex   1.032979e+01 -3.048726e+01 1.665959e+01
      vertex   7.569800e+00 -3.345675e+01 1.666175e+01
      vertex   7.660047e+00 -3.375673e+01 1.666173e+01
    endloop
  endfacet
  facet normal 6.325976e-04 1.370772e-04 9.999998e-01
    outer loop
      vertex   1.032979e+01 -3.048726e+01 1.665959e+01
      vertex   7.660047e+00 -3.375673e+01 1.666173e+01
      vertex   7.669578e+00 -3.406985e+01 1.666177e+01
    endloop
  endfacet
  facet normal -1.702096e-01 3.688262e-02 9.847174e-01
    outer loop
      vertex   -9.636305e+01 -8.692731e+01 -4.127037e+00
      vertex   -9.355254e+01 -8.742113e+01 -3.622742e+00
      vertex   -9.634498e+01 -8.653632e+01 -4.138559e+00
    endloop
  endfacet
  facet normal -1.702096e-01 3.688262e-02 9.847174e-01
    outer loop
      vertex   -9.634498e+01 -8.653632e+01 -4.138559e+00
      vertex   -9.355254e+01 -8.742113e+01 -3.622742e+00
      vertex   -9.343533e+01 -8.704756e+01 -3.616474e+00
    endloop
  endfacet
  facet normal -1.702096e-01 3.688262e-02 9.847174e-01
    outer loop
      vertex   -9.634498e+01 -8.653632e+01 -4.138559e+00
      vertex   -9.343533e+01 -8.704756e+01 -3.616474e+00
      vertex   -9.622777e+01 -8.616275e+01 -4.132290e+00
    endloop
  endfacet
  facet normal -1.702096e-01 3.688262e-02 9.847174e-01
    outer loop
      vertex   -9.622777e+01 -8.616275e+01 -4.132290e+00
      vertex   -9.343533e+01 -8.704756e+01 -3.616474e+00
      vertex   -9.341726e+01 -8.665657e+01 -3.627995e+00
    endloop
  endfacet
  facet normal -1.702096e-01 3.688262e-02 9.847174e-01
    outer loop
      vertex   -9.622777e+01 -8.616275e+01 -4.132290e+00
      vertex   -9.341726e+01 -8.665657e+01 -3.627995e+00
      vertex   -9.601940e+01 -8.583205e+01 -4.108660e+00
    endloop
  endfacet
  facet normal -1.702096e-01 3.688262e-02 9.847174e-01
    outer loop
      vertex   -9.601940e+01 -8.583205e+01 -4.108660e+00
      vertex   -9.341726e+01 -8.665657e+01 -3.627995e+00
      vertex   -9.349957e+01 -8.627480e+01 -3.656521e+00
    endloop
  endfacet
  facet normal -1.702096e-01 3.688262e-02 9.847174e-01
    outer loop
      vertex   -9.601940e+01 -8.583205e+01 -4.108660e+00
      vertex   -9.349957e+01 -8.627480e+01 -3.656521e+00
      vertex   -9.573408e+01 -8.556677e+01 -4.069277e+00
    endloop
  endfacet
  facet normal -1.702096e-01 3.688262e-02 9.847174e-01
    outer loop
      vertex   -9.573408e+01 -8.556677e+01 -4.069277e+00
      vertex   -9.349957e+01 -8.627480e+01 -3.656521e+00
      vertex   -9.367664e+01 -8.592828e+01 -3.700107e+00
    endloop
  endfacet
  facet normal -1.702096e-01 3.688262e-02 9.847174e-01
    outer loop
      vertex   -9.573408e+01 -8.556677e+01 -4.069277e+00
      vertex   -9.367664e+01 -8.592828e+01 -3.700107e+00
      vertex   -9.539124e+01 -8.538499e+01 -4.016826e+00
    endloop
  endfacet
  facet normal -1.702096e-01 3.688262e-02 9.847174e-01
    outer loop
      vertex   -9.539124e+01 -8.538499e+01 -4.016826e+00
      vertex   -9.367664e+01 -8.592828e+01 -3.700107e+00
      vertex   -9.393642e+01 -8.564061e+01 -3.755784e+00
    endloop
  endfacet
  facet normal -1.702096e-01 3.688262e-02 9.847174e-01
    outer loop
      vertex   -9.539124e+01 -8.538499e+01 -4.016826e+00
      vertex   -9.393642e+01 -8.564061e+01 -3.755784e+00
      vertex   -9.501426e+01 -8.529908e+01 -3.954882e+00
    endloop
  endfacet
  facet normal -1.702096e-01 3.688262e-02 9.847174e-01
    outer loop
      vertex   -9.501426e+01 -8.529908e+01 -3.954882e+00
      vertex   -9.393642e+01 -8.564061e+01 -3.755784e+00
      vertex   -9.426118e+01 -8.543140e+01 -3.819756e+00
    endloop
  endfacet
  facet normal -1.702096e-01 3.688262e-02 9.847174e-01
    outer loop
      vertex   -9.501426e+01 -8.529908e+01 -3.954882e+00
      vertex   -9.426118e+01 -8.543140e+01 -3.819756e+00
      vertex   -9.462881e+01 -8.531492e+01 -3.887665e+00
    endloop
  endfacet
  facet normal -1.702096e-01 3.688262e-02 9.847174e-01
    outer loop
      vertex   -9.355254e+01 -8.742113e+01 -3.622742e+00
      vertex   -9.636305e+01 -8.692731e+01 -4.127037e+00
      vertex   -9.376091e+01 -8.775182e+01 -3.646372e+00
    endloop
  endfacet
  facet normal -1.702096e-01 3.688262e-02 9.847174e-01
    outer loop
      vertex   -9.376091e+01 -8.775182e+01 -3.646372e+00
      vertex   -9.636305e+01 -8.692731e+01 -4.127037e+00
      vertex   -9.628074e+01 -8.730908e+01 -4.098511e+00
    endloop
  endfacet
  facet normal -1.702096e-01 3.688262e-02 9.847174e-01
    outer loop
      vertex   -9.376091e+01 -8.775182e+01 -3.646372e+00
      vertex   -9.628074e+01 -8.730908e+01 -4.098511e+00
      vertex   -9.404624e+01 -8.801710e+01 -3.685755e+00
    endloop
  endfacet
  facet normal -1.702096e-01 3.688262e-02 9.847174e-01
    outer loop
      vertex   -9.404624e+01 -8.801710e+01 -3.685755e+00
      vertex   -9.628074e+01 -8.730908e+01 -4.098511e+00
      vertex   -9.610367e+01 -8.765560e+01 -4.054925e+00
    endloop
  endfacet
  facet normal -1.702096e-01 3.688262e-02 9.847174e-01
    outer loop
      vertex   -9.404624e+01 -8.801710e+01 -3.685755e+00
      vertex   -9.610367e+01 -8.765560e+01 -4.054925e+00
      vertex   -9.438907e+01 -8.819889e+01 -3.738206e+00
    endloop
  endfacet
  facet normal -1.702096e-01 3.688262e-02 9.847174e-01
    outer loop
      vertex   -9.438907e+01 -8.819889e+01 -3.738206e+00
      vertex   -9.610367e+01 -8.765560e+01 -4.054925e+00
      vertex   -9.584390e+01 -8.794327e+01 -3.999248e+00
    endloop
  endfacet
  facet normal -1.702096e-01 3.688262e-02 9.847174e-01
    outer loop
      vertex   -9.438907e+01 -8.819889e+01 -3.738206e+00
      vertex   -9.584390e+01 -8.794327e+01 -3.999248e+00
      vertex   -9.476606e+01 -8.828479e+01 -3.800151e+00
    endloop
  endfacet
  facet normal -1.702096e-01 3.688262e-02 9.847174e-01
    outer loop
      vertex   -9.476606e+01 -8.828479e+01 -3.800151e+00
      vertex   -9.584390e+01 -8.794327e+01 -3.999248e+00
      vertex   -9.551913e+01 -8.815247e+01 -3.935276e+00
    endloop
  endfacet
  facet normal -1.702096e-01 3.688262e-02 9.847174e-01
    outer loop
      vertex   -9.476606e+01 -8.828479e+01 -3.800151e+00
      vertex   -9.551913e+01 -8.815247e+01 -3.935276e+00
      vertex   -9.515150e+01 -8.826896e+01 -3.867368e+00
    endloop
  endfacet
  facet normal -1.702096e-01 3.688262e-02 9.847174e-01
    outer loop
      vertex   -8.956283e+01 -4.903708e+01 -4.922218e+00
      vertex   -8.675233e+01 -4.953090e+01 -4.417923e+00
      vertex   -8.954476e+01 -4.864609e+01 -4.933740e+00
    endloop
  endfacet
  facet normal -1.702096e-01 3.688262e-02 9.847174e-01
    outer loop
      vertex   -8.954476e+01 -4.864609e+01 -4.933740e+00
      vertex   -8.675233e+01 -4.953090e+01 -4.417923e+00
      vertex   -8.663511e+01 -4.915733e+01 -4.411655e+00
    endloop
  endfacet
  facet normal -1.702096e-01 3.688262e-02 9.847174e-01
    outer loop
      vertex   -8.954476e+01 -4.864609e+01 -4.933740e+00
      vertex   -8.663511e+01 -4.915733e+01 -4.411655e+00
      vertex   -8.942755e+01 -4.827251e+01 -4.927472e+00
    endloop
  endfacet
  facet normal -1.702096e-01 3.688262e-02 9.847174e-01
    outer loop
      vertex   -8.942755e+01 -4.827251e+01 -4.927472e+00
      vertex   -8.663511e+01 -4.915733e+01 -4.411655e+00
      vertex   -8.661705e+01 -4.876634e+01 -4.423176e+00
    endloop
  endfacet
  facet normal -1.702096e-01 3.688262e-02 9.847174e-01
    outer loop
      vertex   -8.942755e+01 -4.827251e+01 -4.927472e+00
      vertex   -8.661705e+01 -4.876634e+01 -4.423176e+00
      vertex   -8.921918e+01 -4.794182e+01 -4.903841e+00
    endloop
  endfacet
  facet normal -1.702096e-01 3.688262e-02 9.847174e-01
    outer loop
      vertex   -8.921918e+01 -4.794182e+01 -4.903841e+00
      vertex   -8.661705e+01 -4.876634e+01 -4.423176e+00
      vertex   -8.669935e+01 -4.838457e+01 -4.451702e+00
    endloop
  endfacet
  facet normal -1.702096e-01 3.688262e-02 9.847174e-01
    outer loop
      vertex   -8.921918e+01 -4.794182e+01 -4.903841e+00
      vertex   -8.669935e+01 -4.838457e+01 -4.451702e+00
      vertex   -8.893386e+01 -4.767654e+01 -4.864458e+00
    endloop
  endfacet
  facet normal -1.702096e-01 3.688262e-02 9.847174e-01
    outer loop
      vertex   -8.893386e+01 -4.767654e+01 -4.864458e+00
      vertex   -8.669935e+01 -4.838457e+01 -4.451702e+00
      vertex   -8.687643e+01 -4.803805e+01 -4.495288e+00
    endloop
  endfacet
  facet normal -1.702096e-01 3.688262e-02 9.847174e-01
    outer loop
      vertex   -8.893386e+01 -4.767654e+01 -4.864458e+00
      vertex   -8.687643e+01 -4.803805e+01 -4.495288e+00
      vertex   -8.859102e+01 -4.749476e+01 -4.812007e+00
    endloop
  endfacet
  facet normal -1.702096e-01 3.688262e-02 9.847174e-01
    outer loop
      vertex   -8.859102e+01 -4.749476e+01 -4.812007e+00
      vertex   -8.687643e+01 -4.803805e+01 -4.495288e+00
      vertex   -8.713620e+01 -4.775038e+01 -4.550965e+00
    endloop
  endfacet
  facet normal -1.702096e-01 3.688262e-02 9.847174e-01
    outer loop
      vertex   -8.859102e+01 -4.749476e+01 -4.812007e+00
      vertex   -8.713620e+01 -4.775038e+01 -4.550965e+00
      vertex   -8.821404e+01 -4.740885e+01 -4.750063e+00
    endloop
  endfacet
  facet normal -1.702096e-01 3.688262e-02 9.847174e-01
    outer loop
      vertex   -8.821404e+01 -4.740885e+01 -4.750063e+00
      vertex   -8.713620e+01 -4.775038e+01 -4.550965e+00
      vertex   -8.746097e+01 -4.754117e+01 -4.614937e+00
    endloop
  endfacet
  facet normal -1.702096e-01 3.688262e-02 9.847174e-01
    outer loop
      vertex   -8.821404e+01 -4.740885e+01 -4.750063e+00
      vertex   -8.746097e+01 -4.754117e+01 -4.614937e+00
      vertex   -8.782860e+01 -4.742468e+01 -4.682846e+00
    endloop
  endfacet
  facet normal -1.702096e-01 3.688262e-02 9.847174e-01
    outer loop
      vertex   -8.675233e+01 -4.953090e+01 -4.417923e+00
      vertex   -8.956283e+01 -4.903708e+01 -4.922218e+00
      vertex   -8.696070e+01 -4.986159e+01 -4.441553e+00
    endloop
  endfacet
  facet normal -1.702096e-01 3.688262e-02 9.847174e-01
    outer loop
      vertex   -8.696070e+01 -4.986159e+01 -4.441553e+00
      vertex   -8.956283e+01 -4.903708e+01 -4.922218e+00
      vertex   -8.948053e+01 -4.941884e+01 -4.893692e+00
    endloop
  endfacet
  facet normal -1.702096e-01 3.688262e-02 9.847174e-01
    outer loop
      vertex   -8.696070e+01 -4.986159e+01 -4.441553e+00
      vertex   -8.948053e+01 -4.941884e+01 -4.893692e+00
      vertex   -8.724602e+01 -5.012687e+01 -4.480936e+00
    endloop
  endfacet
  facet normal -1.702096e-01 3.688262e-02 9.847174e-01
    outer loop
      vertex   -8.724602e+01 -5.012687e+01 -4.480936e+00
      vertex   -8.948053e+01 -4.941884e+01 -4.893692e+00
      vertex   -8.930345e+01 -4.976537e+01 -4.850106e+00
    endloop
  endfacet
  facet normal -1.702096e-01 3.688262e-02 9.847174e-01
    outer loop
      vertex   -8.724602e+01 -5.012687e+01 -4.480936e+00
      vertex   -8.930345e+01 -4.976537e+01 -4.850106e+00
      vertex   -8.758886e+01 -5.030866e+01 -4.533387e+00
    endloop
  endfacet
  facet normal -1.702096e-01 3.688262e-02 9.847174e-01
    outer loop
      vertex   -8.758886e+01 -5.030866e+01 -4.533387e+00
      vertex   -8.930345e+01 -4.976537e+01 -4.850106e+00
      vertex   -8.904368e+01 -5.005304e+01 -4.794430e+00
    endloop
  endfacet
  facet normal -1.702096e-01 3.688262e-02 9.847174e-01
    outer loop
      vertex   -8.758886e+01 -5.030866e+01 -4.533387e+00
      vertex   -8.904368e+01 -5.005304e+01 -4.794430e+00
      vertex   -8.796584e+01 -5.039456e+01 -4.595332e+00
    endloop
  endfacet
  facet normal -1.702096e-01 3.688262e-02 9.847174e-01
    outer loop
      vertex   -8.796584e+01 -5.039456e+01 -4.595332e+00
      vertex   -8.904368e+01 -5.005304e+01 -4.794430e+00
      vertex   -8.871891e+01 -5.026224e+01 -4.730457e+00
    endloop
  endfacet
  facet normal -1.702096e-01 3.688262e-02 9.847174e-01
    outer loop
      vertex   -8.796584e+01 -5.039456e+01 -4.595332e+00
      vertex   -8.871891e+01 -5.026224e+01 -4.730457e+00
      vertex   -8.835128e+01 -5.037873e+01 -4.662549e+00
    endloop
  endfacet
  facet normal 1.845196e-16 3.137489e-15 -1.000000e+00
    outer loop
      vertex   2.346819e+00 -1.387752e+02 8.664160e+00
      vertex   6.306743e+00 -1.390081e+02 8.664160e+00
      vertex   1.987883e+00 -1.393203e+02 8.664160e+00
    endloop
  endfacet
  facet normal 3.969142e-16 1.990566e-16 -1.000000e+00
    outer loop
      vertex   1.987883e+00 -1.393203e+02 8.664160e+00
      vertex   6.306743e+00 -1.390081e+02 8.664160e+00
      vertex   6.599313e+00 -1.395915e+02 8.664160e+00
    endloop
  endfacet
  facet normal 2.123946e-16 -2.938432e-15 -1.000000e+00
    outer loop
      vertex   1.987883e+00 -1.393203e+02 8.664160e+00
      vertex   6.599313e+00 -1.395915e+02 8.664160e+00
      vertex   1.782251e+00 -1.399397e+02 8.664160e+00
    endloop
  endfacet
  facet normal 0.000000e+00 0.000000e+00 -1.000000e+00
    outer loop
      vertex   1.782251e+00 -1.399397e+02 8.664160e+00
      vertex   6.599313e+00 -1.395915e+02 8.664160e+00
      vertex   6.730925e+00 -1.402307e+02 8.664160e+00
    endloop
  endfacet
  facet normal 0.000000e+00 -0.000000e+00 -1.000000e+00
    outer loop
      vertex   1.782251e+00 -1.399397e+02 8.664160e+00
      vertex   6.730925e+00 -1.402307e+02 8.664160e+00
      vertex   1.743935e+00 -1.405912e+02 8.664160e+00
    endloop
  endfacet
  facet normal 0.000000e+00 0.000000e+00 -1.000000e+00
    outer loop
      vertex   1.743935e+00 -1.405912e+02 8.664160e+00
      vertex   6.730925e+00 -1.402307e+02 8.664160e+00
      vertex   6.692609e+00 -1.408822e+02 8.664160e+00
    endloop
  endfacet
  facet normal 0.000000e+00 0.000000e+00 -1.000000e+00
    outer loop
      vertex   1.743935e+00 -1.405912e+02 8.664160e+00
      vertex   6.692609e+00 -1.408822e+02 8.664160e+00
      vertex   1.875547e+00 -1.412304e+02 8.664160e+00
    endloop
  endfacet
  facet normal 0.000000e+00 0.000000e+00 -1.000000e+00
    outer loop
      vertex   1.875547e+00 -1.412304e+02 8.664160e+00
      vertex   6.692609e+00 -1.408822e+02 8.664160e+00
      vertex   6.486977e+00 -1.415016e+02 8.664160e+00
    endloop
  endfacet
  facet normal 0.000000e+00 0.000000e+00 -1.000000e+00
    outer loop
      vertex   1.875547e+00 -1.412304e+02 8.664160e+00
      vertex   6.486977e+00 -1.415016e+02 8.664160e+00
      vertex   2.168117e+00 -1.418138e+02 8.664160e+00
    endloop
  endfacet
  facet normal 0.000000e+00 0.000000e+00 -1.000000e+00
    outer loop
      vertex   2.168117e+00 -1.418138e+02 8.664160e+00
      vertex   6.486977e+00 -1.415016e+02 8.664160e+00
      vertex   6.128042e+00 -1.420467e+02 8.664160e+00
    endloop
  endfacet
  facet normal 0.000000e+00 0.000000e+00 -1.000000e+00
    outer loop
      vertex   2.168117e+00 -1.418138e+02 8.664160e+00
      vertex   6.128042e+00 -1.420467e+02 8.664160e+00
      vertex   2.601708e+00 -1.423015e+02 8.664160e+00
    endloop
  endfacet
  facet normal 0.000000e+00 0.000000e+00 -1.000000e+00
    outer loop
      vertex   2.601708e+00 -1.423015e+02 8.664160e+00
      vertex   6.128042e+00 -1.420467e+02 8.664160e+00
      vertex   5.640265e+00 -1.424802e+02 8.664160e+00
    endloop
  endfacet
  facet normal 0.000000e+00 0.000000e+00 -1.000000e+00
    outer loop
      vertex   2.601708e+00 -1.423015e+02 8.664160e+00
      vertex   5.640265e+00 -1.424802e+02 8.664160e+00
      vertex   3.146770e+00 -1.426605e+02 8.664160e+00
    endloop
  endfacet
  facet normal 0.000000e+00 0.000000e+00 -1.000000e+00
    outer loop
      vertex   3.146770e+00 -1.426605e+02 8.664160e+00
      vertex   5.640265e+00 -1.424802e+02 8.664160e+00
      vertex   5.056887e+00 -1.427728e+02 8.664160e+00
    endloop
  endfacet
  facet normal 0.000000e+00 0.000000e+00 -1.000000e+00
    outer loop
      vertex   3.146770e+00 -1.426605e+02 8.664160e+00
      vertex   5.056887e+00 -1.427728e+02 8.664160e+00
      vertex   3.766159e+00 -1.428661e+02 8.664160e+00
    endloop
  endfacet
  facet normal 0.000000e+00 0.000000e+00 -1.000000e+00
    outer loop
      vertex   3.766159e+00 -1.428661e+02 8.664160e+00
      vertex   5.056887e+00 -1.427728e+02 8.664160e+00
      vertex   4.417664e+00 -1.429044e+02 8.664160e+00
    endloop
  endfacet
  facet normal 0.000000e+00 0.000000e+00 -1.000000e+00
    outer loop
      vertex   6.306743e+00 -1.390081e+02 8.664160e+00
      vertex   2.346819e+00 -1.387752e+02 8.664160e+00
      vertex   5.873153e+00 -1.385203e+02 8.664160e+00
    endloop
  endfacet
  facet normal -0.000000e+00 0.000000e+00 -1.000000e+00
    outer loop
      vertex   5.873153e+00 -1.385203e+02 8.664160e+00
      vertex   2.346819e+00 -1.387752e+02 8.664160e+00
      vertex   2.834596e+00 -1.383416e+02 8.664160e+00
    endloop
  endfacet
  facet normal 0.000000e+00 0.000000e+00 -1.000000e+00
    outer loop
      vertex   5.873153e+00 -1.385203e+02 8.664160e+00
      vertex   2.834596e+00 -1.383416e+02 8.664160e+00
      vertex   5.328090e+00 -1.381614e+02 8.664160e+00
    endloop
  endfacet
  facet normal -0.000000e+00 0.000000e+00 -1.000000e+00
    outer loop
      vertex   5.328090e+00 -1.381614e+02 8.664160e+00
      vertex   2.834596e+00 -1.383416e+02 8.664160e+00
      vertex   3.417974e+00 -1.380490e+02 8.664160e+00
    endloop
  endfacet
  facet normal 0.000000e+00 0.000000e+00 -1.000000e+00
    outer loop
      vertex   5.328090e+00 -1.381614e+02 8.664160e+00
      vertex   3.417974e+00 -1.380490e+02 8.664160e+00
      vertex   4.708702e+00 -1.379558e+02 8.664160e+00
    endloop
  endfacet
  facet normal -0.000000e+00 0.000000e+00 -1.000000e+00
    outer loop
      vertex   4.708702e+00 -1.379558e+02 8.664160e+00
      vertex   3.417974e+00 -1.380490e+02 8.664160e+00
      vertex   4.057196e+00 -1.379174e+02 8.664160e+00
    endloop
  endfacet
  facet normal 9.999998e-01 -8.671473e-08 -6.325976e-04
    outer loop
      vertex   1.032030e+01 -3.048726e+01 1.659596e+00
      vertex   1.032977e+01 -3.048726e+01 1.662560e+01
      vertex   1.032030e+01 -3.048932e+01 1.659596e+00
    endloop
  endfacet
  facet normal -2.640268e-15 5.233596e-02 9.986295e-01
    outer loop
      vertex   3.032979e+01 -1.273713e+02 4.367933e+00
      vertex   3.032979e+01 -3.048726e+01 -7.095446e-01
      vertex   2.483743e+01 -1.064873e+02 3.273447e+00
    endloop
  endfacet
  facet normal -5.221870e-16 5.233596e-02 9.986295e-01
    outer loop
      vertex   2.483743e+01 -1.064873e+02 3.273447e+00
      vertex   3.032979e+01 -3.048726e+01 -7.095446e-01
      vertex   2.031728e+01 -3.048726e+01 -7.095446e-01
    endloop
  endfacet
  facet normal -4.936155e-16 5.233596e-02 9.986295e-01
    outer loop
      vertex   2.483743e+01 -1.064873e+02 3.273447e+00
      vertex   2.031728e+01 -3.048726e+01 -7.095446e-01
      vertex   2.031728e+01 -1.064873e+02 3.273447e+00
    endloop
  endfacet
  facet normal -8.798536e-16 5.233596e-02 9.986295e-01
    outer loop
      vertex   2.199457e+01 -1.218570e+02 4.078941e+00
      vertex   2.377556e+01 -1.274760e+02 4.373419e+00
      vertex   2.483743e+01 -1.064873e+02 3.273447e+00
    endloop
  endfacet
  facet normal -2.579033e-16 5.233596e-02 9.986295e-01
    outer loop
      vertex   2.483743e+01 -1.064873e+02 3.273447e+00
      vertex   2.377556e+01 -1.274760e+02 4.373419e+00
      vertex   3.032979e+01 -1.274760e+02 4.373419e+00
    endloop
  endfacet
  facet normal -4.319109e-14 5.233596e-02 9.986295e-01
    outer loop
      vertex   2.483743e+01 -1.064873e+02 3.273447e+00
      vertex   3.032979e+01 -1.274760e+02 4.373419e+00
      vertex   3.032979e+01 -1.273713e+02 4.367933e+00
    endloop
  endfacet
  facet normal -3.185811e-13 5.233596e-02 9.986295e-01
    outer loop
      vertex   2.198336e+01 -1.220269e+02 4.087842e+00
      vertex   2.199216e+01 -1.220876e+02 4.091025e+00
      vertex   2.199457e+01 -1.218570e+02 4.078941e+00
    endloop
  endfacet
  facet normal 3.731198e-14 5.233596e-02 9.986295e-01
    outer loop
      vertex   2.199457e+01 -1.218570e+02 4.078941e+00
      vertex   2.199216e+01 -1.220876e+02 4.091025e+00
      vertex   2.377556e+01 -1.274760e+02 4.373419e+00
    endloop
  endfacet
  facet normal 9.914449e-01 8.230782e-15 1.305262e-01
    outer loop
      vertex   -1.611408e+01 -3.821844e+01 7.303469e+00
      vertex   -1.611408e+01 -3.048726e+01 7.303469e+00
      vertex   -1.618223e+01 -3.820638e+01 7.821107e+00
    endloop
  endfacet
  facet normal 9.914449e-01 6.949799e-15 1.305262e-01
    outer loop
      vertex   -1.618223e+01 -3.820638e+01 7.821107e+00
      vertex   -1.611408e+01 -3.048726e+01 7.303469e+00
      vertex   -1.618223e+01 -3.048726e+01 7.821107e+00
    endloop
  endfacet
  facet normal 9.914449e-01 6.739538e-15 -1.305262e-01
    outer loop
      vertex   -1.618223e+01 -3.820638e+01 7.821107e+00
      vertex   -1.618223e+01 -3.048726e+01 7.821107e+00
      vertex   -1.611408e+01 -3.048726e+01 8.338745e+00
    endloop
  endfacet
  facet normal 9.238795e-01 7.729849e-15 3.826834e-01
    outer loop
      vertex   -1.611408e+01 -3.048726e+01 7.303469e+00
      vertex   -1.611408e+01 -3.821844e+01 7.303469e+00
      vertex   -1.591428e+01 -3.048726e+01 6.821107e+00
    endloop
  endfacet
  facet normal 9.238795e-01 7.527118e-15 3.826834e-01
    outer loop
      vertex   -1.591428e+01 -3.048726e+01 6.821107e+00
      vertex   -1.611408e+01 -3.821844e+01 7.303469e+00
      vertex   -1.591428e+01 -3.825379e+01 6.821107e+00
    endloop
  endfacet
  facet normal 7.933533e-01 6.559794e-15 6.087614e-01
    outer loop
      vertex   -1.591428e+01 -3.048726e+01 6.821107e+00
      vertex   -1.591428e+01 -3.825379e+01 6.821107e+00
      vertex   -1.559645e+01 -3.048726e+01 6.406894e+00
    endloop
  endfacet
  facet normal 7.933533e-01 6.512636e-15 6.087614e-01
    outer loop
      vertex   -1.559645e+01 -3.048726e+01 6.406894e+00
      vertex   -1.591428e+01 -3.825379e+01 6.821107e+00
      vertex   -1.559645e+01 -3.831003e+01 6.406894e+00
    endloop
  endfacet
  facet normal 6.087614e-01 5.108441e-15 7.933533e-01
    outer loop
      vertex   -1.559645e+01 -3.048726e+01 6.406894e+00
      vertex   -1.559645e+01 -3.831003e+01 6.406894e+00
      vertex   -1.518223e+01 -3.048726e+01 6.089056e+00
    endloop
  endfacet
  facet normal 6.087614e-01 5.061025e-15 7.933533e-01
    outer loop
      vertex   -1.518223e+01 -3.048726e+01 6.089056e+00
      vertex   -1.559645e+01 -3.831003e+01 6.406894e+00
      vertex   -1.518223e+01 -3.838332e+01 6.089056e+00
    endloop
  endfacet
  facet normal 3.826834e-01 3.324963e-15 9.238795e-01
    outer loop
      vertex   -1.518223e+01 -3.048726e+01 6.089056e+00
      vertex   -1.518223e+01 -3.838332e+01 6.089056e+00
      vertex   -1.469987e+01 -3.048726e+01 5.889255e+00
    endloop
  endfacet
  facet normal 3.826834e-01 3.168958e-15 9.238795e-01
    outer loop
      vertex   -1.469987e+01 -3.048726e+01 5.889255e+00
      vertex   -1.518223e+01 -3.838332e+01 6.089056e+00
      vertex   -1.469987e+01 -3.846867e+01 5.889255e+00
    endloop
  endfacet
  facet normal 1.305262e-01 1.156135e-15 9.914449e-01
    outer loop
      vertex   -1.469987e+01 -3.048726e+01 5.889255e+00
      vertex   -1.469987e+01 -3.846867e+01 5.889255e+00
      vertex   -1.418223e+01 -3.048726e+01 5.821107e+00
    endloop
  endfacet
  facet normal 1.305262e-01 1.143018e-15 9.914449e-01
    outer loop
      vertex   -1.418223e+01 -3.048726e+01 5.821107e+00
      vertex   -1.469987e+01 -3.846867e+01 5.889255e+00
      vertex   -1.418223e+01 -3.856026e+01 5.821107e+00
    endloop
  endfacet
  facet normal -1.305262e-01 -9.248637e-16 9.914449e-01
    outer loop
      vertex   -1.418223e+01 -3.048726e+01 5.821107e+00
      vertex   -1.418223e+01 -3.856026e+01 5.821107e+00
      vertex   -1.366459e+01 -3.048726e+01 5.889255e+00
    endloop
  endfacet
  facet normal -1.305262e-01 -1.022342e-15 9.914449e-01
    outer loop
      vertex   -1.366459e+01 -3.048726e+01 5.889255e+00
      vertex   -1.418223e+01 -3.856026e+01 5.821107e+00
      vertex   -1.366459e+01 -3.865185e+01 5.889255e+00
    endloop
  endfacet
  facet normal -3.826834e-01 -2.997356e-15 9.238795e-01
    outer loop
      vertex   -1.366459e+01 -3.048726e+01 5.889255e+00
      vertex   -1.366459e+01 -3.865185e+01 5.889255e+00
      vertex   -1.318223e+01 -3.048726e+01 6.089056e+00
    endloop
  endfacet
  facet normal -3.826834e-01 -2.949282e-15 9.238795e-01
    outer loop
      vertex   -1.318223e+01 -3.048726e+01 6.089056e+00
      vertex   -1.366459e+01 -3.865185e+01 5.889255e+00
      vertex   -1.318223e+01 -3.873719e+01 6.089056e+00
    endloop
  endfacet
  facet normal -6.087614e-01 -4.764442e-15 7.933533e-01
    outer loop
      vertex   -1.318223e+01 -3.048726e+01 6.089056e+00
      vertex   -1.318223e+01 -3.873719e+01 6.089056e+00
      vertex   -1.276802e+01 -3.048726e+01 6.406894e+00
    endloop
  endfacet
  facet normal -6.087614e-01 -4.767752e-15 7.933533e-01
    outer loop
      vertex   -1.276802e+01 -3.048726e+01 6.406894e+00
      vertex   -1.318223e+01 -3.873719e+01 6.089056e+00
      vertex   -1.276802e+01 -3.881049e+01 6.406894e+00
    endloop
  endfacet
  facet normal -7.933533e-01 -6.304194e-15 6.087614e-01
    outer loop
      vertex   -1.276802e+01 -3.048726e+01 6.406894e+00
      vertex   -1.276802e+01 -3.881049e+01 6.406894e+00
      vertex   -1.245018e+01 -3.048726e+01 6.821107e+00
    endloop
  endfacet
  facet normal -7.933533e-01 -6.222752e-15 6.087614e-01
    outer loop
      vertex   -1.245018e+01 -3.048726e+01 6.821107e+00
      vertex   -1.276802e+01 -3.881049e+01 6.406894e+00
      vertex   -1.245018e+01 -3.886672e+01 6.821107e+00
    endloop
  endfacet
  facet normal -9.238795e-01 -7.246549e-15 3.826834e-01
    outer loop
      vertex   -1.245018e+01 -3.048726e+01 6.821107e+00
      vertex   -1.245018e+01 -3.886672e+01 6.821107e+00
      vertex   -1.225038e+01 -3.048726e+01 7.303469e+00
    endloop
  endfacet
  facet normal -9.238795e-01 -7.216104e-15 3.826834e-01
    outer loop
      vertex   -1.225038e+01 -3.048726e+01 7.303469e+00
      vertex   -1.245018e+01 -3.886672e+01 6.821107e+00
      vertex   -1.225038e+01 -3.890208e+01 7.303469e+00
    endloop
  endfacet
  facet normal -9.914449e-01 -7.743834e-15 1.305262e-01
    outer loop
      vertex   -1.225038e+01 -3.048726e+01 7.303469e+00
      vertex   -1.225038e+01 -3.890208e+01 7.303469e+00
      vertex   -1.218223e+01 -3.048726e+01 7.821107e+00
    endloop
  endfacet
  facet normal -9.914449e-01 -7.941746e-15 1.305262e-01
    outer loop
      vertex   -1.218223e+01 -3.048726e+01 7.821107e+00
      vertex   -1.225038e+01 -3.890208e+01 7.303469e+00
      vertex   -1.218223e+01 -3.891413e+01 7.821107e+00
    endloop
  endfacet
  facet normal -9.914449e-01 -7.941746e-15 -1.305262e-01
    outer loop
      vertex   -1.218223e+01 -3.048726e+01 7.821107e+00
      vertex   -1.218223e+01 -3.891413e+01 7.821107e+00
      vertex   -1.225038e+01 -3.890208e+01 8.338745e+00
    endloop
  endfacet
  facet normal -9.914449e-01 -7.745306e-15 -1.305262e-01
    outer loop
      vertex   -1.218223e+01 -3.048726e+01 7.821107e+00
      vertex   -1.225038e+01 -3.890208e+01 8.338745e+00
      vertex   -1.225038e+01 -3.048726e+01 8.338745e+00
    endloop
  endfacet
  facet normal -9.238795e-01 -7.216104e-15 -3.826834e-01
    outer loop
      vertex   -1.225038e+01 -3.048726e+01 8.338745e+00
      vertex   -1.225038e+01 -3.890208e+01 8.338745e+00
      vertex   -1.245018e+01 -3.886672e+01 8.821107e+00
    endloop
  endfacet
  facet normal -9.238795e-01 -7.327545e-15 -3.826834e-01
    outer loop
      vertex   -1.225038e+01 -3.048726e+01 8.338745e+00
      vertex   -1.245018e+01 -3.886672e+01 8.821107e+00
      vertex   -1.245018e+01 -3.048726e+01 8.821107e+00
    endloop
  endfacet
  facet normal -7.933533e-01 -6.351803e-15 -6.087614e-01
    outer loop
      vertex   -1.245018e+01 -3.048726e+01 8.821107e+00
      vertex   -1.245018e+01 -3.886672e+01 8.821107e+00
      vertex   -1.276802e+01 -3.881049e+01 9.235321e+00
    endloop
  endfacet
  facet normal -7.933533e-01 -6.265707e-15 -6.087614e-01
    outer loop
      vertex   -1.245018e+01 -3.048726e+01 8.821107e+00
      vertex   -1.276802e+01 -3.881049e+01 9.235321e+00
      vertex   -1.276802e+01 -3.048726e+01 9.235321e+00
    endloop
  endfacet
  facet normal -6.087614e-01 -4.807148e-15 -7.933533e-01
    outer loop
      vertex   -1.276802e+01 -3.048726e+01 9.235321e+00
      vertex   -1.276802e+01 -3.881049e+01 9.235321e+00
      vertex   -1.318223e+01 -3.873719e+01 9.553158e+00
    endloop
  endfacet
  facet normal -6.087614e-01 -4.845739e-15 -7.933533e-01
    outer loop
      vertex   -1.276802e+01 -3.048726e+01 9.235321e+00
      vertex   -1.318223e+01 -3.873719e+01 9.553158e+00
      vertex   -1.318223e+01 -3.048726e+01 9.553158e+00
    endloop
  endfacet
  facet normal -3.826834e-01 -3.048746e-15 -9.238795e-01
    outer loop
      vertex   -1.318223e+01 -3.048726e+01 9.553158e+00
      vertex   -1.318223e+01 -3.873719e+01 9.553158e+00
      vertex   -1.366459e+01 -3.865185e+01 9.752959e+00
    endloop
  endfacet
  facet normal -3.826834e-01 -3.366271e-15 -9.238795e-01
    outer loop
      vertex   -1.318223e+01 -3.048726e+01 9.553158e+00
      vertex   -1.366459e+01 -3.865185e+01 9.752959e+00
      vertex   -1.366459e+01 -3.048726e+01 9.752959e+00
    endloop
  endfacet
  facet normal -1.305262e-01 -1.294846e-15 -9.914449e-01
    outer loop
      vertex   -1.366459e+01 -3.048726e+01 9.752959e+00
      vertex   -1.366459e+01 -3.865185e+01 9.752959e+00
      vertex   -1.418223e+01 -3.856026e+01 9.821107e+00
    endloop
  endfacet
  facet normal -1.305262e-01 -1.251156e-15 -9.914449e-01
    outer loop
      vertex   -1.366459e+01 -3.048726e+01 9.752959e+00
      vertex   -1.418223e+01 -3.856026e+01 9.821107e+00
      vertex   -1.418223e+01 -3.048726e+01 9.821107e+00
    endloop
  endfacet
  facet normal 1.305262e-01 8.157865e-16 -9.914449e-01
    outer loop
      vertex   -1.418223e+01 -3.048726e+01 9.821107e+00
      vertex   -1.418223e+01 -3.856026e+01 9.821107e+00
      vertex   -1.469987e+01 -3.846867e+01 9.752959e+00
    endloop
  endfacet
  facet normal 1.305262e-01 8.542218e-16 -9.914449e-01
    outer loop
      vertex   -1.418223e+01 -3.048726e+01 9.821107e+00
      vertex   -1.469987e+01 -3.846867e+01 9.752959e+00
      vertex   -1.469987e+01 -3.048726e+01 9.752959e+00
    endloop
  endfacet
  facet normal 3.826834e-01 2.945698e-15 -9.238795e-01
    outer loop
      vertex   -1.469987e+01 -3.048726e+01 9.752959e+00
      vertex   -1.469987e+01 -3.846867e+01 9.752959e+00
      vertex   -1.518223e+01 -3.838332e+01 9.553158e+00
    endloop
  endfacet
  facet normal 3.826834e-01 3.012836e-15 -9.238795e-01
    outer loop
      vertex   -1.469987e+01 -3.048726e+01 9.752959e+00
      vertex   -1.518223e+01 -3.838332e+01 9.553158e+00
      vertex   -1.518223e+01 -3.048726e+01 9.553158e+00
    endloop
  endfacet
  facet normal 6.087614e-01 4.793307e-15 -7.933533e-01
    outer loop
      vertex   -1.518223e+01 -3.048726e+01 9.553158e+00
      vertex   -1.518223e+01 -3.838332e+01 9.553158e+00
      vertex   -1.559645e+01 -3.831003e+01 9.235321e+00
    endloop
  endfacet
  facet normal 6.087614e-01 4.655034e-15 -7.933533e-01
    outer loop
      vertex   -1.518223e+01 -3.048726e+01 9.553158e+00
      vertex   -1.559645e+01 -3.831003e+01 9.235321e+00
      vertex   -1.559645e+01 -3.048726e+01 9.235321e+00
    endloop
  endfacet
  facet normal 7.933533e-01 6.167049e-15 -6.087614e-01
    outer loop
      vertex   -1.559645e+01 -3.048726e+01 9.235321e+00
      vertex   -1.559645e+01 -3.831003e+01 9.235321e+00
      vertex   -1.591428e+01 -3.825379e+01 8.821107e+00
    endloop
  endfacet
  facet normal 7.933533e-01 6.215149e-15 -6.087614e-01
    outer loop
      vertex   -1.559645e+01 -3.048726e+01 9.235321e+00
      vertex   -1.591428e+01 -3.825379e+01 8.821107e+00
      vertex   -1.591428e+01 -3.048726e+01 8.821107e+00
    endloop
  endfacet
  facet normal 9.238795e-01 7.308300e-15 -3.826834e-01
    outer loop
      vertex   -1.591428e+01 -3.048726e+01 8.821107e+00
      vertex   -1.591428e+01 -3.825379e+01 8.821107e+00
      vertex   -1.611408e+01 -3.821844e+01 8.338745e+00
    endloop
  endfacet
  facet normal 9.238795e-01 7.467529e-15 -3.826834e-01
    outer loop
      vertex   -1.591428e+01 -3.048726e+01 8.821107e+00
      vertex   -1.611408e+01 -3.821844e+01 8.338745e+00
      vertex   -1.611408e+01 -3.048726e+01 8.338745e+00
    endloop
  endfacet
  facet normal 9.914449e-01 8.140811e-15 -1.305262e-01
    outer loop
      vertex   -1.611408e+01 -3.048726e+01 8.338745e+00
      vertex   -1.611408e+01 -3.821844e+01 8.338745e+00
      vertex   -1.618223e+01 -3.820638e+01 7.821107e+00
    endloop
  endfacet
  facet normal 9.291062e-31 1.000000e+00 -3.428126e-15
    outer loop
      vertex   3.032979e+01 -1.274760e+02 4.373419e+00
      vertex   2.377556e+01 -1.274760e+02 4.373419e+00
      vertex   3.032979e+01 -1.274760e+02 1.266416e+01
    endloop
  endfacet
  facet normal -3.605941e-15 1.000000e+00 -5.774567e-16
    outer loop
      vertex   3.032979e+01 -1.274760e+02 1.266416e+01
      vertex   2.377556e+01 -1.274760e+02 4.373419e+00
      vertex   2.244788e+01 -1.274760e+02 1.266416e+01
    endloop
  endfacet
  facet normal -1.000000e+00 -1.500036e-14 -3.552715e-15
    outer loop
      vertex   2.292979e+01 -1.374109e+02 1.166416e+01
      vertex   2.292979e+01 -1.509109e+02 1.166416e+01
      vertex   2.292979e+01 -1.374109e+02 1.266416e+01
    endloop
  endfacet
  facet normal -1.000000e+00 -1.473719e-14 -7.105430e-15
    outer loop
      vertex   2.292979e+01 -1.374109e+02 1.266416e+01
      vertex   2.292979e+01 -1.509109e+02 1.166416e+01
      vertex   2.292979e+01 -1.509109e+02 1.266416e+01
    endloop
  endfacet
  facet normal -1.229124e-13 8.881784e-16 1.000000e+00
    outer loop
      vertex   1.937979e+01 -1.424109e+02 1.166416e+01
      vertex   1.782979e+01 -1.509109e+02 1.166416e+01
      vertex   1.937979e+01 -1.464109e+02 1.166416e+01
    endloop
  endfacet
  facet normal -8.011021e-15 -3.868897e-14 1.000000e+00
    outer loop
      vertex   1.937979e+01 -1.464109e+02 1.166416e+01
      vertex   1.782979e+01 -1.509109e+02 1.166416e+01
      vertex   2.292979e+01 -1.509109e+02 1.166416e+01
    endloop
  endfacet
  facet normal 1.048051e-13 5.031037e-14 1.000000e+00
    outer loop
      vertex   1.937979e+01 -1.464109e+02 1.166416e+01
      vertex   2.292979e+01 -1.509109e+02 1.166416e+01
      vertex   2.137979e+01 -1.464109e+02 1.166416e+01
    endloop
  endfacet
  facet normal -3.867874e-14 8.881784e-16 1.000000e+00
    outer loop
      vertex   2.137979e+01 -1.464109e+02 1.166416e+01
      vertex   2.292979e+01 -1.509109e+02 1.166416e+01
      vertex   2.137979e+01 -1.424109e+02 1.166416e+01
    endloop
  endfacet
  facet normal -2.546427e-16 7.894925e-15 1.000000e+00
    outer loop
      vertex   2.137979e+01 -1.424109e+02 1.166416e+01
      vertex   2.292979e+01 -1.509109e+02 1.166416e+01
      vertex   2.292979e+01 -1.374109e+02 1.166416e+01
    endloop
  endfacet
  facet normal -8.011021e-15 1.029941e-14 1.000000e+00
    outer loop
      vertex   2.137979e+01 -1.424109e+02 1.166416e+01
      vertex   2.292979e+01 -1.374109e+02 1.166416e+01
      vertex   1.782979e+01 -1.374109e+02 1.166416e+01
    endloop
  endfacet
  facet normal -1.613365e-13 7.894925e-15 1.000000e+00
    outer loop
      vertex   1.782979e+01 -1.509109e+02 1.166416e+01
      vertex   1.937979e+01 -1.424109e+02 1.166416e+01
      vertex   1.782979e+01 -1.374109e+02 1.166416e+01
    endloop
  endfacet
  facet normal 1.048051e-13 9.039898e-14 1.000000e+00
    outer loop
      vertex   1.782979e+01 -1.374109e+02 1.166416e+01
      vertex   1.937979e+01 -1.424109e+02 1.166416e+01
      vertex   2.137979e+01 -1.424109e+02 1.166416e+01
    endloop
  endfacet
  facet normal -2.314673e-09 -6.096328e-08 1.000000e+00
    outer loop
      vertex   1.782979e+01 -1.444977e+02 1.266416e+01
      vertex   1.256224e+01 -1.507109e+02 1.266416e+01
      vertex   1.782979e+01 -1.509109e+02 1.266416e+01
    endloop
  endfacet
  facet normal 0.000000e+00 0.000000e+00 1.000000e+00
    outer loop
      vertex   1.782979e+01 -1.509109e+02 1.266416e+01
      vertex   1.256224e+01 -1.507109e+02 1.266416e+01
      vertex   1.115660e+01 -1.509109e+02 1.266416e+01
    endloop
  endfacet
  facet normal 0.000000e+00 -0.000000e+00 1.000000e+00
    outer loop
      vertex   1.115660e+01 -1.509109e+02 1.266416e+01
      vertex   1.256224e+01 -1.507109e+02 1.266416e+01
      vertex   1.115660e+01 -1.507109e+02 1.266416e+01
    endloop
  endfacet
  facet normal 1.305262e-01 1.055708e-15 -9.914449e-01
    outer loop
      vertex   2.035497e+01 -1.509109e+02 9.119012e+00
      vertex   2.035497e+01 -1.444109e+02 9.119012e+00
      vertex   2.074320e+01 -1.509109e+02 9.170124e+00
    endloop
  endfacet
  facet normal 1.305262e-01 1.055708e-15 -9.914449e-01
    outer loop
      vertex   2.074320e+01 -1.509109e+02 9.170124e+00
      vertex   2.035497e+01 -1.444109e+02 9.119012e+00
      vertex   2.074320e+01 -1.444109e+02 9.170124e+00
    endloop
  endfacet
  facet normal -1.305262e-01 -5.138130e-16 -9.914449e-01
    outer loop
      vertex   2.074320e+01 -1.509109e+02 9.170124e+00
      vertex   2.074320e+01 -1.444109e+02 9.170124e+00
      vertex   2.113142e+01 -1.509109e+02 9.119012e+00
    endloop
  endfacet
  facet normal -1.305262e-01 -2.428653e-16 -9.914449e-01
    outer loop
      vertex   2.113142e+01 -1.509109e+02 9.119012e+00
      vertex   2.074320e+01 -1.444109e+02 9.170124e+00
      vertex   2.113142e+01 -1.444109e+02 9.119012e+00
    endloop
  endfacet
  facet normal -3.826834e-01 -1.795836e-15 -9.238795e-01
    outer loop
      vertex   2.113142e+01 -1.509109e+02 9.119012e+00
      vertex   2.113142e+01 -1.444109e+02 9.119012e+00
      vertex   2.149320e+01 -1.509109e+02 8.969162e+00
    endloop
  endfacet
  facet normal -3.826834e-01 -2.004999e-15 -9.238795e-01
    outer loop
      vertex   2.149320e+01 -1.509109e+02 8.969162e+00
      vertex   2.113142e+01 -1.444109e+02 9.119012e+00
      vertex   2.149320e+01 -1.444109e+02 8.969162e+00
    endloop
  endfacet
  facet normal -6.087614e-01 -3.559154e-15 -7.933533e-01
    outer loop
      vertex   2.149320e+01 -1.509109e+02 8.969162e+00
      vertex   2.149320e+01 -1.444109e+02 8.969162e+00
      vertex   2.180386e+01 -1.509109e+02 8.730784e+00
    endloop
  endfacet
  facet normal -6.087614e-01 -3.775966e-15 -7.933533e-01
    outer loop
      vertex   2.180386e+01 -1.509109e+02 8.730784e+00
      vertex   2.149320e+01 -1.444109e+02 8.969162e+00
      vertex   2.180386e+01 -1.444109e+02 8.730784e+00
    endloop
  endfacet
  facet normal -7.933533e-01 -5.037125e-15 -6.087614e-01
    outer loop
      vertex   2.180386e+01 -1.509109e+02 8.730784e+00
      vertex   2.180386e+01 -1.444109e+02 8.730784e+00
      vertex   2.204223e+01 -1.509109e+02 8.420124e+00
    endloop
  endfacet
  facet normal -7.933533e-01 -4.437135e-15 -6.087614e-01
    outer loop
      vertex   2.204223e+01 -1.509109e+02 8.420124e+00
      vertex   2.180386e+01 -1.444109e+02 8.730784e+00
      vertex   2.204223e+01 -1.444109e+02 8.420124e+00
    endloop
  endfacet
  facet normal -9.238795e-01 -5.345463e-15 -3.826834e-01
    outer loop
      vertex   2.204223e+01 -1.509109e+02 8.420124e+00
      vertex   2.204223e+01 -1.444109e+02 8.420124e+00
      vertex   2.219208e+01 -1.509109e+02 8.058352e+00
    endloop
  endfacet
  facet normal -9.238795e-01 -5.450045e-15 -3.826834e-01
    outer loop
      vertex   2.219208e+01 -1.509109e+02 8.058352e+00
      vertex   2.204223e+01 -1.444109e+02 8.420124e+00
      vertex   2.219208e+01 -1.444109e+02 8.058352e+00
    endloop
  endfacet
  facet normal -9.914449e-01 -5.925178e-15 -1.305262e-01
    outer loop
      vertex   2.219208e+01 -1.509109e+02 8.058352e+00
      vertex   2.219208e+01 -1.444109e+02 8.058352e+00
      vertex   2.224320e+01 -1.509109e+02 7.670124e+00
    endloop
  endfacet
  facet normal -9.914449e-01 -5.907342e-15 -1.305262e-01
    outer loop
      vertex   2.224320e+01 -1.509109e+02 7.670124e+00
      vertex   2.219208e+01 -1.444109e+02 8.058352e+00
      vertex   2.224320e+01 -1.444109e+02 7.670124e+00
    endloop
  endfacet
  facet normal -9.914449e-01 -6.014355e-15 1.305262e-01
    outer loop
      vertex   2.224320e+01 -1.509109e+02 7.670124e+00
      vertex   2.224320e+01 -1.444109e+02 7.670124e+00
      vertex   2.219208e+01 -1.509109e+02 7.281895e+00
    endloop
  endfacet
  facet normal -9.914449e-01 -5.472460e-15 1.305262e-01
    outer loop
      vertex   2.219208e+01 -1.509109e+02 7.281895e+00
      vertex   2.224320e+01 -1.444109e+02 7.670124e+00
      vertex   2.219208e+01 -1.444109e+02 7.281895e+00
    endloop
  endfacet
  facet normal -9.238795e-01 -5.206534e-15 3.826834e-01
    outer loop
      vertex   2.219208e+01 -1.509109e+02 7.281895e+00
      vertex   2.219208e+01 -1.444109e+02 7.281895e+00
      vertex   2.204223e+01 -1.509109e+02 6.920124e+00
    endloop
  endfacet
  facet normal -9.238795e-01 -6.164175e-15 3.826834e-01
    outer loop
      vertex   2.204223e+01 -1.509109e+02 6.920124e+00
      vertex   2.219208e+01 -1.444109e+02 7.281895e+00
      vertex   2.204223e+01 -1.444109e+02 6.920124e+00
    endloop
  endfacet
  facet normal -7.933533e-01 -5.369856e-15 6.087614e-01
    outer loop
      vertex   2.204223e+01 -1.509109e+02 6.920124e+00
      vertex   2.204223e+01 -1.444109e+02 6.920124e+00
      vertex   2.180386e+01 -1.509109e+02 6.609463e+00
    endloop
  endfacet
  facet normal -7.933533e-01 -5.019415e-15 6.087614e-01
    outer loop
      vertex   2.180386e+01 -1.509109e+02 6.609463e+00
      vertex   2.204223e+01 -1.444109e+02 6.920124e+00
      vertex   2.180386e+01 -1.444109e+02 6.609463e+00
    endloop
  endfacet
  facet normal -6.087614e-01 -3.985265e-15 7.933533e-01
    outer loop
      vertex   2.180386e+01 -1.509109e+02 6.609463e+00
      vertex   2.180386e+01 -1.444109e+02 6.609463e+00
      vertex   2.149320e+01 -1.509109e+02 6.371085e+00
    endloop
  endfacet
  facet normal -6.087614e-01 -3.876859e-15 7.933533e-01
    outer loop
      vertex   2.149320e+01 -1.509109e+02 6.371085e+00
      vertex   2.180386e+01 -1.444109e+02 6.609463e+00
      vertex   2.149320e+01 -1.444109e+02 6.371085e+00
    endloop
  endfacet
  facet normal -3.826834e-01 -2.553285e-15 9.238795e-01
    outer loop
      vertex   2.149320e+01 -1.509109e+02 6.371085e+00
      vertex   2.149320e+01 -1.444109e+02 6.371085e+00
      vertex   2.113142e+01 -1.509109e+02 6.221235e+00
    endloop
  endfacet
  facet normal -3.826834e-01 -2.553285e-15 9.238795e-01
    outer loop
      vertex   2.113142e+01 -1.509109e+02 6.221235e+00
      vertex   2.149320e+01 -1.444109e+02 6.371085e+00
      vertex   2.113142e+01 -1.444109e+02 6.221235e+00
    endloop
  endfacet
  facet normal -1.305262e-01 -1.055708e-15 9.914449e-01
    outer loop
      vertex   2.113142e+01 -1.509109e+02 6.221235e+00
      vertex   2.113142e+01 -1.444109e+02 6.221235e+00
      vertex   2.074320e+01 -1.509109e+02 6.170124e+00
    endloop
  endfacet
  facet normal -1.305262e-01 -9.418642e-16 9.914449e-01
    outer loop
      vertex   2.074320e+01 -1.509109e+02 6.170124e+00
      vertex   2.113142e+01 -1.444109e+02 6.221235e+00
      vertex   2.074320e+01 -1.444109e+02 6.170124e+00
    endloop
  endfacet
  facet normal 1.305262e-01 1.483760e-15 9.914449e-01
    outer loop
      vertex   2.074320e+01 -1.509109e+02 6.170124e+00
      vertex   2.074320e+01 -1.444109e+02 6.170124e+00
      vertex   2.035497e+01 -1.509109e+02 6.221235e+00
    endloop
  endfacet
  facet normal 1.305262e-01 3.783391e-16 9.914449e-01
    outer loop
      vertex   2.035497e+01 -1.509109e+02 6.221235e+00
      vertex   2.074320e+01 -1.444109e+02 6.170124e+00
      vertex   2.035497e+01 -1.444109e+02 6.221235e+00
    endloop
  endfacet
  facet normal 3.826834e-01 1.922077e-15 9.238795e-01
    outer loop
      vertex   2.035497e+01 -1.509109e+02 6.221235e+00
      vertex   2.035497e+01 -1.444109e+02 6.221235e+00
      vertex   1.999320e+01 -1.509109e+02 6.371085e+00
    endloop
  endfacet
  facet normal 3.826834e-01 2.131241e-15 9.238795e-01
    outer loop
      vertex   1.999320e+01 -1.509109e+02 6.371085e+00
      vertex   2.035497e+01 -1.444109e+02 6.221235e+00
      vertex   1.999320e+01 -1.444109e+02 6.371085e+00
    endloop
  endfacet
  facet normal 6.087614e-01 3.667560e-15 7.933533e-01
    outer loop
      vertex   1.999320e+01 -1.509109e+02 6.371085e+00
      vertex   1.999320e+01 -1.444109e+02 6.371085e+00
      vertex   1.968254e+01 -1.509109e+02 6.609463e+00
    endloop
  endfacet
  facet normal 6.087614e-01 3.334829e-15 7.933533e-01
    outer loop
      vertex   1.968254e+01 -1.509109e+02 6.609463e+00
      vertex   1.999320e+01 -1.444109e+02 6.371085e+00
      vertex   1.968254e+01 -1.444109e+02 6.609463e+00
    endloop
  endfacet
  facet normal 7.933533e-01 4.520317e-15 6.087614e-01
    outer loop
      vertex   1.968254e+01 -1.509109e+02 6.609463e+00
      vertex   1.968254e+01 -1.444109e+02 6.609463e+00
      vertex   1.944416e+01 -1.509109e+02 6.920124e+00
    endloop
  endfacet
  facet normal 7.933533e-01 4.437135e-15 6.087614e-01
    outer loop
      vertex   1.944416e+01 -1.509109e+02 6.920124e+00
      vertex   1.968254e+01 -1.444109e+02 6.609463e+00
      vertex   1.944416e+01 -1.444109e+02 6.920124e+00
    endloop
  endfacet
  facet normal 9.238795e-01 5.345463e-15 3.826834e-01
    outer loop
      vertex   1.944416e+01 -1.509109e+02 6.920124e+00
      vertex   1.944416e+01 -1.444109e+02 6.920124e+00
      vertex   1.929431e+01 -1.509109e+02 7.281895e+00
    endloop
  endfacet
  facet normal 9.238795e-01 5.345463e-15 3.826834e-01
    outer loop
      vertex   1.929431e+01 -1.509109e+02 7.281895e+00
      vertex   1.944416e+01 -1.444109e+02 6.920124e+00
      vertex   1.929431e+01 -1.444109e+02 7.281895e+00
    endloop
  endfacet
  facet normal 9.914449e-01 5.889507e-15 1.305262e-01
    outer loop
      vertex   1.929431e+01 -1.509109e+02 7.281895e+00
      vertex   1.929431e+01 -1.444109e+02 7.281895e+00
      vertex   1.924320e+01 -1.509109e+02 7.670124e+00
    endloop
  endfacet
  facet normal 9.914449e-01 5.925178e-15 1.305262e-01
    outer loop
      vertex   1.924320e+01 -1.509109e+02 7.670124e+00
      vertex   1.929431e+01 -1.444109e+02 7.281895e+00
      vertex   1.924320e+01 -1.444109e+02 7.670124e+00
    endloop
  endfacet
  facet normal 9.914449e-01 5.996520e-15 -1.305262e-01
    outer loop
      vertex   1.924320e+01 -1.509109e+02 7.670124e+00
      vertex   1.924320e+01 -1.444109e+02 7.670124e+00
      vertex   1.929431e+01 -1.509109e+02 8.058352e+00
    endloop
  endfacet
  facet normal 9.914449e-01 6.032191e-15 -1.305262e-01
    outer loop
      vertex   1.929431e+01 -1.509109e+02 8.058352e+00
      vertex   1.924320e+01 -1.444109e+02 7.670124e+00
      vertex   1.929431e+01 -1.444109e+02 8.058352e+00
    endloop
  endfacet
  facet normal 9.238795e-01 5.763791e-15 -3.826834e-01
    outer loop
      vertex   1.929431e+01 -1.509109e+02 8.058352e+00
      vertex   1.929431e+01 -1.444109e+02 8.058352e+00
      vertex   1.944416e+01 -1.509109e+02 8.420124e+00
    endloop
  endfacet
  facet normal 9.238795e-01 5.659209e-15 -3.826834e-01
    outer loop
      vertex   1.944416e+01 -1.509109e+02 8.420124e+00
      vertex   1.929431e+01 -1.444109e+02 8.058352e+00
      vertex   1.944416e+01 -1.444109e+02 8.420124e+00
    endloop
  endfacet
  facet normal 7.933533e-01 4.936232e-15 -6.087614e-01
    outer loop
      vertex   1.944416e+01 -1.509109e+02 8.420124e+00
      vertex   1.944416e+01 -1.444109e+02 8.420124e+00
      vertex   1.968254e+01 -1.509109e+02 8.730784e+00
    endloop
  endfacet
  facet normal 7.933533e-01 5.102598e-15 -6.087614e-01
    outer loop
      vertex   1.968254e+01 -1.509109e+02 8.730784e+00
      vertex   1.944416e+01 -1.444109e+02 8.420124e+00
      vertex   1.968254e+01 -1.444109e+02 8.730784e+00
    endloop
  endfacet
  facet normal 6.087614e-01 4.093671e-15 -7.933533e-01
    outer loop
      vertex   1.968254e+01 -1.509109e+02 8.730784e+00
      vertex   1.968254e+01 -1.444109e+02 8.730784e+00
      vertex   1.999320e+01 -1.509109e+02 8.969162e+00
    endloop
  endfacet
  facet normal 6.087614e-01 4.093671e-15 -7.933533e-01
    outer loop
      vertex   1.999320e+01 -1.509109e+02 8.969162e+00
      vertex   1.968254e+01 -1.444109e+02 8.730784e+00
      vertex   1.999320e+01 -1.444109e+02 8.969162e+00
    endloop
  endfacet
  facet normal 3.826834e-01 2.805768e-15 -9.238795e-01
    outer loop
      vertex   1.999320e+01 -1.509109e+02 8.969162e+00
      vertex   1.999320e+01 -1.444109e+02 8.969162e+00
      vertex   2.035497e+01 -1.509109e+02 9.119012e+00
    endloop
  endfacet
  facet normal 3.826834e-01 2.553285e-15 -9.238795e-01
    outer loop
      vertex   2.035497e+01 -1.509109e+02 9.119012e+00
      vertex   1.999320e+01 -1.444109e+02 8.969162e+00
      vertex   2.035497e+01 -1.444109e+02 9.119012e+00
    endloop
  endfacet
  facet normal 0.000000e+00 -1.000000e+00 4.137084e-15
    outer loop
      vertex   1.256224e+01 -1.507109e+02 1.266416e+01
      vertex   1.115660e+01 -1.507109e+02 1.953415e+01
      vertex   1.115660e+01 -1.507109e+02 1.266416e+01
    endloop
  endfacet
  facet normal 9.388442e-01 -2.974830e-01 1.734226e-01
    outer loop
      vertex   1.015563e+00 -9.665334e+01 1.251784e+01
      vertex   -9.079917e-02 -9.641360e+01 1.891850e+01
      vertex   8.983509e-01 -9.702691e+01 1.251157e+01
    endloop
  endfacet
  facet normal 9.388442e-01 -2.974830e-01 1.734226e-01
    outer loop
      vertex   8.983509e-01 -9.702691e+01 1.251157e+01
      vertex   -9.079917e-02 -9.641360e+01 1.891850e+01
      vertex   -2.080116e-01 -9.678717e+01 1.891223e+01
    endloop
  endfacet
  facet normal 9.843269e-01 -4.042944e-02 1.716564e-01
    outer loop
      vertex   8.983509e-01 -9.702691e+01 1.251157e+01
      vertex   -2.080116e-01 -9.678717e+01 1.891223e+01
      vertex   8.802824e-01 -9.741790e+01 1.252309e+01
    endloop
  endfacet
  facet normal 9.843269e-01 -4.042944e-02 1.716564e-01
    outer loop
      vertex   8.802824e-01 -9.741790e+01 1.252309e+01
      vertex   -2.080116e-01 -9.678717e+01 1.891223e+01
      vertex   -2.260801e-01 -9.717817e+01 1.892375e+01
    endloop
  endfacet
  facet normal 9.627294e-01 2.193793e-01 1.581921e-01
    outer loop
      vertex   8.802824e-01 -9.741790e+01 1.252309e+01
      vertex   -2.260801e-01 -9.717817e+01 1.892375e+01
      vertex   9.625891e-01 -9.779967e+01 1.255162e+01
    endloop
  endfacet
  facet normal 9.627294e-01 2.193793e-01 1.581921e-01
    outer loop
      vertex   9.625891e-01 -9.779967e+01 1.255162e+01
      vertex   -2.260801e-01 -9.717817e+01 1.892375e+01
      vertex   -1.437733e-01 -9.755993e+01 1.895228e+01
    endloop
  endfacet
  facet normal 8.755235e-01 4.642378e-01 1.339473e-01
    outer loop
      vertex   9.625891e-01 -9.779967e+01 1.255162e+01
      vertex   -1.437733e-01 -9.755993e+01 1.895228e+01
      vertex   1.139662e+00 -9.814619e+01 1.259520e+01
    endloop
  endfacet
  facet normal 8.755235e-01 4.642378e-01 1.339473e-01
    outer loop
      vertex   1.139662e+00 -9.814619e+01 1.259520e+01
      vertex   -1.437733e-01 -9.755993e+01 1.895228e+01
      vertex   3.329957e-02 -9.790646e+01 1.899586e+01
    endloop
  endfacet
  facet normal 7.286521e-01 6.774592e-01 1.005741e-01
    outer loop
      vertex   1.139662e+00 -9.814619e+01 1.259520e+01
      vertex   3.329957e-02 -9.790646e+01 1.899586e+01
      vertex   1.399434e+00 -9.843386e+01 1.265088e+01
    endloop
  endfacet
  facet normal 7.286521e-01 6.774592e-01 1.005741e-01
    outer loop
      vertex   1.399434e+00 -9.843386e+01 1.265088e+01
      vertex   3.329957e-02 -9.790646e+01 1.899586e+01
      vertex   2.930714e-01 -9.819412e+01 1.905154e+01
    endloop
  endfacet
  facet normal 5.321242e-01 8.445129e-01 6.034707e-02
    outer loop
      vertex   1.399434e+00 -9.843386e+01 1.265088e+01
      vertex   2.930714e-01 -9.819412e+01 1.905154e+01
      vertex   1.724202e+00 -9.864307e+01 1.271485e+01
    endloop
  endfacet
  facet normal 5.321242e-01 8.445129e-01 6.034707e-02
    outer loop
      vertex   1.724202e+00 -9.864307e+01 1.271485e+01
      vertex   2.930714e-01 -9.819412e+01 1.905154e+01
      vertex   6.178391e-01 -9.840333e+01 1.911551e+01
    endloop
  endfacet
  facet normal 2.993330e-01 9.540144e-01 1.600743e-02
    outer loop
      vertex   1.724202e+00 -9.864307e+01 1.271485e+01
      vertex   6.178391e-01 -9.840333e+01 1.911551e+01
      vertex   2.091833e+00 -9.875955e+01 1.278276e+01
    endloop
  endfacet
  facet normal 2.993330e-01 9.540144e-01 1.600743e-02
    outer loop
      vertex   2.091833e+00 -9.875955e+01 1.278276e+01
      vertex   6.178391e-01 -9.840333e+01 1.911551e+01
      vertex   9.854704e-01 -9.851982e+01 1.918342e+01
    endloop
  endfacet
  facet normal 4.614271e-02 9.985014e-01 -2.942308e-02
    outer loop
      vertex   2.091833e+00 -9.875955e+01 1.278276e+01
      vertex   9.854704e-01 -9.851982e+01 1.918342e+01
      vertex   2.477274e+00 -9.877539e+01 1.284998e+01
    endloop
  endfacet
  facet normal 4.614271e-02 9.985014e-01 -2.942308e-02
    outer loop
      vertex   2.477274e+00 -9.877539e+01 1.284998e+01
      vertex   9.854704e-01 -9.851982e+01 1.918342e+01
      vertex   1.370912e+00 -9.853565e+01 1.925064e+01
    endloop
  endfacet
  facet normal -2.101921e-01 9.749422e-01 -7.284845e-02
    outer loop
      vertex   2.477274e+00 -9.877539e+01 1.284998e+01
      vertex   1.370912e+00 -9.853565e+01 1.925064e+01
      vertex   2.854258e+00 -9.868948e+01 1.291192e+01
    endloop
  endfacet
  facet normal -2.101921e-01 9.749422e-01 -7.284845e-02
    outer loop
      vertex   2.854258e+00 -9.868948e+01 1.291192e+01
      vertex   1.370912e+00 -9.853565e+01 1.925064e+01
      vertex   1.747896e+00 -9.844974e+01 1.931258e+01
    endloop
  endfacet
  facet normal -4.522027e-01 8.849423e-01 -1.113093e-01
    outer loop
      vertex   2.854258e+00 -9.868948e+01 1.291192e+01
      vertex   1.747896e+00 -9.844974e+01 1.931258e+01
      vertex   3.197095e+00 -9.850770e+01 1.296437e+01
    endloop
  endfacet
  facet normal -4.522027e-01 8.849423e-01 -1.113093e-01
    outer loop
      vertex   3.197095e+00 -9.850770e+01 1.296437e+01
      vertex   1.747896e+00 -9.844974e+01 1.931258e+01
      vertex   2.090732e+00 -9.826796e+01 1.936503e+01
    endloop
  endfacet
  facet normal -6.633964e-01 7.346351e-01 -1.421847e-01
    outer loop
      vertex   3.197095e+00 -9.850770e+01 1.296437e+01
      vertex   2.090732e+00 -9.826796e+01 1.936503e+01
      vertex   3.482419e+00 -9.824242e+01 1.300375e+01
    endloop
  endfacet
  facet normal -6.633964e-01 7.346351e-01 -1.421847e-01
    outer loop
      vertex   3.482419e+00 -9.824242e+01 1.300375e+01
      vertex   2.090732e+00 -9.826796e+01 1.936503e+01
      vertex   2.376057e+00 -9.800268e+01 1.940442e+01
    endloop
  endfacet
  facet normal -8.293808e-01 5.342636e-01 -1.633703e-01
    outer loop
      vertex   3.482419e+00 -9.824242e+01 1.300375e+01
      vertex   2.376057e+00 -9.800268e+01 1.940442e+01
      vertex   3.690788e+00 -9.791172e+01 1.302738e+01
    endloop
  endfacet
  facet normal -8.293808e-01 5.342636e-01 -1.633703e-01
    outer loop
      vertex   3.690788e+00 -9.791172e+01 1.302738e+01
      vertex   2.376057e+00 -9.800268e+01 1.940442e+01
      vertex   2.584425e+00 -9.767199e+01 1.942805e+01
    endloop
  endfacet
  facet normal -9.388442e-01 2.974830e-01 -1.734226e-01
    outer loop
      vertex   3.690788e+00 -9.791172e+01 1.302738e+01
      vertex   2.584425e+00 -9.767199e+01 1.942805e+01
      vertex   3.808000e+00 -9.753815e+01 1.303365e+01
    endloop
  endfacet
  facet normal -9.388442e-01 2.974830e-01 -1.734226e-01
    outer loop
      vertex   3.808000e+00 -9.753815e+01 1.303365e+01
      vertex   2.584425e+00 -9.767199e+01 1.942805e+01
      vertex   2.701638e+00 -9.729842e+01 1.943432e+01
    endloop
  endfacet
  facet normal -9.843269e-01 4.042944e-02 -1.716564e-01
    outer loop
      vertex   3.808000e+00 -9.753815e+01 1.303365e+01
      vertex   2.701638e+00 -9.729842e+01 1.943432e+01
      vertex   3.826069e+00 -9.714716e+01 1.302213e+01
    endloop
  endfacet
  facet normal -9.843269e-01 4.042944e-02 -1.716564e-01
    outer loop
      vertex   3.826069e+00 -9.714716e+01 1.302213e+01
      vertex   2.701638e+00 -9.729842e+01 1.943432e+01
      vertex   2.719706e+00 -9.690742e+01 1.942279e+01
    endloop
  endfacet
  facet normal -9.627294e-01 -2.193793e-01 -1.581921e-01
    outer loop
      vertex   3.826069e+00 -9.714716e+01 1.302213e+01
      vertex   2.719706e+00 -9.690742e+01 1.942279e+01
      vertex   3.743762e+00 -9.676539e+01 1.299361e+01
    endloop
  endfacet
  facet normal -9.627294e-01 -2.193793e-01 -1.581921e-01
    outer loop
      vertex   3.743762e+00 -9.676539e+01 1.299361e+01
      vertex   2.719706e+00 -9.690742e+01 1.942279e+01
      vertex   2.637399e+00 -9.652566e+01 1.939427e+01
    endloop
  endfacet
  facet normal -8.755235e-01 -4.642378e-01 -1.339473e-01
    outer loop
      vertex   3.743762e+00 -9.676539e+01 1.299361e+01
      vertex   2.637399e+00 -9.652566e+01 1.939427e+01
      vertex   3.566689e+00 -9.641887e+01 1.295002e+01
    endloop
  endfacet
  facet normal -8.755235e-01 -4.642378e-01 -1.339473e-01
    outer loop
      vertex   3.566689e+00 -9.641887e+01 1.295002e+01
      vertex   2.637399e+00 -9.652566e+01 1.939427e+01
      vertex   2.460327e+00 -9.617913e+01 1.935068e+01
    endloop
  endfacet
  facet normal -7.286521e-01 -6.774592e-01 -1.005741e-01
    outer loop
      vertex   3.566689e+00 -9.641887e+01 1.295002e+01
      vertex   2.460327e+00 -9.617913e+01 1.935068e+01
      vertex   3.306917e+00 -9.613120e+01 1.289434e+01
    endloop
  endfacet
  facet normal -7.286521e-01 -6.774592e-01 -1.005741e-01
    outer loop
      vertex   3.306917e+00 -9.613120e+01 1.289434e+01
      vertex   2.460327e+00 -9.617913e+01 1.935068e+01
      vertex   2.200555e+00 -9.589147e+01 1.929501e+01
    endloop
  endfacet
  facet normal -5.321242e-01 -8.445129e-01 -6.034707e-02
    outer loop
      vertex   3.306917e+00 -9.613120e+01 1.289434e+01
      vertex   2.200555e+00 -9.589147e+01 1.929501e+01
      vertex   2.982149e+00 -9.592200e+01 1.283037e+01
    endloop
  endfacet
  facet normal -5.321242e-01 -8.445129e-01 -6.034707e-02
    outer loop
      vertex   2.982149e+00 -9.592200e+01 1.283037e+01
      vertex   2.200555e+00 -9.589147e+01 1.929501e+01
      vertex   1.875787e+00 -9.568226e+01 1.923103e+01
    endloop
  endfacet
  facet normal -2.993330e-01 -9.540144e-01 -1.600743e-02
    outer loop
      vertex   2.982149e+00 -9.592200e+01 1.283037e+01
      vertex   1.875787e+00 -9.568226e+01 1.923103e+01
      vertex   2.614518e+00 -9.580551e+01 1.276246e+01
    endloop
  endfacet
  facet normal -2.993330e-01 -9.540144e-01 -1.600743e-02
    outer loop
      vertex   2.614518e+00 -9.580551e+01 1.276246e+01
      vertex   1.875787e+00 -9.568226e+01 1.923103e+01
      vertex   1.508156e+00 -9.556577e+01 1.916313e+01
    endloop
  endfacet
  facet normal -4.614271e-02 -9.985014e-01 2.942308e-02
    outer loop
      vertex   2.614518e+00 -9.580551e+01 1.276246e+01
      vertex   1.508156e+00 -9.556577e+01 1.916313e+01
      vertex   2.229077e+00 -9.578968e+01 1.269524e+01
    endloop
  endfacet
  facet normal -4.614271e-02 -9.985014e-01 2.942308e-02
    outer loop
      vertex   2.229077e+00 -9.578968e+01 1.269524e+01
      vertex   1.508156e+00 -9.556577e+01 1.916313e+01
      vertex   1.122714e+00 -9.554994e+01 1.909591e+01
    endloop
  endfacet
  facet normal 2.101921e-01 -9.749422e-01 7.284845e-02
    outer loop
      vertex   2.229077e+00 -9.578968e+01 1.269524e+01
      vertex   1.122714e+00 -9.554994e+01 1.909591e+01
      vertex   1.852093e+00 -9.587558e+01 1.263330e+01
    endloop
  endfacet
  facet normal 2.101921e-01 -9.749422e-01 7.284845e-02
    outer loop
      vertex   1.852093e+00 -9.587558e+01 1.263330e+01
      vertex   1.122714e+00 -9.554994e+01 1.909591e+01
      vertex   7.457301e-01 -9.563584e+01 1.903396e+01
    endloop
  endfacet
  facet normal 4.522027e-01 -8.849423e-01 1.113093e-01
    outer loop
      vertex   1.852093e+00 -9.587558e+01 1.263330e+01
      vertex   7.457301e-01 -9.563584e+01 1.903396e+01
      vertex   1.509256e+00 -9.605737e+01 1.258085e+01
    endloop
  endfacet
  facet normal 4.522027e-01 -8.849423e-01 1.113093e-01
    outer loop
      vertex   1.509256e+00 -9.605737e+01 1.258085e+01
      vertex   7.457301e-01 -9.563584e+01 1.903396e+01
      vertex   4.028938e-01 -9.581763e+01 1.898151e+01
    endloop
  endfacet
  facet normal 6.633964e-01 -7.346351e-01 1.421847e-01
    outer loop
      vertex   1.509256e+00 -9.605737e+01 1.258085e+01
      vertex   4.028938e-01 -9.581763e+01 1.898151e+01
      vertex   1.223932e+00 -9.632265e+01 1.254147e+01
    endloop
  endfacet
  facet normal 6.633964e-01 -7.346351e-01 1.421847e-01
    outer loop
      vertex   1.223932e+00 -9.632265e+01 1.254147e+01
      vertex   4.028938e-01 -9.581763e+01 1.898151e+01
      vertex   1.175693e-01 -9.608291e+01 1.894213e+01
    endloop
  endfacet
  facet normal 8.293808e-01 -5.342636e-01 1.633703e-01
    outer loop
      vertex   1.223932e+00 -9.632265e+01 1.254147e+01
      vertex   1.175693e-01 -9.608291e+01 1.894213e+01
      vertex   1.015563e+00 -9.665334e+01 1.251784e+01
    endloop
  endfacet
  facet normal 8.293808e-01 -5.342636e-01 1.633703e-01
    outer loop
      vertex   1.015563e+00 -9.665334e+01 1.251784e+01
      vertex   1.175693e-01 -9.608291e+01 1.894213e+01
      vertex   -9.079917e-02 -9.641360e+01 1.891850e+01
    endloop
  endfacet
  facet normal 9.388442e-01 -2.974830e-01 1.734226e-01
    outer loop
      vertex   4.522707e-01 -1.224444e+02 1.338647e+01
      vertex   -6.540918e-01 -1.222047e+02 1.978714e+01
      vertex   3.350583e-01 -1.228180e+02 1.338021e+01
    endloop
  endfacet
  facet normal 9.388442e-01 -2.974830e-01 1.734226e-01
    outer loop
      vertex   3.350583e-01 -1.228180e+02 1.338021e+01
      vertex   -6.540918e-01 -1.222047e+02 1.978714e+01
      vertex   -7.713042e-01 -1.225782e+02 1.978087e+01
    endloop
  endfacet
  facet normal 9.843269e-01 -4.042944e-02 1.716564e-01
    outer loop
      vertex   3.350583e-01 -1.228180e+02 1.338021e+01
      vertex   -7.713042e-01 -1.225782e+02 1.978087e+01
      vertex   3.169898e-01 -1.232090e+02 1.339173e+01
    endloop
  endfacet
  facet normal 9.843269e-01 -4.042944e-02 1.716564e-01
    outer loop
      vertex   3.169898e-01 -1.232090e+02 1.339173e+01
      vertex   -7.713042e-01 -1.225782e+02 1.978087e+01
      vertex   -7.893727e-01 -1.229692e+02 1.979239e+01
    endloop
  endfacet
  facet normal 9.627294e-01 2.193793e-01 1.581921e-01
    outer loop
      vertex   3.169898e-01 -1.232090e+02 1.339173e+01
      vertex   -7.893727e-01 -1.229692e+02 1.979239e+01
      vertex   3.992965e-01 -1.235907e+02 1.342025e+01
    endloop
  endfacet
  facet normal 9.627294e-01 2.193793e-01 1.581921e-01
    outer loop
      vertex   3.992965e-01 -1.235907e+02 1.342025e+01
      vertex   -7.893727e-01 -1.229692e+02 1.979239e+01
      vertex   -7.070659e-01 -1.233510e+02 1.982092e+01
    endloop
  endfacet
  facet normal 8.755235e-01 4.642378e-01 1.339473e-01
    outer loop
      vertex   3.992965e-01 -1.235907e+02 1.342025e+01
      vertex   -7.070659e-01 -1.233510e+02 1.982092e+01
      vertex   5.763694e-01 -1.239372e+02 1.346384e+01
    endloop
  endfacet
  facet normal 8.755235e-01 4.642378e-01 1.339473e-01
    outer loop
      vertex   5.763694e-01 -1.239372e+02 1.346384e+01
      vertex   -7.070659e-01 -1.233510e+02 1.982092e+01
      vertex   -5.299930e-01 -1.236975e+02 1.986450e+01
    endloop
  endfacet
  facet normal 7.286521e-01 6.774592e-01 1.005741e-01
    outer loop
      vertex   5.763694e-01 -1.239372e+02 1.346384e+01
      vertex   -5.299930e-01 -1.236975e+02 1.986450e+01
      vertex   8.361412e-01 -1.242249e+02 1.351952e+01
    endloop
  endfacet
  facet normal 7.286521e-01 6.774592e-01 1.005741e-01
    outer loop
      vertex   8.361412e-01 -1.242249e+02 1.351952e+01
      vertex   -5.299930e-01 -1.236975e+02 1.986450e+01
      vertex   -2.702212e-01 -1.239852e+02 1.992018e+01
    endloop
  endfacet
  facet normal 5.321242e-01 8.445129e-01 6.034707e-02
    outer loop
      vertex   8.361412e-01 -1.242249e+02 1.351952e+01
      vertex   -2.702212e-01 -1.239852e+02 1.992018e+01
      vertex   1.160909e+00 -1.244341e+02 1.358349e+01
    endloop
  endfacet
  facet normal 5.321242e-01 8.445129e-01 6.034707e-02
    outer loop
      vertex   1.160909e+00 -1.244341e+02 1.358349e+01
      vertex   -2.702212e-01 -1.239852e+02 1.992018e+01
      vertex   5.454655e-02 -1.241944e+02 1.998415e+01
    endloop
  endfacet
  facet normal 2.993330e-01 9.540144e-01 1.600743e-02
    outer loop
      vertex   1.160909e+00 -1.244341e+02 1.358349e+01
      vertex   5.454655e-02 -1.241944e+02 1.998415e+01
      vertex   1.528540e+00 -1.245506e+02 1.365140e+01
    endloop
  endfacet
  facet normal 2.993330e-01 9.540144e-01 1.600743e-02
    outer loop
      vertex   1.528540e+00 -1.245506e+02 1.365140e+01
      vertex   5.454655e-02 -1.241944e+02 1.998415e+01
      vertex   4.221778e-01 -1.243109e+02 2.005206e+01
    endloop
  endfacet
  facet normal 4.614271e-02 9.985014e-01 -2.942308e-02
    outer loop
      vertex   1.528540e+00 -1.245506e+02 1.365140e+01
      vertex   4.221778e-01 -1.243109e+02 2.005206e+01
      vertex   1.913982e+00 -1.245664e+02 1.371861e+01
    endloop
  endfacet
  facet normal 4.614271e-02 9.985014e-01 -2.942308e-02
    outer loop
      vertex   1.913982e+00 -1.245664e+02 1.371861e+01
      vertex   4.221778e-01 -1.243109e+02 2.005206e+01
      vertex   8.076192e-01 -1.243267e+02 2.011928e+01
    endloop
  endfacet
  facet normal -2.101921e-01 9.749422e-01 -7.284845e-02
    outer loop
      vertex   1.913982e+00 -1.245664e+02 1.371861e+01
      vertex   8.076192e-01 -1.243267e+02 2.011928e+01
      vertex   2.290966e+00 -1.244805e+02 1.378056e+01
    endloop
  endfacet
  facet normal -2.101921e-01 9.749422e-01 -7.284845e-02
    outer loop
      vertex   2.290966e+00 -1.244805e+02 1.378056e+01
      vertex   8.076192e-01 -1.243267e+02 2.011928e+01
      vertex   1.184603e+00 -1.242408e+02 2.018122e+01
    endloop
  endfacet
  facet normal -4.522027e-01 8.849423e-01 -1.113093e-01
    outer loop
      vertex   2.290966e+00 -1.244805e+02 1.378056e+01
      vertex   1.184603e+00 -1.242408e+02 2.018122e+01
      vertex   2.633802e+00 -1.242987e+02 1.383301e+01
    endloop
  endfacet
  facet normal -4.522027e-01 8.849423e-01 -1.113093e-01
    outer loop
      vertex   2.633802e+00 -1.242987e+02 1.383301e+01
      vertex   1.184603e+00 -1.242408e+02 2.018122e+01
      vertex   1.527440e+00 -1.240590e+02 2.023367e+01
    endloop
  endfacet
  facet normal -6.633964e-01 7.346351e-01 -1.421847e-01
    outer loop
      vertex   2.633802e+00 -1.242987e+02 1.383301e+01
      vertex   1.527440e+00 -1.240590e+02 2.023367e+01
      vertex   2.919127e+00 -1.240335e+02 1.387239e+01
    endloop
  endfacet
  facet normal -6.633964e-01 7.346351e-01 -1.421847e-01
    outer loop
      vertex   2.919127e+00 -1.240335e+02 1.387239e+01
      vertex   1.527440e+00 -1.240590e+02 2.023367e+01
      vertex   1.812764e+00 -1.237937e+02 2.027306e+01
    endloop
  endfacet
  facet normal -8.293808e-01 5.342636e-01 -1.633703e-01
    outer loop
      vertex   2.919127e+00 -1.240335e+02 1.387239e+01
      vertex   1.812764e+00 -1.237937e+02 2.027306e+01
      vertex   3.127495e+00 -1.237028e+02 1.389602e+01
    endloop
  endfacet
  facet normal -8.293808e-01 5.342636e-01 -1.633703e-01
    outer loop
      vertex   3.127495e+00 -1.237028e+02 1.389602e+01
      vertex   1.812764e+00 -1.237937e+02 2.027306e+01
      vertex   2.021133e+00 -1.234630e+02 2.029669e+01
    endloop
  endfacet
  facet normal -9.388442e-01 2.974830e-01 -1.734226e-01
    outer loop
      vertex   3.127495e+00 -1.237028e+02 1.389602e+01
      vertex   2.021133e+00 -1.234630e+02 2.029669e+01
      vertex   3.244707e+00 -1.233292e+02 1.390229e+01
    endloop
  endfacet
  facet normal -9.388442e-01 2.974830e-01 -1.734226e-01
    outer loop
      vertex   3.244707e+00 -1.233292e+02 1.390229e+01
      vertex   2.021133e+00 -1.234630e+02 2.029669e+01
      vertex   2.138345e+00 -1.230895e+02 2.030295e+01
    endloop
  endfacet
  facet normal -9.843269e-01 4.042944e-02 -1.716564e-01
    outer loop
      vertex   3.244707e+00 -1.233292e+02 1.390229e+01
      vertex   2.138345e+00 -1.230895e+02 2.030295e+01
      vertex   3.262776e+00 -1.229382e+02 1.389077e+01
    endloop
  endfacet
  facet normal -9.843269e-01 4.042944e-02 -1.716564e-01
    outer loop
      vertex   3.262776e+00 -1.229382e+02 1.389077e+01
      vertex   2.138345e+00 -1.230895e+02 2.030295e+01
      vertex   2.156414e+00 -1.226985e+02 2.029143e+01
    endloop
  endfacet
  facet normal -9.627294e-01 -2.193793e-01 -1.581921e-01
    outer loop
      vertex   3.262776e+00 -1.229382e+02 1.389077e+01
      vertex   2.156414e+00 -1.226985e+02 2.029143e+01
      vertex   3.180469e+00 -1.225564e+02 1.386224e+01
    endloop
  endfacet
  facet normal -9.627294e-01 -2.193793e-01 -1.581921e-01
    outer loop
      vertex   3.180469e+00 -1.225564e+02 1.386224e+01
      vertex   2.156414e+00 -1.226985e+02 2.029143e+01
      vertex   2.074107e+00 -1.223167e+02 2.026291e+01
    endloop
  endfacet
  facet normal -8.755235e-01 -4.642378e-01 -1.339473e-01
    outer loop
      vertex   3.180469e+00 -1.225564e+02 1.386224e+01
      vertex   2.074107e+00 -1.223167e+02 2.026291e+01
      vertex   3.003396e+00 -1.222099e+02 1.381866e+01
    endloop
  endfacet
  facet normal -8.755235e-01 -4.642378e-01 -1.339473e-01
    outer loop
      vertex   3.003396e+00 -1.222099e+02 1.381866e+01
      vertex   2.074107e+00 -1.223167e+02 2.026291e+01
      vertex   1.897034e+00 -1.219702e+02 2.021932e+01
    endloop
  endfacet
  facet normal -7.286521e-01 -6.774592e-01 -1.005741e-01
    outer loop
      vertex   3.003396e+00 -1.222099e+02 1.381866e+01
      vertex   1.897034e+00 -1.219702e+02 2.021932e+01
      vertex   2.743625e+00 -1.219223e+02 1.376298e+01
    endloop
  endfacet
  facet normal -7.286521e-01 -6.774592e-01 -1.005741e-01
    outer loop
      vertex   2.743625e+00 -1.219223e+02 1.376298e+01
      vertex   1.897034e+00 -1.219702e+02 2.021932e+01
      vertex   1.637262e+00 -1.216825e+02 2.016364e+01
    endloop
  endfacet
  facet normal -5.321242e-01 -8.445129e-01 -6.034707e-02
    outer loop
      vertex   2.743625e+00 -1.219223e+02 1.376298e+01
      vertex   1.637262e+00 -1.216825e+02 2.016364e+01
      vertex   2.418857e+00 -1.217130e+02 1.369901e+01
    endloop
  endfacet
  facet normal -5.321242e-01 -8.445129e-01 -6.034707e-02
    outer loop
      vertex   2.418857e+00 -1.217130e+02 1.369901e+01
      vertex   1.637262e+00 -1.216825e+02 2.016364e+01
      vertex   1.312494e+00 -1.214733e+02 2.009967e+01
    endloop
  endfacet
  facet normal -2.993330e-01 -9.540144e-01 -1.600743e-02
    outer loop
      vertex   2.418857e+00 -1.217130e+02 1.369901e+01
      vertex   1.312494e+00 -1.214733e+02 2.009967e+01
      vertex   2.051225e+00 -1.215966e+02 1.363110e+01
    endloop
  endfacet
  facet normal -2.993330e-01 -9.540144e-01 -1.600743e-02
    outer loop
      vertex   2.051225e+00 -1.215966e+02 1.363110e+01
      vertex   1.312494e+00 -1.214733e+02 2.009967e+01
      vertex   9.448630e-01 -1.213568e+02 2.003176e+01
    endloop
  endfacet
  facet normal -4.614271e-02 -9.985014e-01 2.942308e-02
    outer loop
      vertex   2.051225e+00 -1.215966e+02 1.363110e+01
      vertex   9.448630e-01 -1.213568e+02 2.003176e+01
      vertex   1.665784e+00 -1.215807e+02 1.356388e+01
    endloop
  endfacet
  facet normal -4.614271e-02 -9.985014e-01 2.942308e-02
    outer loop
      vertex   1.665784e+00 -1.215807e+02 1.356388e+01
      vertex   9.448630e-01 -1.213568e+02 2.003176e+01
      vertex   5.594217e-01 -1.213410e+02 1.996455e+01
    endloop
  endfacet
  facet normal 2.101921e-01 -9.749422e-01 7.284845e-02
    outer loop
      vertex   1.665784e+00 -1.215807e+02 1.356388e+01
      vertex   5.594217e-01 -1.213410e+02 1.996455e+01
      vertex   1.288800e+00 -1.216666e+02 1.350194e+01
    endloop
  endfacet
  facet normal 2.101921e-01 -9.749422e-01 7.284845e-02
    outer loop
      vertex   1.288800e+00 -1.216666e+02 1.350194e+01
      vertex   5.594217e-01 -1.213410e+02 1.996455e+01
      vertex   1.824375e-01 -1.214269e+02 1.990260e+01
    endloop
  endfacet
  facet normal 4.522027e-01 -8.849423e-01 1.113093e-01
    outer loop
      vertex   1.288800e+00 -1.216666e+02 1.350194e+01
      vertex   1.824375e-01 -1.214269e+02 1.990260e+01
      vertex   9.459637e-01 -1.218484e+02 1.344949e+01
    endloop
  endfacet
  facet normal 4.522027e-01 -8.849423e-01 1.113093e-01
    outer loop
      vertex   9.459637e-01 -1.218484e+02 1.344949e+01
      vertex   1.824375e-01 -1.214269e+02 1.990260e+01
      vertex   -1.603988e-01 -1.216087e+02 1.985015e+01
    endloop
  endfacet
  facet normal 6.633964e-01 -7.346351e-01 1.421847e-01
    outer loop
      vertex   9.459637e-01 -1.218484e+02 1.344949e+01
      vertex   -1.603988e-01 -1.216087e+02 1.985015e+01
      vertex   6.606391e-01 -1.221137e+02 1.341011e+01
    endloop
  endfacet
  facet normal 6.633964e-01 -7.346351e-01 1.421847e-01
    outer loop
      vertex   6.606391e-01 -1.221137e+02 1.341011e+01
      vertex   -1.603988e-01 -1.216087e+02 1.985015e+01
      vertex   -4.457233e-01 -1.218740e+02 1.981077e+01
    endloop
  endfacet
  facet normal 8.293808e-01 -5.342636e-01 1.633703e-01
    outer loop
      vertex   6.606391e-01 -1.221137e+02 1.341011e+01
      vertex   -4.457233e-01 -1.218740e+02 1.981077e+01
      vertex   4.522707e-01 -1.224444e+02 1.338647e+01
    endloop
  endfacet
  facet normal 8.293808e-01 -5.342636e-01 1.633703e-01
    outer loop
      vertex   4.522707e-01 -1.224444e+02 1.338647e+01
      vertex   -4.457233e-01 -1.218740e+02 1.981077e+01
      vertex   -6.540918e-01 -1.222047e+02 1.978714e+01
    endloop
  endfacet
  facet normal 9.388442e-01 -2.974830e-01 1.734226e-01
    outer loop
      vertex   1.604875e+01 -9.929476e+01 1.521528e+01
      vertex   1.494239e+01 -9.905502e+01 2.161594e+01
      vertex   1.593154e+01 -9.966833e+01 1.520901e+01
    endloop
  endfacet
  facet normal 9.388442e-01 -2.974830e-01 1.734226e-01
    outer loop
      vertex   1.593154e+01 -9.966833e+01 1.520901e+01
      vertex   1.494239e+01 -9.905502e+01 2.161594e+01
      vertex   1.482518e+01 -9.942859e+01 2.160967e+01
    endloop
  endfacet
  facet normal 9.843269e-01 -4.042944e-02 1.716564e-01
    outer loop
      vertex   1.593154e+01 -9.966833e+01 1.520901e+01
      vertex   1.482518e+01 -9.942859e+01 2.160967e+01
      vertex   1.591347e+01 -1.000593e+02 1.522053e+01
    endloop
  endfacet
  facet normal 9.843269e-01 -4.042944e-02 1.716564e-01
    outer loop
      vertex   1.591347e+01 -1.000593e+02 1.522053e+01
      vertex   1.482518e+01 -9.942859e+01 2.160967e+01
      vertex   1.480711e+01 -9.981958e+01 2.162119e+01
    endloop
  endfacet
  facet normal 9.627294e-01 2.193793e-01 1.581921e-01
    outer loop
      vertex   1.591347e+01 -1.000593e+02 1.522053e+01
      vertex   1.480711e+01 -9.981958e+01 2.162119e+01
      vertex   1.599578e+01 -1.004411e+02 1.524905e+01
    endloop
  endfacet
  facet normal 9.627294e-01 2.193793e-01 1.581921e-01
    outer loop
      vertex   1.599578e+01 -1.004411e+02 1.524905e+01
      vertex   1.480711e+01 -9.981958e+01 2.162119e+01
      vertex   1.488941e+01 -1.002014e+02 2.164972e+01
    endloop
  endfacet
  facet normal 8.755235e-01 4.642378e-01 1.339473e-01
    outer loop
      vertex   1.599578e+01 -1.004411e+02 1.524905e+01
      vertex   1.488941e+01 -1.002014e+02 2.164972e+01
      vertex   1.617285e+01 -1.007876e+02 1.529264e+01
    endloop
  endfacet
  facet normal 8.755235e-01 4.642378e-01 1.339473e-01
    outer loop
      vertex   1.617285e+01 -1.007876e+02 1.529264e+01
      vertex   1.488941e+01 -1.002014e+02 2.164972e+01
      vertex   1.506649e+01 -1.005479e+02 2.169330e+01
    endloop
  endfacet
  facet normal 7.286521e-01 6.774592e-01 1.005741e-01
    outer loop
      vertex   1.617285e+01 -1.007876e+02 1.529264e+01
      vertex   1.506649e+01 -1.005479e+02 2.169330e+01
      vertex   1.643262e+01 -1.010753e+02 1.534832e+01
    endloop
  endfacet
  facet normal 7.286521e-01 6.774592e-01 1.005741e-01
    outer loop
      vertex   1.643262e+01 -1.010753e+02 1.534832e+01
      vertex   1.506649e+01 -1.005479e+02 2.169330e+01
      vertex   1.532626e+01 -1.008355e+02 2.174898e+01
    endloop
  endfacet
  facet normal 5.321242e-01 8.445129e-01 6.034707e-02
    outer loop
      vertex   1.643262e+01 -1.010753e+02 1.534832e+01
      vertex   1.532626e+01 -1.008355e+02 2.174898e+01
      vertex   1.675739e+01 -1.012845e+02 1.541229e+01
    endloop
  endfacet
  facet normal 5.321242e-01 8.445129e-01 6.034707e-02
    outer loop
      vertex   1.675739e+01 -1.012845e+02 1.541229e+01
      vertex   1.532626e+01 -1.008355e+02 2.174898e+01
      vertex   1.565103e+01 -1.010447e+02 2.181295e+01
    endloop
  endfacet
  facet normal 2.993330e-01 9.540144e-01 1.600743e-02
    outer loop
      vertex   1.675739e+01 -1.012845e+02 1.541229e+01
      vertex   1.565103e+01 -1.010447e+02 2.181295e+01
      vertex   1.712502e+01 -1.014010e+02 1.548020e+01
    endloop
  endfacet
  facet normal 2.993330e-01 9.540144e-01 1.600743e-02
    outer loop
      vertex   1.712502e+01 -1.014010e+02 1.548020e+01
      vertex   1.565103e+01 -1.010447e+02 2.181295e+01
      vertex   1.601866e+01 -1.011612e+02 2.188086e+01
    endloop
  endfacet
  facet normal 4.614271e-02 9.985014e-01 -2.942308e-02
    outer loop
      vertex   1.712502e+01 -1.014010e+02 1.548020e+01
      vertex   1.601866e+01 -1.011612e+02 2.188086e+01
      vertex   1.751046e+01 -1.014168e+02 1.554742e+01
    endloop
  endfacet
  facet normal 4.614271e-02 9.985014e-01 -2.942308e-02
    outer loop
      vertex   1.751046e+01 -1.014168e+02 1.554742e+01
      vertex   1.601866e+01 -1.011612e+02 2.188086e+01
      vertex   1.640410e+01 -1.011771e+02 2.194808e+01
    endloop
  endfacet
  facet normal -2.101921e-01 9.749422e-01 -7.284845e-02
    outer loop
      vertex   1.751046e+01 -1.014168e+02 1.554742e+01
      vertex   1.640410e+01 -1.011771e+02 2.194808e+01
      vertex   1.788745e+01 -1.013309e+02 1.560936e+01
    endloop
  endfacet
  facet normal -2.101921e-01 9.749422e-01 -7.284845e-02
    outer loop
      vertex   1.788745e+01 -1.013309e+02 1.560936e+01
      vertex   1.640410e+01 -1.011771e+02 2.194808e+01
      vertex   1.678108e+01 -1.010912e+02 2.201002e+01
    endloop
  endfacet
  facet normal -4.522027e-01 8.849423e-01 -1.113093e-01
    outer loop
      vertex   1.788745e+01 -1.013309e+02 1.560936e+01
      vertex   1.678108e+01 -1.010912e+02 2.201002e+01
      vertex   1.823028e+01 -1.011491e+02 1.566181e+01
    endloop
  endfacet
  facet normal -4.522027e-01 8.849423e-01 -1.113093e-01
    outer loop
      vertex   1.823028e+01 -1.011491e+02 1.566181e+01
      vertex   1.678108e+01 -1.010912e+02 2.201002e+01
      vertex   1.712392e+01 -1.009094e+02 2.206247e+01
    endloop
  endfacet
  facet normal -6.633964e-01 7.346351e-01 -1.421847e-01
    outer loop
      vertex   1.823028e+01 -1.011491e+02 1.566181e+01
      vertex   1.712392e+01 -1.009094e+02 2.206247e+01
      vertex   1.851561e+01 -1.008838e+02 1.570119e+01
    endloop
  endfacet
  facet normal -6.633964e-01 7.346351e-01 -1.421847e-01
    outer loop
      vertex   1.851561e+01 -1.008838e+02 1.570119e+01
      vertex   1.712392e+01 -1.009094e+02 2.206247e+01
      vertex   1.740924e+01 -1.006441e+02 2.210186e+01
    endloop
  endfacet
  facet normal -8.293808e-01 5.342636e-01 -1.633703e-01
    outer loop
      vertex   1.851561e+01 -1.008838e+02 1.570119e+01
      vertex   1.740924e+01 -1.006441e+02 2.210186e+01
      vertex   1.872397e+01 -1.005531e+02 1.572482e+01
    endloop
  endfacet
  facet normal -8.293808e-01 5.342636e-01 -1.633703e-01
    outer loop
      vertex   1.872397e+01 -1.005531e+02 1.572482e+01
      vertex   1.740924e+01 -1.006441e+02 2.210186e+01
      vertex   1.761761e+01 -1.003134e+02 2.212549e+01
    endloop
  endfacet
  facet normal -9.388442e-01 2.974830e-01 -1.734226e-01
    outer loop
      vertex   1.872397e+01 -1.005531e+02 1.572482e+01
      vertex   1.761761e+01 -1.003134e+02 2.212549e+01
      vertex   1.884119e+01 -1.001796e+02 1.573109e+01
    endloop
  endfacet
  facet normal -9.388442e-01 2.974830e-01 -1.734226e-01
    outer loop
      vertex   1.884119e+01 -1.001796e+02 1.573109e+01
      vertex   1.761761e+01 -1.003134e+02 2.212549e+01
      vertex   1.773482e+01 -9.993984e+01 2.213176e+01
    endloop
  endfacet
  facet normal -9.843269e-01 4.042944e-02 -1.716564e-01
    outer loop
      vertex   1.884119e+01 -1.001796e+02 1.573109e+01
      vertex   1.773482e+01 -9.993984e+01 2.213176e+01
      vertex   1.885926e+01 -9.978858e+01 1.571957e+01
    endloop
  endfacet
  facet normal -9.843269e-01 4.042944e-02 -1.716564e-01
    outer loop
      vertex   1.885926e+01 -9.978858e+01 1.571957e+01
      vertex   1.773482e+01 -9.993984e+01 2.213176e+01
      vertex   1.775289e+01 -9.954884e+01 2.212023e+01
    endloop
  endfacet
  facet normal -9.627294e-01 -2.193793e-01 -1.581921e-01
    outer loop
      vertex   1.885926e+01 -9.978858e+01 1.571957e+01
      vertex   1.775289e+01 -9.954884e+01 2.212023e+01
      vertex   1.877695e+01 -9.940681e+01 1.569104e+01
    endloop
  endfacet
  facet normal -9.627294e-01 -2.193793e-01 -1.581921e-01
    outer loop
      vertex   1.877695e+01 -9.940681e+01 1.569104e+01
      vertex   1.775289e+01 -9.954884e+01 2.212023e+01
      vertex   1.767059e+01 -9.916708e+01 2.209171e+01
    endloop
  endfacet
  facet normal -8.755235e-01 -4.642378e-01 -1.339473e-01
    outer loop
      vertex   1.877695e+01 -9.940681e+01 1.569104e+01
      vertex   1.767059e+01 -9.916708e+01 2.209171e+01
      vertex   1.859988e+01 -9.906029e+01 1.564746e+01
    endloop
  endfacet
  facet normal -8.755235e-01 -4.642378e-01 -1.339473e-01
    outer loop
      vertex   1.859988e+01 -9.906029e+01 1.564746e+01
      vertex   1.767059e+01 -9.916708e+01 2.209171e+01
      vertex   1.749351e+01 -9.882055e+01 2.204812e+01
    endloop
  endfacet
  facet normal -7.286521e-01 -6.774592e-01 -1.005741e-01
    outer loop
      vertex   1.859988e+01 -9.906029e+01 1.564746e+01
      vertex   1.749351e+01 -9.882055e+01 2.204812e+01
      vertex   1.834010e+01 -9.877262e+01 1.559178e+01
    endloop
  endfacet
  facet normal -7.286521e-01 -6.774592e-01 -1.005741e-01
    outer loop
      vertex   1.834010e+01 -9.877262e+01 1.559178e+01
      vertex   1.749351e+01 -9.882055e+01 2.204812e+01
      vertex   1.723374e+01 -9.853289e+01 2.199245e+01
    endloop
  endfacet
  facet normal -5.321242e-01 -8.445129e-01 -6.034707e-02
    outer loop
      vertex   1.834010e+01 -9.877262e+01 1.559178e+01
      vertex   1.723374e+01 -9.853289e+01 2.199245e+01
      vertex   1.801534e+01 -9.856342e+01 1.552781e+01
    endloop
  endfacet
  facet normal -5.321242e-01 -8.445129e-01 -6.034707e-02
    outer loop
      vertex   1.801534e+01 -9.856342e+01 1.552781e+01
      vertex   1.723374e+01 -9.853289e+01 2.199245e+01
      vertex   1.690897e+01 -9.832368e+01 2.192847e+01
    endloop
  endfacet
  facet normal -2.993330e-01 -9.540144e-01 -1.600743e-02
    outer loop
      vertex   1.801534e+01 -9.856342e+01 1.552781e+01
      vertex   1.690897e+01 -9.832368e+01 2.192847e+01
      vertex   1.764771e+01 -9.844693e+01 1.545990e+01
    endloop
  endfacet
  facet normal -2.993330e-01 -9.540144e-01 -1.600743e-02
    outer loop
      vertex   1.764771e+01 -9.844693e+01 1.545990e+01
      vertex   1.690897e+01 -9.832368e+01 2.192847e+01
      vertex   1.654134e+01 -9.820719e+01 2.186056e+01
    endloop
  endfacet
  facet normal -4.614271e-02 -9.985014e-01 2.942308e-02
    outer loop
      vertex   1.764771e+01 -9.844693e+01 1.545990e+01
      vertex   1.654134e+01 -9.820719e+01 2.186056e+01
      vertex   1.726226e+01 -9.843110e+01 1.539268e+01
    endloop
  endfacet
  facet normal -4.614271e-02 -9.985014e-01 2.942308e-02
    outer loop
      vertex   1.726226e+01 -9.843110e+01 1.539268e+01
      vertex   1.654134e+01 -9.820719e+01 2.186056e+01
      vertex   1.615590e+01 -9.819136e+01 2.179335e+01
    endloop
  endfacet
  facet normal 2.101921e-01 -9.749422e-01 7.284845e-02
    outer loop
      vertex   1.726226e+01 -9.843110e+01 1.539268e+01
      vertex   1.615590e+01 -9.819136e+01 2.179335e+01
      vertex   1.688528e+01 -9.851700e+01 1.533074e+01
    endloop
  endfacet
  facet normal 2.101921e-01 -9.749422e-01 7.284845e-02
    outer loop
      vertex   1.688528e+01 -9.851700e+01 1.533074e+01
      vertex   1.615590e+01 -9.819136e+01 2.179335e+01
      vertex   1.577892e+01 -9.827726e+01 2.173140e+01
    endloop
  endfacet
  facet normal 4.522027e-01 -8.849423e-01 1.113093e-01
    outer loop
      vertex   1.688528e+01 -9.851700e+01 1.533074e+01
      vertex   1.577892e+01 -9.827726e+01 2.173140e+01
      vertex   1.654244e+01 -9.869879e+01 1.527829e+01
    endloop
  endfacet
  facet normal 4.522027e-01 -8.849423e-01 1.113093e-01
    outer loop
      vertex   1.654244e+01 -9.869879e+01 1.527829e+01
      vertex   1.577892e+01 -9.827726e+01 2.173140e+01
      vertex   1.543608e+01 -9.845905e+01 2.167895e+01
    endloop
  endfacet
  facet normal 6.633964e-01 -7.346351e-01 1.421847e-01
    outer loop
      vertex   1.654244e+01 -9.869879e+01 1.527829e+01
      vertex   1.543608e+01 -9.845905e+01 2.167895e+01
      vertex   1.625712e+01 -9.896407e+01 1.523891e+01
    endloop
  endfacet
  facet normal 6.633964e-01 -7.346351e-01 1.421847e-01
    outer loop
      vertex   1.625712e+01 -9.896407e+01 1.523891e+01
      vertex   1.543608e+01 -9.845905e+01 2.167895e+01
      vertex   1.515076e+01 -9.872433e+01 2.163957e+01
    endloop
  endfacet
  facet normal 8.293808e-01 -5.342636e-01 1.633703e-01
    outer loop
      vertex   1.625712e+01 -9.896407e+01 1.523891e+01
      vertex   1.515076e+01 -9.872433e+01 2.163957e+01
      vertex   1.604875e+01 -9.929476e+01 1.521528e+01
    endloop
  endfacet
  facet normal 8.293808e-01 -5.342636e-01 1.633703e-01
    outer loop
      vertex   1.604875e+01 -9.929476e+01 1.521528e+01
      vertex   1.515076e+01 -9.872433e+01 2.163957e+01
      vertex   1.494239e+01 -9.905502e+01 2.161594e+01
    endloop
  endfacet
  facet normal 1.742284e-01 9.846820e-01 -6.765702e-03
    outer loop
      vertex   1.645209e+01 -1.197635e+02 2.265253e+01
      vertex   1.565211e+01 -1.195902e+02 2.728070e+01
      vertex   1.645241e+01 -1.197636e+02 2.265259e+01
    endloop
  endfacet
  facet normal 1.742284e-01 9.846820e-01 -6.765702e-03
    outer loop
      vertex   1.645241e+01 -1.197636e+02 2.265259e+01
      vertex   1.565211e+01 -1.195902e+02 2.728070e+01
      vertex   1.565243e+01 -1.195902e+02 2.728076e+01
    endloop
  endfacet
  facet normal -9.698831e-01 1.704142e-01 -1.740283e-01
    outer loop
      vertex   1.908991e+01 -1.001627e+02 2.714728e+01
      vertex   1.988989e+01 -1.003360e+02 2.251910e+01
      vertex   1.876232e+01 -1.020141e+02 2.716000e+01
    endloop
  endfacet
  facet normal -9.698831e-01 1.704142e-01 -1.740283e-01
    outer loop
      vertex   1.876232e+01 -1.020141e+02 2.716000e+01
      vertex   1.988989e+01 -1.003360e+02 2.251910e+01
      vertex   1.645241e+01 -1.197636e+02 2.265259e+01
    endloop
  endfacet
  facet normal -9.698831e-01 1.704142e-01 -1.740283e-01
    outer loop
      vertex   1.876232e+01 -1.020141e+02 2.716000e+01
      vertex   1.645241e+01 -1.197636e+02 2.265259e+01
      vertex   1.565243e+01 -1.195902e+02 2.728076e+01
    endloop
  endfacet
  facet normal 1.742463e-01 9.846789e-01 -6.762493e-03
    outer loop
      vertex   1.988989e+01 -1.003360e+02 2.251910e+01
      vertex   1.908991e+01 -1.001627e+02 2.714728e+01
      vertex   1.988993e+01 -1.003360e+02 2.251911e+01
    endloop
  endfacet
  facet normal 1.742463e-01 9.846789e-01 -6.762493e-03
    outer loop
      vertex   1.988993e+01 -1.003360e+02 2.251911e+01
      vertex   1.908991e+01 -1.001627e+02 2.714728e+01
      vertex   1.908994e+01 -1.001627e+02 2.714728e+01
    endloop
  endfacet
  facet normal 1.740945e-01 9.847055e-01 -6.789736e-03
    outer loop
      vertex   2.283384e+01 -9.780705e+01 2.293324e+01
      vertex   2.435121e+01 -9.813585e+01 1.415474e+01
      vertex   1.884474e+00 -9.412915e+01 1.917436e+01
    endloop
  endfacet
  facet normal 1.740945e-01 9.847055e-01 -6.789736e-03
    outer loop
      vertex   1.884474e+00 -9.412915e+01 1.917436e+01
      vertex   2.435121e+01 -9.813585e+01 1.415474e+01
      vertex   1.877719e+00 -9.416736e+01 1.345981e+01
    endloop
  endfacet
  facet normal 1.740945e-01 9.847055e-01 -6.789736e-03
    outer loop
      vertex   1.877719e+00 -9.416736e+01 1.345981e+01
      vertex   2.435121e+01 -9.813585e+01 1.415474e+01
      vertex   2.365584e+01 -9.801770e+01 1.345981e+01
    endloop
  endfacet
  facet normal 9.847282e-01 -1.740985e-01 7.558335e-15
    outer loop
      vertex   5.192269e+00 -7.541975e+01 1.904536e+01
      vertex   1.884474e+00 -9.412915e+01 1.917436e+01
      vertex   4.205800e+00 -8.099937e+01 1.336901e+01
    endloop
  endfacet
  facet normal 9.847282e-01 -1.740985e-01 7.949699e-15
    outer loop
      vertex   4.205800e+00 -8.099937e+01 1.336901e+01
      vertex   1.884474e+00 -9.412915e+01 1.917436e+01
      vertex   1.877719e+00 -9.416736e+01 1.345981e+01
    endloop
  endfacet
  facet normal -9.698831e-01 1.704142e-01 -1.740283e-01
    outer loop
      vertex   2.763598e+01 -5.186694e+01 2.681555e+01
      vertex   2.843597e+01 -5.204029e+01 2.218738e+01
      vertex   2.521840e+01 -6.553031e+01 2.690943e+01
    endloop
  endfacet
  facet normal -9.698831e-01 1.704142e-01 -1.740283e-01
    outer loop
      vertex   2.521840e+01 -6.553031e+01 2.690943e+01
      vertex   2.843597e+01 -5.204029e+01 2.218738e+01
      vertex   2.495140e+01 -7.173393e+01 2.232270e+01
    endloop
  endfacet
  facet normal -9.698831e-01 1.704142e-01 -1.740283e-01
    outer loop
      vertex   2.521840e+01 -6.553031e+01 2.690943e+01
      vertex   2.495140e+01 -7.173393e+01 2.232270e+01
      vertex   2.415141e+01 -7.156058e+01 2.695087e+01
    endloop
  endfacet
  facet normal -1.742284e-01 -9.846820e-01 6.765702e-03
    outer loop
      vertex   2.054800e+01 -5.988578e+01 2.111779e+01
      vertex   2.009112e+01 -5.980550e+01 2.103581e+01
      vertex   2.187123e+01 -6.017251e+01 1.346248e+01
    endloop
  endfacet
  facet normal -1.742284e-01 -9.846820e-01 6.765702e-03
    outer loop
      vertex   2.187123e+01 -6.017251e+01 1.346248e+01
      vertex   2.009112e+01 -5.980550e+01 2.103581e+01
      vertex   1.546411e+01 -5.903812e+01 1.356684e+01
    endloop
  endfacet
  facet normal -1.742284e-01 -9.846820e-01 6.765702e-03
    outer loop
      vertex   2.187123e+01 -6.017251e+01 1.346248e+01
      vertex   1.546411e+01 -5.903812e+01 1.356684e+01
      vertex   1.548215e+01 -5.904203e+01 1.346248e+01
    endloop
  endfacet
  facet normal -1.742284e-01 -9.846820e-01 6.765702e-03
    outer loop
      vertex   2.009112e+01 -5.980550e+01 2.103581e+01
      vertex   1.486461e+01 -5.893276e+01 1.346248e+01
      vertex   1.546411e+01 -5.903812e+01 1.356684e+01
    endloop
  endfacet
  facet normal -1.742284e-01 -9.846820e-01 6.765702e-03
    outer loop
      vertex   1.546411e+01 -5.903812e+01 1.356684e+01
      vertex   1.486461e+01 -5.893276e+01 1.346248e+01
      vertex   1.488251e+01 -5.893593e+01 1.346248e+01
    endloop
  endfacet
  facet normal -9.698831e-01 1.704142e-01 -1.740283e-01
    outer loop
      vertex   2.053897e+01 -5.993678e+01 2.111814e+01
      vertex   2.054800e+01 -5.988578e+01 2.111779e+01
      vertex   2.187123e+01 -6.017251e+01 1.346248e+01
    endloop
  endfacet
  facet normal 9.847046e-01 -1.742324e-01 2.733930e-15
    outer loop
      vertex   -5.075547e-01 -5.621283e+01 1.734074e+01
      vertex   -5.075547e-01 -5.621283e+01 1.371591e+01
      vertex   -5.066260e-01 -5.620758e+01 1.734071e+01
    endloop
  endfacet
  facet normal 9.847046e-01 -1.742324e-01 9.405423e-16
    outer loop
      vertex   -5.066260e-01 -5.620758e+01 1.734071e+01
      vertex   -5.075547e-01 -5.621283e+01 1.371591e+01
      vertex   -4.901314e-01 -5.611436e+01 1.371591e+01
    endloop
  endfacet
  facet normal 9.847046e-01 -1.742324e-01 7.174675e-16
    outer loop
      vertex   -5.066260e-01 -5.620758e+01 1.734071e+01
      vertex   -4.901314e-01 -5.611436e+01 1.371591e+01
      vertex   -1.590899e-01 -5.424342e+01 1.564535e+01
    endloop
  endfacet
  facet normal 9.847046e-01 -1.742324e-01 3.337676e-16
    outer loop
      vertex   -1.590899e-01 -5.424342e+01 1.564535e+01
      vertex   -1.590899e-01 -5.424342e+01 1.734071e+01
      vertex   -5.066260e-01 -5.620758e+01 1.734071e+01
    endloop
  endfacet
  facet normal 9.388442e-01 -2.974830e-01 1.734226e-01
    outer loop
      vertex   -1.554360e+01 -5.726795e+01 8.180384e+00
      vertex   -1.664996e+01 -5.702821e+01 1.458105e+01
      vertex   -1.566081e+01 -5.764152e+01 8.174115e+00
    endloop
  endfacet
  facet normal 9.388442e-01 -2.974830e-01 1.734226e-01
    outer loop
      vertex   -1.566081e+01 -5.764152e+01 8.174115e+00
      vertex   -1.664996e+01 -5.702821e+01 1.458105e+01
      vertex   -1.676717e+01 -5.740178e+01 1.457478e+01
    endloop
  endfacet
  facet normal 9.843269e-01 -4.042944e-02 1.716564e-01
    outer loop
      vertex   -1.566081e+01 -5.764152e+01 8.174115e+00
      vertex   -1.676717e+01 -5.740178e+01 1.457478e+01
      vertex   -1.567888e+01 -5.803251e+01 8.185637e+00
    endloop
  endfacet
  facet normal 9.843269e-01 -4.042944e-02 1.716564e-01
    outer loop
      vertex   -1.567888e+01 -5.803251e+01 8.185637e+00
      vertex   -1.676717e+01 -5.740178e+01 1.457478e+01
      vertex   -1.678524e+01 -5.779277e+01 1.458630e+01
    endloop
  endfacet
  facet normal 9.627294e-01 2.193793e-01 1.581921e-01
    outer loop
      vertex   -1.567888e+01 -5.803251e+01 8.185637e+00
      vertex   -1.678524e+01 -5.779277e+01 1.458630e+01
      vertex   -1.559657e+01 -5.841428e+01 8.214163e+00
    endloop
  endfacet
  facet normal 9.627294e-01 2.193793e-01 1.581921e-01
    outer loop
      vertex   -1.559657e+01 -5.841428e+01 8.214163e+00
      vertex   -1.678524e+01 -5.779277e+01 1.458630e+01
      vertex   -1.670294e+01 -5.817454e+01 1.461483e+01
    endloop
  endfacet
  facet normal 8.755235e-01 4.642378e-01 1.339473e-01
    outer loop
      vertex   -1.559657e+01 -5.841428e+01 8.214163e+00
      vertex   -1.670294e+01 -5.817454e+01 1.461483e+01
      vertex   -1.541950e+01 -5.876080e+01 8.257749e+00
    endloop
  endfacet
  facet normal 8.755235e-01 4.642378e-01 1.339473e-01
    outer loop
      vertex   -1.541950e+01 -5.876080e+01 8.257749e+00
      vertex   -1.670294e+01 -5.817454e+01 1.461483e+01
      vertex   -1.652586e+01 -5.852106e+01 1.465841e+01
    endloop
  endfacet
  facet normal 7.286521e-01 6.774592e-01 1.005741e-01
    outer loop
      vertex   -1.541950e+01 -5.876080e+01 8.257749e+00
      vertex   -1.652586e+01 -5.852106e+01 1.465841e+01
      vertex   -1.515973e+01 -5.904847e+01 8.313426e+00
    endloop
  endfacet
  facet normal 7.286521e-01 6.774592e-01 1.005741e-01
    outer loop
      vertex   -1.515973e+01 -5.904847e+01 8.313426e+00
      vertex   -1.652586e+01 -5.852106e+01 1.465841e+01
      vertex   -1.626609e+01 -5.880873e+01 1.471409e+01
    endloop
  endfacet
  facet normal 5.321242e-01 8.445129e-01 6.034707e-02
    outer loop
      vertex   -1.515973e+01 -5.904847e+01 8.313426e+00
      vertex   -1.626609e+01 -5.880873e+01 1.471409e+01
      vertex   -1.483496e+01 -5.925767e+01 8.377398e+00
    endloop
  endfacet
  facet normal 5.321242e-01 8.445129e-01 6.034707e-02
    outer loop
      vertex   -1.483496e+01 -5.925767e+01 8.377398e+00
      vertex   -1.626609e+01 -5.880873e+01 1.471409e+01
      vertex   -1.594132e+01 -5.901794e+01 1.477806e+01
    endloop
  endfacet
  facet normal 2.993330e-01 9.540144e-01 1.600743e-02
    outer loop
      vertex   -1.483496e+01 -5.925767e+01 8.377398e+00
      vertex   -1.594132e+01 -5.901794e+01 1.477806e+01
      vertex   -1.446733e+01 -5.937416e+01 8.445306e+00
    endloop
  endfacet
  facet normal 2.993330e-01 9.540144e-01 1.600743e-02
    outer loop
      vertex   -1.446733e+01 -5.937416e+01 8.445306e+00
      vertex   -1.594132e+01 -5.901794e+01 1.477806e+01
      vertex   -1.557369e+01 -5.913442e+01 1.484597e+01
    endloop
  endfacet
  facet normal 4.614271e-02 9.985014e-01 -2.942308e-02
    outer loop
      vertex   -1.446733e+01 -5.937416e+01 8.445306e+00
      vertex   -1.557369e+01 -5.913442e+01 1.484597e+01
      vertex   -1.408189e+01 -5.938999e+01 8.512523e+00
    endloop
  endfacet
  facet normal 4.614271e-02 9.985014e-01 -2.942308e-02
    outer loop
      vertex   -1.408189e+01 -5.938999e+01 8.512523e+00
      vertex   -1.557369e+01 -5.913442e+01 1.484597e+01
      vertex   -1.518825e+01 -5.915026e+01 1.491319e+01
    endloop
  endfacet
  facet normal -2.101921e-01 9.749422e-01 -7.284845e-02
    outer loop
      vertex   -1.408189e+01 -5.938999e+01 8.512523e+00
      vertex   -1.518825e+01 -5.915026e+01 1.491319e+01
      vertex   -1.370490e+01 -5.930409e+01 8.574468e+00
    endloop
  endfacet
  facet normal -2.101921e-01 9.749422e-01 -7.284845e-02
    outer loop
      vertex   -1.370490e+01 -5.930409e+01 8.574468e+00
      vertex   -1.518825e+01 -5.915026e+01 1.491319e+01
      vertex   -1.481127e+01 -5.906435e+01 1.497513e+01
    endloop
  endfacet
  facet normal -4.522027e-01 8.849423e-01 -1.113093e-01
    outer loop
      vertex   -1.370490e+01 -5.930409e+01 8.574468e+00
      vertex   -1.481127e+01 -5.906435e+01 1.497513e+01
      vertex   -1.336207e+01 -5.912230e+01 8.626919e+00
    endloop
  endfacet
  facet normal -4.522027e-01 8.849423e-01 -1.113093e-01
    outer loop
      vertex   -1.336207e+01 -5.912230e+01 8.626919e+00
      vertex   -1.481127e+01 -5.906435e+01 1.497513e+01
      vertex   -1.446843e+01 -5.888257e+01 1.502758e+01
    endloop
  endfacet
  facet normal -6.633964e-01 7.346351e-01 -1.421847e-01
    outer loop
      vertex   -1.336207e+01 -5.912230e+01 8.626919e+00
      vertex   -1.446843e+01 -5.888257e+01 1.502758e+01
      vertex   -1.307674e+01 -5.885702e+01 8.666302e+00
    endloop
  endfacet
  facet normal -6.633964e-01 7.346351e-01 -1.421847e-01
    outer loop
      vertex   -1.307674e+01 -5.885702e+01 8.666302e+00
      vertex   -1.446843e+01 -5.888257e+01 1.502758e+01
      vertex   -1.418311e+01 -5.861729e+01 1.506696e+01
    endloop
  endfacet
  facet normal -8.293808e-01 5.342636e-01 -1.633703e-01
    outer loop
      vertex   -1.307674e+01 -5.885702e+01 8.666302e+00
      vertex   -1.418311e+01 -5.861729e+01 1.506696e+01
      vertex   -1.286838e+01 -5.852633e+01 8.689932e+00
    endloop
  endfacet
  facet normal -8.293808e-01 5.342636e-01 -1.633703e-01
    outer loop
      vertex   -1.286838e+01 -5.852633e+01 8.689932e+00
      vertex   -1.418311e+01 -5.861729e+01 1.506696e+01
      vertex   -1.397474e+01 -5.828659e+01 1.509060e+01
    endloop
  endfacet
  facet normal -9.388442e-01 2.974830e-01 -1.734226e-01
    outer loop
      vertex   -1.286838e+01 -5.852633e+01 8.689932e+00
      vertex   -1.397474e+01 -5.828659e+01 1.509060e+01
      vertex   -1.275116e+01 -5.815276e+01 8.696200e+00
    endloop
  endfacet
  facet normal -9.388442e-01 2.974830e-01 -1.734226e-01
    outer loop
      vertex   -1.275116e+01 -5.815276e+01 8.696200e+00
      vertex   -1.397474e+01 -5.828659e+01 1.509060e+01
      vertex   -1.385753e+01 -5.791302e+01 1.509686e+01
    endloop
  endfacet
  facet normal -9.843269e-01 4.042944e-02 -1.716564e-01
    outer loop
      vertex   -1.275116e+01 -5.815276e+01 8.696200e+00
      vertex   -1.385753e+01 -5.791302e+01 1.509686e+01
      vertex   -1.273309e+01 -5.776177e+01 8.684679e+00
    endloop
  endfacet
  facet normal -9.843269e-01 4.042944e-02 -1.716564e-01
    outer loop
      vertex   -1.273309e+01 -5.776177e+01 8.684679e+00
      vertex   -1.385753e+01 -5.791302e+01 1.509686e+01
      vertex   -1.383946e+01 -5.752203e+01 1.508534e+01
    endloop
  endfacet
  facet normal -9.627294e-01 -2.193793e-01 -1.581921e-01
    outer loop
      vertex   -1.273309e+01 -5.776177e+01 8.684679e+00
      vertex   -1.383946e+01 -5.752203e+01 1.508534e+01
      vertex   -1.281540e+01 -5.738000e+01 8.656153e+00
    endloop
  endfacet
  facet normal -9.627294e-01 -2.193793e-01 -1.581921e-01
    outer loop
      vertex   -1.281540e+01 -5.738000e+01 8.656153e+00
      vertex   -1.383946e+01 -5.752203e+01 1.508534e+01
      vertex   -1.392176e+01 -5.714026e+01 1.505682e+01
    endloop
  endfacet
  facet normal -8.755235e-01 -4.642378e-01 -1.339473e-01
    outer loop
      vertex   -1.281540e+01 -5.738000e+01 8.656153e+00
      vertex   -1.392176e+01 -5.714026e+01 1.505682e+01
      vertex   -1.299247e+01 -5.703348e+01 8.612567e+00
    endloop
  endfacet
  facet normal -8.755235e-01 -4.642378e-01 -1.339473e-01
    outer loop
      vertex   -1.299247e+01 -5.703348e+01 8.612567e+00
      vertex   -1.392176e+01 -5.714026e+01 1.505682e+01
      vertex   -1.409884e+01 -5.679374e+01 1.501323e+01
    endloop
  endfacet
  facet normal -7.286521e-01 -6.774592e-01 -1.005741e-01
    outer loop
      vertex   -1.299247e+01 -5.703348e+01 8.612567e+00
      vertex   -1.409884e+01 -5.679374e+01 1.501323e+01
      vertex   -1.325225e+01 -5.674581e+01 8.556890e+00
    endloop
  endfacet
  facet normal -7.286521e-01 -6.774592e-01 -1.005741e-01
    outer loop
      vertex   -1.325225e+01 -5.674581e+01 8.556890e+00
      vertex   -1.409884e+01 -5.679374e+01 1.501323e+01
      vertex   -1.435861e+01 -5.650607e+01 1.495755e+01
    endloop
  endfacet
  facet normal -5.321242e-01 -8.445129e-01 -6.034707e-02
    outer loop
      vertex   -1.325225e+01 -5.674581e+01 8.556890e+00
      vertex   -1.435861e+01 -5.650607e+01 1.495755e+01
      vertex   -1.357701e+01 -5.653660e+01 8.492918e+00
    endloop
  endfacet
  facet normal -5.321242e-01 -8.445129e-01 -6.034707e-02
    outer loop
      vertex   -1.357701e+01 -5.653660e+01 8.492918e+00
      vertex   -1.435861e+01 -5.650607e+01 1.495755e+01
      vertex   -1.468338e+01 -5.629687e+01 1.489358e+01
    endloop
  endfacet
  facet normal -2.993330e-01 -9.540144e-01 -1.600743e-02
    outer loop
      vertex   -1.357701e+01 -5.653660e+01 8.492918e+00
      vertex   -1.468338e+01 -5.629687e+01 1.489358e+01
      vertex   -1.394465e+01 -5.642012e+01 8.425009e+00
    endloop
  endfacet
  facet normal -2.993330e-01 -9.540144e-01 -1.600743e-02
    outer loop
      vertex   -1.394465e+01 -5.642012e+01 8.425009e+00
      vertex   -1.468338e+01 -5.629687e+01 1.489358e+01
      vertex   -1.505101e+01 -5.618038e+01 1.482567e+01
    endloop
  endfacet
  facet normal -4.614271e-02 -9.985014e-01 2.942308e-02
    outer loop
      vertex   -1.394465e+01 -5.642012e+01 8.425009e+00
      vertex   -1.505101e+01 -5.618038e+01 1.482567e+01
      vertex   -1.433009e+01 -5.640428e+01 8.357792e+00
    endloop
  endfacet
  facet normal -4.614271e-02 -9.985014e-01 2.942308e-02
    outer loop
      vertex   -1.433009e+01 -5.640428e+01 8.357792e+00
      vertex   -1.505101e+01 -5.618038e+01 1.482567e+01
      vertex   -1.543645e+01 -5.616455e+01 1.475846e+01
    endloop
  endfacet
  facet normal 2.101921e-01 -9.749422e-01 7.284845e-02
    outer loop
      vertex   -1.433009e+01 -5.640428e+01 8.357792e+00
      vertex   -1.543645e+01 -5.616455e+01 1.475846e+01
      vertex   -1.470707e+01 -5.649019e+01 8.295848e+00
    endloop
  endfacet
  facet normal 2.101921e-01 -9.749422e-01 7.284845e-02
    outer loop
      vertex   -1.470707e+01 -5.649019e+01 8.295848e+00
      vertex   -1.543645e+01 -5.616455e+01 1.475846e+01
      vertex   -1.581343e+01 -5.625045e+01 1.469651e+01
    endloop
  endfacet
  facet normal 4.522027e-01 -8.849423e-01 1.113093e-01
    outer loop
      vertex   -1.470707e+01 -5.649019e+01 8.295848e+00
      vertex   -1.581343e+01 -5.625045e+01 1.469651e+01
      vertex   -1.504991e+01 -5.667197e+01 8.243397e+00
    endloop
  endfacet
  facet normal 4.522027e-01 -8.849423e-01 1.113093e-01
    outer loop
      vertex   -1.504991e+01 -5.667197e+01 8.243397e+00
      vertex   -1.581343e+01 -5.625045e+01 1.469651e+01
      vertex   -1.615627e+01 -5.643224e+01 1.464406e+01
    endloop
  endfacet
  facet normal 6.633964e-01 -7.346351e-01 1.421847e-01
    outer loop
      vertex   -1.504991e+01 -5.667197e+01 8.243397e+00
      vertex   -1.615627e+01 -5.643224e+01 1.464406e+01
      vertex   -1.533523e+01 -5.693725e+01 8.204014e+00
    endloop
  endfacet
  facet normal 6.633964e-01 -7.346351e-01 1.421847e-01
    outer loop
      vertex   -1.533523e+01 -5.693725e+01 8.204014e+00
      vertex   -1.615627e+01 -5.643224e+01 1.464406e+01
      vertex   -1.644159e+01 -5.669752e+01 1.460468e+01
    endloop
  endfacet
  facet normal 8.293808e-01 -5.342636e-01 1.633703e-01
    outer loop
      vertex   -1.533523e+01 -5.693725e+01 8.204014e+00
      vertex   -1.644159e+01 -5.669752e+01 1.460468e+01
      vertex   -1.554360e+01 -5.726795e+01 8.180384e+00
    endloop
  endfacet
  facet normal 8.293808e-01 -5.342636e-01 1.633703e-01
    outer loop
      vertex   -1.554360e+01 -5.726795e+01 8.180384e+00
      vertex   -1.644159e+01 -5.669752e+01 1.460468e+01
      vertex   -1.664996e+01 -5.702821e+01 1.458105e+01
    endloop
  endfacet
  facet normal 9.388442e-01 -2.974830e-01 1.734226e-01
    outer loop
      vertex   -2.206547e+01 -9.498649e+01 8.465820e+00
      vertex   -2.317183e+01 -9.474675e+01 1.486648e+01
      vertex   -2.218268e+01 -9.536006e+01 8.459552e+00
    endloop
  endfacet
  facet normal 9.388442e-01 -2.974830e-01 1.734226e-01
    outer loop
      vertex   -2.218268e+01 -9.536006e+01 8.459552e+00
      vertex   -2.317183e+01 -9.474675e+01 1.486648e+01
      vertex   -2.328904e+01 -9.512033e+01 1.486022e+01
    endloop
  endfacet
  facet normal 9.843269e-01 -4.042944e-02 1.716564e-01
    outer loop
      vertex   -2.218268e+01 -9.536006e+01 8.459552e+00
      vertex   -2.328904e+01 -9.512033e+01 1.486022e+01
      vertex   -2.220075e+01 -9.575106e+01 8.471073e+00
    endloop
  endfacet
  facet normal 9.843269e-01 -4.042944e-02 1.716564e-01
    outer loop
      vertex   -2.220075e+01 -9.575106e+01 8.471073e+00
      vertex   -2.328904e+01 -9.512033e+01 1.486022e+01
      vertex   -2.330711e+01 -9.551132e+01 1.487174e+01
    endloop
  endfacet
  facet normal 9.627294e-01 2.193793e-01 1.581921e-01
    outer loop
      vertex   -2.220075e+01 -9.575106e+01 8.471073e+00
      vertex   -2.330711e+01 -9.551132e+01 1.487174e+01
      vertex   -2.211844e+01 -9.613282e+01 8.499599e+00
    endloop
  endfacet
  facet normal 9.627294e-01 2.193793e-01 1.581921e-01
    outer loop
      vertex   -2.211844e+01 -9.613282e+01 8.499599e+00
      vertex   -2.330711e+01 -9.551132e+01 1.487174e+01
      vertex   -2.322480e+01 -9.589308e+01 1.490026e+01
    endloop
  endfacet
  facet normal 8.755235e-01 4.642378e-01 1.339473e-01
    outer loop
      vertex   -2.211844e+01 -9.613282e+01 8.499599e+00
      vertex   -2.322480e+01 -9.589308e+01 1.490026e+01
      vertex   -2.194137e+01 -9.647935e+01 8.543186e+00
    endloop
  endfacet
  facet normal 8.755235e-01 4.642378e-01 1.339473e-01
    outer loop
      vertex   -2.194137e+01 -9.647935e+01 8.543186e+00
      vertex   -2.322480e+01 -9.589308e+01 1.490026e+01
      vertex   -2.304773e+01 -9.623961e+01 1.494385e+01
    endloop
  endfacet
  facet normal 7.286521e-01 6.774592e-01 1.005741e-01
    outer loop
      vertex   -2.194137e+01 -9.647935e+01 8.543186e+00
      vertex   -2.304773e+01 -9.623961e+01 1.494385e+01
      vertex   -2.168160e+01 -9.676701e+01 8.598862e+00
    endloop
  endfacet
  facet normal 7.286521e-01 6.774592e-01 1.005741e-01
    outer loop
      vertex   -2.168160e+01 -9.676701e+01 8.598862e+00
      vertex   -2.304773e+01 -9.623961e+01 1.494385e+01
      vertex   -2.278796e+01 -9.652728e+01 1.499953e+01
    endloop
  endfacet
  facet normal 5.321242e-01 8.445129e-01 6.034707e-02
    outer loop
      vertex   -2.168160e+01 -9.676701e+01 8.598862e+00
      vertex   -2.278796e+01 -9.652728e+01 1.499953e+01
      vertex   -2.135683e+01 -9.697622e+01 8.662834e+00
    endloop
  endfacet
  facet normal 5.321242e-01 8.445129e-01 6.034707e-02
    outer loop
      vertex   -2.135683e+01 -9.697622e+01 8.662834e+00
      vertex   -2.278796e+01 -9.652728e+01 1.499953e+01
      vertex   -2.246319e+01 -9.673648e+01 1.506350e+01
    endloop
  endfacet
  facet normal 2.993330e-01 9.540144e-01 1.600743e-02
    outer loop
      vertex   -2.135683e+01 -9.697622e+01 8.662834e+00
      vertex   -2.246319e+01 -9.673648e+01 1.506350e+01
      vertex   -2.098920e+01 -9.709271e+01 8.730743e+00
    endloop
  endfacet
  facet normal 2.993330e-01 9.540144e-01 1.600743e-02
    outer loop
      vertex   -2.098920e+01 -9.709271e+01 8.730743e+00
      vertex   -2.246319e+01 -9.673648e+01 1.506350e+01
      vertex   -2.209556e+01 -9.685297e+01 1.513141e+01
    endloop
  endfacet
  facet normal 4.614271e-02 9.985014e-01 -2.942308e-02
    outer loop
      vertex   -2.098920e+01 -9.709271e+01 8.730743e+00
      vertex   -2.209556e+01 -9.685297e+01 1.513141e+01
      vertex   -2.060376e+01 -9.710854e+01 8.797960e+00
    endloop
  endfacet
  facet normal 4.614271e-02 9.985014e-01 -2.942308e-02
    outer loop
      vertex   -2.060376e+01 -9.710854e+01 8.797960e+00
      vertex   -2.209556e+01 -9.685297e+01 1.513141e+01
      vertex   -2.171012e+01 -9.686880e+01 1.519862e+01
    endloop
  endfacet
  facet normal -2.101921e-01 9.749422e-01 -7.284845e-02
    outer loop
      vertex   -2.060376e+01 -9.710854e+01 8.797960e+00
      vertex   -2.171012e+01 -9.686880e+01 1.519862e+01
      vertex   -2.022677e+01 -9.702263e+01 8.859905e+00
    endloop
  endfacet
  facet normal -2.101921e-01 9.749422e-01 -7.284845e-02
    outer loop
      vertex   -2.022677e+01 -9.702263e+01 8.859905e+00
      vertex   -2.171012e+01 -9.686880e+01 1.519862e+01
      vertex   -2.133313e+01 -9.678290e+01 1.526057e+01
    endloop
  endfacet
  facet normal -4.522027e-01 8.849423e-01 -1.113093e-01
    outer loop
      vertex   -2.022677e+01 -9.702263e+01 8.859905e+00
      vertex   -2.133313e+01 -9.678290e+01 1.526057e+01
      vertex   -1.988394e+01 -9.684085e+01 8.912356e+00
    endloop
  endfacet
  facet normal -4.522027e-01 8.849423e-01 -1.113093e-01
    outer loop
      vertex   -1.988394e+01 -9.684085e+01 8.912356e+00
      vertex   -2.133313e+01 -9.678290e+01 1.526057e+01
      vertex   -2.099030e+01 -9.660111e+01 1.531302e+01
    endloop
  endfacet
  facet normal -6.633964e-01 7.346351e-01 -1.421847e-01
    outer loop
      vertex   -1.988394e+01 -9.684085e+01 8.912356e+00
      vertex   -2.099030e+01 -9.660111e+01 1.531302e+01
      vertex   -1.959861e+01 -9.657557e+01 8.951738e+00
    endloop
  endfacet
  facet normal -6.633964e-01 7.346351e-01 -1.421847e-01
    outer loop
      vertex   -1.959861e+01 -9.657557e+01 8.951738e+00
      vertex   -2.099030e+01 -9.660111e+01 1.531302e+01
      vertex   -2.070497e+01 -9.633583e+01 1.535240e+01
    endloop
  endfacet
  facet normal -8.293808e-01 5.342636e-01 -1.633703e-01
    outer loop
      vertex   -1.959861e+01 -9.657557e+01 8.951738e+00
      vertex   -2.070497e+01 -9.633583e+01 1.535240e+01
      vertex   -1.939024e+01 -9.624488e+01 8.975369e+00
    endloop
  endfacet
  facet normal -8.293808e-01 5.342636e-01 -1.633703e-01
    outer loop
      vertex   -1.939024e+01 -9.624488e+01 8.975369e+00
      vertex   -2.070497e+01 -9.633583e+01 1.535240e+01
      vertex   -2.049660e+01 -9.600514e+01 1.537603e+01
    endloop
  endfacet
  facet normal -9.388442e-01 2.974830e-01 -1.734226e-01
    outer loop
      vertex   -1.939024e+01 -9.624488e+01 8.975369e+00
      vertex   -2.049660e+01 -9.600514e+01 1.537603e+01
      vertex   -1.927303e+01 -9.587131e+01 8.981637e+00
    endloop
  endfacet
  facet normal -9.388442e-01 2.974830e-01 -1.734226e-01
    outer loop
      vertex   -1.927303e+01 -9.587131e+01 8.981637e+00
      vertex   -2.049660e+01 -9.600514e+01 1.537603e+01
      vertex   -2.037939e+01 -9.563157e+01 1.538230e+01
    endloop
  endfacet
  facet normal -9.843269e-01 4.042944e-02 -1.716564e-01
    outer loop
      vertex   -1.927303e+01 -9.587131e+01 8.981637e+00
      vertex   -2.037939e+01 -9.563157e+01 1.538230e+01
      vertex   -1.925496e+01 -9.548031e+01 8.970116e+00
    endloop
  endfacet
  facet normal -9.843269e-01 4.042944e-02 -1.716564e-01
    outer loop
      vertex   -1.925496e+01 -9.548031e+01 8.970116e+00
      vertex   -2.037939e+01 -9.563157e+01 1.538230e+01
      vertex   -2.036132e+01 -9.524058e+01 1.537078e+01
    endloop
  endfacet
  facet normal -9.627294e-01 -2.193793e-01 -1.581921e-01
    outer loop
      vertex   -1.925496e+01 -9.548031e+01 8.970116e+00
      vertex   -2.036132e+01 -9.524058e+01 1.537078e+01
      vertex   -1.933727e+01 -9.509855e+01 8.941590e+00
    endloop
  endfacet
  facet normal -9.627294e-01 -2.193793e-01 -1.581921e-01
    outer loop
      vertex   -1.933727e+01 -9.509855e+01 8.941590e+00
      vertex   -2.036132e+01 -9.524058e+01 1.537078e+01
      vertex   -2.044363e+01 -9.485881e+01 1.534225e+01
    endloop
  endfacet
  facet normal -8.755235e-01 -4.642378e-01 -1.339473e-01
    outer loop
      vertex   -1.933727e+01 -9.509855e+01 8.941590e+00
      vertex   -2.044363e+01 -9.485881e+01 1.534225e+01
      vertex   -1.951434e+01 -9.475202e+01 8.898003e+00
    endloop
  endfacet
  facet normal -8.755235e-01 -4.642378e-01 -1.339473e-01
    outer loop
      vertex   -1.951434e+01 -9.475202e+01 8.898003e+00
      vertex   -2.044363e+01 -9.485881e+01 1.534225e+01
      vertex   -2.062070e+01 -9.451229e+01 1.529867e+01
    endloop
  endfacet
  facet normal -7.286521e-01 -6.774592e-01 -1.005741e-01
    outer loop
      vertex   -1.951434e+01 -9.475202e+01 8.898003e+00
      vertex   -2.062070e+01 -9.451229e+01 1.529867e+01
      vertex   -1.977411e+01 -9.446436e+01 8.842327e+00
    endloop
  endfacet
  facet normal -7.286521e-01 -6.774592e-01 -1.005741e-01
    outer loop
      vertex   -1.977411e+01 -9.446436e+01 8.842327e+00
      vertex   -2.062070e+01 -9.451229e+01 1.529867e+01
      vertex   -2.088048e+01 -9.422462e+01 1.524299e+01
    endloop
  endfacet
  facet normal -5.321242e-01 -8.445129e-01 -6.034707e-02
    outer loop
      vertex   -1.977411e+01 -9.446436e+01 8.842327e+00
      vertex   -2.088048e+01 -9.422462e+01 1.524299e+01
      vertex   -2.009888e+01 -9.425515e+01 8.778355e+00
    endloop
  endfacet
  facet normal -5.321242e-01 -8.445129e-01 -6.034707e-02
    outer loop
      vertex   -2.009888e+01 -9.425515e+01 8.778355e+00
      vertex   -2.088048e+01 -9.422462e+01 1.524299e+01
      vertex   -2.120524e+01 -9.401541e+01 1.517902e+01
    endloop
  endfacet
  facet normal -2.993330e-01 -9.540144e-01 -1.600743e-02
    outer loop
      vertex   -2.009888e+01 -9.425515e+01 8.778355e+00
      vertex   -2.120524e+01 -9.401541e+01 1.517902e+01
      vertex   -2.046651e+01 -9.413866e+01 8.710446e+00
    endloop
  endfacet
  facet normal -2.993330e-01 -9.540144e-01 -1.600743e-02
    outer loop
      vertex   -2.046651e+01 -9.413866e+01 8.710446e+00
      vertex   -2.120524e+01 -9.401541e+01 1.517902e+01
      vertex   -2.157287e+01 -9.389892e+01 1.511111e+01
    endloop
  endfacet
  facet normal -4.614271e-02 -9.985014e-01 2.942308e-02
    outer loop
      vertex   -2.046651e+01 -9.413866e+01 8.710446e+00
      vertex   -2.157287e+01 -9.389892e+01 1.511111e+01
      vertex   -2.085195e+01 -9.412283e+01 8.643229e+00
    endloop
  endfacet
  facet normal -4.614271e-02 -9.985014e-01 2.942308e-02
    outer loop
      vertex   -2.085195e+01 -9.412283e+01 8.643229e+00
      vertex   -2.157287e+01 -9.389892e+01 1.511111e+01
      vertex   -2.195832e+01 -9.388309e+01 1.504389e+01
    endloop
  endfacet
  facet normal 2.101921e-01 -9.749422e-01 7.284845e-02
    outer loop
      vertex   -2.085195e+01 -9.412283e+01 8.643229e+00
      vertex   -2.195832e+01 -9.388309e+01 1.504389e+01
      vertex   -2.122894e+01 -9.420873e+01 8.581284e+00
    endloop
  endfacet
  facet normal 2.101921e-01 -9.749422e-01 7.284845e-02
    outer loop
      vertex   -2.122894e+01 -9.420873e+01 8.581284e+00
      vertex   -2.195832e+01 -9.388309e+01 1.504389e+01
      vertex   -2.233530e+01 -9.396900e+01 1.498195e+01
    endloop
  endfacet
  facet normal 4.522027e-01 -8.849423e-01 1.113093e-01
    outer loop
      vertex   -2.122894e+01 -9.420873e+01 8.581284e+00
      vertex   -2.233530e+01 -9.396900e+01 1.498195e+01
      vertex   -2.157177e+01 -9.439052e+01 8.528833e+00
    endloop
  endfacet
  facet normal 4.522027e-01 -8.849423e-01 1.113093e-01
    outer loop
      vertex   -2.157177e+01 -9.439052e+01 8.528833e+00
      vertex   -2.233530e+01 -9.396900e+01 1.498195e+01
      vertex   -2.267814e+01 -9.415078e+01 1.492950e+01
    endloop
  endfacet
  facet normal 6.633964e-01 -7.346351e-01 1.421847e-01
    outer loop
      vertex   -2.157177e+01 -9.439052e+01 8.528833e+00
      vertex   -2.267814e+01 -9.415078e+01 1.492950e+01
      vertex   -2.185710e+01 -9.465580e+01 8.489451e+00
    endloop
  endfacet
  facet normal 6.633964e-01 -7.346351e-01 1.421847e-01
    outer loop
      vertex   -2.185710e+01 -9.465580e+01 8.489451e+00
      vertex   -2.267814e+01 -9.415078e+01 1.492950e+01
      vertex   -2.296346e+01 -9.441606e+01 1.489011e+01
    endloop
  endfacet
  facet normal 8.293808e-01 -5.342636e-01 1.633703e-01
    outer loop
      vertex   -2.185710e+01 -9.465580e+01 8.489451e+00
      vertex   -2.296346e+01 -9.441606e+01 1.489011e+01
      vertex   -2.206547e+01 -9.498649e+01 8.465820e+00
    endloop
  endfacet
  facet normal 8.293808e-01 -5.342636e-01 1.633703e-01
    outer loop
      vertex   -2.206547e+01 -9.498649e+01 8.465820e+00
      vertex   -2.296346e+01 -9.441606e+01 1.489011e+01
      vertex   -2.317183e+01 -9.474675e+01 1.486648e+01
    endloop
  endfacet
  facet normal 2.117746e-01 9.773185e-01 -1.290473e-13
    outer loop
      vertex   1.548215e+01 -5.904203e+01 1.357011e+01
      vertex   1.548215e+01 -5.904203e+01 1.346248e+01
      vertex   1.546411e+01 -5.903812e+01 1.356684e+01
    endloop
  endfacet
  facet normal -1.702096e-01 3.688262e-02 9.847174e-01
    outer loop
      vertex   1.546411e+01 -5.903812e+01 1.356684e+01
      vertex   1.488251e+01 -5.893593e+01 1.346248e+01
      vertex   1.548215e+01 -5.904203e+01 1.357011e+01
    endloop
  endfacet
  facet normal -9.847270e-01 1.740798e-01 -2.987151e-03
    outer loop
      vertex   -3.442513e+01 -5.021150e+01 -5.449106e+00
      vertex   -3.442785e+01 -5.021102e+01 -4.527342e+00
      vertex   -3.188000e+01 -3.582725e+01 -6.202952e+00
    endloop
  endfacet
  facet normal -9.847270e-01 1.740798e-01 -2.987151e-03
    outer loop
      vertex   -3.188000e+01 -3.582725e+01 -6.202952e+00
      vertex   -3.442785e+01 -5.021102e+01 -4.527342e+00
      vertex   -3.187048e+01 -3.574635e+01 -4.627073e+00
    endloop
  endfacet
  facet normal -1.259751e-14 -1.277399e-09 1.000000e+00
    outer loop
      vertex   1.882533e+01 -1.374109e+02 2.751416e+01
      vertex   2.079945e+01 -1.374109e+02 2.751416e+01
      vertex   1.882682e+01 -1.374109e+02 2.751416e+01
    endloop
  endfacet
  facet normal -9.004979e-15 7.634332e-15 1.000000e+00
    outer loop
      vertex   1.882682e+01 -1.374109e+02 2.751416e+01
      vertex   2.079945e+01 -1.374109e+02 2.751416e+01
      vertex   2.079946e+01 -1.374109e+02 2.751416e+01
    endloop
  endfacet
  facet normal -9.014053e-15 4.008933e-12 1.000000e+00
    outer loop
      vertex   1.882682e+01 -1.374109e+02 2.751416e+01
      vertex   2.079946e+01 -1.374109e+02 2.751416e+01
      vertex   1.882830e+01 -1.374109e+02 2.751416e+01
    endloop
  endfacet
  facet normal -9.018546e-15 1.182250e-11 1.000000e+00
    outer loop
      vertex   1.882830e+01 -1.374109e+02 2.751416e+01
      vertex   2.079946e+01 -1.374109e+02 2.751416e+01
      vertex   1.882979e+01 -1.374109e+02 2.751416e+01
    endloop
  endfacet
  facet normal -9.431671e-15 1.000000e+00 -4.891747e-30
    outer loop
      vertex   2.031728e+01 -1.064873e+02 3.273447e+00
      vertex   2.031728e+01 -1.064873e+02 1.012336e+01
      vertex   2.483743e+01 -1.064873e+02 3.273447e+00
    endloop
  endfacet
  facet normal -3.748117e-15 1.000000e+00 3.750489e-15
    outer loop
      vertex   2.483743e+01 -1.064873e+02 3.273447e+00
      vertex   2.031728e+01 -1.064873e+02 1.012336e+01
      vertex   2.310796e+01 -1.064873e+02 1.291228e+01
    endloop
  endfacet
  facet normal 8.070302e-01 -1.416833e-01 -5.732610e-01
    outer loop
      vertex   2.260062e+01 -1.007839e+02 2.706649e+01
      vertex   2.000807e+01 -1.155512e+02 2.706649e+01
      vertex   2.180093e+01 -1.006505e+02 2.590772e+01
    endloop
  endfacet
  facet normal 8.070302e-01 -1.416833e-01 -5.732610e-01
    outer loop
      vertex   2.180093e+01 -1.006505e+02 2.590772e+01
      vertex   2.000807e+01 -1.155512e+02 2.706649e+01
      vertex   1.920957e+01 -1.154110e+02 2.590772e+01
    endloop
  endfacet
  facet normal -1.729167e-01 -9.849364e-01 1.864517e-14
    outer loop
      vertex   1.920957e+01 -1.154110e+02 2.590772e+01
      vertex   2.000807e+01 -1.155512e+02 2.706649e+01
      vertex   1.888162e+01 -1.153534e+02 2.779177e+01
    endloop
  endfacet
  facet normal -1.729167e-01 -9.849364e-01 -7.898676e-14
    outer loop
      vertex   1.888162e+01 -1.153534e+02 2.779177e+01
      vertex   2.000807e+01 -1.155512e+02 2.706649e+01
      vertex   1.988182e+01 -1.155290e+02 2.779177e+01
    endloop
  endfacet
  facet normal -6.974084e-15 7.433813e-16 1.000000e+00
    outer loop
      vertex   2.247526e+01 -1.007568e+02 2.779177e+01
      vertex   2.147527e+01 -1.005800e+02 2.779177e+01
      vertex   1.988182e+01 -1.155290e+02 2.779177e+01
    endloop
  endfacet
  facet normal 6.973518e-15 -7.433209e-16 1.000000e+00
    outer loop
      vertex   1.988182e+01 -1.155290e+02 2.779177e+01
      vertex   2.147527e+01 -1.005800e+02 2.779177e+01
      vertex   1.888162e+01 -1.153534e+02 2.779177e+01
    endloop
  endfacet
  facet normal 9.699071e-01 -1.702782e-01 1.740274e-01
    outer loop
      vertex   2.247526e+01 -1.007568e+02 2.779177e+01
      vertex   1.988182e+01 -1.155290e+02 2.779177e+01
      vertex   2.260062e+01 -1.007839e+02 2.706649e+01
    endloop
  endfacet
  facet normal 9.699071e-01 -1.702782e-01 1.740274e-01
    outer loop
      vertex   2.260062e+01 -1.007839e+02 2.706649e+01
      vertex   1.988182e+01 -1.155290e+02 2.779177e+01
      vertex   2.000807e+01 -1.155512e+02 2.706649e+01
    endloop
  endfacet
  facet normal -1.702096e-01 3.688262e-02 9.847174e-01
    outer loop
      vertex   1.908994e+01 -1.001627e+02 2.714728e+01
      vertex   1.908991e+01 -1.001627e+02 2.714728e+01
      vertex   1.876232e+01 -1.020141e+02 2.716000e+01
    endloop
  endfacet
  facet normal 1.752623e-01 -3.777032e-02 -9.837970e-01
    outer loop
      vertex   1.565211e+01 -1.195902e+02 2.728070e+01
      vertex   1.876232e+01 -1.020141e+02 2.716000e+01
      vertex   1.565243e+01 -1.195902e+02 2.728076e+01
    endloop
  endfacet
  facet normal 1.182083e-03 6.686045e-03 9.999769e-01
    outer loop
      vertex   2.357431e+01 -8.581747e+01 1.337833e+01
      vertex   1.173302e+01 -8.372394e+01 1.337833e+01
      vertex   2.365584e+01 -9.801770e+01 1.345981e+01
    endloop
  endfacet
  facet normal 1.182083e-03 6.686045e-03 9.999769e-01
    outer loop
      vertex   2.365584e+01 -9.801770e+01 1.345981e+01
      vertex   1.173302e+01 -8.372394e+01 1.337833e+01
      vertex   1.877719e+00 -9.416736e+01 1.345981e+01
    endloop
  endfacet
  facet normal 1.182083e-03 6.686045e-03 9.999769e-01
    outer loop
      vertex   1.877719e+00 -9.416736e+01 1.345981e+01
      vertex   1.173302e+01 -8.372394e+01 1.337833e+01
      vertex   4.205800e+00 -8.099937e+01 1.336901e+01
    endloop
  endfacet
  facet normal 9.699071e-01 -1.702782e-01 1.740274e-01
    outer loop
      vertex   3.032979e+01 -5.640704e+01 2.166416e+01
      vertex   2.522081e+01 -8.550786e+01 2.166416e+01
      vertex   3.032979e+01 -5.797545e+01 2.012954e+01
    endloop
  endfacet
  facet normal 9.699071e-01 -1.702782e-01 1.740274e-01
    outer loop
      vertex   3.032979e+01 -5.797545e+01 2.012954e+01
      vertex   2.522081e+01 -8.550786e+01 2.166416e+01
      vertex   2.612061e+01 -8.625010e+01 1.592302e+01
    endloop
  endfacet
  facet normal 9.699071e-01 -1.702782e-01 1.740274e-01
    outer loop
      vertex   2.612061e+01 -8.625010e+01 1.592302e+01
      vertex   2.522081e+01 -8.550786e+01 2.166416e+01
      vertex   2.439475e+01 -8.587612e+01 2.590772e+01
    endloop
  endfacet
  facet normal 9.699071e-01 -1.702782e-01 1.740274e-01
    outer loop
      vertex   2.439475e+01 -8.587612e+01 2.590772e+01
      vertex   2.522081e+01 -8.550786e+01 2.166416e+01
      vertex   2.446024e+01 -8.550308e+01 2.590772e+01
    endloop
  endfacet
  facet normal 8.070302e-01 -1.416833e-01 -5.732610e-01
    outer loop
      vertex   2.528255e+01 -8.550767e+01 2.706649e+01
      vertex   2.519444e+01 -8.600952e+01 2.706649e+01
      vertex   2.499698e+01 -8.550645e+01 2.666416e+01
    endloop
  endfacet
  facet normal 8.070302e-01 -1.416833e-01 -5.732610e-01
    outer loop
      vertex   2.499698e+01 -8.550645e+01 2.666416e+01
      vertex   2.519444e+01 -8.600952e+01 2.706649e+01
      vertex   2.439475e+01 -8.587612e+01 2.590772e+01
    endloop
  endfacet
  facet normal 8.070302e-01 -1.416833e-01 -5.732610e-01
    outer loop
      vertex   2.499698e+01 -8.550645e+01 2.666416e+01
      vertex   2.439475e+01 -8.587612e+01 2.590772e+01
      vertex   2.446024e+01 -8.550308e+01 2.590772e+01
    endloop
  endfacet
  facet normal 9.699071e-01 -1.702782e-01 1.740274e-01
    outer loop
      vertex   2.506908e+01 -8.598235e+01 2.779177e+01
      vertex   2.519444e+01 -8.600952e+01 2.706649e+01
      vertex   2.515274e+01 -8.550580e+01 2.779177e+01
    endloop
  endfacet
  facet normal 9.699071e-01 -1.702782e-01 1.740274e-01
    outer loop
      vertex   2.515274e+01 -8.550580e+01 2.779177e+01
      vertex   2.519444e+01 -8.600952e+01 2.706649e+01
      vertex   2.528255e+01 -8.550767e+01 2.706649e+01
    endloop
  endfacet
  facet normal 0.000000e+00 0.000000e+00 1.000000e+00
    outer loop
      vertex   2.752746e+01 -6.610661e+01 2.779177e+01
      vertex   2.406909e+01 -8.580556e+01 2.779177e+01
      vertex   2.413516e+01 -8.549941e+01 2.779177e+01
    endloop
  endfacet
  facet normal -6.844376e-15 1.477032e-15 1.000000e+00
    outer loop
      vertex   2.413516e+01 -8.549941e+01 2.779177e+01
      vertex   2.406909e+01 -8.580556e+01 2.779177e+01
      vertex   2.506908e+01 -8.598235e+01 2.779177e+01
    endloop
  endfacet
  facet normal 9.362655e-17 1.489368e-14 1.000000e+00
    outer loop
      vertex   2.413516e+01 -8.549941e+01 2.779177e+01
      vertex   2.506908e+01 -8.598235e+01 2.779177e+01
      vertex   2.515274e+01 -8.550580e+01 2.779177e+01
    endloop
  endfacet
  facet normal 0.000000e+00 0.000000e+00 1.000000e+00
    outer loop
      vertex   2.413516e+01 -8.549941e+01 2.779177e+01
      vertex   2.753491e+01 -6.610792e+01 2.779177e+01
      vertex   2.752746e+01 -6.610661e+01 2.779177e+01
    endloop
  endfacet
  facet normal 9.849765e-01 -1.726883e-01 1.917914e-14
    outer loop
      vertex   2.371411e+01 -8.549336e+01 2.914440e+01
      vertex   3.032979e+01 -4.775897e+01 2.914440e+01
      vertex   2.371411e+01 -8.549336e+01 3.007563e+01
    endloop
  endfacet
  facet normal 9.849765e-01 -1.726883e-01 -2.267596e-15
    outer loop
      vertex   2.371411e+01 -8.549336e+01 3.007563e+01
      vertex   3.032979e+01 -4.775897e+01 2.914440e+01
      vertex   3.032979e+01 -4.775897e+01 3.012591e+01
    endloop
  endfacet
  facet normal 1.729167e-01 9.849364e-01 2.245617e-14
    outer loop
      vertex   2.753491e+01 -6.610792e+01 2.779177e+01
      vertex   2.773119e+01 -6.614238e+01 2.666416e+01
      vertex   2.752746e+01 -6.610661e+01 2.779177e+01
    endloop
  endfacet
  facet normal 1.729167e-01 9.849364e-01 6.538888e-13
    outer loop
      vertex   2.752746e+01 -6.610661e+01 2.779177e+01
      vertex   2.773119e+01 -6.614238e+01 2.666416e+01
      vertex   2.773119e+01 -6.614238e+01 2.662135e+01
    endloop
  endfacet
  facet normal -9.849765e-01 1.726883e-01 -4.551917e-13
    outer loop
      vertex   3.032979e+01 -5.132052e+01 2.666416e+01
      vertex   3.032979e+01 -5.132052e+01 2.664110e+01
      vertex   2.773119e+01 -6.614238e+01 2.666416e+01
    endloop
  endfacet
  facet normal -9.849765e-01 1.726883e-01 1.146408e-13
    outer loop
      vertex   2.773119e+01 -6.614238e+01 2.666416e+01
      vertex   3.032979e+01 -5.132052e+01 2.664110e+01
      vertex   2.773119e+01 -6.614238e+01 2.662135e+01
    endloop
  endfacet
  facet normal 6.378842e-14 -1.110206e-14 1.000000e+00
    outer loop
      vertex   2.388101e+01 -8.549441e+01 2.914440e+01
      vertex   3.032979e+01 -4.876209e+01 2.914440e+01
      vertex   2.371411e+01 -8.549336e+01 2.914440e+01
    endloop
  endfacet
  facet normal 2.148057e-15 3.043078e-29 1.000000e+00
    outer loop
      vertex   2.371411e+01 -8.549336e+01 2.914440e+01
      vertex   3.032979e+01 -4.876209e+01 2.914440e+01
      vertex   3.032979e+01 -4.775897e+01 2.914440e+01
    endloop
  endfacet
  facet normal 6.286203e-03 9.999802e-01 -4.570814e-14
    outer loop
      vertex   2.371411e+01 -8.549336e+01 3.007563e+01
      vertex   2.388101e+01 -8.549441e+01 2.914440e+01
      vertex   2.371411e+01 -8.549336e+01 2.914440e+01
    endloop
  endfacet
  facet normal 8.068135e-01 -1.416452e-01 -5.735752e-01
    outer loop
      vertex   2.594994e+01 -8.551244e+01 2.269092e+01
      vertex   2.522081e+01 -8.550786e+01 2.166416e+01
      vertex   2.595201e+01 -8.550066e+01 2.269092e+01
    endloop
  endfacet
  facet normal 8.068135e-01 -1.416452e-01 -5.735752e-01
    outer loop
      vertex   2.595201e+01 -8.550066e+01 2.269092e+01
      vertex   2.522081e+01 -8.550786e+01 2.166416e+01
      vertex   3.032979e+01 -5.640704e+01 2.166416e+01
    endloop
  endfacet
  facet normal 8.068127e-01 -1.416452e-01 -5.735764e-01
    outer loop
      vertex   2.595201e+01 -8.550066e+01 2.269092e+01
      vertex   3.032979e+01 -5.640704e+01 2.166416e+01
      vertex   3.032979e+01 -8.552818e+01 2.885565e+01
    endloop
  endfacet
  facet normal -9.699469e-01 1.700532e-01 -1.740258e-01
    outer loop
      vertex   2.413516e+01 -8.549941e+01 2.779177e+01
      vertex   2.389308e+01 -8.549593e+01 2.914440e+01
      vertex   2.753491e+01 -6.610792e+01 2.779177e+01
    endloop
  endfacet
  facet normal -9.699469e-01 1.700532e-01 -1.740258e-01
    outer loop
      vertex   2.753491e+01 -6.610792e+01 2.779177e+01
      vertex   2.389308e+01 -8.549593e+01 2.914440e+01
      vertex   3.032979e+01 -4.878233e+01 2.914440e+01
    endloop
  endfacet
  facet normal -9.699469e-01 1.700532e-01 -1.740258e-01
    outer loop
      vertex   2.753491e+01 -6.610792e+01 2.779177e+01
      vertex   3.032979e+01 -4.878233e+01 2.914440e+01
      vertex   3.032979e+01 -5.132052e+01 2.666416e+01
    endloop
  endfacet
  facet normal -9.699469e-01 1.700532e-01 -1.740258e-01
    outer loop
      vertex   3.032979e+01 -5.132052e+01 2.666416e+01
      vertex   2.773119e+01 -6.614238e+01 2.666416e+01
      vertex   2.753491e+01 -6.610792e+01 2.779177e+01
    endloop
  endfacet
  facet normal 0.000000e+00 0.000000e+00 1.000000e+00
    outer loop
      vertex   2.914016e+01 -8.043732e+01 2.914440e+01
      vertex   2.919809e+01 -8.087731e+01 2.914440e+01
      vertex   3.032979e+01 -8.552818e+01 2.914440e+01
    endloop
  endfacet
  facet normal 0.000000e+00 0.000000e+00 1.000000e+00
    outer loop
      vertex   3.032979e+01 -8.552818e+01 2.914440e+01
      vertex   2.919809e+01 -8.087731e+01 2.914440e+01
      vertex   2.914016e+01 -8.131730e+01 2.914440e+01
    endloop
  endfacet
  facet normal 0.000000e+00 0.000000e+00 1.000000e+00
    outer loop
      vertex   3.032979e+01 -8.552818e+01 2.914440e+01
      vertex   2.914016e+01 -8.131730e+01 2.914440e+01
      vertex   2.897033e+01 -8.172731e+01 2.914440e+01
    endloop
  endfacet
  facet normal 0.000000e+00 0.000000e+00 1.000000e+00
    outer loop
      vertex   2.897033e+01 -8.172731e+01 2.914440e+01
      vertex   2.870017e+01 -8.207939e+01 2.914440e+01
      vertex   3.032979e+01 -8.552818e+01 2.914440e+01
    endloop
  endfacet
  facet normal 0.000000e+00 0.000000e+00 1.000000e+00
    outer loop
      vertex   3.032979e+01 -8.552818e+01 2.914440e+01
      vertex   2.870017e+01 -8.207939e+01 2.914440e+01
      vertex   2.834809e+01 -8.234955e+01 2.914440e+01
    endloop
  endfacet
  facet normal 0.000000e+00 0.000000e+00 1.000000e+00
    outer loop
      vertex   3.032979e+01 -8.552818e+01 2.914440e+01
      vertex   2.834809e+01 -8.234955e+01 2.914440e+01
      vertex   2.793808e+01 -8.251938e+01 2.914440e+01
    endloop
  endfacet
  facet normal 0.000000e+00 0.000000e+00 1.000000e+00
    outer loop
      vertex   3.032979e+01 -8.552818e+01 2.914440e+01
      vertex   2.793808e+01 -8.251938e+01 2.914440e+01
      vertex   2.595201e+01 -8.550066e+01 2.914440e+01
    endloop
  endfacet
  facet normal 0.000000e+00 0.000000e+00 1.000000e+00
    outer loop
      vertex   2.595201e+01 -8.550066e+01 2.914440e+01
      vertex   2.793808e+01 -8.251938e+01 2.914440e+01
      vertex   2.749809e+01 -8.257731e+01 2.914440e+01
    endloop
  endfacet
  facet normal 0.000000e+00 0.000000e+00 1.000000e+00
    outer loop
      vertex   2.595201e+01 -8.550066e+01 2.914440e+01
      vertex   2.749809e+01 -8.257731e+01 2.914440e+01
      vertex   2.705810e+01 -8.251938e+01 2.914440e+01
    endloop
  endfacet
  facet normal 0.000000e+00 0.000000e+00 1.000000e+00
    outer loop
      vertex   2.705810e+01 -8.251938e+01 2.914440e+01
      vertex   2.664809e+01 -8.234955e+01 2.914440e+01
      vertex   2.595201e+01 -8.550066e+01 2.914440e+01
    endloop
  endfacet
  facet normal 0.000000e+00 0.000000e+00 1.000000e+00
    outer loop
      vertex   2.595201e+01 -8.550066e+01 2.914440e+01
      vertex   2.664809e+01 -8.234955e+01 2.914440e+01
      vertex   2.629601e+01 -8.207939e+01 2.914440e+01
    endloop
  endfacet
  facet normal 0.000000e+00 0.000000e+00 1.000000e+00
    outer loop
      vertex   2.595201e+01 -8.550066e+01 2.914440e+01
      vertex   2.629601e+01 -8.207939e+01 2.914440e+01
      vertex   2.602585e+01 -8.172731e+01 2.914440e+01
    endloop
  endfacet
  facet normal 0.000000e+00 0.000000e+00 1.000000e+00
    outer loop
      vertex   2.602585e+01 -8.172731e+01 2.914440e+01
      vertex   2.585601e+01 -8.131730e+01 2.914440e+01
      vertex   2.595201e+01 -8.550066e+01 2.914440e+01
    endloop
  endfacet
  facet normal 0.000000e+00 0.000000e+00 1.000000e+00
    outer loop
      vertex   2.595201e+01 -8.550066e+01 2.914440e+01
      vertex   2.585601e+01 -8.131730e+01 2.914440e+01
      vertex   2.595057e+01 -8.550886e+01 2.914440e+01
    endloop
  endfacet
  facet normal 0.000000e+00 0.000000e+00 1.000000e+00
    outer loop
      vertex   2.595057e+01 -8.550886e+01 2.914440e+01
      vertex   2.585601e+01 -8.131730e+01 2.914440e+01
      vertex   2.579809e+01 -8.087731e+01 2.914440e+01
    endloop
  endfacet
  facet normal 0.000000e+00 0.000000e+00 1.000000e+00
    outer loop
      vertex   2.595057e+01 -8.550886e+01 2.914440e+01
      vertex   2.579809e+01 -8.087731e+01 2.914440e+01
      vertex   2.389308e+01 -8.549593e+01 2.914440e+01
    endloop
  endfacet
  facet normal 0.000000e+00 0.000000e+00 1.000000e+00
    outer loop
      vertex   2.389308e+01 -8.549593e+01 2.914440e+01
      vertex   2.579809e+01 -8.087731e+01 2.914440e+01
      vertex   2.585601e+01 -8.043732e+01 2.914440e+01
    endloop
  endfacet
  facet normal -4.549178e-16 1.765255e-16 1.000000e+00
    outer loop
      vertex   2.389308e+01 -8.549593e+01 2.914440e+01
      vertex   2.585601e+01 -8.043732e+01 2.914440e+01
      vertex   3.032979e+01 -4.878233e+01 2.914440e+01
    endloop
  endfacet
  facet normal -4.112818e-16 1.703585e-16 1.000000e+00
    outer loop
      vertex   3.032979e+01 -4.878233e+01 2.914440e+01
      vertex   2.585601e+01 -8.043732e+01 2.914440e+01
      vertex   2.602585e+01 -8.002731e+01 2.914440e+01
    endloop
  endfacet
  facet normal -1.806051e-16 1.385832e-16 1.000000e+00
    outer loop
      vertex   3.032979e+01 -4.878233e+01 2.914440e+01
      vertex   2.602585e+01 -8.002731e+01 2.914440e+01
      vertex   2.629601e+01 -7.967523e+01 2.914440e+01
    endloop
  endfacet
  facet normal -9.806914e-17 1.278062e-16 1.000000e+00
    outer loop
      vertex   2.629601e+01 -7.967523e+01 2.914440e+01
      vertex   2.664809e+01 -7.940506e+01 2.914440e+01
      vertex   3.032979e+01 -4.878233e+01 2.914440e+01
    endloop
  endfacet
  facet normal -5.057379e-17 1.220959e-16 1.000000e+00
    outer loop
      vertex   3.032979e+01 -4.878233e+01 2.914440e+01
      vertex   2.664809e+01 -7.940506e+01 2.914440e+01
      vertex   2.705810e+01 -7.923523e+01 2.914440e+01
    endloop
  endfacet
  facet normal -1.557927e-17 1.183363e-16 1.000000e+00
    outer loop
      vertex   3.032979e+01 -4.878233e+01 2.914440e+01
      vertex   2.705810e+01 -7.923523e+01 2.914440e+01
      vertex   2.749809e+01 -7.917731e+01 2.914440e+01
    endloop
  endfacet
  facet normal 1.520174e-17 1.154687e-16 1.000000e+00
    outer loop
      vertex   2.749809e+01 -7.917731e+01 2.914440e+01
      vertex   2.793808e+01 -7.923523e+01 2.914440e+01
      vertex   3.032979e+01 -4.878233e+01 2.914440e+01
    endloop
  endfacet
  facet normal 4.680072e-17 1.129869e-16 1.000000e+00
    outer loop
      vertex   3.032979e+01 -4.878233e+01 2.914440e+01
      vertex   2.793808e+01 -7.923523e+01 2.914440e+01
      vertex   2.834809e+01 -7.940506e+01 2.914440e+01
    endloop
  endfacet
  facet normal 8.481050e-17 1.105272e-16 1.000000e+00
    outer loop
      vertex   3.032979e+01 -4.878233e+01 2.914440e+01
      vertex   2.834809e+01 -7.940506e+01 2.914440e+01
      vertex   2.870017e+01 -7.967523e+01 2.914440e+01
    endloop
  endfacet
  facet normal 1.402319e-16 1.076037e-16 1.000000e+00
    outer loop
      vertex   2.870017e+01 -7.967523e+01 2.914440e+01
      vertex   2.897033e+01 -8.002731e+01 2.914440e+01
      vertex   3.032979e+01 -4.878233e+01 2.914440e+01
    endloop
  endfacet
  facet normal 2.484146e-16 1.028967e-16 1.000000e+00
    outer loop
      vertex   3.032979e+01 -4.878233e+01 2.914440e+01
      vertex   2.897033e+01 -8.002731e+01 2.914440e+01
      vertex   2.914016e+01 -8.043732e+01 2.914440e+01
    endloop
  endfacet
  facet normal 4.137454e-16 9.668340e-17 1.000000e+00
    outer loop
      vertex   3.032979e+01 -4.878233e+01 2.914440e+01
      vertex   2.914016e+01 -8.043732e+01 2.914440e+01
      vertex   3.032979e+01 -8.552818e+01 2.914440e+01
    endloop
  endfacet
  facet normal -6.286203e-03 -9.999802e-01 -4.944544e-14
    outer loop
      vertex   3.032979e+01 -8.552818e+01 2.914440e+01
      vertex   2.595201e+01 -8.550066e+01 2.914440e+01
      vertex   3.032979e+01 -8.552818e+01 2.885565e+01
    endloop
  endfacet
  facet normal -6.286203e-03 -9.999802e-01 -1.031532e-17
    outer loop
      vertex   3.032979e+01 -8.552818e+01 2.885565e+01
      vertex   2.595201e+01 -8.550066e+01 2.914440e+01
      vertex   2.595201e+01 -8.550066e+01 2.269092e+01
    endloop
  endfacet
  facet normal 7.282929e-01 -6.852658e-01 -3.667821e-04
    outer loop
      vertex   7.236668e+00 -3.487843e+01 1.966215e+01
      vertex   7.449438e+00 -3.465070e+01 1.666199e+01
      vertex   7.451336e+00 -3.465029e+01 1.966199e+01
    endloop
  endfacet
  facet normal 8.808367e-01 -4.734199e-01 -4.923203e-04
    outer loop
      vertex   7.451336e+00 -3.465029e+01 1.966199e+01
      vertex   7.449438e+00 -3.465070e+01 1.666199e+01
      vertex   7.597743e+00 -3.437476e+01 1.666185e+01
    endloop
  endfacet
  facet normal 8.808367e-01 -4.734199e-01 -4.923203e-04
    outer loop
      vertex   7.451336e+00 -3.465029e+01 1.966199e+01
      vertex   7.597743e+00 -3.437476e+01 1.666185e+01
      vertex   7.599641e+00 -3.437435e+01 1.966185e+01
    endloop
  endfacet
  facet normal 9.733530e-01 -2.293111e-01 -5.843076e-04
    outer loop
      vertex   7.599641e+00 -3.437435e+01 1.966185e+01
      vertex   7.597743e+00 -3.437476e+01 1.666185e+01
      vertex   7.669578e+00 -3.406985e+01 1.666177e+01
    endloop
  endfacet
  facet normal 9.733530e-01 -2.293111e-01 -5.843076e-04
    outer loop
      vertex   7.599641e+00 -3.437435e+01 1.966185e+01
      vertex   7.669578e+00 -3.406985e+01 1.666177e+01
      vertex   7.671475e+00 -3.406944e+01 1.966177e+01
    endloop
  endfacet
  facet normal 9.995369e-01 3.042480e-02 -6.364753e-04
    outer loop
      vertex   7.671475e+00 -3.406944e+01 1.966177e+01
      vertex   7.669578e+00 -3.406985e+01 1.666177e+01
      vertex   7.660047e+00 -3.375673e+01 1.666173e+01
    endloop
  endfacet
  facet normal 9.995369e-01 3.042480e-02 -6.364753e-04
    outer loop
      vertex   7.671475e+00 -3.406944e+01 1.966177e+01
      vertex   7.660047e+00 -3.375673e+01 1.666173e+01
      vertex   7.661944e+00 -3.375632e+01 1.966173e+01
    endloop
  endfacet
  facet normal 9.576039e-01 2.880873e-01 -6.452683e-04
    outer loop
      vertex   7.661944e+00 -3.375632e+01 1.966173e+01
      vertex   7.660047e+00 -3.375673e+01 1.666173e+01
      vertex   7.569800e+00 -3.345675e+01 1.666175e+01
    endloop
  endfacet
  facet normal 9.576039e-01 2.880873e-01 -6.452683e-04
    outer loop
      vertex   7.661944e+00 -3.375632e+01 1.966173e+01
      vertex   7.569800e+00 -3.345675e+01 1.666175e+01
      vertex   7.571697e+00 -3.345634e+01 1.966175e+01
    endloop
  endfacet
  facet normal 8.504119e-01 5.261172e-01 -6.100873e-04
    outer loop
      vertex   7.571697e+00 -3.345634e+01 1.966175e+01
      vertex   7.569800e+00 -3.345675e+01 1.666175e+01
      vertex   7.404987e+00 -3.319035e+01 1.666181e+01
    endloop
  endfacet
  facet normal 8.504119e-01 5.261172e-01 -6.100873e-04
    outer loop
      vertex   7.571697e+00 -3.345634e+01 1.966175e+01
      vertex   7.404987e+00 -3.319035e+01 1.666181e+01
      vertex   7.406884e+00 -3.318994e+01 1.966181e+01
    endloop
  endfacet
  facet normal 6.852656e-01 7.282930e-01 -5.333299e-04
    outer loop
      vertex   7.406884e+00 -3.318994e+01 1.966181e+01
      vertex   7.404987e+00 -3.319035e+01 1.666181e+01
      vertex   7.176840e+00 -3.297568e+01 1.666193e+01
    endloop
  endfacet
  facet normal 6.852656e-01 7.282930e-01 -5.333299e-04
    outer loop
      vertex   7.406884e+00 -3.318994e+01 1.966181e+01
      vertex   7.176840e+00 -3.297568e+01 1.666193e+01
      vertex   7.178737e+00 -3.297527e+01 1.966193e+01
    endloop
  endfacet
  facet normal 4.734197e-01 8.808369e-01 -4.202269e-04
    outer loop
      vertex   7.178737e+00 -3.297527e+01 1.966193e+01
      vertex   7.176840e+00 -3.297568e+01 1.666193e+01
      vertex   6.900906e+00 -3.282737e+01 1.666208e+01
    endloop
  endfacet
  facet normal 4.734197e-01 8.808369e-01 -4.202269e-04
    outer loop
      vertex   7.178737e+00 -3.297527e+01 1.966193e+01
      vertex   6.900906e+00 -3.282737e+01 1.666208e+01
      vertex   6.902804e+00 -3.282696e+01 1.966208e+01
    endloop
  endfacet
  facet normal 2.293110e-01 9.733532e-01 -2.784862e-04
    outer loop
      vertex   6.902804e+00 -3.282696e+01 1.966208e+01
      vertex   6.900906e+00 -3.282737e+01 1.666208e+01
      vertex   6.595991e+00 -3.275554e+01 1.666227e+01
    endloop
  endfacet
  facet normal 2.293110e-01 9.733532e-01 -2.784862e-04
    outer loop
      vertex   6.902804e+00 -3.282696e+01 1.966208e+01
      vertex   6.595991e+00 -3.275554e+01 1.666227e+01
      vertex   6.597889e+00 -3.275513e+01 1.966227e+01
    endloop
  endfacet
  facet normal -3.042488e-02 9.995370e-01 -1.177671e-04
    outer loop
      vertex   6.597889e+00 -3.275513e+01 1.966227e+01
      vertex   6.595991e+00 -3.275554e+01 1.666227e+01
      vertex   6.282873e+00 -3.276507e+01 1.666247e+01
    endloop
  endfacet
  facet normal -3.042488e-02 9.995370e-01 -1.177671e-04
    outer loop
      vertex   6.597889e+00 -3.275513e+01 1.966227e+01
      vertex   6.282873e+00 -3.276507e+01 1.666247e+01
      vertex   6.284771e+00 -3.276466e+01 1.966246e+01
    endloop
  endfacet
  facet normal -2.880874e-01 9.576041e-01 5.097768e-05
    outer loop
      vertex   6.284771e+00 -3.276466e+01 1.966246e+01
      vertex   6.282873e+00 -3.276507e+01 1.666247e+01
      vertex   5.982891e+00 -3.285532e+01 1.666267e+01
    endloop
  endfacet
  facet normal -2.880874e-01 9.576041e-01 5.097768e-05
    outer loop
      vertex   6.284771e+00 -3.276466e+01 1.966246e+01
      vertex   5.982891e+00 -3.285532e+01 1.666267e+01
      vertex   5.984789e+00 -3.285491e+01 1.966267e+01
    endloop
  endfacet
  facet normal -5.261171e-01 8.504121e-01 2.162484e-04
    outer loop
      vertex   5.984789e+00 -3.285491e+01 1.966267e+01
      vertex   5.982891e+00 -3.285532e+01 1.666267e+01
      vertex   5.716489e+00 -3.302013e+01 1.666286e+01
    endloop
  endfacet
  facet normal -5.261171e-01 8.504121e-01 2.162484e-04
    outer loop
      vertex   5.984789e+00 -3.285491e+01 1.966267e+01
      vertex   5.716489e+00 -3.302013e+01 1.666286e+01
      vertex   5.718387e+00 -3.301972e+01 1.966286e+01
    endloop
  endfacet
  facet normal -7.282929e-01 6.852658e-01 3.667821e-04
    outer loop
      vertex   5.718387e+00 -3.301972e+01 1.966286e+01
      vertex   5.716489e+00 -3.302013e+01 1.666286e+01
      vertex   5.501820e+00 -3.324828e+01 1.666303e+01
    endloop
  endfacet
  facet normal -7.282929e-01 6.852658e-01 3.667821e-04
    outer loop
      vertex   5.718387e+00 -3.301972e+01 1.966286e+01
      vertex   5.501820e+00 -3.324828e+01 1.666303e+01
      vertex   5.503718e+00 -3.324787e+01 1.966303e+01
    endloop
  endfacet
  facet normal -8.808367e-01 4.734199e-01 4.923203e-04
    outer loop
      vertex   5.503718e+00 -3.324787e+01 1.966303e+01
      vertex   5.501820e+00 -3.324828e+01 1.666303e+01
      vertex   5.353516e+00 -3.352421e+01 1.666316e+01
    endloop
  endfacet
  facet normal -8.808367e-01 4.734199e-01 4.923203e-04
    outer loop
      vertex   5.503718e+00 -3.324787e+01 1.966303e+01
      vertex   5.353516e+00 -3.352421e+01 1.666316e+01
      vertex   5.355413e+00 -3.352380e+01 1.966316e+01
    endloop
  endfacet
  facet normal -9.733530e-01 2.293111e-01 5.843076e-04
    outer loop
      vertex   5.355413e+00 -3.352380e+01 1.966316e+01
      vertex   5.353516e+00 -3.352421e+01 1.666316e+01
      vertex   5.281681e+00 -3.382913e+01 1.666324e+01
    endloop
  endfacet
  facet normal -9.733530e-01 2.293111e-01 5.843076e-04
    outer loop
      vertex   5.355413e+00 -3.352380e+01 1.966316e+01
      vertex   5.281681e+00 -3.382913e+01 1.666324e+01
      vertex   5.283579e+00 -3.382871e+01 1.966324e+01
    endloop
  endfacet
  facet normal -9.995369e-01 -3.042480e-02 6.364753e-04
    outer loop
      vertex   5.283579e+00 -3.382871e+01 1.966324e+01
      vertex   5.281681e+00 -3.382913e+01 1.666324e+01
      vertex   5.291212e+00 -3.414224e+01 1.666328e+01
    endloop
  endfacet
  facet normal -9.995369e-01 -3.042480e-02 6.364753e-04
    outer loop
      vertex   5.283579e+00 -3.382871e+01 1.966324e+01
      vertex   5.291212e+00 -3.414224e+01 1.666328e+01
      vertex   5.293110e+00 -3.414183e+01 1.966328e+01
    endloop
  endfacet
  facet normal -9.576039e-01 -2.880873e-01 6.452683e-04
    outer loop
      vertex   5.293110e+00 -3.414183e+01 1.966328e+01
      vertex   5.291212e+00 -3.414224e+01 1.666328e+01
      vertex   5.381459e+00 -3.444223e+01 1.666327e+01
    endloop
  endfacet
  facet normal -9.576039e-01 -2.880873e-01 6.452683e-04
    outer loop
      vertex   5.293110e+00 -3.414183e+01 1.966328e+01
      vertex   5.381459e+00 -3.444223e+01 1.666327e+01
      vertex   5.383357e+00 -3.444181e+01 1.966326e+01
    endloop
  endfacet
  facet normal -8.504119e-01 -5.261172e-01 6.100873e-04
    outer loop
      vertex   5.383357e+00 -3.444181e+01 1.966326e+01
      vertex   5.381459e+00 -3.444223e+01 1.666327e+01
      vertex   5.546272e+00 -3.470863e+01 1.666320e+01
    endloop
  endfacet
  facet normal -8.504119e-01 -5.261172e-01 6.100873e-04
    outer loop
      vertex   5.383357e+00 -3.444181e+01 1.966326e+01
      vertex   5.546272e+00 -3.470863e+01 1.666320e+01
      vertex   5.548170e+00 -3.470822e+01 1.966320e+01
    endloop
  endfacet
  facet normal -6.852656e-01 -7.282930e-01 5.333299e-04
    outer loop
      vertex   5.548170e+00 -3.470822e+01 1.966320e+01
      vertex   5.546272e+00 -3.470863e+01 1.666320e+01
      vertex   5.774419e+00 -3.492330e+01 1.666308e+01
    endloop
  endfacet
  facet normal -6.852656e-01 -7.282930e-01 5.333299e-04
    outer loop
      vertex   5.548170e+00 -3.470822e+01 1.966320e+01
      vertex   5.774419e+00 -3.492330e+01 1.666308e+01
      vertex   5.776317e+00 -3.492288e+01 1.966308e+01
    endloop
  endfacet
  facet normal -4.734197e-01 -8.808369e-01 4.202269e-04
    outer loop
      vertex   5.776317e+00 -3.492288e+01 1.966308e+01
      vertex   5.774419e+00 -3.492330e+01 1.666308e+01
      vertex   6.050353e+00 -3.507160e+01 1.666293e+01
    endloop
  endfacet
  facet normal -4.734197e-01 -8.808369e-01 4.202269e-04
    outer loop
      vertex   5.776317e+00 -3.492288e+01 1.966308e+01
      vertex   6.050353e+00 -3.507160e+01 1.666293e+01
      vertex   6.052250e+00 -3.507119e+01 1.966293e+01
    endloop
  endfacet
  facet normal -2.293110e-01 -9.733532e-01 2.784862e-04
    outer loop
      vertex   6.052250e+00 -3.507119e+01 1.966293e+01
      vertex   6.050353e+00 -3.507160e+01 1.666293e+01
      vertex   6.355268e+00 -3.514344e+01 1.666275e+01
    endloop
  endfacet
  facet normal -2.293110e-01 -9.733532e-01 2.784862e-04
    outer loop
      vertex   6.052250e+00 -3.507119e+01 1.966293e+01
      vertex   6.355268e+00 -3.514344e+01 1.666275e+01
      vertex   6.357166e+00 -3.514302e+01 1.966274e+01
    endloop
  endfacet
  facet normal 3.042488e-02 -9.995370e-01 1.177671e-04
    outer loop
      vertex   6.357166e+00 -3.514302e+01 1.966274e+01
      vertex   6.355268e+00 -3.514344e+01 1.666275e+01
      vertex   6.668386e+00 -3.513390e+01 1.666255e+01
    endloop
  endfacet
  facet normal 3.042488e-02 -9.995370e-01 1.177671e-04
    outer loop
      vertex   6.357166e+00 -3.514302e+01 1.966274e+01
      vertex   6.668386e+00 -3.513390e+01 1.666255e+01
      vertex   6.670284e+00 -3.513349e+01 1.966255e+01
    endloop
  endfacet
  facet normal 2.880874e-01 -9.576041e-01 -5.097768e-05
    outer loop
      vertex   6.670284e+00 -3.513349e+01 1.966255e+01
      vertex   6.668386e+00 -3.513390e+01 1.666255e+01
      vertex   6.968367e+00 -3.504366e+01 1.666234e+01
    endloop
  endfacet
  facet normal 2.880874e-01 -9.576041e-01 -5.097768e-05
    outer loop
      vertex   6.670284e+00 -3.513349e+01 1.966255e+01
      vertex   6.968367e+00 -3.504366e+01 1.666234e+01
      vertex   6.970265e+00 -3.504325e+01 1.966234e+01
    endloop
  endfacet
  facet normal 5.261171e-01 -8.504121e-01 -2.162484e-04
    outer loop
      vertex   6.970265e+00 -3.504325e+01 1.966234e+01
      vertex   6.968367e+00 -3.504366e+01 1.666234e+01
      vertex   7.234770e+00 -3.487884e+01 1.666215e+01
    endloop
  endfacet
  facet normal 5.261171e-01 -8.504121e-01 -2.162484e-04
    outer loop
      vertex   6.970265e+00 -3.504325e+01 1.966234e+01
      vertex   7.234770e+00 -3.487884e+01 1.666215e+01
      vertex   7.236668e+00 -3.487843e+01 1.966215e+01
    endloop
  endfacet
  facet normal 7.282929e-01 -6.852658e-01 -3.667821e-04
    outer loop
      vertex   7.236668e+00 -3.487843e+01 1.966215e+01
      vertex   7.234770e+00 -3.487884e+01 1.666215e+01
      vertex   7.449438e+00 -3.465070e+01 1.666199e+01
    endloop
  endfacet
  facet normal 1.742324e-01 9.847046e-01 4.325137e-15
    outer loop
      vertex   -1.611408e+01 -3.821844e+01 8.338745e+00
      vertex   -1.225038e+01 -3.890208e+01 8.338745e+00
      vertex   -1.618223e+01 -3.820638e+01 7.821107e+00
    endloop
  endfacet
  facet normal 1.742324e-01 9.847046e-01 -6.547140e-15
    outer loop
      vertex   -1.618223e+01 -3.820638e+01 7.821107e+00
      vertex   -1.225038e+01 -3.890208e+01 8.338745e+00
      vertex   -1.218223e+01 -3.891413e+01 7.821107e+00
    endloop
  endfacet
  facet normal 1.742324e-01 9.847046e-01 -4.141462e-15
    outer loop
      vertex   -1.618223e+01 -3.820638e+01 7.821107e+00
      vertex   -1.218223e+01 -3.891413e+01 7.821107e+00
      vertex   -1.611408e+01 -3.821844e+01 7.303469e+00
    endloop
  endfacet
  facet normal 1.742324e-01 9.847046e-01 6.778098e-15
    outer loop
      vertex   -1.611408e+01 -3.821844e+01 7.303469e+00
      vertex   -1.218223e+01 -3.891413e+01 7.821107e+00
      vertex   -1.225038e+01 -3.890208e+01 7.303469e+00
    endloop
  endfacet
  facet normal 1.742324e-01 9.847046e-01 -1.085203e-15
    outer loop
      vertex   -1.611408e+01 -3.821844e+01 7.303469e+00
      vertex   -1.225038e+01 -3.890208e+01 7.303469e+00
      vertex   -1.591428e+01 -3.825379e+01 6.821107e+00
    endloop
  endfacet
  facet normal 1.742324e-01 9.847046e-01 1.046821e-15
    outer loop
      vertex   -1.591428e+01 -3.825379e+01 6.821107e+00
      vertex   -1.225038e+01 -3.890208e+01 7.303469e+00
      vertex   -1.245018e+01 -3.886672e+01 6.821107e+00
    endloop
  endfacet
  facet normal 1.742324e-01 9.847046e-01 2.160003e-14
    outer loop
      vertex   -1.591428e+01 -3.825379e+01 6.821107e+00
      vertex   -1.245018e+01 -3.886672e+01 6.821107e+00
      vertex   -1.559645e+01 -3.831003e+01 6.406894e+00
    endloop
  endfacet
  facet normal 1.742324e-01 9.847046e-01 -5.038957e-15
    outer loop
      vertex   -1.559645e+01 -3.831003e+01 6.406894e+00
      vertex   -1.245018e+01 -3.886672e+01 6.821107e+00
      vertex   -1.276802e+01 -3.881049e+01 6.406894e+00
    endloop
  endfacet
  facet normal 1.742324e-01 9.847046e-01 -1.565718e-14
    outer loop
      vertex   -1.559645e+01 -3.831003e+01 6.406894e+00
      vertex   -1.276802e+01 -3.881049e+01 6.406894e+00
      vertex   -1.518223e+01 -3.838332e+01 6.089056e+00
    endloop
  endfacet
  facet normal 1.742324e-01 9.847046e-01 -4.299534e-15
    outer loop
      vertex   -1.518223e+01 -3.838332e+01 6.089056e+00
      vertex   -1.276802e+01 -3.881049e+01 6.406894e+00
      vertex   -1.318223e+01 -3.873719e+01 6.089056e+00
    endloop
  endfacet
  facet normal 1.742324e-01 9.847046e-01 2.373331e-14
    outer loop
      vertex   -1.518223e+01 -3.838332e+01 6.089056e+00
      vertex   -1.318223e+01 -3.873719e+01 6.089056e+00
      vertex   -1.469987e+01 -3.846867e+01 5.889255e+00
    endloop
  endfacet
  facet normal 1.742324e-01 9.847046e-01 3.435390e-15
    outer loop
      vertex   -1.469987e+01 -3.846867e+01 5.889255e+00
      vertex   -1.318223e+01 -3.873719e+01 6.089056e+00
      vertex   -1.366459e+01 -3.865185e+01 5.889255e+00
    endloop
  endfacet
  facet normal 1.742324e-01 9.847046e-01 -5.132873e-14
    outer loop
      vertex   -1.469987e+01 -3.846867e+01 5.889255e+00
      vertex   -1.366459e+01 -3.865185e+01 5.889255e+00
      vertex   -1.418223e+01 -3.856026e+01 5.821107e+00
    endloop
  endfacet
  facet normal 1.742324e-01 9.847046e-01 -1.085203e-15
    outer loop
      vertex   -1.225038e+01 -3.890208e+01 8.338745e+00
      vertex   -1.611408e+01 -3.821844e+01 8.338745e+00
      vertex   -1.245018e+01 -3.886672e+01 8.821107e+00
    endloop
  endfacet
  facet normal 1.742324e-01 9.847046e-01 1.046821e-15
    outer loop
      vertex   -1.245018e+01 -3.886672e+01 8.821107e+00
      vertex   -1.611408e+01 -3.821844e+01 8.338745e+00
      vertex   -1.591428e+01 -3.825379e+01 8.821107e+00
    endloop
  endfacet
  facet normal 1.742324e-01 9.847046e-01 4.704768e-15
    outer loop
      vertex   -1.245018e+01 -3.886672e+01 8.821107e+00
      vertex   -1.591428e+01 -3.825379e+01 8.821107e+00
      vertex   -1.276802e+01 -3.881049e+01 9.235321e+00
    endloop
  endfacet
  facet normal 1.742324e-01 9.847046e-01 -2.202211e-14
    outer loop
      vertex   -1.276802e+01 -3.881049e+01 9.235321e+00
      vertex   -1.591428e+01 -3.825379e+01 8.821107e+00
      vertex   -1.559645e+01 -3.831003e+01 9.235321e+00
    endloop
  endfacet
  facet normal 1.742324e-01 9.847046e-01 6.354080e-15
    outer loop
      vertex   -1.276802e+01 -3.881049e+01 9.235321e+00
      vertex   -1.559645e+01 -3.831003e+01 9.235321e+00
      vertex   -1.318223e+01 -3.873719e+01 9.553158e+00
    endloop
  endfacet
  facet normal 1.742324e-01 9.847046e-01 1.771408e-14
    outer loop
      vertex   -1.318223e+01 -3.873719e+01 9.553158e+00
      vertex   -1.559645e+01 -3.831003e+01 9.235321e+00
      vertex   -1.518223e+01 -3.838332e+01 9.553158e+00
    endloop
  endfacet
  facet normal 1.742324e-01 9.847046e-01 -1.285839e-14
    outer loop
      vertex   -1.318223e+01 -3.873719e+01 9.553158e+00
      vertex   -1.518223e+01 -3.838332e+01 9.553158e+00
      vertex   -1.366459e+01 -3.865185e+01 9.752959e+00
    endloop
  endfacet
  facet normal 1.742324e-01 9.847046e-01 -3.091851e-14
    outer loop
      vertex   -1.366459e+01 -3.865185e+01 9.752959e+00
      vertex   -1.518223e+01 -3.838332e+01 9.553158e+00
      vertex   -1.469987e+01 -3.846867e+01 9.752959e+00
    endloop
  endfacet
  facet normal 1.742324e-01 9.847046e-01 5.365305e-14
    outer loop
      vertex   -1.366459e+01 -3.865185e+01 9.752959e+00
      vertex   -1.469987e+01 -3.846867e+01 9.752959e+00
      vertex   -1.418223e+01 -3.856026e+01 9.821107e+00
    endloop
  endfacet
  facet normal -1.000000e+00 -1.687539e-14 1.048051e-13
    outer loop
      vertex   1.937979e+01 -1.464109e+02 1.166416e+01
      vertex   1.937979e+01 -1.464109e+02 1.366416e+01
      vertex   1.937979e+01 -1.424109e+02 1.166416e+01
    endloop
  endfacet
  facet normal -1.000000e+00 -1.598721e-14 1.065814e-13
    outer loop
      vertex   1.937979e+01 -1.424109e+02 1.166416e+01
      vertex   1.937979e+01 -1.464109e+02 1.366416e+01
      vertex   1.937979e+01 -1.424109e+02 1.366416e+01
    endloop
  endfacet
  facet normal -0.000000e+00 1.000000e+00 0.000000e+00
    outer loop
      vertex   1.937979e+01 -1.424109e+02 1.166416e+01
      vertex   1.937979e+01 -1.424109e+02 1.366416e+01
      vertex   2.137979e+01 -1.424109e+02 1.166416e+01
    endloop
  endfacet
  facet normal -1.421085e-14 1.000000e+00 -1.421085e-14
    outer loop
      vertex   2.137979e+01 -1.424109e+02 1.166416e+01
      vertex   1.937979e+01 -1.424109e+02 1.366416e+01
      vertex   2.137979e+01 -1.424109e+02 1.366416e+01
    endloop
  endfacet
  facet normal 1.000000e+00 1.421085e-14 -1.048051e-13
    outer loop
      vertex   2.137979e+01 -1.464109e+02 1.366416e+01
      vertex   2.137979e+01 -1.464109e+02 1.166416e+01
      vertex   2.137979e+01 -1.424109e+02 1.366416e+01
    endloop
  endfacet
  facet normal 1.000000e+00 1.332268e-14 -1.030287e-13
    outer loop
      vertex   2.137979e+01 -1.424109e+02 1.366416e+01
      vertex   2.137979e+01 -1.464109e+02 1.166416e+01
      vertex   2.137979e+01 -1.424109e+02 1.166416e+01
    endloop
  endfacet
  facet normal 4.263256e-14 -1.000000e+00 -1.421085e-14
    outer loop
      vertex   2.137979e+01 -1.464109e+02 1.166416e+01
      vertex   2.137979e+01 -1.464109e+02 1.366416e+01
      vertex   1.937979e+01 -1.464109e+02 1.166416e+01
    endloop
  endfacet
  facet normal 1.421085e-14 -1.000000e+00 1.421085e-14
    outer loop
      vertex   1.937979e+01 -1.464109e+02 1.166416e+01
      vertex   2.137979e+01 -1.464109e+02 1.366416e+01
      vertex   1.937979e+01 -1.464109e+02 1.366416e+01
    endloop
  endfacet
  facet normal -7.320870e-14 -1.000000e+00 -4.487742e-28
    outer loop
      vertex   2.113142e+01 -1.444109e+02 6.221235e+00
      vertex   2.113142e+01 -1.444109e+02 9.119012e+00
      vertex   2.074320e+01 -1.444109e+02 6.170124e+00
    endloop
  endfacet
  facet normal -1.247263e-15 -1.000000e+00 -9.473903e-15
    outer loop
      vertex   2.074320e+01 -1.444109e+02 6.170124e+00
      vertex   2.113142e+01 -1.444109e+02 9.119012e+00
      vertex   2.074320e+01 -1.444109e+02 9.170124e+00
    endloop
  endfacet
  facet normal 7.196144e-14 -1.000000e+00 -9.473903e-15
    outer loop
      vertex   2.074320e+01 -1.444109e+02 6.170124e+00
      vertex   2.074320e+01 -1.444109e+02 9.170124e+00
      vertex   2.035497e+01 -1.444109e+02 6.221235e+00
    endloop
  endfacet
  facet normal 0.000000e+00 -1.000000e+00 0.000000e+00
    outer loop
      vertex   2.035497e+01 -1.444109e+02 6.221235e+00
      vertex   2.074320e+01 -1.444109e+02 9.170124e+00
      vertex   2.035497e+01 -1.444109e+02 9.119012e+00
    endloop
  endfacet
  facet normal 0.000000e+00 -1.000000e+00 0.000000e+00
    outer loop
      vertex   2.035497e+01 -1.444109e+02 6.221235e+00
      vertex   2.035497e+01 -1.444109e+02 9.119012e+00
      vertex   1.999320e+01 -1.444109e+02 6.371085e+00
    endloop
  endfacet
  facet normal 0.000000e+00 -1.000000e+00 0.000000e+00
    outer loop
      vertex   1.999320e+01 -1.444109e+02 6.371085e+00
      vertex   2.035497e+01 -1.444109e+02 9.119012e+00
      vertex   1.999320e+01 -1.444109e+02 8.969162e+00
    endloop
  endfacet
  facet normal 0.000000e+00 -1.000000e+00 0.000000e+00
    outer loop
      vertex   1.999320e+01 -1.444109e+02 6.371085e+00
      vertex   1.999320e+01 -1.444109e+02 8.969162e+00
      vertex   1.968254e+01 -1.444109e+02 6.609463e+00
    endloop
  endfacet
  facet normal 0.000000e+00 -1.000000e+00 0.000000e+00
    outer loop
      vertex   1.968254e+01 -1.444109e+02 6.609463e+00
      vertex   1.999320e+01 -1.444109e+02 8.969162e+00
      vertex   1.968254e+01 -1.444109e+02 8.730784e+00
    endloop
  endfacet
  facet normal 1.192296e-13 -1.000000e+00 9.984081e-28
    outer loop
      vertex   1.968254e+01 -1.444109e+02 6.609463e+00
      vertex   1.968254e+01 -1.444109e+02 8.730784e+00
      vertex   1.944416e+01 -1.444109e+02 6.920124e+00
    endloop
  endfacet
  facet normal 1.192296e-13 -1.000000e+00 5.647849e-28
    outer loop
      vertex   1.944416e+01 -1.444109e+02 6.920124e+00
      vertex   1.968254e+01 -1.444109e+02 8.730784e+00
      vertex   1.944416e+01 -1.444109e+02 8.420124e+00
    endloop
  endfacet
  facet normal 0.000000e+00 -1.000000e+00 0.000000e+00
    outer loop
      vertex   1.944416e+01 -1.444109e+02 6.920124e+00
      vertex   1.944416e+01 -1.444109e+02 8.420124e+00
      vertex   1.929431e+01 -1.444109e+02 7.281895e+00
    endloop
  endfacet
  facet normal 0.000000e+00 -1.000000e+00 0.000000e+00
    outer loop
      vertex   1.929431e+01 -1.444109e+02 7.281895e+00
      vertex   1.944416e+01 -1.444109e+02 8.420124e+00
      vertex   1.929431e+01 -1.444109e+02 8.058352e+00
    endloop
  endfacet
  facet normal 0.000000e+00 -1.000000e+00 0.000000e+00
    outer loop
      vertex   1.929431e+01 -1.444109e+02 7.281895e+00
      vertex   1.929431e+01 -1.444109e+02 8.058352e+00
      vertex   1.924320e+01 -1.444109e+02 7.670124e+00
    endloop
  endfacet
  facet normal 0.000000e+00 -1.000000e+00 0.000000e+00
    outer loop
      vertex   2.113142e+01 -1.444109e+02 9.119012e+00
      vertex   2.113142e+01 -1.444109e+02 6.221235e+00
      vertex   2.149320e+01 -1.444109e+02 8.969162e+00
    endloop
  endfacet
  facet normal 0.000000e+00 -1.000000e+00 -0.000000e+00
    outer loop
      vertex   2.149320e+01 -1.444109e+02 8.969162e+00
      vertex   2.113142e+01 -1.444109e+02 6.221235e+00
      vertex   2.149320e+01 -1.444109e+02 6.371085e+00
    endloop
  endfacet
  facet normal 0.000000e+00 -1.000000e+00 0.000000e+00
    outer loop
      vertex   2.149320e+01 -1.444109e+02 8.969162e+00
      vertex   2.149320e+01 -1.444109e+02 6.371085e+00
      vertex   2.180386e+01 -1.444109e+02 8.730784e+00
    endloop
  endfacet
  facet normal 0.000000e+00 -1.000000e+00 -0.000000e+00
    outer loop
      vertex   2.180386e+01 -1.444109e+02 8.730784e+00
      vertex   2.149320e+01 -1.444109e+02 6.371085e+00
      vertex   2.180386e+01 -1.444109e+02 6.609463e+00
    endloop
  endfacet
  facet normal 1.192296e-13 -1.000000e+00 9.984081e-28
    outer loop
      vertex   2.180386e+01 -1.444109e+02 8.730784e+00
      vertex   2.180386e+01 -1.444109e+02 6.609463e+00
      vertex   2.204223e+01 -1.444109e+02 8.420124e+00
    endloop
  endfacet
  facet normal 1.192296e-13 -1.000000e+00 5.647849e-28
    outer loop
      vertex   2.204223e+01 -1.444109e+02 8.420124e+00
      vertex   2.180386e+01 -1.444109e+02 6.609463e+00
      vertex   2.204223e+01 -1.444109e+02 6.920124e+00
    endloop
  endfacet
  facet normal 0.000000e+00 -1.000000e+00 0.000000e+00
    outer loop
      vertex   2.204223e+01 -1.444109e+02 8.420124e+00
      vertex   2.204223e+01 -1.444109e+02 6.920124e+00
      vertex   2.219208e+01 -1.444109e+02 8.058352e+00
    endloop
  endfacet
  facet normal 0.000000e+00 -1.000000e+00 -0.000000e+00
    outer loop
      vertex   2.219208e+01 -1.444109e+02 8.058352e+00
      vertex   2.204223e+01 -1.444109e+02 6.920124e+00
      vertex   2.219208e+01 -1.444109e+02 7.281895e+00
    endloop
  endfacet
  facet normal 0.000000e+00 -1.000000e+00 0.000000e+00
    outer loop
      vertex   2.219208e+01 -1.444109e+02 8.058352e+00
      vertex   2.219208e+01 -1.444109e+02 7.281895e+00
      vertex   2.224320e+01 -1.444109e+02 7.670124e+00
    endloop
  endfacet
  facet normal -1.702096e-01 3.688262e-02 9.847174e-01
    outer loop
      vertex   8.802824e-01 -9.741790e+01 1.252309e+01
      vertex   3.690788e+00 -9.791172e+01 1.302738e+01
      vertex   8.983509e-01 -9.702691e+01 1.251157e+01
    endloop
  endfacet
  facet normal -1.702096e-01 3.688262e-02 9.847174e-01
    outer loop
      vertex   8.983509e-01 -9.702691e+01 1.251157e+01
      vertex   3.690788e+00 -9.791172e+01 1.302738e+01
      vertex   3.808000e+00 -9.753815e+01 1.303365e+01
    endloop
  endfacet
  facet normal -1.702096e-01 3.688262e-02 9.847174e-01
    outer loop
      vertex   8.983509e-01 -9.702691e+01 1.251157e+01
      vertex   3.808000e+00 -9.753815e+01 1.303365e+01
      vertex   1.015563e+00 -9.665334e+01 1.251784e+01
    endloop
  endfacet
  facet normal -1.702096e-01 3.688262e-02 9.847174e-01
    outer loop
      vertex   1.015563e+00 -9.665334e+01 1.251784e+01
      vertex   3.808000e+00 -9.753815e+01 1.303365e+01
      vertex   3.826069e+00 -9.714716e+01 1.302213e+01
    endloop
  endfacet
  facet normal -1.702096e-01 3.688262e-02 9.847174e-01
    outer loop
      vertex   1.015563e+00 -9.665334e+01 1.251784e+01
      vertex   3.826069e+00 -9.714716e+01 1.302213e+01
      vertex   1.223932e+00 -9.632265e+01 1.254147e+01
    endloop
  endfacet
  facet normal -1.702096e-01 3.688262e-02 9.847174e-01
    outer loop
      vertex   1.223932e+00 -9.632265e+01 1.254147e+01
      vertex   3.826069e+00 -9.714716e+01 1.302213e+01
      vertex   3.743762e+00 -9.676539e+01 1.299361e+01
    endloop
  endfacet
  facet normal -1.702096e-01 3.688262e-02 9.847174e-01
    outer loop
      vertex   1.223932e+00 -9.632265e+01 1.254147e+01
      vertex   3.743762e+00 -9.676539e+01 1.299361e+01
      vertex   1.509256e+00 -9.605737e+01 1.258085e+01
    endloop
  endfacet
  facet normal -1.702096e-01 3.688262e-02 9.847174e-01
    outer loop
      vertex   1.509256e+00 -9.605737e+01 1.258085e+01
      vertex   3.743762e+00 -9.676539e+01 1.299361e+01
      vertex   3.566689e+00 -9.641887e+01 1.295002e+01
    endloop
  endfacet
  facet normal -1.702096e-01 3.688262e-02 9.847174e-01
    outer loop
      vertex   1.509256e+00 -9.605737e+01 1.258085e+01
      vertex   3.566689e+00 -9.641887e+01 1.295002e+01
      vertex   1.852093e+00 -9.587558e+01 1.263330e+01
    endloop
  endfacet
  facet normal -1.702096e-01 3.688262e-02 9.847174e-01
    outer loop
      vertex   1.852093e+00 -9.587558e+01 1.263330e+01
      vertex   3.566689e+00 -9.641887e+01 1.295002e+01
      vertex   3.306917e+00 -9.613120e+01 1.289434e+01
    endloop
  endfacet
  facet normal -1.702096e-01 3.688262e-02 9.847174e-01
    outer loop
      vertex   1.852093e+00 -9.587558e+01 1.263330e+01
      vertex   3.306917e+00 -9.613120e+01 1.289434e+01
      vertex   2.229077e+00 -9.578968e+01 1.269524e+01
    endloop
  endfacet
  facet normal -1.702096e-01 3.688262e-02 9.847174e-01
    outer loop
      vertex   2.229077e+00 -9.578968e+01 1.269524e+01
      vertex   3.306917e+00 -9.613120e+01 1.289434e+01
      vertex   2.982149e+00 -9.592200e+01 1.283037e+01
    endloop
  endfacet
  facet normal -1.702096e-01 3.688262e-02 9.847174e-01
    outer loop
      vertex   2.229077e+00 -9.578968e+01 1.269524e+01
      vertex   2.982149e+00 -9.592200e+01 1.283037e+01
      vertex   2.614518e+00 -9.580551e+01 1.276246e+01
    endloop
  endfacet
  facet normal -1.702096e-01 3.688262e-02 9.847174e-01
    outer loop
      vertex   3.690788e+00 -9.791172e+01 1.302738e+01
      vertex   8.802824e-01 -9.741790e+01 1.252309e+01
      vertex   3.482419e+00 -9.824242e+01 1.300375e+01
    endloop
  endfacet
  facet normal -1.702096e-01 3.688262e-02 9.847174e-01
    outer loop
      vertex   3.482419e+00 -9.824242e+01 1.300375e+01
      vertex   8.802824e-01 -9.741790e+01 1.252309e+01
      vertex   9.625891e-01 -9.779967e+01 1.255162e+01
    endloop
  endfacet
  facet normal -1.702096e-01 3.688262e-02 9.847174e-01
    outer loop
      vertex   3.482419e+00 -9.824242e+01 1.300375e+01
      vertex   9.625891e-01 -9.779967e+01 1.255162e+01
      vertex   3.197095e+00 -9.850770e+01 1.296437e+01
    endloop
  endfacet
  facet normal -1.702096e-01 3.688262e-02 9.847174e-01
    outer loop
      vertex   3.197095e+00 -9.850770e+01 1.296437e+01
      vertex   9.625891e-01 -9.779967e+01 1.255162e+01
      vertex   1.139662e+00 -9.814619e+01 1.259520e+01
    endloop
  endfacet
  facet normal -1.702096e-01 3.688262e-02 9.847174e-01
    outer loop
      vertex   3.197095e+00 -9.850770e+01 1.296437e+01
      vertex   1.139662e+00 -9.814619e+01 1.259520e+01
      vertex   2.854258e+00 -9.868948e+01 1.291192e+01
    endloop
  endfacet
  facet normal -1.702096e-01 3.688262e-02 9.847174e-01
    outer loop
      vertex   2.854258e+00 -9.868948e+01 1.291192e+01
      vertex   1.139662e+00 -9.814619e+01 1.259520e+01
      vertex   1.399434e+00 -9.843386e+01 1.265088e+01
    endloop
  endfacet
  facet normal -1.702096e-01 3.688262e-02 9.847174e-01
    outer loop
      vertex   2.854258e+00 -9.868948e+01 1.291192e+01
      vertex   1.399434e+00 -9.843386e+01 1.265088e+01
      vertex   2.477274e+00 -9.877539e+01 1.284998e+01
    endloop
  endfacet
  facet normal -1.702096e-01 3.688262e-02 9.847174e-01
    outer loop
      vertex   2.477274e+00 -9.877539e+01 1.284998e+01
      vertex   1.399434e+00 -9.843386e+01 1.265088e+01
      vertex   1.724202e+00 -9.864307e+01 1.271485e+01
    endloop
  endfacet
  facet normal -1.702096e-01 3.688262e-02 9.847174e-01
    outer loop
      vertex   2.477274e+00 -9.877539e+01 1.284998e+01
      vertex   1.724202e+00 -9.864307e+01 1.271485e+01
      vertex   2.091833e+00 -9.875955e+01 1.278276e+01
    endloop
  endfacet
  facet normal -1.702096e-01 3.688262e-02 9.847174e-01
    outer loop
      vertex   3.169898e-01 -1.232090e+02 1.339173e+01
      vertex   3.127495e+00 -1.237028e+02 1.389602e+01
      vertex   3.350583e-01 -1.228180e+02 1.338021e+01
    endloop
  endfacet
  facet normal -1.702096e-01 3.688262e-02 9.847174e-01
    outer loop
      vertex   3.350583e-01 -1.228180e+02 1.338021e+01
      vertex   3.127495e+00 -1.237028e+02 1.389602e+01
      vertex   3.244707e+00 -1.233292e+02 1.390229e+01
    endloop
  endfacet
  facet normal -1.702096e-01 3.688262e-02 9.847174e-01
    outer loop
      vertex   3.350583e-01 -1.228180e+02 1.338021e+01
      vertex   3.244707e+00 -1.233292e+02 1.390229e+01
      vertex   4.522707e-01 -1.224444e+02 1.338647e+01
    endloop
  endfacet
  facet normal -1.702096e-01 3.688262e-02 9.847174e-01
    outer loop
      vertex   4.522707e-01 -1.224444e+02 1.338647e+01
      vertex   3.244707e+00 -1.233292e+02 1.390229e+01
      vertex   3.262776e+00 -1.229382e+02 1.389077e+01
    endloop
  endfacet
  facet normal -1.702096e-01 3.688262e-02 9.847174e-01
    outer loop
      vertex   4.522707e-01 -1.224444e+02 1.338647e+01
      vertex   3.262776e+00 -1.229382e+02 1.389077e+01
      vertex   6.606391e-01 -1.221137e+02 1.341011e+01
    endloop
  endfacet
  facet normal -1.702096e-01 3.688262e-02 9.847174e-01
    outer loop
      vertex   6.606391e-01 -1.221137e+02 1.341011e+01
      vertex   3.262776e+00 -1.229382e+02 1.389077e+01
      vertex   3.180469e+00 -1.225564e+02 1.386224e+01
    endloop
  endfacet
  facet normal -1.702096e-01 3.688262e-02 9.847174e-01
    outer loop
      vertex   6.606391e-01 -1.221137e+02 1.341011e+01
      vertex   3.180469e+00 -1.225564e+02 1.386224e+01
      vertex   9.459637e-01 -1.218484e+02 1.344949e+01
    endloop
  endfacet
  facet normal -1.702096e-01 3.688262e-02 9.847174e-01
    outer loop
      vertex   9.459637e-01 -1.218484e+02 1.344949e+01
      vertex   3.180469e+00 -1.225564e+02 1.386224e+01
      vertex   3.003396e+00 -1.222099e+02 1.381866e+01
    endloop
  endfacet
  facet normal -1.702096e-01 3.688262e-02 9.847174e-01
    outer loop
      vertex   9.459637e-01 -1.218484e+02 1.344949e+01
      vertex   3.003396e+00 -1.222099e+02 1.381866e+01
      vertex   1.288800e+00 -1.216666e+02 1.350194e+01
    endloop
  endfacet
  facet normal -1.702096e-01 3.688262e-02 9.847174e-01
    outer loop
      vertex   1.288800e+00 -1.216666e+02 1.350194e+01
      vertex   3.003396e+00 -1.222099e+02 1.381866e+01
      vertex   2.743625e+00 -1.219223e+02 1.376298e+01
    endloop
  endfacet
  facet normal -1.702096e-01 3.688262e-02 9.847174e-01
    outer loop
      vertex   1.288800e+00 -1.216666e+02 1.350194e+01
      vertex   2.743625e+00 -1.219223e+02 1.376298e+01
      vertex   1.665784e+00 -1.215807e+02 1.356388e+01
    endloop
  endfacet
  facet normal -1.702096e-01 3.688262e-02 9.847174e-01
    outer loop
      vertex   1.665784e+00 -1.215807e+02 1.356388e+01
      vertex   2.743625e+00 -1.219223e+02 1.376298e+01
      vertex   2.418857e+00 -1.217130e+02 1.369901e+01
    endloop
  endfacet
  facet normal -1.702096e-01 3.688262e-02 9.847174e-01
    outer loop
      vertex   1.665784e+00 -1.215807e+02 1.356388e+01
      vertex   2.418857e+00 -1.217130e+02 1.369901e+01
      vertex   2.051225e+00 -1.215966e+02 1.363110e+01
    endloop
  endfacet
  facet normal -1.702096e-01 3.688262e-02 9.847174e-01
    outer loop
      vertex   3.127495e+00 -1.237028e+02 1.389602e+01
      vertex   3.169898e-01 -1.232090e+02 1.339173e+01
      vertex   2.919127e+00 -1.240335e+02 1.387239e+01
    endloop
  endfacet
  facet normal -1.702096e-01 3.688262e-02 9.847174e-01
    outer loop
      vertex   2.919127e+00 -1.240335e+02 1.387239e+01
      vertex   3.169898e-01 -1.232090e+02 1.339173e+01
      vertex   3.992965e-01 -1.235907e+02 1.342025e+01
    endloop
  endfacet
  facet normal -1.702096e-01 3.688262e-02 9.847174e-01
    outer loop
      vertex   2.919127e+00 -1.240335e+02 1.387239e+01
      vertex   3.992965e-01 -1.235907e+02 1.342025e+01
      vertex   2.633802e+00 -1.242987e+02 1.383301e+01
    endloop
  endfacet
  facet normal -1.702096e-01 3.688262e-02 9.847174e-01
    outer loop
      vertex   2.633802e+00 -1.242987e+02 1.383301e+01
      vertex   3.992965e-01 -1.235907e+02 1.342025e+01
      vertex   5.763694e-01 -1.239372e+02 1.346384e+01
    endloop
  endfacet
  facet normal -1.702096e-01 3.688262e-02 9.847174e-01
    outer loop
      vertex   2.633802e+00 -1.242987e+02 1.383301e+01
      vertex   5.763694e-01 -1.239372e+02 1.346384e+01
      vertex   2.290966e+00 -1.244805e+02 1.378056e+01
    endloop
  endfacet
  facet normal -1.702096e-01 3.688262e-02 9.847174e-01
    outer loop
      vertex   2.290966e+00 -1.244805e+02 1.378056e+01
      vertex   5.763694e-01 -1.239372e+02 1.346384e+01
      vertex   8.361412e-01 -1.242249e+02 1.351952e+01
    endloop
  endfacet
  facet normal -1.702096e-01 3.688262e-02 9.847174e-01
    outer loop
      vertex   2.290966e+00 -1.244805e+02 1.378056e+01
      vertex   8.361412e-01 -1.242249e+02 1.351952e+01
      vertex   1.913982e+00 -1.245664e+02 1.371861e+01
    endloop
  endfacet
  facet normal -1.702096e-01 3.688262e-02 9.847174e-01
    outer loop
      vertex   1.913982e+00 -1.245664e+02 1.371861e+01
      vertex   8.361412e-01 -1.242249e+02 1.351952e+01
      vertex   1.160909e+00 -1.244341e+02 1.358349e+01
    endloop
  endfacet
  facet normal -1.702096e-01 3.688262e-02 9.847174e-01
    outer loop
      vertex   1.913982e+00 -1.245664e+02 1.371861e+01
      vertex   1.160909e+00 -1.244341e+02 1.358349e+01
      vertex   1.528540e+00 -1.245506e+02 1.365140e+01
    endloop
  endfacet
  facet normal -1.702096e-01 3.688262e-02 9.847174e-01
    outer loop
      vertex   1.591347e+01 -1.000593e+02 1.522053e+01
      vertex   1.872397e+01 -1.005531e+02 1.572482e+01
      vertex   1.593154e+01 -9.966833e+01 1.520901e+01
    endloop
  endfacet
  facet normal -1.702096e-01 3.688262e-02 9.847174e-01
    outer loop
      vertex   1.593154e+01 -9.966833e+01 1.520901e+01
      vertex   1.872397e+01 -1.005531e+02 1.572482e+01
      vertex   1.884119e+01 -1.001796e+02 1.573109e+01
    endloop
  endfacet
  facet normal -1.702096e-01 3.688262e-02 9.847174e-01
    outer loop
      vertex   1.593154e+01 -9.966833e+01 1.520901e+01
      vertex   1.884119e+01 -1.001796e+02 1.573109e+01
      vertex   1.604875e+01 -9.929476e+01 1.521528e+01
    endloop
  endfacet
  facet normal -1.702096e-01 3.688262e-02 9.847174e-01
    outer loop
      vertex   1.604875e+01 -9.929476e+01 1.521528e+01
      vertex   1.884119e+01 -1.001796e+02 1.573109e+01
      vertex   1.885926e+01 -9.978858e+01 1.571957e+01
    endloop
  endfacet
  facet normal -1.702096e-01 3.688262e-02 9.847174e-01
    outer loop
      vertex   1.604875e+01 -9.929476e+01 1.521528e+01
      vertex   1.885926e+01 -9.978858e+01 1.571957e+01
      vertex   1.625712e+01 -9.896407e+01 1.523891e+01
    endloop
  endfacet
  facet normal -1.702096e-01 3.688262e-02 9.847174e-01
    outer loop
      vertex   1.625712e+01 -9.896407e+01 1.523891e+01
      vertex   1.885926e+01 -9.978858e+01 1.571957e+01
      vertex   1.877695e+01 -9.940681e+01 1.569104e+01
    endloop
  endfacet
  facet normal -1.702096e-01 3.688262e-02 9.847174e-01
    outer loop
      vertex   1.625712e+01 -9.896407e+01 1.523891e+01
      vertex   1.877695e+01 -9.940681e+01 1.569104e+01
      vertex   1.654244e+01 -9.869879e+01 1.527829e+01
    endloop
  endfacet
  facet normal -1.702096e-01 3.688262e-02 9.847174e-01
    outer loop
      vertex   1.654244e+01 -9.869879e+01 1.527829e+01
      vertex   1.877695e+01 -9.940681e+01 1.569104e+01
      vertex   1.859988e+01 -9.906029e+01 1.564746e+01
    endloop
  endfacet
  facet normal -1.702096e-01 3.688262e-02 9.847174e-01
    outer loop
      vertex   1.654244e+01 -9.869879e+01 1.527829e+01
      vertex   1.859988e+01 -9.906029e+01 1.564746e+01
      vertex   1.688528e+01 -9.851700e+01 1.533074e+01
    endloop
  endfacet
  facet normal -1.702096e-01 3.688262e-02 9.847174e-01
    outer loop
      vertex   1.688528e+01 -9.851700e+01 1.533074e+01
      vertex   1.859988e+01 -9.906029e+01 1.564746e+01
      vertex   1.834010e+01 -9.877262e+01 1.559178e+01
    endloop
  endfacet
  facet normal -1.702096e-01 3.688262e-02 9.847174e-01
    outer loop
      vertex   1.688528e+01 -9.851700e+01 1.533074e+01
      vertex   1.834010e+01 -9.877262e+01 1.559178e+01
      vertex   1.726226e+01 -9.843110e+01 1.539268e+01
    endloop
  endfacet
  facet normal -1.702096e-01 3.688262e-02 9.847174e-01
    outer loop
      vertex   1.726226e+01 -9.843110e+01 1.539268e+01
      vertex   1.834010e+01 -9.877262e+01 1.559178e+01
      vertex   1.801534e+01 -9.856342e+01 1.552781e+01
    endloop
  endfacet
  facet normal -1.702096e-01 3.688262e-02 9.847174e-01
    outer loop
      vertex   1.726226e+01 -9.843110e+01 1.539268e+01
      vertex   1.801534e+01 -9.856342e+01 1.552781e+01
      vertex   1.764771e+01 -9.844693e+01 1.545990e+01
    endloop
  endfacet
  facet normal -1.702096e-01 3.688262e-02 9.847174e-01
    outer loop
      vertex   1.872397e+01 -1.005531e+02 1.572482e+01
      vertex   1.591347e+01 -1.000593e+02 1.522053e+01
      vertex   1.851561e+01 -1.008838e+02 1.570119e+01
    endloop
  endfacet
  facet normal -1.702096e-01 3.688262e-02 9.847174e-01
    outer loop
      vertex   1.851561e+01 -1.008838e+02 1.570119e+01
      vertex   1.591347e+01 -1.000593e+02 1.522053e+01
      vertex   1.599578e+01 -1.004411e+02 1.524905e+01
    endloop
  endfacet
  facet normal -1.702096e-01 3.688262e-02 9.847174e-01
    outer loop
      vertex   1.851561e+01 -1.008838e+02 1.570119e+01
      vertex   1.599578e+01 -1.004411e+02 1.524905e+01
      vertex   1.823028e+01 -1.011491e+02 1.566181e+01
    endloop
  endfacet
  facet normal -1.702096e-01 3.688262e-02 9.847174e-01
    outer loop
      vertex   1.823028e+01 -1.011491e+02 1.566181e+01
      vertex   1.599578e+01 -1.004411e+02 1.524905e+01
      vertex   1.617285e+01 -1.007876e+02 1.529264e+01
    endloop
  endfacet
  facet normal -1.702096e-01 3.688262e-02 9.847174e-01
    outer loop
      vertex   1.823028e+01 -1.011491e+02 1.566181e+01
      vertex   1.617285e+01 -1.007876e+02 1.529264e+01
      vertex   1.788745e+01 -1.013309e+02 1.560936e+01
    endloop
  endfacet
  facet normal -1.702096e-01 3.688262e-02 9.847174e-01
    outer loop
      vertex   1.788745e+01 -1.013309e+02 1.560936e+01
      vertex   1.617285e+01 -1.007876e+02 1.529264e+01
      vertex   1.643262e+01 -1.010753e+02 1.534832e+01
    endloop
  endfacet
  facet normal -1.702096e-01 3.688262e-02 9.847174e-01
    outer loop
      vertex   1.788745e+01 -1.013309e+02 1.560936e+01
      vertex   1.643262e+01 -1.010753e+02 1.534832e+01
      vertex   1.751046e+01 -1.014168e+02 1.554742e+01
    endloop
  endfacet
  facet normal -1.702096e-01 3.688262e-02 9.847174e-01
    outer loop
      vertex   1.751046e+01 -1.014168e+02 1.554742e+01
      vertex   1.643262e+01 -1.010753e+02 1.534832e+01
      vertex   1.675739e+01 -1.012845e+02 1.541229e+01
    endloop
  endfacet
  facet normal -1.702096e-01 3.688262e-02 9.847174e-01
    outer loop
      vertex   1.751046e+01 -1.014168e+02 1.554742e+01
      vertex   1.675739e+01 -1.012845e+02 1.541229e+01
      vertex   1.712502e+01 -1.014010e+02 1.548020e+01
    endloop
  endfacet
  facet normal -1.702096e-01 3.688262e-02 9.847174e-01
    outer loop
      vertex   -1.567888e+01 -5.803251e+01 8.185637e+00
      vertex   -1.286838e+01 -5.852633e+01 8.689932e+00
      vertex   -1.566081e+01 -5.764152e+01 8.174115e+00
    endloop
  endfacet
  facet normal -1.702096e-01 3.688262e-02 9.847174e-01
    outer loop
      vertex   -1.566081e+01 -5.764152e+01 8.174115e+00
      vertex   -1.286838e+01 -5.852633e+01 8.689932e+00
      vertex   -1.275116e+01 -5.815276e+01 8.696200e+00
    endloop
  endfacet
  facet normal -1.702096e-01 3.688262e-02 9.847174e-01
    outer loop
      vertex   -1.566081e+01 -5.764152e+01 8.174115e+00
      vertex   -1.275116e+01 -5.815276e+01 8.696200e+00
      vertex   -1.554360e+01 -5.726795e+01 8.180384e+00
    endloop
  endfacet
  facet normal -1.702096e-01 3.688262e-02 9.847174e-01
    outer loop
      vertex   -1.554360e+01 -5.726795e+01 8.180384e+00
      vertex   -1.275116e+01 -5.815276e+01 8.696200e+00
      vertex   -1.273309e+01 -5.776177e+01 8.684679e+00
    endloop
  endfacet
  facet normal -1.702096e-01 3.688262e-02 9.847174e-01
    outer loop
      vertex   -1.554360e+01 -5.726795e+01 8.180384e+00
      vertex   -1.273309e+01 -5.776177e+01 8.684679e+00
      vertex   -1.533523e+01 -5.693725e+01 8.204014e+00
    endloop
  endfacet
  facet normal -1.702096e-01 3.688262e-02 9.847174e-01
    outer loop
      vertex   -1.533523e+01 -5.693725e+01 8.204014e+00
      vertex   -1.273309e+01 -5.776177e+01 8.684679e+00
      vertex   -1.281540e+01 -5.738000e+01 8.656153e+00
    endloop
  endfacet
  facet normal -1.702096e-01 3.688262e-02 9.847174e-01
    outer loop
      vertex   -1.533523e+01 -5.693725e+01 8.204014e+00
      vertex   -1.281540e+01 -5.738000e+01 8.656153e+00
      vertex   -1.504991e+01 -5.667197e+01 8.243397e+00
    endloop
  endfacet
  facet normal -1.702096e-01 3.688262e-02 9.847174e-01
    outer loop
      vertex   -1.504991e+01 -5.667197e+01 8.243397e+00
      vertex   -1.281540e+01 -5.738000e+01 8.656153e+00
      vertex   -1.299247e+01 -5.703348e+01 8.612567e+00
    endloop
  endfacet
  facet normal -1.702096e-01 3.688262e-02 9.847174e-01
    outer loop
      vertex   -1.504991e+01 -5.667197e+01 8.243397e+00
      vertex   -1.299247e+01 -5.703348e+01 8.612567e+00
      vertex   -1.470707e+01 -5.649019e+01 8.295848e+00
    endloop
  endfacet
  facet normal -1.702096e-01 3.688262e-02 9.847174e-01
    outer loop
      vertex   -1.470707e+01 -5.649019e+01 8.295848e+00
      vertex   -1.299247e+01 -5.703348e+01 8.612567e+00
      vertex   -1.325225e+01 -5.674581e+01 8.556890e+00
    endloop
  endfacet
  facet normal -1.702096e-01 3.688262e-02 9.847174e-01
    outer loop
      vertex   -1.470707e+01 -5.649019e+01 8.295848e+00
      vertex   -1.325225e+01 -5.674581e+01 8.556890e+00
      vertex   -1.433009e+01 -5.640428e+01 8.357792e+00
    endloop
  endfacet
  facet normal -1.702096e-01 3.688262e-02 9.847174e-01
    outer loop
      vertex   -1.433009e+01 -5.640428e+01 8.357792e+00
      vertex   -1.325225e+01 -5.674581e+01 8.556890e+00
      vertex   -1.357701e+01 -5.653660e+01 8.492918e+00
    endloop
  endfacet
  facet normal -1.702096e-01 3.688262e-02 9.847174e-01
    outer loop
      vertex   -1.433009e+01 -5.640428e+01 8.357792e+00
      vertex   -1.357701e+01 -5.653660e+01 8.492918e+00
      vertex   -1.394465e+01 -5.642012e+01 8.425009e+00
    endloop
  endfacet
  facet normal -1.702096e-01 3.688262e-02 9.847174e-01
    outer loop
      vertex   -1.286838e+01 -5.852633e+01 8.689932e+00
      vertex   -1.567888e+01 -5.803251e+01 8.185637e+00
      vertex   -1.307674e+01 -5.885702e+01 8.666302e+00
    endloop
  endfacet
  facet normal -1.702096e-01 3.688262e-02 9.847174e-01
    outer loop
      vertex   -1.307674e+01 -5.885702e+01 8.666302e+00
      vertex   -1.567888e+01 -5.803251e+01 8.185637e+00
      vertex   -1.559657e+01 -5.841428e+01 8.214163e+00
    endloop
  endfacet
  facet normal -1.702096e-01 3.688262e-02 9.847174e-01
    outer loop
      vertex   -1.307674e+01 -5.885702e+01 8.666302e+00
      vertex   -1.559657e+01 -5.841428e+01 8.214163e+00
      vertex   -1.336207e+01 -5.912230e+01 8.626919e+00
    endloop
  endfacet
  facet normal -1.702096e-01 3.688262e-02 9.847174e-01
    outer loop
      vertex   -1.336207e+01 -5.912230e+01 8.626919e+00
      vertex   -1.559657e+01 -5.841428e+01 8.214163e+00
      vertex   -1.541950e+01 -5.876080e+01 8.257749e+00
    endloop
  endfacet
  facet normal -1.702096e-01 3.688262e-02 9.847174e-01
    outer loop
      vertex   -1.336207e+01 -5.912230e+01 8.626919e+00
      vertex   -1.541950e+01 -5.876080e+01 8.257749e+00
      vertex   -1.370490e+01 -5.930409e+01 8.574468e+00
    endloop
  endfacet
  facet normal -1.702096e-01 3.688262e-02 9.847174e-01
    outer loop
      vertex   -1.370490e+01 -5.930409e+01 8.574468e+00
      vertex   -1.541950e+01 -5.876080e+01 8.257749e+00
      vertex   -1.515973e+01 -5.904847e+01 8.313426e+00
    endloop
  endfacet
  facet normal -1.702096e-01 3.688262e-02 9.847174e-01
    outer loop
      vertex   -1.370490e+01 -5.930409e+01 8.574468e+00
      vertex   -1.515973e+01 -5.904847e+01 8.313426e+00
      vertex   -1.408189e+01 -5.938999e+01 8.512523e+00
    endloop
  endfacet
  facet normal -1.702096e-01 3.688262e-02 9.847174e-01
    outer loop
      vertex   -1.408189e+01 -5.938999e+01 8.512523e+00
      vertex   -1.515973e+01 -5.904847e+01 8.313426e+00
      vertex   -1.483496e+01 -5.925767e+01 8.377398e+00
    endloop
  endfacet
  facet normal -1.702096e-01 3.688262e-02 9.847174e-01
    outer loop
      vertex   -1.408189e+01 -5.938999e+01 8.512523e+00
      vertex   -1.483496e+01 -5.925767e+01 8.377398e+00
      vertex   -1.446733e+01 -5.937416e+01 8.445306e+00
    endloop
  endfacet
  facet normal -1.702096e-01 3.688262e-02 9.847174e-01
    outer loop
      vertex   -2.220075e+01 -9.575106e+01 8.471073e+00
      vertex   -1.939024e+01 -9.624488e+01 8.975369e+00
      vertex   -2.218268e+01 -9.536006e+01 8.459552e+00
    endloop
  endfacet
  facet normal -1.702096e-01 3.688262e-02 9.847174e-01
    outer loop
      vertex   -2.218268e+01 -9.536006e+01 8.459552e+00
      vertex   -1.939024e+01 -9.624488e+01 8.975369e+00
      vertex   -1.927303e+01 -9.587131e+01 8.981637e+00
    endloop
  endfacet
  facet normal -1.702096e-01 3.688262e-02 9.847174e-01
    outer loop
      vertex   -2.218268e+01 -9.536006e+01 8.459552e+00
      vertex   -1.927303e+01 -9.587131e+01 8.981637e+00
      vertex   -2.206547e+01 -9.498649e+01 8.465820e+00
    endloop
  endfacet
  facet normal -1.702096e-01 3.688262e-02 9.847174e-01
    outer loop
      vertex   -2.206547e+01 -9.498649e+01 8.465820e+00
      vertex   -1.927303e+01 -9.587131e+01 8.981637e+00
      vertex   -1.925496e+01 -9.548031e+01 8.970116e+00
    endloop
  endfacet
  facet normal -1.702096e-01 3.688262e-02 9.847174e-01
    outer loop
      vertex   -2.206547e+01 -9.498649e+01 8.465820e+00
      vertex   -1.925496e+01 -9.548031e+01 8.970116e+00
      vertex   -2.185710e+01 -9.465580e+01 8.489451e+00
    endloop
  endfacet
  facet normal -1.702096e-01 3.688262e-02 9.847174e-01
    outer loop
      vertex   -2.185710e+01 -9.465580e+01 8.489451e+00
      vertex   -1.925496e+01 -9.548031e+01 8.970116e+00
      vertex   -1.933727e+01 -9.509855e+01 8.941590e+00
    endloop
  endfacet
  facet normal -1.702096e-01 3.688262e-02 9.847174e-01
    outer loop
      vertex   -2.185710e+01 -9.465580e+01 8.489451e+00
      vertex   -1.933727e+01 -9.509855e+01 8.941590e+00
      vertex   -2.157177e+01 -9.439052e+01 8.528833e+00
    endloop
  endfacet
  facet normal -1.702096e-01 3.688262e-02 9.847174e-01
    outer loop
      vertex   -2.157177e+01 -9.439052e+01 8.528833e+00
      vertex   -1.933727e+01 -9.509855e+01 8.941590e+00
      vertex   -1.951434e+01 -9.475202e+01 8.898003e+00
    endloop
  endfacet
  facet normal -1.702096e-01 3.688262e-02 9.847174e-01
    outer loop
      vertex   -2.157177e+01 -9.439052e+01 8.528833e+00
      vertex   -1.951434e+01 -9.475202e+01 8.898003e+00
      vertex   -2.122894e+01 -9.420873e+01 8.581284e+00
    endloop
  endfacet
  facet normal -1.702096e-01 3.688262e-02 9.847174e-01
    outer loop
      vertex   -2.122894e+01 -9.420873e+01 8.581284e+00
      vertex   -1.951434e+01 -9.475202e+01 8.898003e+00
      vertex   -1.977411e+01 -9.446436e+01 8.842327e+00
    endloop
  endfacet
  facet normal -1.702096e-01 3.688262e-02 9.847174e-01
    outer loop
      vertex   -2.122894e+01 -9.420873e+01 8.581284e+00
      vertex   -1.977411e+01 -9.446436e+01 8.842327e+00
      vertex   -2.085195e+01 -9.412283e+01 8.643229e+00
    endloop
  endfacet
  facet normal -1.702096e-01 3.688262e-02 9.847174e-01
    outer loop
      vertex   -2.085195e+01 -9.412283e+01 8.643229e+00
      vertex   -1.977411e+01 -9.446436e+01 8.842327e+00
      vertex   -2.009888e+01 -9.425515e+01 8.778355e+00
    endloop
  endfacet
  facet normal -1.702096e-01 3.688262e-02 9.847174e-01
    outer loop
      vertex   -2.085195e+01 -9.412283e+01 8.643229e+00
      vertex   -2.009888e+01 -9.425515e+01 8.778355e+00
      vertex   -2.046651e+01 -9.413866e+01 8.710446e+00
    endloop
  endfacet
  facet normal -1.702096e-01 3.688262e-02 9.847174e-01
    outer loop
      vertex   -1.939024e+01 -9.624488e+01 8.975369e+00
      vertex   -2.220075e+01 -9.575106e+01 8.471073e+00
      vertex   -1.959861e+01 -9.657557e+01 8.951738e+00
    endloop
  endfacet
  facet normal -1.702096e-01 3.688262e-02 9.847174e-01
    outer loop
      vertex   -1.959861e+01 -9.657557e+01 8.951738e+00
      vertex   -2.220075e+01 -9.575106e+01 8.471073e+00
      vertex   -2.211844e+01 -9.613282e+01 8.499599e+00
    endloop
  endfacet
  facet normal -1.702096e-01 3.688262e-02 9.847174e-01
    outer loop
      vertex   -1.959861e+01 -9.657557e+01 8.951738e+00
      vertex   -2.211844e+01 -9.613282e+01 8.499599e+00
      vertex   -1.988394e+01 -9.684085e+01 8.912356e+00
    endloop
  endfacet
  facet normal -1.702096e-01 3.688262e-02 9.847174e-01
    outer loop
      vertex   -1.988394e+01 -9.684085e+01 8.912356e+00
      vertex   -2.211844e+01 -9.613282e+01 8.499599e+00
      vertex   -2.194137e+01 -9.647935e+01 8.543186e+00
    endloop
  endfacet
  facet normal -1.702096e-01 3.688262e-02 9.847174e-01
    outer loop
      vertex   -1.988394e+01 -9.684085e+01 8.912356e+00
      vertex   -2.194137e+01 -9.647935e+01 8.543186e+00
      vertex   -2.022677e+01 -9.702263e+01 8.859905e+00
    endloop
  endfacet
  facet normal -1.702096e-01 3.688262e-02 9.847174e-01
    outer loop
      vertex   -2.022677e+01 -9.702263e+01 8.859905e+00
      vertex   -2.194137e+01 -9.647935e+01 8.543186e+00
      vertex   -2.168160e+01 -9.676701e+01 8.598862e+00
    endloop
  endfacet
  facet normal -1.702096e-01 3.688262e-02 9.847174e-01
    outer loop
      vertex   -2.022677e+01 -9.702263e+01 8.859905e+00
      vertex   -2.168160e+01 -9.676701e+01 8.598862e+00
      vertex   -2.060376e+01 -9.710854e+01 8.797960e+00
    endloop
  endfacet
  facet normal -1.702096e-01 3.688262e-02 9.847174e-01
    outer loop
      vertex   -2.060376e+01 -9.710854e+01 8.797960e+00
      vertex   -2.168160e+01 -9.676701e+01 8.598862e+00
      vertex   -2.135683e+01 -9.697622e+01 8.662834e+00
    endloop
  endfacet
  facet normal -1.702096e-01 3.688262e-02 9.847174e-01
    outer loop
      vertex   -2.060376e+01 -9.710854e+01 8.797960e+00
      vertex   -2.135683e+01 -9.697622e+01 8.662834e+00
      vertex   -2.098920e+01 -9.709271e+01 8.730743e+00
    endloop
  endfacet
  facet normal -6.286203e-03 -9.999802e-01 1.074775e-14
    outer loop
      vertex   2.446024e+01 -8.550308e+01 2.590772e+01
      vertex   2.522081e+01 -8.550786e+01 2.166416e+01
      vertex   2.499698e+01 -8.550645e+01 2.666416e+01
    endloop
  endfacet
  facet normal -6.286203e-03 -9.999802e-01 6.659620e-15
    outer loop
      vertex   2.499698e+01 -8.550645e+01 2.666416e+01
      vertex   2.522081e+01 -8.550786e+01 2.166416e+01
      vertex   2.594994e+01 -8.551244e+01 2.269092e+01
    endloop
  endfacet
  facet normal -6.286203e-03 -9.999802e-01 1.427816e-14
    outer loop
      vertex   2.499698e+01 -8.550645e+01 2.666416e+01
      vertex   2.594994e+01 -8.551244e+01 2.269092e+01
      vertex   2.594994e+01 -8.551244e+01 2.666416e+01
    endloop
  endfacet
  facet normal -6.286197e-03 -9.999792e-01 1.445105e-03
    outer loop
      vertex   2.594994e+01 -8.551244e+01 2.666416e+01
      vertex   2.595057e+01 -8.550886e+01 2.914440e+01
      vertex   2.515274e+01 -8.550580e+01 2.779177e+01
    endloop
  endfacet
  facet normal -6.286197e-03 -9.999792e-01 1.445105e-03
    outer loop
      vertex   2.515274e+01 -8.550580e+01 2.779177e+01
      vertex   2.595057e+01 -8.550886e+01 2.914440e+01
      vertex   2.389308e+01 -8.549593e+01 2.914440e+01
    endloop
  endfacet
  facet normal -6.286197e-03 -9.999792e-01 1.445105e-03
    outer loop
      vertex   2.515274e+01 -8.550580e+01 2.779177e+01
      vertex   2.389308e+01 -8.549593e+01 2.914440e+01
      vertex   2.413516e+01 -8.549941e+01 2.779177e+01
    endloop
  endfacet
  facet normal -6.286197e-03 -9.999792e-01 1.445105e-03
    outer loop
      vertex   2.515274e+01 -8.550580e+01 2.779177e+01
      vertex   2.528255e+01 -8.550767e+01 2.706649e+01
      vertex   2.594994e+01 -8.551244e+01 2.666416e+01
    endloop
  endfacet
  facet normal -6.286197e-03 -9.999792e-01 1.445105e-03
    outer loop
      vertex   2.594994e+01 -8.551244e+01 2.666416e+01
      vertex   2.528255e+01 -8.550767e+01 2.706649e+01
      vertex   2.499698e+01 -8.550645e+01 2.666416e+01
    endloop
  endfacet
  facet normal 9.849765e-01 -1.726883e-01 1.626721e-15
    outer loop
      vertex   2.595201e+01 -8.550066e+01 2.914440e+01
      vertex   2.595057e+01 -8.550886e+01 2.914440e+01
      vertex   2.595201e+01 -8.550066e+01 2.269092e+01
    endloop
  endfacet
  facet normal 9.849765e-01 -1.726883e-01 -1.850948e-15
    outer loop
      vertex   2.595201e+01 -8.550066e+01 2.269092e+01
      vertex   2.595057e+01 -8.550886e+01 2.914440e+01
      vertex   2.594994e+01 -8.551244e+01 2.666416e+01
    endloop
  endfacet
  facet normal 9.849765e-01 -1.726883e-01 6.874206e-15
    outer loop
      vertex   2.595201e+01 -8.550066e+01 2.269092e+01
      vertex   2.594994e+01 -8.551244e+01 2.666416e+01
      vertex   2.594994e+01 -8.551244e+01 2.269092e+01
    endloop
  endfacet
  facet normal -9.914449e-01 -1.305262e-01 7.138368e-15
    outer loop
      vertex   2.914016e+01 -8.043732e+01 2.914440e+01
      vertex   2.914016e+01 -8.043732e+01 2.714440e+01
      vertex   2.919809e+01 -8.087731e+01 2.914440e+01
    endloop
  endfacet
  facet normal -9.914449e-01 -1.305262e-01 7.972084e-15
    outer loop
      vertex   2.919809e+01 -8.087731e+01 2.914440e+01
      vertex   2.914016e+01 -8.043732e+01 2.714440e+01
      vertex   2.919809e+01 -8.087731e+01 2.714440e+01
    endloop
  endfacet
  facet normal -9.914449e-01 1.305262e-01 6.117195e-15
    outer loop
      vertex   2.919809e+01 -8.087731e+01 2.914440e+01
      vertex   2.919809e+01 -8.087731e+01 2.714440e+01
      vertex   2.914016e+01 -8.131730e+01 2.914440e+01
    endloop
  endfacet
  facet normal -9.914449e-01 1.305262e-01 3.428591e-15
    outer loop
      vertex   2.914016e+01 -8.131730e+01 2.914440e+01
      vertex   2.919809e+01 -8.087731e+01 2.714440e+01
      vertex   2.914016e+01 -8.131730e+01 2.714440e+01
    endloop
  endfacet
  facet normal -9.238795e-01 3.826834e-01 -5.148395e-16
    outer loop
      vertex   2.914016e+01 -8.131730e+01 2.914440e+01
      vertex   2.914016e+01 -8.131730e+01 2.714440e+01
      vertex   2.897033e+01 -8.172731e+01 2.914440e+01
    endloop
  endfacet
  facet normal -9.238795e-01 3.826834e-01 -5.148395e-16
    outer loop
      vertex   2.897033e+01 -8.172731e+01 2.914440e+01
      vertex   2.914016e+01 -8.131730e+01 2.714440e+01
      vertex   2.897033e+01 -8.172731e+01 2.714440e+01
    endloop
  endfacet
  facet normal -7.933533e-01 6.087614e-01 -4.423184e-15
    outer loop
      vertex   2.897033e+01 -8.172731e+01 2.914440e+01
      vertex   2.897033e+01 -8.172731e+01 2.714440e+01
      vertex   2.870017e+01 -8.207939e+01 2.914440e+01
    endloop
  endfacet
  facet normal -7.933533e-01 6.087614e-01 -9.767422e-17
    outer loop
      vertex   2.870017e+01 -8.207939e+01 2.914440e+01
      vertex   2.897033e+01 -8.172731e+01 2.714440e+01
      vertex   2.870017e+01 -8.207939e+01 2.714440e+01
    endloop
  endfacet
  facet normal -6.087614e-01 7.933533e-01 -2.392982e-15
    outer loop
      vertex   2.870017e+01 -8.207939e+01 2.914440e+01
      vertex   2.870017e+01 -8.207939e+01 2.714440e+01
      vertex   2.834809e+01 -8.234955e+01 2.914440e+01
    endloop
  endfacet
  facet normal -6.087614e-01 7.933533e-01 -2.392982e-15
    outer loop
      vertex   2.834809e+01 -8.234955e+01 2.914440e+01
      vertex   2.870017e+01 -8.207939e+01 2.714440e+01
      vertex   2.834809e+01 -8.234955e+01 2.714440e+01
    endloop
  endfacet
  facet normal -3.826834e-01 9.238795e-01 -4.525212e-15
    outer loop
      vertex   2.834809e+01 -8.234955e+01 2.914440e+01
      vertex   2.834809e+01 -8.234955e+01 2.714440e+01
      vertex   2.793808e+01 -8.251938e+01 2.914440e+01
    endloop
  endfacet
  facet normal -3.826834e-01 9.238795e-01 -5.204994e-15
    outer loop
      vertex   2.793808e+01 -8.251938e+01 2.914440e+01
      vertex   2.834809e+01 -8.234955e+01 2.714440e+01
      vertex   2.793808e+01 -8.251938e+01 2.714440e+01
    endloop
  endfacet
  facet normal -1.305262e-01 9.914449e-01 -6.580917e-15
    outer loop
      vertex   2.793808e+01 -8.251938e+01 2.914440e+01
      vertex   2.793808e+01 -8.251938e+01 2.714440e+01
      vertex   2.749809e+01 -8.257731e+01 2.914440e+01
    endloop
  endfacet
  facet normal -1.305262e-01 9.914449e-01 -1.339370e-14
    outer loop
      vertex   2.749809e+01 -8.257731e+01 2.914440e+01
      vertex   2.793808e+01 -8.251938e+01 2.714440e+01
      vertex   2.749809e+01 -8.257731e+01 2.714440e+01
    endloop
  endfacet
  facet normal 1.305262e-01 9.914449e-01 -1.478486e-14
    outer loop
      vertex   2.749809e+01 -8.257731e+01 2.914440e+01
      vertex   2.749809e+01 -8.257731e+01 2.714440e+01
      vertex   2.705810e+01 -8.251938e+01 2.914440e+01
    endloop
  endfacet
  facet normal 1.305262e-01 9.914449e-01 -7.740223e-15
    outer loop
      vertex   2.705810e+01 -8.251938e+01 2.914440e+01
      vertex   2.749809e+01 -8.257731e+01 2.714440e+01
      vertex   2.705810e+01 -8.251938e+01 2.714440e+01
    endloop
  endfacet
  facet normal 3.826834e-01 9.238795e-01 -8.603906e-15
    outer loop
      vertex   2.705810e+01 -8.251938e+01 2.914440e+01
      vertex   2.705810e+01 -8.251938e+01 2.714440e+01
      vertex   2.664809e+01 -8.234955e+01 2.914440e+01
    endloop
  endfacet
  facet normal 3.826834e-01 9.238795e-01 -7.924124e-15
    outer loop
      vertex   2.664809e+01 -8.234955e+01 2.914440e+01
      vertex   2.705810e+01 -8.251938e+01 2.714440e+01
      vertex   2.664809e+01 -8.234955e+01 2.714440e+01
    endloop
  endfacet
  facet normal 6.087614e-01 7.933533e-01 -7.799870e-15
    outer loop
      vertex   2.664809e+01 -8.234955e+01 2.914440e+01
      vertex   2.664809e+01 -8.234955e+01 2.714440e+01
      vertex   2.629601e+01 -8.207939e+01 2.914440e+01
    endloop
  endfacet
  facet normal 6.087614e-01 7.933533e-01 -7.799870e-15
    outer loop
      vertex   2.629601e+01 -8.207939e+01 2.914440e+01
      vertex   2.664809e+01 -8.234955e+01 2.714440e+01
      vertex   2.629601e+01 -8.207939e+01 2.714440e+01
    endloop
  endfacet
  facet normal 7.933533e-01 6.087614e-01 -7.144067e-15
    outer loop
      vertex   2.629601e+01 -8.207939e+01 2.914440e+01
      vertex   2.629601e+01 -8.207939e+01 2.714440e+01
      vertex   2.602585e+01 -8.172731e+01 2.914440e+01
    endloop
  endfacet
  facet normal 7.933533e-01 6.087614e-01 -7.144067e-15
    outer loop
      vertex   2.602585e+01 -8.172731e+01 2.914440e+01
      vertex   2.629601e+01 -8.207939e+01 2.714440e+01
      vertex   2.602585e+01 -8.172731e+01 2.714440e+01
    endloop
  endfacet
  facet normal 9.238795e-01 3.826834e-01 -6.001409e-15
    outer loop
      vertex   2.602585e+01 -8.172731e+01 2.914440e+01
      vertex   2.602585e+01 -8.172731e+01 2.714440e+01
      vertex   2.585601e+01 -8.131730e+01 2.914440e+01
    endloop
  endfacet
  facet normal 9.238795e-01 3.826834e-01 -7.642549e-15
    outer loop
      vertex   2.585601e+01 -8.131730e+01 2.914440e+01
      vertex   2.602585e+01 -8.172731e+01 2.714440e+01
      vertex   2.585601e+01 -8.131730e+01 2.714440e+01
    endloop
  endfacet
  facet normal 9.914449e-01 1.305262e-01 -6.210924e-15
    outer loop
      vertex   2.585601e+01 -8.131730e+01 2.914440e+01
      vertex   2.585601e+01 -8.131730e+01 2.714440e+01
      vertex   2.579809e+01 -8.087731e+01 2.914440e+01
    endloop
  endfacet
  facet normal 9.914449e-01 1.305262e-01 -6.210924e-15
    outer loop
      vertex   2.579809e+01 -8.087731e+01 2.914440e+01
      vertex   2.585601e+01 -8.131730e+01 2.714440e+01
      vertex   2.579809e+01 -8.087731e+01 2.714440e+01
    endloop
  endfacet
  facet normal 9.914449e-01 -1.305262e-01 -4.356035e-15
    outer loop
      vertex   2.579809e+01 -8.087731e+01 2.914440e+01
      vertex   2.579809e+01 -8.087731e+01 2.714440e+01
      vertex   2.585601e+01 -8.043732e+01 2.914440e+01
    endloop
  endfacet
  facet normal 9.914449e-01 -1.305262e-01 -4.356035e-15
    outer loop
      vertex   2.585601e+01 -8.043732e+01 2.914440e+01
      vertex   2.579809e+01 -8.087731e+01 2.714440e+01
      vertex   2.585601e+01 -8.043732e+01 2.714440e+01
    endloop
  endfacet
  facet normal 9.238795e-01 -3.826834e-01 -2.204290e-15
    outer loop
      vertex   2.585601e+01 -8.043732e+01 2.914440e+01
      vertex   2.585601e+01 -8.043732e+01 2.714440e+01
      vertex   2.602585e+01 -8.002731e+01 2.914440e+01
    endloop
  endfacet
  facet normal 9.238795e-01 -3.826834e-01 -2.204290e-15
    outer loop
      vertex   2.602585e+01 -8.002731e+01 2.914440e+01
      vertex   2.585601e+01 -8.043732e+01 2.714440e+01
      vertex   2.602585e+01 -8.002731e+01 2.714440e+01
    endloop
  endfacet
  facet normal 7.933533e-01 -6.087614e-01 9.767422e-17
    outer loop
      vertex   2.602585e+01 -8.002731e+01 2.914440e+01
      vertex   2.602585e+01 -8.002731e+01 2.714440e+01
      vertex   2.629601e+01 -7.967523e+01 2.914440e+01
    endloop
  endfacet
  facet normal 7.933533e-01 -6.087614e-01 9.767422e-17
    outer loop
      vertex   2.629601e+01 -7.967523e+01 2.914440e+01
      vertex   2.602585e+01 -8.002731e+01 2.714440e+01
      vertex   2.629601e+01 -7.967523e+01 2.714440e+01
    endloop
  endfacet
  facet normal 6.087614e-01 -7.933533e-01 2.392982e-15
    outer loop
      vertex   2.629601e+01 -7.967523e+01 2.914440e+01
      vertex   2.629601e+01 -7.967523e+01 2.714440e+01
      vertex   2.664809e+01 -7.940506e+01 2.914440e+01
    endloop
  endfacet
  facet normal 6.087614e-01 -7.933533e-01 2.392982e-15
    outer loop
      vertex   2.664809e+01 -7.940506e+01 2.914440e+01
      vertex   2.629601e+01 -7.967523e+01 2.714440e+01
      vertex   2.664809e+01 -7.940506e+01 2.714440e+01
    endloop
  endfacet
  facet normal 3.826834e-01 -9.238795e-01 4.525212e-15
    outer loop
      vertex   2.664809e+01 -7.940506e+01 2.914440e+01
      vertex   2.664809e+01 -7.940506e+01 2.714440e+01
      vertex   2.705810e+01 -7.923523e+01 2.914440e+01
    endloop
  endfacet
  facet normal 3.826834e-01 -9.238795e-01 5.204994e-15
    outer loop
      vertex   2.705810e+01 -7.923523e+01 2.914440e+01
      vertex   2.664809e+01 -7.940506e+01 2.714440e+01
      vertex   2.705810e+01 -7.923523e+01 2.714440e+01
    endloop
  endfacet
  facet normal 1.305262e-01 -9.914449e-01 6.580917e-15
    outer loop
      vertex   2.705810e+01 -7.923523e+01 2.914440e+01
      vertex   2.705810e+01 -7.923523e+01 2.714440e+01
      vertex   2.749809e+01 -7.917731e+01 2.914440e+01
    endloop
  endfacet
  facet normal 1.305262e-01 -9.914449e-01 6.349056e-15
    outer loop
      vertex   2.749809e+01 -7.917731e+01 2.914440e+01
      vertex   2.705810e+01 -7.923523e+01 2.714440e+01
      vertex   2.749809e+01 -7.917731e+01 2.714440e+01
    endloop
  endfacet
  facet normal -1.305262e-01 -9.914449e-01 7.740223e-15
    outer loop
      vertex   2.749809e+01 -7.917731e+01 2.914440e+01
      vertex   2.749809e+01 -7.917731e+01 2.714440e+01
      vertex   2.793808e+01 -7.923523e+01 2.914440e+01
    endloop
  endfacet
  facet normal -1.305262e-01 -9.914449e-01 7.740223e-15
    outer loop
      vertex   2.793808e+01 -7.923523e+01 2.914440e+01
      vertex   2.749809e+01 -7.917731e+01 2.714440e+01
      vertex   2.793808e+01 -7.923523e+01 2.714440e+01
    endloop
  endfacet
  facet normal -3.826834e-01 -9.238795e-01 8.603906e-15
    outer loop
      vertex   2.793808e+01 -7.923523e+01 2.914440e+01
      vertex   2.793808e+01 -7.923523e+01 2.714440e+01
      vertex   2.834809e+01 -7.940506e+01 2.914440e+01
    endloop
  endfacet
  facet normal -3.826834e-01 -9.238795e-01 7.924124e-15
    outer loop
      vertex   2.834809e+01 -7.940506e+01 2.914440e+01
      vertex   2.793808e+01 -7.923523e+01 2.714440e+01
      vertex   2.834809e+01 -7.940506e+01 2.714440e+01
    endloop
  endfacet
  facet normal -6.087614e-01 -7.933533e-01 7.799870e-15
    outer loop
      vertex   2.834809e+01 -7.940506e+01 2.914440e+01
      vertex   2.834809e+01 -7.940506e+01 2.714440e+01
      vertex   2.870017e+01 -7.967523e+01 2.914440e+01
    endloop
  endfacet
  facet normal -6.087614e-01 -7.933533e-01 7.799870e-15
    outer loop
      vertex   2.870017e+01 -7.967523e+01 2.914440e+01
      vertex   2.834809e+01 -7.940506e+01 2.714440e+01
      vertex   2.870017e+01 -7.967523e+01 2.714440e+01
    endloop
  endfacet
  facet normal -7.933533e-01 -6.087614e-01 7.144067e-15
    outer loop
      vertex   2.870017e+01 -7.967523e+01 2.914440e+01
      vertex   2.870017e+01 -7.967523e+01 2.714440e+01
      vertex   2.897033e+01 -8.002731e+01 2.914440e+01
    endloop
  endfacet
  facet normal -7.933533e-01 -6.087614e-01 1.146958e-14
    outer loop
      vertex   2.897033e+01 -8.002731e+01 2.914440e+01
      vertex   2.870017e+01 -7.967523e+01 2.714440e+01
      vertex   2.897033e+01 -8.002731e+01 2.714440e+01
    endloop
  endfacet
  facet normal -9.238795e-01 -3.826834e-01 8.720538e-15
    outer loop
      vertex   2.897033e+01 -8.002731e+01 2.914440e+01
      vertex   2.897033e+01 -8.002731e+01 2.714440e+01
      vertex   2.914016e+01 -8.043732e+01 2.914440e+01
    endloop
  endfacet
  facet normal -9.238795e-01 -3.826834e-01 1.036168e-14
    outer loop
      vertex   2.914016e+01 -8.043732e+01 2.914440e+01
      vertex   2.897033e+01 -8.002731e+01 2.714440e+01
      vertex   2.914016e+01 -8.043732e+01 2.714440e+01
    endloop
  endfacet
  facet normal 6.325976e-04 1.370772e-04 9.999998e-01
    outer loop
      vertex   7.599641e+00 -3.437435e+01 1.966185e+01
      vertex   7.178737e+00 -3.297527e+01 1.966193e+01
      vertex   7.451336e+00 -3.465029e+01 1.966199e+01
    endloop
  endfacet
  facet normal 6.325976e-04 1.370772e-04 9.999998e-01
    outer loop
      vertex   7.451336e+00 -3.465029e+01 1.966199e+01
      vertex   7.178737e+00 -3.297527e+01 1.966193e+01
      vertex   6.902804e+00 -3.282696e+01 1.966208e+01
    endloop
  endfacet
  facet normal 6.325976e-04 1.370772e-04 9.999998e-01
    outer loop
      vertex   7.451336e+00 -3.465029e+01 1.966199e+01
      vertex   6.902804e+00 -3.282696e+01 1.966208e+01
      vertex   7.236668e+00 -3.487843e+01 1.966215e+01
    endloop
  endfacet
  facet normal 6.325976e-04 1.370772e-04 9.999998e-01
    outer loop
      vertex   7.236668e+00 -3.487843e+01 1.966215e+01
      vertex   6.902804e+00 -3.282696e+01 1.966208e+01
      vertex   6.597889e+00 -3.275513e+01 1.966227e+01
    endloop
  endfacet
  facet normal 6.325976e-04 1.370772e-04 9.999998e-01
    outer loop
      vertex   7.236668e+00 -3.487843e+01 1.966215e+01
      vertex   6.597889e+00 -3.275513e+01 1.966227e+01
      vertex   6.970265e+00 -3.504325e+01 1.966234e+01
    endloop
  endfacet
  facet normal 6.325976e-04 1.370772e-04 9.999998e-01
    outer loop
      vertex   6.970265e+00 -3.504325e+01 1.966234e+01
      vertex   6.597889e+00 -3.275513e+01 1.966227e+01
      vertex   6.284771e+00 -3.276466e+01 1.966246e+01
    endloop
  endfacet
  facet normal 6.325976e-04 1.370772e-04 9.999998e-01
    outer loop
      vertex   6.970265e+00 -3.504325e+01 1.966234e+01
      vertex   6.284771e+00 -3.276466e+01 1.966246e+01
      vertex   6.670284e+00 -3.513349e+01 1.966255e+01
    endloop
  endfacet
  facet normal 6.325976e-04 1.370772e-04 9.999998e-01
    outer loop
      vertex   6.670284e+00 -3.513349e+01 1.966255e+01
      vertex   6.284771e+00 -3.276466e+01 1.966246e+01
      vertex   5.984789e+00 -3.285491e+01 1.966267e+01
    endloop
  endfacet
  facet normal 6.325976e-04 1.370772e-04 9.999998e-01
    outer loop
      vertex   6.670284e+00 -3.513349e+01 1.966255e+01
      vertex   5.984789e+00 -3.285491e+01 1.966267e+01
      vertex   6.357166e+00 -3.514302e+01 1.966274e+01
    endloop
  endfacet
  facet normal 6.325976e-04 1.370772e-04 9.999998e-01
    outer loop
      vertex   6.357166e+00 -3.514302e+01 1.966274e+01
      vertex   5.984789e+00 -3.285491e+01 1.966267e+01
      vertex   5.718387e+00 -3.301972e+01 1.966286e+01
    endloop
  endfacet
  facet normal 6.325976e-04 1.370772e-04 9.999998e-01
    outer loop
      vertex   6.357166e+00 -3.514302e+01 1.966274e+01
      vertex   5.718387e+00 -3.301972e+01 1.966286e+01
      vertex   6.052250e+00 -3.507119e+01 1.966293e+01
    endloop
  endfacet
  facet normal 6.325976e-04 1.370772e-04 9.999998e-01
    outer loop
      vertex   6.052250e+00 -3.507119e+01 1.966293e+01
      vertex   5.718387e+00 -3.301972e+01 1.966286e+01
      vertex   5.503718e+00 -3.324787e+01 1.966303e+01
    endloop
  endfacet
  facet normal 6.325976e-04 1.370772e-04 9.999998e-01
    outer loop
      vertex   6.052250e+00 -3.507119e+01 1.966293e+01
      vertex   5.503718e+00 -3.324787e+01 1.966303e+01
      vertex   5.776317e+00 -3.492288e+01 1.966308e+01
    endloop
  endfacet
  facet normal 6.325976e-04 1.370772e-04 9.999998e-01
    outer loop
      vertex   5.776317e+00 -3.492288e+01 1.966308e+01
      vertex   5.503718e+00 -3.324787e+01 1.966303e+01
      vertex   5.355413e+00 -3.352380e+01 1.966316e+01
    endloop
  endfacet
  facet normal 6.325976e-04 1.370772e-04 9.999998e-01
    outer loop
      vertex   5.776317e+00 -3.492288e+01 1.966308e+01
      vertex   5.355413e+00 -3.352380e+01 1.966316e+01
      vertex   5.548170e+00 -3.470822e+01 1.966320e+01
    endloop
  endfacet
  facet normal 6.325976e-04 1.370772e-04 9.999998e-01
    outer loop
      vertex   5.548170e+00 -3.470822e+01 1.966320e+01
      vertex   5.355413e+00 -3.352380e+01 1.966316e+01
      vertex   5.283579e+00 -3.382871e+01 1.966324e+01
    endloop
  endfacet
  facet normal 6.325976e-04 1.370772e-04 9.999998e-01
    outer loop
      vertex   5.548170e+00 -3.470822e+01 1.966320e+01
      vertex   5.283579e+00 -3.382871e+01 1.966324e+01
      vertex   5.383357e+00 -3.444181e+01 1.966326e+01
    endloop
  endfacet
  facet normal 6.325976e-04 1.370772e-04 9.999998e-01
    outer loop
      vertex   5.383357e+00 -3.444181e+01 1.966326e+01
      vertex   5.283579e+00 -3.382871e+01 1.966324e+01
      vertex   5.293110e+00 -3.414183e+01 1.966328e+01
    endloop
  endfacet
  facet normal 6.325976e-04 1.370772e-04 9.999998e-01
    outer loop
      vertex   7.178737e+00 -3.297527e+01 1.966193e+01
      vertex   7.599641e+00 -3.437435e+01 1.966185e+01
      vertex   7.406884e+00 -3.318994e+01 1.966181e+01
    endloop
  endfacet
  facet normal 6.325976e-04 1.370772e-04 9.999998e-01
    outer loop
      vertex   7.406884e+00 -3.318994e+01 1.966181e+01
      vertex   7.599641e+00 -3.437435e+01 1.966185e+01
      vertex   7.671475e+00 -3.406944e+01 1.966177e+01
    endloop
  endfacet
  facet normal 6.325976e-04 1.370772e-04 9.999998e-01
    outer loop
      vertex   7.406884e+00 -3.318994e+01 1.966181e+01
      vertex   7.671475e+00 -3.406944e+01 1.966177e+01
      vertex   7.571697e+00 -3.345634e+01 1.966175e+01
    endloop
  endfacet
  facet normal 6.325976e-04 1.370772e-04 9.999998e-01
    outer loop
      vertex   7.571697e+00 -3.345634e+01 1.966175e+01
      vertex   7.671475e+00 -3.406944e+01 1.966177e+01
      vertex   7.661944e+00 -3.375632e+01 1.966173e+01
    endloop
  endfacet
  facet normal 1.021405e-13 1.332268e-15 1.000000e+00
    outer loop
      vertex   1.937979e+01 -1.424109e+02 1.366416e+01
      vertex   1.937979e+01 -1.464109e+02 1.366416e+01
      vertex   2.137979e+01 -1.424109e+02 1.366416e+01
    endloop
  endfacet
  facet normal 1.048051e-13 1.489369e-27 1.000000e+00
    outer loop
      vertex   2.137979e+01 -1.424109e+02 1.366416e+01
      vertex   1.937979e+01 -1.464109e+02 1.366416e+01
      vertex   2.137979e+01 -1.464109e+02 1.366416e+01
    endloop
  endfacet
  facet normal 0.000000e+00 0.000000e+00 1.000000e+00
    outer loop
      vertex   2.914016e+01 -8.043732e+01 2.714440e+01
      vertex   2.585601e+01 -8.043732e+01 2.714440e+01
      vertex   2.919809e+01 -8.087731e+01 2.714440e+01
    endloop
  endfacet
  facet normal 0.000000e+00 0.000000e+00 1.000000e+00
    outer loop
      vertex   2.919809e+01 -8.087731e+01 2.714440e+01
      vertex   2.585601e+01 -8.043732e+01 2.714440e+01
      vertex   2.579809e+01 -8.087731e+01 2.714440e+01
    endloop
  endfacet
  facet normal 0.000000e+00 0.000000e+00 1.000000e+00
    outer loop
      vertex   2.919809e+01 -8.087731e+01 2.714440e+01
      vertex   2.579809e+01 -8.087731e+01 2.714440e+01
      vertex   2.914016e+01 -8.131730e+01 2.714440e+01
    endloop
  endfacet
  facet normal 0.000000e+00 0.000000e+00 1.000000e+00
    outer loop
      vertex   2.914016e+01 -8.131730e+01 2.714440e+01
      vertex   2.579809e+01 -8.087731e+01 2.714440e+01
      vertex   2.585601e+01 -8.131730e+01 2.714440e+01
    endloop
  endfacet
  facet normal 0.000000e+00 0.000000e+00 1.000000e+00
    outer loop
      vertex   2.914016e+01 -8.131730e+01 2.714440e+01
      vertex   2.585601e+01 -8.131730e+01 2.714440e+01
      vertex   2.897033e+01 -8.172731e+01 2.714440e+01
    endloop
  endfacet
  facet normal 0.000000e+00 0.000000e+00 1.000000e+00
    outer loop
      vertex   2.897033e+01 -8.172731e+01 2.714440e+01
      vertex   2.585601e+01 -8.131730e+01 2.714440e+01
      vertex   2.602585e+01 -8.172731e+01 2.714440e+01
    endloop
  endfacet
  facet normal 0.000000e+00 0.000000e+00 1.000000e+00
    outer loop
      vertex   2.897033e+01 -8.172731e+01 2.714440e+01
      vertex   2.602585e+01 -8.172731e+01 2.714440e+01
      vertex   2.870017e+01 -8.207939e+01 2.714440e+01
    endloop
  endfacet
  facet normal 0.000000e+00 0.000000e+00 1.000000e+00
    outer loop
      vertex   2.870017e+01 -8.207939e+01 2.714440e+01
      vertex   2.602585e+01 -8.172731e+01 2.714440e+01
      vertex   2.629601e+01 -8.207939e+01 2.714440e+01
    endloop
  endfacet
  facet normal 0.000000e+00 0.000000e+00 1.000000e+00
    outer loop
      vertex   2.870017e+01 -8.207939e+01 2.714440e+01
      vertex   2.629601e+01 -8.207939e+01 2.714440e+01
      vertex   2.834809e+01 -8.234955e+01 2.714440e+01
    endloop
  endfacet
  facet normal 0.000000e+00 0.000000e+00 1.000000e+00
    outer loop
      vertex   2.834809e+01 -8.234955e+01 2.714440e+01
      vertex   2.629601e+01 -8.207939e+01 2.714440e+01
      vertex   2.664809e+01 -8.234955e+01 2.714440e+01
    endloop
  endfacet
  facet normal 0.000000e+00 0.000000e+00 1.000000e+00
    outer loop
      vertex   2.834809e+01 -8.234955e+01 2.714440e+01
      vertex   2.664809e+01 -8.234955e+01 2.714440e+01
      vertex   2.793808e+01 -8.251938e+01 2.714440e+01
    endloop
  endfacet
  facet normal 0.000000e+00 0.000000e+00 1.000000e+00
    outer loop
      vertex   2.793808e+01 -8.251938e+01 2.714440e+01
      vertex   2.664809e+01 -8.234955e+01 2.714440e+01
      vertex   2.705810e+01 -8.251938e+01 2.714440e+01
    endloop
  endfacet
  facet normal 0.000000e+00 0.000000e+00 1.000000e+00
    outer loop
      vertex   2.793808e+01 -8.251938e+01 2.714440e+01
      vertex   2.705810e+01 -8.251938e+01 2.714440e+01
      vertex   2.749809e+01 -8.257731e+01 2.714440e+01
    endloop
  endfacet
  facet normal 0.000000e+00 0.000000e+00 1.000000e+00
    outer loop
      vertex   2.585601e+01 -8.043732e+01 2.714440e+01
      vertex   2.914016e+01 -8.043732e+01 2.714440e+01
      vertex   2.602585e+01 -8.002731e+01 2.714440e+01
    endloop
  endfacet
  facet normal -0.000000e+00 0.000000e+00 1.000000e+00
    outer loop
      vertex   2.602585e+01 -8.002731e+01 2.714440e+01
      vertex   2.914016e+01 -8.043732e+01 2.714440e+01
      vertex   2.897033e+01 -8.002731e+01 2.714440e+01
    endloop
  endfacet
  facet normal 0.000000e+00 0.000000e+00 1.000000e+00
    outer loop
      vertex   2.602585e+01 -8.002731e+01 2.714440e+01
      vertex   2.897033e+01 -8.002731e+01 2.714440e+01
      vertex   2.629601e+01 -7.967523e+01 2.714440e+01
    endloop
  endfacet
  facet normal -0.000000e+00 0.000000e+00 1.000000e+00
    outer loop
      vertex   2.629601e+01 -7.967523e+01 2.714440e+01
      vertex   2.897033e+01 -8.002731e+01 2.714440e+01
      vertex   2.870017e+01 -7.967523e+01 2.714440e+01
    endloop
  endfacet
  facet normal 0.000000e+00 0.000000e+00 1.000000e+00
    outer loop
      vertex   2.629601e+01 -7.967523e+01 2.714440e+01
      vertex   2.870017e+01 -7.967523e+01 2.714440e+01
      vertex   2.664809e+01 -7.940506e+01 2.714440e+01
    endloop
  endfacet
  facet normal -0.000000e+00 0.000000e+00 1.000000e+00
    outer loop
      vertex   2.664809e+01 -7.940506e+01 2.714440e+01
      vertex   2.870017e+01 -7.967523e+01 2.714440e+01
      vertex   2.834809e+01 -7.940506e+01 2.714440e+01
    endloop
  endfacet
  facet normal 0.000000e+00 0.000000e+00 1.000000e+00
    outer loop
      vertex   2.664809e+01 -7.940506e+01 2.714440e+01
      vertex   2.834809e+01 -7.940506e+01 2.714440e+01
      vertex   2.705810e+01 -7.923523e+01 2.714440e+01
    endloop
  endfacet
  facet normal -0.000000e+00 0.000000e+00 1.000000e+00
    outer loop
      vertex   2.705810e+01 -7.923523e+01 2.714440e+01
      vertex   2.834809e+01 -7.940506e+01 2.714440e+01
      vertex   2.793808e+01 -7.923523e+01 2.714440e+01
    endloop
  endfacet
  facet normal 0.000000e+00 0.000000e+00 1.000000e+00
    outer loop
      vertex   2.705810e+01 -7.923523e+01 2.714440e+01
      vertex   2.793808e+01 -7.923523e+01 2.714440e+01
      vertex   2.749809e+01 -7.917731e+01 2.714440e+01
    endloop
  endfacet
  facet normal 0.000000e+00 0.000000e+00 1.000000e+00
    outer loop
      vertex   3.531362e+01 -1.360324e+02 1.266416e+01
      vertex   3.462979e+01 -1.360324e+02 1.266416e+01
      vertex   3.362979e+01 -1.374935e+02 1.266416e+01
    endloop
  endfacet
  facet normal 0.000000e+00 0.000000e+00 1.000000e+00
    outer loop
      vertex   3.362979e+01 -1.374935e+02 1.266416e+01
      vertex   3.462979e+01 -1.360324e+02 1.266416e+01
      vertex   3.437097e+01 -1.360665e+02 1.266416e+01
    endloop
  endfacet
  facet normal 0.000000e+00 0.000000e+00 1.000000e+00
    outer loop
      vertex   3.362979e+01 -1.374935e+02 1.266416e+01
      vertex   3.437097e+01 -1.360665e+02 1.266416e+01
      vertex   3.412979e+01 -1.361664e+02 1.266416e+01
    endloop
  endfacet
  facet normal 0.000000e+00 0.000000e+00 1.000000e+00
    outer loop
      vertex   3.412979e+01 -1.361664e+02 1.266416e+01
      vertex   3.392268e+01 -1.363253e+02 1.266416e+01
      vertex   3.362979e+01 -1.374935e+02 1.266416e+01
    endloop
  endfacet
  facet normal 0.000000e+00 0.000000e+00 1.000000e+00
    outer loop
      vertex   3.362979e+01 -1.374935e+02 1.266416e+01
      vertex   3.392268e+01 -1.363253e+02 1.266416e+01
      vertex   3.362979e+01 -1.370324e+02 1.266416e+01
    endloop
  endfacet
  facet normal 0.000000e+00 0.000000e+00 1.000000e+00
    outer loop
      vertex   3.362979e+01 -1.370324e+02 1.266416e+01
      vertex   3.392268e+01 -1.363253e+02 1.266416e+01
      vertex   3.376376e+01 -1.365324e+02 1.266416e+01
    endloop
  endfacet
  facet normal 0.000000e+00 0.000000e+00 1.000000e+00
    outer loop
      vertex   3.362979e+01 -1.370324e+02 1.266416e+01
      vertex   3.376376e+01 -1.365324e+02 1.266416e+01
      vertex   3.366386e+01 -1.367736e+02 1.266416e+01
    endloop
  endfacet
  facet normal -0.000000e+00 0.000000e+00 1.000000e+00
    outer loop
      vertex   3.032979e+01 -1.374935e+02 1.266416e+01
      vertex   3.362979e+01 -1.418935e+02 1.266416e+01
      vertex   3.362979e+01 -1.374935e+02 1.266416e+01
    endloop
  endfacet
  facet normal 0.000000e+00 0.000000e+00 1.000000e+00
    outer loop
      vertex   3.362979e+01 -1.374935e+02 1.266416e+01
      vertex   3.362979e+01 -1.418935e+02 1.266416e+01
      vertex   3.631362e+01 -1.422324e+02 1.266416e+01
    endloop
  endfacet
  facet normal -0.000000e+00 0.000000e+00 1.000000e+00
    outer loop
      vertex   3.362979e+01 -1.374935e+02 1.266416e+01
      vertex   3.631362e+01 -1.422324e+02 1.266416e+01
      vertex   3.631362e+01 -1.370324e+02 1.266416e+01
    endloop
  endfacet
  facet normal 2.398047e-16 3.546517e-16 1.000000e+00
    outer loop
      vertex   3.032979e+01 -1.274760e+02 1.266416e+01
      vertex   2.451258e+01 -1.335600e+02 1.266416e+01
      vertex   3.032979e+01 -1.374935e+02 1.266416e+01
    endloop
  endfacet
  facet normal 1.946066e-15 2.878074e-15 1.000000e+00
    outer loop
      vertex   3.032979e+01 -1.374935e+02 1.266416e+01
      vertex   2.451258e+01 -1.335600e+02 1.266416e+01
      vertex   2.454596e+01 -1.348170e+02 1.266416e+01
    endloop
  endfacet
  facet normal -3.188591e-15 -8.217989e-15 1.000000e+00
    outer loop
      vertex   3.032979e+01 -1.374935e+02 1.266416e+01
      vertex   2.454596e+01 -1.348170e+02 1.266416e+01
      vertex   2.440386e+01 -1.356265e+02 1.266416e+01
    endloop
  endfacet
  facet normal 4.507426e-16 1.529653e-16 1.000000e+00
    outer loop
      vertex   3.032979e+01 -1.274760e+02 1.266416e+01
      vertex   2.244788e+01 -1.274760e+02 1.266416e+01
      vertex   2.451258e+01 -1.335600e+02 1.266416e+01
    endloop
  endfacet
  facet normal -5.534695e-16 1.461695e-16 1.000000e+00
    outer loop
      vertex   2.440386e+01 -1.356265e+02 1.266416e+01
      vertex   2.413818e+01 -1.366325e+02 1.266416e+01
      vertex   3.032979e+01 -1.374935e+02 1.266416e+01
    endloop
  endfacet
  facet normal -5.737945e-16 -6.949526e-30 1.000000e+00
    outer loop
      vertex   3.032979e+01 -1.374935e+02 1.266416e+01
      vertex   2.413818e+01 -1.366325e+02 1.266416e+01
      vertex   3.032979e+01 -1.418935e+02 1.266416e+01
    endloop
  endfacet
  facet normal 0.000000e+00 0.000000e+00 1.000000e+00
    outer loop
      vertex   3.032979e+01 -1.374935e+02 1.266416e+01
      vertex   3.032979e+01 -1.418935e+02 1.266416e+01
      vertex   3.362979e+01 -1.418935e+02 1.266416e+01
    endloop
  endfacet
  facet normal -4.009275e-16 2.034473e-16 1.000000e+00
    outer loop
      vertex   2.413818e+01 -1.366325e+02 1.266416e+01
      vertex   2.374317e+01 -1.374109e+02 1.266416e+01
      vertex   3.032979e+01 -1.418935e+02 1.266416e+01
    endloop
  endfacet
  facet normal -5.181380e-16 3.121796e-17 1.000000e+00
    outer loop
      vertex   3.032979e+01 -1.418935e+02 1.266416e+01
      vertex   2.374317e+01 -1.374109e+02 1.266416e+01
      vertex   2.292979e+01 -1.509109e+02 1.266416e+01
    endloop
  endfacet
  facet normal 3.026382e-30 -3.939810e-16 1.000000e+00
    outer loop
      vertex   3.032979e+01 -1.418935e+02 1.266416e+01
      vertex   2.292979e+01 -1.509109e+02 1.266416e+01
      vertex   3.032979e+01 -1.509109e+02 1.266416e+01
    endloop
  endfacet
  facet normal 0.000000e+00 0.000000e+00 1.000000e+00
    outer loop
      vertex   2.374317e+01 -1.374109e+02 1.266416e+01
      vertex   2.292979e+01 -1.374109e+02 1.266416e+01
      vertex   2.292979e+01 -1.509109e+02 1.266416e+01
    endloop
  endfacet
  facet normal -0.000000e+00 -0.000000e+00 1.000000e+00
    outer loop
      vertex   3.362979e+01 -1.424324e+02 1.266416e+01
      vertex   3.392268e+01 -1.431395e+02 1.266416e+01
      vertex   3.362979e+01 -1.418935e+02 1.266416e+01
    endloop
  endfacet
  facet normal 0.000000e+00 0.000000e+00 1.000000e+00
    outer loop
      vertex   3.362979e+01 -1.418935e+02 1.266416e+01
      vertex   3.392268e+01 -1.431395e+02 1.266416e+01
      vertex   3.412979e+01 -1.432984e+02 1.266416e+01
    endloop
  endfacet
  facet normal 0.000000e+00 0.000000e+00 1.000000e+00
    outer loop
      vertex   3.362979e+01 -1.418935e+02 1.266416e+01
      vertex   3.412979e+01 -1.432984e+02 1.266416e+01
      vertex   3.437097e+01 -1.433983e+02 1.266416e+01
    endloop
  endfacet
  facet normal -0.000000e+00 -0.000000e+00 1.000000e+00
    outer loop
      vertex   3.366386e+01 -1.426912e+02 1.266416e+01
      vertex   3.376376e+01 -1.429324e+02 1.266416e+01
      vertex   3.362979e+01 -1.424324e+02 1.266416e+01
    endloop
  endfacet
  facet normal 0.000000e+00 0.000000e+00 1.000000e+00
    outer loop
      vertex   3.362979e+01 -1.424324e+02 1.266416e+01
      vertex   3.376376e+01 -1.429324e+02 1.266416e+01
      vertex   3.392268e+01 -1.431395e+02 1.266416e+01
    endloop
  endfacet
  facet normal -0.000000e+00 -0.000000e+00 1.000000e+00
    outer loop
      vertex   3.437097e+01 -1.433983e+02 1.266416e+01
      vertex   3.462979e+01 -1.434324e+02 1.266416e+01
      vertex   3.362979e+01 -1.418935e+02 1.266416e+01
    endloop
  endfacet
  facet normal 0.000000e+00 0.000000e+00 1.000000e+00
    outer loop
      vertex   3.362979e+01 -1.418935e+02 1.266416e+01
      vertex   3.462979e+01 -1.434324e+02 1.266416e+01
      vertex   3.511362e+01 -1.434324e+02 1.266416e+01
    endloop
  endfacet
  facet normal 0.000000e+00 0.000000e+00 1.000000e+00
    outer loop
      vertex   3.362979e+01 -1.418935e+02 1.266416e+01
      vertex   3.511362e+01 -1.434324e+02 1.266416e+01
      vertex   3.631362e+01 -1.422324e+02 1.266416e+01
    endloop
  endfacet
  facet normal 0.000000e+00 0.000000e+00 1.000000e+00
    outer loop
      vertex   3.631362e+01 -1.422324e+02 1.266416e+01
      vertex   3.511362e+01 -1.434324e+02 1.266416e+01
      vertex   3.542420e+01 -1.433915e+02 1.266416e+01
    endloop
  endfacet
  facet normal 0.000000e+00 0.000000e+00 1.000000e+00
    outer loop
      vertex   3.631362e+01 -1.422324e+02 1.266416e+01
      vertex   3.542420e+01 -1.433915e+02 1.266416e+01
      vertex   3.571362e+01 -1.432716e+02 1.266416e+01
    endloop
  endfacet
  facet normal 0.000000e+00 0.000000e+00 1.000000e+00
    outer loop
      vertex   3.571362e+01 -1.432716e+02 1.266416e+01
      vertex   3.596215e+01 -1.430809e+02 1.266416e+01
      vertex   3.631362e+01 -1.422324e+02 1.266416e+01
    endloop
  endfacet
  facet normal 0.000000e+00 0.000000e+00 1.000000e+00
    outer loop
      vertex   3.631362e+01 -1.422324e+02 1.266416e+01
      vertex   3.596215e+01 -1.430809e+02 1.266416e+01
      vertex   3.615285e+01 -1.428324e+02 1.266416e+01
    endloop
  endfacet
  facet normal 0.000000e+00 0.000000e+00 1.000000e+00
    outer loop
      vertex   3.631362e+01 -1.422324e+02 1.266416e+01
      vertex   3.615285e+01 -1.428324e+02 1.266416e+01
      vertex   3.627273e+01 -1.425430e+02 1.266416e+01
    endloop
  endfacet
  facet normal 0.000000e+00 0.000000e+00 1.000000e+00
    outer loop
      vertex   3.627954e+01 -1.367736e+02 1.266416e+01
      vertex   3.617964e+01 -1.365324e+02 1.266416e+01
      vertex   3.631362e+01 -1.370324e+02 1.266416e+01
    endloop
  endfacet
  facet normal 0.000000e+00 0.000000e+00 1.000000e+00
    outer loop
      vertex   3.631362e+01 -1.370324e+02 1.266416e+01
      vertex   3.617964e+01 -1.365324e+02 1.266416e+01
      vertex   3.602073e+01 -1.363253e+02 1.266416e+01
    endloop
  endfacet
  facet normal 0.000000e+00 0.000000e+00 1.000000e+00
    outer loop
      vertex   3.631362e+01 -1.370324e+02 1.266416e+01
      vertex   3.602073e+01 -1.363253e+02 1.266416e+01
      vertex   3.581362e+01 -1.361664e+02 1.266416e+01
    endloop
  endfacet
  facet normal 0.000000e+00 0.000000e+00 1.000000e+00
    outer loop
      vertex   3.581362e+01 -1.361664e+02 1.266416e+01
      vertex   3.557244e+01 -1.360665e+02 1.266416e+01
      vertex   3.631362e+01 -1.370324e+02 1.266416e+01
    endloop
  endfacet
  facet normal 0.000000e+00 0.000000e+00 1.000000e+00
    outer loop
      vertex   3.631362e+01 -1.370324e+02 1.266416e+01
      vertex   3.557244e+01 -1.360665e+02 1.266416e+01
      vertex   3.531362e+01 -1.360324e+02 1.266416e+01
    endloop
  endfacet
  facet normal 0.000000e+00 0.000000e+00 1.000000e+00
    outer loop
      vertex   3.631362e+01 -1.370324e+02 1.266416e+01
      vertex   3.531362e+01 -1.360324e+02 1.266416e+01
      vertex   3.362979e+01 -1.374935e+02 1.266416e+01
    endloop
  endfacet
  facet normal 1.000000e+00 1.134885e-14 2.999611e-15
    outer loop
      vertex   3.032979e+01 -1.274760e+02 1.266416e+01
      vertex   3.032979e+01 -1.374935e+02 1.266416e+01
      vertex   3.032979e+01 -1.274760e+02 4.373419e+00
    endloop
  endfacet
  facet normal 1.000000e+00 1.861739e-14 1.178198e-14
    outer loop
      vertex   3.032979e+01 -1.274760e+02 4.373419e+00
      vertex   3.032979e+01 -1.374935e+02 1.266416e+01
      vertex   3.032979e+01 -1.374935e+02 -2.111194e+00
    endloop
  endfacet
  facet normal 1.000000e+00 -4.413800e-05 6.818467e-05
    outer loop
      vertex   3.032979e+01 -1.274760e+02 4.373419e+00
      vertex   3.032979e+01 -1.374935e+02 -2.111194e+00
      vertex   3.032979e+01 -1.273713e+02 4.367933e+00
    endloop
  endfacet
  facet normal 1.000000e+00 1.030733e-08 -7.868924e-07
    outer loop
      vertex   3.032979e+01 -1.273713e+02 4.367933e+00
      vertex   3.032979e+01 -1.374935e+02 -2.111194e+00
      vertex   3.032979e+01 -3.048726e+01 -7.095446e-01
    endloop
  endfacet
  facet normal 1.000000e+00 1.241718e-14 2.534175e-15
    outer loop
      vertex   3.032979e+01 -3.048726e+01 -7.095446e-01
      vertex   3.032979e+01 -1.374935e+02 -2.111194e+00
      vertex   3.032979e+01 -3.048726e+01 -7.719151e+00
    endloop
  endfacet
  facet normal 0.000000e+00 1.000000e+00 0.000000e+00
    outer loop
      vertex   3.362979e+01 -1.374935e+02 1.266416e+01
      vertex   3.362979e+01 -1.374935e+02 -2.111194e+00
      vertex   3.032979e+01 -1.374935e+02 1.266416e+01
    endloop
  endfacet
  facet normal 0.000000e+00 1.000000e+00 0.000000e+00
    outer loop
      vertex   3.032979e+01 -1.374935e+02 1.266416e+01
      vertex   3.362979e+01 -1.374935e+02 -2.111194e+00
      vertex   3.032979e+01 -1.374935e+02 -2.111194e+00
    endloop
  endfacet
  facet normal -1.000000e+00 -1.318417e-14 -0.000000e+00
    outer loop
      vertex   3.362979e+01 -1.424324e+02 1.266416e+01
      vertex   3.362979e+01 -1.418935e+02 1.266416e+01
      vertex   3.362979e+01 -1.424324e+02 -1.852355e+00
    endloop
  endfacet
  facet normal -1.000000e+00 -1.318417e-14 0.000000e+00
    outer loop
      vertex   3.362979e+01 -1.424324e+02 -1.852355e+00
      vertex   3.362979e+01 -1.418935e+02 1.266416e+01
      vertex   3.362979e+01 -1.418935e+02 -1.880600e+00
    endloop
  endfacet
  facet normal -5.874312e-14 -1.000000e+00 -0.000000e+00
    outer loop
      vertex   3.462979e+01 -1.434324e+02 1.266416e+01
      vertex   3.462979e+01 -1.434324e+02 -1.799948e+00
      vertex   3.511362e+01 -1.434324e+02 1.266416e+01
    endloop
  endfacet
  facet normal -5.874312e-14 -1.000000e+00 -0.000000e+00
    outer loop
      vertex   3.511362e+01 -1.434324e+02 1.266416e+01
      vertex   3.462979e+01 -1.434324e+02 -1.799948e+00
      vertex   3.511362e+01 -1.434324e+02 -1.799948e+00
    endloop
  endfacet
  facet normal -1.305262e-01 -9.914449e-01 0.000000e+00
    outer loop
      vertex   3.462979e+01 -1.434324e+02 -1.799948e+00
      vertex   3.462979e+01 -1.434324e+02 1.266416e+01
      vertex   3.437097e+01 -1.433983e+02 7.825322e+00
    endloop
  endfacet
  facet normal -1.305262e-01 -9.914449e-01 -5.823414e-15
    outer loop
      vertex   3.437097e+01 -1.433983e+02 7.825322e+00
      vertex   3.462979e+01 -1.434324e+02 1.266416e+01
      vertex   3.437097e+01 -1.433983e+02 1.266416e+01
    endloop
  endfacet
  facet normal -3.826834e-01 -9.238795e-01 -5.426558e-15
    outer loop
      vertex   3.437097e+01 -1.433983e+02 7.825322e+00
      vertex   3.437097e+01 -1.433983e+02 1.266416e+01
      vertex   3.412979e+01 -1.432984e+02 7.825322e+00
    endloop
  endfacet
  facet normal -3.826834e-01 -9.238795e-01 0.000000e+00
    outer loop
      vertex   3.412979e+01 -1.432984e+02 7.825322e+00
      vertex   3.437097e+01 -1.433983e+02 1.266416e+01
      vertex   3.412979e+01 -1.432984e+02 1.266416e+01
    endloop
  endfacet
  facet normal -6.087614e-01 -7.933533e-01 0.000000e+00
    outer loop
      vertex   3.412979e+01 -1.432984e+02 7.825322e+00
      vertex   3.412979e+01 -1.432984e+02 1.266416e+01
      vertex   3.392268e+01 -1.431395e+02 7.825322e+00
    endloop
  endfacet
  facet normal -6.087614e-01 -7.933533e-01 0.000000e+00
    outer loop
      vertex   3.392268e+01 -1.431395e+02 7.825322e+00
      vertex   3.412979e+01 -1.432984e+02 1.266416e+01
      vertex   3.392268e+01 -1.431395e+02 1.266416e+01
    endloop
  endfacet
  facet normal -7.933533e-01 -6.087614e-01 0.000000e+00
    outer loop
      vertex   3.392268e+01 -1.431395e+02 7.825322e+00
      vertex   3.392268e+01 -1.431395e+02 1.266416e+01
      vertex   3.376376e+01 -1.429324e+02 7.825322e+00
    endloop
  endfacet
  facet normal -7.933533e-01 -6.087614e-01 0.000000e+00
    outer loop
      vertex   3.376376e+01 -1.429324e+02 7.825322e+00
      vertex   3.392268e+01 -1.431395e+02 1.266416e+01
      vertex   3.376376e+01 -1.429324e+02 1.266416e+01
    endloop
  endfacet
  facet normal -9.238795e-01 -3.826834e-01 0.000000e+00
    outer loop
      vertex   3.376376e+01 -1.429324e+02 7.825322e+00
      vertex   3.376376e+01 -1.429324e+02 1.266416e+01
      vertex   3.366386e+01 -1.426912e+02 7.825322e+00
    endloop
  endfacet
  facet normal -9.238795e-01 -3.826834e-01 0.000000e+00
    outer loop
      vertex   3.366386e+01 -1.426912e+02 7.825322e+00
      vertex   3.376376e+01 -1.429324e+02 1.266416e+01
      vertex   3.366386e+01 -1.426912e+02 1.266416e+01
    endloop
  endfacet
  facet normal -9.914449e-01 -1.305262e-01 0.000000e+00
    outer loop
      vertex   3.366386e+01 -1.426912e+02 7.825322e+00
      vertex   3.366386e+01 -1.426912e+02 1.266416e+01
      vertex   3.362979e+01 -1.424324e+02 1.266416e+01
    endloop
  endfacet
  facet normal -9.914449e-01 -1.305262e-01 -0.000000e+00
    outer loop
      vertex   3.362979e+01 -1.424324e+02 1.266416e+01
      vertex   3.362979e+01 -1.424324e+02 -1.852355e+00
      vertex   3.366386e+01 -1.426912e+02 7.825322e+00
    endloop
  endfacet
  facet normal -9.914449e-01 -1.305262e-01 -0.000000e+00
    outer loop
      vertex   3.366386e+01 -1.426912e+02 7.825322e+00
      vertex   3.362979e+01 -1.424324e+02 -1.852355e+00
      vertex   3.366386e+01 -1.426912e+02 2.986483e+00
    endloop
  endfacet
  facet normal -9.238795e-01 -3.826834e-01 -0.000000e+00
    outer loop
      vertex   3.366386e+01 -1.426912e+02 7.825322e+00
      vertex   3.366386e+01 -1.426912e+02 2.986483e+00
      vertex   3.376376e+01 -1.429324e+02 7.825322e+00
    endloop
  endfacet
  facet normal -9.238795e-01 -3.826834e-01 1.356639e-15
    outer loop
      vertex   3.376376e+01 -1.429324e+02 7.825322e+00
      vertex   3.366386e+01 -1.426912e+02 2.986483e+00
      vertex   3.376376e+01 -1.429324e+02 2.986483e+00
    endloop
  endfacet
  facet normal -7.933533e-01 -6.087614e-01 1.164973e-15
    outer loop
      vertex   3.376376e+01 -1.429324e+02 7.825322e+00
      vertex   3.376376e+01 -1.429324e+02 2.986483e+00
      vertex   3.392268e+01 -1.431395e+02 7.825322e+00
    endloop
  endfacet
  facet normal -7.933533e-01 -6.087614e-01 -0.000000e+00
    outer loop
      vertex   3.392268e+01 -1.431395e+02 7.825322e+00
      vertex   3.376376e+01 -1.429324e+02 2.986483e+00
      vertex   3.392268e+01 -1.431395e+02 2.986483e+00
    endloop
  endfacet
  facet normal -6.087614e-01 -7.933533e-01 -0.000000e+00
    outer loop
      vertex   3.392268e+01 -1.431395e+02 7.825322e+00
      vertex   3.392268e+01 -1.431395e+02 2.986483e+00
      vertex   3.412979e+01 -1.432984e+02 7.825322e+00
    endloop
  endfacet
  facet normal -6.087614e-01 -7.933533e-01 -0.000000e+00
    outer loop
      vertex   3.412979e+01 -1.432984e+02 7.825322e+00
      vertex   3.392268e+01 -1.431395e+02 2.986483e+00
      vertex   3.412979e+01 -1.432984e+02 2.986483e+00
    endloop
  endfacet
  facet normal -3.826834e-01 -9.238795e-01 -0.000000e+00
    outer loop
      vertex   3.412979e+01 -1.432984e+02 7.825322e+00
      vertex   3.412979e+01 -1.432984e+02 2.986483e+00
      vertex   3.437097e+01 -1.433983e+02 7.825322e+00
    endloop
  endfacet
  facet normal -3.826834e-01 -9.238795e-01 -0.000000e+00
    outer loop
      vertex   3.437097e+01 -1.433983e+02 7.825322e+00
      vertex   3.412979e+01 -1.432984e+02 2.986483e+00
      vertex   3.437097e+01 -1.433983e+02 2.986483e+00
    endloop
  endfacet
  facet normal -1.305262e-01 -9.914449e-01 -0.000000e+00
    outer loop
      vertex   3.437097e+01 -1.433983e+02 7.825322e+00
      vertex   3.437097e+01 -1.433983e+02 2.986483e+00
      vertex   3.462979e+01 -1.434324e+02 -1.799948e+00
    endloop
  endfacet
  facet normal -1.305262e-01 -9.914449e-01 0.000000e+00
    outer loop
      vertex   3.462979e+01 -1.434324e+02 -1.799948e+00
      vertex   3.437097e+01 -1.433983e+02 2.986483e+00
      vertex   3.437097e+01 -1.433983e+02 -1.801733e+00
    endloop
  endfacet
  facet normal -3.826834e-01 -9.238795e-01 0.000000e+00
    outer loop
      vertex   3.437097e+01 -1.433983e+02 -1.801733e+00
      vertex   3.437097e+01 -1.433983e+02 2.986483e+00
      vertex   3.412979e+01 -1.432984e+02 2.986483e+00
    endloop
  endfacet
  facet normal -3.826834e-01 -9.238795e-01 0.000000e+00
    outer loop
      vertex   3.437097e+01 -1.433983e+02 -1.801733e+00
      vertex   3.412979e+01 -1.432984e+02 2.986483e+00
      vertex   3.412979e+01 -1.432984e+02 -1.806969e+00
    endloop
  endfacet
  facet normal -6.087614e-01 -7.933533e-01 0.000000e+00
    outer loop
      vertex   3.412979e+01 -1.432984e+02 -1.806969e+00
      vertex   3.412979e+01 -1.432984e+02 2.986483e+00
      vertex   3.392268e+01 -1.431395e+02 2.986483e+00
    endloop
  endfacet
  facet normal -6.087614e-01 -7.933533e-01 0.000000e+00
    outer loop
      vertex   3.412979e+01 -1.432984e+02 -1.806969e+00
      vertex   3.392268e+01 -1.431395e+02 2.986483e+00
      vertex   3.392268e+01 -1.431395e+02 -1.815297e+00
    endloop
  endfacet
  facet normal -7.933533e-01 -6.087614e-01 0.000000e+00
    outer loop
      vertex   3.392268e+01 -1.431395e+02 -1.815297e+00
      vertex   3.392268e+01 -1.431395e+02 2.986483e+00
      vertex   3.376376e+01 -1.429324e+02 2.986483e+00
    endloop
  endfacet
  facet normal -7.933533e-01 -6.087614e-01 -1.170889e-15
    outer loop
      vertex   3.392268e+01 -1.431395e+02 -1.815297e+00
      vertex   3.376376e+01 -1.429324e+02 2.986483e+00
      vertex   3.376376e+01 -1.429324e+02 -1.826151e+00
    endloop
  endfacet
  facet normal -9.238795e-01 -3.826834e-01 -1.364026e-15
    outer loop
      vertex   3.376376e+01 -1.429324e+02 -1.826151e+00
      vertex   3.376376e+01 -1.429324e+02 2.986483e+00
      vertex   3.366386e+01 -1.426912e+02 2.986483e+00
    endloop
  endfacet
  facet normal -9.238795e-01 -3.826834e-01 0.000000e+00
    outer loop
      vertex   3.376376e+01 -1.429324e+02 -1.826151e+00
      vertex   3.366386e+01 -1.426912e+02 2.986483e+00
      vertex   3.366386e+01 -1.426912e+02 -1.838791e+00
    endloop
  endfacet
  facet normal -9.914449e-01 -1.305262e-01 0.000000e+00
    outer loop
      vertex   3.366386e+01 -1.426912e+02 -1.838791e+00
      vertex   3.366386e+01 -1.426912e+02 2.986483e+00
      vertex   3.362979e+01 -1.424324e+02 -1.852355e+00
    endloop
  endfacet
  facet normal 0.000000e+00 1.000000e+00 0.000000e+00
    outer loop
      vertex   3.462979e+01 -1.360324e+02 -2.187765e+00
      vertex   3.462979e+01 -1.360324e+02 1.266416e+01
      vertex   3.531362e+01 -1.360324e+02 -2.187765e+00
    endloop
  endfacet
  facet normal 0.000000e+00 1.000000e+00 -0.000000e+00
    outer loop
      vertex   3.531362e+01 -1.360324e+02 -2.187765e+00
      vertex   3.462979e+01 -1.360324e+02 1.266416e+01
      vertex   3.531362e+01 -1.360324e+02 1.266416e+01
    endloop
  endfacet
  facet normal 1.000000e+00 6.832142e-15 -0.000000e+00
    outer loop
      vertex   3.631362e+01 -1.370324e+02 -2.135357e+00
      vertex   3.631362e+01 -1.370324e+02 1.266416e+01
      vertex   3.631362e+01 -1.422324e+02 -1.862837e+00
    endloop
  endfacet
  facet normal 1.000000e+00 6.832142e-15 -1.336692e-29
    outer loop
      vertex   3.631362e+01 -1.422324e+02 -1.862837e+00
      vertex   3.631362e+01 -1.370324e+02 1.266416e+01
      vertex   3.631362e+01 -1.422324e+02 1.266416e+01
    endloop
  endfacet
  facet normal 1.305262e-01 9.914449e-01 -1.873382e-16
    outer loop
      vertex   3.557244e+01 -1.360665e+02 1.266416e+01
      vertex   3.557244e+01 -1.360665e+02 7.713518e+00
      vertex   3.531362e+01 -1.360324e+02 1.266416e+01
    endloop
  endfacet
  facet normal 1.305262e-01 9.914449e-01 0.000000e+00
    outer loop
      vertex   3.531362e+01 -1.360324e+02 1.266416e+01
      vertex   3.557244e+01 -1.360665e+02 7.713518e+00
      vertex   3.557244e+01 -1.360665e+02 2.762877e+00
    endloop
  endfacet
  facet normal 1.305262e-01 9.914449e-01 0.000000e+00
    outer loop
      vertex   3.531362e+01 -1.360324e+02 1.266416e+01
      vertex   3.557244e+01 -1.360665e+02 2.762877e+00
      vertex   3.531362e+01 -1.360324e+02 -2.187765e+00
    endloop
  endfacet
  facet normal 1.305262e-01 9.914449e-01 0.000000e+00
    outer loop
      vertex   3.531362e+01 -1.360324e+02 -2.187765e+00
      vertex   3.557244e+01 -1.360665e+02 2.762877e+00
      vertex   3.557244e+01 -1.360665e+02 -2.185979e+00
    endloop
  endfacet
  facet normal 3.826834e-01 9.238795e-01 -0.000000e+00
    outer loop
      vertex   3.557244e+01 -1.360665e+02 -2.185979e+00
      vertex   3.557244e+01 -1.360665e+02 2.762877e+00
      vertex   3.581362e+01 -1.361664e+02 -2.180744e+00
    endloop
  endfacet
  facet normal 3.826834e-01 9.238795e-01 5.500279e-16
    outer loop
      vertex   3.581362e+01 -1.361664e+02 -2.180744e+00
      vertex   3.557244e+01 -1.360665e+02 2.762877e+00
      vertex   3.581362e+01 -1.361664e+02 2.762877e+00
    endloop
  endfacet
  facet normal 6.087614e-01 7.933533e-01 8.749681e-16
    outer loop
      vertex   3.581362e+01 -1.361664e+02 -2.180744e+00
      vertex   3.581362e+01 -1.361664e+02 2.762877e+00
      vertex   3.602073e+01 -1.363253e+02 -2.172415e+00
    endloop
  endfacet
  facet normal 6.087614e-01 7.933533e-01 -0.000000e+00
    outer loop
      vertex   3.602073e+01 -1.363253e+02 -2.172415e+00
      vertex   3.581362e+01 -1.361664e+02 2.762877e+00
      vertex   3.602073e+01 -1.363253e+02 2.762877e+00
    endloop
  endfacet
  facet normal 7.933533e-01 6.087614e-01 -0.000000e+00
    outer loop
      vertex   3.602073e+01 -1.363253e+02 -2.172415e+00
      vertex   3.602073e+01 -1.363253e+02 2.762877e+00
      vertex   3.617964e+01 -1.365324e+02 -2.161561e+00
    endloop
  endfacet
  facet normal 7.933533e-01 6.087614e-01 1.144722e-15
    outer loop
      vertex   3.617964e+01 -1.365324e+02 -2.161561e+00
      vertex   3.602073e+01 -1.363253e+02 2.762877e+00
      vertex   3.617964e+01 -1.365324e+02 2.762877e+00
    endloop
  endfacet
  facet normal 9.238795e-01 3.826834e-01 1.333058e-15
    outer loop
      vertex   3.617964e+01 -1.365324e+02 -2.161561e+00
      vertex   3.617964e+01 -1.365324e+02 2.762877e+00
      vertex   3.627954e+01 -1.367736e+02 -2.148921e+00
    endloop
  endfacet
  facet normal 9.238795e-01 3.826834e-01 -0.000000e+00
    outer loop
      vertex   3.627954e+01 -1.367736e+02 -2.148921e+00
      vertex   3.617964e+01 -1.365324e+02 2.762877e+00
      vertex   3.627954e+01 -1.367736e+02 2.762877e+00
    endloop
  endfacet
  facet normal 9.914449e-01 1.305262e-01 -0.000000e+00
    outer loop
      vertex   3.627954e+01 -1.367736e+02 -2.148921e+00
      vertex   3.627954e+01 -1.367736e+02 2.762877e+00
      vertex   3.631362e+01 -1.370324e+02 -2.135357e+00
    endloop
  endfacet
  facet normal 9.914449e-01 1.305262e-01 0.000000e+00
    outer loop
      vertex   3.631362e+01 -1.370324e+02 -2.135357e+00
      vertex   3.627954e+01 -1.367736e+02 2.762877e+00
      vertex   3.627954e+01 -1.367736e+02 7.713518e+00
    endloop
  endfacet
  facet normal 9.914449e-01 1.305262e-01 -0.000000e+00
    outer loop
      vertex   3.631362e+01 -1.370324e+02 -2.135357e+00
      vertex   3.627954e+01 -1.367736e+02 7.713518e+00
      vertex   3.631362e+01 -1.370324e+02 1.266416e+01
    endloop
  endfacet
  facet normal 9.914449e-01 1.305262e-01 0.000000e+00
    outer loop
      vertex   3.631362e+01 -1.370324e+02 1.266416e+01
      vertex   3.627954e+01 -1.367736e+02 7.713518e+00
      vertex   3.627954e+01 -1.367736e+02 1.266416e+01
    endloop
  endfacet
  facet normal 9.238795e-01 3.826834e-01 0.000000e+00
    outer loop
      vertex   3.627954e+01 -1.367736e+02 1.266416e+01
      vertex   3.627954e+01 -1.367736e+02 7.713518e+00
      vertex   3.617964e+01 -1.365324e+02 1.266416e+01
    endloop
  endfacet
  facet normal 9.238795e-01 3.826834e-01 -1.326002e-15
    outer loop
      vertex   3.617964e+01 -1.365324e+02 1.266416e+01
      vertex   3.627954e+01 -1.367736e+02 7.713518e+00
      vertex   3.617964e+01 -1.365324e+02 7.713518e+00
    endloop
  endfacet
  facet normal 7.933533e-01 6.087614e-01 -1.138663e-15
    outer loop
      vertex   3.617964e+01 -1.365324e+02 1.266416e+01
      vertex   3.617964e+01 -1.365324e+02 7.713518e+00
      vertex   3.602073e+01 -1.363253e+02 1.266416e+01
    endloop
  endfacet
  facet normal 7.933533e-01 6.087614e-01 0.000000e+00
    outer loop
      vertex   3.602073e+01 -1.363253e+02 1.266416e+01
      vertex   3.617964e+01 -1.365324e+02 7.713518e+00
      vertex   3.602073e+01 -1.363253e+02 7.713518e+00
    endloop
  endfacet
  facet normal 6.087614e-01 7.933533e-01 0.000000e+00
    outer loop
      vertex   3.602073e+01 -1.363253e+02 1.266416e+01
      vertex   3.602073e+01 -1.363253e+02 7.713518e+00
      vertex   3.581362e+01 -1.361664e+02 1.266416e+01
    endloop
  endfacet
  facet normal 6.087614e-01 7.933533e-01 -8.737272e-16
    outer loop
      vertex   3.581362e+01 -1.361664e+02 1.266416e+01
      vertex   3.602073e+01 -1.363253e+02 7.713518e+00
      vertex   3.581362e+01 -1.361664e+02 7.713518e+00
    endloop
  endfacet
  facet normal 3.826834e-01 9.238795e-01 -5.492478e-16
    outer loop
      vertex   3.581362e+01 -1.361664e+02 1.266416e+01
      vertex   3.581362e+01 -1.361664e+02 7.713518e+00
      vertex   3.557244e+01 -1.360665e+02 1.266416e+01
    endloop
  endfacet
  facet normal 3.826834e-01 9.238795e-01 -5.492478e-16
    outer loop
      vertex   3.557244e+01 -1.360665e+02 1.266416e+01
      vertex   3.581362e+01 -1.361664e+02 7.713518e+00
      vertex   3.557244e+01 -1.360665e+02 7.713518e+00
    endloop
  endfacet
  facet normal 3.826834e-01 9.238795e-01 0.000000e+00
    outer loop
      vertex   3.581362e+01 -1.361664e+02 2.762877e+00
      vertex   3.557244e+01 -1.360665e+02 2.762877e+00
      vertex   3.557244e+01 -1.360665e+02 7.713518e+00
    endloop
  endfacet
  facet normal 3.826834e-01 9.238795e-01 -0.000000e+00
    outer loop
      vertex   3.581362e+01 -1.361664e+02 2.762877e+00
      vertex   3.557244e+01 -1.360665e+02 7.713518e+00
      vertex   3.581362e+01 -1.361664e+02 7.713518e+00
    endloop
  endfacet
  facet normal 6.087614e-01 7.933533e-01 0.000000e+00
    outer loop
      vertex   3.602073e+01 -1.363253e+02 2.762877e+00
      vertex   3.581362e+01 -1.361664e+02 2.762877e+00
      vertex   3.581362e+01 -1.361664e+02 7.713518e+00
    endloop
  endfacet
  facet normal 6.087614e-01 7.933533e-01 -0.000000e+00
    outer loop
      vertex   3.602073e+01 -1.363253e+02 2.762877e+00
      vertex   3.581362e+01 -1.361664e+02 7.713518e+00
      vertex   3.602073e+01 -1.363253e+02 7.713518e+00
    endloop
  endfacet
  facet normal 7.933533e-01 6.087614e-01 0.000000e+00
    outer loop
      vertex   3.617964e+01 -1.365324e+02 2.762877e+00
      vertex   3.602073e+01 -1.363253e+02 2.762877e+00
      vertex   3.602073e+01 -1.363253e+02 7.713518e+00
    endloop
  endfacet
  facet normal 7.933533e-01 6.087614e-01 -0.000000e+00
    outer loop
      vertex   3.617964e+01 -1.365324e+02 2.762877e+00
      vertex   3.602073e+01 -1.363253e+02 7.713518e+00
      vertex   3.617964e+01 -1.365324e+02 7.713518e+00
    endloop
  endfacet
  facet normal 9.238795e-01 3.826834e-01 0.000000e+00
    outer loop
      vertex   3.627954e+01 -1.367736e+02 2.762877e+00
      vertex   3.617964e+01 -1.365324e+02 2.762877e+00
      vertex   3.617964e+01 -1.365324e+02 7.713518e+00
    endloop
  endfacet
  facet normal 9.238795e-01 3.826834e-01 -0.000000e+00
    outer loop
      vertex   3.627954e+01 -1.367736e+02 2.762877e+00
      vertex   3.617964e+01 -1.365324e+02 7.713518e+00
      vertex   3.627954e+01 -1.367736e+02 7.713518e+00
    endloop
  endfacet
  facet normal -2.255080e-15 -5.233596e-02 -9.986295e-01
    outer loop
      vertex   1.852711e+00 -2.491828e+01 -8.011009e+00
      vertex   -1.322088e+00 -2.538317e+01 -7.986645e+00
      vertex   1.767526e+00 -2.427212e+01 -8.044873e+00
    endloop
  endfacet
  facet normal 1.970218e-15 -5.233596e-02 -9.986295e-01
    outer loop
      vertex   1.767526e+00 -2.427212e+01 -8.044873e+00
      vertex   -1.322088e+00 -2.538317e+01 -7.986645e+00
      vertex   -1.487796e+00 -2.453635e+01 -8.031025e+00
    endloop
  endfacet
  facet normal 2.352703e-15 -5.233596e-02 -9.986295e-01
    outer loop
      vertex   1.767526e+00 -2.427212e+01 -8.044873e+00
      vertex   -1.487796e+00 -2.453635e+01 -8.031025e+00
      vertex   -1.523822e+00 -2.367500e+01 -8.076167e+00
    endloop
  endfacet
  facet normal -6.536798e-16 -5.233596e-02 -9.986295e-01
    outer loop
      vertex   -1.322088e+00 -2.538317e+01 -7.986645e+00
      vertex   1.852711e+00 -2.491828e+01 -8.011009e+00
      vertex   -1.031186e+00 -2.619368e+01 -7.944168e+00
    endloop
  endfacet
  facet normal 3.001044e-16 -5.233596e-02 -9.986295e-01
    outer loop
      vertex   -1.031186e+00 -2.619368e+01 -7.944168e+00
      vertex   1.852711e+00 -2.491828e+01 -8.011009e+00
      vertex   2.102462e+00 -2.552040e+01 -7.979453e+00
    endloop
  endfacet
  facet normal 7.564055e-16 -5.233596e-02 -9.986295e-01
    outer loop
      vertex   -1.031186e+00 -2.619368e+01 -7.944168e+00
      vertex   2.102462e+00 -2.552040e+01 -7.979453e+00
      vertex   -6.202055e-01 -2.695317e+01 -7.904365e+00
    endloop
  endfacet
  facet normal 2.081547e-15 -5.233596e-02 -9.986295e-01
    outer loop
      vertex   -6.202055e-01 -2.695317e+01 -7.904365e+00
      vertex   2.102462e+00 -2.552040e+01 -7.979453e+00
      vertex   -1.003166e-01 -2.764061e+01 -7.868338e+00
    endloop
  endfacet
  facet normal -6.295262e-16 -5.233596e-02 -9.986295e-01
    outer loop
      vertex   -1.003166e-01 -2.764061e+01 -7.868338e+00
      vertex   2.102462e+00 -2.552040e+01 -7.979453e+00
      vertex   2.499759e+00 -2.603746e+01 -7.952355e+00
    endloop
  endfacet
  facet normal -1.358681e-13 -5.233596e-02 -9.986295e-01
    outer loop
      vertex   -1.003166e-01 -2.764061e+01 -7.868338e+00
      vertex   2.499759e+00 -2.603746e+01 -7.952355e+00
      vertex   5.175256e-01 -2.824203e+01 -7.836819e+00
    endloop
  endfacet
  facet normal 4.420930e-14 -5.233596e-02 -9.986295e-01
    outer loop
      vertex   5.175256e-01 -2.824203e+01 -7.836819e+00
      vertex   2.499759e+00 -2.603746e+01 -7.952355e+00
      vertex   3.017526e+00 -2.643421e+01 -7.931562e+00
    endloop
  endfacet
  facet normal 3.199518e-14 -5.233596e-02 -9.986295e-01
    outer loop
      vertex   5.175256e-01 -2.824203e+01 -7.836819e+00
      vertex   3.017526e+00 -2.643421e+01 -7.931562e+00
      vertex   3.620478e+00 -2.668362e+01 -7.918491e+00
    endloop
  endfacet
  facet normal 1.173615e-13 -5.233596e-02 -9.986295e-01
    outer loop
      vertex   5.175256e-01 -2.824203e+01 -7.836819e+00
      vertex   3.620478e+00 -2.668362e+01 -7.918491e+00
      vertex   5.175256e-01 -3.048726e+01 -7.719151e+00
    endloop
  endfacet
  facet normal -2.074925e-15 -5.233596e-02 -9.986295e-01
    outer loop
      vertex   5.175256e-01 -3.048726e+01 -7.719151e+00
      vertex   3.620478e+00 -2.668362e+01 -7.918491e+00
      vertex   4.267526e+00 -2.676869e+01 -7.914033e+00
    endloop
  endfacet
  facet normal 5.149221e-16 -5.233596e-02 -9.986295e-01
    outer loop
      vertex   5.175256e-01 -3.048726e+01 -7.719151e+00
      vertex   4.267526e+00 -2.676869e+01 -7.914033e+00
      vertex   8.017526e+00 -3.048726e+01 -7.719151e+00
    endloop
  endfacet
  facet normal 2.685197e-15 -5.233596e-02 -9.986295e-01
    outer loop
      vertex   8.017526e+00 -3.048726e+01 -7.719151e+00
      vertex   4.267526e+00 -2.676869e+01 -7.914033e+00
      vertex   4.914573e+00 -2.668362e+01 -7.918491e+00
    endloop
  endfacet
  facet normal -3.254954e-13 -5.233596e-02 -9.986295e-01
    outer loop
      vertex   8.017526e+00 -3.048726e+01 -7.719151e+00
      vertex   4.914573e+00 -2.668362e+01 -7.918491e+00
      vertex   8.017526e+00 -2.807660e+01 -7.845489e+00
    endloop
  endfacet
  facet normal -9.891267e-14 -5.233596e-02 -9.986295e-01
    outer loop
      vertex   8.017526e+00 -2.807660e+01 -7.845489e+00
      vertex   4.914573e+00 -2.668362e+01 -7.918491e+00
      vertex   5.517526e+00 -2.643421e+01 -7.931562e+00
    endloop
  endfacet
  facet normal -1.373200e-13 -5.233596e-02 -9.986295e-01
    outer loop
      vertex   8.017526e+00 -2.807660e+01 -7.845489e+00
      vertex   5.517526e+00 -2.643421e+01 -7.931562e+00
      vertex   6.035293e+00 -2.603746e+01 -7.952355e+00
    endloop
  endfacet
  facet normal 3.707893e-13 -5.233596e-02 -9.986295e-01
    outer loop
      vertex   8.017526e+00 -2.807660e+01 -7.845489e+00
      vertex   6.035293e+00 -2.603746e+01 -7.952355e+00
      vertex   8.608317e+00 -2.744845e+01 -7.878408e+00
    endloop
  endfacet
  facet normal 1.495090e-15 -5.233596e-02 -9.986295e-01
    outer loop
      vertex   8.608317e+00 -2.744845e+01 -7.878408e+00
      vertex   6.035293e+00 -2.603746e+01 -7.952355e+00
      vertex   6.432589e+00 -2.552040e+01 -7.979453e+00
    endloop
  endfacet
  facet normal 9.230129e-16 -5.233596e-02 -9.986295e-01
    outer loop
      vertex   8.608317e+00 -2.744845e+01 -7.878408e+00
      vertex   6.432589e+00 -2.552040e+01 -7.979453e+00
      vertex   9.098332e+00 -2.673712e+01 -7.915688e+00
    endloop
  endfacet
  facet normal 1.982941e-15 -5.233596e-02 -9.986295e-01
    outer loop
      vertex   9.098332e+00 -2.673712e+01 -7.915688e+00
      vertex   6.432589e+00 -2.552040e+01 -7.979453e+00
      vertex   9.474319e+00 -2.596226e+01 -7.956296e+00
    endloop
  endfacet
  facet normal 1.818114e-15 -5.233596e-02 -9.986295e-01
    outer loop
      vertex   9.474319e+00 -2.596226e+01 -7.956296e+00
      vertex   6.432589e+00 -2.552040e+01 -7.979453e+00
      vertex   6.682340e+00 -2.491828e+01 -8.011009e+00
    endloop
  endfacet
  facet normal -8.907094e-17 -5.233596e-02 -9.986295e-01
    outer loop
      vertex   9.474319e+00 -2.596226e+01 -7.956296e+00
      vertex   6.682340e+00 -2.491828e+01 -8.011009e+00
      vertex   9.729611e+00 -2.513820e+01 -7.999483e+00
    endloop
  endfacet
  facet normal 2.945690e-16 -5.233596e-02 -9.986295e-01
    outer loop
      vertex   9.729611e+00 -2.513820e+01 -7.999483e+00
      vertex   6.682340e+00 -2.491828e+01 -8.011009e+00
      vertex   6.767526e+00 -2.427212e+01 -8.044873e+00
    endloop
  endfacet
  facet normal 3.573758e-16 -5.233596e-02 -9.986295e-01
    outer loop
      vertex   9.729611e+00 -2.513820e+01 -7.999483e+00
      vertex   6.767526e+00 -2.427212e+01 -8.044873e+00
      vertex   9.857607e+00 -2.428538e+01 -8.044178e+00
    endloop
  endfacet
  facet normal 3.639256e-16 -5.233596e-02 -9.986295e-01
    outer loop
      vertex   9.857607e+00 -2.428538e+01 -8.044178e+00
      vertex   6.767526e+00 -2.427212e+01 -8.044873e+00
      vertex   9.855603e+00 -2.342425e+01 -8.089308e+00
    endloop
  endfacet
  facet normal 9.626842e-16 -5.233596e-02 -9.986295e-01
    outer loop
      vertex   9.855603e+00 -2.342425e+01 -8.089308e+00
      vertex   6.767526e+00 -2.427212e+01 -8.044873e+00
      vertex   6.682340e+00 -2.362596e+01 -8.078737e+00
    endloop
  endfacet
  facet normal 9.357662e-16 -5.233596e-02 -9.986295e-01
    outer loop
      vertex   9.855603e+00 -2.342425e+01 -8.089308e+00
      vertex   6.682340e+00 -2.362596e+01 -8.078737e+00
      vertex   9.723388e+00 -2.257098e+01 -8.134025e+00
    endloop
  endfacet
  facet normal 7.460113e-16 -5.233596e-02 -9.986295e-01
    outer loop
      vertex   9.723388e+00 -2.257098e+01 -8.134025e+00
      vertex   6.682340e+00 -2.362596e+01 -8.078737e+00
      vertex   6.432589e+00 -2.302383e+01 -8.110293e+00
    endloop
  endfacet
  facet normal 1.271284e-15 -5.233596e-02 -9.986295e-01
    outer loop
      vertex   9.723388e+00 -2.257098e+01 -8.134025e+00
      vertex   6.432589e+00 -2.302383e+01 -8.110293e+00
      vertex   9.464609e+00 -2.174944e+01 -8.177081e+00
    endloop
  endfacet
  facet normal -4.111896e-16 -5.233596e-02 -9.986295e-01
    outer loop
      vertex   9.464609e+00 -2.174944e+01 -8.177081e+00
      vertex   6.432589e+00 -2.302383e+01 -8.110293e+00
      vertex   9.084532e+00 -2.097544e+01 -8.217644e+00
    endloop
  endfacet
  facet normal 2.283340e-16 -5.233596e-02 -9.986295e-01
    outer loop
      vertex   9.084532e+00 -2.097544e+01 -8.217644e+00
      vertex   6.432589e+00 -2.302383e+01 -8.110293e+00
      vertex   6.035293e+00 -2.250677e+01 -8.137391e+00
    endloop
  endfacet
  facet normal 1.711215e-15 -5.233596e-02 -9.986295e-01
    outer loop
      vertex   9.084532e+00 -2.097544e+01 -8.217644e+00
      vertex   6.035293e+00 -2.250677e+01 -8.137391e+00
      vertex   8.591464e+00 -2.026690e+01 -8.254778e+00
    endloop
  endfacet
  facet normal 2.269526e-15 -5.233596e-02 -9.986295e-01
    outer loop
      vertex   8.591464e+00 -2.026690e+01 -8.254778e+00
      vertex   6.035293e+00 -2.250677e+01 -8.137391e+00
      vertex   5.517526e+00 -2.211002e+01 -8.158184e+00
    endloop
  endfacet
  facet normal -6.138770e-16 -5.233596e-02 -9.986295e-01
    outer loop
      vertex   8.591464e+00 -2.026690e+01 -8.254778e+00
      vertex   5.517526e+00 -2.211002e+01 -8.158184e+00
      vertex   7.998332e+00 -1.964208e+01 -8.287523e+00
    endloop
  endfacet
  facet normal 1.303341e-15 -5.233596e-02 -9.986295e-01
    outer loop
      vertex   7.998332e+00 -1.964208e+01 -8.287523e+00
      vertex   5.517526e+00 -2.211002e+01 -8.158184e+00
      vertex   7.315741e+00 -1.911242e+01 -8.315281e+00
    endloop
  endfacet
  facet normal 4.914670e-17 -5.233596e-02 -9.986295e-01
    outer loop
      vertex   7.315741e+00 -1.911242e+01 -8.315281e+00
      vertex   5.517526e+00 -2.211002e+01 -8.158184e+00
      vertex   4.914573e+00 -2.186061e+01 -8.171255e+00
    endloop
  endfacet
  facet normal -2.149958e-15 -5.233596e-02 -9.986295e-01
    outer loop
      vertex   7.315741e+00 -1.911242e+01 -8.315281e+00
      vertex   4.914573e+00 -2.186061e+01 -8.171255e+00
      vertex   6.562444e+00 -1.869271e+01 -8.337277e+00
    endloop
  endfacet
  facet normal 1.804267e-15 -5.233596e-02 -9.986295e-01
    outer loop
      vertex   6.562444e+00 -1.869271e+01 -8.337277e+00
      vertex   4.914573e+00 -2.186061e+01 -8.171255e+00
      vertex   5.754181e+00 -1.839136e+01 -8.353070e+00
    endloop
  endfacet
  facet normal 1.128218e-15 -5.233596e-02 -9.986295e-01
    outer loop
      vertex   5.754181e+00 -1.839136e+01 -8.353070e+00
      vertex   4.914573e+00 -2.186061e+01 -8.171255e+00
      vertex   4.908076e+00 -1.821524e+01 -8.362301e+00
    endloop
  endfacet
  facet normal -4.231364e-16 -5.233596e-02 -9.986295e-01
    outer loop
      vertex   4.908076e+00 -1.821524e+01 -8.362301e+00
      vertex   4.914573e+00 -2.186061e+01 -8.171255e+00
      vertex   4.267526e+00 -2.177554e+01 -8.175713e+00
    endloop
  endfacet
  facet normal 7.171593e-16 -5.233596e-02 -9.986295e-01
    outer loop
      vertex   4.908076e+00 -1.821524e+01 -8.362301e+00
      vertex   4.267526e+00 -2.177554e+01 -8.175713e+00
      vertex   4.047270e+00 -1.816901e+01 -8.364723e+00
    endloop
  endfacet
  facet normal -6.329337e-17 -5.233596e-02 -9.986295e-01
    outer loop
      vertex   4.047270e+00 -1.816901e+01 -8.364723e+00
      vertex   4.267526e+00 -2.177554e+01 -8.175713e+00
      vertex   3.187280e+00 -1.825350e+01 -8.360295e+00
    endloop
  endfacet
  facet normal 1.262638e-15 -5.233596e-02 -9.986295e-01
    outer loop
      vertex   3.187280e+00 -1.825350e+01 -8.360295e+00
      vertex   4.267526e+00 -2.177554e+01 -8.175713e+00
      vertex   3.620478e+00 -2.186061e+01 -8.171255e+00
    endloop
  endfacet
  facet normal 1.589489e-15 -5.233596e-02 -9.986295e-01
    outer loop
      vertex   3.187280e+00 -1.825350e+01 -8.360295e+00
      vertex   3.620478e+00 -2.186061e+01 -8.171255e+00
      vertex   2.351154e+00 -1.846662e+01 -8.349126e+00
    endloop
  endfacet
  facet normal -6.792652e-16 -5.233596e-02 -9.986295e-01
    outer loop
      vertex   2.351154e+00 -1.846662e+01 -8.349126e+00
      vertex   3.620478e+00 -2.186061e+01 -8.171255e+00
      vertex   1.557305e+00 -1.880324e+01 -8.331485e+00
    endloop
  endfacet
  facet normal 4.701825e-17 -5.233596e-02 -9.986295e-01
    outer loop
      vertex   1.557305e+00 -1.880324e+01 -8.331485e+00
      vertex   3.620478e+00 -2.186061e+01 -8.171255e+00
      vertex   3.017526e+00 -2.211002e+01 -8.158184e+00
    endloop
  endfacet
  facet normal -7.792234e-16 -5.233596e-02 -9.986295e-01
    outer loop
      vertex   1.557305e+00 -1.880324e+01 -8.331485e+00
      vertex   3.017526e+00 -2.211002e+01 -8.158184e+00
      vertex   8.217742e-01 -1.925688e+01 -8.307710e+00
    endloop
  endfacet
  facet normal -2.325761e-16 -5.233596e-02 -9.986295e-01
    outer loop
      vertex   8.217742e-01 -1.925688e+01 -8.307710e+00
      vertex   3.017526e+00 -2.211002e+01 -8.158184e+00
      vertex   1.650643e-01 -1.981473e+01 -8.278475e+00
    endloop
  endfacet
  facet normal -1.768075e-15 -5.233596e-02 -9.986295e-01
    outer loop
      vertex   1.650643e-01 -1.981473e+01 -8.278475e+00
      vertex   3.017526e+00 -2.211002e+01 -8.158184e+00
      vertex   2.499759e+00 -2.250677e+01 -8.137391e+00
    endloop
  endfacet
  facet normal -5.188537e-16 -5.233596e-02 -9.986295e-01
    outer loop
      vertex   1.650643e-01 -1.981473e+01 -8.278475e+00
      vertex   2.499759e+00 -2.250677e+01 -8.137391e+00
      vertex   -4.009212e-01 -2.046634e+01 -8.244325e+00
    endloop
  endfacet
  facet normal 1.641909e-15 -5.233596e-02 -9.986295e-01
    outer loop
      vertex   -4.009212e-01 -2.046634e+01 -8.244325e+00
      vertex   2.499759e+00 -2.250677e+01 -8.137391e+00
      vertex   -8.618133e-01 -2.119551e+01 -8.206111e+00
    endloop
  endfacet
  facet normal 5.398522e-16 -5.233596e-02 -9.986295e-01
    outer loop
      vertex   -8.618133e-01 -2.119551e+01 -8.206111e+00
      vertex   2.499759e+00 -2.250677e+01 -8.137391e+00
      vertex   2.102462e+00 -2.302383e+01 -8.110293e+00
    endloop
  endfacet
  facet normal -6.158955e-16 -5.233596e-02 -9.986295e-01
    outer loop
      vertex   -8.618133e-01 -2.119551e+01 -8.206111e+00
      vertex   2.102462e+00 -2.302383e+01 -8.110293e+00
      vertex   -1.206975e+00 -2.198464e+01 -8.164755e+00
    endloop
  endfacet
  facet normal 3.199732e-16 -5.233596e-02 -9.986295e-01
    outer loop
      vertex   -1.206975e+00 -2.198464e+01 -8.164755e+00
      vertex   2.102462e+00 -2.302383e+01 -8.110293e+00
      vertex   1.852711e+00 -2.362596e+01 -8.078737e+00
    endloop
  endfacet
  facet normal 8.073399e-17 -5.233596e-02 -9.986295e-01
    outer loop
      vertex   -1.206975e+00 -2.198464e+01 -8.164755e+00
      vertex   1.852711e+00 -2.362596e+01 -8.078737e+00
      vertex   -1.429716e+00 -2.281891e+01 -8.121032e+00
    endloop
  endfacet
  facet normal 9.123982e-17 -5.233596e-02 -9.986295e-01
    outer loop
      vertex   -1.429716e+00 -2.281891e+01 -8.121032e+00
      vertex   1.852711e+00 -2.362596e+01 -8.078737e+00
      vertex   -1.523822e+00 -2.367500e+01 -8.076167e+00
    endloop
  endfacet
  facet normal 3.008090e-16 -5.233596e-02 -9.986295e-01
    outer loop
      vertex   -1.523822e+00 -2.367500e+01 -8.076167e+00
      vertex   1.852711e+00 -2.362596e+01 -8.078737e+00
      vertex   1.767526e+00 -2.427212e+01 -8.044873e+00
    endloop
  endfacet
  facet normal 1.373159e-15 -5.233596e-02 -9.986295e-01
    outer loop
      vertex   -7.640911e+01 -1.696668e+01 -8.427735e+00
      vertex   -7.818462e+01 -1.660553e+01 -8.446662e+00
      vertex   -7.649430e+01 -1.632052e+01 -8.461598e+00
    endloop
  endfacet
  facet normal 1.331086e-15 -5.233596e-02 -9.986295e-01
    outer loop
      vertex   -7.649430e+01 -1.632052e+01 -8.461598e+00
      vertex   -7.818462e+01 -1.660553e+01 -8.446662e+00
      vertex   -7.812716e+01 -1.557258e+01 -8.500796e+00
    endloop
  endfacet
  facet normal 1.068386e-15 -5.233596e-02 -9.986295e-01
    outer loop
      vertex   -7.649430e+01 -1.632052e+01 -8.461598e+00
      vertex   -7.812716e+01 -1.557258e+01 -8.500796e+00
      vertex   -7.640911e+01 -1.567436e+01 -8.495462e+00
    endloop
  endfacet
  facet normal 1.035063e-15 -5.233596e-02 -9.986295e-01
    outer loop
      vertex   -7.640911e+01 -1.567436e+01 -8.495462e+00
      vertex   -7.812716e+01 -1.557258e+01 -8.500796e+00
      vertex   -7.781896e+01 -1.458502e+01 -8.552552e+00
    endloop
  endfacet
  facet normal -1.359952e-16 -5.233596e-02 -9.986295e-01
    outer loop
      vertex   -7.640911e+01 -1.567436e+01 -8.495462e+00
      vertex   -7.781896e+01 -1.458502e+01 -8.552552e+00
      vertex   -7.615936e+01 -1.507223e+01 -8.527018e+00
    endloop
  endfacet
  facet normal 6.337986e-16 -5.233596e-02 -9.986295e-01
    outer loop
      vertex   -7.615936e+01 -1.507223e+01 -8.527018e+00
      vertex   -7.781896e+01 -1.458502e+01 -8.552552e+00
      vertex   -7.727870e+01 -1.370275e+01 -8.598790e+00
    endloop
  endfacet
  facet normal -1.604522e-16 -5.233596e-02 -9.986295e-01
    outer loop
      vertex   -7.615936e+01 -1.507223e+01 -8.527018e+00
      vertex   -7.727870e+01 -1.370275e+01 -8.598790e+00
      vertex   -7.576207e+01 -1.455518e+01 -8.554116e+00
    endloop
  endfacet
  facet normal -9.786879e-16 -5.233596e-02 -9.986295e-01
    outer loop
      vertex   -7.576207e+01 -1.455518e+01 -8.554116e+00
      vertex   -7.727870e+01 -1.370275e+01 -8.598790e+00
      vertex   -7.653916e+01 -1.297931e+01 -8.636704e+00
    endloop
  endfacet
  facet normal 3.013996e-15 -5.233596e-02 -9.986295e-01
    outer loop
      vertex   -7.576207e+01 -1.455518e+01 -8.554116e+00
      vertex   -7.653916e+01 -1.297931e+01 -8.636704e+00
      vertex   -7.524430e+01 -1.415843e+01 -8.574909e+00
    endloop
  endfacet
  facet normal 1.347137e-15 -5.233596e-02 -9.986295e-01
    outer loop
      vertex   -7.524430e+01 -1.415843e+01 -8.574909e+00
      vertex   -7.653916e+01 -1.297931e+01 -8.636704e+00
      vertex   -7.564522e+01 -1.245860e+01 -8.663993e+00
    endloop
  endfacet
  facet normal 7.361144e-16 -5.233596e-02 -9.986295e-01
    outer loop
      vertex   -7.524430e+01 -1.415843e+01 -8.574909e+00
      vertex   -7.564522e+01 -1.245860e+01 -8.663993e+00
      vertex   -7.464135e+01 -1.390902e+01 -8.587980e+00
    endloop
  endfacet
  facet normal 2.115619e-15 -5.233596e-02 -9.986295e-01
    outer loop
      vertex   -7.464135e+01 -1.390902e+01 -8.587980e+00
      vertex   -7.564522e+01 -1.245860e+01 -8.663993e+00
      vertex   -7.465111e+01 -1.217220e+01 -8.679003e+00
    endloop
  endfacet
  facet normal -1.879242e-15 -5.233596e-02 -9.986295e-01
    outer loop
      vertex   -7.464135e+01 -1.390902e+01 -8.587980e+00
      vertex   -7.465111e+01 -1.217220e+01 -8.679003e+00
      vertex   -7.399430e+01 -1.382395e+01 -8.592438e+00
    endloop
  endfacet
  facet normal -3.523473e-16 -5.233596e-02 -9.986295e-01
    outer loop
      vertex   -7.399430e+01 -1.382395e+01 -8.592438e+00
      vertex   -7.465111e+01 -1.217220e+01 -8.679003e+00
      vertex   -7.361715e+01 -1.213749e+01 -8.680822e+00
    endloop
  endfacet
  facet normal 1.893810e-15 -5.233596e-02 -9.986295e-01
    outer loop
      vertex   -7.399430e+01 -1.382395e+01 -8.592438e+00
      vertex   -7.361715e+01 -1.213749e+01 -8.680822e+00
      vertex   -7.334725e+01 -1.390902e+01 -8.587980e+00
    endloop
  endfacet
  facet normal 1.600305e-17 -5.233596e-02 -9.986295e-01
    outer loop
      vertex   -7.334725e+01 -1.390902e+01 -8.587980e+00
      vertex   -7.361715e+01 -1.213749e+01 -8.680822e+00
      vertex   -7.260608e+01 -1.235658e+01 -8.669340e+00
    endloop
  endfacet
  facet normal -6.089247e-16 -5.233596e-02 -9.986295e-01
    outer loop
      vertex   -7.334725e+01 -1.390902e+01 -8.587980e+00
      vertex   -7.260608e+01 -1.235658e+01 -8.669340e+00
      vertex   -7.274430e+01 -1.415843e+01 -8.574909e+00
    endloop
  endfacet
  facet normal 1.598876e-16 -5.233596e-02 -9.986295e-01
    outer loop
      vertex   -7.274430e+01 -1.415843e+01 -8.574909e+00
      vertex   -7.260608e+01 -1.235658e+01 -8.669340e+00
      vertex   -7.167923e+01 -1.281617e+01 -8.645254e+00
    endloop
  endfacet
  facet normal 2.092689e-15 -5.233596e-02 -9.986295e-01
    outer loop
      vertex   -7.274430e+01 -1.415843e+01 -8.574909e+00
      vertex   -7.167923e+01 -1.281617e+01 -8.645254e+00
      vertex   -7.222653e+01 -1.455518e+01 -8.554116e+00
    endloop
  endfacet
  facet normal 3.673456e-16 -5.233596e-02 -9.986295e-01
    outer loop
      vertex   -7.222653e+01 -1.455518e+01 -8.554116e+00
      vertex   -7.167923e+01 -1.281617e+01 -8.645254e+00
      vertex   -7.089284e+01 -1.348839e+01 -8.610024e+00
    endloop
  endfacet
  facet normal -8.495443e-16 -5.233596e-02 -9.986295e-01
    outer loop
      vertex   -7.222653e+01 -1.455518e+01 -8.554116e+00
      vertex   -7.089284e+01 -1.348839e+01 -8.610024e+00
      vertex   -7.029463e+01 -1.433244e+01 -8.565789e+00
    endloop
  endfacet
  facet normal 9.700683e-16 -5.233596e-02 -9.986295e-01
    outer loop
      vertex   -7.818462e+01 -1.660553e+01 -8.446662e+00
      vertex   -7.640911e+01 -1.696668e+01 -8.427735e+00
      vertex   -7.798783e+01 -1.762118e+01 -8.393434e+00
    endloop
  endfacet
  facet normal 1.652190e-17 -5.233596e-02 -9.986295e-01
    outer loop
      vertex   -7.798783e+01 -1.762118e+01 -8.393434e+00
      vertex   -7.640911e+01 -1.696668e+01 -8.427735e+00
      vertex   -7.615936e+01 -1.756881e+01 -8.396178e+00
    endloop
  endfacet
  facet normal 3.598349e-15 -5.233596e-02 -9.986295e-01
    outer loop
      vertex   -7.798783e+01 -1.762118e+01 -8.393434e+00
      vertex   -7.615936e+01 -1.756881e+01 -8.396178e+00
      vertex   -7.754874e+01 -1.855792e+01 -8.344342e+00
    endloop
  endfacet
  facet normal -5.498388e-14 -5.233596e-02 -9.986295e-01
    outer loop
      vertex   -7.754874e+01 -1.855792e+01 -8.344342e+00
      vertex   -7.615936e+01 -1.756881e+01 -8.396178e+00
      vertex   -7.576207e+01 -1.808587e+01 -8.369081e+00
    endloop
  endfacet
  facet normal -1.006106e-13 -5.233596e-02 -9.986295e-01
    outer loop
      vertex   -7.754874e+01 -1.855792e+01 -8.344342e+00
      vertex   -7.576207e+01 -1.808587e+01 -8.369081e+00
      vertex   -7.777334e+01 -1.959440e+01 -8.290022e+00
    endloop
  endfacet
  facet normal 6.582517e-16 -5.233596e-02 -9.986295e-01
    outer loop
      vertex   -7.777334e+01 -1.959440e+01 -8.290022e+00
      vertex   -7.576207e+01 -1.808587e+01 -8.369081e+00
      vertex   -7.524430e+01 -1.848262e+01 -8.348288e+00
    endloop
  endfacet
  facet normal -7.217898e-13 -5.233596e-02 -9.986295e-01
    outer loop
      vertex   -7.777334e+01 -1.959440e+01 -8.290022e+00
      vertex   -7.524430e+01 -1.848262e+01 -8.348288e+00
      vertex   -7.777362e+01 -1.959569e+01 -8.289954e+00
    endloop
  endfacet
  facet normal -4.683596e-16 -5.233596e-02 -9.986295e-01
    outer loop
      vertex   -7.777362e+01 -1.959569e+01 -8.289954e+00
      vertex   -7.524430e+01 -1.848262e+01 -8.348288e+00
      vertex   -7.464135e+01 -1.873203e+01 -8.335217e+00
    endloop
  endfacet
  facet normal 2.727492e-16 -5.233596e-02 -9.986295e-01
    outer loop
      vertex   -7.777362e+01 -1.959569e+01 -8.289954e+00
      vertex   -7.464135e+01 -1.873203e+01 -8.335217e+00
      vertex   -7.190970e+01 -2.086633e+01 -8.223362e+00
    endloop
  endfacet
  facet normal 1.858099e-15 -5.233596e-02 -9.986295e-01
    outer loop
      vertex   -7.190970e+01 -2.086633e+01 -8.223362e+00
      vertex   -7.464135e+01 -1.873203e+01 -8.335217e+00
      vertex   -7.399430e+01 -1.881710e+01 -8.330758e+00
    endloop
  endfacet
  facet normal -1.298577e-12 -5.233596e-02 -9.986295e-01
    outer loop
      vertex   -7.190970e+01 -2.086633e+01 -8.223362e+00
      vertex   -7.399430e+01 -1.881710e+01 -8.330758e+00
      vertex   -7.190946e+01 -2.086520e+01 -8.223422e+00
    endloop
  endfacet
  facet normal -1.512631e-15 -5.233596e-02 -9.986295e-01
    outer loop
      vertex   -7.190946e+01 -2.086520e+01 -8.223422e+00
      vertex   -7.399430e+01 -1.881710e+01 -8.330758e+00
      vertex   -7.334725e+01 -1.873203e+01 -8.335217e+00
    endloop
  endfacet
  facet normal 1.969300e-13 -5.233596e-02 -9.986295e-01
    outer loop
      vertex   -7.190946e+01 -2.086520e+01 -8.223422e+00
      vertex   -7.334725e+01 -1.873203e+01 -8.335217e+00
      vertex   -7.168483e+01 -1.982856e+01 -8.277750e+00
    endloop
  endfacet
  facet normal 4.298894e-14 -5.233596e-02 -9.986295e-01
    outer loop
      vertex   -7.168483e+01 -1.982856e+01 -8.277750e+00
      vertex   -7.334725e+01 -1.873203e+01 -8.335217e+00
      vertex   -7.274430e+01 -1.848262e+01 -8.348288e+00
    endloop
  endfacet
  facet normal 6.713345e-14 -5.233596e-02 -9.986295e-01
    outer loop
      vertex   -7.168483e+01 -1.982856e+01 -8.277750e+00
      vertex   -7.274430e+01 -1.848262e+01 -8.348288e+00
      vertex   -7.222653e+01 -1.808587e+01 -8.369081e+00
    endloop
  endfacet
  facet normal -1.260932e-15 -5.233596e-02 -9.986295e-01
    outer loop
      vertex   -7.182923e+01 -1.756881e+01 -8.396178e+00
      vertex   -7.029781e+01 -1.831451e+01 -8.357098e+00
      vertex   -7.222653e+01 -1.808587e+01 -8.369081e+00
    endloop
  endfacet
  facet normal -9.127566e-16 -5.233596e-02 -9.986295e-01
    outer loop
      vertex   -7.222653e+01 -1.808587e+01 -8.369081e+00
      vertex   -7.029781e+01 -1.831451e+01 -8.357098e+00
      vertex   -7.089737e+01 -1.915761e+01 -8.312913e+00
    endloop
  endfacet
  facet normal -1.142867e-13 -5.233596e-02 -9.986295e-01
    outer loop
      vertex   -7.222653e+01 -1.808587e+01 -8.369081e+00
      vertex   -7.089737e+01 -1.915761e+01 -8.312913e+00
      vertex   -7.168483e+01 -1.982856e+01 -8.277750e+00
    endloop
  endfacet
  facet normal 2.012231e-16 -5.233596e-02 -9.986295e-01
    outer loop
      vertex   -7.029781e+01 -1.831451e+01 -8.357098e+00
      vertex   -7.182923e+01 -1.756881e+01 -8.396178e+00
      vertex   -6.992253e+01 -1.735044e+01 -8.407623e+00
    endloop
  endfacet
  facet normal 1.370306e-16 -5.233596e-02 -9.986295e-01
    outer loop
      vertex   -6.992253e+01 -1.735044e+01 -8.407623e+00
      vertex   -7.182923e+01 -1.756881e+01 -8.396178e+00
      vertex   -7.157948e+01 -1.696668e+01 -8.427735e+00
    endloop
  endfacet
  facet normal 1.009610e-16 -5.233596e-02 -9.986295e-01
    outer loop
      vertex   -6.992253e+01 -1.735044e+01 -8.407623e+00
      vertex   -7.157948e+01 -1.696668e+01 -8.427735e+00
      vertex   -6.979430e+01 -1.632388e+01 -8.461423e+00
    endloop
  endfacet
  facet normal 3.262536e-16 -5.233596e-02 -9.986295e-01
    outer loop
      vertex   -6.979430e+01 -1.632388e+01 -8.461423e+00
      vertex   -7.157948e+01 -1.696668e+01 -8.427735e+00
      vertex   -7.149430e+01 -1.632052e+01 -8.461598e+00
    endloop
  endfacet
  facet normal 3.258565e-16 -5.233596e-02 -9.986295e-01
    outer loop
      vertex   -6.979430e+01 -1.632388e+01 -8.461423e+00
      vertex   -7.149430e+01 -1.632052e+01 -8.461598e+00
      vertex   -7.157948e+01 -1.567436e+01 -8.495462e+00
    endloop
  endfacet
  facet normal 1.741506e-16 -5.233596e-02 -9.986295e-01
    outer loop
      vertex   -6.979430e+01 -1.632388e+01 -8.461423e+00
      vertex   -7.157948e+01 -1.567436e+01 -8.495462e+00
      vertex   -6.992089e+01 -1.529711e+01 -8.515233e+00
    endloop
  endfacet
  facet normal -1.466210e-16 -5.233596e-02 -9.986295e-01
    outer loop
      vertex   -6.992089e+01 -1.529711e+01 -8.515233e+00
      vertex   -7.157948e+01 -1.567436e+01 -8.495462e+00
      vertex   -7.182923e+01 -1.507223e+01 -8.527018e+00
    endloop
  endfacet
  facet normal -4.289254e-16 -5.233596e-02 -9.986295e-01
    outer loop
      vertex   -6.992089e+01 -1.529711e+01 -8.515233e+00
      vertex   -7.182923e+01 -1.507223e+01 -8.527018e+00
      vertex   -7.029463e+01 -1.433244e+01 -8.565789e+00
    endloop
  endfacet
  facet normal -7.599155e-16 -5.233596e-02 -9.986295e-01
    outer loop
      vertex   -7.029463e+01 -1.433244e+01 -8.565789e+00
      vertex   -7.182923e+01 -1.507223e+01 -8.527018e+00
      vertex   -7.222653e+01 -1.455518e+01 -8.554116e+00
    endloop
  endfacet
  facet normal 5.192547e-16 -5.233596e-02 -9.986295e-01
    outer loop
      vertex   3.032979e+01 -3.048726e+01 -7.719151e+00
      vertex   3.032979e+01 -1.374935e+02 -2.111194e+00
      vertex   8.017526e+00 -3.048726e+01 -7.719151e+00
    endloop
  endfacet
  facet normal 3.737276e-16 -5.233596e-02 -9.986295e-01
    outer loop
      vertex   8.017526e+00 -3.048726e+01 -7.719151e+00
      vertex   3.032979e+01 -1.374935e+02 -2.111194e+00
      vertex   4.884478e+00 -1.379961e+02 -2.084851e+00
    endloop
  endfacet
  facet normal -4.877444e-15 -5.233596e-02 -9.986295e-01
    outer loop
      vertex   8.017526e+00 -3.048726e+01 -7.719151e+00
      vertex   4.884478e+00 -1.379961e+02 -2.084851e+00
      vertex   4.237430e+00 -1.379109e+02 -2.089315e+00
    endloop
  endfacet
  facet normal -1.343881e-16 -5.233596e-02 -9.986295e-01
    outer loop
      vertex   3.362979e+01 -1.374935e+02 -2.111194e+00
      vertex   3.032979e+01 -1.418935e+02 -1.880600e+00
      vertex   3.032979e+01 -1.374935e+02 -2.111194e+00
    endloop
  endfacet
  facet normal 3.257545e-16 -5.233596e-02 -9.986295e-01
    outer loop
      vertex   3.032979e+01 -1.374935e+02 -2.111194e+00
      vertex   3.032979e+01 -1.418935e+02 -1.880600e+00
      vertex   6.737430e+00 -1.404109e+02 -1.958296e+00
    endloop
  endfacet
  facet normal 4.002041e-16 -5.233596e-02 -9.986295e-01
    outer loop
      vertex   3.032979e+01 -1.374935e+02 -2.111194e+00
      vertex   6.737430e+00 -1.404109e+02 -1.958296e+00
      vertex   6.652245e+00 -1.397639e+02 -1.992206e+00
    endloop
  endfacet
  facet normal 8.262083e-16 -5.233596e-02 -9.986295e-01
    outer loop
      vertex   3.362979e+01 -1.370324e+02 -2.135357e+00
      vertex   3.631362e+01 -1.370324e+02 -2.135357e+00
      vertex   3.362979e+01 -1.374935e+02 -2.111194e+00
    endloop
  endfacet
  facet normal 1.348547e-15 -5.233596e-02 -9.986295e-01
    outer loop
      vertex   3.362979e+01 -1.374935e+02 -2.111194e+00
      vertex   3.631362e+01 -1.370324e+02 -2.135357e+00
      vertex   3.631362e+01 -1.422324e+02 -1.862837e+00
    endloop
  endfacet
  facet normal 3.192168e-16 -5.233596e-02 -9.986295e-01
    outer loop
      vertex   3.362979e+01 -1.374935e+02 -2.111194e+00
      vertex   3.631362e+01 -1.422324e+02 -1.862837e+00
      vertex   3.362979e+01 -1.418935e+02 -1.880600e+00
    endloop
  endfacet
  facet normal 5.257831e-16 -5.233596e-02 -9.986295e-01
    outer loop
      vertex   3.362979e+01 -1.418935e+02 -1.880600e+00
      vertex   3.631362e+01 -1.422324e+02 -1.862837e+00
      vertex   3.362979e+01 -1.424324e+02 -1.852355e+00
    endloop
  endfacet
  facet normal 7.881228e-16 -5.233596e-02 -9.986295e-01
    outer loop
      vertex   3.362979e+01 -1.424324e+02 -1.852355e+00
      vertex   3.631362e+01 -1.422324e+02 -1.862837e+00
      vertex   3.627273e+01 -1.425430e+02 -1.846560e+00
    endloop
  endfacet
  facet normal 8.921422e-16 -5.233596e-02 -9.986295e-01
    outer loop
      vertex   3.362979e+01 -1.424324e+02 -1.852355e+00
      vertex   3.627273e+01 -1.425430e+02 -1.846560e+00
      vertex   3.615285e+01 -1.428324e+02 -1.831392e+00
    endloop
  endfacet
  facet normal -9.866312e-16 -5.233596e-02 -9.986295e-01
    outer loop
      vertex   3.366386e+01 -1.367736e+02 -2.148921e+00
      vertex   3.462979e+01 -1.360324e+02 -2.187765e+00
      vertex   3.362979e+01 -1.370324e+02 -2.135357e+00
    endloop
  endfacet
  facet normal 0.000000e+00 -5.233596e-02 -9.986295e-01
    outer loop
      vertex   3.362979e+01 -1.370324e+02 -2.135357e+00
      vertex   3.462979e+01 -1.360324e+02 -2.187765e+00
      vertex   3.531362e+01 -1.360324e+02 -2.187765e+00
    endloop
  endfacet
  facet normal 8.262083e-16 -5.233596e-02 -9.986295e-01
    outer loop
      vertex   3.362979e+01 -1.370324e+02 -2.135357e+00
      vertex   3.531362e+01 -1.360324e+02 -2.187765e+00
      vertex   3.631362e+01 -1.370324e+02 -2.135357e+00
    endloop
  endfacet
  facet normal -2.374081e-15 -5.233596e-02 -9.986295e-01
    outer loop
      vertex   3.631362e+01 -1.370324e+02 -2.135357e+00
      vertex   3.531362e+01 -1.360324e+02 -2.187765e+00
      vertex   3.627954e+01 -1.367736e+02 -2.148921e+00
    endloop
  endfacet
  facet normal 2.038457e-15 -5.233596e-02 -9.986295e-01
    outer loop
      vertex   3.627954e+01 -1.367736e+02 -2.148921e+00
      vertex   3.531362e+01 -1.360324e+02 -2.187765e+00
      vertex   3.617964e+01 -1.365324e+02 -2.161561e+00
    endloop
  endfacet
  facet normal -4.855404e-15 -5.233596e-02 -9.986295e-01
    outer loop
      vertex   3.617964e+01 -1.365324e+02 -2.161561e+00
      vertex   3.531362e+01 -1.360324e+02 -2.187765e+00
      vertex   3.602073e+01 -1.363253e+02 -2.172415e+00
    endloop
  endfacet
  facet normal 5.460454e-15 -5.233596e-02 -9.986295e-01
    outer loop
      vertex   3.602073e+01 -1.363253e+02 -2.172415e+00
      vertex   3.531362e+01 -1.360324e+02 -2.187765e+00
      vertex   3.581362e+01 -1.361664e+02 -2.180744e+00
    endloop
  endfacet
  facet normal -8.225606e-16 -5.233596e-02 -9.986295e-01
    outer loop
      vertex   3.581362e+01 -1.361664e+02 -2.180744e+00
      vertex   3.531362e+01 -1.360324e+02 -2.187765e+00
      vertex   3.557244e+01 -1.360665e+02 -2.185979e+00
    endloop
  endfacet
  facet normal 4.175021e-15 -5.233596e-02 -9.986295e-01
    outer loop
      vertex   3.366386e+01 -1.367736e+02 -2.148921e+00
      vertex   3.376376e+01 -1.365324e+02 -2.161561e+00
      vertex   3.462979e+01 -1.360324e+02 -2.187765e+00
    endloop
  endfacet
  facet normal 1.413269e-15 -5.233596e-02 -9.986295e-01
    outer loop
      vertex   3.462979e+01 -1.360324e+02 -2.187765e+00
      vertex   3.376376e+01 -1.365324e+02 -2.161561e+00
      vertex   3.392268e+01 -1.363253e+02 -2.172415e+00
    endloop
  endfacet
  facet normal 1.817360e-15 -5.233596e-02 -9.986295e-01
    outer loop
      vertex   3.462979e+01 -1.360324e+02 -2.187765e+00
      vertex   3.392268e+01 -1.363253e+02 -2.172415e+00
      vertex   3.412979e+01 -1.361664e+02 -2.180744e+00
    endloop
  endfacet
  facet normal -2.050263e-15 -5.233596e-02 -9.986295e-01
    outer loop
      vertex   3.412979e+01 -1.361664e+02 -2.180744e+00
      vertex   3.437097e+01 -1.360665e+02 -2.185979e+00
      vertex   3.462979e+01 -1.360324e+02 -2.187765e+00
    endloop
  endfacet
  facet normal 1.002463e-15 -5.233596e-02 -9.986295e-01
    outer loop
      vertex   3.615285e+01 -1.428324e+02 -1.831392e+00
      vertex   3.596215e+01 -1.430809e+02 -1.818367e+00
      vertex   3.362979e+01 -1.424324e+02 -1.852355e+00
    endloop
  endfacet
  facet normal 3.373417e-16 -5.233596e-02 -9.986295e-01
    outer loop
      vertex   3.362979e+01 -1.424324e+02 -1.852355e+00
      vertex   3.596215e+01 -1.430809e+02 -1.818367e+00
      vertex   3.571362e+01 -1.432716e+02 -1.808373e+00
    endloop
  endfacet
  facet normal 1.125132e-15 -5.233596e-02 -9.986295e-01
    outer loop
      vertex   3.362979e+01 -1.424324e+02 -1.852355e+00
      vertex   3.571362e+01 -1.432716e+02 -1.808373e+00
      vertex   3.542420e+01 -1.433915e+02 -1.802090e+00
    endloop
  endfacet
  facet normal -3.056352e-16 -5.233596e-02 -9.986295e-01
    outer loop
      vertex   3.542420e+01 -1.433915e+02 -1.802090e+00
      vertex   3.511362e+01 -1.434324e+02 -1.799948e+00
      vertex   3.362979e+01 -1.424324e+02 -1.852355e+00
    endloop
  endfacet
  facet normal -7.877060e-16 -5.233596e-02 -9.986295e-01
    outer loop
      vertex   3.362979e+01 -1.424324e+02 -1.852355e+00
      vertex   3.511362e+01 -1.434324e+02 -1.799948e+00
      vertex   3.462979e+01 -1.434324e+02 -1.799948e+00
    endloop
  endfacet
  facet normal -2.266169e-15 -5.233596e-02 -9.986295e-01
    outer loop
      vertex   3.362979e+01 -1.424324e+02 -1.852355e+00
      vertex   3.462979e+01 -1.434324e+02 -1.799948e+00
      vertex   3.366386e+01 -1.426912e+02 -1.838791e+00
    endloop
  endfacet
  facet normal 3.150342e-15 -5.233596e-02 -9.986295e-01
    outer loop
      vertex   3.366386e+01 -1.426912e+02 -1.838791e+00
      vertex   3.462979e+01 -1.434324e+02 -1.799948e+00
      vertex   3.376376e+01 -1.429324e+02 -1.826151e+00
    endloop
  endfacet
  facet normal 2.991276e-15 -5.233596e-02 -9.986295e-01
    outer loop
      vertex   3.376376e+01 -1.429324e+02 -1.826151e+00
      vertex   3.462979e+01 -1.434324e+02 -1.799948e+00
      vertex   3.392268e+01 -1.431395e+02 -1.815297e+00
    endloop
  endfacet
  facet normal 5.686577e-15 -5.233596e-02 -9.986295e-01
    outer loop
      vertex   3.392268e+01 -1.431395e+02 -1.815297e+00
      vertex   3.462979e+01 -1.434324e+02 -1.799948e+00
      vertex   3.412979e+01 -1.432984e+02 -1.806969e+00
    endloop
  endfacet
  facet normal 4.567053e-15 -5.233596e-02 -9.986295e-01
    outer loop
      vertex   3.412979e+01 -1.432984e+02 -1.806969e+00
      vertex   3.462979e+01 -1.434324e+02 -1.799948e+00
      vertex   3.437097e+01 -1.433983e+02 -1.801733e+00
    endloop
  endfacet
  facet normal 3.835567e-16 -5.233596e-02 -9.986295e-01
    outer loop
      vertex   3.362979e+01 -1.418935e+02 -1.880600e+00
      vertex   3.032979e+01 -1.418935e+02 -1.880600e+00
      vertex   3.362979e+01 -1.374935e+02 -2.111194e+00
    endloop
  endfacet
  facet normal 3.185149e-16 -5.233596e-02 -9.986295e-01
    outer loop
      vertex   3.032979e+01 -1.509109e+02 -1.408014e+00
      vertex   1.115660e+01 -1.509109e+02 -1.408014e+00
      vertex   3.032979e+01 -1.418935e+02 -1.880600e+00
    endloop
  endfacet
  facet normal 3.110715e-16 -5.233596e-02 -9.986295e-01
    outer loop
      vertex   3.032979e+01 -1.418935e+02 -1.880600e+00
      vertex   1.115660e+01 -1.509109e+02 -1.408014e+00
      vertex   6.652245e+00 -1.410580e+02 -1.924385e+00
    endloop
  endfacet
  facet normal 3.025368e-16 -5.233596e-02 -9.986295e-01
    outer loop
      vertex   3.032979e+01 -1.418935e+02 -1.880600e+00
      vertex   6.652245e+00 -1.410580e+02 -1.924385e+00
      vertex   6.737430e+00 -1.404109e+02 -1.958296e+00
    endloop
  endfacet
  facet normal 9.577968e-16 -5.233596e-02 -9.986295e-01
    outer loop
      vertex   1.115660e+01 -1.542109e+02 -1.235068e+00
      vertex   5.407545e+00 -1.542109e+02 -1.235068e+00
      vertex   1.115660e+01 -1.509109e+02 -1.408014e+00
    endloop
  endfacet
  facet normal -2.785755e-15 -5.233596e-02 -9.986295e-01
    outer loop
      vertex   1.115660e+01 -1.509109e+02 -1.408014e+00
      vertex   5.407545e+00 -1.542109e+02 -1.235068e+00
      vertex   4.968280e+00 -1.541100e+02 -1.240357e+00
    endloop
  endfacet
  facet normal 5.409165e-16 -5.233596e-02 -9.986295e-01
    outer loop
      vertex   1.115660e+01 -1.509109e+02 -1.408014e+00
      vertex   4.968280e+00 -1.541100e+02 -1.240357e+00
      vertex   4.884478e+00 -1.428257e+02 -1.831741e+00
    endloop
  endfacet
  facet normal -5.612835e-16 -5.233596e-02 -9.986295e-01
    outer loop
      vertex   4.884478e+00 -1.428257e+02 -1.831741e+00
      vertex   4.968280e+00 -1.541100e+02 -1.240357e+00
      vertex   4.237430e+00 -1.429109e+02 -1.827276e+00
    endloop
  endfacet
  facet normal 5.710117e-16 -5.233596e-02 -9.986295e-01
    outer loop
      vertex   4.237430e+00 -1.429109e+02 -1.827276e+00
      vertex   4.968280e+00 -1.541100e+02 -1.240357e+00
      vertex   3.590383e+00 -1.428257e+02 -1.831741e+00
    endloop
  endfacet
  facet normal 2.342782e-15 -5.233596e-02 -9.986295e-01
    outer loop
      vertex   3.590383e+00 -1.428257e+02 -1.831741e+00
      vertex   4.968280e+00 -1.541100e+02 -1.240357e+00
      vertex   2.987430e+00 -1.425760e+02 -1.844830e+00
    endloop
  endfacet
  facet normal -2.608735e-15 -5.233596e-02 -9.986295e-01
    outer loop
      vertex   2.987430e+00 -1.425760e+02 -1.844830e+00
      vertex   4.968280e+00 -1.541100e+02 -1.240357e+00
      vertex   2.469663e+00 -1.421787e+02 -1.865651e+00
    endloop
  endfacet
  facet normal 2.171357e-15 -5.233596e-02 -9.986295e-01
    outer loop
      vertex   2.469663e+00 -1.421787e+02 -1.865651e+00
      vertex   4.968280e+00 -1.541100e+02 -1.240357e+00
      vertex   2.072367e+00 -1.416609e+02 -1.892786e+00
    endloop
  endfacet
  facet normal 3.572645e-16 -5.233596e-02 -9.986295e-01
    outer loop
      vertex   2.072367e+00 -1.416609e+02 -1.892786e+00
      vertex   4.968280e+00 -1.541100e+02 -1.240357e+00
      vertex   -3.415326e+01 -1.351015e+02 -2.236552e+00
    endloop
  endfacet
  facet normal 4.184224e-16 -5.233596e-02 -9.986295e-01
    outer loop
      vertex   2.072367e+00 -1.416609e+02 -1.892786e+00
      vertex   -3.415326e+01 -1.351015e+02 -2.236552e+00
      vertex   1.822616e+00 -1.410580e+02 -1.924385e+00
    endloop
  endfacet
  facet normal 3.116149e-16 -5.233596e-02 -9.986295e-01
    outer loop
      vertex   1.822616e+00 -1.410580e+02 -1.924385e+00
      vertex   -3.415326e+01 -1.351015e+02 -2.236552e+00
      vertex   1.737430e+00 -1.404109e+02 -1.958296e+00
    endloop
  endfacet
  facet normal 2.997089e-16 -5.233596e-02 -9.986295e-01
    outer loop
      vertex   1.737430e+00 -1.404109e+02 -1.958296e+00
      vertex   -3.415326e+01 -1.351015e+02 -2.236552e+00
      vertex   1.822616e+00 -1.397639e+02 -1.992206e+00
    endloop
  endfacet
  facet normal 3.965507e-16 -5.233596e-02 -9.986295e-01
    outer loop
      vertex   1.822616e+00 -1.397639e+02 -1.992206e+00
      vertex   -3.415326e+01 -1.351015e+02 -2.236552e+00
      vertex   2.072367e+00 -1.391609e+02 -2.023805e+00
    endloop
  endfacet
  facet normal 1.993506e-16 -5.233596e-02 -9.986295e-01
    outer loop
      vertex   2.072367e+00 -1.391609e+02 -2.023805e+00
      vertex   -3.415326e+01 -1.351015e+02 -2.236552e+00
      vertex   2.469663e+00 -1.386432e+02 -2.050940e+00
    endloop
  endfacet
  facet normal 5.870378e-16 -5.233596e-02 -9.986295e-01
    outer loop
      vertex   2.469663e+00 -1.386432e+02 -2.050940e+00
      vertex   -3.415326e+01 -1.351015e+02 -2.236552e+00
      vertex   2.987430e+00 -1.382459e+02 -2.071762e+00
    endloop
  endfacet
  facet normal 2.822158e-16 -5.233596e-02 -9.986295e-01
    outer loop
      vertex   2.987430e+00 -1.382459e+02 -2.071762e+00
      vertex   -3.415326e+01 -1.351015e+02 -2.236552e+00
      vertex   3.590383e+00 -1.379961e+02 -2.084851e+00
    endloop
  endfacet
  facet normal 3.557588e-16 -5.233596e-02 -9.986295e-01
    outer loop
      vertex   3.590383e+00 -1.379961e+02 -2.084851e+00
      vertex   -3.415326e+01 -1.351015e+02 -2.236552e+00
      vertex   5.175256e-01 -3.048726e+01 -7.719151e+00
    endloop
  endfacet
  facet normal 1.490969e-15 -5.233596e-02 -9.986295e-01
    outer loop
      vertex   3.590383e+00 -1.379961e+02 -2.084851e+00
      vertex   5.175256e-01 -3.048726e+01 -7.719151e+00
      vertex   4.237430e+00 -1.379109e+02 -2.089315e+00
    endloop
  endfacet
  facet normal 2.818275e-16 -5.233596e-02 -9.986295e-01
    outer loop
      vertex   4.237430e+00 -1.379109e+02 -2.089315e+00
      vertex   5.175256e-01 -3.048726e+01 -7.719151e+00
      vertex   8.017526e+00 -3.048726e+01 -7.719151e+00
    endloop
  endfacet
  facet normal -3.386268e-14 -5.233596e-02 -9.986295e-01
    outer loop
      vertex   5.256449e+00 -1.541995e+02 -1.235665e+00
      vertex   5.108908e+00 -1.541656e+02 -1.237441e+00
      vertex   5.407545e+00 -1.542109e+02 -1.235068e+00
    endloop
  endfacet
  facet normal -1.685842e-14 -5.233596e-02 -9.986295e-01
    outer loop
      vertex   5.407545e+00 -1.542109e+02 -1.235068e+00
      vertex   5.108908e+00 -1.541656e+02 -1.237441e+00
      vertex   4.968280e+00 -1.541100e+02 -1.240357e+00
    endloop
  endfacet
  facet normal 4.656633e-16 -5.233596e-02 -9.986295e-01
    outer loop
      vertex   -8.354940e+01 -1.263724e+02 -2.694024e+00
      vertex   -2.803774e+01 -3.037292e+01 -7.725143e+00
      vertex   -3.415326e+01 -1.351015e+02 -2.236552e+00
    endloop
  endfacet
  facet normal -6.061278e-15 -5.233596e-02 -9.986295e-01
    outer loop
      vertex   -3.415326e+01 -1.351015e+02 -2.236552e+00
      vertex   -2.803774e+01 -3.037292e+01 -7.725143e+00
      vertex   -2.750788e+01 -3.048726e+01 -7.719151e+00
    endloop
  endfacet
  facet normal 4.259560e-16 -5.233596e-02 -9.986295e-01
    outer loop
      vertex   -3.415326e+01 -1.351015e+02 -2.236552e+00
      vertex   -2.750788e+01 -3.048726e+01 -7.719151e+00
      vertex   5.175256e-01 -3.048726e+01 -7.719151e+00
    endloop
  endfacet
  facet normal 5.553694e-16 -5.233596e-02 -9.986295e-01
    outer loop
      vertex   -1.213229e+02 -1.039338e+02 -3.869979e+00
      vertex   -1.080796e+02 -1.004697e+02 -4.051526e+00
      vertex   -8.354940e+01 -1.263724e+02 -2.694024e+00
    endloop
  endfacet
  facet normal -1.129294e-15 -5.233596e-02 -9.986295e-01
    outer loop
      vertex   -8.354940e+01 -1.263724e+02 -2.694024e+00
      vertex   -1.080796e+02 -1.004697e+02 -4.051526e+00
      vertex   -1.074326e+02 -1.003845e+02 -4.055990e+00
    endloop
  endfacet
  facet normal 1.311934e-15 -5.233596e-02 -9.986295e-01
    outer loop
      vertex   -8.354940e+01 -1.263724e+02 -2.694024e+00
      vertex   -1.074326e+02 -1.003845e+02 -4.055990e+00
      vertex   -1.068296e+02 -1.001348e+02 -4.069079e+00
    endloop
  endfacet
  facet normal 5.796612e-16 -5.233596e-02 -9.986295e-01
    outer loop
      vertex   -1.075905e+02 -2.641185e+01 -7.932734e+00
      vertex   -1.098474e+02 -9.620195e+01 -4.275190e+00
      vertex   -1.213229e+02 -1.039338e+02 -3.869979e+00
    endloop
  endfacet
  facet normal 4.017859e-15 -5.233596e-02 -9.986295e-01
    outer loop
      vertex   -1.213229e+02 -1.039338e+02 -3.869979e+00
      vertex   -1.098474e+02 -9.620195e+01 -4.275190e+00
      vertex   -1.102447e+02 -9.671972e+01 -4.248055e+00
    endloop
  endfacet
  facet normal 4.545787e-16 -5.233596e-02 -9.986295e-01
    outer loop
      vertex   -1.213229e+02 -1.039338e+02 -3.869979e+00
      vertex   -1.102447e+02 -9.671972e+01 -4.248055e+00
      vertex   -1.104944e+02 -9.732267e+01 -4.216456e+00
    endloop
  endfacet
  facet normal 7.270326e-16 -5.233596e-02 -9.986295e-01
    outer loop
      vertex   -8.966088e+01 -1.057895e+01 -8.762502e+00
      vertex   -9.044261e+01 -1.684875e+01 -8.433915e+00
      vertex   -1.075905e+02 -2.641185e+01 -7.932734e+00
    endloop
  endfacet
  facet normal 3.973288e-16 -5.233596e-02 -9.986295e-01
    outer loop
      vertex   -1.075905e+02 -2.641185e+01 -7.932734e+00
      vertex   -9.044261e+01 -1.684875e+01 -8.433915e+00
      vertex   -8.010602e+01 -1.909028e+01 -8.316442e+00
    endloop
  endfacet
  facet normal 9.881295e-16 -5.233596e-02 -9.986295e-01
    outer loop
      vertex   -1.075905e+02 -2.641185e+01 -7.932734e+00
      vertex   -8.010602e+01 -1.909028e+01 -8.316442e+00
      vertex   -7.777362e+01 -1.959569e+01 -8.289954e+00
    endloop
  endfacet
  facet normal 4.042346e-16 -5.233596e-02 -9.986295e-01
    outer loop
      vertex   -2.803774e+01 -3.037292e+01 -7.725143e+00
      vertex   -1.059145e+02 -9.671972e+01 -4.248055e+00
      vertex   -7.190970e+01 -2.086633e+01 -8.223362e+00
    endloop
  endfacet
  facet normal -1.188984e-15 -5.233596e-02 -9.986295e-01
    outer loop
      vertex   -7.190970e+01 -2.086633e+01 -8.223362e+00
      vertex   -1.059145e+02 -9.671972e+01 -4.248055e+00
      vertex   -1.063118e+02 -9.620195e+01 -4.275190e+00
    endloop
  endfacet
  facet normal 1.077673e-15 -5.233596e-02 -9.986295e-01
    outer loop
      vertex   -7.190970e+01 -2.086633e+01 -8.223362e+00
      vertex   -1.063118e+02 -9.620195e+01 -4.275190e+00
      vertex   -1.068296e+02 -9.580465e+01 -4.296012e+00
    endloop
  endfacet
  facet normal 4.175696e-16 -5.233596e-02 -9.986295e-01
    outer loop
      vertex   -1.068296e+02 -1.001348e+02 -4.069079e+00
      vertex   -1.063118e+02 -9.973748e+01 -4.089901e+00
      vertex   -8.354940e+01 -1.263724e+02 -2.694024e+00
    endloop
  endfacet
  facet normal -3.172307e-16 -5.233596e-02 -9.986295e-01
    outer loop
      vertex   -8.354940e+01 -1.263724e+02 -2.694024e+00
      vertex   -1.063118e+02 -9.973748e+01 -4.089901e+00
      vertex   -1.059145e+02 -9.921972e+01 -4.117036e+00
    endloop
  endfacet
  facet normal 3.501187e-16 -5.233596e-02 -9.986295e-01
    outer loop
      vertex   -8.354940e+01 -1.263724e+02 -2.694024e+00
      vertex   -1.059145e+02 -9.921972e+01 -4.117036e+00
      vertex   -1.056648e+02 -9.861676e+01 -4.148635e+00
    endloop
  endfacet
  facet normal -2.260744e-16 -5.233596e-02 -9.986295e-01
    outer loop
      vertex   -1.056648e+02 -9.861676e+01 -4.148635e+00
      vertex   -1.055796e+02 -9.796972e+01 -4.182545e+00
      vertex   -8.354940e+01 -1.263724e+02 -2.694024e+00
    endloop
  endfacet
  facet normal 0.000000e+00 -5.233596e-02 -9.986295e-01
    outer loop
      vertex   -8.354940e+01 -1.263724e+02 -2.694024e+00
      vertex   -1.055796e+02 -9.796972e+01 -4.182545e+00
      vertex   -1.056648e+02 -9.732267e+01 -4.216456e+00
    endloop
  endfacet
  facet normal 2.887156e-16 -5.233596e-02 -9.986295e-01
    outer loop
      vertex   -8.354940e+01 -1.263724e+02 -2.694024e+00
      vertex   -1.056648e+02 -9.732267e+01 -4.216456e+00
      vertex   -2.803774e+01 -3.037292e+01 -7.725143e+00
    endloop
  endfacet
  facet normal 0.000000e+00 -5.233596e-02 -9.986295e-01
    outer loop
      vertex   -2.803774e+01 -3.037292e+01 -7.725143e+00
      vertex   -1.056648e+02 -9.732267e+01 -4.216456e+00
      vertex   -1.059145e+02 -9.671972e+01 -4.248055e+00
    endloop
  endfacet
  facet normal 5.507284e-16 -5.233596e-02 -9.986295e-01
    outer loop
      vertex   -7.190970e+01 -2.086633e+01 -8.223362e+00
      vertex   -1.068296e+02 -9.580465e+01 -4.296012e+00
      vertex   -1.075905e+02 -2.641185e+01 -7.932734e+00
    endloop
  endfacet
  facet normal -6.814500e-16 -5.233596e-02 -9.986295e-01
    outer loop
      vertex   -1.075905e+02 -2.641185e+01 -7.932734e+00
      vertex   -1.068296e+02 -9.580465e+01 -4.296012e+00
      vertex   -1.074326e+02 -9.555490e+01 -4.309101e+00
    endloop
  endfacet
  facet normal 1.903801e-15 -5.233596e-02 -9.986295e-01
    outer loop
      vertex   -1.075905e+02 -2.641185e+01 -7.932734e+00
      vertex   -1.074326e+02 -9.555490e+01 -4.309101e+00
      vertex   -1.080796e+02 -9.546972e+01 -4.313565e+00
    endloop
  endfacet
  facet normal -1.055503e-16 -5.233596e-02 -9.986295e-01
    outer loop
      vertex   -1.080796e+02 -9.546972e+01 -4.313565e+00
      vertex   -1.087267e+02 -9.555490e+01 -4.309101e+00
      vertex   -1.075905e+02 -2.641185e+01 -7.932734e+00
    endloop
  endfacet
  facet normal 2.741885e-15 -5.233596e-02 -9.986295e-01
    outer loop
      vertex   -1.075905e+02 -2.641185e+01 -7.932734e+00
      vertex   -1.087267e+02 -9.555490e+01 -4.309101e+00
      vertex   -1.093296e+02 -9.580465e+01 -4.296012e+00
    endloop
  endfacet
  facet normal 8.054511e-16 -5.233596e-02 -9.986295e-01
    outer loop
      vertex   -1.075905e+02 -2.641185e+01 -7.932734e+00
      vertex   -1.093296e+02 -9.580465e+01 -4.296012e+00
      vertex   -1.098474e+02 -9.620195e+01 -4.275190e+00
    endloop
  endfacet
  facet normal 9.291678e-16 -5.233596e-02 -9.986295e-01
    outer loop
      vertex   -1.104944e+02 -9.732267e+01 -4.216456e+00
      vertex   -1.105796e+02 -9.796972e+01 -4.182545e+00
      vertex   -1.213229e+02 -1.039338e+02 -3.869979e+00
    endloop
  endfacet
  facet normal 8.025990e-16 -5.233596e-02 -9.986295e-01
    outer loop
      vertex   -1.213229e+02 -1.039338e+02 -3.869979e+00
      vertex   -1.105796e+02 -9.796972e+01 -4.182545e+00
      vertex   -1.104944e+02 -9.861676e+01 -4.148635e+00
    endloop
  endfacet
  facet normal 3.668849e-16 -5.233596e-02 -9.986295e-01
    outer loop
      vertex   -1.213229e+02 -1.039338e+02 -3.869979e+00
      vertex   -1.104944e+02 -9.861676e+01 -4.148635e+00
      vertex   -1.102447e+02 -9.921972e+01 -4.117036e+00
    endloop
  endfacet
  facet normal 6.957738e-16 -5.233596e-02 -9.986295e-01
    outer loop
      vertex   -1.102447e+02 -9.921972e+01 -4.117036e+00
      vertex   -1.098474e+02 -9.973748e+01 -4.089901e+00
      vertex   -1.213229e+02 -1.039338e+02 -3.869979e+00
    endloop
  endfacet
  facet normal 3.293855e-16 -5.233596e-02 -9.986295e-01
    outer loop
      vertex   -1.213229e+02 -1.039338e+02 -3.869979e+00
      vertex   -1.098474e+02 -9.973748e+01 -4.089901e+00
      vertex   -1.093296e+02 -1.001348e+02 -4.069079e+00
    endloop
  endfacet
  facet normal 6.082545e-16 -5.233596e-02 -9.986295e-01
    outer loop
      vertex   -1.213229e+02 -1.039338e+02 -3.869979e+00
      vertex   -1.093296e+02 -1.001348e+02 -4.069079e+00
      vertex   -1.087267e+02 -1.003845e+02 -4.055990e+00
    endloop
  endfacet
  facet normal 1.210218e-15 -5.233596e-02 -9.986295e-01
    outer loop
      vertex   -1.087267e+02 -1.003845e+02 -4.055990e+00
      vertex   -1.080796e+02 -1.004697e+02 -4.051526e+00
      vertex   -1.213229e+02 -1.039338e+02 -3.869979e+00
    endloop
  endfacet
  facet normal 3.657546e-17 -5.233596e-02 -9.986295e-01
    outer loop
      vertex   4.884478e+00 -1.428257e+02 -1.831741e+00
      vertex   5.487430e+00 -1.425760e+02 -1.844830e+00
      vertex   1.115660e+01 -1.509109e+02 -1.408014e+00
    endloop
  endfacet
  facet normal 1.958151e-15 -5.233596e-02 -9.986295e-01
    outer loop
      vertex   1.115660e+01 -1.509109e+02 -1.408014e+00
      vertex   5.487430e+00 -1.425760e+02 -1.844830e+00
      vertex   6.005197e+00 -1.421787e+02 -1.865651e+00
    endloop
  endfacet
  facet normal -1.011768e-15 -5.233596e-02 -9.986295e-01
    outer loop
      vertex   1.115660e+01 -1.509109e+02 -1.408014e+00
      vertex   6.005197e+00 -1.421787e+02 -1.865651e+00
      vertex   6.402494e+00 -1.416609e+02 -1.892786e+00
    endloop
  endfacet
  facet normal 9.316462e-16 -5.233596e-02 -9.986295e-01
    outer loop
      vertex   6.402494e+00 -1.416609e+02 -1.892786e+00
      vertex   6.652245e+00 -1.410580e+02 -1.924385e+00
      vertex   1.115660e+01 -1.509109e+02 -1.408014e+00
    endloop
  endfacet
  facet normal 2.455528e-16 -5.233596e-02 -9.986295e-01
    outer loop
      vertex   6.652245e+00 -1.397639e+02 -1.992206e+00
      vertex   6.402494e+00 -1.391609e+02 -2.023805e+00
      vertex   3.032979e+01 -1.374935e+02 -2.111194e+00
    endloop
  endfacet
  facet normal 1.911372e-16 -5.233596e-02 -9.986295e-01
    outer loop
      vertex   3.032979e+01 -1.374935e+02 -2.111194e+00
      vertex   6.402494e+00 -1.391609e+02 -2.023805e+00
      vertex   6.005197e+00 -1.386432e+02 -2.050940e+00
    endloop
  endfacet
  facet normal 3.248775e-16 -5.233596e-02 -9.986295e-01
    outer loop
      vertex   3.032979e+01 -1.374935e+02 -2.111194e+00
      vertex   6.005197e+00 -1.386432e+02 -2.050940e+00
      vertex   5.487430e+00 -1.382459e+02 -2.071762e+00
    endloop
  endfacet
  facet normal 4.498639e-16 -5.233596e-02 -9.986295e-01
    outer loop
      vertex   5.487430e+00 -1.382459e+02 -2.071762e+00
      vertex   4.884478e+00 -1.379961e+02 -2.084851e+00
      vertex   3.032979e+01 -1.374935e+02 -2.111194e+00
    endloop
  endfacet
  facet normal 6.636026e-16 -5.233596e-02 -9.986295e-01
    outer loop
      vertex   -1.075905e+02 -2.641185e+01 -7.932734e+00
      vertex   -7.777362e+01 -1.959569e+01 -8.289954e+00
      vertex   -7.190970e+01 -2.086633e+01 -8.223362e+00
    endloop
  endfacet
  facet normal -1.000000e+00 0.000000e+00 0.000000e+00
    outer loop
      vertex   3.362979e+01 -1.370324e+02 -2.135357e+00
      vertex   3.362979e+01 -1.374935e+02 -2.111194e+00
      vertex   3.362979e+01 -1.370324e+02 1.266416e+01
    endloop
  endfacet
  facet normal -1.000000e+00 -0.000000e+00 0.000000e+00
    outer loop
      vertex   3.362979e+01 -1.370324e+02 1.266416e+01
      vertex   3.362979e+01 -1.374935e+02 -2.111194e+00
      vertex   3.362979e+01 -1.374935e+02 1.266416e+01
    endloop
  endfacet
  facet normal -9.914449e-01 1.305262e-01 0.000000e+00
    outer loop
      vertex   3.362979e+01 -1.370324e+02 -2.135357e+00
      vertex   3.362979e+01 -1.370324e+02 1.266416e+01
      vertex   3.366386e+01 -1.367736e+02 7.713518e+00
    endloop
  endfacet
  facet normal -9.914449e-01 1.305262e-01 0.000000e+00
    outer loop
      vertex   3.366386e+01 -1.367736e+02 7.713518e+00
      vertex   3.362979e+01 -1.370324e+02 1.266416e+01
      vertex   3.366386e+01 -1.367736e+02 1.266416e+01
    endloop
  endfacet
  facet normal -9.238795e-01 3.826834e-01 0.000000e+00
    outer loop
      vertex   3.366386e+01 -1.367736e+02 7.713518e+00
      vertex   3.366386e+01 -1.367736e+02 1.266416e+01
      vertex   3.376376e+01 -1.365324e+02 7.713518e+00
    endloop
  endfacet
  facet normal -9.238795e-01 3.826834e-01 1.326002e-15
    outer loop
      vertex   3.376376e+01 -1.365324e+02 7.713518e+00
      vertex   3.366386e+01 -1.367736e+02 1.266416e+01
      vertex   3.376376e+01 -1.365324e+02 1.266416e+01
    endloop
  endfacet
  facet normal -7.933533e-01 6.087614e-01 1.138663e-15
    outer loop
      vertex   3.376376e+01 -1.365324e+02 7.713518e+00
      vertex   3.376376e+01 -1.365324e+02 1.266416e+01
      vertex   3.392268e+01 -1.363253e+02 7.713518e+00
    endloop
  endfacet
  facet normal -7.933533e-01 6.087614e-01 0.000000e+00
    outer loop
      vertex   3.392268e+01 -1.363253e+02 7.713518e+00
      vertex   3.376376e+01 -1.365324e+02 1.266416e+01
      vertex   3.392268e+01 -1.363253e+02 1.266416e+01
    endloop
  endfacet
  facet normal -6.087614e-01 7.933533e-01 0.000000e+00
    outer loop
      vertex   3.392268e+01 -1.363253e+02 7.713518e+00
      vertex   3.392268e+01 -1.363253e+02 1.266416e+01
      vertex   3.412979e+01 -1.361664e+02 7.713518e+00
    endloop
  endfacet
  facet normal -6.087614e-01 7.933533e-01 0.000000e+00
    outer loop
      vertex   3.412979e+01 -1.361664e+02 7.713518e+00
      vertex   3.392268e+01 -1.363253e+02 1.266416e+01
      vertex   3.412979e+01 -1.361664e+02 1.266416e+01
    endloop
  endfacet
  facet normal -3.826834e-01 9.238795e-01 0.000000e+00
    outer loop
      vertex   3.412979e+01 -1.361664e+02 7.713518e+00
      vertex   3.412979e+01 -1.361664e+02 1.266416e+01
      vertex   3.437097e+01 -1.360665e+02 7.713518e+00
    endloop
  endfacet
  facet normal -3.826834e-01 9.238795e-01 0.000000e+00
    outer loop
      vertex   3.437097e+01 -1.360665e+02 7.713518e+00
      vertex   3.412979e+01 -1.361664e+02 1.266416e+01
      vertex   3.437097e+01 -1.360665e+02 1.266416e+01
    endloop
  endfacet
  facet normal -1.305262e-01 9.914449e-01 0.000000e+00
    outer loop
      vertex   3.437097e+01 -1.360665e+02 7.713518e+00
      vertex   3.437097e+01 -1.360665e+02 1.266416e+01
      vertex   3.462979e+01 -1.360324e+02 1.266416e+01
    endloop
  endfacet
  facet normal -1.305262e-01 9.914449e-01 0.000000e+00
    outer loop
      vertex   3.462979e+01 -1.360324e+02 1.266416e+01
      vertex   3.462979e+01 -1.360324e+02 -2.187765e+00
      vertex   3.437097e+01 -1.360665e+02 7.713518e+00
    endloop
  endfacet
  facet normal -1.305262e-01 9.914449e-01 0.000000e+00
    outer loop
      vertex   3.437097e+01 -1.360665e+02 7.713518e+00
      vertex   3.462979e+01 -1.360324e+02 -2.187765e+00
      vertex   3.437097e+01 -1.360665e+02 2.762877e+00
    endloop
  endfacet
  facet normal -3.826834e-01 9.238795e-01 0.000000e+00
    outer loop
      vertex   3.437097e+01 -1.360665e+02 7.713518e+00
      vertex   3.437097e+01 -1.360665e+02 2.762877e+00
      vertex   3.412979e+01 -1.361664e+02 7.713518e+00
    endloop
  endfacet
  facet normal -3.826834e-01 9.238795e-01 0.000000e+00
    outer loop
      vertex   3.412979e+01 -1.361664e+02 7.713518e+00
      vertex   3.437097e+01 -1.360665e+02 2.762877e+00
      vertex   3.412979e+01 -1.361664e+02 2.762877e+00
    endloop
  endfacet
  facet normal -6.087614e-01 7.933533e-01 0.000000e+00
    outer loop
      vertex   3.412979e+01 -1.361664e+02 7.713518e+00
      vertex   3.412979e+01 -1.361664e+02 2.762877e+00
      vertex   3.392268e+01 -1.363253e+02 7.713518e+00
    endloop
  endfacet
  facet normal -6.087614e-01 7.933533e-01 0.000000e+00
    outer loop
      vertex   3.392268e+01 -1.363253e+02 7.713518e+00
      vertex   3.412979e+01 -1.361664e+02 2.762877e+00
      vertex   3.392268e+01 -1.363253e+02 2.762877e+00
    endloop
  endfacet
  facet normal -7.933533e-01 6.087614e-01 0.000000e+00
    outer loop
      vertex   3.392268e+01 -1.363253e+02 7.713518e+00
      vertex   3.392268e+01 -1.363253e+02 2.762877e+00
      vertex   3.376376e+01 -1.365324e+02 7.713518e+00
    endloop
  endfacet
  facet normal -7.933533e-01 6.087614e-01 0.000000e+00
    outer loop
      vertex   3.376376e+01 -1.365324e+02 7.713518e+00
      vertex   3.392268e+01 -1.363253e+02 2.762877e+00
      vertex   3.376376e+01 -1.365324e+02 2.762877e+00
    endloop
  endfacet
  facet normal -9.238795e-01 3.826834e-01 0.000000e+00
    outer loop
      vertex   3.376376e+01 -1.365324e+02 7.713518e+00
      vertex   3.376376e+01 -1.365324e+02 2.762877e+00
      vertex   3.366386e+01 -1.367736e+02 7.713518e+00
    endloop
  endfacet
  facet normal -9.238795e-01 3.826834e-01 0.000000e+00
    outer loop
      vertex   3.366386e+01 -1.367736e+02 7.713518e+00
      vertex   3.376376e+01 -1.365324e+02 2.762877e+00
      vertex   3.366386e+01 -1.367736e+02 2.762877e+00
    endloop
  endfacet
  facet normal -9.914449e-01 1.305262e-01 0.000000e+00
    outer loop
      vertex   3.366386e+01 -1.367736e+02 7.713518e+00
      vertex   3.366386e+01 -1.367736e+02 2.762877e+00
      vertex   3.362979e+01 -1.370324e+02 -2.135357e+00
    endloop
  endfacet
  facet normal -9.914449e-01 1.305262e-01 0.000000e+00
    outer loop
      vertex   3.362979e+01 -1.370324e+02 -2.135357e+00
      vertex   3.366386e+01 -1.367736e+02 2.762877e+00
      vertex   3.366386e+01 -1.367736e+02 -2.148921e+00
    endloop
  endfacet
  facet normal -9.238795e-01 3.826834e-01 0.000000e+00
    outer loop
      vertex   3.366386e+01 -1.367736e+02 -2.148921e+00
      vertex   3.366386e+01 -1.367736e+02 2.762877e+00
      vertex   3.376376e+01 -1.365324e+02 2.762877e+00
    endloop
  endfacet
  facet normal -9.238795e-01 3.826834e-01 -1.333223e-15
    outer loop
      vertex   3.366386e+01 -1.367736e+02 -2.148921e+00
      vertex   3.376376e+01 -1.365324e+02 2.762877e+00
      vertex   3.376376e+01 -1.365324e+02 -2.161561e+00
    endloop
  endfacet
  facet normal -7.933533e-01 6.087614e-01 -1.144722e-15
    outer loop
      vertex   3.376376e+01 -1.365324e+02 -2.161561e+00
      vertex   3.376376e+01 -1.365324e+02 2.762877e+00
      vertex   3.392268e+01 -1.363253e+02 2.762877e+00
    endloop
  endfacet
  facet normal -7.933533e-01 6.087614e-01 0.000000e+00
    outer loop
      vertex   3.376376e+01 -1.365324e+02 -2.161561e+00
      vertex   3.392268e+01 -1.363253e+02 2.762877e+00
      vertex   3.392268e+01 -1.363253e+02 -2.172415e+00
    endloop
  endfacet
  facet normal -6.087614e-01 7.933533e-01 0.000000e+00
    outer loop
      vertex   3.392268e+01 -1.363253e+02 -2.172415e+00
      vertex   3.392268e+01 -1.363253e+02 2.762877e+00
      vertex   3.412979e+01 -1.361664e+02 2.762877e+00
    endloop
  endfacet
  facet normal -6.087614e-01 7.933533e-01 -8.764054e-16
    outer loop
      vertex   3.392268e+01 -1.363253e+02 -2.172415e+00
      vertex   3.412979e+01 -1.361664e+02 2.762877e+00
      vertex   3.412979e+01 -1.361664e+02 -2.180744e+00
    endloop
  endfacet
  facet normal -3.826834e-01 9.238795e-01 -5.500279e-16
    outer loop
      vertex   3.412979e+01 -1.361664e+02 -2.180744e+00
      vertex   3.412979e+01 -1.361664e+02 2.762877e+00
      vertex   3.437097e+01 -1.360665e+02 2.762877e+00
    endloop
  endfacet
  facet normal -3.826834e-01 9.238795e-01 0.000000e+00
    outer loop
      vertex   3.412979e+01 -1.361664e+02 -2.180744e+00
      vertex   3.437097e+01 -1.360665e+02 2.762877e+00
      vertex   3.437097e+01 -1.360665e+02 -2.185979e+00
    endloop
  endfacet
  facet normal -1.305262e-01 9.914449e-01 0.000000e+00
    outer loop
      vertex   3.437097e+01 -1.360665e+02 -2.185979e+00
      vertex   3.437097e+01 -1.360665e+02 2.762877e+00
      vertex   3.462979e+01 -1.360324e+02 -2.187765e+00
    endloop
  endfacet
  facet normal 2.595855e-02 2.295932e-02 9.993993e-01
    outer loop
      vertex   -1.037817e+02 -2.304850e+01 -3.806446e+00
      vertex   -7.598073e+01 -5.453096e+01 -3.805302e+00
      vertex   -9.366854e+01 -1.411795e+01 -4.274290e+00
    endloop
  endfacet
  facet normal 2.595855e-02 2.295932e-02 9.993993e-01
    outer loop
      vertex   -9.366854e+01 -1.411795e+01 -4.274290e+00
      vertex   -7.598073e+01 -5.453096e+01 -3.805302e+00
      vertex   -6.586617e+01 -4.560197e+01 -4.273146e+00
    endloop
  endfacet
  facet normal -7.491243e-01 -6.615223e-01 3.465510e-02
    outer loop
      vertex   -6.586617e+01 -4.560197e+01 -4.273146e+00
      vertex   -6.586889e+01 -4.554164e+01 -3.180179e+00
      vertex   -9.366854e+01 -1.411795e+01 -4.274290e+00
    endloop
  endfacet
  facet normal -7.491243e-01 -6.615223e-01 3.465510e-02
    outer loop
      vertex   -9.366854e+01 -1.411795e+01 -4.274290e+00
      vertex   -6.586889e+01 -4.554164e+01 -3.180179e+00
      vertex   -8.519706e+01 -2.338864e+01 1.884081e+00
    endloop
  endfacet
  facet normal -7.491243e-01 -6.615223e-01 3.465510e-02
    outer loop
      vertex   -9.366854e+01 -1.411795e+01 -4.274290e+00
      vertex   -8.519706e+01 -2.338864e+01 1.884081e+00
      vertex   -9.350847e+01 -1.397660e+01 1.883745e+00
    endloop
  endfacet
  facet normal -7.491243e-01 -6.615223e-01 3.465510e-02
    outer loop
      vertex   -6.586617e+01 -4.560197e+01 -4.273146e+00
      vertex   -6.583778e+01 -4.557686e+01 -3.180179e+00
      vertex   -6.586889e+01 -4.554164e+01 -3.180179e+00
    endloop
  endfacet
  facet normal -7.491243e-01 -6.615223e-01 3.465510e-02
    outer loop
      vertex   -6.557726e+01 -4.540728e+01 5.688642e+00
      vertex   -8.148248e+01 -2.757483e+01 2.271490e+00
      vertex   -6.586889e+01 -4.554164e+01 -3.180179e+00
    endloop
  endfacet
  facet normal -7.491243e-01 -6.615223e-01 3.465510e-02
    outer loop
      vertex   -6.586889e+01 -4.554164e+01 -3.180179e+00
      vertex   -8.148248e+01 -2.757483e+01 2.271490e+00
      vertex   -8.519706e+01 -2.338864e+01 1.884081e+00
    endloop
  endfacet
  facet normal -7.491243e-01 -6.615223e-01 3.465510e-02
    outer loop
      vertex   -8.148248e+01 -2.757483e+01 2.271490e+00
      vertex   -8.142023e+01 -2.744999e+01 5.999954e+00
      vertex   -8.519706e+01 -2.338864e+01 1.884081e+00
    endloop
  endfacet
  facet normal -1.702096e-01 3.688262e-02 9.847174e-01
    outer loop
      vertex   -6.557726e+01 -4.540728e+01 5.688642e+00
      vertex   -6.379888e+01 -4.384145e+01 5.937389e+00
      vertex   -8.148248e+01 -2.757483e+01 2.271490e+00
    endloop
  endfacet
  facet normal -1.702096e-01 3.688262e-02 9.847174e-01
    outer loop
      vertex   -8.148248e+01 -2.757483e+01 2.271490e+00
      vertex   -6.379888e+01 -4.384145e+01 5.937389e+00
      vertex   -6.134850e+01 -2.998189e+01 5.841830e+00
    endloop
  endfacet
  facet normal -1.702096e-01 3.688262e-02 9.847174e-01
    outer loop
      vertex   -8.148248e+01 -2.757483e+01 2.271490e+00
      vertex   -6.134850e+01 -2.998189e+01 5.841830e+00
      vertex   -5.053575e+01 -2.804189e+01 7.638163e+00
    endloop
  endfacet
  facet normal -1.702096e-01 3.688262e-02 9.847174e-01
    outer loop
      vertex   -5.053575e+01 -2.804189e+01 7.638163e+00
      vertex   -6.134850e+01 -2.998189e+01 5.841830e+00
      vertex   -3.177522e+01 -3.493693e+01 1.113920e+01
    endloop
  endfacet
  facet normal -1.702096e-01 3.688262e-02 9.847174e-01
    outer loop
      vertex   -5.053575e+01 -2.804189e+01 7.638163e+00
      vertex   -3.177522e+01 -3.493693e+01 1.113920e+01
      vertex   -2.919934e+01 -3.179083e+01 1.146660e+01
    endloop
  endfacet
  facet normal -1.702096e-01 3.688262e-02 9.847174e-01
    outer loop
      vertex   -2.919934e+01 -3.179083e+01 1.146660e+01
      vertex   -3.177522e+01 -3.493693e+01 1.113920e+01
      vertex   2.109789e+00 -4.142535e+01 1.723929e+01
    endloop
  endfacet
  facet normal -1.702096e-01 3.688262e-02 9.847174e-01
    outer loop
      vertex   -2.919934e+01 -3.179083e+01 1.146660e+01
      vertex   2.109789e+00 -4.142535e+01 1.723929e+01
      vertex   7.956739e+00 -3.984834e+01 1.819087e+01
    endloop
  endfacet
  facet normal -1.702096e-01 3.688262e-02 9.847174e-01
    outer loop
      vertex   7.956739e+00 -3.984834e+01 1.819087e+01
      vertex   2.109789e+00 -4.142535e+01 1.723929e+01
      vertex   7.411736e+00 -4.236347e+01 1.819087e+01
    endloop
  endfacet
  facet normal -1.702096e-01 3.688262e-02 9.847174e-01
    outer loop
      vertex   -3.185469e+01 -3.538639e+01 1.114230e+01
      vertex   -3.182472e+01 -3.539166e+01 1.114767e+01
      vertex   -3.177522e+01 -3.493693e+01 1.113920e+01
    endloop
  endfacet
  facet normal -1.702096e-01 3.688262e-02 9.847174e-01
    outer loop
      vertex   -3.177522e+01 -3.493693e+01 1.113920e+01
      vertex   -3.182472e+01 -3.539166e+01 1.114767e+01
      vertex   2.109789e+00 -4.142535e+01 1.723929e+01
    endloop
  endfacet
  facet normal -1.702096e-01 3.688262e-02 9.847174e-01
    outer loop
      vertex   -3.182472e+01 -3.539166e+01 1.114767e+01
      vertex   -3.182975e+01 -3.542013e+01 1.114787e+01
      vertex   2.109789e+00 -4.142535e+01 1.723929e+01
    endloop
  endfacet
  facet normal -1.702096e-01 3.688262e-02 9.847174e-01
    outer loop
      vertex   2.109789e+00 -4.142535e+01 1.723929e+01
      vertex   -3.182975e+01 -3.542013e+01 1.114787e+01
      vertex   -3.218049e+01 -3.738910e+01 1.116099e+01
    endloop
  endfacet
  facet normal -1.702096e-01 3.688262e-02 9.847174e-01
    outer loop
      vertex   2.109789e+00 -4.142535e+01 1.723929e+01
      vertex   -3.218049e+01 -3.738910e+01 1.116099e+01
      vertex   1.759049e+00 -4.339432e+01 1.725241e+01
    endloop
  endfacet
  facet normal 9.847270e-01 -1.740798e-01 2.987151e-03
    outer loop
      vertex   -6.134850e+01 -2.998189e+01 5.841830e+00
      vertex   -6.379888e+01 -4.384145e+01 5.937389e+00
      vertex   -6.140604e+01 -3.047083e+01 -3.681948e+00
    endloop
  endfacet
  facet normal 9.847270e-01 -1.740798e-01 2.987151e-03
    outer loop
      vertex   -6.140604e+01 -3.047083e+01 -3.681948e+00
      vertex   -6.379888e+01 -4.384145e+01 5.937389e+00
      vertex   -6.373893e+01 -4.366065e+01 -3.287217e+00
    endloop
  endfacet
  facet normal -1.702096e-01 3.688262e-02 9.847174e-01
    outer loop
      vertex   -9.077606e+01 -1.341296e+01 8.258809e+00
      vertex   -8.966088e+01 -1.057895e+01 8.345420e+00
      vertex   -1.046151e+02 -2.563370e+01 6.324438e+00
    endloop
  endfacet
  facet normal -1.702096e-01 3.688262e-02 9.847174e-01
    outer loop
      vertex   -1.046151e+02 -2.563370e+01 6.324438e+00
      vertex   -8.966088e+01 -1.057895e+01 8.345420e+00
      vertex   -1.075905e+02 -2.641185e+01 5.839293e+00
    endloop
  endfacet
  facet normal -1.702096e-01 3.688262e-02 9.847174e-01
    outer loop
      vertex   -1.046151e+02 -2.563370e+01 6.324438e+00
      vertex   -1.075905e+02 -2.641185e+01 5.839293e+00
      vertex   -1.058949e+02 -2.703672e+01 6.155784e+00
    endloop
  endfacet
  facet normal -1.702096e-01 3.688262e-02 9.847174e-01
    outer loop
      vertex   -1.058949e+02 -2.703672e+01 6.155784e+00
      vertex   -1.075905e+02 -2.641185e+01 5.839293e+00
      vertex   -1.061531e+02 -2.715788e+01 6.115691e+00
    endloop
  endfacet
  facet normal -1.702096e-01 3.688262e-02 9.847174e-01
    outer loop
      vertex   -1.061531e+02 -2.715788e+01 6.115691e+00
      vertex   -1.075905e+02 -2.641185e+01 5.839293e+00
      vertex   -1.063853e+02 -2.732107e+01 6.081656e+00
    endloop
  endfacet
  facet normal -1.702096e-01 3.688262e-02 9.847174e-01
    outer loop
      vertex   -1.063853e+02 -2.732107e+01 6.081656e+00
      vertex   -1.075905e+02 -2.641185e+01 5.839293e+00
      vertex   -1.065867e+02 -2.752206e+01 6.054369e+00
    endloop
  endfacet
  facet normal -1.702096e-01 3.688262e-02 9.847174e-01
    outer loop
      vertex   -1.065867e+02 -2.752206e+01 6.054369e+00
      vertex   -1.075905e+02 -2.641185e+01 5.839293e+00
      vertex   -1.067525e+02 -2.775683e+01 6.034520e+00
    endloop
  endfacet
  facet normal -1.702096e-01 3.688262e-02 9.847174e-01
    outer loop
      vertex   -1.067525e+02 -2.775683e+01 6.034520e+00
      vertex   -1.075905e+02 -2.641185e+01 5.839293e+00
      vertex   -1.068770e+02 -2.802098e+01 6.022886e+00
    endloop
  endfacet
  facet normal -1.702096e-01 3.688262e-02 9.847174e-01
    outer loop
      vertex   -1.068770e+02 -2.802098e+01 6.022886e+00
      vertex   -1.075905e+02 -2.641185e+01 5.839293e+00
      vertex   -1.069490e+02 -2.828700e+01 6.020412e+00
    endloop
  endfacet
  facet normal -1.702096e-01 3.688262e-02 9.847174e-01
    outer loop
      vertex   -1.069490e+02 -2.828700e+01 6.020412e+00
      vertex   -1.075905e+02 -2.641185e+01 5.839293e+00
      vertex   -1.200921e+02 -1.024142e+02 6.525046e+00
    endloop
  endfacet
  facet normal -1.702096e-01 3.688262e-02 9.847174e-01
    outer loop
      vertex   -1.200921e+02 -1.024142e+02 6.525046e+00
      vertex   -1.075905e+02 -2.641185e+01 5.839293e+00
      vertex   -1.214295e+02 -1.045353e+02 6.373317e+00
    endloop
  endfacet
  facet normal -1.702096e-01 3.688262e-02 9.847174e-01
    outer loop
      vertex   -1.200921e+02 -1.024142e+02 6.525046e+00
      vertex   -1.214295e+02 -1.045353e+02 6.373317e+00
      vertex   -8.542326e+01 -1.233856e+02 1.330308e+01
    endloop
  endfacet
  facet normal -1.702096e-01 3.688262e-02 9.847174e-01
    outer loop
      vertex   -8.542326e+01 -1.233856e+02 1.330308e+01
      vertex   -1.214295e+02 -1.045353e+02 6.373317e+00
      vertex   -8.630369e+01 -1.257756e+02 1.324041e+01
    endloop
  endfacet
  facet normal -1.702096e-01 3.688262e-02 9.847174e-01
    outer loop
      vertex   -8.542326e+01 -1.233856e+02 1.330308e+01
      vertex   -8.630369e+01 -1.257756e+02 1.324041e+01
      vertex   -5.297803e+01 -1.291528e+02 1.912729e+01
    endloop
  endfacet
  facet normal -1.702096e-01 3.688262e-02 9.847174e-01
    outer loop
      vertex   -5.297803e+01 -1.291528e+02 1.912729e+01
      vertex   -8.630369e+01 -1.257756e+02 1.324041e+01
      vertex   -3.831674e+01 -1.341993e+02 2.185052e+01
    endloop
  endfacet
  facet normal -1.702096e-01 3.688262e-02 9.847174e-01
    outer loop
      vertex   -5.297803e+01 -1.291528e+02 1.912729e+01
      vertex   -3.831674e+01 -1.341993e+02 2.185052e+01
      vertex   -5.002391e+01 -1.296755e+02 1.965749e+01
    endloop
  endfacet
  facet normal -1.702096e-01 3.688262e-02 9.847174e-01
    outer loop
      vertex   -5.002391e+01 -1.296755e+02 1.965749e+01
      vertex   -3.831674e+01 -1.341993e+02 2.185052e+01
      vertex   -3.754256e+01 -1.317986e+02 2.189442e+01
    endloop
  endfacet
  facet normal -1.702096e-01 3.688262e-02 9.847174e-01
    outer loop
      vertex   -5.002391e+01 -1.296755e+02 1.965749e+01
      vertex   -3.754256e+01 -1.317986e+02 2.189442e+01
      vertex   -5.001190e+01 -1.296076e+02 1.965702e+01
    endloop
  endfacet
  facet normal -1.702096e-01 3.688262e-02 9.847174e-01
    outer loop
      vertex   -8.966088e+01 -1.057895e+01 8.345420e+00
      vertex   -9.077606e+01 -1.341296e+01 8.258809e+00
      vertex   -9.044261e+01 -1.684875e+01 8.445133e+00
    endloop
  endfacet
  facet normal -1.702092e-01 3.688266e-02 9.847175e-01
    outer loop
      vertex   -9.044261e+01 -1.684875e+01 8.445133e+00
      vertex   -9.077606e+01 -1.341296e+01 8.258809e+00
      vertex   -9.229780e+01 -2.581960e+01 8.460466e+00
    endloop
  endfacet
  facet normal -1.702096e-01 3.688275e-02 9.847174e-01
    outer loop
      vertex   -9.044261e+01 -1.684875e+01 8.445133e+00
      vertex   -9.229780e+01 -2.581960e+01 8.460466e+00
      vertex   -9.016644e+01 -1.690864e+01 8.495114e+00
    endloop
  endfacet
  facet normal -1.702096e-01 3.688275e-02 9.847174e-01
    outer loop
      vertex   -9.016644e+01 -1.690864e+01 8.495114e+00
      vertex   -9.229780e+01 -2.581960e+01 8.460466e+00
      vertex   -8.010602e+01 -1.909028e+01 1.031578e+01
    endloop
  endfacet
  facet normal -1.702096e-01 3.688273e-02 9.847174e-01
    outer loop
      vertex   -8.010602e+01 -1.909028e+01 1.031578e+01
      vertex   -9.229780e+01 -2.581960e+01 8.460466e+00
      vertex   -5.189743e+01 -2.774683e+01 1.551590e+01
    endloop
  endfacet
  facet normal -1.702096e-01 3.688262e-02 9.847174e-01
    outer loop
      vertex   -8.010602e+01 -1.909028e+01 1.031578e+01
      vertex   -5.189743e+01 -2.774683e+01 1.551590e+01
      vertex   -3.056102e+01 -3.149576e+01 1.934434e+01
    endloop
  endfacet
  facet normal -1.702096e-01 3.688171e-02 9.847174e-01
    outer loop
      vertex   -5.189743e+01 -2.774683e+01 1.551590e+01
      vertex   -9.229780e+01 -2.581960e+01 8.460466e+00
      vertex   -1.053441e+02 -2.694019e+01 6.247375e+00
    endloop
  endfacet
  facet normal -1.702097e-01 3.688267e-02 9.847174e-01
    outer loop
      vertex   -1.053441e+02 -2.694019e+01 6.247375e+00
      vertex   -9.229780e+01 -2.581960e+01 8.460466e+00
      vertex   -1.046151e+02 -2.563370e+01 6.324438e+00
    endloop
  endfacet
  facet normal -1.702096e-01 3.688262e-02 9.847174e-01
    outer loop
      vertex   -1.053441e+02 -2.694019e+01 6.247375e+00
      vertex   -1.046151e+02 -2.563370e+01 6.324438e+00
      vertex   -1.056159e+02 -2.696208e+01 6.201200e+00
    endloop
  endfacet
  facet normal -1.702096e-01 3.688262e-02 9.847174e-01
    outer loop
      vertex   -1.056159e+02 -2.696208e+01 6.201200e+00
      vertex   -1.046151e+02 -2.563370e+01 6.324438e+00
      vertex   -1.058949e+02 -2.703672e+01 6.155784e+00
    endloop
  endfacet
  facet normal -1.702096e-01 3.688262e-02 9.847174e-01
    outer loop
      vertex   -3.754256e+01 -1.317986e+02 2.189442e+01
      vertex   -3.831674e+01 -1.341993e+02 2.185052e+01
      vertex   3.198523e+00 -1.519151e+02 2.969003e+01
    endloop
  endfacet
  facet normal -1.702096e-01 3.688262e-02 9.847174e-01
    outer loop
      vertex   3.198523e+00 -1.519151e+02 2.969003e+01
      vertex   -3.831674e+01 -1.341993e+02 2.185052e+01
      vertex   2.023592e+00 -1.541100e+02 2.956915e+01
    endloop
  endfacet
  facet normal -1.702096e-01 3.688262e-02 9.847174e-01
    outer loop
      vertex   3.198523e+00 -1.519151e+02 2.969003e+01
      vertex   2.023592e+00 -1.541100e+02 2.956915e+01
      vertex   2.162012e+00 -1.541656e+02 2.959516e+01
    endloop
  endfacet
  facet normal -1.702096e-01 3.688262e-02 9.847174e-01
    outer loop
      vertex   2.162012e+00 -1.541656e+02 2.959516e+01
      vertex   2.307203e+00 -1.541995e+02 2.962153e+01
      vertex   3.198523e+00 -1.519151e+02 2.969003e+01
    endloop
  endfacet
  facet normal -1.702096e-01 3.688262e-02 9.847174e-01
    outer loop
      vertex   3.198523e+00 -1.519151e+02 2.969003e+01
      vertex   2.307203e+00 -1.541995e+02 2.962153e+01
      vertex   2.455860e+00 -1.542109e+02 2.964765e+01
    endloop
  endfacet
  facet normal -1.702096e-01 3.688262e-02 9.847174e-01
    outer loop
      vertex   3.198523e+00 -1.519151e+02 2.969003e+01
      vertex   2.455860e+00 -1.542109e+02 2.964765e+01
      vertex   3.899855e+00 -1.519091e+02 2.981103e+01
    endloop
  endfacet
  facet normal -1.702096e-01 3.688262e-02 9.847174e-01
    outer loop
      vertex   3.899855e+00 -1.519091e+02 2.981103e+01
      vertex   2.455860e+00 -1.542109e+02 2.964765e+01
      vertex   5.194413e+00 -1.527109e+02 3.006483e+01
    endloop
  endfacet
  facet normal -1.702096e-01 3.688262e-02 9.847174e-01
    outer loop
      vertex   3.899855e+00 -1.519091e+02 2.981103e+01
      vertex   5.194413e+00 -1.527109e+02 3.006483e+01
      vertex   4.492605e+00 -1.518181e+02 2.991008e+01
    endloop
  endfacet
  facet normal -1.702096e-01 3.688262e-02 9.847174e-01
    outer loop
      vertex   4.492605e+00 -1.518181e+02 2.991008e+01
      vertex   5.194413e+00 -1.527109e+02 3.006483e+01
      vertex   5.040433e+00 -1.514884e+02 2.999242e+01
    endloop
  endfacet
  facet normal -1.702096e-01 3.688262e-02 9.847174e-01
    outer loop
      vertex   5.040433e+00 -1.514884e+02 2.999242e+01
      vertex   5.194413e+00 -1.527109e+02 3.006483e+01
      vertex   5.654770e+00 -1.527109e+02 3.014440e+01
    endloop
  endfacet
  facet normal -1.702096e-01 3.688262e-02 9.847174e-01
    outer loop
      vertex   5.040433e+00 -1.514884e+02 2.999242e+01
      vertex   5.654770e+00 -1.527109e+02 3.014440e+01
      vertex   6.232120e+00 -1.500465e+02 3.014440e+01
    endloop
  endfacet
  facet normal -1.702096e-01 3.688262e-02 9.847174e-01
    outer loop
      vertex   2.455860e+00 -1.542109e+02 2.964765e+01
      vertex   5.194413e+00 -1.542109e+02 3.012101e+01
      vertex   5.194413e+00 -1.527109e+02 3.006483e+01
    endloop
  endfacet
  facet normal -1.702096e-01 3.688262e-02 9.847174e-01
    outer loop
      vertex   -5.297803e+01 -1.291528e+02 1.912729e+01
      vertex   -5.296663e+01 -1.290885e+02 1.912684e+01
      vertex   -8.542326e+01 -1.233856e+02 1.330308e+01
    endloop
  endfacet
  facet normal -1.702096e-01 3.688262e-02 9.847174e-01
    outer loop
      vertex   -8.010602e+01 -1.909028e+01 1.031578e+01
      vertex   -3.056102e+01 -3.149576e+01 1.934434e+01
      vertex   2.946416e+01 -4.283298e+01 3.014440e+01
    endloop
  endfacet
  facet normal -1.702096e-01 3.688262e-02 9.847174e-01
    outer loop
      vertex   2.946416e+01 -4.283298e+01 3.014440e+01
      vertex   -3.056102e+01 -3.149576e+01 1.934434e+01
      vertex   2.683797e+01 -4.394307e+01 2.973204e+01
    endloop
  endfacet
  facet normal -1.702096e-01 3.688262e-02 9.847174e-01
    outer loop
      vertex   2.946416e+01 -4.283298e+01 3.014440e+01
      vertex   2.683797e+01 -4.394307e+01 2.973204e+01
      vertex   2.712130e+01 -4.402331e+01 2.978402e+01
    endloop
  endfacet
  facet normal -1.702096e-01 3.688262e-02 9.847174e-01
    outer loop
      vertex   2.712130e+01 -4.402331e+01 2.978402e+01
      vertex   2.740638e+01 -4.417152e+01 2.983885e+01
      vertex   2.946416e+01 -4.283298e+01 3.014440e+01
    endloop
  endfacet
  facet normal -1.702096e-01 3.688262e-02 9.847174e-01
    outer loop
      vertex   2.946416e+01 -4.283298e+01 3.014440e+01
      vertex   2.740638e+01 -4.417152e+01 2.983885e+01
      vertex   2.765269e+01 -4.436987e+01 2.988885e+01
    endloop
  endfacet
  facet normal -1.702096e-01 3.688262e-02 9.847174e-01
    outer loop
      vertex   2.946416e+01 -4.283298e+01 3.014440e+01
      vertex   2.765269e+01 -4.436987e+01 2.988885e+01
      vertex   2.785485e+01 -4.461038e+01 2.993280e+01
    endloop
  endfacet
  facet normal -1.702096e-01 3.688262e-02 9.847174e-01
    outer loop
      vertex   2.785485e+01 -4.461038e+01 2.993280e+01
      vertex   2.800803e+01 -4.488575e+01 2.996960e+01
      vertex   2.946416e+01 -4.283298e+01 3.014440e+01
    endloop
  endfacet
  facet normal -1.702096e-01 3.688262e-02 9.847174e-01
    outer loop
      vertex   2.946416e+01 -4.283298e+01 3.014440e+01
      vertex   2.800803e+01 -4.488575e+01 2.996960e+01
      vertex   2.810714e+01 -4.518887e+01 2.999808e+01
    endloop
  endfacet
  facet normal -1.702096e-01 3.688262e-02 9.847174e-01
    outer loop
      vertex   2.946416e+01 -4.283298e+01 3.014440e+01
      vertex   2.810714e+01 -4.518887e+01 2.999808e+01
      vertex   2.814661e+01 -4.551187e+01 3.001700e+01
    endloop
  endfacet
  facet normal -1.702096e-01 3.688262e-02 9.847174e-01
    outer loop
      vertex   2.814661e+01 -4.551187e+01 3.001700e+01
      vertex   2.812312e+01 -4.581967e+01 3.002447e+01
      vertex   2.946416e+01 -4.283298e+01 3.014440e+01
    endloop
  endfacet
  facet normal -1.702096e-01 3.688262e-02 9.847174e-01
    outer loop
      vertex   2.946416e+01 -4.283298e+01 3.014440e+01
      vertex   2.812312e+01 -4.581967e+01 3.002447e+01
      vertex   2.503283e+01 -6.328310e+01 3.014440e+01
    endloop
  endfacet
  facet normal -1.702096e-01 3.688262e-02 9.847174e-01
    outer loop
      vertex   -9.016644e+01 -1.690864e+01 8.495114e+00
      vertex   -9.016336e+01 -1.688357e+01 8.494706e+00
      vertex   -9.044261e+01 -1.684875e+01 8.445133e+00
    endloop
  endfacet
  facet normal 2.821478e-02 2.491537e-02 9.992913e-01
    outer loop
      vertex   -6.140604e+01 -3.047083e+01 -3.681948e+00
      vertex   -6.373893e+01 -4.366065e+01 -3.287217e+00
      vertex   -3.188478e+01 -3.573110e+01 -4.384320e+00
    endloop
  endfacet
  facet normal 2.821478e-02 2.491537e-02 9.992913e-01
    outer loop
      vertex   -3.188478e+01 -3.573110e+01 -4.384320e+00
      vertex   -6.373893e+01 -4.366065e+01 -3.287217e+00
      vertex   -3.444626e+01 -5.020776e+01 -3.951050e+00
    endloop
  endfacet
  facet normal 2.821478e-02 2.491537e-02 9.992913e-01
    outer loop
      vertex   -3.444626e+01 -5.020776e+01 -3.951050e+00
      vertex   -6.373893e+01 -4.366065e+01 -3.287217e+00
      vertex   -6.836583e+01 -6.982046e+01 -2.504334e+00
    endloop
  endfacet
  facet normal 2.821478e-02 2.491537e-02 9.992913e-01
    outer loop
      vertex   -3.444626e+01 -5.020776e+01 -3.951050e+00
      vertex   -6.836583e+01 -6.982046e+01 -2.504334e+00
      vertex   -4.168543e+01 -9.112118e+01 -2.726558e+00
    endloop
  endfacet
  facet normal 2.821478e-02 2.491537e-02 9.992913e-01
    outer loop
      vertex   -4.168543e+01 -9.112118e+01 -2.726558e+00
      vertex   -6.836583e+01 -6.982046e+01 -2.504334e+00
      vertex   -7.120851e+01 -8.589257e+01 -2.023345e+00
    endloop
  endfacet
  facet normal 2.821478e-02 2.491537e-02 9.992913e-01
    outer loop
      vertex   -6.586889e+01 -4.554164e+01 -3.180179e+00
      vertex   -6.583778e+01 -4.557686e+01 -3.180179e+00
      vertex   -6.373893e+01 -4.366065e+01 -3.287217e+00
    endloop
  endfacet
  facet normal 2.821478e-02 2.491537e-02 9.992913e-01
    outer loop
      vertex   -6.373893e+01 -4.366065e+01 -3.287217e+00
      vertex   -6.583778e+01 -4.557686e+01 -3.180179e+00
      vertex   -6.836583e+01 -6.982046e+01 -2.504334e+00
    endloop
  endfacet
  facet normal 2.821478e-02 2.491537e-02 9.992913e-01
    outer loop
      vertex   -6.583778e+01 -4.557686e+01 -3.180179e+00
      vertex   -7.595129e+01 -5.450493e+01 -2.672022e+00
      vertex   -6.836583e+01 -6.982046e+01 -2.504334e+00
    endloop
  endfacet
  facet normal 2.821478e-02 2.491537e-02 9.992913e-01
    outer loop
      vertex   -6.836583e+01 -6.982046e+01 -2.504334e+00
      vertex   -7.595129e+01 -5.450493e+01 -2.672022e+00
      vertex   -7.932103e+01 -5.747969e+01 -2.502709e+00
    endloop
  endfacet
  facet normal 2.821478e-02 2.491537e-02 9.992913e-01
    outer loop
      vertex   -6.836583e+01 -6.982046e+01 -2.504334e+00
      vertex   -7.932103e+01 -5.747969e+01 -2.502709e+00
      vertex   -6.839816e+01 -6.984901e+01 -2.502709e+00
    endloop
  endfacet
  facet normal -1.740008e-01 -9.833959e-01 5.153760e-02
    outer loop
      vertex   -3.188478e+01 -3.573110e+01 -4.384320e+00
      vertex   -3.184208e+01 -3.548980e+01 3.639315e-01
      vertex   -6.140604e+01 -3.047083e+01 -3.681948e+00
    endloop
  endfacet
  facet normal -1.740008e-01 -9.833959e-01 5.153760e-02
    outer loop
      vertex   -6.140604e+01 -3.047083e+01 -3.681948e+00
      vertex   -3.184208e+01 -3.548980e+01 3.639315e-01
      vertex   -3.183673e+01 -3.545954e+01 9.595523e-01
    endloop
  endfacet
  facet normal -1.740008e-01 -9.833959e-01 5.153760e-02
    outer loop
      vertex   -6.140604e+01 -3.047083e+01 -3.681948e+00
      vertex   -3.183673e+01 -3.545954e+01 9.595523e-01
      vertex   -6.134850e+01 -2.998189e+01 5.841830e+00
    endloop
  endfacet
  facet normal -1.740008e-01 -9.833959e-01 5.153760e-02
    outer loop
      vertex   -6.134850e+01 -2.998189e+01 5.841830e+00
      vertex   -3.183673e+01 -3.545954e+01 9.595523e-01
      vertex   -3.177522e+01 -3.493693e+01 1.113920e+01
    endloop
  endfacet
  facet normal -1.740008e-01 -9.833959e-01 5.153760e-02
    outer loop
      vertex   -3.184208e+01 -3.548980e+01 3.639315e-01
      vertex   -3.184033e+01 -3.549012e+01 3.638856e-01
      vertex   -3.183673e+01 -3.545954e+01 9.595523e-01
    endloop
  endfacet
  facet normal -1.742284e-01 -9.846820e-01 6.765702e-03
    outer loop
      vertex   -5.053575e+01 -2.804189e+01 7.638163e+00
      vertex   -2.919934e+01 -3.179083e+01 1.146660e+01
      vertex   -5.189743e+01 -2.774683e+01 1.551590e+01
    endloop
  endfacet
  facet normal -1.742284e-01 -9.846820e-01 6.765702e-03
    outer loop
      vertex   -5.189743e+01 -2.774683e+01 1.551590e+01
      vertex   -2.919934e+01 -3.179083e+01 1.146660e+01
      vertex   -3.056102e+01 -3.149576e+01 1.934434e+01
    endloop
  endfacet
  facet normal 2.117746e-01 9.773185e-01 -2.711606e-16
    outer loop
      vertex   2.739783e+01 -4.238523e+01 2.164631e+01
      vertex   3.032979e+01 -4.302055e+01 2.012954e+01
      vertex   1.176220e+01 -3.899715e+01 1.881677e+01
    endloop
  endfacet
  facet normal 2.117746e-01 9.773185e-01 -1.162518e-14
    outer loop
      vertex   1.176220e+01 -3.899715e+01 1.881677e+01
      vertex   3.032979e+01 -4.302055e+01 2.012954e+01
      vertex   1.078342e+01 -3.878506e+01 1.666044e+01
    endloop
  endfacet
  facet normal 2.117746e-01 9.773185e-01 -1.167274e-14
    outer loop
      vertex   1.176220e+01 -3.899715e+01 1.881677e+01
      vertex   1.078342e+01 -3.878506e+01 1.666044e+01
      vertex   -2.803774e+01 -3.037292e+01 1.668385e+01
    endloop
  endfacet
  facet normal 2.117746e-01 9.773185e-01 7.408762e-16
    outer loop
      vertex   2.739783e+01 -4.238523e+01 2.164631e+01
      vertex   2.739783e+01 -4.238523e+01 2.570839e+01
      vertex   3.032979e+01 -4.302055e+01 2.012954e+01
    endloop
  endfacet
  facet normal 2.117746e-01 9.773185e-01 2.288300e-15
    outer loop
      vertex   3.032979e+01 -4.302055e+01 2.012954e+01
      vertex   2.739783e+01 -4.238523e+01 2.570839e+01
      vertex   3.032979e+01 -4.302055e+01 3.014440e+01
    endloop
  endfacet
  facet normal 2.117746e-01 9.773185e-01 -2.181416e-14
    outer loop
      vertex   3.032979e+01 -4.302055e+01 3.014440e+01
      vertex   2.739783e+01 -4.238523e+01 2.570839e+01
      vertex   2.946416e+01 -4.283298e+01 3.014440e+01
    endloop
  endfacet
  facet normal 2.117746e-01 9.773185e-01 -3.868333e-15
    outer loop
      vertex   2.946416e+01 -4.283298e+01 3.014440e+01
      vertex   2.739783e+01 -4.238523e+01 2.570839e+01
      vertex   1.176454e+01 -3.899766e+01 2.287927e+01
    endloop
  endfacet
  facet normal 2.117746e-01 9.773185e-01 -6.189454e-16
    outer loop
      vertex   2.946416e+01 -4.283298e+01 3.014440e+01
      vertex   1.176454e+01 -3.899766e+01 2.287927e+01
      vertex   -2.803774e+01 -3.037292e+01 1.668385e+01
    endloop
  endfacet
  facet normal 2.117746e-01 9.773185e-01 -2.405203e-15
    outer loop
      vertex   -2.803774e+01 -3.037292e+01 1.668385e+01
      vertex   1.176454e+01 -3.899766e+01 2.287927e+01
      vertex   1.176220e+01 -3.899715e+01 1.881677e+01
    endloop
  endfacet
  facet normal 2.117746e-01 9.773185e-01 -1.062309e-14
    outer loop
      vertex   2.946416e+01 -4.283298e+01 3.014440e+01
      vertex   -2.803774e+01 -3.037292e+01 1.668385e+01
      vertex   -8.010602e+01 -1.909028e+01 1.031578e+01
    endloop
  endfacet
  facet normal 2.117746e-01 9.773185e-01 -3.517565e-15
    outer loop
      vertex   -8.010602e+01 -1.909028e+01 1.031578e+01
      vertex   -2.803774e+01 -3.037292e+01 1.668385e+01
      vertex   -7.190970e+01 -2.086633e+01 8.664160e+00
    endloop
  endfacet
  facet normal 2.117746e-01 9.773185e-01 -7.528663e-15
    outer loop
      vertex   -8.010602e+01 -1.909028e+01 1.031578e+01
      vertex   -7.190970e+01 -2.086633e+01 8.664160e+00
      vertex   -7.777362e+01 -1.959569e+01 8.664160e+00
    endloop
  endfacet
  facet normal 2.117746e-01 9.773185e-01 2.763026e-15
    outer loop
      vertex   3.032979e+01 -4.302055e+01 2.012954e+01
      vertex   2.031728e+01 -4.085094e+01 1.012336e+01
      vertex   1.078342e+01 -3.878506e+01 1.666044e+01
    endloop
  endfacet
  facet normal 2.117746e-01 9.773185e-01 1.498464e-15
    outer loop
      vertex   1.078342e+01 -3.878506e+01 1.666044e+01
      vertex   2.031728e+01 -4.085094e+01 1.012336e+01
      vertex   1.077370e+01 -3.878295e+01 1.660446e+00
    endloop
  endfacet
  facet normal 2.117746e-01 9.773185e-01 -8.162516e-16
    outer loop
      vertex   1.077370e+01 -3.878295e+01 1.660446e+00
      vertex   2.031728e+01 -4.085094e+01 1.012336e+01
      vertex   2.031728e+01 -4.085094e+01 1.654692e+00
    endloop
  endfacet
  facet normal 2.117746e-01 9.773185e-01 3.462532e-16
    outer loop
      vertex   -2.803774e+01 -3.037292e+01 1.668385e+01
      vertex   -2.803774e+01 -3.037292e+01 -7.725143e+00
      vertex   -7.190970e+01 -2.086633e+01 8.664160e+00
    endloop
  endfacet
  facet normal 2.117746e-01 9.773185e-01 9.870650e-16
    outer loop
      vertex   -7.190970e+01 -2.086633e+01 8.664160e+00
      vertex   -2.803774e+01 -3.037292e+01 -7.725143e+00
      vertex   -7.190970e+01 -2.086633e+01 -8.223362e+00
    endloop
  endfacet
  facet normal 2.117746e-01 9.773185e-01 3.142254e-16
    outer loop
      vertex   -7.777362e+01 -1.959569e+01 -8.289954e+00
      vertex   -8.010602e+01 -1.909028e+01 -8.316442e+00
      vertex   -7.777362e+01 -1.959569e+01 8.664160e+00
    endloop
  endfacet
  facet normal 2.117746e-01 9.773185e-01 9.987044e-17
    outer loop
      vertex   -7.777362e+01 -1.959569e+01 8.664160e+00
      vertex   -8.010602e+01 -1.909028e+01 -8.316442e+00
      vertex   -8.010602e+01 -1.909028e+01 1.031578e+01
    endloop
  endfacet
  facet normal -1.742284e-01 -9.846820e-01 6.765702e-03
    outer loop
      vertex   2.970057e+01 -5.226388e+01 2.221124e+01
      vertex   2.981428e+01 -5.227976e+01 2.282941e+01
      vertex   2.886655e+01 -5.208316e+01 2.703636e+01
    endloop
  endfacet
  facet normal -1.742284e-01 -9.846820e-01 6.765702e-03
    outer loop
      vertex   2.886655e+01 -5.208316e+01 2.703636e+01
      vertex   2.981428e+01 -5.227976e+01 2.282941e+01
      vertex   2.908047e+01 -5.212075e+01 2.707474e+01
    endloop
  endfacet
  facet normal -9.699071e-01 -1.702782e-01 1.740274e-01
    outer loop
      vertex   2.970057e+01 -5.226388e+01 2.221124e+01
      vertex   2.981423e+01 -5.286810e+01 2.225352e+01
      vertex   2.981428e+01 -5.227976e+01 2.282941e+01
    endloop
  endfacet
  facet normal 1.702105e-01 -3.688244e-02 -9.847173e-01
    outer loop
      vertex   2.898021e+01 -5.268737e+01 2.707863e+01
      vertex   2.886655e+01 -5.208316e+01 2.703636e+01
      vertex   2.908047e+01 -5.212075e+01 2.707474e+01
    endloop
  endfacet
  facet normal -9.698831e-01 1.704142e-01 -1.740283e-01
    outer loop
      vertex   2.981423e+01 -5.286810e+01 2.225352e+01
      vertex   2.898021e+01 -5.268737e+01 2.707863e+01
      vertex   2.981428e+01 -5.227976e+01 2.282941e+01
    endloop
  endfacet
  facet normal -9.698831e-01 1.704142e-01 -1.740283e-01
    outer loop
      vertex   2.981428e+01 -5.227976e+01 2.282941e+01
      vertex   2.898021e+01 -5.268737e+01 2.707863e+01
      vertex   2.908047e+01 -5.212075e+01 2.707474e+01
    endloop
  endfacet
  facet normal 9.679935e-01 1.932960e-01 1.600789e-01
    outer loop
      vertex   2.981423e+01 -5.286810e+01 2.225352e+01
      vertex   2.970057e+01 -5.226388e+01 2.221124e+01
      vertex   2.898021e+01 -5.268737e+01 2.707863e+01
    endloop
  endfacet
  facet normal 9.679935e-01 1.932960e-01 1.600789e-01
    outer loop
      vertex   2.898021e+01 -5.268737e+01 2.707863e+01
      vertex   2.970057e+01 -5.226388e+01 2.221124e+01
      vertex   2.886655e+01 -5.208316e+01 2.703636e+01
    endloop
  endfacet
endsolid
